Date/Time,Electricity:Facility [J](Monthly),NaturalGas:Facility [J](Monthly),Electricity:Facility [J](Hourly),ElectricityNet:Facility [J](Hourly) 
 01/01  01:00:00,,,60427292.029930994,60427292.02993095 
 01/01  02:00:00,,,78451130.52252333,78451130.52252328 
 01/01  03:00:00,,,57300892.92554273,57300892.92554273 
 01/01  04:00:00,,,63300605.088627726,63300605.08862774 
 01/01  05:00:00,,,74302166.11304088,74302166.11304083 
 01/01  06:00:00,,,99873297.90433314,99873297.90433307 
 01/01  07:00:00,,,167482157.8677139,167482157.86771384 
 01/01  08:00:00,,,171765095.34827757,171765095.34827754 
 01/01  09:00:00,,,171160806.80879164,171160806.80879158 
 01/01  10:00:00,,,146240917.2333546,146240917.2333545 
 01/01  11:00:00,,,132381795.58722377,132381795.58722365 
 01/01  12:00:00,,,138092865.22060543,138092865.22060537 
 01/01  13:00:00,,,117623362.22132976,117623362.22132966 
 01/01  14:00:00,,,106491180.36859581,106491180.36859575 
 01/01  15:00:00,,,113255915.65760586,113255915.65760581 
 01/01  16:00:00,,,118803820.2344375,118803820.23443745 
 01/01  17:00:00,,,144384748.00271726,144384748.0027172 
 01/01  18:00:00,,,168449783.54933268,168449783.54933265 
 01/01  19:00:00,,,206754985.7764715,206754985.77647164 
 01/01  20:00:00,,,200903575.12429625,200903575.12429634 
 01/01  21:00:00,,,194640630.69415858,194640630.69415867 
 01/01  22:00:00,,,162345290.40853027,162345290.40853024 
 01/01  23:00:00,,,138478271.10482743,138478271.10482734 
 01/01  24:00:00,,,98672211.13436584,98672211.1343658 
 01/02  01:00:00,,,80639872.30363087,80639872.30363084 
 01/02  02:00:00,,,65815798.886716716,65815798.88671667 
 01/02  03:00:00,,,70992918.93062991,70992918.9306299 
 01/02  04:00:00,,,57252444.16101731,57252444.16101731 
 01/02  05:00:00,,,69027066.10566342,69027066.1056634 
 01/02  06:00:00,,,113978580.11411974,113978580.11411965 
 01/02  07:00:00,,,168404890.66629905,168404890.66629902 
 01/02  08:00:00,,,172448076.43324307,172448076.433243 
 01/02  09:00:00,,,162198862.83115572,162198862.83115566 
 01/02  10:00:00,,,142515166.08269855,142515166.08269846 
 01/02  11:00:00,,,146470650.28280365,146470650.28280357 
 01/02  12:00:00,,,124720312.26954867,124720312.26954858 
 01/02  13:00:00,,,116222114.32779224,116222114.32779217 
 01/02  14:00:00,,,121755808.07301201,121755808.07301193 
 01/02  15:00:00,,,106346831.24047185,106346831.24047181 
 01/02  16:00:00,,,126385473.49274716,126385473.49274707 
 01/02  17:00:00,,,137215999.7116133,137215999.71161327 
 01/02  18:00:00,,,176266084.78341496,176266084.78341496 
 01/02  19:00:00,,,199044602.33496264,199044602.33496273 
 01/02  20:00:00,,,204606063.26221594,204606063.26221603 
 01/02  21:00:00,,,194560816.84888375,194560816.84888387 
 01/02  22:00:00,,,162274239.190323,162274239.19032294 
 01/02  23:00:00,,,142630038.97178072,142630038.97178063 
 01/02  24:00:00,,,98584622.70133367,98584622.70133361 
 01/03  01:00:00,,,80053264.17546043,80053264.17546035 
 01/03  02:00:00,,,57943949.300381355,57943949.30038132 
 01/03  03:00:00,,,63698875.57441845,63698875.57441845 
 01/03  04:00:00,,,69670192.47759883,69670192.47759883 
 01/03  05:00:00,,,68865432.53658797,68865432.53658795 
 01/03  06:00:00,,,103965003.39375085,103965003.39375076 
 01/03  07:00:00,,,178909679.49656945,178909679.4965694 
 01/03  08:00:00,,,172796914.5222046,172796914.52220452 
 01/03  09:00:00,,,160987375.33912656,160987375.3391265 
 01/03  10:00:00,,,150231913.9274379,150231913.92743784 
 01/03  11:00:00,,,150239313.43689996,150239313.43689987 
 01/03  12:00:00,,,128474014.57732409,128474014.577324 
 01/03  13:00:00,,,118399199.0746019,118399199.07460184 
 01/03  14:00:00,,,122031382.39296979,122031382.39296971 
 01/03  15:00:00,,,112555458.09108835,112555458.09108827 
 01/03  16:00:00,,,118277355.6211412,118277355.62114114 
 01/03  17:00:00,,,146398981.9000004,146398981.90000033 
 01/03  18:00:00,,,184836425.20159867,184836425.20159867 
 01/03  19:00:00,,,200260887.16221836,200260887.16221845 
 01/03  20:00:00,,,204750621.59037238,204750621.59037244 
 01/03  21:00:00,,,188830441.36477423,188830441.36477432 
 01/03  22:00:00,,,170181021.85821658,170181021.85821652 
 01/03  23:00:00,,,143297372.13577133,143297372.13577127 
 01/03  24:00:00,,,99325872.44537713,99325872.44537705 
 01/04  01:00:00,,,77963312.21421966,77963312.21421961 
 01/04  02:00:00,,,63359228.39885765,63359228.39885758 
 01/04  03:00:00,,,71470681.63514224,71470681.6351422 
 01/04  04:00:00,,,65181328.563750006,65181328.56374999 
 01/04  05:00:00,,,70339639.352093,70339639.352093 
 01/04  06:00:00,,,108347224.39963989,108347224.39963982 
 01/04  07:00:00,,,169304866.6427532,169304866.64275312 
 01/04  08:00:00,,,182804354.6815946,182804354.68159458 
 01/04  09:00:00,,,161552768.94626594,161552768.94626588 
 01/04  10:00:00,,,152291743.8310102,152291743.83101013 
 01/04  11:00:00,,,150173209.79950058,150173209.79950053 
 01/04  12:00:00,,,128479373.7669513,128479373.76695123 
 01/04  13:00:00,,,118057201.26842307,118057201.26842299 
 01/04  14:00:00,,,121678094.81199816,121678094.8119981 
 01/04  15:00:00,,,107920590.70392363,107920590.70392354 
 01/04  16:00:00,,,124057679.63887773,124057679.63887766 
 01/04  17:00:00,,,145337186.78233752,145337186.78233746 
 01/04  18:00:00,,,185389773.23173815,185389773.23173815 
 01/04  19:00:00,,,202198268.5541559,202198268.554156 
 01/04  20:00:00,,,204870956.24723092,204870956.24723098 
 01/04  21:00:00,,,189717474.25135535,189717474.2513554 
 01/04  22:00:00,,,171785772.07348046,171785772.0734804 
 01/04  23:00:00,,,142878547.1661635,142878547.16616344 
 01/04  24:00:00,,,99826286.07698779,99826286.07698774 
 01/05  01:00:00,,,74937552.27653445,74937552.27653444 
 01/05  02:00:00,,,70230284.37296532,70230284.37296525 
 01/05  03:00:00,,,68494223.94052191,68494223.94052187 
 01/05  04:00:00,,,65601023.69039944,65601023.69039941 
 01/05  05:00:00,,,76483409.12542863,76483409.12542863 
 01/05  06:00:00,,,101999298.48702545,101999298.48702538 
 01/05  07:00:00,,,166889095.27096248,166889095.27096236 
 01/05  08:00:00,,,183799368.152701,183799368.15270093 
 01/05  09:00:00,,,166459796.6643214,166459796.6643213 
 01/05  10:00:00,,,152921649.89944732,152921649.89944726 
 01/05  11:00:00,,,143518029.717269,143518029.71726894 
 01/05  12:00:00,,,131729353.76340193,131729353.76340188 
 01/05  13:00:00,,,121364617.23549215,121364617.2354921 
 01/05  14:00:00,,,114261106.14148471,114261106.14148462 
 01/05  15:00:00,,,108145394.26179016,108145394.2617901 
 01/05  16:00:00,,,123777957.25449467,123777957.25449462 
 01/05  17:00:00,,,146257238.52160832,146257238.52160826 
 01/05  18:00:00,,,180190419.3553683,180190419.3553683 
 01/05  19:00:00,,,203209824.03117356,203209824.03117368 
 01/05  20:00:00,,,201170535.56533322,201170535.56533328 
 01/05  21:00:00,,,191436146.41963184,191436146.41963196 
 01/05  22:00:00,,,165225503.7957163,165225503.79571623 
 01/05  23:00:00,,,137373748.15300113,137373748.15300104 
 01/05  24:00:00,,,105204078.08851609,105204078.088516 
 01/06  01:00:00,,,74428495.2472305,74428495.24723046 
 01/06  02:00:00,,,74118901.2561132,74118901.25611316 
 01/06  03:00:00,,,63205215.0606275,63205215.06062748 
 01/06  04:00:00,,,61103071.14867723,61103071.148677215 
 01/06  05:00:00,,,79720538.30135909,79720538.30135906 
 01/06  06:00:00,,,101888695.17615509,101888695.17615502 
 01/06  07:00:00,,,169081240.24122155,169081240.24122143 
 01/06  08:00:00,,,186519670.96650475,186519670.96650463 
 01/06  09:00:00,,,163368456.06903997,163368456.06903994 
 01/06  10:00:00,,,150437180.84049118,150437180.84049112 
 01/06  11:00:00,,,142760998.3489399,142760998.3489398 
 01/06  12:00:00,,,133594474.45193365,133594474.4519336 
 01/06  13:00:00,,,120749387.11990222,120749387.11990215 
 01/06  14:00:00,,,116955861.36004487,116955861.3600448 
 01/06  15:00:00,,,101291251.92163831,101291251.92163824 
 01/06  16:00:00,,,125140727.38490272,125140727.38490264 
 01/06  17:00:00,,,143475262.79632306,143475262.79632294 
 01/06  18:00:00,,,186990756.6955756,186990756.69557565 
 01/06  19:00:00,,,200497875.04008508,200497875.04008514 
 01/06  20:00:00,,,200074328.82357925,200074328.8235794 
 01/06  21:00:00,,,186576098.1392703,186576098.13927042 
 01/06  22:00:00,,,161849523.32072854,161849523.3207285 
 01/06  23:00:00,,,140598985.43123382,140598985.43123376 
 01/06  24:00:00,,,113757565.0621167,113757565.06211662 
 01/07  01:00:00,,,66494459.008368395,66494459.008368365 
 01/07  02:00:00,,,77216643.43397461,77216643.43397455 
 01/07  03:00:00,,,60085998.14742029,60085998.147420265 
 01/07  04:00:00,,,60021577.090798475,60021577.090798445 
 01/07  05:00:00,,,79884367.90670201,79884367.90670201 
 01/07  06:00:00,,,102816889.83876815,102816889.83876808 
 01/07  07:00:00,,,169000871.80665717,169000871.80665708 
 01/07  08:00:00,,,187356587.44200957,187356587.4420095 
 01/07  09:00:00,,,159666881.13126057,159666881.1312605 
 01/07  10:00:00,,,150748638.39333984,150748638.39333975 
 01/07  11:00:00,,,145159815.397147,145159815.3971469 
 01/07  12:00:00,,,129401188.45990627,129401188.45990615 
 01/07  13:00:00,,,122899985.5326952,122899985.53269514 
 01/07  14:00:00,,,116139088.73128553,116139088.73128547 
 01/07  15:00:00,,,104415532.24618159,104415532.24618152 
 01/07  16:00:00,,,121980591.24417512,121980591.24417505 
 01/07  17:00:00,,,145043357.54530013,145043357.54530004 
 01/07  18:00:00,,,190105410.60789883,190105410.60789877 
 01/07  19:00:00,,,205429056.79492435,205429056.79492447 
 01/07  20:00:00,,,200796626.11271828,200796626.11271834 
 01/07  21:00:00,,,189158029.9565025,189158029.95650262 
 01/07  22:00:00,,,170123262.47136024,170123262.4713602 
 01/07  23:00:00,,,140251479.29507563,140251479.29507557 
 01/07  24:00:00,,,109450698.09017041,109450698.09017032 
 01/08  01:00:00,,,69656298.54808548,69656298.54808545 
 01/08  02:00:00,,,77250311.3565013,77250311.35650122 
 01/08  03:00:00,,,63356972.508739516,63356972.50873946 
 01/08  04:00:00,,,62837484.95756114,62837484.95756109 
 01/08  05:00:00,,,79068034.95160347,79068034.95160347 
 01/08  06:00:00,,,103404067.09306806,103404067.09306803 
 01/08  07:00:00,,,169873289.23994675,169873289.2399467 
 01/08  08:00:00,,,188621061.1271659,188621061.12716585 
 01/08  09:00:00,,,159998870.99854693,159998870.99854687 
 01/08  10:00:00,,,150337808.01876235,150337808.0187623 
 01/08  11:00:00,,,146286564.69396427,146286564.69396424 
 01/08  12:00:00,,,126837999.17550129,126837999.17550123 
 01/08  13:00:00,,,121010292.38361157,121010292.38361152 
 01/08  14:00:00,,,117168490.34990203,117168490.34990199 
 01/08  15:00:00,,,99669333.19949853,99669333.19949847 
 01/08  16:00:00,,,122510335.45895125,122510335.45895116 
 01/08  17:00:00,,,143569936.8699611,143569936.86996102 
 01/08  18:00:00,,,189807317.1415813,189807317.1415813 
 01/08  19:00:00,,,203834959.87874758,203834959.8787477 
 01/08  20:00:00,,,203321900.6392483,203321900.63924837 
 01/08  21:00:00,,,185048702.78305376,185048702.78305387 
 01/08  22:00:00,,,174848167.9143276,174848167.91432756 
 01/08  23:00:00,,,140525931.36599594,140525931.36599585 
 01/08  24:00:00,,,105753226.41701603,105753226.41701595 
 01/09  01:00:00,,,64835565.46501514,64835565.4650151 
 01/09  02:00:00,,,78487571.17855798,78487571.1785579 
 01/09  03:00:00,,,61035295.164510906,61035295.16451086 
 01/09  04:00:00,,,72900008.11245602,72900008.112456 
 01/09  05:00:00,,,68107554.61700168,68107554.61700168 
 01/09  06:00:00,,,101645271.31828749,101645271.31828743 
 01/09  07:00:00,,,169581820.72177172,169581820.72177163 
 01/09  08:00:00,,,187714406.98849896,187714406.98849887 
 01/09  09:00:00,,,162080433.31604463,162080433.31604454 
 01/09  10:00:00,,,154790053.00033486,154790053.0003348 
 01/09  11:00:00,,,147024332.04443273,147024332.04443264 
 01/09  12:00:00,,,130798095.6409917,130798095.64099166 
 01/09  13:00:00,,,124861641.73639554,124861641.73639545 
 01/09  14:00:00,,,119186951.62549657,119186951.6254965 
 01/09  15:00:00,,,104301250.12403394,104301250.12403388 
 01/09  16:00:00,,,122668053.81693225,122668053.81693216 
 01/09  17:00:00,,,148327470.78769907,148327470.78769898 
 01/09  18:00:00,,,190418455.5421224,190418455.5421223 
 01/09  19:00:00,,,203432192.96638557,203432192.96638572 
 01/09  20:00:00,,,203458093.9976372,203458093.99763733 
 01/09  21:00:00,,,191646495.88245004,191646495.8824501 
 01/09  22:00:00,,,173434177.2083089,173434177.20830885 
 01/09  23:00:00,,,142839003.14662343,142839003.14662334 
 01/09  24:00:00,,,102157619.7572169,102157619.75721687 
 01/10  01:00:00,,,80676523.48417297,80676523.48417293 
 01/10  02:00:00,,,62102809.74484407,62102809.74484399 
 01/10  03:00:00,,,65208351.26925697,65208351.269256935 
 01/10  04:00:00,,,72759086.95638648,72759086.95638645 
 01/10  05:00:00,,,69224558.28518091,69224558.28518091 
 01/10  06:00:00,,,104042050.31584111,104042050.31584105 
 01/10  07:00:00,,,182509673.6858032,182509673.6858031 
 01/10  08:00:00,,,176264967.1080284,176264967.10802832 
 01/10  09:00:00,,,163027235.12914437,163027235.1291443 
 01/10  10:00:00,,,151970801.25930512,151970801.25930506 
 01/10  11:00:00,,,148684681.3988984,148684681.39889833 
 01/10  12:00:00,,,128273345.40607792,128273345.40607786 
 01/10  13:00:00,,,120423949.76347621,120423949.76347616 
 01/10  14:00:00,,,119244000.73759073,119244000.73759066 
 01/10  15:00:00,,,114746749.42737998,114746749.42737994 
 01/10  16:00:00,,,114577946.99518967,114577946.99518964 
 01/10  17:00:00,,,145725019.5278527,145725019.52785268 
 01/10  18:00:00,,,178089118.47229192,178089118.47229195 
 01/10  19:00:00,,,204579416.78688145,204579416.78688157 
 01/10  20:00:00,,,200856401.02231973,200856401.0223198 
 01/10  21:00:00,,,197493274.94913477,197493274.9491349 
 01/10  22:00:00,,,161808917.29984185,161808917.2998418 
 01/10  23:00:00,,,136620479.0222779,136620479.0222778 
 01/10  24:00:00,,,99959705.46174006,99959705.46173997 
 01/11  01:00:00,,,78367403.69061619,78367403.69061615 
 01/11  02:00:00,,,65882995.053038925,65882995.05303889 
 01/11  03:00:00,,,62009063.278107606,62009063.27810763 
 01/11  04:00:00,,,68348965.94465311,68348965.94465311 
 01/11  05:00:00,,,69027027.61572942,69027027.6157294 
 01/11  06:00:00,,,99972843.57527927,99972843.57527918 
 01/11  07:00:00,,,174803250.32212153,174803250.32212144 
 01/11  08:00:00,,,175893167.34943485,175893167.34943476 
 01/11  09:00:00,,,162600495.44649124,162600495.44649118 
 01/11  10:00:00,,,153543505.1754887,153543505.17548865 
 01/11  11:00:00,,,140404492.17031258,140404492.1703125 
 01/11  12:00:00,,,133462836.14545387,133462836.1454538 
 01/11  13:00:00,,,122910738.31834754,122910738.3183475 
 01/11  14:00:00,,,115381039.74102272,115381039.74102266 
 01/11  15:00:00,,,109748176.74683417,109748176.74683411 
 01/11  16:00:00,,,121956787.0065164,121956787.00651635 
 01/11  17:00:00,,,144495437.227915,144495437.22791496 
 01/11  18:00:00,,,180445262.04726163,180445262.04726166 
 01/11  19:00:00,,,199583952.73040062,199583952.7304007 
 01/11  20:00:00,,,202731639.85737815,202731639.85737827 
 01/11  21:00:00,,,190211789.67041093,190211789.67041105 
 01/11  22:00:00,,,167753055.46797377,167753055.46797365 
 01/11  23:00:00,,,144372548.9775282,144372548.97752813 
 01/11  24:00:00,,,100795238.32517163,100795238.32517157 
 01/12  01:00:00,,,76724609.55259524,76724609.55259521 
 01/12  02:00:00,,,68475008.19561651,68475008.19561644 
 01/12  03:00:00,,,72761178.7501817,72761178.75018165 
 01/12  04:00:00,,,66159286.023775145,66159286.023775086 
 01/12  05:00:00,,,72217600.0777684,72217600.07776842 
 01/12  06:00:00,,,111444853.27201112,111444853.27201107 
 01/12  07:00:00,,,173432166.16644764,173432166.16644755 
 01/12  08:00:00,,,181065492.07950667,181065492.07950664 
 01/12  09:00:00,,,172599555.9858953,172599555.98589525 
 01/12  10:00:00,,,153660779.37452668,153660779.37452662 
 01/12  11:00:00,,,145028134.08309746,145028134.0830974 
 01/12  12:00:00,,,137315676.4362324,137315676.43623233 
 01/12  13:00:00,,,125034993.4948404,125034993.49484035 
 01/12  14:00:00,,,113529465.62952277,113529465.6295227 
 01/12  15:00:00,,,116187799.27761382,116187799.27761376 
 01/12  16:00:00,,,117743608.32079111,117743608.32079107 
 01/12  17:00:00,,,150294925.0464985,150294925.04649848 
 01/12  18:00:00,,,175167611.6393516,175167611.63935155 
 01/12  19:00:00,,,207152996.68450907,207152996.6845092 
 01/12  20:00:00,,,201969718.73355386,201969718.73355398 
 01/12  21:00:00,,,199634208.40040493,199634208.40040505 
 01/12  22:00:00,,,163967541.0181534,163967541.0181533 
 01/12  23:00:00,,,140537716.51525924,140537716.51525918 
 01/12  24:00:00,,,108974623.29008484,108974623.29008478 
 01/13  01:00:00,,,69992310.94681934,69992310.9468193 
 01/13  02:00:00,,,71494686.70582832,71494686.70582825 
 01/13  03:00:00,,,66183960.12923775,66183960.12923773 
 01/13  04:00:00,,,63011372.22088702,63011372.22088699 
 01/13  05:00:00,,,75842039.26343389,75842039.26343387 
 01/13  06:00:00,,,103451526.66139856,103451526.66139849 
 01/13  07:00:00,,,169662610.08712643,169662610.0871264 
 01/13  08:00:00,,,180488177.0779433,180488177.0779432 
 01/13  09:00:00,,,168575099.1617026,168575099.16170254 
 01/13  10:00:00,,,156840474.9932581,156840474.99325803 
 01/13  11:00:00,,,143209293.81012833,143209293.81012827 
 01/13  12:00:00,,,134991907.0810557,134991907.08105564 
 01/13  13:00:00,,,119577818.15268624,119577818.15268618 
 01/13  14:00:00,,,113585001.4727056,113585001.47270553 
 01/13  15:00:00,,,104625005.7353731,104625005.73537304 
 01/13  16:00:00,,,127056671.35056126,127056671.3505612 
 01/13  17:00:00,,,140334521.23695529,140334521.23695523 
 01/13  18:00:00,,,189799162.38639972,189799162.3863997 
 01/13  19:00:00,,,199057728.928068,199057728.9280681 
 01/13  20:00:00,,,204754124.22270247,204754124.22270256 
 01/13  21:00:00,,,181783338.7790085,181783338.77900863 
 01/13  22:00:00,,,177365308.70299733,177365308.70299727 
 01/13  23:00:00,,,137402949.92230424,137402949.92230415 
 01/13  24:00:00,,,99906117.05699357,99906117.05699348 
 01/14  01:00:00,,,68158128.97190188,68158128.97190185 
 01/14  02:00:00,,,77214753.04329415,77214753.0432941 
 01/14  03:00:00,,,59524401.74169498,59524401.74169497 
 01/14  04:00:00,,,68450073.00310977,68450073.0031098 
 01/14  05:00:00,,,70675706.1302613,70675706.13026127 
 01/14  06:00:00,,,100640912.63573979,100640912.63573973 
 01/14  07:00:00,,,168612621.2785601,168612621.27856 
 01/14  08:00:00,,,184462948.5692958,184462948.5692957 
 01/14  09:00:00,,,157513504.74814013,157513504.7481401 
 01/14  10:00:00,,,146340759.82487333,146340759.82487324 
 01/14  11:00:00,,,146086627.5366236,146086627.53662354 
 01/14  12:00:00,,,124263093.97317238,124263093.97317228 
 01/14  13:00:00,,,123276941.69316553,123276941.69316545 
 01/14  14:00:00,,,114079569.72198392,114079569.72198388 
 01/14  15:00:00,,,110739989.5801954,110739989.58019535 
 01/14  16:00:00,,,107199040.7424671,107199040.74246706 
 01/14  17:00:00,,,142638373.30157024,142638373.30157018 
 01/14  18:00:00,,,187046908.91733345,187046908.91733348 
 01/14  19:00:00,,,200339447.70825243,200339447.70825252 
 01/14  20:00:00,,,200123274.1079538,200123274.10795394 
 01/14  21:00:00,,,196662654.06064186,196662654.06064197 
 01/14  22:00:00,,,162309904.59319425,162309904.5931942 
 01/14  23:00:00,,,141585079.72605872,141585079.72605863 
 01/14  24:00:00,,,97634086.02278484,97634086.02278478 
 01/15  01:00:00,,,79798670.54323015,79798670.54323006 
 01/15  02:00:00,,,57664970.87349534,57664970.87349534 
 01/15  03:00:00,,,72411098.75993547,72411098.75993547 
 01/15  04:00:00,,,60448988.04811657,60448988.04811659 
 01/15  05:00:00,,,66278150.27191593,66278150.2719159 
 01/15  06:00:00,,,108972924.31968677,108972924.31968671 
 01/15  07:00:00,,,172300390.02470803,172300390.02470797 
 01/15  08:00:00,,,171380011.59579527,171380011.59579518 
 01/15  09:00:00,,,163521919.82112086,163521919.8211208 
 01/15  10:00:00,,,141528062.05736268,141528062.05736262 
 01/15  11:00:00,,,144466840.67288116,144466840.67288107 
 01/15  12:00:00,,,123697393.07914573,123697393.07914568 
 01/15  13:00:00,,,120972333.18754736,120972333.18754728 
 01/15  14:00:00,,,115505628.78134584,115505628.78134575 
 01/15  15:00:00,,,112279538.42225462,112279538.42225459 
 01/15  16:00:00,,,119468494.7276005,119468494.72760046 
 01/15  17:00:00,,,142482190.61193067,142482190.6119306 
 01/15  18:00:00,,,173719657.24300984,173719657.24300984 
 01/15  19:00:00,,,200681246.3341214,200681246.33412147 
 01/15  20:00:00,,,200995472.8570438,200995472.85704392 
 01/15  21:00:00,,,197692338.5366698,197692338.53666988 
 01/15  22:00:00,,,162046413.7994942,162046413.7994941 
 01/15  23:00:00,,,140237360.2143914,140237360.21439135 
 01/15  24:00:00,,,105543042.64353532,105543042.64353524 
 01/16  01:00:00,,,71717057.78339617,71717057.7833961 
 01/16  02:00:00,,,68176009.73261756,68176009.73261754 
 01/16  03:00:00,,,66230890.34318556,66230890.343185574 
 01/16  04:00:00,,,58010018.960963786,58010018.96096379 
 01/16  05:00:00,,,76146795.14889555,76146795.14889553 
 01/16  06:00:00,,,102657172.04837152,102657172.04837146 
 01/16  07:00:00,,,167990939.75200537,167990939.7520053 
 01/16  08:00:00,,,181883875.20864713,181883875.20864707 
 01/16  09:00:00,,,161219555.69604787,161219555.69604778 
 01/16  10:00:00,,,149006669.1950881,149006669.195088 
 01/16  11:00:00,,,139991115.42903996,139991115.42903987 
 01/16  12:00:00,,,128286038.10260552,128286038.10260543 
 01/16  13:00:00,,,121069455.12996979,121069455.12996969 
 01/16  14:00:00,,,113614132.50996563,113614132.50996557 
 01/16  15:00:00,,,99086993.6768571,99086993.67685705 
 01/16  16:00:00,,,119758236.83444168,119758236.8344416 
 01/16  17:00:00,,,139051025.1344598,139051025.1344597 
 01/16  18:00:00,,,185252823.32174462,185252823.32174468 
 01/16  19:00:00,,,201420201.0408493,201420201.04084945 
 01/16  20:00:00,,,201794384.75153998,201794384.75154006 
 01/16  21:00:00,,,183493346.13639584,183493346.13639596 
 01/16  22:00:00,,,172551979.06107408,172551979.06107396 
 01/16  23:00:00,,,139097583.0976326,139097583.0976325 
 01/16  24:00:00,,,98698153.47960916,98698153.4796091 
 01/17  01:00:00,,,73389162.22482249,73389162.22482243 
 01/17  02:00:00,,,65224808.32501739,65224808.32501739 
 01/17  03:00:00,,,58965004.64328999,58965004.64329001 
 01/17  04:00:00,,,67996618.7409746,67996618.7409746 
 01/17  05:00:00,,,66740196.01585398,66740196.01585392 
 01/17  06:00:00,,,98519228.34075063,98519228.34075055 
 01/17  07:00:00,,,175424249.35651135,175424249.35651124 
 01/17  08:00:00,,,174221025.55633843,174221025.55633837 
 01/17  09:00:00,,,159004369.68703353,159004369.68703347 
 01/17  10:00:00,,,148095657.90749824,148095657.90749815 
 01/17  11:00:00,,,147722863.01702863,147722863.01702857 
 01/17  12:00:00,,,126249181.6313869,126249181.63138685 
 01/17  13:00:00,,,123607029.45786892,123607029.45786887 
 01/17  14:00:00,,,116262157.7948111,116262157.79481106 
 01/17  15:00:00,,,112368029.27835846,112368029.27835841 
 01/17  16:00:00,,,119784411.8845738,119784411.88457371 
 01/17  17:00:00,,,144848659.75161183,144848659.75161177 
 01/17  18:00:00,,,173802849.94319016,173802849.94319013 
 01/17  19:00:00,,,201393080.682974,201393080.6829741 
 01/17  20:00:00,,,201688118.73215154,201688118.73215163 
 01/17  21:00:00,,,195316044.37158188,195316044.37158197 
 01/17  22:00:00,,,161172837.1311788,161172837.13117874 
 01/17  23:00:00,,,141071951.7193204,141071951.7193203 
 01/17  24:00:00,,,97895959.69783556,97895959.69783549 
 01/18  01:00:00,,,78390633.12628542,78390633.12628534 
 01/18  02:00:00,,,61437723.52584363,61437723.525843635 
 01/18  03:00:00,,,71799626.23176578,71799626.23176579 
 01/18  04:00:00,,,55579006.12274546,55579006.12274546 
 01/18  05:00:00,,,78982210.3251121,78982210.32511204 
 01/18  06:00:00,,,101407437.3594369,101407437.35943684 
 01/18  07:00:00,,,166326505.3934612,166326505.3934611 
 01/18  08:00:00,,,175056712.41170064,175056712.41170055 
 01/18  09:00:00,,,170437212.2954128,170437212.29541272 
 01/18  10:00:00,,,149739344.2175769,149739344.21757683 
 01/18  11:00:00,,,138233076.50754637,138233076.5075463 
 01/18  12:00:00,,,137495340.34451324,137495340.34451312 
 01/18  13:00:00,,,123971565.03502311,123971565.03502306 
 01/18  14:00:00,,,116498581.9578332,116498581.95783314 
 01/18  15:00:00,,,102947646.2525181,102947646.25251807 
 01/18  16:00:00,,,122448367.08007926,122448367.0800792 
 01/18  17:00:00,,,143078579.01532295,143078579.01532286 
 01/18  18:00:00,,,186760327.16841605,186760327.16841608 
 01/18  19:00:00,,,201713006.7477999,201713006.7478 
 01/18  20:00:00,,,202240141.31938922,202240141.31938934 
 01/18  21:00:00,,,187526189.6516195,187526189.6516196 
 01/18  22:00:00,,,171666592.00094706,171666592.000947 
 01/18  23:00:00,,,140141066.83827472,140141066.83827466 
 01/18  24:00:00,,,97896573.38999261,97896573.38999254 
 01/19  01:00:00,,,71309653.3241865,71309653.32418646 
 01/19  02:00:00,,,70167514.22908296,70167514.22908293 
 01/19  03:00:00,,,63913589.447774105,63913589.44777411 
 01/19  04:00:00,,,67805253.52773431,67805253.5277343 
 01/19  05:00:00,,,67556658.961627,67556658.96162698 
 01/19  06:00:00,,,102928323.1106048,102928323.11060473 
 01/19  07:00:00,,,173768567.65688708,173768567.65688702 
 01/19  08:00:00,,,175481430.18285838,175481430.1828583 
 01/19  09:00:00,,,164343277.31167832,164343277.3116783 
 01/19  10:00:00,,,151455184.12152538,151455184.1215253 
 01/19  11:00:00,,,145619603.3968606,145619603.39686054 
 01/19  12:00:00,,,131360585.76710749,131360585.76710743 
 01/19  13:00:00,,,122924660.225144,122924660.22514392 
 01/19  14:00:00,,,116531627.73624954,116531627.7362495 
 01/19  15:00:00,,,112839903.93060218,112839903.93060213 
 01/19  16:00:00,,,122149810.28661057,122149810.28661047 
 01/19  17:00:00,,,145454022.80376118,145454022.80376112 
 01/19  18:00:00,,,179807149.50035024,179807149.5003502 
 01/19  19:00:00,,,202239772.96718594,202239772.967186 
 01/19  20:00:00,,,202537559.52037895,202537559.52037907 
 01/19  21:00:00,,,193644076.18408886,193644076.184089 
 01/19  22:00:00,,,166937822.96664777,166937822.96664774 
 01/19  23:00:00,,,139152577.14061153,139152577.14061144 
 01/19  24:00:00,,,102211376.24882248,102211376.2488224 
 01/20  01:00:00,,,74893591.56304118,74893591.56304114 
 01/20  02:00:00,,,65772407.892583065,65772407.89258301 
 01/20  03:00:00,,,68754943.77968723,68754943.77968723 
 01/20  04:00:00,,,63232094.39076743,63232094.390767455 
 01/20  05:00:00,,,75193823.74357569,75193823.74357566 
 01/20  06:00:00,,,102687919.91717026,102687919.9171702 
 01/20  07:00:00,,,170416797.71225557,170416797.71225548 
 01/20  08:00:00,,,176780028.9550815,176780028.9550814 
 01/20  09:00:00,,,168306466.6016763,168306466.60167623 
 01/20  10:00:00,,,152085252.398217,152085252.39821693 
 01/20  11:00:00,,,142509079.89373165,142509079.89373162 
 01/20  12:00:00,,,135345290.02083895,135345290.0208389 
 01/20  13:00:00,,,123452867.47414398,123452867.47414392 
 01/20  14:00:00,,,119771339.9951522,119771339.99515213 
 01/20  15:00:00,,,106554446.40966132,106554446.4096613 
 01/20  16:00:00,,,122130205.15575236,122130205.1557523 
 01/20  17:00:00,,,145443056.43931207,145443056.439312 
 01/20  18:00:00,,,185224148.05879202,185224148.05879205 
 01/20  19:00:00,,,200908740.11372635,200908740.11372644 
 01/20  20:00:00,,,200137070.56953633,200137070.56953642 
 01/20  21:00:00,,,191857007.03748256,191857007.03748268 
 01/20  22:00:00,,,170347306.40999255,170347306.4099925 
 01/20  23:00:00,,,141557610.061012,141557610.06101194 
 01/20  24:00:00,,,104453441.2952131,104453441.29521303 
 01/21  01:00:00,,,76928708.11082107,76928708.11082104 
 01/21  02:00:00,,,68821748.20096648,68821748.2009664 
 01/21  03:00:00,,,63415963.10083698,63415963.10083693 
 01/21  04:00:00,,,67330635.47596458,67330635.47596453 
 01/21  05:00:00,,,75068262.04196939,75068262.04196939 
 01/21  06:00:00,,,102398475.57847942,102398475.57847935 
 01/21  07:00:00,,,177357761.59633029,177357761.59633026 
 01/21  08:00:00,,,178170138.02044708,178170138.02044702 
 01/21  09:00:00,,,160891964.74217945,160891964.74217936 
 01/21  10:00:00,,,148898269.04206437,148898269.0420643 
 01/21  11:00:00,,,144781973.04998308,144781973.04998302 
 01/21  12:00:00,,,126456384.49083237,126456384.49083231 
 01/21  13:00:00,,,121543637.11633399,121543637.11633392 
 01/21  14:00:00,,,116302386.70963356,116302386.7096335 
 01/21  15:00:00,,,109001870.97029746,109001870.97029741 
 01/21  16:00:00,,,119166596.11807063,119166596.11807056 
 01/21  17:00:00,,,143335805.18846434,143335805.18846425 
 01/21  18:00:00,,,180301295.53732932,180301295.53732926 
 01/21  19:00:00,,,201428965.42504597,201428965.42504606 
 01/21  20:00:00,,,206423124.11422524,206423124.11422536 
 01/21  21:00:00,,,192502711.8228104,192502711.82281047 
 01/21  22:00:00,,,167310094.25021034,167310094.2502103 
 01/21  23:00:00,,,138932780.90040076,138932780.9004007 
 01/21  24:00:00,,,101372137.76823454,101372137.76823445 
 01/22  01:00:00,,,78563355.64295964,78563355.64295961 
 01/22  02:00:00,,,71303756.17670521,71303756.17670515 
 01/22  03:00:00,,,63140690.41321238,63140690.413212374 
 01/22  04:00:00,,,63563927.892031275,63563927.89203127 
 01/22  05:00:00,,,73452904.6124201,73452904.61242008 
 01/22  06:00:00,,,103595173.54074648,103595173.54074642 
 01/22  07:00:00,,,170815431.15514496,170815431.15514487 
 01/22  08:00:00,,,179684912.912352,179684912.91235197 
 01/22  09:00:00,,,162032099.85916826,162032099.8591682 
 01/22  10:00:00,,,152223609.05165088,152223609.05165082 
 01/22  11:00:00,,,141628929.68642706,141628929.686427 
 01/22  12:00:00,,,131148933.056169,131148933.05616891 
 01/22  13:00:00,,,119348151.50081822,119348151.50081816 
 01/22  14:00:00,,,113840104.09119919,113840104.09119911 
 01/22  15:00:00,,,105331067.07681355,105331067.07681349 
 01/22  16:00:00,,,124355416.77552712,124355416.77552707 
 01/22  17:00:00,,,136483421.1337539,136483421.13375378 
 01/22  18:00:00,,,187735796.85504588,187735796.85504588 
 01/22  19:00:00,,,204980496.1006782,204980496.10067824 
 01/22  20:00:00,,,201062723.7085489,201062723.70854902 
 01/22  21:00:00,,,196334686.68218648,196334686.6821866 
 01/22  22:00:00,,,163751563.95938188,163751563.9593818 
 01/22  23:00:00,,,138283696.18033096,138283696.1803309 
 01/22  24:00:00,,,108397053.26419802,108397053.26419795 
 01/23  01:00:00,,,70539706.31664385,70539706.3166438 
 01/23  02:00:00,,,69095264.78150441,69095264.78150436 
 01/23  03:00:00,,,58607402.98108274,58607402.98108275 
 01/23  04:00:00,,,72657600.27390835,72657600.27390836 
 01/23  05:00:00,,,66366124.58175412,66366124.58175411 
 01/23  06:00:00,,,101034895.72765872,101034895.72765867 
 01/23  07:00:00,,,177368355.1389134,177368355.1389134 
 01/23  08:00:00,,,178626325.3110035,178626325.31100342 
 01/23  09:00:00,,,164620196.06025615,164620196.0602561 
 01/23  10:00:00,,,153046397.3341173,153046397.33411723 
 01/23  11:00:00,,,150492846.26854712,150492846.2685471 
 01/23  12:00:00,,,128992065.14701986,128992065.14701977 
 01/23  13:00:00,,,120962141.62930688,120962141.62930684 
 01/23  14:00:00,,,124325473.38542858,124325473.3854285 
 01/23  15:00:00,,,117832262.51299827,117832262.5129982 
 01/23  16:00:00,,,123292802.49750616,123292802.4975061 
 01/23  17:00:00,,,146308384.4763316,146308384.47633147 
 01/23  18:00:00,,,182768859.76447827,182768859.76447824 
 01/23  19:00:00,,,209329897.7675246,209329897.76752472 
 01/23  20:00:00,,,195940364.41424483,195940364.41424492 
 01/23  21:00:00,,,201183760.1941348,201183760.19413486 
 01/23  22:00:00,,,165425098.83584583,165425098.83584583 
 01/23  23:00:00,,,144183669.19426027,144183669.19426018 
 01/23  24:00:00,,,113361142.97509529,113361142.97509521 
 01/24  01:00:00,,,71692933.4518163,71692933.45181629 
 01/24  02:00:00,,,74710918.5726796,74710918.57267952 
 01/24  03:00:00,,,68507396.1320732,68507396.13207313 
 01/24  04:00:00,,,63355059.316053465,63355059.316053405 
 01/24  05:00:00,,,83290147.26379034,83290147.26379035 
 01/24  06:00:00,,,104786157.5501444,104786157.55014434 
 01/24  07:00:00,,,172483862.3425873,172483862.3425872 
 01/24  08:00:00,,,189746826.10382038,189746826.10382032 
 01/24  09:00:00,,,164396440.28439063,164396440.28439057 
 01/24  10:00:00,,,152659704.858403,152659704.85840294 
 01/24  11:00:00,,,150930239.50589564,150930239.50589556 
 01/24  12:00:00,,,129056795.60544601,129056795.60544595 
 01/24  13:00:00,,,125735007.71766964,125735007.71766955 
 01/24  14:00:00,,,118310857.50501646,118310857.50501642 
 01/24  15:00:00,,,112977498.17362286,112977498.1736228 
 01/24  16:00:00,,,113623571.76556183,113623571.76556173 
 01/24  17:00:00,,,154991465.6127302,154991465.61273012 
 01/24  18:00:00,,,177767153.69474688,177767153.69474688 
 01/24  19:00:00,,,201453688.15148273,201453688.15148285 
 01/24  20:00:00,,,203890686.98738083,203890686.98738086 
 01/24  21:00:00,,,199062960.30396917,199062960.30396926 
 01/24  22:00:00,,,163532080.82979542,163532080.8297953 
 01/24  23:00:00,,,141655426.03474945,141655426.0347494 
 01/24  24:00:00,,,101982336.66752875,101982336.66752867 
 01/25  01:00:00,,,78973008.11385924,78973008.11385919 
 01/25  02:00:00,,,68263674.47453551,68263674.47453545 
 01/25  03:00:00,,,69898464.22293445,69898464.22293442 
 01/25  04:00:00,,,59997667.082817145,59997667.082817115 
 01/25  05:00:00,,,79687373.36358565,79687373.36358564 
 01/25  06:00:00,,,103688213.55980837,103688213.5598083 
 01/25  07:00:00,,,169936232.19923082,169936232.19923073 
 01/25  08:00:00,,,182033185.82293507,182033185.82293504 
 01/25  09:00:00,,,168419481.7396609,168419481.7396608 
 01/25  10:00:00,,,156021894.69670582,156021894.6967058 
 01/25  11:00:00,,,146209470.1329924,146209470.13299233 
 01/25  12:00:00,,,133670518.60723415,133670518.60723409 
 01/25  13:00:00,,,121716524.48526204,121716524.48526198 
 01/25  14:00:00,,,118004452.83437303,118004452.83437297 
 01/25  15:00:00,,,105431092.28950204,105431092.28950198 
 01/25  16:00:00,,,125412685.29976502,125412685.29976495 
 01/25  17:00:00,,,140366411.5925148,140366411.59251475 
 01/25  18:00:00,,,188261583.28117472,188261583.28117466 
 01/25  19:00:00,,,206164088.16664752,206164088.16664758 
 01/25  20:00:00,,,202108091.51973563,202108091.5197357 
 01/25  21:00:00,,,196665135.81164706,196665135.81164712 
 01/25  22:00:00,,,166909250.8990845,166909250.89908445 
 01/25  23:00:00,,,138715835.8399059,138715835.83990583 
 01/25  24:00:00,,,106359288.177883,106359288.17788294 
 01/26  01:00:00,,,76138210.21598485,76138210.21598482 
 01/26  02:00:00,,,68114483.34187715,68114483.34187707 
 01/26  03:00:00,,,64702138.53399684,64702138.53399679 
 01/26  04:00:00,,,71360809.02734542,71360809.02734536 
 01/26  05:00:00,,,69384135.53186898,69384135.53186901 
 01/26  06:00:00,,,107447512.18024525,107447512.18024519 
 01/26  07:00:00,,,176436900.7358421,176436900.73584202 
 01/26  08:00:00,,,182057570.029182,182057570.02918193 
 01/26  09:00:00,,,168088186.45233998,168088186.4523399 
 01/26  10:00:00,,,151460243.56695607,151460243.566956 
 01/26  11:00:00,,,147658129.1659778,147658129.16597772 
 01/26  12:00:00,,,133817710.98806733,133817710.98806724 
 01/26  13:00:00,,,127646154.5774799,127646154.57747984 
 01/26  14:00:00,,,116820457.19794407,116820457.19794399 
 01/26  15:00:00,,,111963226.90337338,111963226.90337329 
 01/26  16:00:00,,,124779945.59315911,124779945.59315903 
 01/26  17:00:00,,,145778752.5249429,145778752.52494285 
 01/26  18:00:00,,,188049898.61278158,188049898.61278158 
 01/26  19:00:00,,,204228180.6477501,204228180.64775026 
 01/26  20:00:00,,,199089236.5891589,199089236.589159 
 01/26  21:00:00,,,194224871.57227892,194224871.57227898 
 01/26  22:00:00,,,165448983.53234825,165448983.53234822 
 01/26  23:00:00,,,146411313.7810507,146411313.78105065 
 01/26  24:00:00,,,102996616.21366559,102996616.2136655 
 01/27  01:00:00,,,74372063.91173746,74372063.91173743 
 01/27  02:00:00,,,68862198.83277395,68862198.83277386 
 01/27  03:00:00,,,67038874.34326075,67038874.34326073 
 01/27  04:00:00,,,67044856.988129064,67044856.98812907 
 01/27  05:00:00,,,71313640.37699002,71313640.37699004 
 01/27  06:00:00,,,103100324.05050486,103100324.05050477 
 01/27  07:00:00,,,170916492.91072175,170916492.91072166 
 01/27  08:00:00,,,180802995.33956176,180802995.33956167 
 01/27  09:00:00,,,167201424.35141504,167201424.35141495 
 01/27  10:00:00,,,151706002.61946714,151706002.61946708 
 01/27  11:00:00,,,146828518.51653272,146828518.51653266 
 01/27  12:00:00,,,130089375.03036919,130089375.0303691 
 01/27  13:00:00,,,122780490.22597069,122780490.22597061 
 01/27  14:00:00,,,117714813.0017108,117714813.00171073 
 01/27  15:00:00,,,111833572.67943406,111833572.67943402 
 01/27  16:00:00,,,123868220.8913044,123868220.89130431 
 01/27  17:00:00,,,143456738.05707848,143456738.0570784 
 01/27  18:00:00,,,180282043.95346388,180282043.95346382 
 01/27  19:00:00,,,203502747.36870027,203502747.36870039 
 01/27  20:00:00,,,205330798.7856867,205330798.7856868 
 01/27  21:00:00,,,194964150.22499916,194964150.22499925 
 01/27  22:00:00,,,166583215.34974203,166583215.34974197 
 01/27  23:00:00,,,138000661.73110643,138000661.7311064 
 01/27  24:00:00,,,106926207.45273498,106926207.45273493 
 01/28  01:00:00,,,75311127.46076232,75311127.46076228 
 01/28  02:00:00,,,72935093.09149486,72935093.0914948 
 01/28  03:00:00,,,65151685.354745224,65151685.35474518 
 01/28  04:00:00,,,67331534.86548631,67331534.86548626 
 01/28  05:00:00,,,73923636.46313325,73923636.46313326 
 01/28  06:00:00,,,105921954.48640274,105921954.48640266 
 01/28  07:00:00,,,174137804.3581332,174137804.35813308 
 01/28  08:00:00,,,181472106.14064857,181472106.14064854 
 01/28  09:00:00,,,163774318.59311157,163774318.59311152 
 01/28  10:00:00,,,153510030.41898355,153510030.41898346 
 01/28  11:00:00,,,144998641.38101333,144998641.3810132 
 01/28  12:00:00,,,128738933.87685841,128738933.87685835 
 01/28  13:00:00,,,122055317.67611977,122055317.67611971 
 01/28  14:00:00,,,119051028.57109442,119051028.57109436 
 01/28  15:00:00,,,105505406.20550448,105505406.20550445 
 01/28  16:00:00,,,121602982.86049932,121602982.86049925 
 01/28  17:00:00,,,144627489.88091946,144627489.8809194 
 01/28  18:00:00,,,184936741.40752077,184936741.40752077 
 01/28  19:00:00,,,206143305.42098248,206143305.42098254 
 01/28  20:00:00,,,203443782.56310642,203443782.56310648 
 01/28  21:00:00,,,196651558.47092208,196651558.47092217 
 01/28  22:00:00,,,167494542.1416699,167494542.14166987 
 01/28  23:00:00,,,143185511.44131395,143185511.4413139 
 01/28  24:00:00,,,104163076.78518462,104163076.78518455 
 01/29  01:00:00,,,78729920.35431243,78729920.3543124 
 01/29  02:00:00,,,65202958.31520972,65202958.31520965 
 01/29  03:00:00,,,72799615.70365079,72799615.70365074 
 01/29  04:00:00,,,64170392.37640055,64170392.376400515 
 01/29  05:00:00,,,70891204.92813787,70891204.92813787 
 01/29  06:00:00,,,110663528.55419931,110663528.55419923 
 01/29  07:00:00,,,173133205.59905732,173133205.59905723 
 01/29  08:00:00,,,174963864.4848078,174963864.48480773 
 01/29  09:00:00,,,168546535.56045756,168546535.5604575 
 01/29  10:00:00,,,150738302.994921,150738302.9949209 
 01/29  11:00:00,,,140282393.08371493,140282393.08371487 
 01/29  12:00:00,,,134264223.94276038,134264223.94276035 
 01/29  13:00:00,,,124061340.78732103,124061340.78732097 
 01/29  14:00:00,,,116602304.38179666,116602304.3817966 
 01/29  15:00:00,,,108599050.4181299,108599050.41812989 
 01/29  16:00:00,,,123689003.06440651,123689003.06440645 
 01/29  17:00:00,,,140870840.78571087,140870840.7857108 
 01/29  18:00:00,,,185530439.27482402,185530439.27482402 
 01/29  19:00:00,,,208138071.66909268,208138071.66909277 
 01/29  20:00:00,,,201708699.5834455,201708699.58344558 
 01/29  21:00:00,,,192402891.17890304,192402891.1789031 
 01/29  22:00:00,,,172908848.31198993,172908848.31198993 
 01/29  23:00:00,,,139773325.51730922,139773325.51730913 
 01/29  24:00:00,,,109668053.70582312,109668053.70582306 
 01/30  01:00:00,,,72734297.12541705,72734297.12541702 
 01/30  02:00:00,,,70244797.44442578,70244797.44442573 
 01/30  03:00:00,,,60284907.594750345,60284907.59475031 
 01/30  04:00:00,,,73918108.7964784,73918108.79647838 
 01/30  05:00:00,,,67970942.09329738,67970942.09329738 
 01/30  06:00:00,,,102223100.15358259,102223100.15358251 
 01/30  07:00:00,,,177889916.9515813,177889916.95158124 
 01/30  08:00:00,,,181656221.82030785,181656221.8203078 
 01/30  09:00:00,,,163812551.2128648,163812551.2128647 
 01/30  10:00:00,,,151524662.34610876,151524662.34610868 
 01/30  11:00:00,,,149335799.66997144,149335799.66997138 
 01/30  12:00:00,,,130169139.92780532,130169139.92780524 
 01/30  13:00:00,,,129508995.33388172,129508995.33388165 
 01/30  14:00:00,,,111855646.95375058,111855646.95375052 
 01/30  15:00:00,,,115753898.62471896,115753898.62471892 
 01/30  16:00:00,,,122590149.69912148,122590149.69912142 
 01/30  17:00:00,,,144997998.33473983,144997998.33473977 
 01/30  18:00:00,,,184591429.67370656,184591429.67370653 
 01/30  19:00:00,,,202835387.87353584,202835387.87353593 
 01/30  20:00:00,,,200674988.9816347,200674988.98163477 
 01/30  21:00:00,,,191410263.27313524,191410263.2731354 
 01/30  22:00:00,,,171697710.49944726,171697710.49944717 
 01/30  23:00:00,,,143799525.84724724,143799525.84724718 
 01/30  24:00:00,,,103279758.41454458,103279758.41454451 
 01/31  01:00:00,,,71341003.30457464,71341003.30457462 
 01/31  02:00:00,,,77017614.07912937,77017614.07912931 
 01/31  03:00:00,,,60646636.48133057,60646636.48133053 
 01/31  04:00:00,,,70797765.8948746,70797765.89487457 
 01/31  05:00:00,,,71176845.43423548,71176845.4342355 
 01/31  06:00:00,,,102376480.57889745,102376480.57889737 
 01/31  07:00:00,,,172371713.97330454,172371713.97330448 
 01/31  08:00:00,,,184085871.9071814,184085871.90718132 
 01/31  09:00:00,,,163780677.113692,163780677.11369196 
 01/31  10:00:00,,,158206005.16468364,158206005.16468358 
 01/31  11:00:00,,,149961281.21819946,149961281.21819937 
 01/31  12:00:00,,,130999457.42246212,130999457.42246208 
 01/31  13:00:00,,,122589485.54375799,122589485.54375793 
 01/31  14:00:00,,,123441954.00914031,123441954.00914027 
 01/31  15:00:00,,,113779263.41826855,113779263.41826847 
 01/31  16:00:00,,,125917026.2207654,125917026.22076534 
 01/31  17:00:00,,,145806317.975648,145806317.97564793 
 01/31  18:00:00,,,177157801.06330484,177157801.0633048 
 01/31  19:00:00,,,209997367.3829426,209997367.38294268 
 01/31  20:00:00,,,202482854.68693587,202482854.68693593 
 01/31  21:00:00,,,200222791.42662272,200222791.42662284 
 01/31  22:00:00,,,165670307.84439456,165670307.8443945 
 01/31  23:00:00,,,143850660.91352093,143850660.91352087 
 01/31  24:00:00,99240089798.42859,82834031626.1146,112791350.13156883,112791350.13156877 
 02/01  01:00:00,,,70852493.80574231,70852493.8057423 
 02/01  02:00:00,,,76689905.12196724,76689905.12196717 
 02/01  03:00:00,,,63550584.16037731,63550584.16037725 
 02/01  04:00:00,,,64754594.014516234,64754594.01451619 
 02/01  05:00:00,,,79224486.0962094,79224486.0962094 
 02/01  06:00:00,,,103792369.45804267,103792369.45804262 
 02/01  07:00:00,,,173318238.99584216,173318238.9958421 
 02/01  08:00:00,,,187348751.2826644,187348751.2826643 
 02/01  09:00:00,,,164710888.6559824,164710888.65598238 
 02/01  10:00:00,,,155281914.86153516,155281914.86153507 
 02/01  11:00:00,,,152564678.90553927,152564678.9055392 
 02/01  12:00:00,,,131079029.90866739,131079029.90866733 
 02/01  13:00:00,,,126290640.53314097,126290640.5331409 
 02/01  14:00:00,,,120972774.24039245,120972774.24039237 
 02/01  15:00:00,,,116526094.18776746,116526094.18776739 
 02/01  16:00:00,,,116397572.46066406,116397572.46066403 
 02/01  17:00:00,,,156585244.01505706,156585244.01505697 
 02/01  18:00:00,,,177481103.60339865,177481103.60339862 
 02/01  19:00:00,,,205088901.8897516,205088901.88975173 
 02/01  20:00:00,,,208021972.06290048,208021972.06290054 
 02/01  21:00:00,,,198632539.57912982,198632539.5791299 
 02/01  22:00:00,,,169382395.6752025,169382395.67520258 
 02/01  23:00:00,,,142660888.20642632,142660888.20642626 
 02/01  24:00:00,,,107156114.15625402,107156114.15625396 
 02/02  01:00:00,,,78468565.62731808,78468565.6273181 
 02/02  02:00:00,,,80615176.93324998,80615176.93324998 
 02/02  03:00:00,,,64275828.56058025,64275828.56058022 
 02/02  04:00:00,,,70569405.89208111,70569405.89208105 
 02/02  05:00:00,,,77582767.37062639,77582767.37062642 
 02/02  06:00:00,,,104377298.36255826,104377298.36255822 
 02/02  07:00:00,,,175671522.56583333,175671522.56583324 
 02/02  08:00:00,,,185047487.8770453,185047487.87704524 
 02/02  09:00:00,,,165809520.9211042,165809520.92110413 
 02/02  10:00:00,,,155230969.7567237,155230969.75672364 
 02/02  11:00:00,,,149534708.94485262,149534708.94485253 
 02/02  12:00:00,,,130702352.33716543,130702352.33716537 
 02/02  13:00:00,,,123191805.46251953,123191805.4625195 
 02/02  14:00:00,,,116728497.05919224,116728497.05919218 
 02/02  15:00:00,,,107965848.64684787,107965848.6468478 
 02/02  16:00:00,,,122070296.94828314,122070296.94828306 
 02/02  17:00:00,,,144937043.40686104,144937043.40686092 
 02/02  18:00:00,,,184627797.2688621,184627797.2688621 
 02/02  19:00:00,,,201447017.03783327,201447017.0378334 
 02/02  20:00:00,,,200428079.7533293,200428079.7533293 
 02/02  21:00:00,,,195816511.9713883,195816511.97138843 
 02/02  22:00:00,,,166062551.13076657,166062551.13076648 
 02/02  23:00:00,,,143702449.9052814,143702449.90528136 
 02/02  24:00:00,,,101954259.39742808,101954259.397428 
 02/03  01:00:00,,,76272729.30846728,76272729.30846725 
 02/03  02:00:00,,,69771307.0842102,69771307.08421014 
 02/03  03:00:00,,,66812842.02590954,66812842.02590953 
 02/03  04:00:00,,,60897596.135475285,60897596.13547529 
 02/03  05:00:00,,,78786242.00734235,78786242.00734232 
 02/03  06:00:00,,,100983006.66091219,100983006.66091211 
 02/03  07:00:00,,,172472569.26297855,172472569.26297846 
 02/03  08:00:00,,,173814725.60089436,173814725.60089433 
 02/03  09:00:00,,,169152107.85023373,169152107.85023364 
 02/03  10:00:00,,,156261804.55410516,156261804.5541051 
 02/03  11:00:00,,,149232241.64692175,149232241.6469217 
 02/03  12:00:00,,,129443006.66100115,129443006.66100107 
 02/03  13:00:00,,,120207879.62819622,120207879.62819618 
 02/03  14:00:00,,,122557909.15222728,122557909.15222721 
 02/03  15:00:00,,,105729148.87472123,105729148.87472118 
 02/03  16:00:00,,,127444702.74704313,127444702.74704306 
 02/03  17:00:00,,,144534152.33440414,144534152.33440405 
 02/03  18:00:00,,,181224913.88239846,181224913.88239846 
 02/03  19:00:00,,,207665392.92595053,207665392.92595062 
 02/03  20:00:00,,,201015225.14487603,201015225.14487612 
 02/03  21:00:00,,,195424786.77550277,195424786.77550286 
 02/03  22:00:00,,,166575180.39921692,166575180.39921683 
 02/03  23:00:00,,,143081550.3477331,143081550.34773305 
 02/03  24:00:00,,,101022672.3823774,101022672.38237733 
 02/04  01:00:00,,,77632365.26626791,77632365.2662679 
 02/04  02:00:00,,,65890669.29280655,65890669.29280647 
 02/04  03:00:00,,,70746776.3663571,70746776.36635707 
 02/04  04:00:00,,,62325798.25737268,62325798.25737266 
 02/04  05:00:00,,,71288267.54481484,71288267.54481483 
 02/04  06:00:00,,,107987606.17810373,107987606.17810364 
 02/04  07:00:00,,,172214096.67790484,172214096.6779048 
 02/04  08:00:00,,,172738367.9942572,172738367.99425715 
 02/04  09:00:00,,,165920842.6322603,165920842.63226023 
 02/04  10:00:00,,,148345001.18249664,148345001.18249658 
 02/04  11:00:00,,,137778771.69515032,137778771.69515023 
 02/04  12:00:00,,,133345923.07516274,133345923.0751627 
 02/04  13:00:00,,,121324295.2980619,121324295.29806182 
 02/04  14:00:00,,,114336717.16786738,114336717.16786732 
 02/04  15:00:00,,,103421660.51275398,103421660.51275395 
 02/04  16:00:00,,,121471590.3043052,121471590.3043051 
 02/04  17:00:00,,,137538953.21720022,137538953.21720016 
 02/04  18:00:00,,,181865843.75269312,181865843.7526931 
 02/04  19:00:00,,,204820458.33997506,204820458.33997515 
 02/04  20:00:00,,,199528863.59254155,199528863.5925417 
 02/04  21:00:00,,,189282394.17657635,189282394.17657644 
 02/04  22:00:00,,,168715849.52760482,168715849.52760476 
 02/04  23:00:00,,,138076078.16774368,138076078.1677436 
 02/04  24:00:00,,,102833054.68351373,102833054.68351366 
 02/05  01:00:00,,,72695395.96667357,72695395.9666735 
 02/05  02:00:00,,,62774493.65777281,62774493.657772824 
 02/05  03:00:00,,,59106578.51362206,59106578.51362207 
 02/05  04:00:00,,,70601748.10977374,70601748.10977374 
 02/05  05:00:00,,,64566974.43562222,64566974.43562217 
 02/05  06:00:00,,,101659482.26574458,101659482.26574449 
 02/05  07:00:00,,,172090949.68927783,172090949.68927777 
 02/05  08:00:00,,,178225180.5294524,178225180.52945232 
 02/05  09:00:00,,,164509406.6843943,164509406.68439418 
 02/05  10:00:00,,,145674924.87150317,145674924.8715031 
 02/05  11:00:00,,,139528531.3851949,139528531.38519484 
 02/05  12:00:00,,,132268595.10359761,132268595.10359757 
 02/05  13:00:00,,,124448638.45427498,124448638.45427492 
 02/05  14:00:00,,,108017211.23903932,108017211.23903924 
 02/05  15:00:00,,,112840967.78313646,112840967.78313643 
 02/05  16:00:00,,,119982878.11411215,119982878.1141121 
 02/05  17:00:00,,,142376763.28901717,142376763.28901708 
 02/05  18:00:00,,,184517079.08192784,184517079.0819278 
 02/05  19:00:00,,,201403200.73783898,201403200.73783907 
 02/05  20:00:00,,,206187871.82769063,206187871.82769072 
 02/05  21:00:00,,,191929647.95264024,191929647.95264032 
 02/05  22:00:00,,,172347601.89970842,172347601.89970836 
 02/05  23:00:00,,,139559779.79405206,139559779.79405203 
 02/05  24:00:00,,,106080178.98809664,106080178.9880966 
 02/06  01:00:00,,,75844987.65315829,75844987.65315825 
 02/06  02:00:00,,,71367697.5592801,71367697.55928002 
 02/06  03:00:00,,,60847803.99428929,60847803.994289234 
 02/06  04:00:00,,,73489173.97586338,73489173.97586337 
 02/06  05:00:00,,,68671380.30924295,68671380.30924295 
 02/06  06:00:00,,,103849341.30868703,103849341.30868694 
 02/06  07:00:00,,,177073383.61012006,177073383.61011994 
 02/06  08:00:00,,,179247338.53559887,179247338.53559878 
 02/06  09:00:00,,,163420019.64550877,163420019.64550874 
 02/06  10:00:00,,,155250981.61400238,155250981.6140023 
 02/06  11:00:00,,,150044937.62085605,150044937.62085596 
 02/06  12:00:00,,,128352062.08174413,128352062.08174405 
 02/06  13:00:00,,,125322011.4102848,125322011.41028473 
 02/06  14:00:00,,,118513611.56772694,118513611.56772687 
 02/06  15:00:00,,,116102813.88890818,116102813.88890813 
 02/06  16:00:00,,,121577905.57822296,121577905.57822289 
 02/06  17:00:00,,,146718049.34883767,146718049.3488376 
 02/06  18:00:00,,,185662078.81239825,185662078.8123982 
 02/06  19:00:00,,,202518790.28179938,202518790.28179944 
 02/06  20:00:00,,,201735890.36735126,201735890.36735135 
 02/06  21:00:00,,,191685860.86991027,191685860.86991036 
 02/06  22:00:00,,,172707496.24112767,172707496.2411276 
 02/06  23:00:00,,,145240050.28563103,145240050.28563097 
 02/06  24:00:00,,,105198866.21306941,105198866.21306936 
 02/07  01:00:00,,,70098387.8935397,70098387.89353968 
 02/07  02:00:00,,,80961945.73024578,80961945.7302457 
 02/07  03:00:00,,,59919400.42444703,59919400.424446985 
 02/07  04:00:00,,,73519594.33176728,73519594.33176723 
 02/07  05:00:00,,,70532318.26152049,70532318.26152048 
 02/07  06:00:00,,,103228189.70368613,103228189.70368612 
 02/07  07:00:00,,,178799946.57212558,178799946.57212552 
 02/07  08:00:00,,,181057521.47855636,181057521.4785563 
 02/07  09:00:00,,,165527606.90941626,165527606.9094162 
 02/07  10:00:00,,,160473986.15883788,160473986.15883783 
 02/07  11:00:00,,,154123117.6845969,154123117.68459684 
 02/07  12:00:00,,,132491309.78311707,132491309.78311701 
 02/07  13:00:00,,,125456063.07044677,125456063.07044671 
 02/07  14:00:00,,,123416297.58490479,123416297.58490473 
 02/07  15:00:00,,,119113189.93841095,119113189.93841086 
 02/07  16:00:00,,,124081107.97481504,124081107.97481497 
 02/07  17:00:00,,,149566941.83212495,149566941.83212492 
 02/07  18:00:00,,,177888347.216132,177888347.2161319 
 02/07  19:00:00,,,212222581.84872952,212222581.84872964 
 02/07  20:00:00,,,200243430.17324525,200243430.17324534 
 02/07  21:00:00,,,197481017.4314977,197481017.4314978 
 02/07  22:00:00,,,168427421.146017,168427421.146017 
 02/07  23:00:00,,,143863826.0440128,143863826.04401276 
 02/07  24:00:00,,,111166249.49428275,111166249.4942827 
 02/08  01:00:00,,,69681501.71040629,69681501.71040626 
 02/08  02:00:00,,,77066111.12868904,77066111.12868899 
 02/08  03:00:00,,,61053870.32982407,61053870.32982403 
 02/08  04:00:00,,,66725897.29495935,66725897.2949593 
 02/08  05:00:00,,,75715469.39931808,75715469.39931807 
 02/08  06:00:00,,,101911306.95527136,101911306.9552713 
 02/08  07:00:00,,,173793290.0184141,173793290.01841405 
 02/08  08:00:00,,,181057244.13579413,181057244.1357941 
 02/08  09:00:00,,,163479547.9565417,163479547.9565416 
 02/08  10:00:00,,,156286112.5842558,156286112.58425573 
 02/08  11:00:00,,,147820071.4086262,147820071.40862614 
 02/08  12:00:00,,,134282421.29783338,134282421.29783332 
 02/08  13:00:00,,,122486686.19932303,122486686.19932297 
 02/08  14:00:00,,,117987622.37471929,117987622.37471923 
 02/08  15:00:00,,,111975697.47745281,111975697.47745274 
 02/08  16:00:00,,,126143946.15214063,126143946.15214056 
 02/08  17:00:00,,,143961248.83009565,143961248.83009553 
 02/08  18:00:00,,,175667825.68304777,175667825.68304774 
 02/08  19:00:00,,,203691620.69508973,203691620.69508982 
 02/08  20:00:00,,,204067392.99245042,204067392.99245048 
 02/08  21:00:00,,,194379484.11571503,194379484.1157152 
 02/08  22:00:00,,,168643139.2113815,168643139.21138144 
 02/08  23:00:00,,,140096287.36003032,140096287.36003023 
 02/08  24:00:00,,,108283207.26577711,108283207.26577707 
 02/09  01:00:00,,,71332575.1457673,71332575.14576726 
 02/09  02:00:00,,,71265123.10562825,71265123.10562819 
 02/09  03:00:00,,,62741651.21850683,62741651.2185068 
 02/09  04:00:00,,,66480955.195105,66480955.19510499 
 02/09  05:00:00,,,73391730.93649457,73391730.93649454 
 02/09  06:00:00,,,102409327.38328867,102409327.38328859 
 02/09  07:00:00,,,173303637.26699167,173303637.26699162 
 02/09  08:00:00,,,181181856.4334594,181181856.4334593 
 02/09  09:00:00,,,166794756.37327203,166794756.37327194 
 02/09  10:00:00,,,152465512.97488648,152465512.9748864 
 02/09  11:00:00,,,147209673.49655885,147209673.4965588 
 02/09  12:00:00,,,134109914.50396325,134109914.50396317 
 02/09  13:00:00,,,125726936.22489516,125726936.22489509 
 02/09  14:00:00,,,117403560.60186557,117403560.60186552 
 02/09  15:00:00,,,113554193.57609811,113554193.57609801 
 02/09  16:00:00,,,127477776.23924747,127477776.23924741 
 02/09  17:00:00,,,142997766.13681293,142997766.13681287 
 02/09  18:00:00,,,180462556.63778287,180462556.6377828 
 02/09  19:00:00,,,204264630.12982517,204264630.12982523 
 02/09  20:00:00,,,205222499.78463203,205222499.78463218 
 02/09  21:00:00,,,194701677.1079435,194701677.1079436 
 02/09  22:00:00,,,168983489.86320788,168983489.86320782 
 02/09  23:00:00,,,139977399.17056787,139977399.1705678 
 02/09  24:00:00,,,107477490.06642564,107477490.06642559 
 02/10  01:00:00,,,72805979.68438205,72805979.68438202 
 02/10  02:00:00,,,72599345.61160468,72599345.61160462 
 02/10  03:00:00,,,67062991.40346543,67062991.40346536 
 02/10  04:00:00,,,66045915.59492773,66045915.59492768 
 02/10  05:00:00,,,75371215.71300606,75371215.71300608 
 02/10  06:00:00,,,107087885.04010025,107087885.04010022 
 02/10  07:00:00,,,174123139.83103237,174123139.8310323 
 02/10  08:00:00,,,181756547.78618565,181756547.78618556 
 02/10  09:00:00,,,168847364.8927958,168847364.89279574 
 02/10  10:00:00,,,152430908.42836988,152430908.42836985 
 02/10  11:00:00,,,147269209.15682444,147269209.15682435 
 02/10  12:00:00,,,132806597.9082348,132806597.90823476 
 02/10  13:00:00,,,127526672.52616176,127526672.5261617 
 02/10  14:00:00,,,116319532.65676245,116319532.65676238 
 02/10  15:00:00,,,111420833.9478547,111420833.94785465 
 02/10  16:00:00,,,124662239.55152334,124662239.5515233 
 02/10  17:00:00,,,144112942.00926,144112942.00925994 
 02/10  18:00:00,,,180101041.68374938,180101041.68374932 
 02/10  19:00:00,,,204066928.18586802,204066928.18586814 
 02/10  20:00:00,,,206554685.0171293,206554685.01712945 
 02/10  21:00:00,,,194799481.1635262,194799481.16352633 
 02/10  22:00:00,,,168649589.51804692,168649589.5180469 
 02/10  23:00:00,,,138144372.04079816,138144372.0407981 
 02/10  24:00:00,,,111066223.82971193,111066223.82971185 
 02/11  01:00:00,,,77894070.50234972,77894070.50234972 
 02/11  02:00:00,,,72921318.42459598,72921318.42459595 
 02/11  03:00:00,,,66353345.48683793,66353345.486837894 
 02/11  04:00:00,,,69749292.2635638,69749292.26356372 
 02/11  05:00:00,,,73748381.3596785,73748381.35967854 
 02/11  06:00:00,,,111123484.12685367,111123484.12685363 
 02/11  07:00:00,,,171989704.29696187,171989704.29696184 
 02/11  08:00:00,,,184512716.74357048,184512716.74357042 
 02/11  09:00:00,,,166093945.84831122,166093945.8483112 
 02/11  10:00:00,,,151401360.73908702,151401360.73908696 
 02/11  11:00:00,,,146751896.9640313,146751896.96403125 
 02/11  12:00:00,,,127897188.8539712,127897188.85397115 
 02/11  13:00:00,,,126901651.54902436,126901651.54902427 
 02/11  14:00:00,,,113993811.34579448,113993811.34579442 
 02/11  15:00:00,,,110417761.07637857,110417761.07637854 
 02/11  16:00:00,,,113472124.09946628,113472124.09946622 
 02/11  17:00:00,,,150851223.86943462,150851223.86943457 
 02/11  18:00:00,,,180483613.06632182,180483613.06632176 
 02/11  19:00:00,,,201119038.84511858,201119038.8451187 
 02/11  20:00:00,,,207075371.6154031,207075371.6154032 
 02/11  21:00:00,,,198072408.77649793,198072408.77649808 
 02/11  22:00:00,,,167175104.06557038,167175104.06557035 
 02/11  23:00:00,,,140577048.89285788,140577048.89285782 
 02/11  24:00:00,,,110325534.35610524,110325534.35610518 
 02/12  01:00:00,,,71893291.78561299,71893291.78561297 
 02/12  02:00:00,,,76208728.47943653,76208728.47943646 
 02/12  03:00:00,,,63116740.348681785,63116740.348681726 
 02/12  04:00:00,,,68862681.84313229,68862681.84313223 
 02/12  05:00:00,,,71642755.76256761,71642755.7625676 
 02/12  06:00:00,,,105426475.43126859,105426475.43126854 
 02/12  07:00:00,,,173507145.4242019,173507145.4242019 
 02/12  08:00:00,,,181745079.8702545,181745079.87025446 
 02/12  09:00:00,,,164081328.30769798,164081328.30769792 
 02/12  10:00:00,,,151324098.55815414,151324098.5581541 
 02/12  11:00:00,,,142887092.339172,142887092.33917195 
 02/12  12:00:00,,,128260376.00859196,128260376.00859189 
 02/12  13:00:00,,,119965855.95405024,119965855.9540502 
 02/12  14:00:00,,,117225776.83898064,117225776.83898057 
 02/12  15:00:00,,,110606726.02475476,110606726.0247547 
 02/12  16:00:00,,,112020993.07281394,112020993.0728139 
 02/12  17:00:00,,,148189427.67340368,148189427.6734036 
 02/12  18:00:00,,,175361911.15434557,175361911.1543455 
 02/12  19:00:00,,,201972590.24760592,201972590.24760604 
 02/12  20:00:00,,,204078066.14590862,204078066.14590868 
 02/12  21:00:00,,,193021234.36711156,193021234.36711168 
 02/12  22:00:00,,,168909126.4125928,168909126.4125927 
 02/12  23:00:00,,,139508293.5869183,139508293.58691826 
 02/12  24:00:00,,,100985792.95398483,100985792.95398477 
 02/13  01:00:00,,,78973293.69809926,78973293.69809924 
 02/13  02:00:00,,,71954884.5258078,71954884.52580775 
 02/13  03:00:00,,,62282824.33941848,62282824.33941846 
 02/13  04:00:00,,,63986911.24695955,63986911.24695952 
 02/13  05:00:00,,,76042727.00967087,76042727.00967085 
 02/13  06:00:00,,,103582664.48017417,103582664.4801741 
 02/13  07:00:00,,,171840573.00734264,171840573.00734252 
 02/13  08:00:00,,,180588173.8578236,180588173.85782358 
 02/13  09:00:00,,,166267879.41166124,166267879.41166118 
 02/13  10:00:00,,,157684910.00510675,157684910.0051067 
 02/13  11:00:00,,,146172778.2902667,146172778.29026663 
 02/13  12:00:00,,,130837846.84398046,130837846.8439804 
 02/13  13:00:00,,,120889867.29137574,120889867.29137567 
 02/13  14:00:00,,,120239581.97873265,120239581.97873257 
 02/13  15:00:00,,,108878871.36435965,108878871.36435959 
 02/13  16:00:00,,,116455315.98368925,116455315.98368919 
 02/13  17:00:00,,,144155216.72540575,144155216.7254057 
 02/13  18:00:00,,,181853232.88739538,181853232.88739538 
 02/13  19:00:00,,,204602216.27373463,204602216.27373475 
 02/13  20:00:00,,,200339784.31246114,200339784.3124612 
 02/13  21:00:00,,,197812762.71945396,197812762.71945405 
 02/13  22:00:00,,,163126907.02802178,163126907.02802166 
 02/13  23:00:00,,,143950778.9376356,143950778.93763557 
 02/13  24:00:00,,,99119976.72061314,99119976.72061306 
 02/14  01:00:00,,,78860613.46289216,78860613.46289209 
 02/14  02:00:00,,,65322468.61164568,65322468.61164564 
 02/14  03:00:00,,,70400176.85830519,70400176.85830519 
 02/14  04:00:00,,,60313464.98023368,60313464.98023369 
 02/14  05:00:00,,,75604345.8731063,75604345.87310629 
 02/14  06:00:00,,,103161286.4898612,103161286.48986113 
 02/14  07:00:00,,,170595246.37813228,170595246.37813222 
 02/14  08:00:00,,,177388936.3183822,177388936.31838217 
 02/14  09:00:00,,,164467198.06519344,164467198.06519336 
 02/14  10:00:00,,,156610366.2763693,156610366.2763692 
 02/14  11:00:00,,,149226375.57593098,149226375.57593095 
 02/14  12:00:00,,,131885613.78164732,131885613.78164728 
 02/14  13:00:00,,,119198355.52922988,119198355.5292298 
 02/14  14:00:00,,,123322206.1540586,123322206.15405853 
 02/14  15:00:00,,,106254383.49911883,106254383.49911879 
 02/14  16:00:00,,,122300236.1357486,122300236.13574852 
 02/14  17:00:00,,,144377310.30429876,144377310.30429867 
 02/14  18:00:00,,,184669588.6561002,184669588.65610018 
 02/14  19:00:00,,,202865266.5693655,202865266.56936562 
 02/14  20:00:00,,,201538509.63451767,201538509.63451773 
 02/14  21:00:00,,,197268238.78704476,197268238.78704482 
 02/14  22:00:00,,,164922018.52384394,164922018.52384385 
 02/14  23:00:00,,,143494870.6964164,143494870.69641638 
 02/14  24:00:00,,,100151263.15094464,100151263.15094458 
 02/15  01:00:00,,,80353713.20997337,80353713.2099733 
 02/15  02:00:00,,,66209665.29585358,66209665.295853525 
 02/15  03:00:00,,,69941819.31239413,69941819.3123941 
 02/15  04:00:00,,,59881445.968000785,59881445.96800077 
 02/15  05:00:00,,,80366845.47973508,80366845.47973505 
 02/15  06:00:00,,,102234167.81012504,102234167.81012498 
 02/15  07:00:00,,,171285141.43941274,171285141.43941265 
 02/15  08:00:00,,,179972203.4487923,179972203.44879225 
 02/15  09:00:00,,,163713910.6184098,163713910.61840975 
 02/15  10:00:00,,,156258822.10197058,156258822.1019705 
 02/15  11:00:00,,,148364023.15373564,148364023.15373558 
 02/15  12:00:00,,,131743561.84549418,131743561.84549409 
 02/15  13:00:00,,,118751005.33717825,118751005.33717816 
 02/15  14:00:00,,,121331916.29357192,121331916.29357186 
 02/15  15:00:00,,,105776373.29349487,105776373.2934948 
 02/15  16:00:00,,,122225118.0862161,122225118.08621602 
 02/15  17:00:00,,,144578000.03371787,144578000.0337178 
 02/15  18:00:00,,,178452412.05741793,178452412.0574179 
 02/15  19:00:00,,,204948157.03498372,204948157.03498378 
 02/15  20:00:00,,,200856617.2894844,200856617.28948456 
 02/15  21:00:00,,,196962926.76933345,196962926.76933354 
 02/15  22:00:00,,,164680745.6776781,164680745.67767805 
 02/15  23:00:00,,,143132311.26398346,143132311.26398343 
 02/15  24:00:00,,,101270654.51770134,101270654.51770127 
 02/16  01:00:00,,,79123616.0409664,79123616.04096636 
 02/16  02:00:00,,,66145675.54695809,66145675.546958044 
 02/16  03:00:00,,,69475264.44303824,69475264.4430382 
 02/16  04:00:00,,,62105688.04981888,62105688.04981887 
 02/16  05:00:00,,,78214304.5421474,78214304.54214737 
 02/16  06:00:00,,,103016233.53205776,103016233.5320577 
 02/16  07:00:00,,,169833403.38693842,169833403.38693836 
 02/16  08:00:00,,,176039083.02973932,176039083.0297393 
 02/16  09:00:00,,,166807191.1292182,166807191.12921813 
 02/16  10:00:00,,,156789204.4468128,156789204.44681275 
 02/16  11:00:00,,,145619134.5659656,145619134.56596553 
 02/16  12:00:00,,,131603242.96507563,131603242.96507554 
 02/16  13:00:00,,,118860021.38977678,118860021.38977674 
 02/16  14:00:00,,,122604096.76359437,122604096.7635943 
 02/16  15:00:00,,,102155227.9144016,102155227.91440155 
 02/16  16:00:00,,,125119447.81008413,125119447.81008407 
 02/16  17:00:00,,,145906318.64551502,145906318.64551497 
 02/16  18:00:00,,,176799290.63718167,176799290.63718164 
 02/16  19:00:00,,,206194204.69541797,206194204.69541806 
 02/16  20:00:00,,,202340004.65434915,202340004.65434927 
 02/16  21:00:00,,,196614054.07929802,196614054.07929814 
 02/16  22:00:00,,,165592828.4147766,165592828.41477656 
 02/16  23:00:00,,,141886437.79694584,141886437.79694575 
 02/16  24:00:00,,,101845644.81261183,101845644.81261176 
 02/17  01:00:00,,,77413717.41899325,77413717.41899319 
 02/17  02:00:00,,,66024410.1535041,66024410.153504044 
 02/17  03:00:00,,,70585002.30378915,70585002.30378912 
 02/17  04:00:00,,,61340838.95348391,61340838.953483894 
 02/17  05:00:00,,,70615427.99546587,70615427.99546587 
 02/17  06:00:00,,,110485894.30964829,110485894.30964825 
 02/17  07:00:00,,,171131095.65362543,171131095.65362534 
 02/17  08:00:00,,,172512566.2354233,172512566.23542324 
 02/17  09:00:00,,,172437379.1925432,172437379.19254318 
 02/17  10:00:00,,,153533090.92307115,153533090.92307106 
 02/17  11:00:00,,,149393952.84065855,149393952.84065843 
 02/17  12:00:00,,,132296386.93993951,132296386.93993942 
 02/17  13:00:00,,,120250378.71210763,120250378.7121076 
 02/17  14:00:00,,,119056888.05600615,119056888.05600609 
 02/17  15:00:00,,,105879866.42906219,105879866.42906211 
 02/17  16:00:00,,,125915040.11851844,125915040.11851838 
 02/17  17:00:00,,,141539901.3008099,141539901.30080986 
 02/17  18:00:00,,,180999473.5999375,180999473.59993747 
 02/17  19:00:00,,,206524355.0119511,206524355.01195127 
 02/17  20:00:00,,,201909710.91964155,201909710.91964164 
 02/17  21:00:00,,,195710933.31501862,195710933.3150187 
 02/17  22:00:00,,,166922127.33155432,166922127.33155423 
 02/17  23:00:00,,,142487632.60105544,142487632.60105535 
 02/17  24:00:00,,,100038006.06990144,100038006.06990138 
 02/18  01:00:00,,,79973285.0289759,79973285.02897589 
 02/18  02:00:00,,,66628019.67941948,66628019.6794194 
 02/18  03:00:00,,,71585439.57953584,71585439.57953578 
 02/18  04:00:00,,,64282168.284976095,64282168.28497606 
 02/18  05:00:00,,,71847469.83880842,71847469.8388084 
 02/18  06:00:00,,,109281086.34841271,109281086.34841263 
 02/18  07:00:00,,,172259350.96670872,172259350.96670863 
 02/18  08:00:00,,,173886518.1486103,173886518.14861023 
 02/18  09:00:00,,,168675769.24725223,168675769.2472522 
 02/18  10:00:00,,,151419740.11643818,151419740.11643812 
 02/18  11:00:00,,,139995421.37887883,139995421.37887874 
 02/18  12:00:00,,,135670032.52545223,135670032.52545217 
 02/18  13:00:00,,,124084650.60295248,124084650.60295242 
 02/18  14:00:00,,,117020536.65451726,117020536.6545172 
 02/18  15:00:00,,,105605977.55226094,105605977.55226089 
 02/18  16:00:00,,,126729562.8887181,126729562.88871802 
 02/18  17:00:00,,,141110306.1359373,141110306.13593724 
 02/18  18:00:00,,,183155354.50602883,183155354.5060288 
 02/18  19:00:00,,,209088586.0668513,209088586.06685135 
 02/18  20:00:00,,,203442391.02493307,203442391.0249332 
 02/18  21:00:00,,,199610536.93019113,199610536.9301912 
 02/18  22:00:00,,,168063259.2705617,168063259.27056175 
 02/18  23:00:00,,,145516172.2967882,145516172.29678816 
 02/18  24:00:00,,,103848514.14239977,103848514.14239971 
 02/19  01:00:00,,,79999014.02315255,79999014.02315253 
 02/19  02:00:00,,,66462816.00606038,66462816.00606032 
 02/19  03:00:00,,,73943240.1420925,73943240.14209244 
 02/19  04:00:00,,,63114134.50050506,63114134.500505015 
 02/19  05:00:00,,,72122820.88389821,72122820.8838982 
 02/19  06:00:00,,,109079231.79609507,109079231.796095 
 02/19  07:00:00,,,171126985.30200076,171126985.30200067 
 02/19  08:00:00,,,171278418.1352438,171278418.1352437 
 02/19  09:00:00,,,166667666.78797394,166667666.78797385 
 02/19  10:00:00,,,149074000.01682416,149074000.0168241 
 02/19  11:00:00,,,139282131.04605457,139282131.0460545 
 02/19  12:00:00,,,134537489.19277585,134537489.19277576 
 02/19  13:00:00,,,122143514.72222345,122143514.72222339 
 02/19  14:00:00,,,116284055.36233974,116284055.36233969 
 02/19  15:00:00,,,105922871.9595426,105922871.95954254 
 02/19  16:00:00,,,122821505.98374581,122821505.98374575 
 02/19  17:00:00,,,140317059.8243993,140317059.82439923 
 02/19  18:00:00,,,183481595.16425353,183481595.16425344 
 02/19  19:00:00,,,205717420.1261931,205717420.12619326 
 02/19  20:00:00,,,202541794.97992453,202541794.97992468 
 02/19  21:00:00,,,198141298.17104134,198141298.17104146 
 02/19  22:00:00,,,165718054.3758051,165718054.37580505 
 02/19  23:00:00,,,141070237.9369951,141070237.93699506 
 02/19  24:00:00,,,105559501.80438639,105559501.80438635 
 02/20  01:00:00,,,76571658.54154237,76571658.54154235 
 02/20  02:00:00,,,67180879.10527731,67180879.10527726 
 02/20  03:00:00,,,62817411.75522068,62817411.755220614 
 02/20  04:00:00,,,71209756.76955967,71209756.76955965 
 02/20  05:00:00,,,69760795.86796546,69760795.86796546 
 02/20  06:00:00,,,111984540.5720524,111984540.57205236 
 02/20  07:00:00,,,172254277.4923921,172254277.49239203 
 02/20  08:00:00,,,176214246.0156045,176214246.01560438 
 02/20  09:00:00,,,169508858.68685764,169508858.68685755 
 02/20  10:00:00,,,150803360.291208,150803360.29120794 
 02/20  11:00:00,,,139984396.9814944,139984396.9814943 
 02/20  12:00:00,,,133594942.48361978,133594942.48361973 
 02/20  13:00:00,,,122537706.79668212,122537706.79668206 
 02/20  14:00:00,,,115938004.33725533,115938004.33725525 
 02/20  15:00:00,,,105757366.52695198,105757366.52695195 
 02/20  16:00:00,,,121068063.73724999,121068063.73724991 
 02/20  17:00:00,,,140503181.12870312,140503181.12870306 
 02/20  18:00:00,,,179661992.54337227,179661992.5433722 
 02/20  19:00:00,,,204034979.30206513,204034979.3020652 
 02/20  20:00:00,,,204229671.47488794,204229671.47488806 
 02/20  21:00:00,,,190027678.49184102,190027678.49184114 
 02/20  22:00:00,,,170908616.60109138,170908616.6010913 
 02/20  23:00:00,,,138530812.8122143,138530812.81221423 
 02/20  24:00:00,,,104331211.46700722,104331211.46700718 
 02/21  01:00:00,,,73693566.86452095,73693566.86452088 
 02/21  02:00:00,,,67394094.08778052,67394094.08778049 
 02/21  03:00:00,,,60467021.738193646,60467021.73819366 
 02/21  04:00:00,,,68758443.05074573,68758443.05074573 
 02/21  05:00:00,,,65825967.166090034,65825967.16609 
 02/21  06:00:00,,,103823672.11308175,103823672.11308166 
 02/21  07:00:00,,,176027403.7076856,176027403.7076855 
 02/21  08:00:00,,,172026517.03226244,172026517.03226238 
 02/21  09:00:00,,,170562931.19909468,170562931.19909465 
 02/21  10:00:00,,,150552084.14021575,150552084.14021567 
 02/21  11:00:00,,,143223040.65878105,143223040.658781 
 02/21  12:00:00,,,134749141.24059358,134749141.24059352 
 02/21  13:00:00,,,123157346.60942163,123157346.60942158 
 02/21  14:00:00,,,110688123.94025427,110688123.94025421 
 02/21  15:00:00,,,112488161.48089755,112488161.48089749 
 02/21  16:00:00,,,121337994.04543117,121337994.04543109 
 02/21  17:00:00,,,144543065.9551612,144543065.95516115 
 02/21  18:00:00,,,180061440.8214145,180061440.82141447 
 02/21  19:00:00,,,202314186.32868448,202314186.32868457 
 02/21  20:00:00,,,202806018.1574468,202806018.15744686 
 02/21  21:00:00,,,188244418.79492274,188244418.7949229 
 02/21  22:00:00,,,172886875.54915416,172886875.5491541 
 02/21  23:00:00,,,139506793.38093945,139506793.3809394 
 02/21  24:00:00,,,101512808.39137676,101512808.3913767 
 02/22  01:00:00,,,75089787.39786099,75089787.39786094 
 02/22  02:00:00,,,68602290.21259293,68602290.2125929 
 02/22  03:00:00,,,58651896.38411315,58651896.384113155 
 02/22  04:00:00,,,72830762.88731538,72830762.88731539 
 02/22  05:00:00,,,64539308.62157847,64539308.62157844 
 02/22  06:00:00,,,99836386.34588675,99836386.34588669 
 02/22  07:00:00,,,178807762.55286676,178807762.55286667 
 02/22  08:00:00,,,170813020.43187183,170813020.43187174 
 02/22  09:00:00,,,161287056.24391508,161287056.24391502 
 02/22  10:00:00,,,154855817.06776467,154855817.0677646 
 02/22  11:00:00,,,148149557.2361058,148149557.2361057 
 02/22  12:00:00,,,128795465.08275521,128795465.08275512 
 02/22  13:00:00,,,121597985.71277001,121597985.71276996 
 02/22  14:00:00,,,118540279.11620954,118540279.11620948 
 02/22  15:00:00,,,113248192.51783079,113248192.51783076 
 02/22  16:00:00,,,121238549.48881406,121238549.48881398 
 02/22  17:00:00,,,144840064.50435495,144840064.5043549 
 02/22  18:00:00,,,182517048.92780858,182517048.9278085 
 02/22  19:00:00,,,201558745.2010361,201558745.20103619 
 02/22  20:00:00,,,203163829.49369568,203163829.49369577 
 02/22  21:00:00,,,186430449.49082637,186430449.4908265 
 02/22  22:00:00,,,174594355.6304064,174594355.63040632 
 02/22  23:00:00,,,140662146.32808644,140662146.32808638 
 02/22  24:00:00,,,98432863.92619774,98432863.92619768 
 02/23  01:00:00,,,71994946.0663565,71994946.06635647 
 02/23  02:00:00,,,74208095.72166418,74208095.72166415 
 02/23  03:00:00,,,59278806.867412895,59278806.86741289 
 02/23  04:00:00,,,70059267.25631756,70059267.25631756 
 02/23  05:00:00,,,69066638.05789514,69066638.05789512 
 02/23  06:00:00,,,102044055.53350471,102044055.53350465 
 02/23  07:00:00,,,179760864.76424003,179760864.76423994 
 02/23  08:00:00,,,169863121.82815543,169863121.8281554 
 02/23  09:00:00,,,163267145.65896732,163267145.65896726 
 02/23  10:00:00,,,155289689.73067743,155289689.73067734 
 02/23  11:00:00,,,147055862.169151,147055862.16915095 
 02/23  12:00:00,,,130474477.5868985,130474477.58689846 
 02/23  13:00:00,,,120093728.24102527,120093728.2410252 
 02/23  14:00:00,,,119468198.73806593,119468198.73806581 
 02/23  15:00:00,,,113244438.15149589,113244438.15149583 
 02/23  16:00:00,,,120789284.5319139,120789284.53191386 
 02/23  17:00:00,,,147242504.69589484,147242504.69589475 
 02/23  18:00:00,,,173355968.38518324,173355968.38518322 
 02/23  19:00:00,,,209941307.19707802,209941307.19707805 
 02/23  20:00:00,,,196847977.16841692,196847977.16841704 
 02/23  21:00:00,,,194556656.86487165,194556656.8648718 
 02/23  22:00:00,,,168545428.7110437,168545428.71104366 
 02/23  23:00:00,,,146508007.35749084,146508007.35749072 
 02/23  24:00:00,,,104574311.1349594,104574311.13495933 
 02/24  01:00:00,,,73971225.52351263,73971225.5235126 
 02/24  02:00:00,,,72704595.33866777,72704595.33866769 
 02/24  03:00:00,,,65058150.43754302,65058150.437542975 
 02/24  04:00:00,,,70519923.48615563,70519923.48615558 
 02/24  05:00:00,,,70889229.69159296,70889229.69159295 
 02/24  06:00:00,,,104652695.80079487,104652695.80079481 
 02/24  07:00:00,,,173139854.5360223,173139854.53602225 
 02/24  08:00:00,,,178678661.65132508,178678661.651325 
 02/24  09:00:00,,,168219022.32100636,168219022.3210063 
 02/24  10:00:00,,,154028424.03330016,154028424.03330007 
 02/24  11:00:00,,,147288910.6330979,147288910.6330978 
 02/24  12:00:00,,,134760079.22549915,134760079.2254991 
 02/24  13:00:00,,,120463243.9047416,120463243.90474156 
 02/24  14:00:00,,,117017999.9129016,117017999.91290154 
 02/24  15:00:00,,,112787731.02481031,112787731.02481022 
 02/24  16:00:00,,,125666019.04887319,125666019.04887311 
 02/24  17:00:00,,,141297714.51299822,141297714.51299813 
 02/24  18:00:00,,,173210480.73727447,173210480.7372744 
 02/24  19:00:00,,,204556782.28371462,204556782.2837147 
 02/24  20:00:00,,,202154938.46948174,202154938.46948186 
 02/24  21:00:00,,,195037841.68377784,195037841.68377793 
 02/24  22:00:00,,,166902966.69893274,166902966.69893265 
 02/24  23:00:00,,,140937745.13241085,140937745.1324108 
 02/24  24:00:00,,,107660169.00310984,107660169.00310978 
 02/25  01:00:00,,,73601896.72895458,73601896.72895455 
 02/25  02:00:00,,,72333593.39115286,72333593.3911528 
 02/25  03:00:00,,,64446359.16816981,64446359.168169774 
 02/25  04:00:00,,,63428990.15007275,63428990.15007272 
 02/25  05:00:00,,,78280357.67161937,78280357.67161937 
 02/25  06:00:00,,,105145269.44847775,105145269.44847769 
 02/25  07:00:00,,,173407430.77134126,173407430.7713412 
 02/25  08:00:00,,,177997116.76632756,177997116.7663275 
 02/25  09:00:00,,,164673003.02449483,164673003.02449477 
 02/25  10:00:00,,,152033169.55555663,152033169.5555566 
 02/25  11:00:00,,,143350960.20875296,143350960.2087529 
 02/25  12:00:00,,,129070182.5683682,129070182.5683681 
 02/25  13:00:00,,,120318998.06928255,120318998.06928247 
 02/25  14:00:00,,,113918272.06511283,113918272.06511277 
 02/25  15:00:00,,,109241110.75648849,109241110.75648841 
 02/25  16:00:00,,,120108098.30769107,120108098.30769098 
 02/25  17:00:00,,,139607370.4007036,139607370.40070355 
 02/25  18:00:00,,,171864425.61911446,171864425.61911437 
 02/25  19:00:00,,,202819148.52084732,202819148.52084735 
 02/25  20:00:00,,,202576824.5801273,202576824.58012742 
 02/25  21:00:00,,,195126293.5120761,195126293.51207626 
 02/25  22:00:00,,,164734943.6172102,164734943.61721012 
 02/25  23:00:00,,,138670202.11873975,138670202.11873966 
 02/25  24:00:00,,,109803973.64916903,109803973.64916897 
 02/26  01:00:00,,,67486554.46016754,67486554.46016748 
 02/26  02:00:00,,,73628893.77144761,73628893.77144758 
 02/26  03:00:00,,,59888478.728199236,59888478.72819924 
 02/26  04:00:00,,,63635502.23968895,63635502.239688955 
 02/26  05:00:00,,,73674153.02010512,73674153.0201051 
 02/26  06:00:00,,,100904365.86842714,100904365.86842708 
 02/26  07:00:00,,,171541897.9463846,171541897.94638452 
 02/26  08:00:00,,,178591038.82580933,178591038.82580924 
 02/26  09:00:00,,,159733963.71719033,159733963.71719027 
 02/26  10:00:00,,,147953515.79529893,147953515.7952989 
 02/26  11:00:00,,,142962552.33693343,142962552.33693334 
 02/26  12:00:00,,,126794673.42443134,126794673.4244313 
 02/26  13:00:00,,,120775826.06001714,120775826.06001708 
 02/26  14:00:00,,,113380651.34495756,113380651.34495752 
 02/26  15:00:00,,,110944404.16123548,110944404.16123547 
 02/26  16:00:00,,,112218053.08914894,112218053.08914885 
 02/26  17:00:00,,,145571847.1020661,145571847.102066 
 02/26  18:00:00,,,175445642.37863073,175445642.37863067 
 02/26  19:00:00,,,203236500.86582103,203236500.86582112 
 02/26  20:00:00,,,200310419.36842716,200310419.36842728 
 02/26  21:00:00,,,194608775.38147295,194608775.38147306 
 02/26  22:00:00,,,165833881.29329693,165833881.29329687 
 02/26  23:00:00,,,140546063.52173176,140546063.5217317 
 02/26  24:00:00,,,100461496.93767154,100461496.93767145 
 02/27  01:00:00,,,75682363.97611737,75682363.97611728 
 02/27  02:00:00,,,63945218.663946874,63945218.66394688 
 02/27  03:00:00,,,66909282.597643286,66909282.5976433 
 02/27  04:00:00,,,64402702.318637185,64402702.3186372 
 02/27  05:00:00,,,70810179.13329256,70810179.13329251 
 02/27  06:00:00,,,100869837.93741477,100869837.93741469 
 02/27  07:00:00,,,169590815.73736477,169590815.73736468 
 02/27  08:00:00,,,176442807.21020427,176442807.21020424 
 02/27  09:00:00,,,160963686.48216802,160963686.48216796 
 02/27  10:00:00,,,152488823.15762106,152488823.15762097 
 02/27  11:00:00,,,147407508.63523874,147407508.63523868 
 02/27  12:00:00,,,128438623.99370927,128438623.99370918 
 02/27  13:00:00,,,120067770.35900003,120067770.35899995 
 02/27  14:00:00,,,119134185.29819937,119134185.29819931 
 02/27  15:00:00,,,106251557.52681187,106251557.52681184 
 02/27  16:00:00,,,119372680.89685264,119372680.89685258 
 02/27  17:00:00,,,144077214.10220656,144077214.10220647 
 02/27  18:00:00,,,178914129.72071663,178914129.72071657 
 02/27  19:00:00,,,202519235.66677275,202519235.66677287 
 02/27  20:00:00,,,203623401.22842786,203623401.22842795 
 02/27  21:00:00,,,193875991.83534747,193875991.8353476 
 02/27  22:00:00,,,166062329.45609668,166062329.4560966 
 02/27  23:00:00,,,138679100.37305272,138679100.37305263 
 02/27  24:00:00,,,100738396.67980005,100738396.67979997 
 02/28  01:00:00,,,74967958.36755458,74967958.3675545 
 02/28  02:00:00,,,65417343.20764927,65417343.20764924 
 02/28  03:00:00,,,68915220.83563595,68915220.83563598 
 02/28  04:00:00,,,63373668.408335194,63373668.40833522 
 02/28  05:00:00,,,73325085.61602323,73325085.61602318 
 02/28  06:00:00,,,100691924.45302464,100691924.45302457 
 02/28  07:00:00,,,170008183.06684428,170008183.06684422 
 02/28  08:00:00,,,170595953.54293162,170595953.54293156 
 02/28  09:00:00,,,169299752.99065015,169299752.99065 
 02/28  10:00:00,,,150142870.08287647,150142870.0828764 
 02/28  11:00:00,,,147505062.5385301,147505062.53853002 
 02/28  12:00:00,,,131660368.2485196,131660368.24851954 
 02/28  13:00:00,,,122544578.47252616,122544578.47252612 
 02/28  14:00:00,,,116028716.19616763,116028716.19616754 
 02/28  15:00:00,,,106968621.25794241,106968621.25794236 
 02/28  16:00:00,,,123710139.98661691,123710139.98661683 
 02/28  17:00:00,,,142897679.16670516,142897679.1667051 
 02/28  18:00:00,,,181928729.09065238,181928729.09065232 
 02/28  19:00:00,,,203392138.81174505,203392138.81174517 
 02/28  20:00:00,,,202615456.27087486,202615456.27087498 
 02/28  21:00:00,,,194408744.11626384,194408744.11626387 
 02/28  22:00:00,,,168232615.6591645,168232615.65916443 
 02/28  23:00:00,,,142040232.89860815,142040232.89860812 
 02/28  24:00:00,89944828940.24426,78050913807.1206,100887387.14967392,100887387.14967386 
 03/01  01:00:00,,,78101229.04928182,78101229.04928179 
 03/01  02:00:00,,,66279935.89985949,66279935.89985943 
 03/01  03:00:00,,,69647961.22741212,69647961.22741209 
 03/01  04:00:00,,,64883601.54457477,64883601.54457475 
 03/01  05:00:00,,,66404609.840499386,66404609.84049938 
 03/01  06:00:00,,,111673956.55057943,111673956.55057938 
 03/01  07:00:00,,,171067090.3122889,171067090.31228882 
 03/01  08:00:00,,,171329925.57408744,171329925.57408735 
 03/01  09:00:00,,,172001484.0272726,172001484.02727255 
 03/01  10:00:00,,,155096304.1673065,155096304.16730648 
 03/01  11:00:00,,,141478939.83777672,141478939.8377766 
 03/01  12:00:00,,,137499895.94313693,137499895.94313687 
 03/01  13:00:00,,,124333096.68076171,124333096.68076164 
 03/01  14:00:00,,,117134288.31228769,117134288.31228763 
 03/01  15:00:00,,,107122848.74052808,107122848.74052805 
 03/01  16:00:00,,,120544577.64338894,120544577.64338888 
 03/01  17:00:00,,,147540309.45734626,147540309.4573462 
 03/01  18:00:00,,,182102471.27807522,182102471.27807516 
 03/01  19:00:00,,,200491942.39906156,200491942.39906165 
 03/01  20:00:00,,,205453820.4755237,205453820.47552377 
 03/01  21:00:00,,,186023569.23088282,186023569.23088294 
 03/01  22:00:00,,,175883435.0958705,175883435.0958705 
 03/01  23:00:00,,,139238077.14886886,139238077.14886877 
 03/01  24:00:00,,,100312283.54640512,100312283.54640505 
 03/02  01:00:00,,,77787052.11260022,77787052.11260018 
 03/02  02:00:00,,,67847087.10724756,67847087.10724755 
 03/02  03:00:00,,,58323660.51544624,58323660.51544624 
 03/02  04:00:00,,,71117368.80709244,71117368.80709246 
 03/02  05:00:00,,,67259255.78769144,67259255.78769143 
 03/02  06:00:00,,,101512933.00010481,101512933.00010473 
 03/02  07:00:00,,,178029404.70546806,178029404.70546797 
 03/02  08:00:00,,,167939941.07780233,167939941.07780224 
 03/02  09:00:00,,,162588192.8617566,162588192.86175653 
 03/02  10:00:00,,,157296796.54070616,157296796.5407061 
 03/02  11:00:00,,,147825669.59760597,147825669.59760588 
 03/02  12:00:00,,,129796572.93358162,129796572.93358156 
 03/02  13:00:00,,,120375853.07934484,120375853.07934476 
 03/02  14:00:00,,,121429520.5940057,121429520.59400564 
 03/02  15:00:00,,,114433420.48651549,114433420.48651545 
 03/02  16:00:00,,,123812490.7130704,123812490.71307035 
 03/02  17:00:00,,,147688529.9052773,147688529.90527728 
 03/02  18:00:00,,,177357616.5797152,177357616.5797152 
 03/02  19:00:00,,,208326801.38813347,208326801.38813353 
 03/02  20:00:00,,,202885999.65343606,202885999.65343618 
 03/02  21:00:00,,,190340332.05182227,190340332.05182236 
 03/02  22:00:00,,,173274846.177263,173274846.17726296 
 03/02  23:00:00,,,147155133.62098068,147155133.62098062 
 03/02  24:00:00,,,102916971.28193544,102916971.28193538 
 03/03  01:00:00,,,74191926.09099282,74191926.09099282 
 03/03  02:00:00,,,71818322.78747205,71818322.78747201 
 03/03  03:00:00,,,67858473.78141579,67858473.78141573 
 03/03  04:00:00,,,71157739.27455355,71157739.2745535 
 03/03  05:00:00,,,74439300.6454486,74439300.64544861 
 03/03  06:00:00,,,105406267.98653245,105406267.98653239 
 03/03  07:00:00,,,174782115.00408757,174782115.00408754 
 03/03  08:00:00,,,179478070.78324822,179478070.7832482 
 03/03  09:00:00,,,166899562.86920333,166899562.86920327 
 03/03  10:00:00,,,154545159.7691805,154545159.76918045 
 03/03  11:00:00,,,150583588.60000584,150583588.60000575 
 03/03  12:00:00,,,135902437.4596244,135902437.45962435 
 03/03  13:00:00,,,126316696.56571102,126316696.56571098 
 03/03  14:00:00,,,117019766.97939731,117019766.97939724 
 03/03  15:00:00,,,115778627.09757908,115778627.097579 
 03/03  16:00:00,,,131551936.9050541,131551936.90505406 
 03/03  17:00:00,,,140169578.23319846,140169578.23319843 
 03/03  18:00:00,,,175479786.96049568,175479786.96049562 
 03/03  19:00:00,,,208973824.5518792,208973824.5518793 
 03/03  20:00:00,,,202969436.39806837,202969436.39806846 
 03/03  21:00:00,,,196829140.36042923,196829140.36042932 
 03/03  22:00:00,,,167952789.95946953,167952789.95946947 
 03/03  23:00:00,,,141554086.489969,141554086.48996893 
 03/03  24:00:00,,,112351228.08776252,112351228.08776248 
 03/04  01:00:00,,,71664507.50013927,71664507.50013925 
 03/04  02:00:00,,,73826654.54261974,73826654.54261968 
 03/04  03:00:00,,,64987594.53344834,64987594.53344829 
 03/04  04:00:00,,,67134405.06500655,67134405.06500651 
 03/04  05:00:00,,,77343690.9182614,77343690.91826142 
 03/04  06:00:00,,,105883755.11446396,105883755.11446391 
 03/04  07:00:00,,,173096678.63742724,173096678.63742718 
 03/04  08:00:00,,,183110396.184882,183110396.18488193 
 03/04  09:00:00,,,161664324.75527886,161664324.7552788 
 03/04  10:00:00,,,149185228.9984067,149185228.99840668 
 03/04  11:00:00,,,147390350.57288444,147390350.57288438 
 03/04  12:00:00,,,126792025.7803562,126792025.78035612 
 03/04  13:00:00,,,124785507.93750611,124785507.93750603 
 03/04  14:00:00,,,115571627.8050395,115571627.80503942 
 03/04  15:00:00,,,113951739.68382065,113951739.68382064 
 03/04  16:00:00,,,111449052.48628122,111449052.48628113 
 03/04  17:00:00,,,143376036.6259805,143376036.6259804 
 03/04  18:00:00,,,180128678.92894036,180128678.92894027 
 03/04  19:00:00,,,200346075.9424598,200346075.9424599 
 03/04  20:00:00,,,203736943.87983853,203736943.87983865 
 03/04  21:00:00,,,195067702.2273183,195067702.2273184 
 03/04  22:00:00,,,166318445.51977456,166318445.51977447 
 03/04  23:00:00,,,139531857.6982565,139531857.69825643 
 03/04  24:00:00,,,102209018.61338562,102209018.61338553 
 03/05  01:00:00,,,77429791.01307207,77429791.01307203 
 03/05  02:00:00,,,69217197.00290567,69217197.00290562 
 03/05  03:00:00,,,66417664.86987856,66417664.86987856 
 03/05  04:00:00,,,61538885.556123346,61538885.55612336 
 03/05  05:00:00,,,77636674.73741509,77636674.73741508 
 03/05  06:00:00,,,100594838.59606022,100594838.59606017 
 03/05  07:00:00,,,167941291.41469088,167941291.4146908 
 03/05  08:00:00,,,172426571.5670216,172426571.56702155 
 03/05  09:00:00,,,163855399.25657603,163855399.25657594 
 03/05  10:00:00,,,153054968.4355576,153054968.4355575 
 03/05  11:00:00,,,143202515.29924425,143202515.2992442 
 03/05  12:00:00,,,127259017.3140161,127259017.31401606 
 03/05  13:00:00,,,115529452.63261563,115529452.63261555 
 03/05  14:00:00,,,118193448.41172844,118193448.41172835 
 03/05  15:00:00,,,103052963.99951817,103052963.99951813 
 03/05  16:00:00,,,119789585.41395603,119789585.41395596 
 03/05  17:00:00,,,140645108.3182174,140645108.31821734 
 03/05  18:00:00,,,174211752.326246,174211752.32624593 
 03/05  19:00:00,,,207394880.5164523,207394880.51645237 
 03/05  20:00:00,,,200254235.12078202,200254235.12078214 
 03/05  21:00:00,,,198594749.23542053,198594749.23542067 
 03/05  22:00:00,,,163502460.12080753,163502460.12080747 
 03/05  23:00:00,,,142309572.889135,142309572.88913488 
 03/05  24:00:00,,,102828122.31437208,102828122.314372 
 03/06  01:00:00,,,79212801.20632623,79212801.20632616 
 03/06  02:00:00,,,61495121.40166332,61495121.40166327 
 03/06  03:00:00,,,65108979.3399037,65108979.33990368 
 03/06  04:00:00,,,68671254.65517877,68671254.65517877 
 03/06  05:00:00,,,69407998.41528848,69407998.41528848 
 03/06  06:00:00,,,105201922.66688298,105201922.6668829 
 03/06  07:00:00,,,171674100.721002,171674100.72100192 
 03/06  08:00:00,,,175019139.66283277,175019139.66283274 
 03/06  09:00:00,,,170336301.11486194,170336301.11486182 
 03/06  10:00:00,,,146156860.8940459,146156860.89404583 
 03/06  11:00:00,,,143535032.9059442,143535032.90594417 
 03/06  12:00:00,,,134832701.13665694,134832701.13665688 
 03/06  13:00:00,,,126556660.81039241,126556660.81039235 
 03/06  14:00:00,,,108346300.61948295,108346300.61948287 
 03/06  15:00:00,,,112611237.80298108,112611237.80298103 
 03/06  16:00:00,,,120384826.8791323,120384826.87913223 
 03/06  17:00:00,,,144832250.14942965,144832250.1494296 
 03/06  18:00:00,,,180413890.80000743,180413890.8000073 
 03/06  19:00:00,,,198681330.69572616,198681330.69572622 
 03/06  20:00:00,,,204056495.8174831,204056495.81748322 
 03/06  21:00:00,,,186876838.93772852,186876838.9377286 
 03/06  22:00:00,,,171603691.68293768,171603691.68293762 
 03/06  23:00:00,,,138993884.30394024,138993884.30394018 
 03/06  24:00:00,,,99497126.38829163,99497126.38829157 
 03/07  01:00:00,,,69961565.71972103,69961565.71972097 
 03/07  02:00:00,,,74911709.40725777,74911709.40725772 
 03/07  03:00:00,,,61124043.143232085,61124043.143232085 
 03/07  04:00:00,,,69670702.05204321,69670702.05204321 
 03/07  05:00:00,,,69516652.6054566,69516652.60545658 
 03/07  06:00:00,,,102340976.23853579,102340976.23853572 
 03/07  07:00:00,,,168665840.38550973,168665840.3855096 
 03/07  08:00:00,,,177926741.15656888,177926741.15656883 
 03/07  09:00:00,,,162417028.558101,162417028.55810094 
 03/07  10:00:00,,,154118180.2572521,154118180.25725204 
 03/07  11:00:00,,,146871522.02618262,146871522.02618253 
 03/07  12:00:00,,,129530937.06026316,129530937.06026308 
 03/07  13:00:00,,,118581807.53995775,118581807.53995767 
 03/07  14:00:00,,,120978938.25414532,120978938.25414525 
 03/07  15:00:00,,,110594466.02428441,110594466.02428435 
 03/07  16:00:00,,,127691806.9529869,127691806.95298682 
 03/07  17:00:00,,,139055162.9865276,139055162.98652756 
 03/07  18:00:00,,,169705106.88517502,169705106.88517496 
 03/07  19:00:00,,,205896359.78300494,205896359.78300497 
 03/07  20:00:00,,,200469832.51211357,200469832.51211366 
 03/07  21:00:00,,,196093385.96391648,196093385.9639166 
 03/07  22:00:00,,,163412810.91072822,163412810.91072816 
 03/07  23:00:00,,,136472561.56646478,136472561.5664647 
 03/07  24:00:00,,,110385700.81698635,110385700.81698625 
 03/08  01:00:00,,,68044882.78414312,68044882.78414306 
 03/08  02:00:00,,,72978104.03722848,72978104.03722845 
 03/08  03:00:00,,,60636747.71235525,60636747.71235527 
 03/08  04:00:00,,,63658182.476471744,63658182.47647175 
 03/08  05:00:00,,,73798169.6948948,73798169.69489478 
 03/08  06:00:00,,,102179200.64243701,102179200.64243695 
 03/08  07:00:00,,,166626876.1966638,166626876.19666374 
 03/08  08:00:00,,,179247003.98419586,179247003.9841958 
 03/08  09:00:00,,,163588179.81906068,163588179.81906062 
 03/08  10:00:00,,,151069982.19457653,151069982.1945765 
 03/08  11:00:00,,,146228273.6064571,146228273.60645705 
 03/08  12:00:00,,,128946249.78838205,128946249.78838198 
 03/08  13:00:00,,,120718652.53786843,120718652.53786835 
 03/08  14:00:00,,,119238099.78116426,119238099.78116423 
 03/08  15:00:00,,,106771917.9433836,106771917.94338353 
 03/08  16:00:00,,,120519387.87755176,120519387.8775517 
 03/08  17:00:00,,,145762609.57645446,145762609.5764544 
 03/08  18:00:00,,,175716542.50078124,175716542.50078118 
 03/08  19:00:00,,,204101132.32695335,204101132.3269535 
 03/08  20:00:00,,,200099218.70960826,200099218.70960838 
 03/08  21:00:00,,,193461749.75441682,193461749.75441688 
 03/08  22:00:00,,,162676650.37517428,162676650.37517422 
 03/08  23:00:00,,,141066016.7870222,141066016.78702214 
 03/08  24:00:00,,,97587704.64569183,97587704.64569175 
 03/09  01:00:00,,,76664825.83463454,76664825.83463451 
 03/09  02:00:00,,,59768443.489634454,59768443.48963447 
 03/09  03:00:00,,,70225384.01687524,70225384.01687525 
 03/09  04:00:00,,,57693905.22359891,57693905.22359893 
 03/09  05:00:00,,,67468706.77329165,67468706.77329162 
 03/09  06:00:00,,,108935186.8051011,108935186.80510104 
 03/09  07:00:00,,,164281400.26661652,164281400.26661643 
 03/09  08:00:00,,,168693180.31433815,168693180.3143381 
 03/09  09:00:00,,,169170930.0002251,169170930.000225 
 03/09  10:00:00,,,149625692.86316797,149625692.86316788 
 03/09  11:00:00,,,136296678.43614,136296678.4361399 
 03/09  12:00:00,,,137667801.23466238,137667801.23466232 
 03/09  13:00:00,,,121254595.46340977,121254595.46340975 
 03/09  14:00:00,,,107785565.50731641,107785565.50731634 
 03/09  15:00:00,,,110889845.77417366,110889845.7741736 
 03/09  16:00:00,,,122681445.3616837,122681445.36168367 
 03/09  17:00:00,,,142149190.5676357,142149190.5676356 
 03/09  18:00:00,,,177121386.98919746,177121386.9891974 
 03/09  19:00:00,,,201966741.42487377,201966741.42487392 
 03/09  20:00:00,,,201516798.55219948,201516798.55219957 
 03/09  21:00:00,,,184913692.7478985,184913692.74789858 
 03/09  22:00:00,,,172510891.3120356,172510891.31203556 
 03/09  23:00:00,,,137579766.06562528,137579766.06562525 
 03/09  24:00:00,,,101421784.69871807,101421784.69871801 
 03/10  01:00:00,,,66914199.32015331,66914199.32015323 
 03/10  02:00:00,,,72745980.80609293,72745980.80609293 
 03/10  03:00:00,,,58643640.44220735,58643640.442207366 
 03/10  04:00:00,,,68603297.14218308,68603297.14218308 
 03/10  05:00:00,,,66526789.53884518,66526789.538845144 
 03/10  06:00:00,,,100147070.37048629,100147070.3704862 
 03/10  07:00:00,,,167342564.7590751,167342564.75907505 
 03/10  08:00:00,,,175232560.3772447,175232560.37724462 
 03/10  09:00:00,,,161282251.30182737,161282251.3018273 
 03/10  10:00:00,,,152489225.38042957,152489225.38042954 
 03/10  11:00:00,,,145677234.4837517,145677234.48375168 
 03/10  12:00:00,,,129438971.01595424,129438971.01595421 
 03/10  13:00:00,,,119955488.01034392,119955488.01034386 
 03/10  14:00:00,,,116271516.95427606,116271516.95427598 
 03/10  15:00:00,,,112639608.96601188,112639608.9660118 
 03/10  16:00:00,,,122706429.00712302,122706429.00712298 
 03/10  17:00:00,,,141606873.19563267,141606873.19563258 
 03/10  18:00:00,,,169045712.69311324,169045712.6931132 
 03/10  19:00:00,,,203059731.58072987,203059731.58073002 
 03/10  20:00:00,,,200783256.67094016,200783256.67094028 
 03/10  21:00:00,,,194915199.81002182,194915199.81002194 
 03/10  22:00:00,,,163925250.53641388,163925250.5364138 
 03/10  23:00:00,,,137912858.67420945,137912858.67420942 
 03/10  24:00:00,,,101489946.92307869,101489946.92307863 
 03/11  01:00:00,,,75240908.42471693,75240908.42471687 
 03/11  02:00:00,,,65702961.049368896,65702961.04936884 
 03/11  03:00:00,,,70020908.99896254,70020908.99896254 
 03/11  04:00:00,,,63597959.659761146,63597959.65976114 
 03/11  05:00:00,,,76392079.34815165,76392079.34815165 
 03/11  06:00:00,,,101222713.72283173,101222713.72283165 
 03/11  07:00:00,,,167391125.5877769,167391125.58777684 
 03/11  08:00:00,,,179069701.10778144,179069701.10778135 
 03/11  09:00:00,,,158322079.7939961,158322079.79399604 
 03/11  10:00:00,,,150244220.1295983,150244220.1295982 
 03/11  11:00:00,,,145442486.12268126,145442486.12268117 
 03/11  12:00:00,,,124059371.06172137,124059371.0617213 
 03/11  13:00:00,,,118692044.31356184,118692044.31356177 
 03/11  14:00:00,,,116778121.89818382,116778121.89818375 
 03/11  15:00:00,,,101572445.00350808,101572445.00350803 
 03/11  16:00:00,,,116146710.46541274,116146710.46541269 
 03/11  17:00:00,,,141652697.7754984,141652697.7754983 
 03/11  18:00:00,,,175682618.76348177,175682618.7634817 
 03/11  19:00:00,,,201091523.36423644,201091523.36423653 
 03/11  20:00:00,,,199817320.50667027,199817320.50667036 
 03/11  21:00:00,,,190472488.37088737,190472488.37088746 
 03/11  22:00:00,,,168205575.6343605,168205575.63436037 
 03/11  23:00:00,,,141072563.1492573,141072563.14925724 
 03/11  24:00:00,,,99565514.07994771,99565514.07994764 
 03/12  01:00:00,,,65023038.94711782,65023038.94711779 
 03/12  02:00:00,,,69333008.26214986,69333008.26214986 
 03/12  03:00:00,,,59304822.334183946,59304822.33418397 
 03/12  04:00:00,,,78139119.75473902,78139119.754739 
 03/12  05:00:00,,,101239070.30118974,101239070.30118966 
 03/12  06:00:00,,,169085827.8423698,169085827.8423697 
 03/12  07:00:00,,,181558325.19015,181558325.19014993 
 03/12  08:00:00,,,159128714.30901378,159128714.30901372 
 03/12  09:00:00,,,149019188.494664,149019188.49466395 
 03/12  10:00:00,,,144710041.12619722,144710041.12619716 
 03/12  11:00:00,,,128421191.52772668,128421191.5277266 
 03/12  12:00:00,,,123035445.33482517,123035445.3348251 
 03/12  13:00:00,,,115093637.67887929,115093637.67887923 
 03/12  14:00:00,,,105042792.69073798,105042792.69073792 
 03/12  15:00:00,,,119672733.17280966,119672733.17280959 
 03/12  16:00:00,,,140425652.3250271,140425652.32502705 
 03/12  17:00:00,,,182308958.51140305,182308958.51140296 
 03/12  18:00:00,,,193895311.90556526,193895311.9055652 
 03/12  19:00:00,,,203916167.27353877,203916167.2735389 
 03/12  20:00:00,,,190556389.25820407,190556389.25820422 
 03/12  21:00:00,,,173380370.9326208,173380370.93262073 
 03/12  22:00:00,,,140529696.9108826,140529696.91088253 
 03/12  23:00:00,,,101069008.55464707,101069008.554647 
 03/12  24:00:00,,,79504536.9015587,79504536.90155864 
 03/13  01:00:00,,,66336729.370164,66336729.37016395 
 03/13  02:00:00,,,62714195.6792018,62714195.67920178 
 03/13  03:00:00,,,70871997.12258136,70871997.12258135 
 03/13  04:00:00,,,68595891.28454596,68595891.28454596 
 03/13  05:00:00,,,103106304.68767111,103106304.68767105 
 03/13  06:00:00,,,178824502.76758385,178824502.76758382 
 03/13  07:00:00,,,172255845.2872925,172255845.28729242 
 03/13  08:00:00,,,166076843.7053022,166076843.70530215 
 03/13  09:00:00,,,154860119.2753622,154860119.2753621 
 03/13  10:00:00,,,146653142.04493275,146653142.0449327 
 03/13  11:00:00,,,131919727.92766851,131919727.92766845 
 03/13  12:00:00,,,121844449.41993499,121844449.41993493 
 03/13  13:00:00,,,120822859.64448822,120822859.64448813 
 03/13  14:00:00,,,109937895.13456298,109937895.13456292 
 03/13  15:00:00,,,124594821.7483663,124594821.74836624 
 03/13  16:00:00,,,142494965.66829902,142494965.66829896 
 03/13  17:00:00,,,173101991.47758827,173101991.47758824 
 03/13  18:00:00,,,196243738.28170612,196243738.28170604 
 03/13  19:00:00,,,202168351.6353975,202168351.63539758 
 03/13  20:00:00,,,193065063.9655723,193065063.96557236 
 03/13  21:00:00,,,168027571.91777137,168027571.91777134 
 03/13  22:00:00,,,139152388.62519473,139152388.62519467 
 03/13  23:00:00,,,112317187.99996532,112317187.99996528 
 03/13  24:00:00,,,69329743.1567616,69329743.15676156 
 03/14  01:00:00,,,76356369.24102189,76356369.24102181 
 03/14  02:00:00,,,59886845.686243385,59886845.68624335 
 03/14  03:00:00,,,66154560.562873624,66154560.56287359 
 03/14  04:00:00,,,75235045.19225755,75235045.19225755 
 03/14  05:00:00,,,102602529.49796169,102602529.49796161 
 03/14  06:00:00,,,171938062.4256749,171938062.42567483 
 03/14  07:00:00,,,184916616.74609232,184916616.7460923 
 03/14  08:00:00,,,161897257.53566644,161897257.53566638 
 03/14  09:00:00,,,153122930.03658345,153122930.03658336 
 03/14  10:00:00,,,148811322.748092,148811322.7480919 
 03/14  11:00:00,,,128247557.79418623,128247557.79418617 
 03/14  12:00:00,,,121286204.02214149,121286204.02214143 
 03/14  13:00:00,,,120152034.38217078,120152034.38217069 
 03/14  14:00:00,,,106295308.57846504,106295308.57846501 
 03/14  15:00:00,,,121495859.8193374,121495859.81933734 
 03/14  16:00:00,,,143737326.40593675,143737326.4059367 
 03/14  17:00:00,,,173660327.0559625,173660327.05596244 
 03/14  18:00:00,,,194591578.15081555,194591578.15081555 
 03/14  19:00:00,,,202661155.52642477,202661155.52642483 
 03/14  20:00:00,,,190434875.27836418,190434875.27836427 
 03/14  21:00:00,,,168130891.18195117,168130891.18195114 
 03/14  22:00:00,,,136167772.3801139,136167772.38011384 
 03/14  23:00:00,,,102096231.22362688,102096231.22362679 
 03/14  24:00:00,,,75633437.9929097,75633437.99290964 
 03/15  01:00:00,,,66430768.45166516,66430768.45166514 
 03/15  02:00:00,,,59308531.81907161,59308531.819071636 
 03/15  03:00:00,,,69622983.93834962,69622983.93834963 
 03/15  04:00:00,,,66668192.10027375,66668192.10027373 
 03/15  05:00:00,,,101623733.5663276,101623733.56632756 
 03/15  06:00:00,,,174781777.7793826,174781777.77938253 
 03/15  07:00:00,,,174450019.61991796,174450019.61991787 
 03/15  08:00:00,,,162536750.88671425,162536750.8867142 
 03/15  09:00:00,,,152950831.80304053,152950831.80304044 
 03/15  10:00:00,,,144401254.3675796,144401254.36757952 
 03/15  11:00:00,,,129629551.28786778,129629551.28786771 
 03/15  12:00:00,,,120042275.74176279,120042275.74176274 
 03/15  13:00:00,,,116879049.9282803,116879049.92828023 
 03/15  14:00:00,,,108008979.99755993,108008979.99755988 
 03/15  15:00:00,,,123464703.91607842,123464703.91607833 
 03/15  16:00:00,,,139595114.98426962,139595114.98426953 
 03/15  17:00:00,,,171699214.60530677,171699214.60530668 
 03/15  18:00:00,,,194033175.53828374,194033175.5382837 
 03/15  19:00:00,,,200463432.59444875,200463432.59444883 
 03/15  20:00:00,,,191018105.9785505,191018105.97855058 
 03/15  21:00:00,,,166001283.82699355,166001283.82699353 
 03/15  22:00:00,,,135567621.4336187,135567621.43361863 
 03/15  23:00:00,,,100231825.62211719,100231825.62211712 
 03/15  24:00:00,,,73860485.80436012,73860485.80436005 
 03/16  01:00:00,,,71062660.60824953,71062660.60824953 
 03/16  02:00:00,,,57447376.432151064,57447376.43215107 
 03/16  03:00:00,,,62999061.94190742,62999061.94190742 
 03/16  04:00:00,,,70199116.87487009,70199116.87487003 
 03/16  05:00:00,,,100088789.16276488,100088789.16276482 
 03/16  06:00:00,,,169460552.81576976,169460552.81576967 
 03/16  07:00:00,,,178755686.0613326,178755686.06133258 
 03/16  08:00:00,,,159997729.83049738,159997729.83049732 
 03/16  09:00:00,,,151033362.81177145,151033362.8117714 
 03/16  10:00:00,,,144239955.44811633,144239955.44811624 
 03/16  11:00:00,,,127869313.17721245,127869313.17721236 
 03/16  12:00:00,,,121200858.6472497,121200858.64724967 
 03/16  13:00:00,,,115769464.54544123,115769464.54544115 
 03/16  14:00:00,,,106187089.63859808,106187089.63859805 
 03/16  15:00:00,,,119088620.98750007,119088620.9875 
 03/16  16:00:00,,,144498077.96340558,144498077.96340552 
 03/16  17:00:00,,,173744336.12664527,173744336.12664518 
 03/16  18:00:00,,,191897303.35233313,191897303.3523332 
 03/16  19:00:00,,,202085092.5178609,202085092.51786095 
 03/16  20:00:00,,,184500137.3114153,184500137.31141546 
 03/16  21:00:00,,,169301707.0857942,169301707.08579415 
 03/16  22:00:00,,,139087308.07932425,139087308.07932416 
 03/16  23:00:00,,,98691457.95620298,98691457.95620291 
 03/16  24:00:00,,,71234627.92718023,71234627.92718017 
 03/17  01:00:00,,,71603828.29878941,71603828.29878941 
 03/17  02:00:00,,,58265548.50198559,58265548.5019856 
 03/17  03:00:00,,,63982609.24299791,63982609.24299792 
 03/17  04:00:00,,,71418492.80564953,71418492.80564949 
 03/17  05:00:00,,,99269910.79384619,99269910.79384612 
 03/17  06:00:00,,,172680357.1719625,172680357.17196238 
 03/17  07:00:00,,,173533820.24011663,173533820.2401165 
 03/17  08:00:00,,,161353324.79614154,161353324.79614145 
 03/17  09:00:00,,,149304896.16592926,149304896.1659292 
 03/17  10:00:00,,,146135742.34278938,146135742.34278932 
 03/17  11:00:00,,,128054288.8820155,128054288.88201542 
 03/17  12:00:00,,,121562755.62659344,121562755.62659335 
 03/17  13:00:00,,,117450725.4305493,117450725.4305492 
 03/17  14:00:00,,,107335535.27173446,107335535.2717344 
 03/17  15:00:00,,,116158072.8314138,116158072.83141372 
 03/17  16:00:00,,,147859791.10597655,147859791.10597652 
 03/17  17:00:00,,,171860625.00802362,171860625.00802353 
 03/17  18:00:00,,,191804550.02365467,191804550.02365467 
 03/17  19:00:00,,,198947292.25598887,198947292.25598896 
 03/17  20:00:00,,,193215277.1667701,193215277.16677016 
 03/17  21:00:00,,,164110746.75847676,164110746.75847673 
 03/17  22:00:00,,,139217870.1120751,139217870.11207503 
 03/17  23:00:00,,,97832831.396651,97832831.39665096 
 03/17  24:00:00,,,78167380.44136176,78167380.44136168 
 03/18  01:00:00,,,61336929.2928683,61336929.2928683 
 03/18  02:00:00,,,68539743.19047686,68539743.19047686 
 03/18  03:00:00,,,62121759.69181824,62121759.69181824 
 03/18  04:00:00,,,71027756.0164928,71027756.01649278 
 03/18  05:00:00,,,103505326.62552093,103505326.62552086 
 03/18  06:00:00,,,172276690.47006783,172276690.47006774 
 03/18  07:00:00,,,167941102.84755355,167941102.84755352 
 03/18  08:00:00,,,165319135.88440797,165319135.88440794 
 03/18  09:00:00,,,147239043.03253025,147239043.0325302 
 03/18  10:00:00,,,136385801.9195159,136385801.91951585 
 03/18  11:00:00,,,131583265.20741743,131583265.20741734 
 03/18  12:00:00,,,119975437.06499635,119975437.06499627 
 03/18  13:00:00,,,106185467.414798,106185467.41479795 
 03/18  14:00:00,,,114004536.40540217,114004536.40540212 
 03/18  15:00:00,,,122232743.88155726,122232743.88155717 
 03/18  16:00:00,,,148050199.73971403,148050199.73971394 
 03/18  17:00:00,,,181703110.5184345,181703110.5184344 
 03/18  18:00:00,,,199513340.11951843,199513340.11951837 
 03/18  19:00:00,,,195402824.28602362,195402824.28602368 
 03/18  20:00:00,,,194824842.27608004,194824842.27608016 
 03/18  21:00:00,,,160851376.8427507,160851376.84275058 
 03/18  22:00:00,,,138207213.314217,138207213.3142169 
 03/18  23:00:00,,,104024741.68522656,104024741.68522651 
 03/18  24:00:00,,,70357808.29625912,70357808.29625909 
 03/19  01:00:00,,,66675779.53595753,66675779.535957545 
 03/19  02:00:00,,,62322579.545624465,62322579.545624495 
 03/19  03:00:00,,,59360446.73526095,59360446.735260956 
 03/19  04:00:00,,,72237009.35858217,72237009.35858211 
 03/19  05:00:00,,,102458698.75392625,102458698.75392619 
 03/19  06:00:00,,,167659935.22640523,167659935.22640514 
 03/19  07:00:00,,,175810617.91225624,175810617.91225618 
 03/19  08:00:00,,,159278980.8799637,159278980.8799636 
 03/19  09:00:00,,,145113951.18313077,145113951.18313068 
 03/19  10:00:00,,,142407805.8448976,142407805.8448975 
 03/19  11:00:00,,,124590933.38669094,124590933.38669086 
 03/19  12:00:00,,,120938727.68247113,120938727.68247105 
 03/19  13:00:00,,,113079756.10160516,113079756.10160512 
 03/19  14:00:00,,,106762649.84334566,106762649.84334561 
 03/19  15:00:00,,,126018907.6770167,126018907.67701665 
 03/19  16:00:00,,,144364237.82248104,144364237.82248095 
 03/19  17:00:00,,,172401538.21114933,172401538.21114928 
 03/19  18:00:00,,,199497098.88721395,199497098.8872139 
 03/19  19:00:00,,,207948265.39865378,207948265.39865386 
 03/19  20:00:00,,,191595577.03137285,191595577.03137296 
 03/19  21:00:00,,,170212068.46647006,170212068.46647 
 03/19  22:00:00,,,137706654.98623303,137706654.98623297 
 03/19  23:00:00,,,101052204.12568046,101052204.12568039 
 03/19  24:00:00,,,76905885.60968238,76905885.60968234 
 03/20  01:00:00,,,71671069.46331559,71671069.46331559 
 03/20  02:00:00,,,62006154.20444616,62006154.204446174 
 03/20  03:00:00,,,69609180.0555377,69609180.05553772 
 03/20  04:00:00,,,69015027.32237263,69015027.32237256 
 03/20  05:00:00,,,102646492.13484372,102646492.13484366 
 03/20  06:00:00,,,176798244.67127025,176798244.67127016 
 03/20  07:00:00,,,175374293.5605682,175374293.56056812 
 03/20  08:00:00,,,162215868.16332233,162215868.16332224 
 03/20  09:00:00,,,153848992.1368002,153848992.13680014 
 03/20  10:00:00,,,147652110.29669303,147652110.29669297 
 03/20  11:00:00,,,131855058.9986577,131855058.99865761 
 03/20  12:00:00,,,127318405.51409847,127318405.51409844 
 03/20  13:00:00,,,122336650.94019958,122336650.94019952 
 03/20  14:00:00,,,115379583.83088724,115379583.8308872 
 03/20  15:00:00,,,123436142.72978067,123436142.72978058 
 03/20  16:00:00,,,154480273.0518178,154480273.05181774 
 03/20  17:00:00,,,179909567.41801518,179909567.41801512 
 03/20  18:00:00,,,198940033.69222027,198940033.69222024 
 03/20  19:00:00,,,202245434.44546455,202245434.44546464 
 03/20  20:00:00,,,195887004.34328935,195887004.34328943 
 03/20  21:00:00,,,169477030.00599962,169477030.00599957 
 03/20  22:00:00,,,141091829.90124324,141091829.90124318 
 03/20  23:00:00,,,99372104.88219166,99372104.8821916 
 03/20  24:00:00,,,72853980.0499376,72853980.04993758 
 03/21  01:00:00,,,62656150.222343445,62656150.22234345 
 03/21  02:00:00,,,65700095.61972909,65700095.61972908 
 03/21  03:00:00,,,62286478.222441025,62286478.22244103 
 03/21  04:00:00,,,66138694.6167639,66138694.61676383 
 03/21  05:00:00,,,102492344.87861647,102492344.8786164 
 03/21  06:00:00,,,168922159.36503497,168922159.3650349 
 03/21  07:00:00,,,171872691.97752208,171872691.97752208 
 03/21  08:00:00,,,164256631.70529738,164256631.7052973 
 03/21  09:00:00,,,148158953.7305285,148158953.73052847 
 03/21  10:00:00,,,142470899.95312232,142470899.95312223 
 03/21  11:00:00,,,129007677.16526741,129007677.16526735 
 03/21  12:00:00,,,118485213.79015018,118485213.79015014 
 03/21  13:00:00,,,117825267.87661123,117825267.8766112 
 03/21  14:00:00,,,110424700.75728847,110424700.75728843 
 03/21  15:00:00,,,119266725.6903794,119266725.69037932 
 03/21  16:00:00,,,141293023.93207243,141293023.93207234 
 03/21  17:00:00,,,173545198.71734276,173545198.71734267 
 03/21  18:00:00,,,195511455.2179583,195511455.2179583 
 03/21  19:00:00,,,198971196.51256204,198971196.51256213 
 03/21  20:00:00,,,194816896.6356822,194816896.63568234 
 03/21  21:00:00,,,163541339.2801402,163541339.28014007 
 03/21  22:00:00,,,136254200.07347637,136254200.07347634 
 03/21  23:00:00,,,101782474.87996973,101782474.87996967 
 03/21  24:00:00,,,73337851.80832985,73337851.80832979 
 03/22  01:00:00,,,66909881.59358511,66909881.59358511 
 03/22  02:00:00,,,61512697.618756585,61512697.6187566 
 03/22  03:00:00,,,60110568.21039417,60110568.210394174 
 03/22  04:00:00,,,71402909.52672845,71402909.5267284 
 03/22  05:00:00,,,101329205.6587627,101329205.65876263 
 03/22  06:00:00,,,168652145.64085442,168652145.64085433 
 03/22  07:00:00,,,174950187.67055598,174950187.67055592 
 03/22  08:00:00,,,161323545.87054765,161323545.8705476 
 03/22  09:00:00,,,149190459.08199745,149190459.0819974 
 03/22  10:00:00,,,142026704.7649187,142026704.76491863 
 03/22  11:00:00,,,131983068.29543632,131983068.29543623 
 03/22  12:00:00,,,121909942.26309715,121909942.26309709 
 03/22  13:00:00,,,115308929.15999609,115308929.15999603 
 03/22  14:00:00,,,106707567.49229641,106707567.49229635 
 03/22  15:00:00,,,119085820.90674707,119085820.906747 
 03/22  16:00:00,,,143560979.31505874,143560979.31505865 
 03/22  17:00:00,,,174736337.8847801,174736337.88478005 
 03/22  18:00:00,,,193913034.90897995,193913034.90897995 
 03/22  19:00:00,,,197688306.97265545,197688306.97265553 
 03/22  20:00:00,,,189582882.32405347,189582882.32405353 
 03/22  21:00:00,,,165258902.69064113,165258902.69064105 
 03/22  22:00:00,,,139097834.19571018,139097834.1957101 
 03/22  23:00:00,,,104098247.74261491,104098247.74261484 
 03/22  24:00:00,,,70690594.58819799,70690594.58819792 
 03/23  01:00:00,,,68916254.0510675,68916254.05106747 
 03/23  02:00:00,,,64270289.37137944,64270289.37137946 
 03/23  03:00:00,,,61846807.01574145,61846807.01574146 
 03/23  04:00:00,,,70898016.31790659,70898016.31790656 
 03/23  05:00:00,,,102866665.47279438,102866665.47279432 
 03/23  06:00:00,,,167279562.68667805,167279562.68667796 
 03/23  07:00:00,,,176221269.42875138,176221269.4287513 
 03/23  08:00:00,,,162744755.10153353,162744755.10153344 
 03/23  09:00:00,,,150645273.93099824,150645273.9309981 
 03/23  10:00:00,,,146048045.3785058,146048045.3785057 
 03/23  11:00:00,,,129311926.50337642,129311926.50337635 
 03/23  12:00:00,,,121985073.9815285,121985073.98152848 
 03/23  13:00:00,,,119598588.61159176,119598588.61159168 
 03/23  14:00:00,,,108176836.99200127,108176836.9920012 
 03/23  15:00:00,,,121239309.84938332,121239309.84938325 
 03/23  16:00:00,,,144401227.85236037,144401227.8523603 
 03/23  17:00:00,,,175754382.65855458,175754382.65855452 
 03/23  18:00:00,,,196204136.89384845,196204136.89384842 
 03/23  19:00:00,,,199998761.48258537,199998761.4825855 
 03/23  20:00:00,,,193060191.40478742,193060191.4047875 
 03/23  21:00:00,,,169111852.6199815,169111852.61998144 
 03/23  22:00:00,,,138900815.38289845,138900815.38289836 
 03/23  23:00:00,,,101581065.33163801,101581065.33163795 
 03/23  24:00:00,,,74096118.17326452,74096118.17326447 
 03/24  01:00:00,,,70291549.25534531,70291549.25534527 
 03/24  02:00:00,,,65908831.142664604,65908831.142664604 
 03/24  03:00:00,,,66512350.71943681,66512350.71943681 
 03/24  04:00:00,,,71597901.27379775,71597901.27379774 
 03/24  05:00:00,,,104424844.7764094,104424844.77640933 
 03/24  06:00:00,,,170528885.02459925,170528885.0245992 
 03/24  07:00:00,,,175091542.97646356,175091542.9764635 
 03/24  08:00:00,,,168422041.46238178,168422041.4623817 
 03/24  09:00:00,,,149084089.91703087,149084089.91703084 
 03/24  10:00:00,,,144429221.1058413,144429221.10584122 
 03/24  11:00:00,,,132071957.43059337,132071957.4305933 
 03/24  12:00:00,,,123377419.0697093,123377419.06970926 
 03/24  13:00:00,,,113524311.05892321,113524311.05892314 
 03/24  14:00:00,,,109077684.12369585,109077684.1236958 
 03/24  15:00:00,,,120425499.46971041,120425499.46971035 
 03/24  16:00:00,,,143303123.73928988,143303123.73928982 
 03/24  17:00:00,,,173230844.50883135,173230844.50883123 
 03/24  18:00:00,,,194367763.39616126,194367763.39616123 
 03/24  19:00:00,,,195608902.6157168,195608902.61571681 
 03/24  20:00:00,,,192519406.89348567,192519406.89348572 
 03/24  21:00:00,,,165385174.71501863,165385174.71501854 
 03/24  22:00:00,,,137816542.25706863,137816542.25706857 
 03/24  23:00:00,,,102366706.93519327,102366706.9351932 
 03/24  24:00:00,,,74799817.14256342,74799817.14256337 
 03/25  01:00:00,,,67963403.25607464,67963403.2560746 
 03/25  02:00:00,,,63552361.49186052,63552361.49186052 
 03/25  03:00:00,,,65760984.593076415,65760984.59307642 
 03/25  04:00:00,,,71791397.38915138,71791397.38915136 
 03/25  05:00:00,,,102438602.70886931,102438602.70886925 
 03/25  06:00:00,,,170810029.99554032,170810029.99554026 
 03/25  07:00:00,,,174681086.3965236,174681086.39652357 
 03/25  08:00:00,,,161088783.19856173,161088783.19856167 
 03/25  09:00:00,,,148192826.4870157,148192826.48701563 
 03/25  10:00:00,,,138260669.09070602,138260669.09070593 
 03/25  11:00:00,,,128281618.277758,128281618.27775794 
 03/25  12:00:00,,,118628958.62704766,118628958.62704757 
 03/25  13:00:00,,,111138718.63121372,111138718.6312137 
 03/25  14:00:00,,,110261736.90398122,110261736.90398118 
 03/25  15:00:00,,,120410608.22095329,120410608.2209532 
 03/25  16:00:00,,,145202698.94938496,145202698.94938487 
 03/25  17:00:00,,,180179876.3052408,180179876.30524072 
 03/25  18:00:00,,,194493012.08515838,194493012.08515838 
 03/25  19:00:00,,,196044632.42719564,196044632.42719576 
 03/25  20:00:00,,,192970083.15671676,192970083.15671688 
 03/25  21:00:00,,,161018124.4820606,161018124.48206055 
 03/25  22:00:00,,,138237224.72202137,138237224.7220213 
 03/25  23:00:00,,,101182881.91957317,101182881.91957313 
 03/25  24:00:00,,,72213900.95315199,72213900.95315193 
 03/26  01:00:00,,,65823095.47274671,65823095.47274671 
 03/26  02:00:00,,,61337073.02463946,61337073.02463949 
 03/26  03:00:00,,,61692327.80163652,61692327.801636524 
 03/26  04:00:00,,,70891448.5484756,70891448.54847553 
 03/26  05:00:00,,,100139832.12753771,100139832.12753764 
 03/26  06:00:00,,,169373539.30097246,169373539.3009724 
 03/26  07:00:00,,,171897166.37401035,171897166.37401024 
 03/26  08:00:00,,,157569998.76101553,157569998.76101547 
 03/26  09:00:00,,,144751422.20258355,144751422.2025835 
 03/26  10:00:00,,,138752024.30514857,138752024.3051485 
 03/26  11:00:00,,,126723915.15688959,126723915.15688954 
 03/26  12:00:00,,,117324941.72527997,117324941.7252799 
 03/26  13:00:00,,,112226028.12098858,112226028.12098855 
 03/26  14:00:00,,,108180202.493952,108180202.49395198 
 03/26  15:00:00,,,113635974.68869236,113635974.6886923 
 03/26  16:00:00,,,138051420.80818737,138051420.8081873 
 03/26  17:00:00,,,175293256.3429948,175293256.34299478 
 03/26  18:00:00,,,193770625.09162742,193770625.0916274 
 03/26  19:00:00,,,197399137.9387781,197399137.9387782 
 03/26  20:00:00,,,192301449.2852702,192301449.2852703 
 03/26  21:00:00,,,160839352.3891582,160839352.38915813 
 03/26  22:00:00,,,137583568.749343,137583568.74934295 
 03/26  23:00:00,,,99430261.66903982,99430261.66903976 
 03/26  24:00:00,,,77289187.01002891,77289187.01002885 
 03/27  01:00:00,,,64999441.48759841,64999441.487598434 
 03/27  02:00:00,,,63173478.330775045,63173478.33077508 
 03/27  03:00:00,,,62440632.14389495,62440632.14389496 
 03/27  04:00:00,,,71658150.26965754,71658150.26965748 
 03/27  05:00:00,,,100196913.44581912,100196913.44581904 
 03/27  06:00:00,,,171947201.30058894,171947201.30058885 
 03/27  07:00:00,,,169739798.7802535,169739798.78025344 
 03/27  08:00:00,,,164610580.72521648,164610580.7252164 
 03/27  09:00:00,,,152906088.28419387,152906088.2841938 
 03/27  10:00:00,,,150901500.2349183,150901500.23491824 
 03/27  11:00:00,,,146583507.1740939,146583507.1740938 
 03/27  12:00:00,,,141551380.43331698,141551380.43331692 
 03/27  13:00:00,,,144973669.99626803,144973669.99626797 
 03/27  14:00:00,,,105388165.93471068,105388165.93471062 
 03/27  15:00:00,,,120421242.18711984,120421242.18711977 
 03/27  16:00:00,,,138231434.7193357,138231434.71933565 
 03/27  17:00:00,,,174201570.88660225,174201570.88660216 
 03/27  18:00:00,,,193077497.383702,193077497.38370198 
 03/27  19:00:00,,,236829076.65376028,236829076.65376043 
 03/27  20:00:00,,,216277284.9513082,216277284.95130825 
 03/27  21:00:00,,,185627271.8697555,185627271.86975542 
 03/27  22:00:00,,,154557764.8904726,154557764.89047253 
 03/27  23:00:00,,,111229736.78625703,111229736.78625697 
 03/27  24:00:00,,,83380442.90179342,83380442.90179335 
 03/28  01:00:00,,,69948996.4244211,69948996.4244211 
 03/28  02:00:00,,,71158002.87495258,71158002.87495258 
 03/28  03:00:00,,,66236010.95244967,66236010.95244967 
 03/28  04:00:00,,,73224689.1626977,73224689.16269764 
 03/28  05:00:00,,,106305242.83139963,106305242.83139956 
 03/28  06:00:00,,,171965117.18164843,171965117.1816483 
 03/28  07:00:00,,,178284309.7898052,178284309.78980514 
 03/28  08:00:00,,,166181083.39830938,166181083.3983093 
 03/28  09:00:00,,,153272183.45526087,153272183.45526084 
 03/28  10:00:00,,,142380618.75511977,142380618.75511974 
 03/28  11:00:00,,,126601760.3504461,126601760.35044602 
 03/28  12:00:00,,,118069125.27899534,118069125.27899529 
 03/28  13:00:00,,,115310264.98830067,115310264.98830059 
 03/28  14:00:00,,,105340037.71633649,105340037.71633644 
 03/28  15:00:00,,,118844323.91176388,118844323.91176382 
 03/28  16:00:00,,,153471422.44480363,153471422.44480357 
 03/28  17:00:00,,,219413315.22435483,219413315.22435492 
 03/28  18:00:00,,,225520321.58231813,225520321.58231804 
 03/28  19:00:00,,,221125486.32916027,221125486.3291604 
 03/28  20:00:00,,,210835704.92037523,210835704.92037535 
 03/28  21:00:00,,,184060261.23001888,184060261.2300188 
 03/28  22:00:00,,,148530088.987895,148530088.98789495 
 03/28  23:00:00,,,109903347.57349607,109903347.57349601 
 03/28  24:00:00,,,74481423.41163051,74481423.41163044 
 03/29  01:00:00,,,75590397.03526115,75590397.03526117 
 03/29  02:00:00,,,64726831.463207975,64726831.46320798 
 03/29  03:00:00,,,72134275.22303039,72134275.22303042 
 03/29  04:00:00,,,68819085.07313484,68819085.07313478 
 03/29  05:00:00,,,104312440.06656581,104312440.06656575 
 03/29  06:00:00,,,171546834.8263554,171546834.82635528 
 03/29  07:00:00,,,176687241.71699163,176687241.7169916 
 03/29  08:00:00,,,164903015.43843165,164903015.43843156 
 03/29  09:00:00,,,151513545.9315167,151513545.93151662 
 03/29  10:00:00,,,146507895.5973147,146507895.5973146 
 03/29  11:00:00,,,132515992.4617387,132515992.4617386 
 03/29  12:00:00,,,127519183.23880687,127519183.23880684 
 03/29  13:00:00,,,121574396.1745895,121574396.17458944 
 03/29  14:00:00,,,113628327.40430672,113628327.4043067 
 03/29  15:00:00,,,129364437.05934322,129364437.05934313 
 03/29  16:00:00,,,155063816.72704372,155063816.72704366 
 03/29  17:00:00,,,191987773.80230328,191987773.80230322 
 03/29  18:00:00,,,210984761.47530657,210984761.47530657 
 03/29  19:00:00,,,208798270.70976043,208798270.7097605 
 03/29  20:00:00,,,197874947.1486054,197874947.1486055 
 03/29  21:00:00,,,169458456.07765928,169458456.07765925 
 03/29  22:00:00,,,143481547.03327927,143481547.03327915 
 03/29  23:00:00,,,107247866.61190595,107247866.61190587 
 03/29  24:00:00,,,69944852.00123586,69944852.00123583 
 03/30  01:00:00,,,67713290.45497017,67713290.45497018 
 03/30  02:00:00,,,61048573.98606086,61048573.98606088 
 03/30  03:00:00,,,58527018.28399062,58527018.283990644 
 03/30  04:00:00,,,72264479.18976492,72264479.18976486 
 03/30  05:00:00,,,100791275.59031627,100791275.5903162 
 03/30  06:00:00,,,166361944.7326959,166361944.73269585 
 03/30  07:00:00,,,173037221.6005159,173037221.60051584 
 03/30  08:00:00,,,157717461.00872192,157717461.00872183 
 03/30  09:00:00,,,152614597.51749825,152614597.51749822 
 03/30  10:00:00,,,146201766.57784262,146201766.57784253 
 03/30  11:00:00,,,143858857.28329018,143858857.28329012 
 03/30  12:00:00,,,135066182.8361647,135066182.83616462 
 03/30  13:00:00,,,132324125.14912724,132324125.14912719 
 03/30  14:00:00,,,135460431.59724766,135460431.59724757 
 03/30  15:00:00,,,148342743.50092363,148342743.50092357 
 03/30  16:00:00,,,176562879.99867266,176562879.9986726 
 03/30  17:00:00,,,208155786.22593766,208155786.22593763 
 03/30  18:00:00,,,218686207.55607036,218686207.55607027 
 03/30  19:00:00,,,214052311.56743208,214052311.56743217 
 03/30  20:00:00,,,206040838.14202592,206040838.142026 
 03/30  21:00:00,,,173880688.8419048,173880688.8419047 
 03/30  22:00:00,,,142139399.90242642,142139399.90242636 
 03/30  23:00:00,,,104090593.49759974,104090593.49759965 
 03/30  24:00:00,,,75093157.96528749,75093157.96528742 
 03/31  01:00:00,,,68340264.15035078,68340264.1503508 
 03/31  02:00:00,,,63995211.214412645,63995211.214412674 
 03/31  03:00:00,,,63139616.912841335,63139616.91284134 
 03/31  04:00:00,,,68812134.26587267,68812134.2658726 
 03/31  05:00:00,,,102721544.78054652,102721544.78054646 
 03/31  06:00:00,,,167166761.35643515,167166761.3564351 
 03/31  07:00:00,,,171158435.19456547,171158435.19456545 
 03/31  08:00:00,,,167155499.75413758,167155499.75413752 
 03/31  09:00:00,,,148452692.14127618,148452692.1412761 
 03/31  10:00:00,,,141830157.20488468,141830157.2048846 
 03/31  11:00:00,,,128077266.99218792,128077266.99218786 
 03/31  12:00:00,,,116018503.59222044,116018503.59222037 
 03/31  13:00:00,,,117700899.87663192,117700899.87663184 
 03/31  14:00:00,,,106803066.80156538,106803066.80156532 
 03/31  15:00:00,,,120156699.18899196,120156699.1889919 
 03/31  16:00:00,,,137906651.706483,137906651.70648292 
 03/31  17:00:00,,,173086388.66551113,173086388.66551107 
 03/31  18:00:00,,,189247542.05179065,189247542.0517906 
 03/31  19:00:00,,,195366724.20804918,195366724.20804927 
 03/31  20:00:00,,,213131357.4426872,213131357.4426873 
 03/31  21:00:00,,,181809287.7811062,181809287.78110608 
 03/31  22:00:00,,,147551609.42269918,147551609.4226991 
 03/31  23:00:00,,,105361475.13031267,105361475.13031259 
 03/31  24:00:00,98808246166.50723,42219632309.46884,73600884.11146761,73600884.1114676 
 04/01  01:00:00,,,60897208.569234565,60897208.56923457 
 04/01  02:00:00,,,63352605.57639563,63352605.57639566 
 04/01  03:00:00,,,62036836.57486099,62036836.574861005 
 04/01  04:00:00,,,67154810.43889046,67154810.4388904 
 04/01  05:00:00,,,101748295.7109581,101748295.71095803 
 04/01  06:00:00,,,168705452.44478115,168705452.44478106 
 04/01  07:00:00,,,171024065.60944855,171024065.6094485 
 04/01  08:00:00,,,157245120.08918244,157245120.08918235 
 04/01  09:00:00,,,143522120.54290617,143522120.5429061 
 04/01  10:00:00,,,138525386.57972115,138525386.57972112 
 04/01  11:00:00,,,126238538.36338179,126238538.36338171 
 04/01  12:00:00,,,124711965.01066959,124711965.01066953 
 04/01  13:00:00,,,114576307.0201332,114576307.02013315 
 04/01  14:00:00,,,111633143.63805051,111633143.63805047 
 04/01  15:00:00,,,119577420.2048042,119577420.20480412 
 04/01  16:00:00,,,145141451.87107354,145141451.87107345 
 04/01  17:00:00,,,187087199.50335068,187087199.5033506 
 04/01  18:00:00,,,201872294.51059216,201872294.51059216 
 04/01  19:00:00,,,202956014.928806,202956014.92880607 
 04/01  20:00:00,,,193294084.81553122,193294084.81553134 
 04/01  21:00:00,,,171366529.68008024,171366529.68008018 
 04/01  22:00:00,,,141297619.77136505,141297619.771365 
 04/01  23:00:00,,,101934495.2811209,101934495.28112082 
 04/01  24:00:00,,,71378618.45286399,71378618.45286395 
 04/02  01:00:00,,,67743256.80842791,67743256.80842791 
 04/02  02:00:00,,,63210739.71974944,63210739.71974945 
 04/02  03:00:00,,,61948658.571136974,61948658.57113698 
 04/02  04:00:00,,,71888235.46276727,71888235.46276721 
 04/02  05:00:00,,,102901373.30602255,102901373.3060225 
 04/02  06:00:00,,,167816247.88337815,167816247.8833781 
 04/02  07:00:00,,,175637219.90899026,175637219.9089902 
 04/02  08:00:00,,,160911921.75953692,160911921.75953686 
 04/02  09:00:00,,,151219736.52728736,151219736.5272873 
 04/02  10:00:00,,,146192785.3873155,146192785.38731542 
 04/02  11:00:00,,,139623874.22591674,139623874.22591668 
 04/02  12:00:00,,,119738429.17085652,119738429.17085646 
 04/02  13:00:00,,,108477553.2337659,108477553.23376587 
 04/02  14:00:00,,,105258878.17200041,105258878.17200035 
 04/02  15:00:00,,,116521459.80545685,116521459.80545676 
 04/02  16:00:00,,,136743113.0498634,136743113.04986334 
 04/02  17:00:00,,,170221159.39448902,170221159.39448893 
 04/02  18:00:00,,,191818023.07617822,191818023.0761782 
 04/02  19:00:00,,,199473734.6560836,199473734.65608367 
 04/02  20:00:00,,,203393887.28813118,203393887.28813127 
 04/02  21:00:00,,,174737684.77144447,174737684.7714444 
 04/02  22:00:00,,,147318804.67579937,147318804.6757993 
 04/02  23:00:00,,,103379221.90689938,103379221.90689932 
 04/02  24:00:00,,,82967717.21396448,82967717.2139644 
 04/03  01:00:00,,,69796390.074431,69796390.074431 
 04/03  02:00:00,,,66324102.52463685,66324102.524636865 
 04/03  03:00:00,,,62434490.545283794,62434490.545283794 
 04/03  04:00:00,,,68619597.2124983,68619597.21249826 
 04/03  05:00:00,,,101157985.3167026,101157985.31670254 
 04/03  06:00:00,,,171039025.62824756,171039025.6282475 
 04/03  07:00:00,,,170039176.24736044,170039176.24736038 
 04/03  08:00:00,,,161185323.18737024,161185323.18737015 
 04/03  09:00:00,,,152784802.21117097,152784802.21117085 
 04/03  10:00:00,,,144367082.78832656,144367082.7883265 
 04/03  11:00:00,,,134412928.62629732,134412928.62629727 
 04/03  12:00:00,,,124970029.67454739,124970029.67454733 
 04/03  13:00:00,,,116974710.54369536,116974710.5436953 
 04/03  14:00:00,,,110468577.53618175,110468577.5361817 
 04/03  15:00:00,,,124336401.14080441,124336401.14080432 
 04/03  16:00:00,,,145783802.46046656,145783802.46046647 
 04/03  17:00:00,,,178605168.58977848,178605168.58977842 
 04/03  18:00:00,,,195760794.22244385,195760794.2224438 
 04/03  19:00:00,,,198808347.2333647,198808347.23336476 
 04/03  20:00:00,,,188834559.77512312,188834559.77512327 
 04/03  21:00:00,,,166928561.9364887,166928561.93648863 
 04/03  22:00:00,,,136042715.62799713,136042715.62799704 
 04/03  23:00:00,,,100975441.6210654,100975441.62106533 
 04/03  24:00:00,,,71010900.71974933,71010900.71974929 
 04/04  01:00:00,,,68153902.2807332,68153902.28073321 
 04/04  02:00:00,,,64531889.5370525,64531889.537052505 
 04/04  03:00:00,,,60510073.290831104,60510073.29083112 
 04/04  04:00:00,,,68837815.62333632,68837815.62333626 
 04/04  05:00:00,,,102872276.2092202,102872276.20922013 
 04/04  06:00:00,,,163955533.58153132,163955533.58153123 
 04/04  07:00:00,,,172916767.3664973,172916767.36649725 
 04/04  08:00:00,,,159449004.84942046,159449004.84942043 
 04/04  09:00:00,,,148628303.5738225,148628303.57382244 
 04/04  10:00:00,,,142884516.84378847,142884516.8437884 
 04/04  11:00:00,,,133099155.02749807,133099155.027498 
 04/04  12:00:00,,,123408095.40683198,123408095.40683194 
 04/04  13:00:00,,,116157921.6295206,116157921.62952052 
 04/04  14:00:00,,,113713892.48606505,113713892.48606497 
 04/04  15:00:00,,,123885744.17953491,123885744.17953484 
 04/04  16:00:00,,,150230389.32064402,150230389.32064396 
 04/04  17:00:00,,,181182820.88364357,181182820.8836435 
 04/04  18:00:00,,,197412359.73012087,197412359.73012084 
 04/04  19:00:00,,,199939877.5846869,199939877.584687 
 04/04  20:00:00,,,192300054.46982247,192300054.46982256 
 04/04  21:00:00,,,168322736.76074874,168322736.7607487 
 04/04  22:00:00,,,137562201.0173288,137562201.01732874 
 04/04  23:00:00,,,100568634.63305368,100568634.6330536 
 04/04  24:00:00,,,72323180.60339256,72323180.60339253 
 04/05  01:00:00,,,65362843.88049427,65362843.880494274 
 04/05  02:00:00,,,66611628.616513796,66611628.61651382 
 04/05  03:00:00,,,61445483.898908816,61445483.898908824 
 04/05  04:00:00,,,69039423.87271793,69039423.87271789 
 04/05  05:00:00,,,101856960.98105723,101856960.98105715 
 04/05  06:00:00,,,161571487.13238508,161571487.13238502 
 04/05  07:00:00,,,170334988.62057,170334988.62056994 
 04/05  08:00:00,,,161863808.49555138,161863808.4955513 
 04/05  09:00:00,,,149224716.2312613,149224716.2312613 
 04/05  10:00:00,,,145146918.82132632,145146918.82132626 
 04/05  11:00:00,,,139438433.30094463,139438433.30094454 
 04/05  12:00:00,,,134544634.52191073,134544634.5219106 
 04/05  13:00:00,,,132523283.95966484,132523283.9596648 
 04/05  14:00:00,,,131800337.70934261,131800337.70934255 
 04/05  15:00:00,,,138787227.3517511,138787227.35175103 
 04/05  16:00:00,,,166421968.37652972,166421968.37652963 
 04/05  17:00:00,,,191465648.9988345,191465648.9988344 
 04/05  18:00:00,,,211598840.3588667,211598840.35886657 
 04/05  19:00:00,,,212087825.15280908,212087825.15280917 
 04/05  20:00:00,,,198768598.0909034,198768598.09090352 
 04/05  21:00:00,,,177145327.55895737,177145327.55895734 
 04/05  22:00:00,,,144321027.9003299,144321027.90032983 
 04/05  23:00:00,,,104561289.14858027,104561289.1485802 
 04/05  24:00:00,,,73708740.69044717,73708740.69044709 
 04/06  01:00:00,,,70871131.07498392,70871131.07498392 
 04/06  02:00:00,,,64460175.62571663,64460175.62571664 
 04/06  03:00:00,,,64767889.53791156,64767889.53791158 
 04/06  04:00:00,,,67487391.96502964,67487391.96502958 
 04/06  05:00:00,,,100395879.22740059,100395879.22740051 
 04/06  06:00:00,,,165276405.14051896,165276405.1405189 
 04/06  07:00:00,,,170628064.5151922,170628064.51519215 
 04/06  08:00:00,,,159409371.32282925,159409371.3228292 
 04/06  09:00:00,,,148554673.12929574,148554673.12929568 
 04/06  10:00:00,,,139549692.0078522,139549692.00785214 
 04/06  11:00:00,,,131624451.39981243,131624451.39981236 
 04/06  12:00:00,,,119798747.9878414,119798747.98784134 
 04/06  13:00:00,,,110330844.43905716,110330844.43905711 
 04/06  14:00:00,,,107854830.95725448,107854830.95725444 
 04/06  15:00:00,,,120962535.06032479,120962535.06032473 
 04/06  16:00:00,,,142129654.0322215,142129654.03222144 
 04/06  17:00:00,,,173928940.47947982,173928940.47947976 
 04/06  18:00:00,,,190675641.87274522,190675641.87274516 
 04/06  19:00:00,,,194506330.4003616,194506330.4003617 
 04/06  20:00:00,,,191328295.58730233,191328295.58730248 
 04/06  21:00:00,,,161053527.77353665,161053527.7735366 
 04/06  22:00:00,,,136919118.77372563,136919118.77372557 
 04/06  23:00:00,,,101278814.49178436,101278814.49178429 
 04/06  24:00:00,,,74572971.0461489,74572971.04614885 
 04/07  01:00:00,,,64623986.93248784,64623986.93248786 
 04/07  02:00:00,,,66256214.26620357,66256214.2662036 
 04/07  03:00:00,,,58853300.23566624,58853300.23566625 
 04/07  04:00:00,,,71629245.80420263,71629245.80420257 
 04/07  05:00:00,,,102641299.76952994,102641299.76952988 
 04/07  06:00:00,,,165540122.2395417,165540122.23954162 
 04/07  07:00:00,,,167318711.57005417,167318711.57005408 
 04/07  08:00:00,,,164676504.24793947,164676504.24793938 
 04/07  09:00:00,,,147511030.26362917,147511030.26362908 
 04/07  10:00:00,,,140720192.5931614,140720192.59316137 
 04/07  11:00:00,,,127493690.48179573,127493690.48179565 
 04/07  12:00:00,,,119354252.48030305,119354252.480303 
 04/07  13:00:00,,,115532118.38089162,115532118.38089155 
 04/07  14:00:00,,,108466771.56790598,108466771.56790592 
 04/07  15:00:00,,,120366190.25442658,120366190.25442652 
 04/07  16:00:00,,,141608759.81488296,141608759.81488287 
 04/07  17:00:00,,,168978954.76633823,168978954.7663382 
 04/07  18:00:00,,,193788837.68743917,193788837.6874392 
 04/07  19:00:00,,,192558410.36223793,192558410.36223796 
 04/07  20:00:00,,,192086491.91906,192086491.91906005 
 04/07  21:00:00,,,161278011.29661873,161278011.29661867 
 04/07  22:00:00,,,136910006.4021897,136910006.4021896 
 04/07  23:00:00,,,100436993.1052923,100436993.10529225 
 04/07  24:00:00,,,73441951.1438911,73441951.14389104 
 04/08  01:00:00,,,65711720.92362942,65711720.92362943 
 04/08  02:00:00,,,59918792.40578429,59918792.40578429 
 04/08  03:00:00,,,68762596.63112794,68762596.63112795 
 04/08  04:00:00,,,67566719.4347729,67566719.43477283 
 04/08  05:00:00,,,99490882.46420932,99490882.46420927 
 04/08  06:00:00,,,171463661.20864844,171463661.2086484 
 04/08  07:00:00,,,170999259.3257124,170999259.32571232 
 04/08  08:00:00,,,154777212.6789873,154777212.67898723 
 04/08  09:00:00,,,147295367.04953536,147295367.04953527 
 04/08  10:00:00,,,137290955.45170268,137290955.45170265 
 04/08  11:00:00,,,126563002.66906661,126563002.66906655 
 04/08  12:00:00,,,116617093.66161261,116617093.66161254 
 04/08  13:00:00,,,111736314.32008754,111736314.32008749 
 04/08  14:00:00,,,110456824.22543451,110456824.22543448 
 04/08  15:00:00,,,124437495.53034551,124437495.53034543 
 04/08  16:00:00,,,152116211.77393642,152116211.77393633 
 04/08  17:00:00,,,180884292.08984685,180884292.0898468 
 04/08  18:00:00,,,196042310.37273633,196042310.3727363 
 04/08  19:00:00,,,197272910.0689892,197272910.06898925 
 04/08  20:00:00,,,192097053.95864156,192097053.95864165 
 04/08  21:00:00,,,161358014.34461907,161358014.34461904 
 04/08  22:00:00,,,135631672.2804205,135631672.28042042 
 04/08  23:00:00,,,97848241.2333315,97848241.23333143 
 04/08  24:00:00,,,76277166.38901654,76277166.3890165 
 04/09  01:00:00,,,61680977.796276264,61680977.79627628 
 04/09  02:00:00,,,66581070.39074062,66581070.39074064 
 04/09  03:00:00,,,59109879.388833076,59109879.3888331 
 04/09  04:00:00,,,67442381.35687329,67442381.35687324 
 04/09  05:00:00,,,102290509.61805898,102290509.6180589 
 04/09  06:00:00,,,165821592.6605283,165821592.66052824 
 04/09  07:00:00,,,167499008.1681904,167499008.16819033 
 04/09  08:00:00,,,157244701.2295554,157244701.22955537 
 04/09  09:00:00,,,142682866.94580293,142682866.94580287 
 04/09  10:00:00,,,141119278.0797748,141119278.07977474 
 04/09  11:00:00,,,122294489.05271786,122294489.05271779 
 04/09  12:00:00,,,117078285.61648768,117078285.6164876 
 04/09  13:00:00,,,111726728.74750093,111726728.74750087 
 04/09  14:00:00,,,103891489.59734747,103891489.59734742 
 04/09  15:00:00,,,115229543.48320591,115229543.48320585 
 04/09  16:00:00,,,139286397.79395348,139286397.79395342 
 04/09  17:00:00,,,173064869.05556086,173064869.05556083 
 04/09  18:00:00,,,191779470.26588035,191779470.26588035 
 04/09  19:00:00,,,189625474.9217169,189625474.921717 
 04/09  20:00:00,,,189211834.68384376,189211834.68384385 
 04/09  21:00:00,,,161500552.97033915,161500552.97033912 
 04/09  22:00:00,,,136836776.9861928,136836776.98619276 
 04/09  23:00:00,,,98607901.64193013,98607901.64193009 
 04/09  24:00:00,,,76121402.30004875,76121402.30004871 
 04/10  01:00:00,,,66997480.964540645,66997480.964540645 
 04/10  02:00:00,,,65520550.24356057,65520550.24356058 
 04/10  03:00:00,,,59655435.31171643,59655435.311716445 
 04/10  04:00:00,,,73823627.07748576,73823627.07748571 
 04/10  05:00:00,,,100638588.36938252,100638588.36938247 
 04/10  06:00:00,,,160876952.1048061,160876952.10480607 
 04/10  07:00:00,,,168798833.64621335,168798833.6462133 
 04/10  08:00:00,,,159381885.96689162,159381885.96689156 
 04/10  09:00:00,,,148624475.11558893,148624475.11558887 
 04/10  10:00:00,,,139467243.33966735,139467243.33966726 
 04/10  11:00:00,,,130070916.60112242,130070916.60112236 
 04/10  12:00:00,,,121855206.72527134,121855206.72527127 
 04/10  13:00:00,,,114038911.19694355,114038911.19694349 
 04/10  14:00:00,,,110647929.8598781,110647929.85987802 
 04/10  15:00:00,,,122749071.8827767,122749071.88277665 
 04/10  16:00:00,,,144527121.9552518,144527121.9552517 
 04/10  17:00:00,,,178395217.90196535,178395217.90196526 
 04/10  18:00:00,,,196320854.62066457,196320854.62066454 
 04/10  19:00:00,,,197683475.6320625,197683475.63206258 
 04/10  20:00:00,,,190029793.5282615,190029793.5282616 
 04/10  21:00:00,,,163564764.1174538,163564764.11745372 
 04/10  22:00:00,,,137464629.80893102,137464629.8089309 
 04/10  23:00:00,,,102689859.18564603,102689859.18564595 
 04/10  24:00:00,,,69280879.38228172,69280879.38228165 
 04/11  01:00:00,,,68106563.30458581,68106563.30458583 
 04/11  02:00:00,,,59355954.225249246,59355954.22524926 
 04/11  03:00:00,,,65996979.21722394,65996979.21722395 
 04/11  04:00:00,,,68428474.72541031,68428474.72541027 
 04/11  05:00:00,,,101241023.17026618,101241023.17026609 
 04/11  06:00:00,,,165631701.7145197,165631701.71451968 
 04/11  07:00:00,,,171734620.1314908,171734620.1314907 
 04/11  08:00:00,,,161096532.93097714,161096532.93097708 
 04/11  09:00:00,,,146929948.5845303,146929948.58453023 
 04/11  10:00:00,,,142766702.38838562,142766702.38838556 
 04/11  11:00:00,,,128289749.1667425,128289749.16674243 
 04/11  12:00:00,,,117984413.44840997,117984413.44840993 
 04/11  13:00:00,,,117838125.81109774,117838125.8110977 
 04/11  14:00:00,,,112534929.09922361,112534929.09922354 
 04/11  15:00:00,,,123778574.81931818,123778574.8193181 
 04/11  16:00:00,,,145807438.7018663,145807438.7018662 
 04/11  17:00:00,,,173314191.96570805,173314191.96570802 
 04/11  18:00:00,,,194716023.34864265,194716023.34864265 
 04/11  19:00:00,,,194206403.34170115,194206403.3417012 
 04/11  20:00:00,,,191056645.46138227,191056645.4613824 
 04/11  21:00:00,,,163932285.33300447,163932285.33300444 
 04/11  22:00:00,,,137118619.70136243,137118619.70136234 
 04/11  23:00:00,,,96969008.57334211,96969008.57334207 
 04/11  24:00:00,,,74355774.11320801,74355774.11320795 
 04/12  01:00:00,,,64734331.30304362,64734331.30304363 
 04/12  02:00:00,,,66453008.384544164,66453008.384544164 
 04/12  03:00:00,,,61773226.20173022,61773226.20173024 
 04/12  04:00:00,,,70310657.99541506,70310657.99541503 
 04/12  05:00:00,,,103187509.0119015,103187509.01190142 
 04/12  06:00:00,,,161544963.79170132,161544963.7917013 
 04/12  07:00:00,,,171257452.65216014,171257452.6521601 
 04/12  08:00:00,,,159731994.8430687,159731994.84306863 
 04/12  09:00:00,,,147497233.53317803,147497233.5331779 
 04/12  10:00:00,,,141038889.19867063,141038889.19867057 
 04/12  11:00:00,,,129550643.74585453,129550643.74585447 
 04/12  12:00:00,,,123910043.57685095,123910043.57685092 
 04/12  13:00:00,,,116810861.36195323,116810861.36195317 
 04/12  14:00:00,,,113234528.09933522,113234528.09933516 
 04/12  15:00:00,,,128614126.0031753,128614126.00317523 
 04/12  16:00:00,,,149759835.6055171,149759835.605517 
 04/12  17:00:00,,,179599239.34869972,179599239.34869966 
 04/12  18:00:00,,,196854732.38542283,196854732.3854228 
 04/12  19:00:00,,,197126353.6378927,197126353.63789278 
 04/12  20:00:00,,,192889273.38924986,192889273.38924992 
 04/12  21:00:00,,,162874696.46959656,162874696.4695965 
 04/12  22:00:00,,,137359822.24943286,137359822.2494328 
 04/12  23:00:00,,,98900189.63272206,98900189.632722 
 04/12  24:00:00,,,73966073.25017881,73966073.25017877 
 04/13  01:00:00,,,64080698.20019294,64080698.20019296 
 04/13  02:00:00,,,62157210.960127644,62157210.96012765 
 04/13  03:00:00,,,63307717.26841323,63307717.26841324 
 04/13  04:00:00,,,66356328.022030495,66356328.02203043 
 04/13  05:00:00,,,99942401.76163471,99942401.76163463 
 04/13  06:00:00,,,165726408.0401673,165726408.0401672 
 04/13  07:00:00,,,167780228.86651897,167780228.8665189 
 04/13  08:00:00,,,160339115.71410847,160339115.71410838 
 04/13  09:00:00,,,146987481.28626028,146987481.2862602 
 04/13  10:00:00,,,142227375.16503784,142227375.16503778 
 04/13  11:00:00,,,129351091.13285641,129351091.13285637 
 04/13  12:00:00,,,121727408.85956939,121727408.85956936 
 04/13  13:00:00,,,113095631.896914,113095631.89691395 
 04/13  14:00:00,,,111573963.81070432,111573963.81070426 
 04/13  15:00:00,,,120544598.28248501,120544598.28248495 
 04/13  16:00:00,,,146432554.3371956,146432554.33719555 
 04/13  17:00:00,,,174564700.37921298,174564700.3792129 
 04/13  18:00:00,,,199430315.00701085,199430315.00701085 
 04/13  19:00:00,,,196997374.87760687,196997374.8776069 
 04/13  20:00:00,,,193623250.4558143,193623250.45581442 
 04/13  21:00:00,,,164837756.8944037,164837756.89440367 
 04/13  22:00:00,,,140768857.39779118,140768857.39779112 
 04/13  23:00:00,,,100440149.45510536,100440149.45510529 
 04/13  24:00:00,,,70263327.0631253,70263327.06312528 
 04/14  01:00:00,,,67122781.57381876,67122781.57381877 
 04/14  02:00:00,,,62399034.67055723,62399034.670557246 
 04/14  03:00:00,,,64274036.11289376,64274036.11289377 
 04/14  04:00:00,,,67335553.10361084,67335553.10361077 
 04/14  05:00:00,,,100274219.24006864,100274219.24006857 
 04/14  06:00:00,,,161896618.87492168,161896618.87492162 
 04/14  07:00:00,,,171050315.4087389,171050315.40873888 
 04/14  08:00:00,,,159231308.44539094,159231308.44539088 
 04/14  09:00:00,,,151430542.98090258,151430542.98090255 
 04/14  10:00:00,,,140371422.596245,140371422.5962449 
 04/14  11:00:00,,,128851336.87471554,128851336.87471546 
 04/14  12:00:00,,,117482221.27889822,117482221.27889818 
 04/14  13:00:00,,,111868936.3331356,111868936.33313553 
 04/14  14:00:00,,,107296383.16608095,107296383.16608094 
 04/14  15:00:00,,,118214332.30071193,118214332.30071187 
 04/14  16:00:00,,,141207534.46286783,141207534.46286777 
 04/14  17:00:00,,,167845412.88608596,167845412.8860859 
 04/14  18:00:00,,,190108658.5366886,190108658.53668857 
 04/14  19:00:00,,,192254009.6449441,192254009.64494416 
 04/14  20:00:00,,,186807841.01985258,186807841.0198527 
 04/14  21:00:00,,,161999345.35452205,161999345.354522 
 04/14  22:00:00,,,148447616.0325712,148447616.03257114 
 04/14  23:00:00,,,142281312.64347255,142281312.6434725 
 04/14  24:00:00,,,80215258.01879676,80215258.01879668 
 04/15  01:00:00,,,79890875.65827551,79890875.65827551 
 04/15  02:00:00,,,70428953.02524282,70428953.02524282 
 04/15  03:00:00,,,68180627.35479894,68180627.35479894 
 04/15  04:00:00,,,74095022.5980122,74095022.59801213 
 04/15  05:00:00,,,104306051.59403393,104306051.59403384 
 04/15  06:00:00,,,164426971.08300456,164426971.0830045 
 04/15  07:00:00,,,174094099.13737243,174094099.13737231 
 04/15  08:00:00,,,157951313.22677362,157951313.22677356 
 04/15  09:00:00,,,144380715.5380154,144380715.53801537 
 04/15  10:00:00,,,135334047.93460822,135334047.93460816 
 04/15  11:00:00,,,121947521.66514367,121947521.66514362 
 04/15  12:00:00,,,117962953.52414316,117962953.52414308 
 04/15  13:00:00,,,126443955.41179442,126443955.41179435 
 04/15  14:00:00,,,105493763.27969462,105493763.27969459 
 04/15  15:00:00,,,123104328.03755176,123104328.03755173 
 04/15  16:00:00,,,139489384.79515377,139489384.7951537 
 04/15  17:00:00,,,217424796.39113313,217424796.3911332 
 04/15  18:00:00,,,227047309.92707023,227047309.9270702 
 04/15  19:00:00,,,219538963.12782925,219538963.12782925 
 04/15  20:00:00,,,213538040.23600435,213538040.23600447 
 04/15  21:00:00,,,180162967.35117474,180162967.3511747 
 04/15  22:00:00,,,149200849.61125764,149200849.61125755 
 04/15  23:00:00,,,106487930.21284959,106487930.21284954 
 04/15  24:00:00,,,75243207.74252099,75243207.74252091 
 04/16  01:00:00,,,70761169.70781216,70761169.70781218 
 04/16  02:00:00,,,63549984.585941926,63549984.585941926 
 04/16  03:00:00,,,61426979.38423662,61426979.38423662 
 04/16  04:00:00,,,72119669.11513627,72119669.11513619 
 04/16  05:00:00,,,99825696.88488017,99825696.8848801 
 04/16  06:00:00,,,165603836.616183,165603836.6161829 
 04/16  07:00:00,,,171748788.9389735,171748788.93897343 
 04/16  08:00:00,,,167093126.85269508,167093126.85269505 
 04/16  09:00:00,,,156833464.3826796,156833464.38267952 
 04/16  10:00:00,,,161526951.62170476,161526951.6217047 
 04/16  11:00:00,,,158791009.6450406,158791009.6450405 
 04/16  12:00:00,,,151978290.9043823,151978290.9043822 
 04/16  13:00:00,,,147267637.55705974,147267637.5570597 
 04/16  14:00:00,,,104824079.91139363,104824079.91139358 
 04/16  15:00:00,,,127119006.76531856,127119006.76531851 
 04/16  16:00:00,,,152497286.16886055,152497286.1688605 
 04/16  17:00:00,,,185260447.98015553,185260447.9801555 
 04/16  18:00:00,,,193442692.0582126,193442692.05821258 
 04/16  19:00:00,,,196166317.18842494,196166317.188425 
 04/16  20:00:00,,,197182237.6092537,197182237.6092538 
 04/16  21:00:00,,,172807063.64068097,172807063.6406809 
 04/16  22:00:00,,,168499337.89263463,168499337.89263457 
 04/16  23:00:00,,,125938962.59076592,125938962.5907659 
 04/16  24:00:00,,,107521327.61727513,107521327.6172751 
 04/17  01:00:00,,,90643184.130346,90643184.13034596 
 04/17  02:00:00,,,84386000.86297266,84386000.86297263 
 04/17  03:00:00,,,88197588.93699749,88197588.93699747 
 04/17  04:00:00,,,88090665.71497925,88090665.71497922 
 04/17  05:00:00,,,120217876.14632255,120217876.14632249 
 04/17  06:00:00,,,179695588.9345355,179695588.9345354 
 04/17  07:00:00,,,189558772.4492717,189558772.44927162 
 04/17  08:00:00,,,172532862.41968787,172532862.4196878 
 04/17  09:00:00,,,165094666.34695277,165094666.34695268 
 04/17  10:00:00,,,151060087.9929648,151060087.99296474 
 04/17  11:00:00,,,144710747.76380622,144710747.76380616 
 04/17  12:00:00,,,142435155.53948507,142435155.539485 
 04/17  13:00:00,,,137988148.76598018,137988148.76598012 
 04/17  14:00:00,,,124367215.689633,124367215.68963295 
 04/17  15:00:00,,,113133725.59611258,113133725.59611252 
 04/17  16:00:00,,,138543062.4289567,138543062.4289566 
 04/17  17:00:00,,,172323246.54009464,172323246.54009458 
 04/17  18:00:00,,,190678824.14732257,190678824.14732254 
 04/17  19:00:00,,,192579093.06079596,192579093.06079602 
 04/17  20:00:00,,,194753410.50528076,194753410.50528085 
 04/17  21:00:00,,,182034911.83253554,182034911.83253548 
 04/17  22:00:00,,,151623469.29391629,151623469.29391623 
 04/17  23:00:00,,,109848437.5783973,109848437.57839724 
 04/17  24:00:00,,,73171391.70208836,73171391.7020883 
 04/18  01:00:00,,,73276204.5886147,73276204.58861472 
 04/18  02:00:00,,,60732925.85242403,60732925.852424055 
 04/18  03:00:00,,,63778795.247167595,63778795.24716761 
 04/18  04:00:00,,,71173403.15840264,71173403.15840256 
 04/18  05:00:00,,,98582412.3982114,98582412.39821133 
 04/18  06:00:00,,,159017794.13814056,159017794.13814047 
 04/18  07:00:00,,,169734925.47725773,169734925.47725767 
 04/18  08:00:00,,,157554750.42839697,157554750.4283969 
 04/18  09:00:00,,,149021903.6756547,149021903.67565462 
 04/18  10:00:00,,,139440212.54942945,139440212.5494294 
 04/18  11:00:00,,,128292464.5152843,128292464.51528424 
 04/18  12:00:00,,,119821584.73466904,119821584.73466899 
 04/18  13:00:00,,,117226092.13131356,117226092.13131349 
 04/18  14:00:00,,,105871359.42871712,105871359.42871706 
 04/18  15:00:00,,,117737865.23470983,117737865.23470974 
 04/18  16:00:00,,,143196082.38935176,143196082.38935167 
 04/18  17:00:00,,,179245247.4855356,179245247.48553553 
 04/18  18:00:00,,,196182437.41803914,196182437.41803908 
 04/18  19:00:00,,,190334071.95418328,190334071.95418334 
 04/18  20:00:00,,,187958412.6754532,187958412.67545328 
 04/18  21:00:00,,,162530841.60369813,162530841.60369807 
 04/18  22:00:00,,,138418746.9153849,138418746.91538486 
 04/18  23:00:00,,,101220864.04811761,101220864.04811752 
 04/18  24:00:00,,,70416806.83172877,70416806.83172874 
 04/19  01:00:00,,,65623113.5556369,65623113.5556369 
 04/19  02:00:00,,,64654715.03749627,64654715.03749629 
 04/19  03:00:00,,,59001201.721420646,59001201.72142066 
 04/19  04:00:00,,,71234691.65347135,71234691.65347128 
 04/19  05:00:00,,,102576724.23977768,102576724.23977761 
 04/19  06:00:00,,,158365300.93175077,158365300.9317507 
 04/19  07:00:00,,,164878131.9110982,164878131.91109818 
 04/19  08:00:00,,,158519934.02981335,158519934.02981326 
 04/19  09:00:00,,,147528009.47896117,147528009.4789611 
 04/19  10:00:00,,,142917324.48631707,142917324.48631698 
 04/19  11:00:00,,,127521706.57365283,127521706.57365276 
 04/19  12:00:00,,,119526595.29658891,119526595.29658887 
 04/19  13:00:00,,,115793128.97429115,115793128.97429109 
 04/19  14:00:00,,,103646205.49567395,103646205.49567392 
 04/19  15:00:00,,,124115473.39819437,124115473.39819431 
 04/19  16:00:00,,,143318729.34970507,143318729.34970498 
 04/19  17:00:00,,,176800379.49200028,176800379.49200022 
 04/19  18:00:00,,,194255633.13977414,194255633.13977414 
 04/19  19:00:00,,,193705369.99062642,193705369.99062645 
 04/19  20:00:00,,,197252723.47313577,197252723.4731359 
 04/19  21:00:00,,,162540008.62678114,162540008.62678108 
 04/19  22:00:00,,,137885605.35570884,137885605.3557088 
 04/19  23:00:00,,,98918610.4929139,98918610.49291383 
 04/19  24:00:00,,,73075972.1322552,73075972.13225517 
 04/20  01:00:00,,,62054090.07716025,62054090.07716026 
 04/20  02:00:00,,,64557162.22129072,64557162.221290745 
 04/20  03:00:00,,,63812477.05754271,63812477.05754273 
 04/20  04:00:00,,,62794899.508215204,62794899.50821513 
 04/20  05:00:00,,,101993705.56724252,101993705.56724244 
 04/20  06:00:00,,,163411107.69881433,163411107.6988143 
 04/20  07:00:00,,,168350030.5685154,168350030.56851533 
 04/20  08:00:00,,,154904353.75087157,154904353.75087148 
 04/20  09:00:00,,,152286145.7526358,152286145.75263572 
 04/20  10:00:00,,,140889980.53098276,140889980.5309827 
 04/20  11:00:00,,,137845784.33001658,137845784.33001655 
 04/20  12:00:00,,,130174097.88600057,130174097.88600048 
 04/20  13:00:00,,,125988564.81540094,125988564.81540088 
 04/20  14:00:00,,,127380752.26950894,127380752.26950888 
 04/20  15:00:00,,,139618433.32719976,139618433.32719967 
 04/20  16:00:00,,,161887166.22837695,161887166.22837687 
 04/20  17:00:00,,,192918112.4636012,192918112.46360114 
 04/20  18:00:00,,,211192769.18593466,211192769.1859346 
 04/20  19:00:00,,,208466530.07265782,208466530.0726579 
 04/20  20:00:00,,,196202170.91860828,196202170.91860843 
 04/20  21:00:00,,,171605548.03694224,171605548.0369422 
 04/20  22:00:00,,,141338143.9625219,141338143.96252185 
 04/20  23:00:00,,,105086994.57883939,105086994.5788393 
 04/20  24:00:00,,,69118805.07765688,69118805.07765685 
 04/21  01:00:00,,,68958960.5634857,68958960.5634857 
 04/21  02:00:00,,,61591081.91566267,61591081.91566269 
 04/21  03:00:00,,,58337899.571173616,58337899.57117364 
 04/21  04:00:00,,,73193809.85988638,73193809.85988632 
 04/21  05:00:00,,,99280114.04969122,99280114.04969117 
 04/21  06:00:00,,,159495633.40033627,159495633.4003362 
 04/21  07:00:00,,,166089250.4523701,166089250.45237005 
 04/21  08:00:00,,,164078637.61086938,164078637.61086935 
 04/21  09:00:00,,,146067692.79324454,146067692.79324448 
 04/21  10:00:00,,,148486404.01031747,148486404.01031742 
 04/21  11:00:00,,,133441634.69635257,133441634.69635251 
 04/21  12:00:00,,,130934789.490126,130934789.49012595 
 04/21  13:00:00,,,121491193.42047036,121491193.42047028 
 04/21  14:00:00,,,110921982.54126777,110921982.54126772 
 04/21  15:00:00,,,133052302.26628663,133052302.26628652 
 04/21  16:00:00,,,154937998.50803477,154937998.5080347 
 04/21  17:00:00,,,194846058.399929,194846058.39992893 
 04/21  18:00:00,,,211435209.3956346,211435209.39563453 
 04/21  19:00:00,,,207945790.7011866,207945790.7011867 
 04/21  20:00:00,,,210408804.85186657,210408804.85186663 
 04/21  21:00:00,,,176084323.08486423,176084323.0848642 
 04/21  22:00:00,,,147826567.72876328,147826567.72876325 
 04/21  23:00:00,,,108339928.41870502,108339928.41870494 
 04/21  24:00:00,,,74677133.70681573,74677133.70681569 
 04/22  01:00:00,,,62796048.456110455,62796048.45611047 
 04/22  02:00:00,,,61497374.40002926,61497374.400029264 
 04/22  03:00:00,,,66737347.32491494,66737347.32491495 
 04/22  04:00:00,,,67195585.61817113,67195585.61817108 
 04/22  05:00:00,,,99268594.94656771,99268594.94656767 
 04/22  06:00:00,,,158154679.20432323,158154679.20432314 
 04/22  07:00:00,,,171279115.4300382,171279115.43003815 
 04/22  08:00:00,,,153987010.32965034,153987010.32965025 
 04/22  09:00:00,,,143597076.00200647,143597076.00200644 
 04/22  10:00:00,,,131194881.10892923,131194881.10892916 
 04/22  11:00:00,,,123333262.1213005,123333262.12130043 
 04/22  12:00:00,,,120189639.21642102,120189639.21642096 
 04/22  13:00:00,,,118632855.71908094,118632855.71908087 
 04/22  14:00:00,,,116563376.26557857,116563376.26557854 
 04/22  15:00:00,,,121391199.17739484,121391199.17739478 
 04/22  16:00:00,,,144082895.27848977,144082895.2784897 
 04/22  17:00:00,,,181156482.72027525,181156482.72027516 
 04/22  18:00:00,,,194792838.77374113,194792838.7737411 
 04/22  19:00:00,,,188866555.5566602,188866555.55666023 
 04/22  20:00:00,,,189560893.00446332,189560893.00446343 
 04/22  21:00:00,,,158102395.48745328,158102395.48745322 
 04/22  22:00:00,,,137679016.9418824,137679016.94188234 
 04/22  23:00:00,,,98044941.7167367,98044941.71673666 
 04/22  24:00:00,,,71604102.42727181,71604102.42727178 
 04/23  01:00:00,,,64657664.68919027,64657664.68919028 
 04/23  02:00:00,,,65450697.89989112,65450697.89989114 
 04/23  03:00:00,,,61585355.1557187,61585355.15571871 
 04/23  04:00:00,,,67449741.34885792,67449741.34885786 
 04/23  05:00:00,,,101624268.3140641,101624268.31406403 
 04/23  06:00:00,,,159326640.3839716,159326640.38397154 
 04/23  07:00:00,,,165999407.51545197,165999407.51545188 
 04/23  08:00:00,,,153117041.40022755,153117041.4002275 
 04/23  09:00:00,,,144939274.4191681,144939274.41916803 
 04/23  10:00:00,,,135890600.89604914,135890600.89604908 
 04/23  11:00:00,,,122900083.21707898,122900083.21707892 
 04/23  12:00:00,,,119469429.18285857,119469429.18285851 
 04/23  13:00:00,,,107748655.7548448,107748655.75484474 
 04/23  14:00:00,,,104687224.98889288,104687224.98889284 
 04/23  15:00:00,,,114695304.43666367,114695304.43666363 
 04/23  16:00:00,,,136535520.99919182,136535520.9991918 
 04/23  17:00:00,,,167891439.75907686,167891439.7590768 
 04/23  18:00:00,,,190516448.37290037,190516448.37290037 
 04/23  19:00:00,,,187837452.89152318,187837452.8915232 
 04/23  20:00:00,,,186405759.09193808,186405759.09193817 
 04/23  21:00:00,,,163608219.82573456,163608219.8257345 
 04/23  22:00:00,,,136256504.52574003,136256504.52573997 
 04/23  23:00:00,,,99372881.91716662,99372881.91716656 
 04/23  24:00:00,,,70682522.59593137,70682522.5959313 
 04/24  01:00:00,,,69987260.39373118,69987260.3937312 
 04/24  02:00:00,,,61596196.61441293,61596196.61441294 
 04/24  03:00:00,,,64074275.46357023,64074275.46357024 
 04/24  04:00:00,,,67671709.42702669,67671709.42702661 
 04/24  05:00:00,,,102845024.69744769,102845024.69744763 
 04/24  06:00:00,,,159764559.0530174,159764559.0530173 
 04/24  07:00:00,,,168418672.63519445,168418672.6351944 
 04/24  08:00:00,,,159813014.5646776,159813014.56467754 
 04/24  09:00:00,,,145467287.4525545,145467287.45255446 
 04/24  10:00:00,,,140267607.2603702,140267607.2603701 
 04/24  11:00:00,,,127020634.8458549,127020634.84585485 
 04/24  12:00:00,,,118896934.00325033,118896934.00325026 
 04/24  13:00:00,,,116739272.81946035,116739272.81946026 
 04/24  14:00:00,,,106127247.20446041,106127247.20446035 
 04/24  15:00:00,,,117315817.45950264,117315817.4595026 
 04/24  16:00:00,,,143505502.86747625,143505502.8674762 
 04/24  17:00:00,,,173296006.56924298,173296006.56924295 
 04/24  18:00:00,,,193410443.81709677,193410443.81709677 
 04/24  19:00:00,,,185530212.4080779,185530212.40807796 
 04/24  20:00:00,,,190000725.2785849,190000725.27858505 
 04/24  21:00:00,,,163393392.09822476,163393392.09822467 
 04/24  22:00:00,,,133482654.57080679,133482654.57080671 
 04/24  23:00:00,,,102018712.75075874,102018712.75075866 
 04/24  24:00:00,,,71911443.58337177,71911443.58337171 
 04/25  01:00:00,,,66233000.929609776,66233000.92960979 
 04/25  02:00:00,,,64395499.38595096,64395499.385950975 
 04/25  03:00:00,,,61376748.648041554,61376748.64804157 
 04/25  04:00:00,,,67377990.60325292,67377990.60325286 
 04/25  05:00:00,,,104590347.78632878,104590347.78632873 
 04/25  06:00:00,,,160919395.3273901,160919395.32739004 
 04/25  07:00:00,,,164765497.6788154,164765497.6788153 
 04/25  08:00:00,,,155942699.65402022,155942699.65402013 
 04/25  09:00:00,,,146769942.038944,146769942.03894395 
 04/25  10:00:00,,,140251539.96781805,140251539.967818 
 04/25  11:00:00,,,131695573.82407463,131695573.82407454 
 04/25  12:00:00,,,121134889.48007578,121134889.48007572 
 04/25  13:00:00,,,117799962.40586168,117799962.40586159 
 04/25  14:00:00,,,119299472.44447616,119299472.44447613 
 04/25  15:00:00,,,129147587.71573369,129147587.7157336 
 04/25  16:00:00,,,149329551.0111944,149329551.01119432 
 04/25  17:00:00,,,174259064.9132165,174259064.9132164 
 04/25  18:00:00,,,196031649.91069198,196031649.91069198 
 04/25  19:00:00,,,194526730.58066982,194526730.5806699 
 04/25  20:00:00,,,187459069.17348334,187459069.17348343 
 04/25  21:00:00,,,161881668.28044176,161881668.2804417 
 04/25  22:00:00,,,135867530.9130764,135867530.9130763 
 04/25  23:00:00,,,102291460.19119726,102291460.19119719 
 04/25  24:00:00,,,70383760.86590563,70383760.86590558 
 04/26  01:00:00,,,68312875.20922565,68312875.20922565 
 04/26  02:00:00,,,60355730.640025325,60355730.64002534 
 04/26  03:00:00,,,61036487.39809284,61036487.39809286 
 04/26  04:00:00,,,73385678.06370983,73385678.06370977 
 04/26  05:00:00,,,96729590.59050752,96729590.59050745 
 04/26  06:00:00,,,158938611.88777125,158938611.88777116 
 04/26  07:00:00,,,165719708.64996073,165719708.6499607 
 04/26  08:00:00,,,157167345.02104867,157167345.02104858 
 04/26  09:00:00,,,146903330.28922388,146903330.2892238 
 04/26  10:00:00,,,146311244.49134716,146311244.49134707 
 04/26  11:00:00,,,129063820.53537638,129063820.53537631 
 04/26  12:00:00,,,125515865.24667105,125515865.24667099 
 04/26  13:00:00,,,121410839.00767177,121410839.0076717 
 04/26  14:00:00,,,109034064.15884227,109034064.15884224 
 04/26  15:00:00,,,126059253.78124808,126059253.781248 
 04/26  16:00:00,,,146111371.9525649,146111371.9525648 
 04/26  17:00:00,,,171756116.05146933,171756116.05146927 
 04/26  18:00:00,,,194405777.34676117,194405777.34676117 
 04/26  19:00:00,,,193160017.57134265,193160017.5713427 
 04/26  20:00:00,,,192490777.6335175,192490777.63351762 
 04/26  21:00:00,,,165440670.40551054,165440670.40551051 
 04/26  22:00:00,,,135045904.81250638,135045904.81250632 
 04/26  23:00:00,,,100664582.08396778,100664582.08396772 
 04/26  24:00:00,,,69801605.58909771,69801605.58909768 
 04/27  01:00:00,,,68157129.37162657,68157129.37162659 
 04/27  02:00:00,,,56761587.34779764,56761587.34779766 
 04/27  03:00:00,,,64166837.2449125,64166837.24491251 
 04/27  04:00:00,,,69998938.3048712,69998938.30487116 
 04/27  05:00:00,,,98418486.83017738,98418486.83017732 
 04/27  06:00:00,,,157472645.1065294,157472645.10652933 
 04/27  07:00:00,,,166663192.4344917,166663192.43449163 
 04/27  08:00:00,,,160956412.5938507,160956412.5938506 
 04/27  09:00:00,,,143207192.60802737,143207192.6080273 
 04/27  10:00:00,,,145070911.64660907,145070911.646609 
 04/27  11:00:00,,,131465294.14994992,131465294.14994982 
 04/27  12:00:00,,,130193949.43488398,130193949.43488391 
 04/27  13:00:00,,,131298079.06304589,131298079.06304583 
 04/27  14:00:00,,,121815213.81686234,121815213.81686226 
 04/27  15:00:00,,,137578545.99964255,137578545.99964252 
 04/27  16:00:00,,,158484332.82179213,158484332.8217921 
 04/27  17:00:00,,,190783999.74502948,190783999.74502942 
 04/27  18:00:00,,,203038335.9197623,203038335.91976222 
 04/27  19:00:00,,,199842066.45791492,199842066.45791495 
 04/27  20:00:00,,,197636214.9594879,197636214.95948797 
 04/27  21:00:00,,,165617514.52947494,165617514.52947485 
 04/27  22:00:00,,,139434899.13154125,139434899.13154122 
 04/27  23:00:00,,,99495126.31484552,99495126.31484546 
 04/27  24:00:00,,,68703869.43756858,68703869.43756855 
 04/28  01:00:00,,,67298403.20412786,67298403.20412788 
 04/28  02:00:00,,,60197379.45227057,60197379.45227058 
 04/28  03:00:00,,,64827537.22702785,64827537.227027856 
 04/28  04:00:00,,,65495744.7318027,65495744.73180265 
 04/28  05:00:00,,,99204474.21213605,99204474.21213597 
 04/28  06:00:00,,,157506539.90099096,157506539.9009909 
 04/28  07:00:00,,,170662651.94847786,170662651.9484778 
 04/28  08:00:00,,,156092187.02263886,156092187.02263877 
 04/28  09:00:00,,,144641648.0097081,144641648.00970802 
 04/28  10:00:00,,,146296966.6630125,146296966.66301242 
 04/28  11:00:00,,,137921952.1057952,137921952.10579512 
 04/28  12:00:00,,,133691549.66078787,133691549.66078782 
 04/28  13:00:00,,,134863373.96030986,134863373.9603098 
 04/28  14:00:00,,,124870372.61090678,124870372.6109067 
 04/28  15:00:00,,,145022892.11777034,145022892.11777028 
 04/28  16:00:00,,,166519788.73928082,166519788.73928073 
 04/28  17:00:00,,,194795745.33627158,194795745.33627155 
 04/28  18:00:00,,,209412030.86989364,209412030.86989355 
 04/28  19:00:00,,,211683584.49748394,211683584.49748397 
 04/28  20:00:00,,,202898452.45969427,202898452.4596944 
 04/28  21:00:00,,,171427365.1758359,171427365.17583585 
 04/28  22:00:00,,,137710012.33797717,137710012.33797708 
 04/28  23:00:00,,,102409844.53842995,102409844.53842984 
 04/28  24:00:00,,,70500136.88423043,70500136.8842304 
 04/29  01:00:00,,,64421064.871403374,64421064.87140338 
 04/29  02:00:00,,,60896522.31489707,60896522.31489709 
 04/29  03:00:00,,,62277710.638711795,62277710.63871181 
 04/29  04:00:00,,,70791416.86364317,70791416.86364311 
 04/29  05:00:00,,,99205828.29178233,99205828.29178227 
 04/29  06:00:00,,,152879535.9288996,152879535.92889953 
 04/29  07:00:00,,,169418919.85339972,169418919.85339963 
 04/29  08:00:00,,,155662610.21534052,155662610.21534047 
 04/29  09:00:00,,,137312830.2906016,137312830.29060155 
 04/29  10:00:00,,,137901992.34385163,137901992.34385157 
 04/29  11:00:00,,,126049846.8527734,126049846.85277332 
 04/29  12:00:00,,,126332301.82900673,126332301.82900667 
 04/29  13:00:00,,,123373268.27618776,123373268.27618772 
 04/29  14:00:00,,,117179355.23939297,117179355.23939292 
 04/29  15:00:00,,,139630067.78216398,139630067.7821639 
 04/29  16:00:00,,,144266662.19768268,144266662.19768262 
 04/29  17:00:00,,,167959703.8307079,167959703.83070785 
 04/29  18:00:00,,,213538850.8926983,213538850.89269823 
 04/29  19:00:00,,,213701057.97344887,213701057.97344893 
 04/29  20:00:00,,,203414184.16155195,203414184.16155207 
 04/29  21:00:00,,,172276680.6695213,172276680.66952124 
 04/29  22:00:00,,,137199284.40213352,137199284.40213346 
 04/29  23:00:00,,,102862501.34782887,102862501.34782884 
 04/29  24:00:00,,,70321183.81466012,70321183.8146601 
 04/30  01:00:00,,,69389929.17273715,69389929.17273717 
 04/30  02:00:00,,,60249025.07568616,60249025.07568618 
 04/30  03:00:00,,,60555344.92072271,60555344.92072272 
 04/30  04:00:00,,,70819004.73447026,70819004.73447019 
 04/30  05:00:00,,,99399330.58146071,99399330.58146064 
 04/30  06:00:00,,,154410913.74569094,154410913.74569088 
 04/30  07:00:00,,,168060508.01492175,168060508.01492167 
 04/30  08:00:00,,,160010527.99146444,160010527.99146435 
 04/30  09:00:00,,,146952389.20545426,146952389.20545417 
 04/30  10:00:00,,,134119319.81638324,134119319.81638321 
 04/30  11:00:00,,,122406731.70784126,122406731.70784119 
 04/30  12:00:00,,,116307001.64895038,116307001.64895034 
 04/30  13:00:00,,,118052521.22910759,118052521.22910753 
 04/30  14:00:00,,,113870892.08025944,113870892.08025941 
 04/30  15:00:00,,,128913675.49018025,128913675.4901802 
 04/30  16:00:00,,,150041389.39623088,150041389.39623082 
 04/30  17:00:00,,,195468590.4094023,195468590.40940237 
 04/30  18:00:00,,,207676999.7561795,207676999.75617945 
 04/30  19:00:00,,,204316767.66293505,204316767.66293508 
 04/30  20:00:00,,,198386735.21490392,198386735.214904 
 04/30  21:00:00,,,162909619.63179252,162909619.63179246 
 04/30  22:00:00,,,160548449.09907758,160548449.09907752 
 04/30  23:00:00,,,130914043.89186957,130914043.89186954 
 04/30  24:00:00,95111966097.39229,8392095130.841157,104350574.76863126,104350574.76863128 
 05/01  01:00:00,,,93339015.83102317,93339015.83102311 
 05/01  02:00:00,,,82242132.91776687,82242132.91776681 
 05/01  03:00:00,,,80262136.84247506,80262136.84247503 
 05/01  04:00:00,,,87290927.99824478,87290927.99824476 
 05/01  05:00:00,,,113682770.11763455,113682770.11763446 
 05/01  06:00:00,,,169665701.91164938,169665701.91164935 
 05/01  07:00:00,,,179895208.9378325,179895208.93783244 
 05/01  08:00:00,,,173731203.54334554,173731203.5433455 
 05/01  09:00:00,,,158188683.46790826,158188683.46790817 
 05/01  10:00:00,,,158984146.82355332,158984146.82355326 
 05/01  11:00:00,,,157685539.75278258,157685539.7527825 
 05/01  12:00:00,,,155780342.8744741,155780342.87447408 
 05/01  13:00:00,,,156509175.93752682,156509175.93752676 
 05/01  14:00:00,,,119464208.5879697,119464208.58796965 
 05/01  15:00:00,,,118342286.70222232,118342286.70222223 
 05/01  16:00:00,,,140159346.75519562,140159346.75519553 
 05/01  17:00:00,,,193172134.46418533,193172134.46418533 
 05/01  18:00:00,,,239948032.70528737,239948032.70528725 
 05/01  19:00:00,,,229149429.33942288,229149429.33942288 
 05/01  20:00:00,,,213646575.40048206,213646575.40048218 
 05/01  21:00:00,,,181958899.69644946,181958899.6964494 
 05/01  22:00:00,,,152510843.23094642,152510843.23094636 
 05/01  23:00:00,,,108992228.82235697,108992228.82235691 
 05/01  24:00:00,,,84588142.00266042,84588142.00266036 
 05/02  01:00:00,,,67461694.5368532,67461694.5368532 
 05/02  02:00:00,,,74905258.10234123,74905258.10234125 
 05/02  03:00:00,,,62984934.56116486,62984934.561164886 
 05/02  04:00:00,,,71869065.27944887,71869065.27944882 
 05/02  05:00:00,,,105605433.2017675,105605433.20176741 
 05/02  06:00:00,,,163600479.3115489,163600479.3115488 
 05/02  07:00:00,,,168584001.99939096,168584001.9993909 
 05/02  08:00:00,,,159728087.7492913,159728087.74929124 
 05/02  09:00:00,,,152342271.7048104,152342271.70481035 
 05/02  10:00:00,,,147794096.03957385,147794096.03957373 
 05/02  11:00:00,,,147101489.75197667,147101489.75197658 
 05/02  12:00:00,,,143990455.00222176,143990455.0022217 
 05/02  13:00:00,,,114358311.39581814,114358311.39581807 
 05/02  14:00:00,,,107355147.8394011,107355147.83940104 
 05/02  15:00:00,,,112779950.93710542,112779950.93710539 
 05/02  16:00:00,,,135641283.60245737,135641283.6024573 
 05/02  17:00:00,,,174908781.86496726,174908781.8649672 
 05/02  18:00:00,,,185068151.16062978,185068151.16062978 
 05/02  19:00:00,,,200270865.53834346,200270865.53834355 
 05/02  20:00:00,,,232330740.6750378,232330740.67503792 
 05/02  21:00:00,,,193853878.19564322,193853878.1956433 
 05/02  22:00:00,,,159259585.0722993,159259585.0722992 
 05/02  23:00:00,,,114674721.62585483,114674721.62585476 
 05/02  24:00:00,,,79127659.21398875,79127659.21398869 
 05/03  01:00:00,,,75907966.18654877,75907966.18654878 
 05/03  02:00:00,,,66150669.84020503,66150669.84020504 
 05/03  03:00:00,,,68242725.08344506,68242725.08344507 
 05/03  04:00:00,,,71306696.44390021,71306696.44390014 
 05/03  05:00:00,,,103466436.31705815,103466436.31705807 
 05/03  06:00:00,,,164324032.41600263,164324032.41600257 
 05/03  07:00:00,,,171569924.9551918,171569924.95519173 
 05/03  08:00:00,,,169950880.0766145,169950880.07661438 
 05/03  09:00:00,,,159343306.72136885,159343306.7213688 
 05/03  10:00:00,,,165415394.58290172,165415394.58290166 
 05/03  11:00:00,,,153654281.2015476,153654281.2015475 
 05/03  12:00:00,,,154955382.93369162,154955382.93369162 
 05/03  13:00:00,,,108975412.76022497,108975412.76022492 
 05/03  14:00:00,,,101796690.43234602,101796690.43234596 
 05/03  15:00:00,,,117084843.25139444,117084843.25139438 
 05/03  16:00:00,,,137259226.00373304,137259226.00373298 
 05/03  17:00:00,,,168206655.19541284,168206655.19541278 
 05/03  18:00:00,,,192003899.5624731,192003899.56247306 
 05/03  19:00:00,,,243178080.97644418,243178080.97644424 
 05/03  20:00:00,,,227919730.83078992,227919730.83079004 
 05/03  21:00:00,,,193136442.85168338,193136442.8516834 
 05/03  22:00:00,,,156035316.77208394,156035316.77208385 
 05/03  23:00:00,,,118434455.33095874,118434455.33095866 
 05/03  24:00:00,,,82678591.59477979,82678591.59477974 
 05/04  01:00:00,,,76570017.30615534,76570017.30615531 
 05/04  02:00:00,,,70595103.90415712,70595103.90415713 
 05/04  03:00:00,,,67286059.86881241,67286059.86881241 
 05/04  04:00:00,,,75915937.56921835,75915937.5692183 
 05/04  05:00:00,,,102659013.23756072,102659013.23756064 
 05/04  06:00:00,,,160347309.62642708,160347309.626427 
 05/04  07:00:00,,,173582268.1861711,173582268.18617103 
 05/04  08:00:00,,,171926720.56285065,171926720.56285056 
 05/04  09:00:00,,,162024896.42607138,162024896.4260713 
 05/04  10:00:00,,,163065677.81628746,163065677.81628737 
 05/04  11:00:00,,,155095844.01620558,155095844.0162055 
 05/04  12:00:00,,,111688645.49980645,111688645.4998064 
 05/04  13:00:00,,,110616690.29245119,110616690.29245114 
 05/04  14:00:00,,,109047126.56673647,109047126.56673642 
 05/04  15:00:00,,,114767051.91579114,114767051.91579106 
 05/04  16:00:00,,,138461162.3719508,138461162.37195075 
 05/04  17:00:00,,,169574658.57297277,169574658.57297274 
 05/04  18:00:00,,,190286520.0431184,190286520.04311836 
 05/04  19:00:00,,,247125484.4417456,247125484.44174573 
 05/04  20:00:00,,,229708362.30727324,229708362.30727333 
 05/04  21:00:00,,,193991471.84325364,193991471.84325373 
 05/04  22:00:00,,,161000385.58380538,161000385.58380532 
 05/04  23:00:00,,,115621018.23596826,115621018.23596819 
 05/04  24:00:00,,,84335252.99211346,84335252.99211343 
 05/05  01:00:00,,,81599165.57572106,81599165.57572103 
 05/05  02:00:00,,,69234612.10771963,69234612.10771963 
 05/05  03:00:00,,,73537684.27256773,73537684.27256775 
 05/05  04:00:00,,,73126114.12975377,73126114.12975372 
 05/05  05:00:00,,,106121655.99819821,106121655.99819814 
 05/05  06:00:00,,,164762873.7282567,164762873.72825664 
 05/05  07:00:00,,,178368495.16968828,178368495.16968822 
 05/05  08:00:00,,,170439388.45871505,170439388.45871496 
 05/05  09:00:00,,,140952280.44582015,140952280.44582006 
 05/05  10:00:00,,,139420179.229115,139420179.22911492 
 05/05  11:00:00,,,123403909.75867175,123403909.75867166 
 05/05  12:00:00,,,118423484.85959381,118423484.85959378 
 05/05  13:00:00,,,110233037.18953855,110233037.18953846 
 05/05  14:00:00,,,103072048.93890305,103072048.938903 
 05/05  15:00:00,,,117727828.67226455,117727828.67226449 
 05/05  16:00:00,,,139556947.2769304,139556947.2769303 
 05/05  17:00:00,,,165368589.62646583,165368589.6264658 
 05/05  18:00:00,,,186983243.72179532,186983243.72179532 
 05/05  19:00:00,,,188150542.0586274,188150542.05862746 
 05/05  20:00:00,,,184213196.8911596,184213196.89115968 
 05/05  21:00:00,,,156135365.53423232,156135365.53423226 
 05/05  22:00:00,,,148782874.76840323,148782874.76840317 
 05/05  23:00:00,,,136509730.95660052,136509730.9566005 
 05/05  24:00:00,,,91066762.45574617,91066762.45574613 
 05/06  01:00:00,,,80720662.29486234,80720662.29486227 
 05/06  02:00:00,,,77701870.47913498,77701870.47913499 
 05/06  03:00:00,,,72167156.1263046,72167156.12630463 
 05/06  04:00:00,,,75830735.52800822,75830735.52800816 
 05/06  05:00:00,,,105440168.78692874,105440168.78692868 
 05/06  06:00:00,,,164680013.33593938,164680013.33593935 
 05/06  07:00:00,,,176341522.2801667,176341522.2801666 
 05/06  08:00:00,,,165833843.67781729,165833843.67781729 
 05/06  09:00:00,,,150199450.92724758,150199450.92724752 
 05/06  10:00:00,,,147757443.18523803,147757443.18523797 
 05/06  11:00:00,,,132295772.14844856,132295772.14844847 
 05/06  12:00:00,,,140558051.20293894,140558051.20293888 
 05/06  13:00:00,,,140081883.00830543,140081883.00830537 
 05/06  14:00:00,,,136536421.01328412,136536421.0132841 
 05/06  15:00:00,,,112526901.7149853,112526901.71498522 
 05/06  16:00:00,,,152499729.68395332,152499729.68395326 
 05/06  17:00:00,,,216289561.2544609,216289561.25446102 
 05/06  18:00:00,,,233268917.78846225,233268917.78846213 
 05/06  19:00:00,,,225333124.56357533,225333124.5635754 
 05/06  20:00:00,,,214651567.0886262,214651567.08862633 
 05/06  21:00:00,,,179505437.14952463,179505437.1495245 
 05/06  22:00:00,,,150818041.8991357,150818041.89913565 
 05/06  23:00:00,,,107387054.65595572,107387054.65595566 
 05/06  24:00:00,,,74601794.77082008,74601794.77081999 
 05/07  01:00:00,,,68558158.45191643,68558158.45191646 
 05/07  02:00:00,,,64896479.35148221,64896479.35148223 
 05/07  03:00:00,,,66345321.44060805,66345321.440608054 
 05/07  04:00:00,,,69223235.87612487,69223235.8761248 
 05/07  05:00:00,,,102828935.69570795,102828935.69570789 
 05/07  06:00:00,,,162024654.46652156,162024654.4665215 
 05/07  07:00:00,,,170759490.57273275,170759490.57273266 
 05/07  08:00:00,,,166164220.50755236,166164220.50755224 
 05/07  09:00:00,,,155722856.075884,155722856.07588392 
 05/07  10:00:00,,,151040202.59168112,151040202.59168103 
 05/07  11:00:00,,,137844154.26892686,137844154.26892677 
 05/07  12:00:00,,,137292084.3497376,137292084.34973755 
 05/07  13:00:00,,,128436211.78254291,128436211.78254284 
 05/07  14:00:00,,,121044769.04098403,121044769.04098402 
 05/07  15:00:00,,,135522400.07020056,135522400.07020047 
 05/07  16:00:00,,,160718879.3793275,160718879.37932742 
 05/07  17:00:00,,,185321799.7721024,185321799.7721023 
 05/07  18:00:00,,,205827803.80921623,205827803.80921614 
 05/07  19:00:00,,,201239664.7299623,201239664.72996235 
 05/07  20:00:00,,,196700917.41220048,196700917.4122005 
 05/07  21:00:00,,,167652905.11993024,167652905.1199302 
 05/07  22:00:00,,,139505655.9426314,139505655.94263133 
 05/07  23:00:00,,,103552219.42645974,103552219.42645968 
 05/07  24:00:00,,,77172575.46305302,77172575.46305294 
 05/08  01:00:00,,,74085522.04742964,74085522.04742964 
 05/08  02:00:00,,,63581279.81655435,63581279.81655436 
 05/08  03:00:00,,,71002705.3645222,71002705.36452222 
 05/08  04:00:00,,,71183645.2392408,71183645.23924072 
 05/08  05:00:00,,,103688102.64754517,103688102.6475451 
 05/08  06:00:00,,,160258512.41581628,160258512.41581622 
 05/08  07:00:00,,,168276152.6661883,168276152.66618824 
 05/08  08:00:00,,,165045466.51783288,165045466.51783282 
 05/08  09:00:00,,,154201429.34286028,154201429.34286022 
 05/08  10:00:00,,,148645236.23121077,148645236.23121068 
 05/08  11:00:00,,,143461154.55121824,143461154.55121815 
 05/08  12:00:00,,,139466901.79221305,139466901.792213 
 05/08  13:00:00,,,136869203.2823075,136869203.28230742 
 05/08  14:00:00,,,124814150.26902126,124814150.26902121 
 05/08  15:00:00,,,132521103.77571227,132521103.77571218 
 05/08  16:00:00,,,159053953.107094,159053953.10709396 
 05/08  17:00:00,,,186445213.63203147,186445213.6320314 
 05/08  18:00:00,,,198563287.5102793,198563287.51027924 
 05/08  19:00:00,,,201522350.45341557,201522350.45341563 
 05/08  20:00:00,,,196324242.61904106,196324242.6190411 
 05/08  21:00:00,,,167010234.6648443,167010234.66484424 
 05/08  22:00:00,,,142001631.27805036,142001631.2780503 
 05/08  23:00:00,,,102789057.04288675,102789057.0428867 
 05/08  24:00:00,,,70080472.77820809,70080472.77820803 
 05/09  01:00:00,,,70174990.62637614,70174990.62637614 
 05/09  02:00:00,,,60315799.674986035,60315799.67498605 
 05/09  03:00:00,,,63602836.34849018,63602836.348490186 
 05/09  04:00:00,,,67262683.61408636,67262683.61408632 
 05/09  05:00:00,,,99280180.20583773,99280180.20583767 
 05/09  06:00:00,,,154757034.7310683,154757034.73106828 
 05/09  07:00:00,,,164000990.26310214,164000990.26310208 
 05/09  08:00:00,,,159911082.8644541,159911082.86445403 
 05/09  09:00:00,,,145185306.10542816,145185306.1054281 
 05/09  10:00:00,,,139025569.57781264,139025569.57781258 
 05/09  11:00:00,,,133990587.97625682,133990587.97625674 
 05/09  12:00:00,,,119121373.06056836,119121373.06056832 
 05/09  13:00:00,,,117617324.73791286,117617324.7379128 
 05/09  14:00:00,,,110615935.77029896,110615935.77029888 
 05/09  15:00:00,,,120979338.37620637,120979338.3762063 
 05/09  16:00:00,,,144571310.159054,144571310.15905395 
 05/09  17:00:00,,,177702632.61255404,177702632.612554 
 05/09  18:00:00,,,192231220.38571408,192231220.38571402 
 05/09  19:00:00,,,193706743.77079934,193706743.7707994 
 05/09  20:00:00,,,187274355.95015913,187274355.9501592 
 05/09  21:00:00,,,165819412.48112547,165819412.4811254 
 05/09  22:00:00,,,137445763.21147662,137445763.2114765 
 05/09  23:00:00,,,100343362.7267136,100343362.72671352 
 05/09  24:00:00,,,69211832.33661972,69211832.33661968 
 05/10  01:00:00,,,68892457.99141312,68892457.99141312 
 05/10  02:00:00,,,61477105.65220404,61477105.65220405 
 05/10  03:00:00,,,61603401.028846666,61603401.02884667 
 05/10  04:00:00,,,70864455.44461556,70864455.44461551 
 05/10  05:00:00,,,100339490.86160067,100339490.86160061 
 05/10  06:00:00,,,151503176.4308803,151503176.4308802 
 05/10  07:00:00,,,166772750.06828684,166772750.0682868 
 05/10  08:00:00,,,161213145.39862242,161213145.39862233 
 05/10  09:00:00,,,154574778.45142588,154574778.45142585 
 05/10  10:00:00,,,145356084.981813,145356084.98181295 
 05/10  11:00:00,,,146866629.64415714,146866629.64415705 
 05/10  12:00:00,,,136060335.962224,136060335.96222395 
 05/10  13:00:00,,,128746908.56020002,128746908.56019998 
 05/10  14:00:00,,,107007792.92531738,107007792.92531732 
 05/10  15:00:00,,,112932870.28071636,112932870.28071629 
 05/10  16:00:00,,,135806504.3936562,135806504.39365613 
 05/10  17:00:00,,,172126981.96011502,172126981.96011496 
 05/10  18:00:00,,,183469738.35403353,183469738.35403356 
 05/10  19:00:00,,,187523346.13817534,187523346.13817537 
 05/10  20:00:00,,,183549094.65627322,183549094.65627328 
 05/10  21:00:00,,,158896098.45097867,158896098.4509786 
 05/10  22:00:00,,,156094714.88559806,156094714.885598 
 05/10  23:00:00,,,126174321.56128053,126174321.56128049 
 05/10  24:00:00,,,91144228.18769787,91144228.18769784 
 05/11  01:00:00,,,83793201.37362114,83793201.37362108 
 05/11  02:00:00,,,80413144.13714491,80413144.1371449 
 05/11  03:00:00,,,75071291.0305804,75071291.03058042 
 05/11  04:00:00,,,85756261.0388023,85756261.03880225 
 05/11  05:00:00,,,110487531.93007432,110487531.93007426 
 05/11  06:00:00,,,167466093.25611994,167466093.25611985 
 05/11  07:00:00,,,177146877.8497945,177146877.84979445 
 05/11  08:00:00,,,164023078.110429,164023078.11042893 
 05/11  09:00:00,,,159025949.87733337,159025949.87733328 
 05/11  10:00:00,,,135255565.79794556,135255565.7979455 
 05/11  11:00:00,,,124279918.51474321,124279918.51474313 
 05/11  12:00:00,,,116038125.7518746,116038125.75187455 
 05/11  13:00:00,,,110977571.81683345,110977571.81683339 
 05/11  14:00:00,,,104224686.2263263,104224686.22632626 
 05/11  15:00:00,,,115931282.87260816,115931282.8726081 
 05/11  16:00:00,,,137630744.42421594,137630744.42421588 
 05/11  17:00:00,,,167130428.59936306,167130428.599363 
 05/11  18:00:00,,,185640839.3118529,185640839.3118529 
 05/11  19:00:00,,,237450167.00165862,237450167.00165868 
 05/11  20:00:00,,,235152980.80477387,235152980.80477393 
 05/11  21:00:00,,,203415278.88874975,203415278.88874987 
 05/11  22:00:00,,,167110063.25236094,167110063.25236088 
 05/11  23:00:00,,,126424380.94358188,126424380.9435818 
 05/11  24:00:00,,,90155325.98449592,90155325.98449588 
 05/12  01:00:00,,,83345395.92410888,83345395.9241088 
 05/12  02:00:00,,,74891084.04305165,74891084.04305166 
 05/12  03:00:00,,,72410711.73532945,72410711.73532948 
 05/12  04:00:00,,,78323365.17555013,78323365.1755501 
 05/12  05:00:00,,,109099204.00089614,109099204.00089607 
 05/12  06:00:00,,,163577637.59569234,163577637.59569222 
 05/12  07:00:00,,,172021430.3623008,172021430.36230075 
 05/12  08:00:00,,,167562229.6563761,167562229.65637603 
 05/12  09:00:00,,,164063511.48219353,164063511.48219344 
 05/12  10:00:00,,,156109221.88254508,156109221.88254502 
 05/12  11:00:00,,,124746743.66405484,124746743.66405478 
 05/12  12:00:00,,,116298741.94537666,116298741.9453766 
 05/12  13:00:00,,,111697895.54321499,111697895.54321493 
 05/12  14:00:00,,,102409417.19616832,102409417.19616827 
 05/12  15:00:00,,,116887965.76980716,116887965.76980712 
 05/12  16:00:00,,,137659316.61318055,137659316.6131805 
 05/12  17:00:00,,,165064533.72923577,165064533.72923568 
 05/12  18:00:00,,,201881361.86669546,201881361.8666954 
 05/12  19:00:00,,,242093371.0232514,242093371.02325147 
 05/12  20:00:00,,,223205942.46007574,223205942.46007577 
 05/12  21:00:00,,,195555333.11349654,195555333.1134966 
 05/12  22:00:00,,,160956100.21799552,160956100.21799543 
 05/12  23:00:00,,,122113711.00315976,122113711.0031597 
 05/12  24:00:00,,,81866590.65279049,81866590.65279041 
 05/13  01:00:00,,,69072941.67061858,69072941.6706186 
 05/13  02:00:00,,,69351793.23136619,69351793.2313662 
 05/13  03:00:00,,,63566643.53979476,63566643.539794765 
 05/13  04:00:00,,,70571536.80070087,70571536.80070083 
 05/13  05:00:00,,,99540490.55704182,99540490.55704176 
 05/13  06:00:00,,,157360307.29154748,157360307.2915474 
 05/13  07:00:00,,,169368164.72328416,169368164.7232841 
 05/13  08:00:00,,,153445222.36477834,153445222.36477825 
 05/13  09:00:00,,,140303374.87070918,140303374.87070912 
 05/13  10:00:00,,,140393333.65271384,140393333.65271378 
 05/13  11:00:00,,,128773212.66655536,128773212.6665553 
 05/13  12:00:00,,,118815255.26731603,118815255.26731595 
 05/13  13:00:00,,,111887745.95771417,111887745.95771416 
 05/13  14:00:00,,,115835849.76059064,115835849.76059063 
 05/13  15:00:00,,,130647819.007729,130647819.00772893 
 05/13  16:00:00,,,157071001.33762658,157071001.33762652 
 05/13  17:00:00,,,193774108.73748896,193774108.73748893 
 05/13  18:00:00,,,210196396.94204658,210196396.94204655 
 05/13  19:00:00,,,202585321.9687409,202585321.96874097 
 05/13  20:00:00,,,200553414.26766604,200553414.26766613 
 05/13  21:00:00,,,170644674.53367004,170644674.53366995 
 05/13  22:00:00,,,140502679.0106623,140502679.01066223 
 05/13  23:00:00,,,103076806.73204254,103076806.73204245 
 05/13  24:00:00,,,71241868.76788151,71241868.76788145 
 05/14  01:00:00,,,70328729.77594927,70328729.77594928 
 05/14  02:00:00,,,61062489.49870889,61062489.498708904 
 05/14  03:00:00,,,65376461.71475412,65376461.71475414 
 05/14  04:00:00,,,68213025.59335084,68213025.59335078 
 05/14  05:00:00,,,96645838.75704396,96645838.7570439 
 05/14  06:00:00,,,152936255.1449185,152936255.14491844 
 05/14  07:00:00,,,164010475.78820843,164010475.78820837 
 05/14  08:00:00,,,152850109.2183882,152850109.21838814 
 05/14  09:00:00,,,143103210.61887392,143103210.6188739 
 05/14  10:00:00,,,135810744.21386543,135810744.2138653 
 05/14  11:00:00,,,128334735.84443635,128334735.84443624 
 05/14  12:00:00,,,118336487.23837762,118336487.23837754 
 05/14  13:00:00,,,117832223.06564447,117832223.06564444 
 05/14  14:00:00,,,112927292.43501821,112927292.43501818 
 05/14  15:00:00,,,120503123.48541728,120503123.48541716 
 05/14  16:00:00,,,143294710.05893937,143294710.05893928 
 05/14  17:00:00,,,176623591.2704129,176623591.2704128 
 05/14  18:00:00,,,191977638.40097004,191977638.40097004 
 05/14  19:00:00,,,195316721.78385034,195316721.78385037 
 05/14  20:00:00,,,188578016.41367882,188578016.4136789 
 05/14  21:00:00,,,167527961.6770563,167527961.67705625 
 05/14  22:00:00,,,135852614.10494664,135852614.10494658 
 05/14  23:00:00,,,102783981.23106194,102783981.23106186 
 05/14  24:00:00,,,76989531.60717121,76989531.60717115 
 05/15  01:00:00,,,73605028.86211972,73605028.86211973 
 05/15  02:00:00,,,64752264.3017693,64752264.30176932 
 05/15  03:00:00,,,62341941.04830109,62341941.048301116 
 05/15  04:00:00,,,74596813.04396527,74596813.0439652 
 05/15  05:00:00,,,99234198.51654969,99234198.51654962 
 05/15  06:00:00,,,154778244.45399562,154778244.45399553 
 05/15  07:00:00,,,166753518.17998716,166753518.17998707 
 05/15  08:00:00,,,160372780.6476068,160372780.6476067 
 05/15  09:00:00,,,154307152.8473252,154307152.84732512 
 05/15  10:00:00,,,147355273.39098004,147355273.39097998 
 05/15  11:00:00,,,136400921.92374957,136400921.92374948 
 05/15  12:00:00,,,130457630.04525425,130457630.04525417 
 05/15  13:00:00,,,128140111.82684615,128140111.82684608 
 05/15  14:00:00,,,116318171.44448206,116318171.44448201 
 05/15  15:00:00,,,140673448.29322362,140673448.29322353 
 05/15  16:00:00,,,171538832.0119195,171538832.0119194 
 05/15  17:00:00,,,197665528.6434881,197665528.6434881 
 05/15  18:00:00,,,215717243.15783596,215717243.1578359 
 05/15  19:00:00,,,211868585.55637985,211868585.55637985 
 05/15  20:00:00,,,197485245.1973984,197485245.19739845 
 05/15  21:00:00,,,174541316.4070146,174541316.40701452 
 05/15  22:00:00,,,142638881.0771941,142638881.077194 
 05/15  23:00:00,,,104408351.84979407,104408351.84979399 
 05/15  24:00:00,,,78474289.52600087,78474289.52600078 
 05/16  01:00:00,,,68498644.50234751,68498644.50234751 
 05/16  02:00:00,,,62285011.19110458,62285011.1911046 
 05/16  03:00:00,,,63727037.9129248,63727037.9129248 
 05/16  04:00:00,,,68855791.20826106,68855791.20826101 
 05/16  05:00:00,,,99990977.2303507,99990977.23035064 
 05/16  06:00:00,,,152760959.86593112,152760959.8659311 
 05/16  07:00:00,,,168463999.58263493,168463999.58263487 
 05/16  08:00:00,,,161467733.21862906,161467733.21862897 
 05/16  09:00:00,,,156429437.40909803,156429437.40909794 
 05/16  10:00:00,,,162981010.19209835,162981010.19209832 
 05/16  11:00:00,,,149229264.18666863,149229264.18666855 
 05/16  12:00:00,,,119321430.45686911,119321430.45686905 
 05/16  13:00:00,,,109051136.60658856,109051136.60658848 
 05/16  14:00:00,,,100731871.2877319,100731871.28773184 
 05/16  15:00:00,,,115192379.75413501,115192379.75413497 
 05/16  16:00:00,,,144157601.6191686,144157601.61916855 
 05/16  17:00:00,,,182305211.19365582,182305211.19365582 
 05/16  18:00:00,,,207464540.01920873,207464540.01920873 
 05/16  19:00:00,,,185439978.82558846,185439978.8255885 
 05/16  20:00:00,,,188709849.74209058,188709849.7420906 
 05/16  21:00:00,,,161896600.238778,161896600.23877794 
 05/16  22:00:00,,,172679903.36343226,172679903.3634322 
 05/16  23:00:00,,,139062220.4363095,139062220.43630946 
 05/16  24:00:00,,,97370594.71604696,97370594.71604694 
 05/17  01:00:00,,,90540379.73515104,90540379.735151 
 05/17  02:00:00,,,79600488.94457972,79600488.94457972 
 05/17  03:00:00,,,73416146.44275485,73416146.44275486 
 05/17  04:00:00,,,87022532.90263385,87022532.90263383 
 05/17  05:00:00,,,107359723.27373023,107359723.27373019 
 05/17  06:00:00,,,166345415.526065,166345415.52606493 
 05/17  07:00:00,,,180057789.35465237,180057789.35465232 
 05/17  08:00:00,,,175604806.42812598,175604806.4281259 
 05/17  09:00:00,,,152073103.47912362,152073103.4791236 
 05/17  10:00:00,,,131034920.704012,131034920.70401195 
 05/17  11:00:00,,,124722107.36904407,124722107.369044 
 05/17  12:00:00,,,112493482.4372364,112493482.43723637 
 05/17  13:00:00,,,137679991.2336801,137679991.23368004 
 05/17  14:00:00,,,112386317.13635361,112386317.13635357 
 05/17  15:00:00,,,132753533.00765178,132753533.00765172 
 05/17  16:00:00,,,145543546.61632174,145543546.6163217 
 05/17  17:00:00,,,192982922.65842006,192982922.65842003 
 05/17  18:00:00,,,186305033.00324813,186305033.00324816 
 05/17  19:00:00,,,183664375.8894566,183664375.88945666 
 05/17  20:00:00,,,244936917.6805112,244936917.68051133 
 05/17  21:00:00,,,205834320.6522538,205834320.65225387 
 05/17  22:00:00,,,176090405.27012014,176090405.2701201 
 05/17  23:00:00,,,131054890.05737323,131054890.05737317 
 05/17  24:00:00,,,94483101.47358909,94483101.47358906 
 05/18  01:00:00,,,85016210.61592925,85016210.61592917 
 05/18  02:00:00,,,75332415.76548669,75332415.76548669 
 05/18  03:00:00,,,80595302.32803537,80595302.32803538 
 05/18  04:00:00,,,76953446.86629869,76953446.86629865 
 05/18  05:00:00,,,111525671.0711039,111525671.07110384 
 05/18  06:00:00,,,166032567.00873625,166032567.00873622 
 05/18  07:00:00,,,176698521.430915,176698521.43091494 
 05/18  08:00:00,,,170305851.06597757,170305851.0659775 
 05/18  09:00:00,,,160872060.940484,160872060.94048393 
 05/18  10:00:00,,,157512341.03812775,157512341.03812766 
 05/18  11:00:00,,,123191630.87290007,123191630.8729 
 05/18  12:00:00,,,114862420.54223844,114862420.5422384 
 05/18  13:00:00,,,111574216.45529641,111574216.45529635 
 05/18  14:00:00,,,100731447.41944942,100731447.41944936 
 05/18  15:00:00,,,115615886.63927735,115615886.63927728 
 05/18  16:00:00,,,138562200.01795152,138562200.01795146 
 05/18  17:00:00,,,165564372.9096888,165564372.90968874 
 05/18  18:00:00,,,185660480.90833774,185660480.90833774 
 05/18  19:00:00,,,187892369.64383984,187892369.64383987 
 05/18  20:00:00,,,204291814.50581628,204291814.50581637 
 05/18  21:00:00,,,195679114.1736037,195679114.1736038 
 05/18  22:00:00,,,155564567.0180167,155564567.0180166 
 05/18  23:00:00,,,113564385.0724734,113564385.07247332 
 05/18  24:00:00,,,87394302.80358689,87394302.80358683 
 05/19  01:00:00,,,70951230.60017282,70951230.6001728 
 05/19  02:00:00,,,74603850.2409257,74603850.24092571 
 05/19  03:00:00,,,66130133.77559065,66130133.77559066 
 05/19  04:00:00,,,76584664.99255098,76584664.99255094 
 05/19  05:00:00,,,102925967.69779786,102925967.6977978 
 05/19  06:00:00,,,161013488.7768402,161013488.77684015 
 05/19  07:00:00,,,168405092.76767808,168405092.76767802 
 05/19  08:00:00,,,162802879.69581527,162802879.69581524 
 05/19  09:00:00,,,153017855.49081314,153017855.49081308 
 05/19  10:00:00,,,145131293.8527952,145131293.85279515 
 05/19  11:00:00,,,139507790.48243666,139507790.4824366 
 05/19  12:00:00,,,130040618.50452934,130040618.5045293 
 05/19  13:00:00,,,135872147.38011482,135872147.38011476 
 05/19  14:00:00,,,133599108.58164614,133599108.5816461 
 05/19  15:00:00,,,122788418.1946808,122788418.19468072 
 05/19  16:00:00,,,135928057.22390866,135928057.22390857 
 05/19  17:00:00,,,166595349.87222308,166595349.872223 
 05/19  18:00:00,,,192154613.33160815,192154613.33160815 
 05/19  19:00:00,,,183155175.86921728,183155175.86921734 
 05/19  20:00:00,,,183069492.66381446,183069492.66381454 
 05/19  21:00:00,,,207942825.76843935,207942825.76843935 
 05/19  22:00:00,,,170566158.3019759,170566158.30197585 
 05/19  23:00:00,,,123063763.76997675,123063763.76997669 
 05/19  24:00:00,,,80382335.48451714,80382335.48451708 
 05/20  01:00:00,,,72318953.56490004,72318953.56490004 
 05/20  02:00:00,,,65001848.91196944,65001848.91196945 
 05/20  03:00:00,,,61247877.2823699,61247877.28236992 
 05/20  04:00:00,,,70851701.08842827,70851701.08842823 
 05/20  05:00:00,,,100354265.20064422,100354265.20064417 
 05/20  06:00:00,,,154430024.11438647,154430024.11438638 
 05/20  07:00:00,,,169661645.35381174,169661645.35381168 
 05/20  08:00:00,,,157476023.88334376,157476023.8833437 
 05/20  09:00:00,,,154496158.89132124,154496158.89132115 
 05/20  10:00:00,,,142638895.0364248,142638895.03642473 
 05/20  11:00:00,,,121068832.22636607,121068832.22636595 
 05/20  12:00:00,,,110132995.83210513,110132995.83210507 
 05/20  13:00:00,,,122017977.50854264,122017977.50854261 
 05/20  14:00:00,,,117041371.45615381,117041371.45615378 
 05/20  15:00:00,,,118205401.57270688,118205401.57270683 
 05/20  16:00:00,,,159916702.10465425,159916702.1046542 
 05/20  17:00:00,,,192521907.68772465,192521907.68772462 
 05/20  18:00:00,,,202045873.96837506,202045873.96837512 
 05/20  19:00:00,,,206907375.55903897,206907375.55903906 
 05/20  20:00:00,,,202332861.65601382,202332861.65601385 
 05/20  21:00:00,,,156040241.62544933,156040241.62544927 
 05/20  22:00:00,,,148256247.4681627,148256247.46816263 
 05/20  23:00:00,,,135022394.6257898,135022394.62578973 
 05/20  24:00:00,,,100956712.3904258,100956712.39042574 
 05/21  01:00:00,,,94834153.85259518,94834153.85259509 
 05/21  02:00:00,,,81831249.64274257,81831249.64274254 
 05/21  03:00:00,,,83224529.71509251,83224529.7150925 
 05/21  04:00:00,,,87239798.53853253,87239798.53853253 
 05/21  05:00:00,,,115324167.07885148,115324167.07885142 
 05/21  06:00:00,,,170021582.09363127,170021582.0936312 
 05/21  07:00:00,,,182465284.3910581,182465284.39105803 
 05/21  08:00:00,,,174007139.56800067,174007139.56800056 
 05/21  09:00:00,,,147866403.841733,147866403.84173295 
 05/21  10:00:00,,,130865550.22843927,130865550.22843921 
 05/21  11:00:00,,,120311259.47903989,120311259.47903982 
 05/21  12:00:00,,,112496930.88295203,112496930.88295195 
 05/21  13:00:00,,,110296863.02083345,110296863.02083339 
 05/21  14:00:00,,,110995974.95254707,110995974.95254704 
 05/21  15:00:00,,,130627797.52357349,130627797.52357343 
 05/21  16:00:00,,,149535234.27110744,149535234.27110738 
 05/21  17:00:00,,,189470017.31188744,189470017.3118874 
 05/21  18:00:00,,,219288447.8604058,219288447.86040577 
 05/21  19:00:00,,,207334068.87051806,207334068.87051812 
 05/21  20:00:00,,,206882392.98416078,206882392.9841609 
 05/21  21:00:00,,,156270235.21275416,156270235.21275407 
 05/21  22:00:00,,,147276608.07526445,147276608.07526436 
 05/21  23:00:00,,,139202124.43896374,139202124.43896368 
 05/21  24:00:00,,,117573107.65983264,117573107.65983264 
 05/22  01:00:00,,,106049690.27905722,106049690.27905717 
 05/22  02:00:00,,,88380162.98490149,88380162.98490144 
 05/22  03:00:00,,,84649692.19420342,84649692.19420336 
 05/22  04:00:00,,,94453986.98523702,94453986.98523703 
 05/22  05:00:00,,,120362542.6811397,120362542.68113962 
 05/22  06:00:00,,,178238372.17604047,178238372.1760404 
 05/22  07:00:00,,,197368843.12382612,197368843.12382603 
 05/22  08:00:00,,,172601475.57601407,172601475.576014 
 05/22  09:00:00,,,143942481.4563264,143942481.4563263 
 05/22  10:00:00,,,132790404.23687239,132790404.23687232 
 05/22  11:00:00,,,123558345.92114395,123558345.92114387 
 05/22  12:00:00,,,114984093.05250669,114984093.05250663 
 05/22  13:00:00,,,115987376.58545952,115987376.58545947 
 05/22  14:00:00,,,115579865.98051111,115579865.98051101 
 05/22  15:00:00,,,136947324.6402709,136947324.6402708 
 05/22  16:00:00,,,151671605.53839415,151671605.5383941 
 05/22  17:00:00,,,186465037.38021368,186465037.38021362 
 05/22  18:00:00,,,217776587.08873692,217776587.08873692 
 05/22  19:00:00,,,216494892.1477524,216494892.1477525 
 05/22  20:00:00,,,194909044.20488477,194909044.2048848 
 05/22  21:00:00,,,173757902.40862694,173757902.4086269 
 05/22  22:00:00,,,174255001.57289982,174255001.57289973 
 05/22  23:00:00,,,166205858.0364694,166205858.03646943 
 05/22  24:00:00,,,117590044.43687578,117590044.43687578 
 05/23  01:00:00,,,113211893.89467575,113211893.89467576 
 05/23  02:00:00,,,99449695.19345748,99449695.19345745 
 05/23  03:00:00,,,95612471.77165797,95612471.7716579 
 05/23  04:00:00,,,103825324.09449698,103825324.09449697 
 05/23  05:00:00,,,129080289.95515507,129080289.95515503 
 05/23  06:00:00,,,184414761.30183136,184414761.30183128 
 05/23  07:00:00,,,193966506.16562346,193966506.16562343 
 05/23  08:00:00,,,150283314.51329705,150283314.51329696 
 05/23  09:00:00,,,140339121.1868031,140339121.186803 
 05/23  10:00:00,,,150379568.17546389,150379568.1754638 
 05/23  11:00:00,,,189427757.74527735,189427757.7452773 
 05/23  12:00:00,,,209955453.17232168,209955453.17232162 
 05/23  13:00:00,,,211332868.44645858,211332868.44645855 
 05/23  14:00:00,,,216102537.64970297,216102537.6497029 
 05/23  15:00:00,,,224192917.1388676,224192917.13886753 
 05/23  16:00:00,,,252471126.88901237,252471126.88901228 
 05/23  17:00:00,,,279394246.260084,279394246.260084 
 05/23  18:00:00,,,286832111.06013566,286832111.0601357 
 05/23  19:00:00,,,281893073.71149766,281893073.7114978 
 05/23  20:00:00,,,247867499.0794465,247867499.07944655 
 05/23  21:00:00,,,169287578.6844659,169287578.68446583 
 05/23  22:00:00,,,160909713.19138104,160909713.19138098 
 05/23  23:00:00,,,161466562.20308334,161466562.2030833 
 05/23  24:00:00,,,129346254.66637418,129346254.66637419 
 05/24  01:00:00,,,112139404.04013535,112139404.04013537 
 05/24  02:00:00,,,110408435.29449856,110408435.29449856 
 05/24  03:00:00,,,97935702.29529896,97935702.2952989 
 05/24  04:00:00,,,104738277.82339416,104738277.82339421 
 05/24  05:00:00,,,133165176.24220315,133165176.2422031 
 05/24  06:00:00,,,154477702.3813363,154477702.3813362 
 05/24  07:00:00,,,161319686.7511102,161319686.7511101 
 05/24  08:00:00,,,153716001.96471393,153716001.9647139 
 05/24  09:00:00,,,138389368.360244,138389368.36024395 
 05/24  10:00:00,,,149265286.41777548,149265286.41777542 
 05/24  11:00:00,,,145895406.8809701,145895406.88097 
 05/24  12:00:00,,,181317376.1753856,181317376.17538553 
 05/24  13:00:00,,,228102888.00094798,228102888.00094786 
 05/24  14:00:00,,,211706139.26828498,211706139.2682849 
 05/24  15:00:00,,,219167378.00450522,219167378.00450516 
 05/24  16:00:00,,,242776955.15902254,242776955.15902242 
 05/24  17:00:00,,,262844252.5584548,262844252.55845487 
 05/24  18:00:00,,,189446712.32147154,189446712.32147157 
 05/24  19:00:00,,,211525655.2256736,211525655.22567365 
 05/24  20:00:00,,,189497781.49215227,189497781.49215233 
 05/24  21:00:00,,,178277937.253826,178277937.25382602 
 05/24  22:00:00,,,153437515.71699727,153437515.71699724 
 05/24  23:00:00,,,164313027.18920675,164313027.18920666 
 05/24  24:00:00,,,123424274.30616982,123424274.30616984 
 05/25  01:00:00,,,108706642.36077216,108706642.36077216 
 05/25  02:00:00,,,102065088.22729172,102065088.22729167 
 05/25  03:00:00,,,97257378.83983588,97257378.83983584 
 05/25  04:00:00,,,98495542.98208529,98495542.98208529 
 05/25  05:00:00,,,124918893.29123993,124918893.29123989 
 05/25  06:00:00,,,184845525.38708052,184845525.38708046 
 05/25  07:00:00,,,190969074.93600383,190969074.9360038 
 05/25  08:00:00,,,152058161.11586303,152058161.115863 
 05/25  09:00:00,,,144487688.0251968,144487688.02519673 
 05/25  10:00:00,,,131846004.87388325,131846004.87388317 
 05/25  11:00:00,,,125005917.57166776,125005917.5716677 
 05/25  12:00:00,,,117401739.16269419,117401739.16269413 
 05/25  13:00:00,,,127827558.45170647,127827558.45170642 
 05/25  14:00:00,,,106745146.90485004,106745146.90484998 
 05/25  15:00:00,,,130015936.665309,130015936.66530895 
 05/25  16:00:00,,,173019096.0507443,173019096.05074427 
 05/25  17:00:00,,,187598717.73840287,187598717.73840284 
 05/25  18:00:00,,,208077292.39081523,208077292.3908152 
 05/25  19:00:00,,,214895916.7379712,214895916.73797125 
 05/25  20:00:00,,,197603339.13430834,197603339.13430837 
 05/25  21:00:00,,,182041025.4370818,182041025.43708178 
 05/25  22:00:00,,,150157614.94604522,150157614.94604522 
 05/25  23:00:00,,,166342514.83359075,166342514.83359066 
 05/25  24:00:00,,,119645889.60201854,119645889.60201855 
 05/26  01:00:00,,,107643628.56326905,107643628.56326899 
 05/26  02:00:00,,,96091610.64301679,96091610.64301674 
 05/26  03:00:00,,,85057507.0572997,85057507.05729964 
 05/26  04:00:00,,,92070869.7690238,92070869.7690238 
 05/26  05:00:00,,,118325547.0813866,118325547.08138655 
 05/26  06:00:00,,,176476673.82723802,176476673.82723793 
 05/26  07:00:00,,,195022777.2665357,195022777.26653564 
 05/26  08:00:00,,,184060564.4239087,184060564.42390862 
 05/26  09:00:00,,,178554727.15006885,178554727.1500688 
 05/26  10:00:00,,,187194252.0500486,187194252.05004856 
 05/26  11:00:00,,,174003589.98104754,174003589.9810475 
 05/26  12:00:00,,,116375742.63690963,116375742.63690959 
 05/26  13:00:00,,,108100034.96242698,108100034.9624269 
 05/26  14:00:00,,,107255014.8327822,107255014.83278215 
 05/26  15:00:00,,,113677005.04181738,113677005.04181732 
 05/26  16:00:00,,,136439775.7121093,136439775.71210924 
 05/26  17:00:00,,,166005572.37245697,166005572.3724569 
 05/26  18:00:00,,,182301597.45351708,182301597.4535171 
 05/26  19:00:00,,,200563997.0370535,200563997.03705356 
 05/26  20:00:00,,,181491718.10555393,181491718.105554 
 05/26  21:00:00,,,244638536.24164566,244638536.24164575 
 05/26  22:00:00,,,188214434.23870102,188214434.23870093 
 05/26  23:00:00,,,142506095.11716613,142506095.11716607 
 05/26  24:00:00,,,86281078.9465051,86281078.94650504 
 05/27  01:00:00,,,78625399.8758482,78625399.87584816 
 05/27  02:00:00,,,75657398.60156833,75657398.60156834 
 05/27  03:00:00,,,70767924.95575452,70767924.95575452 
 05/27  04:00:00,,,79262823.36078702,79262823.36078697 
 05/27  05:00:00,,,102524005.3947795,102524005.39477944 
 05/27  06:00:00,,,162884756.0376144,162884756.03761438 
 05/27  07:00:00,,,172960684.28747332,172960684.28747326 
 05/27  08:00:00,,,170098696.71530172,170098696.71530166 
 05/27  09:00:00,,,162774882.8432681,162774882.843268 
 05/27  10:00:00,,,160746566.0528195,160746566.05281937 
 05/27  11:00:00,,,149139076.85685316,149139076.85685307 
 05/27  12:00:00,,,114563945.07582726,114563945.0758272 
 05/27  13:00:00,,,106114528.63051134,106114528.63051131 
 05/27  14:00:00,,,100827047.35955706,100827047.35955702 
 05/27  15:00:00,,,112540651.99576151,112540651.99576144 
 05/27  16:00:00,,,168862394.4455726,168862394.44557256 
 05/27  17:00:00,,,218236173.88469434,218236173.88469443 
 05/27  18:00:00,,,229794833.55046672,229794833.55046666 
 05/27  19:00:00,,,225362754.37197208,225362754.37197217 
 05/27  20:00:00,,,217290271.7326373,217290271.73263732 
 05/27  21:00:00,,,184699209.45408183,184699209.4540819 
 05/27  22:00:00,,,154298049.0816854,154298049.0816853 
 05/27  23:00:00,,,112260655.12303177,112260655.1230317 
 05/27  24:00:00,,,86159073.28894944,86159073.28894942 
 05/28  01:00:00,,,77448280.0721739,77448280.07217386 
 05/28  02:00:00,,,73935632.20941067,73935632.2094107 
 05/28  03:00:00,,,67928489.09161401,67928489.09161402 
 05/28  04:00:00,,,78019066.07896991,78019066.07896988 
 05/28  05:00:00,,,105063379.04370925,105063379.04370919 
 05/28  06:00:00,,,162399462.52341703,162399462.52341697 
 05/28  07:00:00,,,174401558.8455181,174401558.84551805 
 05/28  08:00:00,,,162106907.02720338,162106907.02720332 
 05/28  09:00:00,,,152463142.17383283,152463142.17383274 
 05/28  10:00:00,,,152084310.5321294,152084310.53212935 
 05/28  11:00:00,,,120757491.14164838,120757491.14164829 
 05/28  12:00:00,,,112503056.53223184,112503056.53223178 
 05/28  13:00:00,,,105404157.25280666,105404157.25280663 
 05/28  14:00:00,,,103516267.94893695,103516267.94893694 
 05/28  15:00:00,,,119278871.00558722,119278871.00558718 
 05/28  16:00:00,,,157299280.13906255,157299280.1390625 
 05/28  17:00:00,,,177420840.2638957,177420840.26389566 
 05/28  18:00:00,,,205543409.23183936,205543409.2318393 
 05/28  19:00:00,,,180068069.54157782,180068069.54157788 
 05/28  20:00:00,,,199538773.00147644,199538773.00147653 
 05/28  21:00:00,,,197532260.83737063,197532260.83737072 
 05/28  22:00:00,,,170631971.6011702,170631971.60117012 
 05/28  23:00:00,,,124973221.21593876,124973221.2159387 
 05/28  24:00:00,,,91834268.85101894,91834268.85101889 
 05/29  01:00:00,,,83059028.91044933,83059028.91044925 
 05/29  02:00:00,,,72774282.76534358,72774282.76534359 
 05/29  03:00:00,,,73446321.43760908,73446321.43760908 
 05/29  04:00:00,,,79898678.15091783,79898678.1509178 
 05/29  05:00:00,,,107713142.15422308,107713142.15422302 
 05/29  06:00:00,,,164227760.4590533,164227760.45905322 
 05/29  07:00:00,,,182404500.18406677,182404500.18406668 
 05/29  08:00:00,,,164877228.0256645,164877228.02566445 
 05/29  09:00:00,,,137733526.8611836,137733526.86118355 
 05/29  10:00:00,,,129536659.93759155,129536659.93759148 
 05/29  11:00:00,,,134083884.43867758,134083884.4386775 
 05/29  12:00:00,,,142816974.1794,142816974.17939994 
 05/29  13:00:00,,,176595625.73274302,176595625.73274297 
 05/29  14:00:00,,,177277281.0169075,177277281.01690748 
 05/29  15:00:00,,,189787587.3336995,189787587.33369946 
 05/29  16:00:00,,,213674772.47751343,213674772.47751343 
 05/29  17:00:00,,,247868713.42691475,247868713.42691484 
 05/29  18:00:00,,,223346988.40175942,223346988.40175945 
 05/29  19:00:00,,,202626970.11608878,202626970.11608887 
 05/29  20:00:00,,,200607335.7077177,200607335.70771775 
 05/29  21:00:00,,,159600343.694899,159600343.69489896 
 05/29  22:00:00,,,180717098.04599866,180717098.04599863 
 05/29  23:00:00,,,145544085.33538026,145544085.3353802 
 05/29  24:00:00,,,132586494.99696177,132586494.9969618 
 05/30  01:00:00,,,118979521.07715239,118979521.07715239 
 05/30  02:00:00,,,110082249.31100304,110082249.31100303 
 05/30  03:00:00,,,104776173.37822121,104776173.3782212 
 05/30  04:00:00,,,107533230.88300067,107533230.88300066 
 05/30  05:00:00,,,141837202.69427422,141837202.69427413 
 05/30  06:00:00,,,153404678.5010547,153404678.50105467 
 05/30  07:00:00,,,159974386.68120494,159974386.68120492 
 05/30  08:00:00,,,162240123.90530717,162240123.9053071 
 05/30  09:00:00,,,161535903.75058442,161535903.75058436 
 05/30  10:00:00,,,240677721.68466836,240677721.68466827 
 05/30  11:00:00,,,233818246.16342407,233818246.16342404 
 05/30  12:00:00,,,229922865.47818106,229922865.478181 
 05/30  13:00:00,,,221829611.74686608,221829611.74686605 
 05/30  14:00:00,,,214418484.05109277,214418484.05109274 
 05/30  15:00:00,,,217131575.28206003,217131575.28206 
 05/30  16:00:00,,,140257281.09153852,140257281.09153846 
 05/30  17:00:00,,,202446623.50129992,202446623.50129992 
 05/30  18:00:00,,,302491975.6793388,302491975.6793388 
 05/30  19:00:00,,,292513904.03364795,292513904.0336479 
 05/30  20:00:00,,,275933563.20260787,275933563.2026079 
 05/30  21:00:00,,,245546331.62244081,245546331.62244081 
 05/30  22:00:00,,,207119419.40875846,207119419.40875837 
 05/30  23:00:00,,,161173315.5153479,161173315.51534787 
 05/30  24:00:00,,,124456156.8492517,124456156.84925169 
 05/31  01:00:00,,,114129918.77404219,114129918.77404216 
 05/31  02:00:00,,,105330086.08608806,105330086.086088 
 05/31  03:00:00,,,100246881.9681205,100246881.96812046 
 05/31  04:00:00,,,107774327.43110538,107774327.43110538 
 05/31  05:00:00,,,137648264.04617438,137648264.04617435 
 05/31  06:00:00,,,154450944.60549295,154450944.60549292 
 05/31  07:00:00,,,157743655.07994562,157743655.07994556 
 05/31  08:00:00,,,155581224.57327676,155581224.5732767 
 05/31  09:00:00,,,153565663.85645926,153565663.8564592 
 05/31  10:00:00,,,223162770.49929363,223162770.49929354 
 05/31  11:00:00,,,236062391.25629812,236062391.25629804 
 05/31  12:00:00,,,231436019.85262987,231436019.8526298 
 05/31  13:00:00,,,227890538.0408457,227890538.04084557 
 05/31  14:00:00,,,219402545.63213658,219402545.6321364 
 05/31  15:00:00,,,181718309.90694186,181718309.9069418 
 05/31  16:00:00,,,135131930.33508536,135131930.33508527 
 05/31  17:00:00,,,178576804.4077203,178576804.40772027 
 05/31  18:00:00,,,182946819.05935276,182946819.05935276 
 05/31  19:00:00,,,183196450.0251081,183196450.02510816 
 05/31  20:00:00,,,177378366.37121332,177378366.37121338 
 05/31  21:00:00,,,157269065.88919622,157269065.8891962 
 05/31  22:00:00,,,149797295.54032096,149797295.54032087 
 05/31  23:00:00,,,173402408.61753502,173402408.61753497 
 05/31  24:00:00,107034497793.7657,249942401.5638464,125156770.66680284,125156770.66680285 
 06/01  01:00:00,,,112281027.44383043,112281027.44383043 
 06/01  02:00:00,,,108880661.68914267,108880661.68914264 
 06/01  03:00:00,,,105123919.67765173,105123919.67765167 
 06/01  04:00:00,,,112170065.98876017,112170065.98876017 
 06/01  05:00:00,,,140671063.32545334,140671063.3254533 
 06/01  06:00:00,,,157230718.86250496,157230718.8625049 
 06/01  07:00:00,,,161099843.0359434,161099843.03594336 
 06/01  08:00:00,,,195034599.48339164,195034599.48339158 
 06/01  09:00:00,,,236144365.58856303,236144365.58856297 
 06/01  10:00:00,,,225801452.46700084,225801452.46700084 
 06/01  11:00:00,,,221700111.24145037,221700111.2414503 
 06/01  12:00:00,,,212495595.09271598,212495595.09271592 
 06/01  13:00:00,,,211207026.75731936,211207026.7573193 
 06/01  14:00:00,,,201400409.65027118,201400409.65027112 
 06/01  15:00:00,,,214212198.1897816,214212198.18978158 
 06/01  16:00:00,,,233281421.30893576,233281421.3089356 
 06/01  17:00:00,,,260532831.0123074,260532831.01230747 
 06/01  18:00:00,,,209597809.56530428,209597809.56530428 
 06/01  19:00:00,,,291037877.0136599,291037877.01365995 
 06/01  20:00:00,,,269669634.5682226,269669634.5682226 
 06/01  21:00:00,,,236922974.1731428,236922974.17314285 
 06/01  22:00:00,,,203570491.17576733,203570491.1757673 
 06/01  23:00:00,,,159040771.72747344,159040771.72747338 
 06/01  24:00:00,,,129927852.22675301,129927852.22675304 
 06/02  01:00:00,,,117446148.97625588,117446148.97625588 
 06/02  02:00:00,,,112334211.2312305,112334211.23123048 
 06/02  03:00:00,,,104878843.46827154,104878843.4682715 
 06/02  04:00:00,,,114438287.10999978,114438287.10999978 
 06/02  05:00:00,,,139595410.97422355,139595410.97422355 
 06/02  06:00:00,,,158473823.85529476,158473823.8552947 
 06/02  07:00:00,,,161212705.37987098,161212705.37987095 
 06/02  08:00:00,,,202917418.37413716,202917418.3741371 
 06/02  09:00:00,,,243621691.12782764,243621691.12782758 
 06/02  10:00:00,,,237205300.13030097,237205300.130301 
 06/02  11:00:00,,,223168476.36499688,223168476.36499685 
 06/02  12:00:00,,,220047248.67572826,220047248.67572823 
 06/02  13:00:00,,,220521889.09979358,220521889.09979352 
 06/02  14:00:00,,,207073841.43279764,207073841.43279755 
 06/02  15:00:00,,,224944812.6986219,224944812.69862184 
 06/02  16:00:00,,,244516631.57851887,244516631.57851887 
 06/02  17:00:00,,,244875713.25847125,244875713.25847128 
 06/02  18:00:00,,,197499364.58733943,197499364.58733946 
 06/02  19:00:00,,,180974860.50399134,180974860.5039914 
 06/02  20:00:00,,,211925037.4454637,211925037.44546372 
 06/02  21:00:00,,,168972908.6180726,168972908.61807257 
 06/02  22:00:00,,,154237901.7162708,154237901.71627074 
 06/02  23:00:00,,,191977585.32277614,191977585.3227761 
 06/02  24:00:00,,,116212733.83240436,116212733.83240439 
 06/03  01:00:00,,,108026973.31854546,108026973.31854543 
 06/03  02:00:00,,,98894027.00548823,98894027.0054882 
 06/03  03:00:00,,,92254267.7061601,92254267.70616004 
 06/03  04:00:00,,,90670534.14050274,90670534.14050272 
 06/03  05:00:00,,,117062681.5870118,117062681.58701175 
 06/03  06:00:00,,,169822810.6803318,169822810.68033177 
 06/03  07:00:00,,,182902788.08569056,182902788.08569044 
 06/03  08:00:00,,,166133298.575458,166133298.5754579 
 06/03  09:00:00,,,160151805.5733136,160151805.57331353 
 06/03  10:00:00,,,148618563.5691992,148618563.56919912 
 06/03  11:00:00,,,142814702.70803708,142814702.70803702 
 06/03  12:00:00,,,140299511.2390786,140299511.23907855 
 06/03  13:00:00,,,136590921.04307494,136590921.04307488 
 06/03  14:00:00,,,126012531.90993333,126012531.9099333 
 06/03  15:00:00,,,148904484.49036103,148904484.49036095 
 06/03  16:00:00,,,161702134.50468954,161702134.50468946 
 06/03  17:00:00,,,166086366.392983,166086366.39298296 
 06/03  18:00:00,,,181109227.93876156,181109227.93876156 
 06/03  19:00:00,,,182875893.64236563,182875893.64236566 
 06/03  20:00:00,,,175220666.10798717,175220666.10798717 
 06/03  21:00:00,,,173666503.08502698,173666503.08502692 
 06/03  22:00:00,,,171721200.20919436,171721200.20919424 
 06/03  23:00:00,,,126482913.93110329,126482913.93110323 
 06/03  24:00:00,,,94002553.94745204,94002553.94745202 
 06/04  01:00:00,,,76967464.81847742,76967464.81847736 
 06/04  02:00:00,,,76900320.31390758,76900320.31390758 
 06/04  03:00:00,,,71127680.74569994,71127680.74569996 
 06/04  04:00:00,,,72168765.6907884,72168765.69078836 
 06/04  05:00:00,,,103641364.5305874,103641364.53058735 
 06/04  06:00:00,,,159054653.62831265,159054653.62831256 
 06/04  07:00:00,,,177938615.27713633,177938615.27713627 
 06/04  08:00:00,,,167805132.8997709,167805132.8997708 
 06/04  09:00:00,,,161690035.9064358,161690035.9064357 
 06/04  10:00:00,,,125228267.1813633,125228267.18136325 
 06/04  11:00:00,,,120254785.65242907,120254785.65242901 
 06/04  12:00:00,,,113407783.71782696,113407783.71782687 
 06/04  13:00:00,,,117172713.82896209,117172713.82896206 
 06/04  14:00:00,,,114668491.50391021,114668491.50391018 
 06/04  15:00:00,,,127544863.12201999,127544863.12201995 
 06/04  16:00:00,,,148588937.2615149,148588937.26151484 
 06/04  17:00:00,,,196421143.8244623,196421143.82446223 
 06/04  18:00:00,,,207043638.1147534,207043638.11475337 
 06/04  19:00:00,,,201382269.5327517,201382269.53275174 
 06/04  20:00:00,,,200262870.7006513,200262870.70065132 
 06/04  21:00:00,,,206095542.94094124,206095542.94094133 
 06/04  22:00:00,,,180208260.56642637,180208260.56642634 
 06/04  23:00:00,,,136591101.34904617,136591101.34904608 
 06/04  24:00:00,,,120006614.83146714,120006614.83146717 
 06/05  01:00:00,,,106716539.94617638,106716539.9461764 
 06/05  02:00:00,,,100159834.66945258,100159834.66945255 
 06/05  03:00:00,,,99171865.90006436,99171865.9000643 
 06/05  04:00:00,,,100567537.61881046,100567537.61881046 
 06/05  05:00:00,,,128376201.19196603,128376201.19196598 
 06/05  06:00:00,,,184379730.57662767,184379730.5766276 
 06/05  07:00:00,,,200015212.13898706,200015212.13898706 
 06/05  08:00:00,,,167519149.84165603,167519149.84165594 
 06/05  09:00:00,,,141020500.247718,141020500.24771792 
 06/05  10:00:00,,,132293648.77473018,132293648.7747301 
 06/05  11:00:00,,,137255904.70391223,137255904.70391217 
 06/05  12:00:00,,,125297661.46243206,125297661.46243198 
 06/05  13:00:00,,,136288575.8770774,136288575.8770773 
 06/05  14:00:00,,,128054177.60485914,128054177.60485907 
 06/05  15:00:00,,,127324799.64721079,127324799.64721073 
 06/05  16:00:00,,,168649766.1069485,168649766.10694844 
 06/05  17:00:00,,,196390340.3336951,196390340.33369505 
 06/05  18:00:00,,,220531331.96762723,220531331.96762717 
 06/05  19:00:00,,,215154451.77142498,215154451.77142504 
 06/05  20:00:00,,,196391932.8563304,196391932.8563304 
 06/05  21:00:00,,,165738668.2356089,165738668.23560885 
 06/05  22:00:00,,,167235096.61623645,167235096.61623636 
 06/05  23:00:00,,,159611475.71280858,159611475.71280855 
 06/05  24:00:00,,,117025636.48616494,117025636.48616496 
 06/06  01:00:00,,,109015168.0911366,109015168.09113659 
 06/06  02:00:00,,,96785641.21839471,96785641.21839468 
 06/06  03:00:00,,,93217176.56345929,93217176.56345922 
 06/06  04:00:00,,,96751519.32796481,96751519.32796478 
 06/06  05:00:00,,,120209782.98081906,120209782.98081902 
 06/06  06:00:00,,,176516533.76095808,176516533.76095802 
 06/06  07:00:00,,,192240839.07939452,192240839.07939452 
 06/06  08:00:00,,,181861943.96623847,181861943.9662384 
 06/06  09:00:00,,,177853837.75944847,177853837.75944838 
 06/06  10:00:00,,,177457050.34975752,177457050.3497574 
 06/06  11:00:00,,,151185337.5421275,151185337.54212743 
 06/06  12:00:00,,,113544399.39320606,113544399.39320597 
 06/06  13:00:00,,,111231671.13210513,111231671.13210508 
 06/06  14:00:00,,,100466039.26725039,100466039.26725033 
 06/06  15:00:00,,,115973551.25346003,115973551.25345996 
 06/06  16:00:00,,,136189928.5005224,136189928.50052235 
 06/06  17:00:00,,,181523361.55194634,181523361.5519463 
 06/06  18:00:00,,,194962309.5219233,194962309.5219233 
 06/06  19:00:00,,,203526238.3510915,203526238.35109156 
 06/06  20:00:00,,,195827844.9780836,195827844.97808367 
 06/06  21:00:00,,,230220609.1730652,230220609.17306525 
 06/06  22:00:00,,,186424619.49283367,186424619.49283364 
 06/06  23:00:00,,,141227452.31357598,141227452.31357592 
 06/06  24:00:00,,,106574420.1804892,106574420.1804892 
 06/07  01:00:00,,,95308255.44104572,95308255.44104567 
 06/07  02:00:00,,,90590302.66424632,90590302.66424623 
 06/07  03:00:00,,,83271707.92549664,83271707.92549661 
 06/07  04:00:00,,,86497672.94104019,86497672.94104016 
 06/07  05:00:00,,,114723202.41961582,114723202.41961575 
 06/07  06:00:00,,,175186579.35150272,175186579.35150263 
 06/07  07:00:00,,,191005134.20363504,191005134.20363495 
 06/07  08:00:00,,,184951380.0450515,184951380.04505146 
 06/07  09:00:00,,,139289422.80693653,139289422.80693647 
 06/07  10:00:00,,,132467357.5565047,132467357.55650464 
 06/07  11:00:00,,,120725044.05184175,120725044.05184166 
 06/07  12:00:00,,,118166041.12572847,118166041.12572841 
 06/07  13:00:00,,,107742225.21483168,107742225.2148316 
 06/07  14:00:00,,,109068628.30142632,109068628.30142629 
 06/07  15:00:00,,,142577949.72198436,142577949.7219843 
 06/07  16:00:00,,,144219022.57824776,144219022.5782477 
 06/07  17:00:00,,,192445303.63141918,192445303.63141912 
 06/07  18:00:00,,,214230081.182399,214230081.18239897 
 06/07  19:00:00,,,219034042.2418342,219034042.24183425 
 06/07  20:00:00,,,194021539.25804812,194021539.25804812 
 06/07  21:00:00,,,182078539.11313093,182078539.11313096 
 06/07  22:00:00,,,153256243.59698033,153256243.5969803 
 06/07  23:00:00,,,175060225.50610697,175060225.5061069 
 06/07  24:00:00,,,130314597.95294654,130314597.95294657 
 06/08  01:00:00,,,122532210.86995137,122532210.86995137 
 06/08  02:00:00,,,109158926.93554562,109158926.93554561 
 06/08  03:00:00,,,105312576.83052608,105312576.83052605 
 06/08  04:00:00,,,111335002.47201782,111335002.47201784 
 06/08  05:00:00,,,136738060.14963162,136738060.14963156 
 06/08  06:00:00,,,152245535.8324466,152245535.83244652 
 06/08  07:00:00,,,157692057.337555,157692057.33755493 
 06/08  08:00:00,,,154516043.70923108,154516043.70923102 
 06/08  09:00:00,,,137463212.56162316,137463212.56162307 
 06/08  10:00:00,,,152057954.74723938,152057954.74723932 
 06/08  11:00:00,,,158869573.7121361,158869573.71213603 
 06/08  12:00:00,,,142015721.7172836,142015721.71728355 
 06/08  13:00:00,,,191276704.64344168,191276704.6434416 
 06/08  14:00:00,,,170435697.83969772,170435697.8396976 
 06/08  15:00:00,,,152907691.896261,152907691.89626098 
 06/08  16:00:00,,,180359807.27477166,180359807.27477163 
 06/08  17:00:00,,,210291631.84752953,210291631.84752953 
 06/08  18:00:00,,,216961383.27257562,216961383.27257556 
 06/08  19:00:00,,,221271859.53493398,221271859.534934 
 06/08  20:00:00,,,215709343.68486777,215709343.68486774 
 06/08  21:00:00,,,188489564.63381273,188489564.63381273 
 06/08  22:00:00,,,159609247.4338656,159609247.43386555 
 06/08  23:00:00,,,195989326.4059,195989326.40589994 
 06/08  24:00:00,,,148324067.18839604,148324067.18839604 
 06/09  01:00:00,,,133927495.89889355,133927495.89889358 
 06/09  02:00:00,,,129019422.79818077,129019422.79818076 
 06/09  03:00:00,,,115948853.22917825,115948853.22917825 
 06/09  04:00:00,,,123648910.47593099,123648910.47593102 
 06/09  05:00:00,,,144955894.390263,144955894.39026296 
 06/09  06:00:00,,,157767589.66749957,157767589.6674995 
 06/09  07:00:00,,,158899721.2532395,158899721.25323942 
 06/09  08:00:00,,,162963646.22979483,162963646.22979474 
 06/09  09:00:00,,,162214856.52877071,162214856.52877066 
 06/09  10:00:00,,,254728533.15072486,254728533.15072477 
 06/09  11:00:00,,,236625436.72575757,236625436.72575754 
 06/09  12:00:00,,,225511688.55941755,225511688.5594175 
 06/09  13:00:00,,,224570779.4412651,224570779.44126505 
 06/09  14:00:00,,,218972452.21389353,218972452.21389344 
 06/09  15:00:00,,,233757809.53547457,233757809.53547454 
 06/09  16:00:00,,,254957401.7668674,254957401.76686734 
 06/09  17:00:00,,,280364721.9941663,280364721.9941663 
 06/09  18:00:00,,,293785945.982237,293785945.982237 
 06/09  19:00:00,,,286602270.65154946,286602270.6515495 
 06/09  20:00:00,,,220806867.97005117,220806867.97005123 
 06/09  21:00:00,,,170711981.21574327,170711981.2157432 
 06/09  22:00:00,,,175597238.6296635,175597238.62966347 
 06/09  23:00:00,,,164881574.11180905,164881574.11180902 
 06/09  24:00:00,,,107735917.1496901,107735917.14969012 
 06/10  01:00:00,,,102943288.21487895,102943288.21487892 
 06/10  02:00:00,,,96144187.34560387,96144187.34560382 
 06/10  03:00:00,,,94488429.34608096,94488429.34608088 
 06/10  04:00:00,,,92810193.31115401,92810193.31115401 
 06/10  05:00:00,,,125236599.59664546,125236599.59664539 
 06/10  06:00:00,,,150908107.97925773,150908107.97925767 
 06/10  07:00:00,,,157943217.4091716,157943217.40917155 
 06/10  08:00:00,,,157421735.6994542,157421735.69945413 
 06/10  09:00:00,,,139575557.26972255,139575557.2697225 
 06/10  10:00:00,,,220779083.19358087,220779083.1935808 
 06/10  11:00:00,,,205915049.958619,205915049.95861894 
 06/10  12:00:00,,,204817144.8901859,204817144.8901859 
 06/10  13:00:00,,,202718146.86305013,202718146.86305004 
 06/10  14:00:00,,,201543517.92940736,201543517.92940733 
 06/10  15:00:00,,,211304601.48374426,211304601.48374417 
 06/10  16:00:00,,,236708807.010348,236708807.01034793 
 06/10  17:00:00,,,266098275.42295012,266098275.42295015 
 06/10  18:00:00,,,282453690.39397115,282453690.3939711 
 06/10  19:00:00,,,270273262.5740968,270273262.5740968 
 06/10  20:00:00,,,257116411.33613297,257116411.33613303 
 06/10  21:00:00,,,227870240.29208672,227870240.2920868 
 06/10  22:00:00,,,145748792.1247684,145748792.12476832 
 06/10  23:00:00,,,149387626.3568079,149387626.35680783 
 06/10  24:00:00,,,121222270.32380831,121222270.32380834 
 06/11  01:00:00,,,109704110.11828844,109704110.11828844 
 06/11  02:00:00,,,104280057.76230374,104280057.76230374 
 06/11  03:00:00,,,98374532.86290714,98374532.86290708 
 06/11  04:00:00,,,107391166.93416318,107391166.93416321 
 06/11  05:00:00,,,129866717.56946465,129866717.56946461 
 06/11  06:00:00,,,156645933.2906077,156645933.29060757 
 06/11  07:00:00,,,158391695.65876603,158391695.65876597 
 06/11  08:00:00,,,184264009.64948547,184264009.6494854 
 06/11  09:00:00,,,220927158.6248598,220927158.62485972 
 06/11  10:00:00,,,213679335.16525313,213679335.1652531 
 06/11  11:00:00,,,210323128.01393,210323128.01392993 
 06/11  12:00:00,,,206325228.06679195,206325228.06679186 
 06/11  13:00:00,,,198778949.2421688,198778949.24216875 
 06/11  14:00:00,,,198955333.8172364,198955333.8172363 
 06/11  15:00:00,,,183271579.34724352,183271579.34724343 
 06/11  16:00:00,,,159846275.2278949,159846275.2278948 
 06/11  17:00:00,,,170767253.28058085,170767253.28058082 
 06/11  18:00:00,,,213938579.926836,213938579.926836 
 06/11  19:00:00,,,205882394.6879991,205882394.6879991 
 06/11  20:00:00,,,207819295.06637013,207819295.06637013 
 06/11  21:00:00,,,181212853.6454726,181212853.64547256 
 06/11  22:00:00,,,161305042.5458185,161305042.5458184 
 06/11  23:00:00,,,178645928.83700702,178645928.837007 
 06/11  24:00:00,,,155249513.9971984,155249513.99719846 
 06/12  01:00:00,,,136974889.7013932,136974889.70139316 
 06/12  02:00:00,,,126282701.07531275,126282701.07531275 
 06/12  03:00:00,,,119493011.13823795,119493011.13823794 
 06/12  04:00:00,,,126002697.02903388,126002697.02903387 
 06/12  05:00:00,,,152744629.4075669,152744629.40756685 
 06/12  06:00:00,,,155620699.27469957,155620699.2746995 
 06/12  07:00:00,,,157800793.3420817,157800793.3420816 
 06/12  08:00:00,,,150082466.55443773,150082466.55443767 
 06/12  09:00:00,,,143184556.57721254,143184556.57721248 
 06/12  10:00:00,,,132875087.92293374,132875087.9229337 
 06/12  11:00:00,,,138587213.37594524,138587213.3759452 
 06/12  12:00:00,,,133188775.7187312,133188775.71873114 
 06/12  13:00:00,,,129699680.58294174,129699680.58294171 
 06/12  14:00:00,,,133976899.0286797,133976899.02867965 
 06/12  15:00:00,,,212628619.8746301,212628619.87463006 
 06/12  16:00:00,,,243876329.06712145,243876329.06712142 
 06/12  17:00:00,,,267988581.1531858,267988581.1531858 
 06/12  18:00:00,,,192813070.70476234,192813070.7047623 
 06/12  19:00:00,,,212916662.2578848,212916662.25788486 
 06/12  20:00:00,,,207030428.88258108,207030428.88258114 
 06/12  21:00:00,,,181135044.92621917,181135044.92621917 
 06/12  22:00:00,,,179921031.08606118,179921031.08606118 
 06/12  23:00:00,,,169454208.76015133,169454208.76015127 
 06/12  24:00:00,,,126315206.4199535,126315206.41995347 
 06/13  01:00:00,,,118003954.69603992,118003954.69603993 
 06/13  02:00:00,,,101935464.99801335,101935464.99801335 
 06/13  03:00:00,,,96359261.18802588,96359261.18802583 
 06/13  04:00:00,,,102654558.28161715,102654558.28161715 
 06/13  05:00:00,,,127437128.70962647,127437128.70962644 
 06/13  06:00:00,,,184676471.67205507,184676471.67205504 
 06/13  07:00:00,,,200786710.80916956,200786710.80916953 
 06/13  08:00:00,,,179373736.96144447,179373736.9614444 
 06/13  09:00:00,,,138711180.50977537,138711180.5097753 
 06/13  10:00:00,,,133022677.08472195,133022677.0847219 
 06/13  11:00:00,,,126522750.9382731,126522750.93827301 
 06/13  12:00:00,,,121855027.27708772,121855027.27708764 
 06/13  13:00:00,,,130364842.5313628,130364842.53136274 
 06/13  14:00:00,,,116272068.11715347,116272068.1171534 
 06/13  15:00:00,,,145859639.9105391,145859639.910539 
 06/13  16:00:00,,,160628702.96555954,160628702.9655595 
 06/13  17:00:00,,,184370117.43415317,184370117.4341532 
 06/13  18:00:00,,,209695461.89218572,209695461.89218575 
 06/13  19:00:00,,,219577103.81057307,219577103.81057313 
 06/13  20:00:00,,,205545928.7646069,205545928.76460683 
 06/13  21:00:00,,,172880048.13934886,172880048.13934883 
 06/13  22:00:00,,,210477582.01463094,210477582.01463088 
 06/13  23:00:00,,,152615785.87965378,152615785.87965378 
 06/13  24:00:00,,,119231741.18180095,119231741.18180098 
 06/14  01:00:00,,,107694746.32809001,107694746.32809001 
 06/14  02:00:00,,,91728411.35209948,91728411.35209946 
 06/14  03:00:00,,,86033792.99356274,86033792.99356267 
 06/14  04:00:00,,,97314607.41114134,97314607.41114132 
 06/14  05:00:00,,,120269174.9951134,120269174.99511336 
 06/14  06:00:00,,,180980206.81083307,180980206.810833 
 06/14  07:00:00,,,195450690.72999287,195450690.7299928 
 06/14  08:00:00,,,191517054.35454595,191517054.3545459 
 06/14  09:00:00,,,139973520.13442144,139973520.13442138 
 06/14  10:00:00,,,131542845.56487803,131542845.56487797 
 06/14  11:00:00,,,137717911.1182175,137717911.1182174 
 06/14  12:00:00,,,144195525.70890123,144195525.70890117 
 06/14  13:00:00,,,157812751.85725707,157812751.85725704 
 06/14  14:00:00,,,201366459.14490864,201366459.14490858 
 06/14  15:00:00,,,216432539.25294352,216432539.25294346 
 06/14  16:00:00,,,236643167.88272923,236643167.88272917 
 06/14  17:00:00,,,264053505.1783667,264053505.17836675 
 06/14  18:00:00,,,245134450.64751467,245134450.6475146 
 06/14  19:00:00,,,198090013.42171758,198090013.42171767 
 06/14  20:00:00,,,200674002.88604382,200674002.88604388 
 06/14  21:00:00,,,152229113.81207615,152229113.81207606 
 06/14  22:00:00,,,159025132.12842375,159025132.1284237 
 06/14  23:00:00,,,158730568.77977765,158730568.77977762 
 06/14  24:00:00,,,128487197.58496058,128487197.58496058 
 06/15  01:00:00,,,117525129.91408342,117525129.91408345 
 06/15  02:00:00,,,107514745.50822774,107514745.5082277 
 06/15  03:00:00,,,104864016.80017158,104864016.80017154 
 06/15  04:00:00,,,111587956.28727108,111587956.28727113 
 06/15  05:00:00,,,137842200.91268623,137842200.91268617 
 06/15  06:00:00,,,152746826.3424381,152746826.34243804 
 06/15  07:00:00,,,155049264.58606663,155049264.58606657 
 06/15  08:00:00,,,149298802.1457676,149298802.14576754 
 06/15  09:00:00,,,140249929.56347185,140249929.56347182 
 06/15  10:00:00,,,131284249.78349389,131284249.78349382 
 06/15  11:00:00,,,125494887.44209592,125494887.44209586 
 06/15  12:00:00,,,125141074.39017332,125141074.39017329 
 06/15  13:00:00,,,111798996.69040625,111798996.69040619 
 06/15  14:00:00,,,109493992.7335677,109493992.73356767 
 06/15  15:00:00,,,129047778.25728111,129047778.25728102 
 06/15  16:00:00,,,167136792.59011906,167136792.59011903 
 06/15  17:00:00,,,181327498.8097245,181327498.80972448 
 06/15  18:00:00,,,204395814.40965873,204395814.40965873 
 06/15  19:00:00,,,209901763.51096892,209901763.51096898 
 06/15  20:00:00,,,190407556.23509133,190407556.23509136 
 06/15  21:00:00,,,178325836.19236994,178325836.19236994 
 06/15  22:00:00,,,153535997.94657424,153535997.9465742 
 06/15  23:00:00,,,184642985.51503214,184642985.51503205 
 06/15  24:00:00,,,136368073.5589822,136368073.55898225 
 06/16  01:00:00,,,117699943.56089735,117699943.56089734 
 06/16  02:00:00,,,114408441.10676423,114408441.10676423 
 06/16  03:00:00,,,103438269.74077064,103438269.7407706 
 06/16  04:00:00,,,111661139.3536167,111661139.35361674 
 06/16  05:00:00,,,135655562.7058434,135655562.70584333 
 06/16  06:00:00,,,154293126.55110803,154293126.55110797 
 06/16  07:00:00,,,158933565.63494566,158933565.63494563 
 06/16  08:00:00,,,148817810.77017424,148817810.77017415 
 06/16  09:00:00,,,148644204.73962882,148644204.7396288 
 06/16  10:00:00,,,139032333.87444276,139032333.8744427 
 06/16  11:00:00,,,148118178.8198949,148118178.81989488 
 06/16  12:00:00,,,215512867.2565766,215512867.25657648 
 06/16  13:00:00,,,221759881.07596892,221759881.0759688 
 06/16  14:00:00,,,209675522.74792188,209675522.74792185 
 06/16  15:00:00,,,220907556.1084447,220907556.10844463 
 06/16  16:00:00,,,252532280.64653084,252532280.64653075 
 06/16  17:00:00,,,277831502.66416043,277831502.6641605 
 06/16  18:00:00,,,294742557.4346668,294742557.4346668 
 06/16  19:00:00,,,288801994.52002555,288801994.5200256 
 06/16  20:00:00,,,210585736.9904659,210585736.99046594 
 06/16  21:00:00,,,185736459.84610358,185736459.8461036 
 06/16  22:00:00,,,168108756.4042878,168108756.40428773 
 06/16  23:00:00,,,183382449.91947308,183382449.91947296 
 06/16  24:00:00,,,120587656.92180328,120587656.92180328 
 06/17  01:00:00,,,110762822.13509114,110762822.13509114 
 06/17  02:00:00,,,107044770.81780568,107044770.81780568 
 06/17  03:00:00,,,103730234.47892515,103730234.47892514 
 06/17  04:00:00,,,106801615.61892785,106801615.61892787 
 06/17  05:00:00,,,139669570.09836325,139669570.09836322 
 06/17  06:00:00,,,156020295.73987597,156020295.73987588 
 06/17  07:00:00,,,166105390.22790772,166105390.22790766 
 06/17  08:00:00,,,146025276.93717548,146025276.9371754 
 06/17  09:00:00,,,144063071.55356613,144063071.55356607 
 06/17  10:00:00,,,145860637.1326107,145860637.13261062 
 06/17  11:00:00,,,195942752.21504307,195942752.215043 
 06/17  12:00:00,,,223332472.9362614,223332472.9362613 
 06/17  13:00:00,,,212100674.7263334,212100674.72633335 
 06/17  14:00:00,,,207404515.05526212,207404515.055262 
 06/17  15:00:00,,,225273168.22235933,225273168.22235924 
 06/17  16:00:00,,,248726196.53786036,248726196.53786027 
 06/17  17:00:00,,,281494281.9886633,281494281.98866326 
 06/17  18:00:00,,,288050237.6727738,288050237.6727737 
 06/17  19:00:00,,,282369449.7760525,282369449.7760526 
 06/17  20:00:00,,,265881515.5387096,265881515.53870964 
 06/17  21:00:00,,,194180282.82814327,194180282.82814327 
 06/17  22:00:00,,,173758828.19062164,173758828.19062158 
 06/17  23:00:00,,,161411589.8627827,161411589.86278266 
 06/17  24:00:00,,,125681631.16271396,125681631.162714 
 06/18  01:00:00,,,115783230.09950836,115783230.09950836 
 06/18  02:00:00,,,109232958.06338613,109232958.06338611 
 06/18  03:00:00,,,100543673.28740501,100543673.287405 
 06/18  04:00:00,,,110412707.33483042,110412707.33483042 
 06/18  05:00:00,,,133321245.12567821,133321245.12567818 
 06/18  06:00:00,,,153297583.8089371,153297583.80893707 
 06/18  07:00:00,,,157026013.09794536,157026013.09794533 
 06/18  08:00:00,,,143601122.8363386,143601122.83633855 
 06/18  09:00:00,,,132134009.12839197,132134009.12839192 
 06/18  10:00:00,,,133765375.28170328,133765375.28170323 
 06/18  11:00:00,,,182684430.85572404,182684430.85572398 
 06/18  12:00:00,,,209901718.63093984,209901718.63093978 
 06/18  13:00:00,,,207596157.7806587,207596157.78065863 
 06/18  14:00:00,,,204142966.68437573,204142966.6843757 
 06/18  15:00:00,,,213918326.30866307,213918326.30866304 
 06/18  16:00:00,,,234818297.83794543,234818297.8379454 
 06/18  17:00:00,,,214818055.1213724,214818055.1213724 
 06/18  18:00:00,,,211420052.3275624,211420052.3275624 
 06/18  19:00:00,,,214138301.3027464,214138301.30274647 
 06/18  20:00:00,,,202439759.89437848,202439759.8943785 
 06/18  21:00:00,,,163222911.84178022,163222911.84178013 
 06/18  22:00:00,,,216657863.03473017,216657863.0347301 
 06/18  23:00:00,,,160339451.704573,160339451.70457298 
 06/18  24:00:00,,,141671220.10567433,141671220.10567436 
 06/19  01:00:00,,,129090493.95242235,129090493.95242238 
 06/19  02:00:00,,,114434888.35192424,114434888.35192423 
 06/19  03:00:00,,,115200826.49861416,115200826.49861413 
 06/19  04:00:00,,,116474199.35361561,116474199.35361564 
 06/19  05:00:00,,,141693327.5791044,141693327.5791044 
 06/19  06:00:00,,,151131231.0278789,151131231.02787882 
 06/19  07:00:00,,,156192432.72930732,156192432.72930726 
 06/19  08:00:00,,,150426573.60859033,150426573.60859028 
 06/19  09:00:00,,,137767377.5455529,137767377.54555285 
 06/19  10:00:00,,,132462999.4888216,132462999.48882154 
 06/19  11:00:00,,,125221584.49625596,125221584.4962559 
 06/19  12:00:00,,,113148443.4718265,113148443.47182646 
 06/19  13:00:00,,,108720998.12918127,108720998.12918119 
 06/19  14:00:00,,,102413586.91706571,102413586.91706565 
 06/19  15:00:00,,,115898009.37989202,115898009.37989196 
 06/19  16:00:00,,,149188161.0585814,149188161.05858135 
 06/19  17:00:00,,,234711312.46989658,234711312.46989667 
 06/19  18:00:00,,,245133861.5723493,245133861.5723493 
 06/19  19:00:00,,,236311711.22944164,236311711.2294417 
 06/19  20:00:00,,,222716710.17780462,222716710.17780462 
 06/19  21:00:00,,,191796126.2403609,191796126.24036098 
 06/19  22:00:00,,,159099885.1986634,159099885.19866338 
 06/19  23:00:00,,,120618720.89716296,120618720.89716291 
 06/19  24:00:00,,,87085142.19542636,87085142.19542633 
 06/20  01:00:00,,,80186451.95414601,80186451.95414594 
 06/20  02:00:00,,,74131423.85945012,74131423.85945013 
 06/20  03:00:00,,,71052578.9857603,71052578.9857603 
 06/20  04:00:00,,,77994337.3377336,77994337.33773357 
 06/20  05:00:00,,,102396999.76263954,102396999.76263946 
 06/20  06:00:00,,,157430373.94316402,157430373.94316393 
 06/20  07:00:00,,,174324741.27902606,174324741.27902603 
 06/20  08:00:00,,,167290261.42247868,167290261.4224786 
 06/20  09:00:00,,,159432120.25603312,159432120.2560331 
 06/20  10:00:00,,,158937466.4689358,158937466.46893573 
 06/20  11:00:00,,,154001813.90058133,154001813.9005813 
 06/20  12:00:00,,,153241610.43329683,153241610.43329677 
 06/20  13:00:00,,,140261822.6946549,140261822.69465485 
 06/20  14:00:00,,,102605260.49115303,102605260.49115297 
 06/20  15:00:00,,,113522512.76463166,113522512.7646316 
 06/20  16:00:00,,,133726295.12697162,133726295.12697157 
 06/20  17:00:00,,,163532010.99966234,163532010.9996623 
 06/20  18:00:00,,,179371002.4034507,179371002.4034507 
 06/20  19:00:00,,,237760470.02948034,237760470.0294804 
 06/20  20:00:00,,,225106246.36259136,225106246.3625914 
 06/20  21:00:00,,,197015157.85053286,197015157.8505329 
 06/20  22:00:00,,,163687006.2576305,163687006.25763038 
 06/20  23:00:00,,,124048243.98563625,124048243.98563619 
 06/20  24:00:00,,,91862294.59610549,91862294.59610544 
 06/21  01:00:00,,,84334922.74135521,84334922.74135514 
 06/21  02:00:00,,,78779652.93221115,78779652.93221116 
 06/21  03:00:00,,,73439405.51909833,73439405.51909834 
 06/21  04:00:00,,,80307886.12678479,80307886.12678477 
 06/21  05:00:00,,,106028801.48988289,106028801.48988281 
 06/21  06:00:00,,,160039424.07313764,160039424.07313758 
 06/21  07:00:00,,,170537057.04462427,170537057.04462427 
 06/21  08:00:00,,,162629312.61734876,162629312.61734867 
 06/21  09:00:00,,,153065203.02948773,153065203.02948764 
 06/21  10:00:00,,,128806922.12313443,128806922.12313437 
 06/21  11:00:00,,,123175331.12196714,123175331.12196706 
 06/21  12:00:00,,,114273946.94348083,114273946.94348079 
 06/21  13:00:00,,,106133870.89336601,106133870.89336595 
 06/21  14:00:00,,,103683852.1178324,103683852.11783235 
 06/21  15:00:00,,,112121459.9394638,112121459.93946375 
 06/21  16:00:00,,,132806285.18250114,132806285.18250106 
 06/21  17:00:00,,,163045829.99522328,163045829.99522325 
 06/21  18:00:00,,,184139856.32447547,184139856.3244755 
 06/21  19:00:00,,,191853306.98513365,191853306.9851337 
 06/21  20:00:00,,,242837434.6917642,242837434.6917642 
 06/21  21:00:00,,,204970032.83151048,204970032.83151054 
 06/21  22:00:00,,,165657330.0990385,165657330.09903842 
 06/21  23:00:00,,,130724378.08756858,130724378.08756852 
 06/21  24:00:00,,,95044238.37635921,95044238.37635918 
 06/22  01:00:00,,,85343062.78800222,85343062.78800216 
 06/22  02:00:00,,,82460570.08108167,82460570.08108164 
 06/22  03:00:00,,,75469563.23098679,75469563.23098679 
 06/22  04:00:00,,,80008392.26761101,80008392.267611 
 06/22  05:00:00,,,107992268.66200702,107992268.66200694 
 06/22  06:00:00,,,161941264.21998075,161941264.21998072 
 06/22  07:00:00,,,181054656.03954414,181054656.03954402 
 06/22  08:00:00,,,167835771.74526712,167835771.74526706 
 06/22  09:00:00,,,136076776.42277262,136076776.42277256 
 06/22  10:00:00,,,130582559.69860262,130582559.69860256 
 06/22  11:00:00,,,123647999.08107631,123647999.08107626 
 06/22  12:00:00,,,113356801.42993245,113356801.42993237 
 06/22  13:00:00,,,108224391.65907097,108224391.65907088 
 06/22  14:00:00,,,101006615.58055705,101006615.58055699 
 06/22  15:00:00,,,114050073.48236704,114050073.48236695 
 06/22  16:00:00,,,133238867.88457139,133238867.88457136 
 06/22  17:00:00,,,198473517.88363004,198473517.88363004 
 06/22  18:00:00,,,197110985.8175373,197110985.81753728 
 06/22  19:00:00,,,177980887.67011985,177980887.6701199 
 06/22  20:00:00,,,184874072.5206197,184874072.5206197 
 06/22  21:00:00,,,156099917.40391278,156099917.40391275 
 06/22  22:00:00,,,151440640.60175267,151440640.6017526 
 06/22  23:00:00,,,169530740.91828775,169530740.9182877 
 06/22  24:00:00,,,123447711.89674063,123447711.89674065 
 06/23  01:00:00,,,109178235.46319626,109178235.46319628 
 06/23  02:00:00,,,98748197.63401255,98748197.63401248 
 06/23  03:00:00,,,98556013.11225934,98556013.1122593 
 06/23  04:00:00,,,98794970.27555096,98794970.27555096 
 06/23  05:00:00,,,126101393.34551653,126101393.34551644 
 06/23  06:00:00,,,180961084.27534905,180961084.275349 
 06/23  07:00:00,,,179651868.44609344,179651868.4460934 
 06/23  08:00:00,,,150196547.40530914,150196547.40530908 
 06/23  09:00:00,,,137002946.4389752,137002946.43897513 
 06/23  10:00:00,,,131967872.85856248,131967872.85856241 
 06/23  11:00:00,,,137563164.4319709,137563164.43197083 
 06/23  12:00:00,,,135992931.71643355,135992931.7164335 
 06/23  13:00:00,,,141826730.57001448,141826730.57001442 
 06/23  14:00:00,,,167857373.2386562,167857373.23865616 
 06/23  15:00:00,,,234258680.06873512,234258680.0687351 
 06/23  16:00:00,,,242253923.3930242,242253923.39302415 
 06/23  17:00:00,,,264874831.65150064,264874831.6515007 
 06/23  18:00:00,,,189675920.85848072,189675920.85848075 
 06/23  19:00:00,,,208790592.1414402,208790592.1414402 
 06/23  20:00:00,,,199788500.4436514,199788500.44365138 
 06/23  21:00:00,,,168128439.522275,168128439.52227494 
 06/23  22:00:00,,,161252152.25297034,161252152.25297028 
 06/23  23:00:00,,,168348025.40200633,168348025.40200627 
 06/23  24:00:00,,,107327985.94577314,107327985.94577314 
 06/24  01:00:00,,,104194975.44418985,104194975.44418982 
 06/24  02:00:00,,,90444586.17064953,90444586.17064947 
 06/24  03:00:00,,,91977167.77823079,91977167.77823074 
 06/24  04:00:00,,,94552414.16862784,94552414.16862783 
 06/24  05:00:00,,,123673877.28314388,123673877.28314379 
 06/24  06:00:00,,,149205283.2649249,149205283.26492485 
 06/24  07:00:00,,,153080523.13629833,153080523.13629827 
 06/24  08:00:00,,,143596797.5599553,143596797.55995524 
 06/24  09:00:00,,,181832329.0476003,181832329.04760024 
 06/24  10:00:00,,,207798608.27062893,207798608.27062893 
 06/24  11:00:00,,,199082555.2171324,199082555.21713233 
 06/24  12:00:00,,,199739245.84882465,199739245.84882465 
 06/24  13:00:00,,,193055017.7387632,193055017.73876315 
 06/24  14:00:00,,,197813326.20514154,197813326.20514148 
 06/24  15:00:00,,,199582667.67115885,199582667.6711588 
 06/24  16:00:00,,,220720712.03047216,220720712.03047207 
 06/24  17:00:00,,,191102420.33484823,191102420.3348482 
 06/24  18:00:00,,,202225900.82841542,202225900.8284154 
 06/24  19:00:00,,,211694976.095428,211694976.09542805 
 06/24  20:00:00,,,201678233.76583296,201678233.76583296 
 06/24  21:00:00,,,155812750.82137057,155812750.82137048 
 06/24  22:00:00,,,208352601.14080998,208352601.14080992 
 06/24  23:00:00,,,151991063.77862936,151991063.7786293 
 06/24  24:00:00,,,113264723.31917211,113264723.31917214 
 06/25  01:00:00,,,96680221.32840106,96680221.32840101 
 06/25  02:00:00,,,88165921.72199215,88165921.72199208 
 06/25  03:00:00,,,77825569.12367235,77825569.12367234 
 06/25  04:00:00,,,90556047.90655962,90556047.90655959 
 06/25  05:00:00,,,109749046.79149333,109749046.79149328 
 06/25  06:00:00,,,164672530.11747336,164672530.11747327 
 06/25  07:00:00,,,178459805.42922866,178459805.42922857 
 06/25  08:00:00,,,169338782.96723926,169338782.9672392 
 06/25  09:00:00,,,162730171.3287876,162730171.32878757 
 06/25  10:00:00,,,128758009.29993743,128758009.29993737 
 06/25  11:00:00,,,114164665.75495073,114164665.75495064 
 06/25  12:00:00,,,110099499.02740373,110099499.02740364 
 06/25  13:00:00,,,118336539.80401583,118336539.80401579 
 06/25  14:00:00,,,99815215.11326759,99815215.11326753 
 06/25  15:00:00,,,119371606.97616811,119371606.97616804 
 06/25  16:00:00,,,141149680.4918162,141149680.4918161 
 06/25  17:00:00,,,192409646.63730857,192409646.63730854 
 06/25  18:00:00,,,201018114.90597025,201018114.90597022 
 06/25  19:00:00,,,205963597.4991855,205963597.4991856 
 06/25  20:00:00,,,188135350.51229605,188135350.51229605 
 06/25  21:00:00,,,200874531.72107244,200874531.7210725 
 06/25  22:00:00,,,185356307.56555972,185356307.56555966 
 06/25  23:00:00,,,135213404.30611613,135213404.30611607 
 06/25  24:00:00,,,114209305.21162519,114209305.21162519 
 06/26  01:00:00,,,105072094.70533523,105072094.7053352 
 06/26  02:00:00,,,93321102.67097095,93321102.6709709 
 06/26  03:00:00,,,89708210.989238,89708210.98923792 
 06/26  04:00:00,,,91760720.1049429,91760720.10494286 
 06/26  05:00:00,,,119989783.91590874,119989783.91590866 
 06/26  06:00:00,,,171971029.0901917,171971029.09019166 
 06/26  07:00:00,,,187629211.26055104,187629211.260551 
 06/26  08:00:00,,,176037081.0463047,176037081.04630464 
 06/26  09:00:00,,,137507733.75016755,137507733.75016746 
 06/26  10:00:00,,,129560890.17179823,129560890.1717982 
 06/26  11:00:00,,,132638868.65442802,132638868.65442798 
 06/26  12:00:00,,,132132367.41611966,132132367.4161196 
 06/26  13:00:00,,,215571288.1803267,215571288.18032664 
 06/26  14:00:00,,,199686694.17087963,199686694.17087954 
 06/26  15:00:00,,,184981539.9272061,184981539.92720607 
 06/26  16:00:00,,,143962390.8574441,143962390.85744408 
 06/26  17:00:00,,,163317111.19034392,163317111.1903439 
 06/26  18:00:00,,,191813825.1713819,191813825.1713819 
 06/26  19:00:00,,,178464387.65600088,178464387.65600097 
 06/26  20:00:00,,,170777813.65235835,170777813.65235832 
 06/26  21:00:00,,,155147723.20235032,155147723.20235026 
 06/26  22:00:00,,,150406802.68075112,150406802.6807511 
 06/26  23:00:00,,,170345173.03982162,170345173.03982157 
 06/26  24:00:00,,,122118533.86053343,122118533.86053346 
 06/27  01:00:00,,,104115577.50635378,104115577.50635375 
 06/27  02:00:00,,,91889381.8249988,91889381.82499874 
 06/27  03:00:00,,,87496336.91034047,87496336.91034044 
 06/27  04:00:00,,,94314124.66654272,94314124.66654272 
 06/27  05:00:00,,,115021224.39144169,115021224.39144161 
 06/27  06:00:00,,,166772430.11075664,166772430.1107566 
 06/27  07:00:00,,,180834923.3550391,180834923.355039 
 06/27  08:00:00,,,173894251.83114767,173894251.83114764 
 06/27  09:00:00,,,159856024.09472314,159856024.09472308 
 06/27  10:00:00,,,162060651.6324245,162060651.6324244 
 06/27  11:00:00,,,141239882.7683555,141239882.76835543 
 06/27  12:00:00,,,113007594.91479708,113007594.91479702 
 06/27  13:00:00,,,111803270.71945903,111803270.71945898 
 06/27  14:00:00,,,98944707.14090428,98944707.1409042 
 06/27  15:00:00,,,113057830.96064897,113057830.9606489 
 06/27  16:00:00,,,152308937.1787646,152308937.1787645 
 06/27  17:00:00,,,172390205.85459018,172390205.85459018 
 06/27  18:00:00,,,210935857.8857988,210935857.88579878 
 06/27  19:00:00,,,183353556.02422565,183353556.0242257 
 06/27  20:00:00,,,193766207.5358084,193766207.53580844 
 06/27  21:00:00,,,168052507.3065986,168052507.3065986 
 06/27  22:00:00,,,172046577.63003626,172046577.6300362 
 06/27  23:00:00,,,148141455.22346032,148141455.2234603 
 06/27  24:00:00,,,108980125.07413469,108980125.07413471 
 06/28  01:00:00,,,96677942.71076007,96677942.71076003 
 06/28  02:00:00,,,91036162.20107715,91036162.2010771 
 06/28  03:00:00,,,85794395.93846728,85794395.93846723 
 06/28  04:00:00,,,87026740.58952413,87026740.5895241 
 06/28  05:00:00,,,116205217.69804293,116205217.6980429 
 06/28  06:00:00,,,173296047.28376985,173296047.2837698 
 06/28  07:00:00,,,185129492.12077492,185129492.12077484 
 06/28  08:00:00,,,183499140.88112316,183499140.88112313 
 06/28  09:00:00,,,137646707.6250624,137646707.62506235 
 06/28  10:00:00,,,131695322.45091926,131695322.45091921 
 06/28  11:00:00,,,121019795.58377066,121019795.5837706 
 06/28  12:00:00,,,111247694.90384844,111247694.90384841 
 06/28  13:00:00,,,115332644.13494772,115332644.13494766 
 06/28  14:00:00,,,130019873.46281913,130019873.46281907 
 06/28  15:00:00,,,135943093.65546414,135943093.65546408 
 06/28  16:00:00,,,166560074.33288562,166560074.33288556 
 06/28  17:00:00,,,178111723.13193,178111723.13192996 
 06/28  18:00:00,,,211299977.43488392,211299977.43488392 
 06/28  19:00:00,,,216386652.10065132,216386652.10065138 
 06/28  20:00:00,,,184011041.76216373,184011041.76216376 
 06/28  21:00:00,,,170523837.9883522,170523837.9883522 
 06/28  22:00:00,,,175328982.5498857,175328982.54988563 
 06/28  23:00:00,,,163139083.78036556,163139083.78036553 
 06/28  24:00:00,,,122397715.54478544,122397715.54478547 
 06/29  01:00:00,,,108076700.19196029,108076700.19196028 
 06/29  02:00:00,,,103059203.49748406,103059203.49748403 
 06/29  03:00:00,,,99819196.75185914,99819196.75185911 
 06/29  04:00:00,,,105193487.2297539,105193487.22975391 
 06/29  05:00:00,,,134375897.33202875,134375897.3320287 
 06/29  06:00:00,,,147898533.05442113,147898533.05442107 
 06/29  07:00:00,,,154951676.2373173,154951676.23731723 
 06/29  08:00:00,,,148430050.6035719,148430050.6035718 
 06/29  09:00:00,,,136462118.64493605,136462118.644936 
 06/29  10:00:00,,,130552387.02370775,130552387.0237077 
 06/29  11:00:00,,,122054186.121623,122054186.12162293 
 06/29  12:00:00,,,111492009.49832907,111492009.49832903 
 06/29  13:00:00,,,114101200.90511051,114101200.90511043 
 06/29  14:00:00,,,123632018.8171331,123632018.81713304 
 06/29  15:00:00,,,204108362.10398653,204108362.10398647 
 06/29  16:00:00,,,241931256.36928648,241931256.36928633 
 06/29  17:00:00,,,258062216.02151653,258062216.02151653 
 06/29  18:00:00,,,272239183.1894493,272239183.18944925 
 06/29  19:00:00,,,271639942.39364636,271639942.3936464 
 06/29  20:00:00,,,260274026.8335845,260274026.83358452 
 06/29  21:00:00,,,232633254.7178796,232633254.71787962 
 06/29  22:00:00,,,198280321.4521193,198280321.45211923 
 06/29  23:00:00,,,160590231.42151794,160590231.42151794 
 06/29  24:00:00,,,127370144.82126978,127370144.8212698 
 06/30  01:00:00,,,118170476.15908538,118170476.15908535 
 06/30  02:00:00,,,113095031.32811704,113095031.32811704 
 06/30  03:00:00,,,104016210.45038185,104016210.45038182 
 06/30  04:00:00,,,111639135.28305644,111639135.28305641 
 06/30  05:00:00,,,134240823.73505342,134240823.73505336 
 06/30  06:00:00,,,151314914.67209178,151314914.67209172 
 06/30  07:00:00,,,157947355.07981998,157947355.07981995 
 06/30  08:00:00,,,147432462.58782688,147432462.58782685 
 06/30  09:00:00,,,151597354.21588117,151597354.2158811 
 06/30  10:00:00,,,137444961.36109638,137444961.3610963 
 06/30  11:00:00,,,209980843.21166837,209980843.2116683 
 06/30  12:00:00,,,224230198.14743492,224230198.1474349 
 06/30  13:00:00,,,217179766.86650497,217179766.86650485 
 06/30  14:00:00,,,207549468.623623,207549468.62362298 
 06/30  15:00:00,,,215415168.00274158,215415168.00274152 
 06/30  16:00:00,,,232781442.41622722,232781442.41622716 
 06/30  17:00:00,,,262640216.17919782,262640216.17919785 
 06/30  18:00:00,,,278538634.491658,278538634.491658 
 06/30  19:00:00,,,211874923.40441558,211874923.40441564 
 06/30  20:00:00,,,191483879.918373,191483879.91837302 
 06/30  21:00:00,,,175554753.69665676,175554753.6966567 
 06/30  22:00:00,,,150976052.42799398,150976052.42799392 
 06/30  23:00:00,,,173275643.62315136,173275643.6231513 
 06/30  24:00:00,114774767996.4893,0.0,108193744.06716824,108193744.06716824 
 07/01  01:00:00,,,101296136.62498303,101296136.62498301 
 07/01  02:00:00,,,89895433.89458558,89895433.89458555 
 07/01  03:00:00,,,91593245.79354125,91593245.79354121 
 07/01  04:00:00,,,96973718.00104974,96973718.00104971 
 07/01  05:00:00,,,119455747.78896992,119455747.78896986 
 07/01  06:00:00,,,146738281.50590822,146738281.50590813 
 07/01  07:00:00,,,155365400.22056222,155365400.22056216 
 07/01  08:00:00,,,143475750.93532562,143475750.9353256 
 07/01  09:00:00,,,145878671.17493564,145878671.17493558 
 07/01  10:00:00,,,203972257.0963962,203972257.09639615 
 07/01  11:00:00,,,210841290.99724507,210841290.99724498 
 07/01  12:00:00,,,205019884.95760596,205019884.9576059 
 07/01  13:00:00,,,203185086.41582772,203185086.4158276 
 07/01  14:00:00,,,200336745.3035366,200336745.30353653 
 07/01  15:00:00,,,215573544.24987844,215573544.2498784 
 07/01  16:00:00,,,241868411.56073576,241868411.5607357 
 07/01  17:00:00,,,277975006.12428147,277975006.1242814 
 07/01  18:00:00,,,302202901.6923302,302202901.6923302 
 07/01  19:00:00,,,292399558.32111347,292399558.32111365 
 07/01  20:00:00,,,275512630.12196016,275512630.12196016 
 07/01  21:00:00,,,232840516.22488856,232840516.22488856 
 07/01  22:00:00,,,195661132.88504216,195661132.88504207 
 07/01  23:00:00,,,154081106.45436436,154081106.4543643 
 07/01  24:00:00,,,121130098.50935599,121130098.50935602 
 07/02  01:00:00,,,110360939.13775608,110360939.13775602 
 07/02  02:00:00,,,99603486.95618412,99603486.95618409 
 07/02  03:00:00,,,98064039.16635397,98064039.16635391 
 07/02  04:00:00,,,100691977.48033416,100691977.48033416 
 07/02  05:00:00,,,126352402.68101297,126352402.6810129 
 07/02  06:00:00,,,151000672.08858812,151000672.08858803 
 07/02  07:00:00,,,155257704.0567184,155257704.05671835 
 07/02  08:00:00,,,160924233.9968468,160924233.99684674 
 07/02  09:00:00,,,224645210.70746797,224645210.7074679 
 07/02  10:00:00,,,227229091.13105538,227229091.1310553 
 07/02  11:00:00,,,225981066.7712056,225981066.7712055 
 07/02  12:00:00,,,230966877.6570628,230966877.6570627 
 07/02  13:00:00,,,225380941.41175553,225380941.41175544 
 07/02  14:00:00,,,226262277.0257441,226262277.02574402 
 07/02  15:00:00,,,238675545.8376606,238675545.83766055 
 07/02  16:00:00,,,261646077.41780204,261646077.41780195 
 07/02  17:00:00,,,296858238.36086094,296858238.36086094 
 07/02  18:00:00,,,312687029.2512673,312687029.2512674 
 07/02  19:00:00,,,306258637.41726834,306258637.4172684 
 07/02  20:00:00,,,281888208.23170143,281888208.23170143 
 07/02  21:00:00,,,246035377.92393112,246035377.92393112 
 07/02  22:00:00,,,208010831.40502557,208010831.40502554 
 07/02  23:00:00,,,167180272.95186782,167180272.95186782 
 07/02  24:00:00,,,151722534.91197175,151722534.91197178 
 07/03  01:00:00,,,131976048.85350396,131976048.85350397 
 07/03  02:00:00,,,123037991.14877403,123037991.14877403 
 07/03  03:00:00,,,115373430.92153446,115373430.92153446 
 07/03  04:00:00,,,118259980.46694463,118259980.46694468 
 07/03  05:00:00,,,141502800.14490736,141502800.14490733 
 07/03  06:00:00,,,153840083.512971,153840083.51297095 
 07/03  07:00:00,,,159642771.56383973,159642771.56383967 
 07/03  08:00:00,,,184777816.60957742,184777816.60957733 
 07/03  09:00:00,,,250425782.97410443,250425782.97410443 
 07/03  10:00:00,,,251885668.23095426,251885668.23095417 
 07/03  11:00:00,,,250591756.74242225,250591756.74242216 
 07/03  12:00:00,,,248920496.2333492,248920496.2333491 
 07/03  13:00:00,,,254003091.15293765,254003091.1529376 
 07/03  14:00:00,,,256869036.23807472,256869036.23807457 
 07/03  15:00:00,,,268755962.4300792,268755962.43007916 
 07/03  16:00:00,,,290447463.0586798,290447463.0586798 
 07/03  17:00:00,,,314636575.29044807,314636575.290448 
 07/03  18:00:00,,,327898124.596306,327898124.596306 
 07/03  19:00:00,,,309222517.7198135,309222517.7198136 
 07/03  20:00:00,,,290335847.416105,290335847.4161051 
 07/03  21:00:00,,,258666966.19041926,258666966.19041926 
 07/03  22:00:00,,,221030483.50097114,221030483.50097117 
 07/03  23:00:00,,,183044674.04478696,183044674.04478687 
 07/03  24:00:00,,,132637107.74802135,132637107.74802138 
 07/04  01:00:00,,,129906702.66611719,129906702.66611719 
 07/04  02:00:00,,,123785339.80773225,123785339.80773225 
 07/04  03:00:00,,,115199006.2442653,115199006.24426526 
 07/04  04:00:00,,,119617964.32514301,119617964.32514304 
 07/04  05:00:00,,,144559999.43945494,144559999.4394549 
 07/04  06:00:00,,,153193325.11302346,153193325.1130234 
 07/04  07:00:00,,,155029109.91668877,155029109.91668868 
 07/04  08:00:00,,,153060294.87231028,153060294.87231022 
 07/04  09:00:00,,,133343903.23661083,133343903.23661079 
 07/04  10:00:00,,,125563764.99822134,125563764.99822128 
 07/04  11:00:00,,,136139475.08502215,136139475.0850221 
 07/04  12:00:00,,,139863560.1947097,139863560.1947096 
 07/04  13:00:00,,,169575502.1253001,169575502.12530005 
 07/04  14:00:00,,,216470252.7837595,216470252.78375944 
 07/04  15:00:00,,,212111892.46188775,212111892.4618877 
 07/04  16:00:00,,,234862261.3244,234862261.3243999 
 07/04  17:00:00,,,262752913.31330484,262752913.31330484 
 07/04  18:00:00,,,276539947.0886312,276539947.08863133 
 07/04  19:00:00,,,261800356.69729868,261800356.69729877 
 07/04  20:00:00,,,177481163.43268347,177481163.4326835 
 07/04  21:00:00,,,170994775.6280754,170994775.62807533 
 07/04  22:00:00,,,171725605.88576347,171725605.88576347 
 07/04  23:00:00,,,157774522.08699816,157774522.08699813 
 07/04  24:00:00,,,138775865.65432358,138775865.65432364 
 07/05  01:00:00,,,124866765.43846314,124866765.43846317 
 07/05  02:00:00,,,114785699.886579,114785699.886579 
 07/05  03:00:00,,,113005032.8451624,113005032.8451624 
 07/05  04:00:00,,,111596406.60630985,111596406.60630989 
 07/05  05:00:00,,,134258487.89462307,134258487.894623 
 07/05  06:00:00,,,149859226.29704648,149859226.29704642 
 07/05  07:00:00,,,157386962.9491095,157386962.94910944 
 07/05  08:00:00,,,148637063.88007063,148637063.88007057 
 07/05  09:00:00,,,148582098.48660848,148582098.48660842 
 07/05  10:00:00,,,188188503.13642755,188188503.13642746 
 07/05  11:00:00,,,229725998.0667524,229725998.06675234 
 07/05  12:00:00,,,214082002.52351475,214082002.5235147 
 07/05  13:00:00,,,207825970.86260888,207825970.86260882 
 07/05  14:00:00,,,204897685.10735428,204897685.10735422 
 07/05  15:00:00,,,211935114.3203885,211935114.32038844 
 07/05  16:00:00,,,239952610.98606443,239952610.98606437 
 07/05  17:00:00,,,264983321.40546516,264983321.4054651 
 07/05  18:00:00,,,284894914.1178128,284894914.1178128 
 07/05  19:00:00,,,277274998.0298222,277274998.02982223 
 07/05  20:00:00,,,203510075.58430564,203510075.58430567 
 07/05  21:00:00,,,161893174.03911638,161893174.03911635 
 07/05  22:00:00,,,184691908.15506727,184691908.1550672 
 07/05  23:00:00,,,164571350.80023867,164571350.80023864 
 07/05  24:00:00,,,128869772.66874033,128869772.66874036 
 07/06  01:00:00,,,115301194.3281416,115301194.3281416 
 07/06  02:00:00,,,108660564.6893236,108660564.68932359 
 07/06  03:00:00,,,108306067.83360755,108306067.83360752 
 07/06  04:00:00,,,115796500.46807271,115796500.46807276 
 07/06  05:00:00,,,138892479.9549324,138892479.95493233 
 07/06  06:00:00,,,150743878.7970575,150743878.79705745 
 07/06  07:00:00,,,160176738.64486855,160176738.6448685 
 07/06  08:00:00,,,160857209.46491832,160857209.46491826 
 07/06  09:00:00,,,234568435.17754236,234568435.17754236 
 07/06  10:00:00,,,246218240.73193032,246218240.73193026 
 07/06  11:00:00,,,243477153.7577426,243477153.75774258 
 07/06  12:00:00,,,221229128.69129077,221229128.69129068 
 07/06  13:00:00,,,204146263.73741913,204146263.73741913 
 07/06  14:00:00,,,121630056.4512831,121630056.45128302 
 07/06  15:00:00,,,115406371.92854685,115406371.9285468 
 07/06  16:00:00,,,165200687.09908316,165200687.09908307 
 07/06  17:00:00,,,322313357.4417416,322313357.4417415 
 07/06  18:00:00,,,311914202.8892541,311914202.8892541 
 07/06  19:00:00,,,300069920.41333896,300069920.41333896 
 07/06  20:00:00,,,225669510.32223773,225669510.32223776 
 07/06  21:00:00,,,166908950.20786077,166908950.2078607 
 07/06  22:00:00,,,159160110.616813,159160110.6168129 
 07/06  23:00:00,,,194236031.18016076,194236031.18016067 
 07/06  24:00:00,,,142431875.97570935,142431875.97570938 
 07/07  01:00:00,,,126881698.34266439,126881698.34266444 
 07/07  02:00:00,,,110332112.36392644,110332112.36392644 
 07/07  03:00:00,,,112680662.28710335,112680662.28710333 
 07/07  04:00:00,,,112931860.3908349,112931860.39083493 
 07/07  05:00:00,,,138322847.24891156,138322847.2489115 
 07/07  06:00:00,,,149386323.8104839,149386323.81048384 
 07/07  07:00:00,,,156304752.9871682,156304752.98716813 
 07/07  08:00:00,,,146732692.7889123,146732692.78891224 
 07/07  09:00:00,,,140384955.14648187,140384955.14648184 
 07/07  10:00:00,,,141392165.82017896,141392165.8201789 
 07/07  11:00:00,,,135276813.83629316,135276813.8362931 
 07/07  12:00:00,,,147276815.39363983,147276815.39363977 
 07/07  13:00:00,,,136724194.87237415,136724194.87237412 
 07/07  14:00:00,,,120104564.54818179,120104564.54818176 
 07/07  15:00:00,,,240850107.8688491,240850107.86884904 
 07/07  16:00:00,,,255275102.57227707,255275102.57227698 
 07/07  17:00:00,,,279358478.83014584,279358478.8301458 
 07/07  18:00:00,,,289842475.6558594,289842475.6558594 
 07/07  19:00:00,,,187877020.5135672,187877020.51356724 
 07/07  20:00:00,,,204333039.54979056,204333039.54979056 
 07/07  21:00:00,,,168067267.23731852,168067267.2373185 
 07/07  22:00:00,,,219775459.49849412,219775459.49849406 
 07/07  23:00:00,,,174950196.88093534,174950196.8809353 
 07/07  24:00:00,,,116147518.49943581,116147518.49943584 
 07/08  01:00:00,,,108834489.53645517,108834489.53645515 
 07/08  02:00:00,,,105150636.73945275,105150636.73945273 
 07/08  03:00:00,,,97661513.74052788,97661513.74052785 
 07/08  04:00:00,,,107848476.41653152,107848476.41653152 
 07/08  05:00:00,,,129316659.40238385,129316659.40238382 
 07/08  06:00:00,,,150076282.57528928,150076282.57528925 
 07/08  07:00:00,,,153561619.60211277,153561619.60211268 
 07/08  08:00:00,,,145127474.46541998,145127474.46541986 
 07/08  09:00:00,,,141007777.53701726,141007777.5370172 
 07/08  10:00:00,,,147460168.95993918,147460168.9599391 
 07/08  11:00:00,,,145035527.1526771,145035527.15267703 
 07/08  12:00:00,,,138869326.71737203,138869326.71737194 
 07/08  13:00:00,,,196235762.75523132,196235762.75523123 
 07/08  14:00:00,,,189991365.08746096,189991365.08746094 
 07/08  15:00:00,,,201384524.22548568,201384524.22548562 
 07/08  16:00:00,,,222316825.87449846,222316825.8744985 
 07/08  17:00:00,,,252571302.62355077,252571302.62355077 
 07/08  18:00:00,,,191209921.77034652,191209921.77034652 
 07/08  19:00:00,,,204424952.37737334,204424952.37737337 
 07/08  20:00:00,,,195832748.9299624,195832748.9299624 
 07/08  21:00:00,,,180047062.6961572,180047062.6961572 
 07/08  22:00:00,,,160644026.23235404,160644026.232354 
 07/08  23:00:00,,,160036012.21384346,160036012.21384344 
 07/08  24:00:00,,,125402896.26923566,125402896.2692357 
 07/09  01:00:00,,,111136891.72048558,111136891.72048554 
 07/09  02:00:00,,,98053027.73241419,98053027.73241417 
 07/09  03:00:00,,,94758132.87618858,94758132.87618852 
 07/09  04:00:00,,,101830906.47820455,101830906.47820453 
 07/09  05:00:00,,,126362747.79852241,126362747.79852235 
 07/09  06:00:00,,,147979213.14514935,147979213.14514926 
 07/09  07:00:00,,,154201095.11687335,154201095.11687332 
 07/09  08:00:00,,,141555869.07822168,141555869.07822162 
 07/09  09:00:00,,,130806238.11413334,130806238.1141333 
 07/09  10:00:00,,,157226751.4716836,157226751.47168353 
 07/09  11:00:00,,,213913073.90648466,213913073.9064846 
 07/09  12:00:00,,,204687521.85958397,204687521.8595839 
 07/09  13:00:00,,,200988741.83781007,200988741.83781004 
 07/09  14:00:00,,,208151100.56712407,208151100.567124 
 07/09  15:00:00,,,218036003.31426984,218036003.31426978 
 07/09  16:00:00,,,243719753.80259207,243719753.802592 
 07/09  17:00:00,,,273192741.84207475,273192741.8420748 
 07/09  18:00:00,,,287620016.8074297,287620016.80742973 
 07/09  19:00:00,,,276023467.3849406,276023467.3849407 
 07/09  20:00:00,,,258919624.4165926,258919624.41659266 
 07/09  21:00:00,,,229481932.4885133,229481932.48851335 
 07/09  22:00:00,,,201133196.56020597,201133196.56020588 
 07/09  23:00:00,,,162416835.94815087,162416835.9481508 
 07/09  24:00:00,,,150172490.5391081,150172490.5391081 
 07/10  01:00:00,,,138891558.81096584,138891558.81096587 
 07/10  02:00:00,,,130250970.70026855,130250970.70026855 
 07/10  03:00:00,,,133395132.49801989,133395132.4980199 
 07/10  04:00:00,,,135942966.51313278,135942966.51313284 
 07/10  05:00:00,,,165274457.56778425,165274457.56778422 
 07/10  06:00:00,,,157840992.55539173,157840992.5553917 
 07/10  07:00:00,,,155718566.48578674,155718566.48578668 
 07/10  08:00:00,,,160999295.3717911,160999295.371791 
 07/10  09:00:00,,,204378209.9150556,204378209.91505557 
 07/10  10:00:00,,,241325067.98528734,241325067.98528728 
 07/10  11:00:00,,,238994342.2194718,238994342.2194718 
 07/10  12:00:00,,,236443376.13267335,236443376.1326733 
 07/10  13:00:00,,,236790185.866007,236790185.86600685 
 07/10  14:00:00,,,220393242.28327823,220393242.2832782 
 07/10  15:00:00,,,150692946.8255288,150692946.82552877 
 07/10  16:00:00,,,137175510.42708653,137175510.42708647 
 07/10  17:00:00,,,229373758.2640778,229373758.26407778 
 07/10  18:00:00,,,319051615.0392216,319051615.0392216 
 07/10  19:00:00,,,316271026.719576,316271026.71957594 
 07/10  20:00:00,,,289152434.9653846,289152434.9653846 
 07/10  21:00:00,,,201213691.9461252,201213691.94612518 
 07/10  22:00:00,,,163185518.5482603,163185518.5482602 
 07/10  23:00:00,,,182160636.69744813,182160636.6974481 
 07/10  24:00:00,,,135742531.95778772,135742531.95778775 
 07/11  01:00:00,,,122079245.07431793,122079245.07431793 
 07/11  02:00:00,,,114733461.87081763,114733461.87081765 
 07/11  03:00:00,,,109634300.62493378,109634300.62493375 
 07/11  04:00:00,,,113681456.55925569,113681456.55925573 
 07/11  05:00:00,,,137701914.6175964,137701914.61759633 
 07/11  06:00:00,,,151171105.04843026,151171105.04843023 
 07/11  07:00:00,,,154263324.99613824,154263324.99613816 
 07/11  08:00:00,,,158857803.91838944,158857803.91838932 
 07/11  09:00:00,,,140768912.38330823,140768912.3833082 
 07/11  10:00:00,,,143865006.1582049,143865006.15820485 
 07/11  11:00:00,,,132850087.81877974,132850087.81877968 
 07/11  12:00:00,,,112074425.46551582,112074425.4655158 
 07/11  13:00:00,,,145326228.34664148,145326228.34664142 
 07/11  14:00:00,,,119522427.26224026,119522427.26224023 
 07/11  15:00:00,,,206656280.02435434,206656280.02435434 
 07/11  16:00:00,,,270331990.04842645,270331990.04842645 
 07/11  17:00:00,,,299553104.7433334,299553104.7433334 
 07/11  18:00:00,,,308745980.6860652,308745980.6860653 
 07/11  19:00:00,,,302567104.50967205,302567104.50967205 
 07/11  20:00:00,,,280999568.7933497,280999568.79334974 
 07/11  21:00:00,,,156434165.3644666,156434165.36446655 
 07/11  22:00:00,,,180721519.79216605,180721519.792166 
 07/11  23:00:00,,,192034839.3633755,192034839.36337548 
 07/11  24:00:00,,,151085962.26378703,151085962.2637871 
 07/12  01:00:00,,,133358305.66876441,133358305.66876444 
 07/12  02:00:00,,,130707022.80622819,130707022.80622822 
 07/12  03:00:00,,,122274405.70777646,122274405.70777646 
 07/12  04:00:00,,,125133935.21169624,125133935.21169628 
 07/12  05:00:00,,,152315049.06679052,152315049.06679046 
 07/12  06:00:00,,,152336413.26052412,152336413.26052406 
 07/12  07:00:00,,,157175553.54187128,157175553.54187122 
 07/12  08:00:00,,,163673070.15997884,163673070.15997875 
 07/12  09:00:00,,,177869857.40951297,177869857.40951294 
 07/12  10:00:00,,,277592870.42046136,277592870.4204613 
 07/12  11:00:00,,,245619074.99241668,245619074.99241662 
 07/12  12:00:00,,,243833410.01352587,243833410.01352578 
 07/12  13:00:00,,,245671745.51391983,245671745.5139197 
 07/12  14:00:00,,,240944130.74195006,240944130.74194998 
 07/12  15:00:00,,,259441128.2431897,259441128.24318966 
 07/12  16:00:00,,,276873897.25365925,276873897.25365925 
 07/12  17:00:00,,,299525904.4142394,299525904.41423935 
 07/12  18:00:00,,,312735934.8755938,312735934.8755938 
 07/12  19:00:00,,,302635343.6685277,302635343.6685278 
 07/12  20:00:00,,,263665516.9805451,263665516.9805451 
 07/12  21:00:00,,,166176908.4291511,166176908.42915106 
 07/12  22:00:00,,,157611735.21734542,157611735.21734536 
 07/12  23:00:00,,,196347057.5123177,196347057.5123176 
 07/12  24:00:00,,,147021954.19863546,147021954.19863546 
 07/13  01:00:00,,,133540490.07604076,133540490.07604076 
 07/13  02:00:00,,,127531817.11457027,127531817.11457029 
 07/13  03:00:00,,,122042790.84030348,122042790.84030348 
 07/13  04:00:00,,,130780314.24456836,130780314.24456841 
 07/13  05:00:00,,,156882215.67866,156882215.67865998 
 07/13  06:00:00,,,154646178.22497785,154646178.2249778 
 07/13  07:00:00,,,155950754.08265597,155950754.0826559 
 07/13  08:00:00,,,162860828.7878758,162860828.78787574 
 07/13  09:00:00,,,171363083.0202586,171363083.02025852 
 07/13  10:00:00,,,260483351.38640136,260483351.3864013 
 07/13  11:00:00,,,148822772.88521203,148822772.88521194 
 07/13  12:00:00,,,231841369.92972136,231841369.9297213 
 07/13  13:00:00,,,223462957.74477246,223462957.74477237 
 07/13  14:00:00,,,223096565.65751204,223096565.657512 
 07/13  15:00:00,,,242933207.2360558,242933207.23605573 
 07/13  16:00:00,,,264244238.88720247,264244238.88720232 
 07/13  17:00:00,,,286477154.26353097,286477154.2635309 
 07/13  18:00:00,,,303774443.142574,303774443.142574 
 07/13  19:00:00,,,299082883.50895035,299082883.50895035 
 07/13  20:00:00,,,275969381.01194614,275969381.0119462 
 07/13  21:00:00,,,181373030.8104074,181373030.81040737 
 07/13  22:00:00,,,164275757.68258545,164275757.68258542 
 07/13  23:00:00,,,168960238.11010054,168960238.11010048 
 07/13  24:00:00,,,127218263.75529721,127218263.75529724 
 07/14  01:00:00,,,114191564.30589586,114191564.3058959 
 07/14  02:00:00,,,109952966.88053843,109952966.8805384 
 07/14  03:00:00,,,108736093.33600646,108736093.33600643 
 07/14  04:00:00,,,110300073.5695941,110300073.56959414 
 07/14  05:00:00,,,136489253.61413237,136489253.61413234 
 07/14  06:00:00,,,150820540.35787427,150820540.35787416 
 07/14  07:00:00,,,153282778.73078957,153282778.73078954 
 07/14  08:00:00,,,147335010.90114617,147335010.90114608 
 07/14  09:00:00,,,136623693.50842836,136623693.5084283 
 07/14  10:00:00,,,134274554.43666947,134274554.43666938 
 07/14  11:00:00,,,129503208.06417328,129503208.06417322 
 07/14  12:00:00,,,126982530.50315306,126982530.503153 
 07/14  13:00:00,,,125607737.7337248,125607737.73372474 
 07/14  14:00:00,,,129911317.06533645,129911317.06533636 
 07/14  15:00:00,,,126698491.12128323,126698491.12128316 
 07/14  16:00:00,,,168776874.2368053,168776874.23680526 
 07/14  17:00:00,,,198334317.53036982,198334317.5303698 
 07/14  18:00:00,,,202200996.73943534,202200996.73943537 
 07/14  19:00:00,,,215259612.56357437,215259612.56357446 
 07/14  20:00:00,,,205802737.49703446,205802737.4970345 
 07/14  21:00:00,,,184422763.91802672,184422763.9180267 
 07/14  22:00:00,,,159218482.75086528,159218482.75086522 
 07/14  23:00:00,,,179872663.59583697,179872663.59583688 
 07/14  24:00:00,,,116333992.13450167,116333992.13450164 
 07/15  01:00:00,,,105758375.5791018,105758375.5791018 
 07/15  02:00:00,,,98488513.60159256,98488513.60159248 
 07/15  03:00:00,,,90796785.82924931,90796785.82924922 
 07/15  04:00:00,,,91915455.59291871,91915455.59291868 
 07/15  05:00:00,,,121272673.44008562,121272673.44008557 
 07/15  06:00:00,,,174707647.56221405,174707647.56221396 
 07/15  07:00:00,,,180711819.26906255,180711819.2690625 
 07/15  08:00:00,,,141927336.67594552,141927336.67594546 
 07/15  09:00:00,,,128926213.380458,128926213.38045795 
 07/15  10:00:00,,,126596992.83541052,126596992.83541045 
 07/15  11:00:00,,,138851751.92166582,138851751.92166573 
 07/15  12:00:00,,,118082545.98780845,118082545.98780836 
 07/15  13:00:00,,,127251804.52752824,127251804.5275282 
 07/15  14:00:00,,,132552887.71187007,132552887.71187004 
 07/15  15:00:00,,,139055904.23687458,139055904.2368745 
 07/15  16:00:00,,,158978953.0026005,158978953.0026004 
 07/15  17:00:00,,,200281750.44360548,200281750.4436055 
 07/15  18:00:00,,,221067836.35690382,221067836.35690382 
 07/15  19:00:00,,,217768867.64456093,217768867.644561 
 07/15  20:00:00,,,209163498.6238827,209163498.62388277 
 07/15  21:00:00,,,187475163.85965165,187475163.85965168 
 07/15  22:00:00,,,206894035.76757228,206894035.76757222 
 07/15  23:00:00,,,158172330.0970489,158172330.09704885 
 07/15  24:00:00,,,122937600.31459951,122937600.31459954 
 07/16  01:00:00,,,111786489.59152159,111786489.59152159 
 07/16  02:00:00,,,100337834.80191305,100337834.80191304 
 07/16  03:00:00,,,95935102.02764072,95935102.02764064 
 07/16  04:00:00,,,98555528.08377932,98555528.0837793 
 07/16  05:00:00,,,118247084.84544101,118247084.84544094 
 07/16  06:00:00,,,173477111.69801432,173477111.69801423 
 07/16  07:00:00,,,187687156.08522406,187687156.08522403 
 07/16  08:00:00,,,160753918.98812017,160753918.98812005 
 07/16  09:00:00,,,131917916.95622553,131917916.95622548 
 07/16  10:00:00,,,148546783.77567476,148546783.7756747 
 07/16  11:00:00,,,124792111.87973756,124792111.87973748 
 07/16  12:00:00,,,197135673.0763773,197135673.07637724 
 07/16  13:00:00,,,188494142.5825688,188494142.5825687 
 07/16  14:00:00,,,185772438.47951603,185772438.479516 
 07/16  15:00:00,,,198742683.67719543,198742683.67719543 
 07/16  16:00:00,,,221845073.25607613,221845073.2560761 
 07/16  17:00:00,,,258103684.34567338,258103684.34567344 
 07/16  18:00:00,,,277726409.91201967,277726409.9120196 
 07/16  19:00:00,,,268383085.8032645,268383085.80326456 
 07/16  20:00:00,,,252586182.74911642,252586182.74911648 
 07/16  21:00:00,,,156262665.57898372,156262665.57898363 
 07/16  22:00:00,,,193016504.73396745,193016504.73396736 
 07/16  23:00:00,,,148542915.68627447,148542915.68627444 
 07/16  24:00:00,,,133934755.25212234,133934755.25212239 
 07/17  01:00:00,,,114244235.25887257,114244235.25887255 
 07/17  02:00:00,,,108798461.59979694,108798461.59979694 
 07/17  03:00:00,,,98823813.77203134,98823813.77203132 
 07/17  04:00:00,,,104292337.25781314,104292337.25781316 
 07/17  05:00:00,,,129825850.90015016,129825850.90015012 
 07/17  06:00:00,,,181740524.5884015,181740524.58840138 
 07/17  07:00:00,,,183375403.5815677,183375403.58156767 
 07/17  08:00:00,,,145746045.33078685,145746045.3307868 
 07/17  09:00:00,,,140807866.45326605,140807866.453266 
 07/17  10:00:00,,,146067015.81032038,146067015.81032032 
 07/17  11:00:00,,,224283616.2354232,224283616.23542315 
 07/17  12:00:00,,,212025742.54546613,212025742.545466 
 07/17  13:00:00,,,210705155.0579211,210705155.05792102 
 07/17  14:00:00,,,206041644.8115903,206041644.81159028 
 07/17  15:00:00,,,223634253.85768232,223634253.8576823 
 07/17  16:00:00,,,245879875.46634048,245879875.4663404 
 07/17  17:00:00,,,274189842.23066175,274189842.2306618 
 07/17  18:00:00,,,280653427.22990066,280653427.22990066 
 07/17  19:00:00,,,279078398.516758,279078398.5167581 
 07/17  20:00:00,,,242877232.97263548,242877232.97263554 
 07/17  21:00:00,,,154635878.72630528,154635878.72630522 
 07/17  22:00:00,,,165783970.48845422,165783970.48845416 
 07/17  23:00:00,,,165203981.33842334,165203981.33842328 
 07/17  24:00:00,,,119454557.38875467,119454557.3887547 
 07/18  01:00:00,,,114842686.024499,114842686.02449901 
 07/18  02:00:00,,,107214207.58591573,107214207.58591571 
 07/18  03:00:00,,,104156682.58477466,104156682.58477463 
 07/18  04:00:00,,,110990564.20033833,110990564.20033835 
 07/18  05:00:00,,,139217501.75617093,139217501.75617093 
 07/18  06:00:00,,,150104473.9417116,150104473.94171154 
 07/18  07:00:00,,,153649721.48270056,153649721.4827005 
 07/18  08:00:00,,,149512156.3911333,149512156.39113328 
 07/18  09:00:00,,,193872705.7389065,193872705.73890638 
 07/18  10:00:00,,,222309238.3144792,222309238.3144791 
 07/18  11:00:00,,,212592411.4825621,212592411.4825621 
 07/18  12:00:00,,,214922654.30735543,214922654.30735537 
 07/18  13:00:00,,,215366561.05300912,215366561.0530091 
 07/18  14:00:00,,,215600137.98405883,215600137.9840588 
 07/18  15:00:00,,,228685337.3038967,228685337.30389667 
 07/18  16:00:00,,,257104649.90772527,257104649.90772516 
 07/18  17:00:00,,,278104386.8187235,278104386.8187235 
 07/18  18:00:00,,,294337557.3232882,294337557.32328826 
 07/18  19:00:00,,,285203166.5508635,285203166.55086356 
 07/18  20:00:00,,,269861191.2008629,269861191.20086294 
 07/18  21:00:00,,,238406580.84367287,238406580.8436729 
 07/18  22:00:00,,,204589469.1921329,204589469.19213283 
 07/18  23:00:00,,,165089466.8343208,165089466.83432075 
 07/18  24:00:00,,,134892177.39386246,134892177.39386252 
 07/19  01:00:00,,,127844795.43390992,127844795.43390991 
 07/19  02:00:00,,,117903276.8917402,117903276.8917402 
 07/19  03:00:00,,,116678631.80616572,116678631.8061657 
 07/19  04:00:00,,,124660306.61631502,124660306.61631505 
 07/19  05:00:00,,,152071192.75693092,152071192.7569309 
 07/19  06:00:00,,,154775978.1398599,154775978.13985986 
 07/19  07:00:00,,,154228195.76312777,154228195.7631277 
 07/19  08:00:00,,,159573614.06494713,159573614.06494707 
 07/19  09:00:00,,,139436693.16997313,139436693.16997308 
 07/19  10:00:00,,,147561019.67646524,147561019.67646518 
 07/19  11:00:00,,,155874949.93940905,155874949.93940896 
 07/19  12:00:00,,,144665221.02653763,144665221.02653754 
 07/19  13:00:00,,,122064239.0283053,122064239.02830526 
 07/19  14:00:00,,,115817982.3045987,115817982.30459863 
 07/19  15:00:00,,,141048705.50135648,141048705.50135642 
 07/19  16:00:00,,,151074961.8215048,151074961.8215047 
 07/19  17:00:00,,,201375429.4801838,201375429.48018372 
 07/19  18:00:00,,,195642998.8932716,195642998.8932716 
 07/19  19:00:00,,,196307082.8675493,196307082.86754942 
 07/19  20:00:00,,,199404090.76195014,199404090.76195014 
 07/19  21:00:00,,,164877205.83438188,164877205.83438185 
 07/19  22:00:00,,,148488287.70574418,148488287.7057441 
 07/19  23:00:00,,,179858759.84711954,179858759.84711948 
 07/19  24:00:00,,,132227582.71295121,132227582.71295126 
 07/20  01:00:00,,,115481608.5859238,115481608.58592382 
 07/20  02:00:00,,,105540307.20249161,105540307.20249158 
 07/20  03:00:00,,,94582930.5018045,94582930.50180446 
 07/20  04:00:00,,,96400551.44093344,96400551.44093347 
 07/20  05:00:00,,,123804531.05296423,123804531.05296415 
 07/20  06:00:00,,,178398468.06270367,178398468.06270355 
 07/20  07:00:00,,,191084751.2627076,191084751.2627076 
 07/20  08:00:00,,,170633051.79225633,170633051.79225627 
 07/20  09:00:00,,,134906298.49009544,134906298.49009535 
 07/20  10:00:00,,,128234887.97193584,128234887.97193573 
 07/20  11:00:00,,,122512474.69459856,122512474.6945985 
 07/20  12:00:00,,,110821270.58964333,110821270.58964327 
 07/20  13:00:00,,,124224096.7578214,124224096.75782135 
 07/20  14:00:00,,,109424551.51446408,109424551.51446402 
 07/20  15:00:00,,,130888169.9706961,130888169.97069606 
 07/20  16:00:00,,,167373379.35993713,167373379.35993704 
 07/20  17:00:00,,,203462520.4561357,203462520.45613575 
 07/20  18:00:00,,,202441347.6147393,202441347.6147393 
 07/20  19:00:00,,,208337338.0646264,208337338.06462646 
 07/20  20:00:00,,,197516207.40678707,197516207.4067871 
 07/20  21:00:00,,,174352402.76227197,174352402.762272 
 07/20  22:00:00,,,169568472.06806952,169568472.06806946 
 07/20  23:00:00,,,166062314.87917396,166062314.87917396 
 07/20  24:00:00,,,125275510.36182979,125275510.3618298 
 07/21  01:00:00,,,110025895.60125306,110025895.60125306 
 07/21  02:00:00,,,102233787.94205493,102233787.9420549 
 07/21  03:00:00,,,97685817.66104747,97685817.66104741 
 07/21  04:00:00,,,102529468.38500386,102529468.3850039 
 07/21  05:00:00,,,127667173.57456386,127667173.5745638 
 07/21  06:00:00,,,178149290.16501114,178149290.16501105 
 07/21  07:00:00,,,194052005.20589465,194052005.2058946 
 07/21  08:00:00,,,178790464.97729477,178790464.9772947 
 07/21  09:00:00,,,133428363.17505725,133428363.17505714 
 07/21  10:00:00,,,132440968.52071978,132440968.52071972 
 07/21  11:00:00,,,118585065.28017175,118585065.28017168 
 07/21  12:00:00,,,117691574.66034134,117691574.66034126 
 07/21  13:00:00,,,133923692.95965542,133923692.95965537 
 07/21  14:00:00,,,121782072.58098453,121782072.58098446 
 07/21  15:00:00,,,138986318.1510456,138986318.15104553 
 07/21  16:00:00,,,173316454.1901583,173316454.19015825 
 07/21  17:00:00,,,166804406.78565985,166804406.7856598 
 07/21  18:00:00,,,208043817.38007236,208043817.38007239 
 07/21  19:00:00,,,205320506.05477977,205320506.05477986 
 07/21  20:00:00,,,191653929.04029122,191653929.04029122 
 07/21  21:00:00,,,181790596.5248455,181790596.5248455 
 07/21  22:00:00,,,186356636.4617482,186356636.46174812 
 07/21  23:00:00,,,175554615.66506088,175554615.66506085 
 07/21  24:00:00,,,117944330.86226973,117944330.86226977 
 07/22  01:00:00,,,111582628.69558856,111582628.69558856 
 07/22  02:00:00,,,102803015.92315502,102803015.92315501 
 07/22  03:00:00,,,96465283.34196956,96465283.34196953 
 07/22  04:00:00,,,108390900.32831115,108390900.32831118 
 07/22  05:00:00,,,129850620.77279446,129850620.77279443 
 07/22  06:00:00,,,145327116.74649963,145327116.74649957 
 07/22  07:00:00,,,153262602.91605943,153262602.91605937 
 07/22  08:00:00,,,142903836.99095717,142903836.99095708 
 07/22  09:00:00,,,132231164.67000645,132231164.67000638 
 07/22  10:00:00,,,157182086.21464705,157182086.214647 
 07/22  11:00:00,,,184425465.15149045,184425465.15149045 
 07/22  12:00:00,,,214453502.10007152,214453502.10007143 
 07/22  13:00:00,,,203380730.5938028,203380730.59380275 
 07/22  14:00:00,,,197458484.86198413,197458484.8619841 
 07/22  15:00:00,,,208541818.38340235,208541818.38340232 
 07/22  16:00:00,,,224569820.33147573,224569820.3314757 
 07/22  17:00:00,,,251985671.4532311,251985671.45323116 
 07/22  18:00:00,,,267652719.92109302,267652719.92109302 
 07/22  19:00:00,,,262051375.17969552,262051375.1796956 
 07/22  20:00:00,,,176656247.51329863,176656247.5132987 
 07/22  21:00:00,,,167992892.34122953,167992892.34122944 
 07/22  22:00:00,,,154667092.6598865,154667092.65988642 
 07/22  23:00:00,,,157088636.25248393,157088636.25248384 
 07/22  24:00:00,,,116484901.53225489,116484901.53225492 
 07/23  01:00:00,,,105587203.47217989,105587203.47217987 
 07/23  02:00:00,,,97937345.40489146,97937345.40489142 
 07/23  03:00:00,,,97121849.38048086,97121849.3804808 
 07/23  04:00:00,,,100789993.13998206,100789993.13998206 
 07/23  05:00:00,,,129917432.008129,129917432.00812894 
 07/23  06:00:00,,,148898845.2663535,148898845.26635346 
 07/23  07:00:00,,,149480425.05713245,149480425.05713236 
 07/23  08:00:00,,,143573560.5501998,143573560.55019975 
 07/23  09:00:00,,,131271754.27347541,131271754.27347533 
 07/23  10:00:00,,,134579451.95729005,134579451.95729 
 07/23  11:00:00,,,125044919.39075762,125044919.39075758 
 07/23  12:00:00,,,171470266.97433963,171470266.97433954 
 07/23  13:00:00,,,206384756.8759111,206384756.875911 
 07/23  14:00:00,,,196330632.29122987,196330632.29122984 
 07/23  15:00:00,,,211292950.96354514,211292950.96354502 
 07/23  16:00:00,,,230036380.96356237,230036380.96356237 
 07/23  17:00:00,,,266017344.74494925,266017344.74494928 
 07/23  18:00:00,,,271638985.3129354,271638985.31293535 
 07/23  19:00:00,,,266771011.77080253,266771011.77080262 
 07/23  20:00:00,,,253753757.31393236,253753757.3139323 
 07/23  21:00:00,,,155359746.67910612,155359746.6791061 
 07/23  22:00:00,,,192245259.3476981,192245259.34769803 
 07/23  23:00:00,,,149016825.30771983,149016825.3077198 
 07/23  24:00:00,,,133448279.68004492,133448279.68004495 
 07/24  01:00:00,,,116955711.11895962,116955711.1189596 
 07/24  02:00:00,,,105141833.37958936,105141833.37958933 
 07/24  03:00:00,,,106462954.09879202,106462954.09879199 
 07/24  04:00:00,,,107632967.92308784,107632967.9230879 
 07/24  05:00:00,,,139294022.48706302,139294022.487063 
 07/24  06:00:00,,,148979580.38648146,148979580.3864814 
 07/24  07:00:00,,,154755630.74693587,154755630.74693584 
 07/24  08:00:00,,,143967237.7181513,143967237.71815124 
 07/24  09:00:00,,,144280860.02581096,144280860.02581087 
 07/24  10:00:00,,,159764412.8185882,159764412.81858808 
 07/24  11:00:00,,,224753551.35573995,224753551.3557399 
 07/24  12:00:00,,,221624659.59346926,221624659.5934692 
 07/24  13:00:00,,,220475994.11759472,220475994.11759466 
 07/24  14:00:00,,,224418190.71223503,224418190.71223494 
 07/24  15:00:00,,,236135585.4811043,236135585.48110422 
 07/24  16:00:00,,,264602260.69619775,264602260.6961977 
 07/24  17:00:00,,,285403677.34303194,285403677.3430318 
 07/24  18:00:00,,,296429361.2540722,296429361.2540722 
 07/24  19:00:00,,,287504824.24867606,287504824.2486761 
 07/24  20:00:00,,,268805443.4400612,268805443.4400613 
 07/24  21:00:00,,,194758128.71563238,194758128.7156324 
 07/24  22:00:00,,,157266676.28026596,157266676.28026587 
 07/24  23:00:00,,,176849776.4903689,176849776.4903688 
 07/24  24:00:00,,,134442489.58275202,134442489.58275205 
 07/25  01:00:00,,,119392328.39784491,119392328.39784491 
 07/25  02:00:00,,,119309160.23718378,119309160.23718378 
 07/25  03:00:00,,,111281129.20267701,111281129.20267698 
 07/25  04:00:00,,,115539769.69285278,115539769.69285282 
 07/25  05:00:00,,,143386224.61812776,143386224.6181277 
 07/25  06:00:00,,,151715582.7068774,151715582.70687732 
 07/25  07:00:00,,,154346809.51842105,154346809.518421 
 07/25  08:00:00,,,150895713.89726967,150895713.89726958 
 07/25  09:00:00,,,147135436.39358848,147135436.3935884 
 07/25  10:00:00,,,237565643.3709241,237565643.37092403 
 07/25  11:00:00,,,245443370.74956068,245443370.7495606 
 07/25  12:00:00,,,237419488.27196354,237419488.27196348 
 07/25  13:00:00,,,232964109.27020302,232964109.270203 
 07/25  14:00:00,,,236028962.35611427,236028962.35611418 
 07/25  15:00:00,,,241787931.35121813,241787931.35121804 
 07/25  16:00:00,,,267159360.48464158,267159360.48464155 
 07/25  17:00:00,,,284373299.3963447,284373299.3963447 
 07/25  18:00:00,,,300594660.9318829,300594660.9318829 
 07/25  19:00:00,,,287767153.5553809,287767153.555381 
 07/25  20:00:00,,,278512871.28225565,278512871.2822557 
 07/25  21:00:00,,,246402554.60145035,246402554.60145038 
 07/25  22:00:00,,,208737650.3587498,208737650.35874975 
 07/25  23:00:00,,,165949842.72863016,165949842.72863013 
 07/25  24:00:00,,,133123517.83182018,133123517.83182022 
 07/26  01:00:00,,,128226160.64143029,128226160.64143032 
 07/26  02:00:00,,,121736742.1129154,121736742.11291538 
 07/26  03:00:00,,,114877151.1213734,114877151.12137339 
 07/26  04:00:00,,,125649568.05300757,125649568.05300762 
 07/26  05:00:00,,,149108781.93746087,149108781.93746084 
 07/26  06:00:00,,,154434103.79421178,154434103.7942117 
 07/26  07:00:00,,,153410704.38018858,153410704.38018852 
 07/26  08:00:00,,,159259996.0928058,159259996.09280577 
 07/26  09:00:00,,,141049236.33955863,141049236.33955857 
 07/26  10:00:00,,,143667294.9008634,143667294.90086335 
 07/26  11:00:00,,,119206353.31934252,119206353.31934246 
 07/26  12:00:00,,,189748311.621216,189748311.62121597 
 07/26  13:00:00,,,222053751.7293104,222053751.72931033 
 07/26  14:00:00,,,199177971.10430107,199177971.104301 
 07/26  15:00:00,,,217259788.55718568,217259788.5571856 
 07/26  16:00:00,,,230635419.87539476,230635419.87539473 
 07/26  17:00:00,,,262793852.38788092,262793852.38788098 
 07/26  18:00:00,,,276502133.2424675,276502133.2424676 
 07/26  19:00:00,,,271221809.85940135,271221809.85940135 
 07/26  20:00:00,,,219476236.7947323,219476236.79473242 
 07/26  21:00:00,,,165740612.9028571,165740612.90285704 
 07/26  22:00:00,,,151177990.63928032,151177990.6392802 
 07/26  23:00:00,,,173319801.6055329,173319801.60553285 
 07/26  24:00:00,,,133621082.27926517,133621082.27926517 
 07/27  01:00:00,,,120010295.57071108,120010295.57071106 
 07/27  02:00:00,,,107726246.74055777,107726246.74055776 
 07/27  03:00:00,,,106502158.02477852,106502158.02477849 
 07/27  04:00:00,,,110193913.98544535,110193913.98544538 
 07/27  05:00:00,,,135729624.39926767,135729624.39926764 
 07/27  06:00:00,,,147469898.44816077,147469898.4481607 
 07/27  07:00:00,,,154772470.20769268,154772470.20769262 
 07/27  08:00:00,,,142858001.21197888,142858001.2119788 
 07/27  09:00:00,,,141277426.47453582,141277426.47453573 
 07/27  10:00:00,,,128200831.12476552,128200831.12476546 
 07/27  11:00:00,,,118980107.29198858,118980107.29198854 
 07/27  12:00:00,,,109303279.9811817,109303279.98118167 
 07/27  13:00:00,,,114265762.84458044,114265762.84458038 
 07/27  14:00:00,,,108977921.81438956,108977921.8143895 
 07/27  15:00:00,,,133657736.15337738,133657736.15337732 
 07/27  16:00:00,,,164536856.9861689,164536856.98616883 
 07/27  17:00:00,,,166634840.44331223,166634840.44331217 
 07/27  18:00:00,,,203966207.25165266,203966207.2516527 
 07/27  19:00:00,,,207829482.1980384,207829482.1980384 
 07/27  20:00:00,,,192582317.0028757,192582317.00287572 
 07/27  21:00:00,,,186114313.37829542,186114313.3782954 
 07/27  22:00:00,,,180005862.7061274,180005862.7061274 
 07/27  23:00:00,,,197186723.89951196,197186723.8995119 
 07/27  24:00:00,,,148724730.7600268,148724730.76002687 
 07/28  01:00:00,,,137078108.1777629,137078108.1777629 
 07/28  02:00:00,,,129566409.18229902,129566409.18229902 
 07/28  03:00:00,,,129825394.03779146,129825394.03779143 
 07/28  04:00:00,,,131727215.36636098,131727215.36636099 
 07/28  05:00:00,,,161342658.24404973,161342658.24404973 
 07/28  06:00:00,,,155733711.2514764,155733711.25147632 
 07/28  07:00:00,,,155309330.5179255,155309330.51792544 
 07/28  08:00:00,,,155411144.47012064,155411144.47012055 
 07/28  09:00:00,,,140753836.81800562,140753836.81800556 
 07/28  10:00:00,,,165692587.02589265,165692587.02589256 
 07/28  11:00:00,,,124007164.03221363,124007164.03221357 
 07/28  12:00:00,,,180995650.79508284,180995650.7950828 
 07/28  13:00:00,,,150947012.55157956,150947012.5515795 
 07/28  14:00:00,,,122034861.52116941,122034861.52116933 
 07/28  15:00:00,,,156796603.53715968,156796603.5371596 
 07/28  16:00:00,,,208371397.9671204,208371397.96712032 
 07/28  17:00:00,,,302967198.3491026,302967198.34910244 
 07/28  18:00:00,,,181877417.76183838,181877417.76183838 
 07/28  19:00:00,,,214439431.550375,214439431.55037507 
 07/28  20:00:00,,,210931616.55898574,210931616.5589858 
 07/28  21:00:00,,,168053027.09981436,168053027.0998143 
 07/28  22:00:00,,,202700144.07083803,202700144.07083794 
 07/28  23:00:00,,,192184727.87845013,192184727.87845007 
 07/28  24:00:00,,,126886208.46080412,126886208.46080415 
 07/29  01:00:00,,,114930888.57912809,114930888.57912812 
 07/29  02:00:00,,,106585327.40122452,106585327.40122446 
 07/29  03:00:00,,,98723972.34669548,98723972.34669544 
 07/29  04:00:00,,,101507125.98463462,101507125.98463461 
 07/29  05:00:00,,,125655596.93393692,125655596.93393688 
 07/29  06:00:00,,,175006572.63039774,175006572.63039768 
 07/29  07:00:00,,,152424461.91691452,152424461.91691443 
 07/29  08:00:00,,,137955293.2081007,137955293.20810065 
 07/29  09:00:00,,,131874821.67580974,131874821.67580965 
 07/29  10:00:00,,,125961295.77441096,125961295.77441089 
 07/29  11:00:00,,,127069702.36349168,127069702.36349161 
 07/29  12:00:00,,,127134612.80220804,127134612.80220798 
 07/29  13:00:00,,,121332512.0407588,121332512.04075874 
 07/29  14:00:00,,,125565611.37166761,125565611.37166758 
 07/29  15:00:00,,,141477180.41019028,141477180.41019025 
 07/29  16:00:00,,,166033311.4476673,166033311.4476672 
 07/29  17:00:00,,,201450873.99883947,201450873.9988395 
 07/29  18:00:00,,,211912728.5797098,211912728.5797097 
 07/29  19:00:00,,,211188131.03697482,211188131.0369749 
 07/29  20:00:00,,,206584956.61695254,206584956.61695257 
 07/29  21:00:00,,,175471521.31633312,175471521.3163331 
 07/29  22:00:00,,,147663726.67411423,147663726.67411417 
 07/29  23:00:00,,,154863286.14488307,154863286.14488304 
 07/29  24:00:00,,,125402768.32701066,125402768.32701066 
 07/30  01:00:00,,,109228965.2747863,109228965.27478628 
 07/30  02:00:00,,,100539097.73103377,100539097.73103374 
 07/30  03:00:00,,,95650263.16058409,95650263.16058405 
 07/30  04:00:00,,,99001294.97342184,99001294.97342186 
 07/30  05:00:00,,,125591200.15284562,125591200.15284553 
 07/30  06:00:00,,,172922001.3033934,172922001.30339336 
 07/30  07:00:00,,,192272782.29203624,192272782.2920362 
 07/30  08:00:00,,,156854916.86788934,156854916.86788929 
 07/30  09:00:00,,,134154462.54067464,134154462.54067457 
 07/30  10:00:00,,,143866333.66594163,143866333.66594157 
 07/30  11:00:00,,,128048000.71400681,128048000.71400675 
 07/30  12:00:00,,,140323286.85603943,140323286.8560394 
 07/30  13:00:00,,,137904266.41092455,137904266.4109245 
 07/30  14:00:00,,,135703740.12523997,135703740.12523994 
 07/30  15:00:00,,,134910426.1104099,134910426.1104098 
 07/30  16:00:00,,,165558565.8711565,165558565.87115648 
 07/30  17:00:00,,,201045232.98491204,201045232.98491198 
 07/30  18:00:00,,,217065899.5765887,217065899.57658863 
 07/30  19:00:00,,,211981505.58528987,211981505.58528993 
 07/30  20:00:00,,,208863014.6179946,208863014.6179947 
 07/30  21:00:00,,,179120816.48330128,179120816.48330128 
 07/30  22:00:00,,,199213177.46937054,199213177.46937045 
 07/30  23:00:00,,,159642074.89928663,159642074.8992866 
 07/30  24:00:00,,,143627718.35683107,143627718.35683107 
 07/31  01:00:00,,,124991054.5405133,124991054.5405133 
 07/31  02:00:00,,,107364722.04082517,107364722.04082516 
 07/31  03:00:00,,,109804349.29463576,109804349.29463574 
 07/31  04:00:00,,,108433979.09229814,108433979.0922982 
 07/31  05:00:00,,,131282687.25835973,131282687.25835969 
 07/31  06:00:00,,,182240826.9482219,182240826.94822186 
 07/31  07:00:00,,,194973400.48337492,194973400.4833749 
 07/31  08:00:00,,,173615846.1006106,173615846.10061058 
 07/31  09:00:00,,,139432385.91192603,139432385.911926 
 07/31  10:00:00,,,144321625.68359613,144321625.68359604 
 07/31  11:00:00,,,197055442.1053247,197055442.10532457 
 07/31  12:00:00,,,208511952.7144952,208511952.71449515 
 07/31  13:00:00,,,212449375.4683788,212449375.46837878 
 07/31  14:00:00,,,206579742.63184655,206579742.6318465 
 07/31  15:00:00,,,227027419.20256764,227027419.20256758 
 07/31  16:00:00,,,243655988.88790593,243655988.88790593 
 07/31  17:00:00,,,273657887.4578553,273657887.45785534 
 07/31  18:00:00,,,282889045.92196447,282889045.92196447 
 07/31  19:00:00,,,274358621.48520684,274358621.48520696 
 07/31  20:00:00,,,192236561.5175718,192236561.51757187 
 07/31  21:00:00,,,161343338.9818621,161343338.98186207 
 07/31  22:00:00,,,194820558.4996323,194820558.4996322 
 07/31  23:00:00,,,159027968.4318239,159027968.43182385 
 07/31  24:00:00,130109326862.71448,0.0,124930367.2688995,124930367.26889952 
 08/01  01:00:00,,,112836790.4305425,112836790.4305425 
 08/01  02:00:00,,,102323108.15237299,102323108.15237293 
 08/01  03:00:00,,,104891962.97612898,104891962.97612894 
 08/01  04:00:00,,,102567584.99366486,102567584.99366488 
 08/01  05:00:00,,,133781240.54622361,133781240.54622354 
 08/01  06:00:00,,,148093566.71184993,148093566.71184987 
 08/01  07:00:00,,,152870106.48425734,152870106.48425728 
 08/01  08:00:00,,,144978668.57755172,144978668.5775517 
 08/01  09:00:00,,,138835343.64689618,138835343.64689612 
 08/01  10:00:00,,,141682987.05618876,141682987.0561887 
 08/01  11:00:00,,,175847152.08941633,175847152.0894163 
 08/01  12:00:00,,,215696399.5961392,215696399.59613916 
 08/01  13:00:00,,,217232551.73065835,217232551.73065835 
 08/01  14:00:00,,,200399548.5631625,200399548.56316245 
 08/01  15:00:00,,,214046069.58067828,214046069.58067822 
 08/01  16:00:00,,,228652258.4702319,228652258.47023177 
 08/01  17:00:00,,,253152993.70133686,253152993.70133692 
 08/01  18:00:00,,,262378139.9225291,262378139.92252916 
 08/01  19:00:00,,,263517927.62453038,263517927.62453043 
 08/01  20:00:00,,,176459090.69245833,176459090.6924584 
 08/01  21:00:00,,,173532506.3660684,173532506.36606836 
 08/01  22:00:00,,,151586854.41782242,151586854.41782233 
 08/01  23:00:00,,,165968276.37707826,165968276.3770782 
 08/01  24:00:00,,,129457719.84199725,129457719.84199725 
 08/02  01:00:00,,,117389932.73448315,117389932.73448318 
 08/02  02:00:00,,,109047965.00657831,109047965.00657833 
 08/02  03:00:00,,,109009574.58921587,109009574.58921583 
 08/02  04:00:00,,,109731100.22511768,109731100.22511771 
 08/02  05:00:00,,,141547574.95797077,141547574.9579707 
 08/02  06:00:00,,,151207198.32816318,151207198.3281631 
 08/02  07:00:00,,,153372939.19225615,153372939.1922561 
 08/02  08:00:00,,,143903463.23631972,143903463.23631963 
 08/02  09:00:00,,,140229181.772454,140229181.77245393 
 08/02  10:00:00,,,128394761.07847375,128394761.07847366 
 08/02  11:00:00,,,119778480.44735691,119778480.44735684 
 08/02  12:00:00,,,111104237.1320129,111104237.13201286 
 08/02  13:00:00,,,110622428.34838371,110622428.34838365 
 08/02  14:00:00,,,99901383.69694652,99901383.69694646 
 08/02  15:00:00,,,131575565.4391439,131575565.43914387 
 08/02  16:00:00,,,153251864.12599364,153251864.12599355 
 08/02  17:00:00,,,181798737.52569723,181798737.52569723 
 08/02  18:00:00,,,204122016.6007604,204122016.60076034 
 08/02  19:00:00,,,187785569.835292,187785569.83529207 
 08/02  20:00:00,,,199797187.0672363,199797187.0672364 
 08/02  21:00:00,,,156819844.67013586,156819844.6701358 
 08/02  22:00:00,,,165539412.3306718,165539412.33067173 
 08/02  23:00:00,,,165239484.6983516,165239484.6983516 
 08/02  24:00:00,,,127505235.31747624,127505235.31747627 
 08/03  01:00:00,,,109091265.81974214,109091265.81974214 
 08/03  02:00:00,,,99799717.08412449,99799717.08412445 
 08/03  03:00:00,,,91880203.17408158,91880203.17408153 
 08/03  04:00:00,,,99682491.06086431,99682491.06086431 
 08/03  05:00:00,,,121910602.79432668,121910602.7943266 
 08/03  06:00:00,,,178788521.9079478,178788521.90794775 
 08/03  07:00:00,,,190354041.3657371,190354041.36573702 
 08/03  08:00:00,,,169787788.87193012,169787788.87193006 
 08/03  09:00:00,,,139682470.2050231,139682470.20502305 
 08/03  10:00:00,,,130506815.24882907,130506815.24882899 
 08/03  11:00:00,,,117709583.50391535,117709583.50391528 
 08/03  12:00:00,,,117672949.44501793,117672949.44501789 
 08/03  13:00:00,,,126965494.36951348,126965494.36951345 
 08/03  14:00:00,,,132796854.59354207,132796854.59354204 
 08/03  15:00:00,,,135017686.3004153,135017686.30041528 
 08/03  16:00:00,,,166146042.01004788,166146042.01004782 
 08/03  17:00:00,,,178786102.06008953,178786102.0600895 
 08/03  18:00:00,,,214611527.58125892,214611527.58125892 
 08/03  19:00:00,,,208185779.0223967,208185779.02239674 
 08/03  20:00:00,,,179396927.99253115,179396927.99253118 
 08/03  21:00:00,,,169993753.50482312,169993753.5048231 
 08/03  22:00:00,,,159895667.36992916,159895667.3699291 
 08/03  23:00:00,,,178277035.8137297,178277035.81372964 
 08/03  24:00:00,,,135717520.06194082,135717520.06194085 
 08/04  01:00:00,,,115505031.56165677,115505031.56165677 
 08/04  02:00:00,,,109507548.69865462,109507548.69865459 
 08/04  03:00:00,,,103990917.42879212,103990917.42879207 
 08/04  04:00:00,,,106609810.0635625,106609810.06356254 
 08/04  05:00:00,,,129664048.78900757,129664048.78900753 
 08/04  06:00:00,,,183700870.82557404,183700870.825574 
 08/04  07:00:00,,,196947488.3852769,196947488.3852769 
 08/04  08:00:00,,,173494226.99836534,173494226.99836528 
 08/04  09:00:00,,,134393144.04221603,134393144.04221594 
 08/04  10:00:00,,,129293658.30264868,129293658.3026486 
 08/04  11:00:00,,,125995072.89825873,125995072.89825866 
 08/04  12:00:00,,,139975570.15578344,139975570.1557834 
 08/04  13:00:00,,,141607790.67261827,141607790.67261824 
 08/04  14:00:00,,,138126307.8844981,138126307.88449803 
 08/04  15:00:00,,,236177686.82566237,236177686.82566226 
 08/04  16:00:00,,,244293493.05070877,244293493.05070874 
 08/04  17:00:00,,,266318636.61977834,266318636.61977834 
 08/04  18:00:00,,,231289567.54952073,231289567.54952073 
 08/04  19:00:00,,,205456532.02823812,205456532.02823818 
 08/04  20:00:00,,,192213609.0386492,192213609.0386493 
 08/04  21:00:00,,,174018055.91603842,174018055.91603842 
 08/04  22:00:00,,,160941971.4863964,160941971.4863963 
 08/04  23:00:00,,,174117542.225205,174117542.22520494 
 08/04  24:00:00,,,114600455.29146495,114600455.29146498 
 08/05  01:00:00,,,106224725.22940469,106224725.22940467 
 08/05  02:00:00,,,93481471.18680115,93481471.18680109 
 08/05  03:00:00,,,96797027.39251915,96797027.39251909 
 08/05  04:00:00,,,92815582.36530775,92815582.36530776 
 08/05  05:00:00,,,124665800.95743412,124665800.95743404 
 08/05  06:00:00,,,172729707.10829848,172729707.1082984 
 08/05  07:00:00,,,181998238.46434146,181998238.4643414 
 08/05  08:00:00,,,140751735.94090712,140751735.94090706 
 08/05  09:00:00,,,129326226.7244693,129326226.72446921 
 08/05  10:00:00,,,159973493.72715995,159973493.72715986 
 08/05  11:00:00,,,204953768.2677881,204953768.26778805 
 08/05  12:00:00,,,202105346.01448056,202105346.01448056 
 08/05  13:00:00,,,205813954.42824906,205813954.428249 
 08/05  14:00:00,,,199944921.7414864,199944921.7414863 
 08/05  15:00:00,,,216332022.7766291,216332022.77662903 
 08/05  16:00:00,,,236265309.2802379,236265309.28023782 
 08/05  17:00:00,,,271478698.1354595,271478698.1354595 
 08/05  18:00:00,,,278221361.71651006,278221361.7165101 
 08/05  19:00:00,,,270115862.8952239,270115862.895224 
 08/05  20:00:00,,,242870110.98140973,242870110.9814098 
 08/05  21:00:00,,,174126233.5896061,174126233.58960605 
 08/05  22:00:00,,,151446831.9351408,151446831.9351407 
 08/05  23:00:00,,,153700497.22736183,153700497.22736177 
 08/05  24:00:00,,,118706530.08494431,118706530.08494437 
 08/06  01:00:00,,,115863340.63450484,115863340.63450487 
 08/06  02:00:00,,,100570706.82115695,100570706.82115695 
 08/06  03:00:00,,,99929024.41535492,99929024.41535488 
 08/06  04:00:00,,,106896775.64659387,106896775.64659387 
 08/06  05:00:00,,,132737287.94636002,132737287.94635995 
 08/06  06:00:00,,,145464948.3827096,145464948.3827095 
 08/06  07:00:00,,,151754424.90141523,151754424.90141514 
 08/06  08:00:00,,,139910855.19105652,139910855.19105643 
 08/06  09:00:00,,,148219743.54938632,148219743.54938623 
 08/06  10:00:00,,,191699817.17658553,191699817.17658544 
 08/06  11:00:00,,,210968259.6769116,210968259.67691147 
 08/06  12:00:00,,,211176561.62652683,211176561.62652677 
 08/06  13:00:00,,,206644308.67178088,206644308.6717808 
 08/06  14:00:00,,,202040193.56539682,202040193.5653968 
 08/06  15:00:00,,,211674868.7488548,211674868.7488547 
 08/06  16:00:00,,,236587534.58243844,236587534.58243838 
 08/06  17:00:00,,,265898278.35646233,265898278.3564623 
 08/06  18:00:00,,,275813264.16528606,275813264.16528606 
 08/06  19:00:00,,,263725282.79618767,263725282.7961877 
 08/06  20:00:00,,,251653335.58839706,251653335.58839715 
 08/06  21:00:00,,,190399488.36397737,190399488.36397737 
 08/06  22:00:00,,,159781815.84436432,159781815.84436426 
 08/06  23:00:00,,,149288486.2477383,149288486.24773827 
 08/06  24:00:00,,,136404471.7397139,136404471.73971397 
 08/07  01:00:00,,,122161849.79381388,122161849.79381391 
 08/07  02:00:00,,,117493938.18156604,117493938.18156601 
 08/07  03:00:00,,,108187505.67059296,108187505.67059296 
 08/07  04:00:00,,,117846036.80873531,117846036.80873533 
 08/07  05:00:00,,,141683050.465209,141683050.46520898 
 08/07  06:00:00,,,150928176.1686148,150928176.16861475 
 08/07  07:00:00,,,154196803.51494732,154196803.5149473 
 08/07  08:00:00,,,149375711.95288187,149375711.9528818 
 08/07  09:00:00,,,136912586.7365806,136912586.73658055 
 08/07  10:00:00,,,212903369.15307546,212903369.1530754 
 08/07  11:00:00,,,220750152.90183333,220750152.90183327 
 08/07  12:00:00,,,212518242.82346496,212518242.82346487 
 08/07  13:00:00,,,217682282.36581868,217682282.36581868 
 08/07  14:00:00,,,220852034.93535018,220852034.93535012 
 08/07  15:00:00,,,231026878.2964989,231026878.29649884 
 08/07  16:00:00,,,255439701.60958338,255439701.6095833 
 08/07  17:00:00,,,275303186.06560147,275303186.06560147 
 08/07  18:00:00,,,291858254.9149429,291858254.914943 
 08/07  19:00:00,,,278708704.0015116,278708704.00151163 
 08/07  20:00:00,,,267394957.97790793,267394957.977908 
 08/07  21:00:00,,,233074169.59376135,233074169.5937614 
 08/07  22:00:00,,,198472274.1283714,198472274.12837136 
 08/07  23:00:00,,,158939867.8566583,158939867.85665825 
 08/07  24:00:00,,,127964744.83702062,127964744.83702068 
 08/08  01:00:00,,,115357535.93477778,115357535.9347778 
 08/08  02:00:00,,,114929195.98267296,114929195.98267296 
 08/08  03:00:00,,,105820438.10285898,105820438.10285893 
 08/08  04:00:00,,,110575797.44307126,110575797.4430713 
 08/08  05:00:00,,,139281472.81022197,139281472.81022197 
 08/08  06:00:00,,,153693226.61526513,153693226.61526504 
 08/08  07:00:00,,,153400427.6761243,153400427.67612424 
 08/08  08:00:00,,,145372026.91559923,145372026.91559917 
 08/08  09:00:00,,,136888651.04688457,136888651.0468845 
 08/08  10:00:00,,,141939812.5331577,141939812.53315765 
 08/08  11:00:00,,,209739948.47975838,209739948.4797583 
 08/08  12:00:00,,,204765921.10934255,204765921.10934252 
 08/08  13:00:00,,,200617940.10566333,200617940.10566324 
 08/08  14:00:00,,,192800346.07423678,192800346.07423675 
 08/08  15:00:00,,,217002756.19983593,217002756.19983587 
 08/08  16:00:00,,,245145229.61244342,245145229.6124434 
 08/08  17:00:00,,,272405729.34631217,272405729.3463123 
 08/08  18:00:00,,,281253955.38108677,281253955.3810867 
 08/08  19:00:00,,,277158637.8065587,277158637.80655885 
 08/08  20:00:00,,,266071590.3487296,266071590.34872973 
 08/08  21:00:00,,,234305271.69600904,234305271.69600913 
 08/08  22:00:00,,,201519054.10754943,201519054.1075494 
 08/08  23:00:00,,,164785672.0570621,164785672.05706212 
 08/08  24:00:00,,,131098012.84384607,131098012.84384611 
 08/09  01:00:00,,,120934110.88919419,120934110.88919418 
 08/09  02:00:00,,,112645115.43133934,112645115.43133932 
 08/09  03:00:00,,,111715808.26063597,111715808.26063594 
 08/09  04:00:00,,,109649389.08887827,109649389.0888783 
 08/09  05:00:00,,,142326398.4890644,142326398.48906437 
 08/09  06:00:00,,,154134642.05528265,154134642.0552826 
 08/09  07:00:00,,,155352306.08515936,155352306.08515933 
 08/09  08:00:00,,,153648088.12199727,153648088.1219972 
 08/09  09:00:00,,,218626411.50801772,218626411.50801763 
 08/09  10:00:00,,,234848902.89332858,234848902.89332855 
 08/09  11:00:00,,,234006685.3793065,234006685.37930644 
 08/09  12:00:00,,,228469267.71265465,228469267.71265456 
 08/09  13:00:00,,,232837811.6345988,232837811.6345987 
 08/09  14:00:00,,,221462239.8006584,221462239.80065835 
 08/09  15:00:00,,,224364433.13017514,224364433.13017508 
 08/09  16:00:00,,,222254383.38448605,222254383.38448602 
 08/09  17:00:00,,,165216012.59601116,165216012.5960111 
 08/09  18:00:00,,,183794440.91687948,183794440.91687948 
 08/09  19:00:00,,,185342543.05477148,185342543.05477157 
 08/09  20:00:00,,,180256799.119119,180256799.11911908 
 08/09  21:00:00,,,159956152.44233355,159956152.44233352 
 08/09  22:00:00,,,163720733.93146163,163720733.93146157 
 08/09  23:00:00,,,186900621.99649927,186900621.9964992 
 08/09  24:00:00,,,140388653.20393097,140388653.203931 
 08/10  01:00:00,,,120793276.76269646,120793276.76269647 
 08/10  02:00:00,,,112734825.14575472,112734825.14575472 
 08/10  03:00:00,,,112923574.69997567,112923574.69997564 
 08/10  04:00:00,,,111617840.0911308,111617840.09113082 
 08/10  05:00:00,,,139930515.00094435,139930515.0009443 
 08/10  06:00:00,,,153101211.7891274,153101211.78912735 
 08/10  07:00:00,,,150625951.71660262,150625951.7166026 
 08/10  08:00:00,,,147465725.04442036,147465725.0444203 
 08/10  09:00:00,,,136956695.06909096,136956695.0690909 
 08/10  10:00:00,,,145207637.1055121,145207637.10551208 
 08/10  11:00:00,,,157124672.9253745,157124672.92537442 
 08/10  12:00:00,,,143715135.02667773,143715135.02667767 
 08/10  13:00:00,,,230948128.0012497,230948128.00124967 
 08/10  14:00:00,,,197899636.93983173,197899636.9398316 
 08/10  15:00:00,,,145647633.2373522,145647633.23735213 
 08/10  16:00:00,,,146800100.73299164,146800100.73299152 
 08/10  17:00:00,,,189151513.69662756,189151513.6966275 
 08/10  18:00:00,,,215573481.61158487,215573481.6115848 
 08/10  19:00:00,,,206120511.1732239,206120511.173224 
 08/10  20:00:00,,,186468046.07331523,186468046.07331532 
 08/10  21:00:00,,,185742659.11522236,185742659.1152223 
 08/10  22:00:00,,,159126208.23779505,159126208.23779494 
 08/10  23:00:00,,,192551466.6387843,192551466.6387842 
 08/10  24:00:00,,,142077760.62678942,142077760.62678948 
 08/11  01:00:00,,,136999355.34238267,136999355.34238267 
 08/11  02:00:00,,,118331632.69872516,118331632.6987252 
 08/11  03:00:00,,,117935474.05503508,117935474.05503511 
 08/11  04:00:00,,,126410845.89161073,126410845.89161077 
 08/11  05:00:00,,,153153067.5690784,153153067.56907833 
 08/11  06:00:00,,,148597531.97922358,148597531.97922355 
 08/11  07:00:00,,,152875033.73670447,152875033.7367044 
 08/11  08:00:00,,,148851575.24369478,148851575.24369472 
 08/11  09:00:00,,,136167229.82693693,136167229.82693687 
 08/11  10:00:00,,,144772337.47914433,144772337.47914428 
 08/11  11:00:00,,,129572786.8340297,129572786.83402966 
 08/11  12:00:00,,,136360224.56478256,136360224.56478253 
 08/11  13:00:00,,,123597203.12926036,123597203.1292603 
 08/11  14:00:00,,,125491829.84081116,125491829.8408111 
 08/11  15:00:00,,,143838587.7672889,143838587.76728883 
 08/11  16:00:00,,,164778402.0124141,164778402.01241404 
 08/11  17:00:00,,,176931830.86549816,176931830.86549816 
 08/11  18:00:00,,,213368896.18385187,213368896.1838519 
 08/11  19:00:00,,,208205909.5730492,208205909.57304922 
 08/11  20:00:00,,,187169023.2266796,187169023.22667968 
 08/11  21:00:00,,,182933534.2161797,182933534.21617964 
 08/11  22:00:00,,,153041325.7768306,153041325.77683055 
 08/11  23:00:00,,,188696150.97053534,188696150.97053528 
 08/11  24:00:00,,,120530596.53571574,120530596.53571576 
 08/12  01:00:00,,,109751615.02060379,109751615.02060378 
 08/12  02:00:00,,,107750161.54385044,107750161.54385045 
 08/12  03:00:00,,,93498835.44667868,93498835.44667862 
 08/12  04:00:00,,,102646513.68755084,102646513.68755084 
 08/12  05:00:00,,,126032105.72201197,126032105.72201191 
 08/12  06:00:00,,,146521534.24768007,146521534.24768 
 08/12  07:00:00,,,152252009.05389598,152252009.05389592 
 08/12  08:00:00,,,144660357.91716832,144660357.9171683 
 08/12  09:00:00,,,125133830.61018895,125133830.6101889 
 08/12  10:00:00,,,123541201.84330662,123541201.84330656 
 08/12  11:00:00,,,118451667.37241201,118451667.37241197 
 08/12  12:00:00,,,120571625.02895512,120571625.02895507 
 08/12  13:00:00,,,109895328.34143302,109895328.34143297 
 08/12  14:00:00,,,112757028.63837902,112757028.638379 
 08/12  15:00:00,,,128964110.21870078,128964110.21870074 
 08/12  16:00:00,,,162286320.34855127,162286320.3485512 
 08/12  17:00:00,,,180175094.90199882,180175094.90199873 
 08/12  18:00:00,,,200357123.44561565,200357123.44561565 
 08/12  19:00:00,,,196987120.01694298,196987120.01694304 
 08/12  20:00:00,,,194426406.79747164,194426406.7974717 
 08/12  21:00:00,,,169421476.77471364,169421476.77471364 
 08/12  22:00:00,,,139091049.5703678,139091049.57036775 
 08/12  23:00:00,,,143477274.60885152,143477274.60885146 
 08/12  24:00:00,,,114277918.57045078,114277918.57045078 
 08/13  01:00:00,,,100709735.7124055,100709735.7124055 
 08/13  02:00:00,,,94906481.02477285,94906481.02477282 
 08/13  03:00:00,,,89271910.02674752,89271910.02674745 
 08/13  04:00:00,,,90268447.76512153,90268447.76512152 
 08/13  05:00:00,,,121092027.23803163,121092027.23803157 
 08/13  06:00:00,,,169408851.9547017,169408851.9547016 
 08/13  07:00:00,,,182301620.76005784,182301620.76005775 
 08/13  08:00:00,,,168868855.41502512,168868855.41502506 
 08/13  09:00:00,,,153061540.862764,153061540.86276397 
 08/13  10:00:00,,,122296324.28497444,122296324.2849744 
 08/13  11:00:00,,,128527195.92908576,128527195.92908572 
 08/13  12:00:00,,,132854054.95048693,132854054.95048684 
 08/13  13:00:00,,,137861816.4072314,137861816.40723133 
 08/13  14:00:00,,,120803332.2982773,120803332.29827724 
 08/13  15:00:00,,,146841029.91233015,146841029.9123301 
 08/13  16:00:00,,,159314228.60266757,159314228.6026675 
 08/13  17:00:00,,,201173830.9671268,201173830.9671268 
 08/13  18:00:00,,,209867064.52426276,209867064.52426276 
 08/13  19:00:00,,,205816800.87417698,205816800.87417707 
 08/13  20:00:00,,,205851712.88414365,205851712.88414377 
 08/13  21:00:00,,,173606758.3996376,173606758.3996376 
 08/13  22:00:00,,,146681217.79947758,146681217.79947755 
 08/13  23:00:00,,,154557633.48806685,154557633.48806682 
 08/13  24:00:00,,,139668655.80298448,139668655.80298454 
 08/14  01:00:00,,,116959917.64112484,116959917.64112484 
 08/14  02:00:00,,,111308337.23574175,111308337.23574175 
 08/14  03:00:00,,,106994624.55544221,106994624.55544218 
 08/14  04:00:00,,,106611152.57232955,106611152.5723296 
 08/14  05:00:00,,,135797494.4730281,135797494.47302803 
 08/14  06:00:00,,,190012172.07480466,190012172.0748046 
 08/14  07:00:00,,,158452102.60685194,158452102.6068519 
 08/14  08:00:00,,,147315694.56619984,147315694.56619978 
 08/14  09:00:00,,,153312862.1419967,153312862.14199665 
 08/14  10:00:00,,,175935803.70459777,175935803.70459774 
 08/14  11:00:00,,,166826292.20084578,166826292.20084572 
 08/14  12:00:00,,,145276871.78676394,145276871.7867639 
 08/14  13:00:00,,,109705522.62121236,109705522.6212123 
 08/14  14:00:00,,,99088095.9316598,99088095.93165977 
 08/14  15:00:00,,,113093183.59259543,113093183.59259537 
 08/14  16:00:00,,,129768069.82177012,129768069.82177006 
 08/14  17:00:00,,,158736348.46708244,158736348.46708235 
 08/14  18:00:00,,,181135759.5534796,181135759.55347958 
 08/14  19:00:00,,,175972892.82060808,175972892.82060814 
 08/14  20:00:00,,,183498341.3701176,183498341.37011772 
 08/14  21:00:00,,,151357436.43055195,151357436.4305519 
 08/14  22:00:00,,,151810526.5437798,151810526.5437797 
 08/14  23:00:00,,,180136379.9458313,180136379.94583124 
 08/14  24:00:00,,,126209557.52273008,126209557.52273011 
 08/15  01:00:00,,,124623627.12201524,124623627.12201524 
 08/15  02:00:00,,,108505847.46031274,108505847.46031272 
 08/15  03:00:00,,,108361910.25269486,108361910.25269485 
 08/15  04:00:00,,,115271807.94741054,115271807.94741055 
 08/15  05:00:00,,,142567440.20065027,142567440.20065024 
 08/15  06:00:00,,,148683166.17712614,148683166.1771261 
 08/15  07:00:00,,,152608621.57594994,152608621.57594988 
 08/15  08:00:00,,,144624536.87185568,144624536.87185562 
 08/15  09:00:00,,,132945339.28326657,132945339.28326651 
 08/15  10:00:00,,,132759390.33215418,132759390.33215411 
 08/15  11:00:00,,,126595648.08011493,126595648.08011484 
 08/15  12:00:00,,,143419415.77804285,143419415.7780428 
 08/15  13:00:00,,,120769469.04294364,120769469.04294357 
 08/15  14:00:00,,,241015513.86867246,241015513.86867237 
 08/15  15:00:00,,,235747175.79207492,235747175.7920748 
 08/15  16:00:00,,,251078034.42568716,251078034.42568713 
 08/15  17:00:00,,,271951603.4929835,271951603.4929835 
 08/15  18:00:00,,,283609064.75093687,283609064.7509369 
 08/15  19:00:00,,,266899414.38320968,266899414.38320974 
 08/15  20:00:00,,,250580472.11930716,250580472.11930722 
 08/15  21:00:00,,,165963175.59649226,165963175.59649223 
 08/15  22:00:00,,,169303509.17167586,169303509.1716758 
 08/15  23:00:00,,,169971005.87293693,169971005.8729369 
 08/15  24:00:00,,,136197548.33124277,136197548.3312428 
 08/16  01:00:00,,,131416746.33902702,131416746.33902703 
 08/16  02:00:00,,,120703286.36738561,120703286.36738563 
 08/16  03:00:00,,,117216849.17740256,117216849.17740259 
 08/16  04:00:00,,,131349602.3099763,131349602.30997634 
 08/16  05:00:00,,,150546760.70305407,150546760.703054 
 08/16  06:00:00,,,152143964.31626594,152143964.31626585 
 08/16  07:00:00,,,153585677.4817561,153585677.48175606 
 08/16  08:00:00,,,161679703.1058289,161679703.10582888 
 08/16  09:00:00,,,132792684.14821103,132792684.14821097 
 08/16  10:00:00,,,130274044.69544208,130274044.69544202 
 08/16  11:00:00,,,135273703.37196168,135273703.3719616 
 08/16  12:00:00,,,126205255.94814642,126205255.94814634 
 08/16  13:00:00,,,122291435.24496959,122291435.2449695 
 08/16  14:00:00,,,121360126.44847248,121360126.44847241 
 08/16  15:00:00,,,145107224.84154588,145107224.84154582 
 08/16  16:00:00,,,175754273.78994074,175754273.7899407 
 08/16  17:00:00,,,186910630.73655775,186910630.73655772 
 08/16  18:00:00,,,214878230.21473473,214878230.2147347 
 08/16  19:00:00,,,219965098.6139456,219965098.6139456 
 08/16  20:00:00,,,197229935.32000357,197229935.3200037 
 08/16  21:00:00,,,164008453.43828386,164008453.43828377 
 08/16  22:00:00,,,196510493.6001459,196510493.60014585 
 08/16  23:00:00,,,175291571.06559566,175291571.0655956 
 08/16  24:00:00,,,131375721.84359229,131375721.84359229 
 08/17  01:00:00,,,120687210.99005683,120687210.99005683 
 08/17  02:00:00,,,110939761.04113616,110939761.04113618 
 08/17  03:00:00,,,106307526.61559258,106307526.61559254 
 08/17  04:00:00,,,105957797.96442845,105957797.96442848 
 08/17  05:00:00,,,137027158.0094058,137027158.0094057 
 08/17  06:00:00,,,149863957.34552452,149863957.34552446 
 08/17  07:00:00,,,154297107.4084648,154297107.40846473 
 08/17  08:00:00,,,144174413.2935138,144174413.29351375 
 08/17  09:00:00,,,134383622.46260703,134383622.46260697 
 08/17  10:00:00,,,131961355.72815326,131961355.72815317 
 08/17  11:00:00,,,151856219.05839497,151856219.05839494 
 08/17  12:00:00,,,153955792.0303406,153955792.03034052 
 08/17  13:00:00,,,152095822.07793832,152095822.07793826 
 08/17  14:00:00,,,144510800.37197995,144510800.3719799 
 08/17  15:00:00,,,153751396.0198069,153751396.0198068 
 08/17  16:00:00,,,185699507.32678756,185699507.3267875 
 08/17  17:00:00,,,209393176.44159144,209393176.44159144 
 08/17  18:00:00,,,222509734.04675955,222509734.04675955 
 08/17  19:00:00,,,198443277.60236463,198443277.6023647 
 08/17  20:00:00,,,213007636.88929358,213007636.88929367 
 08/17  21:00:00,,,179844290.90783966,179844290.90783954 
 08/17  22:00:00,,,220157500.1655967,220157500.16559663 
 08/17  23:00:00,,,189024671.90156937,189024671.90156928 
 08/17  24:00:00,,,151625314.41267216,151625314.41267222 
 08/18  01:00:00,,,133450920.0247359,133450920.02473587 
 08/18  02:00:00,,,125267621.86003014,125267621.86003014 
 08/18  03:00:00,,,116136601.95151788,116136601.95151788 
 08/18  04:00:00,,,120061859.41391711,120061859.41391712 
 08/18  05:00:00,,,143147474.17037734,143147474.1703773 
 08/18  06:00:00,,,153926679.20150936,153926679.2015093 
 08/18  07:00:00,,,152190577.58042085,152190577.58042082 
 08/18  08:00:00,,,145449093.98465508,145449093.98465502 
 08/18  09:00:00,,,136391295.61089373,136391295.61089367 
 08/18  10:00:00,,,149619858.51437807,149619858.514378 
 08/18  11:00:00,,,220050453.19388556,220050453.19388548 
 08/18  12:00:00,,,238140951.1420651,238140951.14206502 
 08/18  13:00:00,,,235509151.88863435,235509151.88863426 
 08/18  14:00:00,,,229838338.99266043,229838338.99266034 
 08/18  15:00:00,,,242965511.1394346,242965511.13943455 
 08/18  16:00:00,,,264599889.16051838,264599889.1605183 
 08/18  17:00:00,,,285141051.6906922,285141051.6906922 
 08/18  18:00:00,,,297966910.5924018,297966910.5924018 
 08/18  19:00:00,,,283934223.58661973,283934223.5866198 
 08/18  20:00:00,,,272187085.1699883,272187085.1699884 
 08/18  21:00:00,,,196191924.82202038,196191924.82202035 
 08/18  22:00:00,,,158863310.1490262,158863310.1490261 
 08/18  23:00:00,,,180442618.1686426,180442618.16864255 
 08/18  24:00:00,,,121397042.6563735,121397042.6563735 
 08/19  01:00:00,,,116094055.39766529,116094055.39766529 
 08/19  02:00:00,,,110527723.93018717,110527723.93018717 
 08/19  03:00:00,,,107091205.80444291,107091205.80444291 
 08/19  04:00:00,,,108610504.99490073,108610504.99490076 
 08/19  05:00:00,,,134652487.28703663,134652487.28703657 
 08/19  06:00:00,,,148574485.9415236,148574485.94152358 
 08/19  07:00:00,,,151876195.72082362,151876195.72082356 
 08/19  08:00:00,,,139917551.83270687,139917551.8327068 
 08/19  09:00:00,,,130235943.07091936,130235943.0709193 
 08/19  10:00:00,,,127814595.98614484,127814595.98614478 
 08/19  11:00:00,,,137521617.9182306,137521617.9182305 
 08/19  12:00:00,,,131664100.44947214,131664100.44947207 
 08/19  13:00:00,,,135120788.1726537,135120788.17265368 
 08/19  14:00:00,,,135842725.84178367,135842725.84178364 
 08/19  15:00:00,,,143453675.09618837,143453675.09618834 
 08/19  16:00:00,,,170700648.3296676,170700648.32966754 
 08/19  17:00:00,,,202183516.966901,202183516.96690103 
 08/19  18:00:00,,,217780638.3551635,217780638.35516348 
 08/19  19:00:00,,,214902157.80720702,214902157.80720705 
 08/19  20:00:00,,,209763703.31366098,209763703.3136611 
 08/19  21:00:00,,,180080897.27435756,180080897.2743576 
 08/19  22:00:00,,,157476166.62199974,157476166.62199968 
 08/19  23:00:00,,,161696567.60238078,161696567.60238078 
 08/19  24:00:00,,,125178590.34533091,125178590.34533094 
 08/20  01:00:00,,,114436023.65023807,114436023.65023805 
 08/20  02:00:00,,,103923222.32008228,103923222.32008225 
 08/20  03:00:00,,,95007018.49742417,95007018.49742413 
 08/20  04:00:00,,,102017224.21406022,102017224.21406022 
 08/20  05:00:00,,,125534801.4799662,125534801.47996616 
 08/20  06:00:00,,,175103102.09221596,175103102.0922159 
 08/20  07:00:00,,,187820022.68972388,187820022.68972388 
 08/20  08:00:00,,,179803797.71593904,179803797.71593904 
 08/20  09:00:00,,,133791166.02379233,133791166.02379227 
 08/20  10:00:00,,,126297280.42484117,126297280.4248411 
 08/20  11:00:00,,,128162180.46550246,128162180.46550244 
 08/20  12:00:00,,,139235416.13287604,139235416.13287598 
 08/20  13:00:00,,,129797924.50869073,129797924.50869067 
 08/20  14:00:00,,,139133998.5363184,139133998.53631833 
 08/20  15:00:00,,,148130431.78971326,148130431.7897132 
 08/20  16:00:00,,,228838435.33595106,228838435.33595097 
 08/20  17:00:00,,,206131708.66595742,206131708.66595736 
 08/20  18:00:00,,,219935695.29700735,219935695.29700732 
 08/20  19:00:00,,,213353058.28697777,213353058.2869779 
 08/20  20:00:00,,,206903849.32199702,206903849.32199714 
 08/20  21:00:00,,,176131248.42880017,176131248.42880014 
 08/20  22:00:00,,,161952816.40122402,161952816.40122396 
 08/20  23:00:00,,,159970164.33075607,159970164.330756 
 08/20  24:00:00,,,141696307.62465718,141696307.6246572 
 08/21  01:00:00,,,121594760.04732698,121594760.047327 
 08/21  02:00:00,,,116027223.87765655,116027223.87765652 
 08/21  03:00:00,,,107816566.41712299,107816566.41712295 
 08/21  04:00:00,,,109308798.16091523,109308798.16091526 
 08/21  05:00:00,,,137481974.87277398,137481974.87277395 
 08/21  06:00:00,,,186163210.40523684,186163210.40523675 
 08/21  07:00:00,,,196339500.20033467,196339500.20033464 
 08/21  08:00:00,,,173263219.13398993,173263219.13398984 
 08/21  09:00:00,,,135117494.1781588,135117494.17815873 
 08/21  10:00:00,,,135541388.87078068,135541388.8707806 
 08/21  11:00:00,,,145875724.34567317,145875724.34567308 
 08/21  12:00:00,,,203910168.1046098,203910168.10460976 
 08/21  13:00:00,,,230255990.514647,230255990.51464692 
 08/21  14:00:00,,,223905629.2920126,223905629.2920125 
 08/21  15:00:00,,,232442185.89399275,232442185.89399272 
 08/21  16:00:00,,,241335724.9064793,241335724.90647924 
 08/21  17:00:00,,,257773401.49443614,257773401.49443614 
 08/21  18:00:00,,,222318694.0615723,222318694.0615723 
 08/21  19:00:00,,,198535938.15796882,198535938.15796888 
 08/21  20:00:00,,,176392299.02340224,176392299.02340233 
 08/21  21:00:00,,,152560342.31912285,152560342.3191228 
 08/21  22:00:00,,,143915060.5526597,143915060.5526596 
 08/21  23:00:00,,,173973653.10779852,173973653.10779843 
 08/21  24:00:00,,,128279854.82026917,128279854.82026918 
 08/22  01:00:00,,,116040282.6054347,116040282.60543472 
 08/22  02:00:00,,,113195812.99556652,113195812.99556652 
 08/22  03:00:00,,,105323251.76782915,105323251.76782912 
 08/22  04:00:00,,,110673587.732682,110673587.73268205 
 08/22  05:00:00,,,135792997.40247405,135792997.40247402 
 08/22  06:00:00,,,153107527.0498433,153107527.0498432 
 08/22  07:00:00,,,151899811.07860756,151899811.07860747 
 08/22  08:00:00,,,147726646.71339762,147726646.71339753 
 08/22  09:00:00,,,133347012.23854527,133347012.23854521 
 08/22  10:00:00,,,130047239.20263456,130047239.20263448 
 08/22  11:00:00,,,134018294.79673441,134018294.79673433 
 08/22  12:00:00,,,130258276.89268894,130258276.89268887 
 08/22  13:00:00,,,186978731.37101108,186978731.37101096 
 08/22  14:00:00,,,238928840.3350147,238928840.33501458 
 08/22  15:00:00,,,237323045.82727504,237323045.82727498 
 08/22  16:00:00,,,261793266.7962018,261793266.79620174 
 08/22  17:00:00,,,284804289.7235836,284804289.7235835 
 08/22  18:00:00,,,292236344.6788993,292236344.6788992 
 08/22  19:00:00,,,197196052.5643294,197196052.5643294 
 08/22  20:00:00,,,207854430.04329395,207854430.04329407 
 08/22  21:00:00,,,167578657.59871402,167578657.598714 
 08/22  22:00:00,,,184836452.85202405,184836452.852024 
 08/22  23:00:00,,,192734921.81970966,192734921.8197096 
 08/22  24:00:00,,,151329769.46036202,151329769.46036208 
 08/23  01:00:00,,,138132070.64201406,138132070.64201403 
 08/23  02:00:00,,,126752954.11179517,126752954.11179516 
 08/23  03:00:00,,,120162088.40317976,120162088.40317976 
 08/23  04:00:00,,,119187072.93979813,119187072.93979816 
 08/23  05:00:00,,,146049977.4600953,146049977.46009526 
 08/23  06:00:00,,,151141218.38745803,151141218.38745797 
 08/23  07:00:00,,,151854312.69098926,151854312.6909892 
 08/23  08:00:00,,,146611893.91930905,146611893.919309 
 08/23  09:00:00,,,135475792.63793868,135475792.63793862 
 08/23  10:00:00,,,129813901.55339663,129813901.55339658 
 08/23  11:00:00,,,117317422.23344757,117317422.23344749 
 08/23  12:00:00,,,113841898.62908897,113841898.62908891 
 08/23  13:00:00,,,109476305.10843745,109476305.10843739 
 08/23  14:00:00,,,100408306.9729002,100408306.97290012 
 08/23  15:00:00,,,115212593.4854407,115212593.48544066 
 08/23  16:00:00,,,140157380.002564,140157380.00256392 
 08/23  17:00:00,,,184141667.94760528,184141667.94760525 
 08/23  18:00:00,,,189512240.2777437,189512240.27774376 
 08/23  19:00:00,,,187941707.11679226,187941707.11679232 
 08/23  20:00:00,,,187333670.01296148,187333670.0129616 
 08/23  21:00:00,,,152992398.7879484,152992398.7879483 
 08/23  22:00:00,,,144779117.77257293,144779117.77257288 
 08/23  23:00:00,,,166636505.80182466,166636505.80182463 
 08/23  24:00:00,,,124595070.51893887,124595070.51893887 
 08/24  01:00:00,,,108847278.6955568,108847278.69555679 
 08/24  02:00:00,,,101276703.46580213,101276703.4658021 
 08/24  03:00:00,,,93021342.31979899,93021342.31979893 
 08/24  04:00:00,,,101680896.35924174,101680896.35924177 
 08/24  05:00:00,,,123547567.5056313,123547567.50563122 
 08/24  06:00:00,,,175647711.70026565,175647711.70026556 
 08/24  07:00:00,,,188291376.59899417,188291376.5989941 
 08/24  08:00:00,,,179340114.99309486,179340114.9930948 
 08/24  09:00:00,,,135345839.4763807,135345839.47638065 
 08/24  10:00:00,,,130355516.23790896,130355516.23790887 
 08/24  11:00:00,,,120576634.00944388,120576634.00944382 
 08/24  12:00:00,,,111576087.04589757,111576087.04589751 
 08/24  13:00:00,,,107620719.72281829,107620719.72281821 
 08/24  14:00:00,,,102585742.27573627,102585742.27573621 
 08/24  15:00:00,,,110619965.84373152,110619965.84373146 
 08/24  16:00:00,,,131174596.94897598,131174596.94897589 
 08/24  17:00:00,,,158738908.3921438,158738908.39214373 
 08/24  18:00:00,,,194245394.66386274,194245394.66386274 
 08/24  19:00:00,,,174116783.76666138,174116783.76666144 
 08/24  20:00:00,,,185531511.11540127,185531511.1154014 
 08/24  21:00:00,,,152248000.38315436,152248000.38315427 
 08/24  22:00:00,,,149617689.17061552,149617689.17061546 
 08/24  23:00:00,,,176524031.04418087,176524031.0441808 
 08/24  24:00:00,,,123723958.30148903,123723958.30148907 
 08/25  01:00:00,,,120863004.63289073,120863004.6328907 
 08/25  02:00:00,,,105747450.93360099,105747450.933601 
 08/25  03:00:00,,,104712281.56054926,104712281.5605492 
 08/25  04:00:00,,,105329157.71085124,105329157.71085124 
 08/25  05:00:00,,,134941442.84742907,134941442.84742904 
 08/25  06:00:00,,,183639515.2609751,183639515.26097503 
 08/25  07:00:00,,,192973919.88453722,192973919.88453713 
 08/25  08:00:00,,,158574716.1189525,158574716.11895248 
 08/25  09:00:00,,,130266388.61595236,130266388.61595228 
 08/25  10:00:00,,,131621188.66873814,131621188.66873808 
 08/25  11:00:00,,,118459526.82174121,118459526.82174113 
 08/25  12:00:00,,,110615599.41368476,110615599.4136847 
 08/25  13:00:00,,,109501250.7488756,109501250.74887554 
 08/25  14:00:00,,,100972056.48007935,100972056.4800793 
 08/25  15:00:00,,,110933523.10862294,110933523.10862286 
 08/25  16:00:00,,,135387501.2924863,135387501.29248628 
 08/25  17:00:00,,,159741379.37621427,159741379.3762142 
 08/25  18:00:00,,,173889985.54149583,173889985.54149583 
 08/25  19:00:00,,,179876926.7629208,179876926.76292086 
 08/25  20:00:00,,,175102165.56817237,175102165.56817245 
 08/25  21:00:00,,,155250825.30822593,155250825.30822587 
 08/25  22:00:00,,,148491798.57441995,148491798.57441986 
 08/25  23:00:00,,,181244870.97572285,181244870.9757228 
 08/25  24:00:00,,,109019758.29815131,109019758.29815131 
 08/26  01:00:00,,,107215088.51913956,107215088.51913956 
 08/26  02:00:00,,,98661460.65637672,98661460.65637667 
 08/26  03:00:00,,,90560699.61181238,90560699.61181232 
 08/26  04:00:00,,,100465214.06372507,100465214.06372508 
 08/26  05:00:00,,,125879841.48371713,125879841.48371705 
 08/26  06:00:00,,,147325038.64301175,147325038.6430117 
 08/26  07:00:00,,,152908093.11978936,152908093.11978927 
 08/26  08:00:00,,,143036789.46691453,143036789.46691447 
 08/26  09:00:00,,,128385537.57450844,128385537.57450835 
 08/26  10:00:00,,,123783648.58886358,123783648.58886352 
 08/26  11:00:00,,,130949034.47534333,130949034.47534326 
 08/26  12:00:00,,,140763728.37404722,140763728.37404716 
 08/26  13:00:00,,,120126460.58943665,120126460.58943659 
 08/26  14:00:00,,,129910069.49455252,129910069.4945525 
 08/26  15:00:00,,,143620151.23650572,143620151.23650566 
 08/26  16:00:00,,,167277163.7721495,167277163.77214947 
 08/26  17:00:00,,,196928592.6885637,196928592.68856373 
 08/26  18:00:00,,,213687916.39295682,213687916.3929568 
 08/26  19:00:00,,,202348842.71559304,202348842.7155931 
 08/26  20:00:00,,,200993945.52138942,200993945.52138954 
 08/26  21:00:00,,,170172101.09862655,170172101.09862655 
 08/26  22:00:00,,,178394214.95307788,178394214.9530778 
 08/26  23:00:00,,,162101502.17301464,162101502.1730146 
 08/26  24:00:00,,,130651380.76633231,130651380.76633234 
 08/27  01:00:00,,,110028199.66734123,110028199.66734125 
 08/27  02:00:00,,,112692000.51937811,112692000.51937813 
 08/27  03:00:00,,,103459880.57940143,103459880.5794014 
 08/27  04:00:00,,,106246890.83457933,106246890.83457932 
 08/27  05:00:00,,,135691939.0568718,135691939.0568717 
 08/27  06:00:00,,,153869408.14171073,153869408.14171064 
 08/27  07:00:00,,,153758133.92691386,153758133.92691377 
 08/27  08:00:00,,,138198226.60629103,138198226.606291 
 08/27  09:00:00,,,131238560.51122163,131238560.51122159 
 08/27  10:00:00,,,136920657.3453906,136920657.3453905 
 08/27  11:00:00,,,147057762.11022466,147057762.11022463 
 08/27  12:00:00,,,141981003.22248444,141981003.22248438 
 08/27  13:00:00,,,203385088.12263942,203385088.1226394 
 08/27  14:00:00,,,216820368.5037919,216820368.5037918 
 08/27  15:00:00,,,223477285.474043,223477285.4740429 
 08/27  16:00:00,,,237413484.66856962,237413484.66856956 
 08/27  17:00:00,,,254293429.00520685,254293429.00520682 
 08/27  18:00:00,,,210439002.4728472,210439002.47284713 
 08/27  19:00:00,,,203059003.40426892,203059003.40426895 
 08/27  20:00:00,,,209990294.52785337,209990294.52785352 
 08/27  21:00:00,,,164945636.01484677,164945636.0148467 
 08/27  22:00:00,,,203784434.19955862,203784434.1995585 
 08/27  23:00:00,,,171379521.28935865,171379521.28935862 
 08/27  24:00:00,,,154904928.40456873,154904928.40456882 
 08/28  01:00:00,,,135260370.0998207,135260370.0998207 
 08/28  02:00:00,,,125050798.70601778,125050798.70601778 
 08/28  03:00:00,,,125003516.31041983,125003516.31041981 
 08/28  04:00:00,,,117545920.92546958,117545920.92546964 
 08/28  05:00:00,,,150272299.15867934,150272299.1586793 
 08/28  06:00:00,,,157101434.88399407,157101434.88399404 
 08/28  07:00:00,,,152601043.41674066,152601043.4167406 
 08/28  08:00:00,,,144222901.4649324,144222901.46493235 
 08/28  09:00:00,,,140995848.27351886,140995848.2735188 
 08/28  10:00:00,,,154301021.34049022,154301021.34049016 
 08/28  11:00:00,,,143462004.50618833,143462004.50618827 
 08/28  12:00:00,,,222476820.37274903,222476820.37274897 
 08/28  13:00:00,,,245857474.95368308,245857474.95368302 
 08/28  14:00:00,,,226981426.98351982,226981426.98351976 
 08/28  15:00:00,,,245322334.47072458,245322334.47072452 
 08/28  16:00:00,,,254468359.5575572,254468359.55755714 
 08/28  17:00:00,,,279727302.42448795,279727302.42448795 
 08/28  18:00:00,,,283459515.2949847,283459515.2949847 
 08/28  19:00:00,,,214537325.43357354,214537325.4335736 
 08/28  20:00:00,,,204590010.59224328,204590010.59224334 
 08/28  21:00:00,,,166114331.1656805,166114331.16568044 
 08/28  22:00:00,,,187646276.0793402,187646276.07934016 
 08/28  23:00:00,,,170368818.9138693,170368818.91386923 
 08/28  24:00:00,,,135379846.5310724,135379846.53107244 
 08/29  01:00:00,,,124947402.4257873,124947402.42578731 
 08/29  02:00:00,,,115324242.7722669,115324242.77226691 
 08/29  03:00:00,,,108965884.00594656,108965884.00594655 
 08/29  04:00:00,,,111927649.18419406,111927649.1841941 
 08/29  05:00:00,,,140652572.64712217,140652572.64712214 
 08/29  06:00:00,,,153403754.378873,153403754.3788729 
 08/29  07:00:00,,,154625301.32947695,154625301.3294769 
 08/29  08:00:00,,,139377672.59388292,139377672.59388286 
 08/29  09:00:00,,,141834578.92183527,141834578.9218352 
 08/29  10:00:00,,,194478066.68432897,194478066.68432885 
 08/29  11:00:00,,,237870370.0006868,237870370.00068665 
 08/29  12:00:00,,,226975869.69636908,226975869.696369 
 08/29  13:00:00,,,231409110.1932789,231409110.19327885 
 08/29  14:00:00,,,220488261.1396932,220488261.1396931 
 08/29  15:00:00,,,239789952.09931815,239789952.0993181 
 08/29  16:00:00,,,257222415.92459172,257222415.92459163 
 08/29  17:00:00,,,280190298.3231956,280190298.3231955 
 08/29  18:00:00,,,284045250.7017017,284045250.70170176 
 08/29  19:00:00,,,276846386.8437797,276846386.8437797 
 08/29  20:00:00,,,179284535.91402298,179284535.91402313 
 08/29  21:00:00,,,179638042.97552446,179638042.97552446 
 08/29  22:00:00,,,146540861.8799718,146540861.87997174 
 08/29  23:00:00,,,178029348.56596157,178029348.5659615 
 08/29  24:00:00,,,138752320.62694925,138752320.6269493 
 08/30  01:00:00,,,123695773.4195613,123695773.41956131 
 08/30  02:00:00,,,116427629.29754788,116427629.29754788 
 08/30  03:00:00,,,110856262.12133178,110856262.12133177 
 08/30  04:00:00,,,117535263.09280783,117535263.09280784 
 08/30  05:00:00,,,145202072.68013936,145202072.68013933 
 08/30  06:00:00,,,156535555.244425,156535555.2444249 
 08/30  07:00:00,,,155856552.7507316,155856552.75073153 
 08/30  08:00:00,,,142745575.18671972,142745575.18671966 
 08/30  09:00:00,,,153712665.8943792,153712665.89437914 
 08/30  10:00:00,,,208175743.39876112,208175743.39876103 
 08/30  11:00:00,,,239154354.42812666,239154354.4281266 
 08/30  12:00:00,,,234243650.47148877,234243650.47148868 
 08/30  13:00:00,,,234940194.54750955,234940194.54750946 
 08/30  14:00:00,,,223318709.7896281,223318709.78962803 
 08/30  15:00:00,,,238476857.91828966,238476857.9182896 
 08/30  16:00:00,,,256646433.3787428,256646433.37874275 
 08/30  17:00:00,,,274317861.8491882,274317861.8491882 
 08/30  18:00:00,,,280109829.7190947,280109829.71909475 
 08/30  19:00:00,,,210550398.22380936,210550398.2238094 
 08/30  20:00:00,,,206315659.28791633,206315659.28791648 
 08/30  21:00:00,,,164142299.6538286,164142299.65382856 
 08/30  22:00:00,,,181495891.42203996,181495891.4220399 
 08/30  23:00:00,,,172273228.93686163,172273228.93686157 
 08/30  24:00:00,,,144060383.9907177,144060383.99071777 
 08/31  01:00:00,,,128010031.70182781,128010031.70182782 
 08/31  02:00:00,,,121393871.30330631,121393871.3033063 
 08/31  03:00:00,,,115151212.12578803,115151212.12578806 
 08/31  04:00:00,,,118883569.26829188,118883569.2682919 
 08/31  05:00:00,,,145627322.33539498,145627322.33539495 
 08/31  06:00:00,,,154091584.37462834,154091584.37462825 
 08/31  07:00:00,,,156771400.82152134,156771400.8215213 
 08/31  08:00:00,,,145239202.28510034,145239202.28510028 
 08/31  09:00:00,,,139912879.69202936,139912879.6920293 
 08/31  10:00:00,,,160579260.36473623,160579260.3647362 
 08/31  11:00:00,,,175547775.7526791,175547775.75267905 
 08/31  12:00:00,,,247188268.4272197,247188268.4272196 
 08/31  13:00:00,,,228077243.41868138,228077243.41868132 
 08/31  14:00:00,,,220546826.68850815,220546826.68850806 
 08/31  15:00:00,,,234486403.2394418,234486403.23944175 
 08/31  16:00:00,,,253699150.2324503,253699150.23245025 
 08/31  17:00:00,,,275069103.750551,275069103.750551 
 08/31  18:00:00,,,182343799.42109534,182343799.42109534 
 08/31  19:00:00,,,203958832.3609508,203958832.36095092 
 08/31  20:00:00,,,205449686.91860586,205449686.91860595 
 08/31  21:00:00,,,163857619.8108118,163857619.81081173 
 08/31  22:00:00,,,146210946.25387517,146210946.2538751 
 08/31  23:00:00,,,173409438.38600197,173409438.38600194 
 08/31  24:00:00,121713419506.71461,0.0,134814413.1116038,134814413.11160383 
 09/01  01:00:00,,,116572024.86324847,116572024.86324848 
 09/01  02:00:00,,,108200160.65476617,108200160.65476617 
 09/01  03:00:00,,,105671937.30407786,105671937.30407785 
 09/01  04:00:00,,,109740017.20329447,109740017.20329452 
 09/01  05:00:00,,,135770360.03383017,135770360.0338301 
 09/01  06:00:00,,,152976261.2042116,152976261.20421153 
 09/01  07:00:00,,,154109119.35329092,154109119.35329086 
 09/01  08:00:00,,,145389585.59415027,145389585.59415022 
 09/01  09:00:00,,,139053364.2468909,139053364.24689084 
 09/01  10:00:00,,,144383887.12700212,144383887.12700206 
 09/01  11:00:00,,,242701117.20476025,242701117.2047602 
 09/01  12:00:00,,,221323895.98563975,221323895.9856397 
 09/01  13:00:00,,,216455985.09234825,216455985.09234822 
 09/01  14:00:00,,,216678259.1260393,216678259.12603924 
 09/01  15:00:00,,,225423659.55886802,225423659.55886793 
 09/01  16:00:00,,,243644420.7620552,243644420.76205516 
 09/01  17:00:00,,,269344676.9230042,269344676.92300427 
 09/01  18:00:00,,,279113292.87457705,279113292.8745771 
 09/01  19:00:00,,,275604679.2938133,275604679.2938133 
 09/01  20:00:00,,,264344395.93224302,264344395.9322431 
 09/01  21:00:00,,,154999468.5980416,154999468.59804153 
 09/01  22:00:00,,,182333336.2110414,182333336.2110413 
 09/01  23:00:00,,,172623871.1266084,172623871.12660837 
 09/01  24:00:00,,,113944095.94217429,113944095.9421743 
 09/02  01:00:00,,,110781588.60170792,110781588.6017079 
 09/02  02:00:00,,,107668800.83193092,107668800.8319309 
 09/02  03:00:00,,,102240180.23259333,102240180.2325933 
 09/02  04:00:00,,,109108927.4517233,109108927.4517233 
 09/02  05:00:00,,,138362754.64668435,138362754.64668432 
 09/02  06:00:00,,,156067220.88377583,156067220.88377577 
 09/02  07:00:00,,,151706212.61480424,151706212.61480415 
 09/02  08:00:00,,,153805274.33545294,153805274.3354529 
 09/02  09:00:00,,,173874503.1281522,173874503.1281521 
 09/02  10:00:00,,,235992173.57222998,235992173.57222992 
 09/02  11:00:00,,,222945631.3924522,222945631.39245218 
 09/02  12:00:00,,,217598782.67121023,217598782.67121017 
 09/02  13:00:00,,,208262096.56726864,208262096.56726858 
 09/02  14:00:00,,,210036737.29961503,210036737.29961503 
 09/02  15:00:00,,,219973418.49970716,219973418.49970716 
 09/02  16:00:00,,,238967830.56564477,238967830.56564468 
 09/02  17:00:00,,,265629536.26939726,265629536.26939726 
 09/02  18:00:00,,,273177957.80828685,273177957.80828685 
 09/02  19:00:00,,,223664480.3036293,223664480.3036294 
 09/02  20:00:00,,,201080566.15105972,201080566.15105984 
 09/02  21:00:00,,,165971950.44076258,165971950.44076252 
 09/02  22:00:00,,,177300930.51039642,177300930.51039636 
 09/02  23:00:00,,,156958558.48756436,156958558.48756436 
 09/02  24:00:00,,,125208225.57388972,125208225.57388978 
 09/03  01:00:00,,,109741065.12563819,109741065.12563819 
 09/03  02:00:00,,,103550006.77481066,103550006.77481061 
 09/03  03:00:00,,,93964025.9025044,93964025.90250434 
 09/03  04:00:00,,,97692717.4509896,97692717.4509896 
 09/03  05:00:00,,,124148285.11753835,124148285.1175383 
 09/03  06:00:00,,,179103405.5910006,179103405.5910005 
 09/03  07:00:00,,,182041968.53748283,182041968.53748274 
 09/03  08:00:00,,,171736564.244335,171736564.2443349 
 09/03  09:00:00,,,131394201.80536422,131394201.80536416 
 09/03  10:00:00,,,123134127.91331446,123134127.9133144 
 09/03  11:00:00,,,117042077.01488522,117042077.01488514 
 09/03  12:00:00,,,124329752.43643138,124329752.43643129 
 09/03  13:00:00,,,107702621.85785802,107702621.85785796 
 09/03  14:00:00,,,119411545.42269093,119411545.42269088 
 09/03  15:00:00,,,144537789.20147073,144537789.20147067 
 09/03  16:00:00,,,156698116.93390653,156698116.93390644 
 09/03  17:00:00,,,192053637.65953454,192053637.65953457 
 09/03  18:00:00,,,213443226.25700155,213443226.2570015 
 09/03  19:00:00,,,208457860.0582887,208457860.05828878 
 09/03  20:00:00,,,186571081.1347066,186571081.1347067 
 09/03  21:00:00,,,217053291.7940181,217053291.7940181 
 09/03  22:00:00,,,183803954.99666893,183803954.99666888 
 09/03  23:00:00,,,140520063.42853278,140520063.42853275 
 09/03  24:00:00,,,106662030.24872379,106662030.2487238 
 09/04  01:00:00,,,93913928.30885436,93913928.30885433 
 09/04  02:00:00,,,89020409.07638669,89020409.07638662 
 09/04  03:00:00,,,84728787.7071619,84728787.70716186 
 09/04  04:00:00,,,88286525.86837114,88286525.86837114 
 09/04  05:00:00,,,117919395.72198996,117919395.72198987 
 09/04  06:00:00,,,171226866.480697,171226866.48069698 
 09/04  07:00:00,,,176847818.45150527,176847818.4515052 
 09/04  08:00:00,,,170036497.5351416,170036497.53514153 
 09/04  09:00:00,,,141655925.75526014,141655925.75526005 
 09/04  10:00:00,,,125709625.38834856,125709625.38834849 
 09/04  11:00:00,,,127001448.98192185,127001448.98192175 
 09/04  12:00:00,,,134945534.64751485,134945534.6475148 
 09/04  13:00:00,,,128569693.86320454,128569693.8632045 
 09/04  14:00:00,,,113999993.379603,113999993.37960297 
 09/04  15:00:00,,,138968906.654848,138968906.65484798 
 09/04  16:00:00,,,172943073.38383538,172943073.38383535 
 09/04  17:00:00,,,263437574.9257297,263437574.92572963 
 09/04  18:00:00,,,185097436.2993765,185097436.2993765 
 09/04  19:00:00,,,202676178.6872053,202676178.6872054 
 09/04  20:00:00,,,201696175.14052188,201696175.140522 
 09/04  21:00:00,,,172477182.44204628,172477182.4420462 
 09/04  22:00:00,,,196288592.58175313,196288592.58175308 
 09/04  23:00:00,,,167174797.29255933,167174797.2925593 
 09/04  24:00:00,,,151039024.10827976,151039024.1082798 
 09/05  01:00:00,,,137122538.87271968,137122538.8727197 
 09/05  02:00:00,,,130323502.80442289,130323502.80442291 
 09/05  03:00:00,,,124335044.20510954,124335044.20510952 
 09/05  04:00:00,,,127112756.25943004,127112756.25943008 
 09/05  05:00:00,,,158915904.67450967,158915904.67450964 
 09/05  06:00:00,,,158141688.6531434,158141688.65314338 
 09/05  07:00:00,,,155005505.50700438,155005505.50700432 
 09/05  08:00:00,,,144928692.5521718,144928692.5521717 
 09/05  09:00:00,,,137441760.24402002,137441760.24401996 
 09/05  10:00:00,,,130450117.88910195,130450117.8891019 
 09/05  11:00:00,,,135617722.7119459,135617722.71194583 
 09/05  12:00:00,,,126077031.8298549,126077031.82985488 
 09/05  13:00:00,,,122383876.22480124,122383876.22480121 
 09/05  14:00:00,,,118582795.04044597,118582795.0404459 
 09/05  15:00:00,,,151934592.5517918,151934592.55179173 
 09/05  16:00:00,,,158572285.79267693,158572285.79267687 
 09/05  17:00:00,,,195568428.16613775,195568428.16613773 
 09/05  18:00:00,,,206605377.13720468,206605377.13720462 
 09/05  19:00:00,,,215516005.33931425,215516005.3393143 
 09/05  20:00:00,,,195591784.07944378,195591784.0794439 
 09/05  21:00:00,,,181278015.40662205,181278015.40662202 
 09/05  22:00:00,,,180644702.79190597,180644702.7919059 
 09/05  23:00:00,,,186925576.76856846,186925576.76856843 
 09/05  24:00:00,,,145412943.6392253,145412943.63922533 
 09/06  01:00:00,,,131676535.17830986,131676535.17830986 
 09/06  02:00:00,,,122070955.81105573,122070955.81105575 
 09/06  03:00:00,,,114981667.76887518,114981667.76887517 
 09/06  04:00:00,,,116948943.31775814,116948943.31775817 
 09/06  05:00:00,,,147056370.4387022,147056370.43870214 
 09/06  06:00:00,,,155283347.25566489,155283347.25566483 
 09/06  07:00:00,,,153649963.86691377,153649963.86691368 
 09/06  08:00:00,,,146802012.29266423,146802012.29266414 
 09/06  09:00:00,,,134424597.08244464,134424597.08244455 
 09/06  10:00:00,,,132001334.20192125,132001334.2019212 
 09/06  11:00:00,,,133031814.14908063,133031814.14908057 
 09/06  12:00:00,,,142964664.61225078,142964664.61225072 
 09/06  13:00:00,,,109198087.1897122,109198087.18971212 
 09/06  14:00:00,,,134111187.93007669,134111187.93007664 
 09/06  15:00:00,,,144521269.32373735,144521269.3237373 
 09/06  16:00:00,,,141279630.93761793,141279630.93761784 
 09/06  17:00:00,,,188665196.6115713,188665196.6115712 
 09/06  18:00:00,,,210582287.18871135,210582287.18871132 
 09/06  19:00:00,,,203254839.9033795,203254839.90337956 
 09/06  20:00:00,,,206583074.7726056,206583074.7726057 
 09/06  21:00:00,,,185960524.69188786,185960524.69188786 
 09/06  22:00:00,,,155564683.22845542,155564683.22845536 
 09/06  23:00:00,,,207706419.85582533,207706419.85582522 
 09/06  24:00:00,,,157080593.4458907,157080593.4458907 
 09/07  01:00:00,,,142543682.25838974,142543682.25838974 
 09/07  02:00:00,,,136879136.93208337,136879136.9320834 
 09/07  03:00:00,,,127794448.30983268,127794448.30983269 
 09/07  04:00:00,,,132161229.76578213,132161229.76578216 
 09/07  05:00:00,,,162934692.49549383,162934692.49549377 
 09/07  06:00:00,,,158251089.17462486,158251089.1746248 
 09/07  07:00:00,,,156070792.4034239,156070792.40342385 
 09/07  08:00:00,,,147054738.14636958,147054738.14636952 
 09/07  09:00:00,,,145118995.5829577,145118995.58295769 
 09/07  10:00:00,,,148403275.54291752,148403275.54291746 
 09/07  11:00:00,,,139653658.0353396,139653658.03533953 
 09/07  12:00:00,,,144451859.76919314,144451859.76919308 
 09/07  13:00:00,,,121589110.3500826,121589110.35008253 
 09/07  14:00:00,,,138374285.6537005,138374285.65370047 
 09/07  15:00:00,,,144246067.41717073,144246067.41717067 
 09/07  16:00:00,,,142364885.7766951,142364885.776695 
 09/07  17:00:00,,,194725549.7400839,194725549.74008387 
 09/07  18:00:00,,,209641063.3861879,209641063.38618785 
 09/07  19:00:00,,,199439787.485437,199439787.48543704 
 09/07  20:00:00,,,203611456.7541649,203611456.754165 
 09/07  21:00:00,,,156874452.57680878,156874452.57680872 
 09/07  22:00:00,,,226873025.07255074,226873025.07255065 
 09/07  23:00:00,,,163905164.1568513,163905164.15685126 
 09/07  24:00:00,,,124200979.0772149,124200979.07721493 
 09/08  01:00:00,,,107828211.23196653,107828211.23196651 
 09/08  02:00:00,,,101769805.21198128,101769805.21198125 
 09/08  03:00:00,,,91893784.23591429,91893784.23591423 
 09/08  04:00:00,,,95729737.82457797,95729737.82457797 
 09/08  05:00:00,,,124227208.92488992,124227208.92488985 
 09/08  06:00:00,,,176147942.53509977,176147942.53509974 
 09/08  07:00:00,,,182608355.5126263,182608355.51262623 
 09/08  08:00:00,,,178518921.89680982,178518921.89680976 
 09/08  09:00:00,,,170184391.04359755,170184391.0435975 
 09/08  10:00:00,,,168532397.0996193,168532397.09961924 
 09/08  11:00:00,,,121815932.49886848,121815932.49886844 
 09/08  12:00:00,,,113125415.91171658,113125415.91171652 
 09/08  13:00:00,,,124966154.61973216,124966154.61973213 
 09/08  14:00:00,,,127490635.96816024,127490635.96816018 
 09/08  15:00:00,,,134891184.0409836,134891184.04098353 
 09/08  16:00:00,,,171904259.08079892,171904259.0807989 
 09/08  17:00:00,,,194408101.7846045,194408101.7846045 
 09/08  18:00:00,,,186132730.81252596,186132730.8125259 
 09/08  19:00:00,,,204194131.37897027,204194131.37897032 
 09/08  20:00:00,,,200971916.60287142,200971916.6028715 
 09/08  21:00:00,,,172525521.822654,172525521.82265395 
 09/08  22:00:00,,,207386662.06022745,207386662.0602274 
 09/08  23:00:00,,,155360610.11580902,155360610.11580896 
 09/08  24:00:00,,,96835842.03104863,96835842.03104863 
 09/09  01:00:00,,,95180520.14216469,95180520.14216462 
 09/09  02:00:00,,,90547469.17579833,90547469.17579827 
 09/09  03:00:00,,,85472977.2571792,85472977.25717914 
 09/09  04:00:00,,,92837161.08932875,92837161.08932875 
 09/09  05:00:00,,,120389806.02093685,120389806.02093674 
 09/09  06:00:00,,,173242297.01258945,173242297.01258937 
 09/09  07:00:00,,,178274266.0952593,178274266.09525922 
 09/09  08:00:00,,,143692792.57618043,143692792.57618037 
 09/09  09:00:00,,,128646755.53800197,128646755.53800191 
 09/09  10:00:00,,,124631339.1859096,124631339.18590954 
 09/09  11:00:00,,,114486927.95119524,114486927.95119517 
 09/09  12:00:00,,,111167426.37762174,111167426.37762168 
 09/09  13:00:00,,,101844946.45806104,101844946.45806101 
 09/09  14:00:00,,,99433860.27355672,99433860.27355668 
 09/09  15:00:00,,,106145681.94270474,106145681.94270466 
 09/09  16:00:00,,,129716569.37537873,129716569.37537864 
 09/09  17:00:00,,,159352427.4101527,159352427.4101526 
 09/09  18:00:00,,,180200616.5537599,180200616.55375993 
 09/09  19:00:00,,,188997593.68603787,188997593.68603793 
 09/09  20:00:00,,,179767389.32129171,179767389.32129186 
 09/09  21:00:00,,,205458563.93233866,205458563.93233866 
 09/09  22:00:00,,,179964141.3973785,179964141.39737847 
 09/09  23:00:00,,,135853908.9713393,135853908.9713392 
 09/09  24:00:00,,,102697833.6611731,102697833.66117309 
 09/10  01:00:00,,,94535218.49984089,94535218.49984084 
 09/10  02:00:00,,,84670087.72721763,84670087.72721756 
 09/10  03:00:00,,,81983918.81049465,81983918.81049462 
 09/10  04:00:00,,,90537180.77345963,90537180.77345961 
 09/10  05:00:00,,,114918207.2974456,114918207.29744554 
 09/10  06:00:00,,,167780464.1116991,167780464.11169904 
 09/10  07:00:00,,,175815051.11763772,175815051.11763766 
 09/10  08:00:00,,,163397370.71357545,163397370.7135754 
 09/10  09:00:00,,,131627463.06555842,131627463.06555834 
 09/10  10:00:00,,,126837937.21398011,126837937.21398005 
 09/10  11:00:00,,,127622653.05133975,127622653.05133969 
 09/10  12:00:00,,,114607553.3376604,114607553.33766031 
 09/10  13:00:00,,,140772605.2519537,140772605.25195363 
 09/10  14:00:00,,,136338631.45468903,136338631.45468897 
 09/10  15:00:00,,,198968336.4498742,198968336.44987416 
 09/10  16:00:00,,,181137367.97022372,181137367.97022364 
 09/10  17:00:00,,,196152227.54818913,196152227.54818913 
 09/10  18:00:00,,,206232344.43496943,206232344.43496937 
 09/10  19:00:00,,,210925532.0096141,210925532.00961417 
 09/10  20:00:00,,,197855677.24265313,197855677.24265322 
 09/10  21:00:00,,,181734231.35046887,181734231.35046884 
 09/10  22:00:00,,,191117381.2621466,191117381.26214653 
 09/10  23:00:00,,,172251467.7554083,172251467.75540823 
 09/10  24:00:00,,,158258514.5037275,158258514.50372756 
 09/11  01:00:00,,,142604504.82355863,142604504.82355866 
 09/11  02:00:00,,,130375320.93355617,130375320.93355617 
 09/11  03:00:00,,,125110696.00078197,125110696.00078197 
 09/11  04:00:00,,,128399800.97986004,128399800.97986007 
 09/11  05:00:00,,,154131092.95290816,154131092.95290813 
 09/11  06:00:00,,,158885985.25390378,158885985.25390372 
 09/11  07:00:00,,,151796216.58300948,151796216.58300945 
 09/11  08:00:00,,,145906910.31535593,145906910.31535587 
 09/11  09:00:00,,,136728527.56365195,136728527.5636519 
 09/11  10:00:00,,,131490151.70703529,131490151.70703523 
 09/11  11:00:00,,,147867861.8370385,147867861.8370384 
 09/11  12:00:00,,,120007899.85667379,120007899.85667375 
 09/11  13:00:00,,,146245050.5509392,146245050.55093914 
 09/11  14:00:00,,,132200636.85336821,132200636.85336813 
 09/11  15:00:00,,,157616668.68855983,157616668.68855974 
 09/11  16:00:00,,,182858730.64391765,182858730.6439176 
 09/11  17:00:00,,,205537584.65426207,205537584.6542621 
 09/11  18:00:00,,,222142431.2068172,222142431.20681715 
 09/11  19:00:00,,,220157605.79503727,220157605.7950373 
 09/11  20:00:00,,,210173994.49076822,210173994.49076837 
 09/11  21:00:00,,,170239035.4020233,170239035.4020233 
 09/11  22:00:00,,,169149448.19974604,169149448.19974595 
 09/11  23:00:00,,,183679058.81310162,183679058.8131016 
 09/11  24:00:00,,,140841628.97438106,140841628.97438112 
 09/12  01:00:00,,,123047464.18511222,123047464.18511224 
 09/12  02:00:00,,,114983902.97735795,114983902.97735794 
 09/12  03:00:00,,,112226240.10140622,112226240.1014062 
 09/12  04:00:00,,,114626889.80655244,114626889.80655245 
 09/12  05:00:00,,,141138808.31430468,141138808.31430465 
 09/12  06:00:00,,,159083554.95429382,159083554.95429373 
 09/12  07:00:00,,,152915884.59283358,152915884.5928335 
 09/12  08:00:00,,,143500462.94268638,143500462.94268635 
 09/12  09:00:00,,,140171166.17543492,140171166.1754349 
 09/12  10:00:00,,,133428137.22807676,133428137.22807668 
 09/12  11:00:00,,,155351868.29748097,155351868.2974809 
 09/12  12:00:00,,,144054031.49246982,144054031.49246976 
 09/12  13:00:00,,,248028886.35258508,248028886.352585 
 09/12  14:00:00,,,223377696.99230948,223377696.99230942 
 09/12  15:00:00,,,230724496.0481291,230724496.04812902 
 09/12  16:00:00,,,245306167.21733958,245306167.21733955 
 09/12  17:00:00,,,267456131.172373,267456131.172373 
 09/12  18:00:00,,,273856855.05240095,273856855.05240095 
 09/12  19:00:00,,,192107413.88390365,192107413.88390374 
 09/12  20:00:00,,,195248047.1143976,195248047.1143977 
 09/12  21:00:00,,,175682645.94777194,175682645.94777194 
 09/12  22:00:00,,,145897378.46633357,145897378.4663335 
 09/12  23:00:00,,,179075692.4236982,179075692.42369816 
 09/12  24:00:00,,,132397044.10544103,132397044.10544103 
 09/13  01:00:00,,,117655259.898554,117655259.898554 
 09/13  02:00:00,,,114179395.21844622,114179395.21844622 
 09/13  03:00:00,,,102374132.2800796,102374132.2800796 
 09/13  04:00:00,,,104883097.12743807,104883097.12743811 
 09/13  05:00:00,,,133433274.86890191,133433274.86890186 
 09/13  06:00:00,,,188051569.20448142,188051569.20448133 
 09/13  07:00:00,,,191863546.47940576,191863546.47940567 
 09/13  08:00:00,,,159926386.66048828,159926386.6604882 
 09/13  09:00:00,,,132879377.70530328,132879377.70530319 
 09/13  10:00:00,,,133859763.07341078,133859763.07341069 
 09/13  11:00:00,,,240098115.1177513,240098115.1177512 
 09/13  12:00:00,,,226997737.18453062,226997737.18453056 
 09/13  13:00:00,,,222271948.26937786,222271948.2693778 
 09/13  14:00:00,,,228405721.18222296,228405721.1822229 
 09/13  15:00:00,,,230101884.115912,230101884.11591196 
 09/13  16:00:00,,,257502629.57905748,257502629.57905746 
 09/13  17:00:00,,,276780773.0408714,276780773.0408714 
 09/13  18:00:00,,,291205131.6787648,291205131.6787648 
 09/13  19:00:00,,,274382345.45318913,274382345.4531892 
 09/13  20:00:00,,,263758157.13522267,263758157.1352228 
 09/13  21:00:00,,,153342886.09768778,153342886.09768775 
 09/13  22:00:00,,,169978319.2308951,169978319.23089504 
 09/13  23:00:00,,,171402973.26464665,171402973.26464662 
 09/13  24:00:00,,,127137555.77578211,127137555.77578212 
 09/14  01:00:00,,,120550420.12445644,120550420.12445644 
 09/14  02:00:00,,,108304389.24271448,108304389.2427145 
 09/14  03:00:00,,,103259334.14890344,103259334.14890343 
 09/14  04:00:00,,,116033716.56250624,116033716.56250626 
 09/14  05:00:00,,,137601843.38159415,137601843.38159412 
 09/14  06:00:00,,,156873292.52180234,156873292.52180225 
 09/14  07:00:00,,,151470274.08766383,151470274.0876638 
 09/14  08:00:00,,,149898250.31648022,149898250.31648013 
 09/14  09:00:00,,,141390883.66172504,141390883.66172498 
 09/14  10:00:00,,,136782560.38593844,136782560.38593835 
 09/14  11:00:00,,,229427827.71164262,229427827.71164247 
 09/14  12:00:00,,,234010440.93060595,234010440.93060583 
 09/14  13:00:00,,,233794706.04816306,233794706.04816294 
 09/14  14:00:00,,,215041140.0054223,215041140.00542217 
 09/14  15:00:00,,,228097850.48430243,228097850.48430234 
 09/14  16:00:00,,,232498566.96689227,232498566.96689218 
 09/14  17:00:00,,,263900822.49670443,263900822.49670443 
 09/14  18:00:00,,,270761334.41925716,270761334.4192571 
 09/14  19:00:00,,,229344629.588849,229344629.58884916 
 09/14  20:00:00,,,189397470.42436802,189397470.42436814 
 09/14  21:00:00,,,151165461.07467005,151165461.07467 
 09/14  22:00:00,,,143972817.4094634,143972817.40946332 
 09/14  23:00:00,,,168457273.89611113,168457273.89611107 
 09/14  24:00:00,,,124430045.46676293,124430045.46676295 
 09/15  01:00:00,,,107597400.31132859,107597400.31132858 
 09/15  02:00:00,,,103978936.62125684,103978936.62125683 
 09/15  03:00:00,,,98153924.18972634,98153924.1897263 
 09/15  04:00:00,,,92660510.03407858,92660510.03407858 
 09/15  05:00:00,,,124971105.48777509,124971105.48777501 
 09/15  06:00:00,,,178436420.9517175,178436420.9517174 
 09/15  07:00:00,,,180431421.83721694,180431421.83721688 
 09/15  08:00:00,,,168799888.24352068,168799888.2435206 
 09/15  09:00:00,,,159092229.54934826,159092229.5493482 
 09/15  10:00:00,,,159850072.30973083,159850072.30973077 
 09/15  11:00:00,,,157658879.65303522,157658879.65303516 
 09/15  12:00:00,,,149037733.45800152,149037733.4580015 
 09/15  13:00:00,,,111183304.18042818,111183304.1804281 
 09/15  14:00:00,,,144596116.51885703,144596116.51885697 
 09/15  15:00:00,,,107424085.23386988,107424085.2338698 
 09/15  16:00:00,,,134964077.83381036,134964077.83381027 
 09/15  17:00:00,,,171514331.2744009,171514331.2744009 
 09/15  18:00:00,,,229744227.81219617,229744227.81219614 
 09/15  19:00:00,,,222707891.09695828,222707891.09695843 
 09/15  20:00:00,,,212131805.99454892,212131805.99454907 
 09/15  21:00:00,,,185780071.85669574,185780071.8566958 
 09/15  22:00:00,,,154271418.55248228,154271418.5524822 
 09/15  23:00:00,,,117166336.32539006,117166336.32539001 
 09/15  24:00:00,,,72787280.4700219,72787280.47002184 
 09/16  01:00:00,,,74947622.88628994,74947622.88628995 
 09/16  02:00:00,,,66745290.586542785,66745290.5865428 
 09/16  03:00:00,,,63195379.26749629,63195379.267496295 
 09/16  04:00:00,,,79416239.16253437,79416239.16253433 
 09/16  05:00:00,,,100191925.57620901,100191925.57620896 
 09/16  06:00:00,,,157663281.28762278,157663281.2876227 
 09/16  07:00:00,,,155676071.40110132,155676071.40110126 
 09/16  08:00:00,,,150914694.37124524,150914694.37124515 
 09/16  09:00:00,,,138863305.96274704,138863305.96274695 
 09/16  10:00:00,,,133824318.77039611,133824318.77039605 
 09/16  11:00:00,,,123523798.4853501,123523798.48535001 
 09/16  12:00:00,,,117281195.42728305,117281195.42728296 
 09/16  13:00:00,,,116636406.94031186,116636406.94031183 
 09/16  14:00:00,,,112490770.82379945,112490770.82379942 
 09/16  15:00:00,,,133791697.43163761,133791697.43163756 
 09/16  16:00:00,,,159561338.6278485,159561338.62784842 
 09/16  17:00:00,,,196963014.58607423,196963014.58607423 
 09/16  18:00:00,,,208839143.22890618,208839143.2289062 
 09/16  19:00:00,,,210387392.86758927,210387392.86758932 
 09/16  20:00:00,,,198699695.00069827,198699695.00069836 
 09/16  21:00:00,,,167823093.75280446,167823093.75280437 
 09/16  22:00:00,,,133612608.9724287,133612608.97242862 
 09/16  23:00:00,,,98287786.51198879,98287786.5119887 
 09/16  24:00:00,,,76305262.10037191,76305262.10037188 
 09/17  01:00:00,,,62683125.22273833,62683125.22273835 
 09/17  02:00:00,,,65223429.191762045,65223429.191762075 
 09/17  03:00:00,,,58531142.28689249,58531142.2868925 
 09/17  04:00:00,,,64016088.175999366,64016088.1759993 
 09/17  05:00:00,,,97144004.76907511,97144004.76907505 
 09/17  06:00:00,,,155022161.79745683,155022161.79745677 
 09/17  07:00:00,,,155467794.37034005,155467794.37034 
 09/17  08:00:00,,,145040641.33909363,145040641.33909357 
 09/17  09:00:00,,,132691665.51495951,132691665.51495942 
 09/17  10:00:00,,,127786156.6461297,127786156.64612962 
 09/17  11:00:00,,,120234890.17260343,120234890.17260335 
 09/17  12:00:00,,,116908836.57418226,116908836.5741822 
 09/17  13:00:00,,,109661310.84135845,109661310.8413584 
 09/17  14:00:00,,,109549168.28253186,109549168.2825318 
 09/17  15:00:00,,,125729223.52047764,125729223.52047756 
 09/17  16:00:00,,,153040651.25747985,153040651.2574798 
 09/17  17:00:00,,,186957099.2873907,186957099.28739062 
 09/17  18:00:00,,,200185906.05824965,200185906.05824956 
 09/17  19:00:00,,,204396033.04593495,204396033.045935 
 09/17  20:00:00,,,192014229.05311057,192014229.05311063 
 09/17  21:00:00,,,162073098.1969316,162073098.19693154 
 09/17  22:00:00,,,135731065.15404886,135731065.1540488 
 09/17  23:00:00,,,99944618.19551077,99944618.19551069 
 09/17  24:00:00,,,80732358.70767869,80732358.70767865 
 09/18  01:00:00,,,76740078.11536981,76740078.1153698 
 09/18  02:00:00,,,68675852.98670146,68675852.98670149 
 09/18  03:00:00,,,69249866.0158637,69249866.01586372 
 09/18  04:00:00,,,72479759.77602348,72479759.77602343 
 09/18  05:00:00,,,100708804.56554183,100708804.56554174 
 09/18  06:00:00,,,160215568.86908293,160215568.86908284 
 09/18  07:00:00,,,157999029.26110983,157999029.26110974 
 09/18  08:00:00,,,154708299.12727672,154708299.12727666 
 09/18  09:00:00,,,152526082.1946393,152526082.1946392 
 09/18  10:00:00,,,154946813.8853756,154946813.8853755 
 09/18  11:00:00,,,154261767.60701072,154261767.60701066 
 09/18  12:00:00,,,153469357.29348126,153469357.29348123 
 09/18  13:00:00,,,135351531.13731492,135351531.1373149 
 09/18  14:00:00,,,101097565.38236594,101097565.38236587 
 09/18  15:00:00,,,113550986.99049269,113550986.99049261 
 09/18  16:00:00,,,133377716.13685517,133377716.13685513 
 09/18  17:00:00,,,177377182.19130442,177377182.1913044 
 09/18  18:00:00,,,239533245.23654136,239533245.23654136 
 09/18  19:00:00,,,232918551.91536108,232918551.91536123 
 09/18  20:00:00,,,219785042.61485013,219785042.61485028 
 09/18  21:00:00,,,184337577.13896564,184337577.13896573 
 09/18  22:00:00,,,154837661.87342384,154837661.87342378 
 09/18  23:00:00,,,117026805.25768828,117026805.25768821 
 09/18  24:00:00,,,79727205.54808396,79727205.54808392 
 09/19  01:00:00,,,75116692.69620968,75116692.69620967 
 09/19  02:00:00,,,69947668.02268925,69947668.02268928 
 09/19  03:00:00,,,72110196.312441,72110196.312441 
 09/19  04:00:00,,,75657853.09355034,75657853.0935503 
 09/19  05:00:00,,,104522560.12074547,104522560.1207454 
 09/19  06:00:00,,,161304920.64867368,161304920.6486736 
 09/19  07:00:00,,,161658231.06250846,161658231.0625084 
 09/19  08:00:00,,,154419286.14192247,154419286.14192244 
 09/19  09:00:00,,,145305826.011731,145305826.01173094 
 09/19  10:00:00,,,143884641.2554921,143884641.25549203 
 09/19  11:00:00,,,134287286.7868582,134287286.7868581 
 09/19  12:00:00,,,127304826.15675089,127304826.15675081 
 09/19  13:00:00,,,121863418.42226724,121863418.42226718 
 09/19  14:00:00,,,114514914.4767433,114514914.47674324 
 09/19  15:00:00,,,133586095.77942184,133586095.77942178 
 09/19  16:00:00,,,153247751.2945718,153247751.29457173 
 09/19  17:00:00,,,187055292.1463818,187055292.1463817 
 09/19  18:00:00,,,200999309.25685072,200999309.25685066 
 09/19  19:00:00,,,207791413.73442346,207791413.73442352 
 09/19  20:00:00,,,199361140.09765846,199361140.09765857 
 09/19  21:00:00,,,173998393.69567227,173998393.6956722 
 09/19  22:00:00,,,140855619.35008824,140855619.35008815 
 09/19  23:00:00,,,107540483.1366669,107540483.13666683 
 09/19  24:00:00,,,75336607.71160066,75336607.71160062 
 09/20  01:00:00,,,70841873.53528807,70841873.53528807 
 09/20  02:00:00,,,68915982.95390627,68915982.95390628 
 09/20  03:00:00,,,64928319.55320367,64928319.55320368 
 09/20  04:00:00,,,72018807.82231896,72018807.82231891 
 09/20  05:00:00,,,102081293.6639398,102081293.66393971 
 09/20  06:00:00,,,155400446.62021607,155400446.62021595 
 09/20  07:00:00,,,159316353.45172065,159316353.4517206 
 09/20  08:00:00,,,157496130.60930935,157496130.60930926 
 09/20  09:00:00,,,151074558.582743,151074558.58274293 
 09/20  10:00:00,,,157928344.95996013,157928344.95996007 
 09/20  11:00:00,,,133882967.06481498,133882967.06481493 
 09/20  12:00:00,,,111329781.32761201,111329781.32761195 
 09/20  13:00:00,,,107690173.5415617,107690173.5415616 
 09/20  14:00:00,,,101202093.97956495,101202093.9795649 
 09/20  15:00:00,,,111653839.09679258,111653839.09679252 
 09/20  16:00:00,,,133842039.00424388,133842039.00424382 
 09/20  17:00:00,,,160325468.16415286,160325468.1641528 
 09/20  18:00:00,,,177534654.5490563,177534654.5490563 
 09/20  19:00:00,,,183450538.97433573,183450538.97433585 
 09/20  20:00:00,,,177990826.2544841,177990826.25448415 
 09/20  21:00:00,,,155252768.5525187,155252768.5525186 
 09/20  22:00:00,,,178994481.83303517,178994481.83303514 
 09/20  23:00:00,,,133442023.14582855,133442023.14582846 
 09/20  24:00:00,,,97837164.3233787,97837164.32337868 
 09/21  01:00:00,,,87440141.01028693,87440141.01028685 
 09/21  02:00:00,,,79174299.28949149,79174299.28949149 
 09/21  03:00:00,,,80787157.67314284,80787157.67314285 
 09/21  04:00:00,,,80866776.04039706,80866776.04039705 
 09/21  05:00:00,,,112520322.73310296,112520322.7331029 
 09/21  06:00:00,,,168986595.60487399,168986595.6048739 
 09/21  07:00:00,,,172690534.71304774,172690534.71304765 
 09/21  08:00:00,,,167972332.60338697,167972332.60338688 
 09/21  09:00:00,,,160155473.67138308,160155473.67138302 
 09/21  10:00:00,,,127843587.77417804,127843587.774178 
 09/21  11:00:00,,,121780772.99167031,121780772.99167025 
 09/21  12:00:00,,,113391034.42590041,113391034.42590034 
 09/21  13:00:00,,,122009676.04448591,122009676.04448584 
 09/21  14:00:00,,,101981553.29179706,101981553.29179701 
 09/21  15:00:00,,,111281174.45471773,111281174.45471768 
 09/21  16:00:00,,,137613188.60492566,137613188.60492557 
 09/21  17:00:00,,,181588669.16264513,181588669.1626451 
 09/21  18:00:00,,,181023659.6854973,181023659.6854973 
 09/21  19:00:00,,,192741676.7198233,192741676.7198234 
 09/21  20:00:00,,,177090916.60377058,177090916.60377064 
 09/21  21:00:00,,,154398469.43426532,154398469.43426523 
 09/21  22:00:00,,,146758147.68378267,146758147.68378258 
 09/21  23:00:00,,,160342169.621561,160342169.62156096 
 09/21  24:00:00,,,116518601.52009988,116518601.52009994 
 09/22  01:00:00,,,110879381.4633146,110879381.46331456 
 09/22  02:00:00,,,97365938.10457906,97365938.10457903 
 09/22  03:00:00,,,99554601.42210466,99554601.42210461 
 09/22  04:00:00,,,102856667.617787,102856667.617787 
 09/22  05:00:00,,,132406581.58952701,132406581.58952692 
 09/22  06:00:00,,,153987848.87327453,153987848.87327445 
 09/22  07:00:00,,,153660169.2313441,153660169.23134404 
 09/22  08:00:00,,,144938069.36226285,144938069.3622628 
 09/22  09:00:00,,,136774845.3620518,136774845.36205176 
 09/22  10:00:00,,,129674117.25172263,129674117.25172257 
 09/22  11:00:00,,,121823289.00349586,121823289.00349578 
 09/22  12:00:00,,,110583963.05683011,110583963.05683003 
 09/22  13:00:00,,,106730460.7582481,106730460.75824805 
 09/22  14:00:00,,,102970606.55890398,102970606.55890393 
 09/22  15:00:00,,,113706404.95348413,113706404.95348409 
 09/22  16:00:00,,,133516934.35143681,133516934.35143678 
 09/22  17:00:00,,,162020944.35863003,162020944.35862997 
 09/22  18:00:00,,,172689776.188122,172689776.188122 
 09/22  19:00:00,,,188642669.3008659,188642669.300866 
 09/22  20:00:00,,,195413923.99248016,195413923.99248034 
 09/22  21:00:00,,,220266711.71799827,220266711.7179984 
 09/22  22:00:00,,,175894127.6438293,175894127.64382923 
 09/22  23:00:00,,,134697986.95188692,134697986.95188686 
 09/22  24:00:00,,,81090062.1157561,81090062.11575605 
 09/23  01:00:00,,,79134461.98542917,79134461.98542912 
 09/23  02:00:00,,,73296073.08040197,73296073.08040199 
 09/23  03:00:00,,,64856541.647645116,64856541.647645116 
 09/23  04:00:00,,,71407619.86228013,71407619.8622801 
 09/23  05:00:00,,,103860540.77240127,103860540.77240118 
 09/23  06:00:00,,,156456084.41006237,156456084.41006228 
 09/23  07:00:00,,,158353497.3616758,158353497.3616757 
 09/23  08:00:00,,,149437776.99956298,149437776.9995629 
 09/23  09:00:00,,,136169999.1398971,136169999.13989705 
 09/23  10:00:00,,,132340913.69516025,132340913.6951602 
 09/23  11:00:00,,,121290553.79672818,121290553.7967281 
 09/23  12:00:00,,,115772986.15856804,115772986.15856798 
 09/23  13:00:00,,,116501809.80842313,116501809.8084231 
 09/23  14:00:00,,,101958232.68608554,101958232.6860855 
 09/23  15:00:00,,,118291029.3042487,118291029.30424863 
 09/23  16:00:00,,,138589803.2802685,138589803.28026843 
 09/23  17:00:00,,,171285989.97996402,171285989.97996393 
 09/23  18:00:00,,,189531210.00081322,189531210.00081316 
 09/23  19:00:00,,,196402564.9680695,196402564.96806955 
 09/23  20:00:00,,,187431862.91649246,187431862.91649258 
 09/23  21:00:00,,,156560127.6456212,156560127.64562115 
 09/23  22:00:00,,,131997685.26419958,131997685.26419953 
 09/23  23:00:00,,,98136324.79534182,98136324.79534176 
 09/23  24:00:00,,,71410374.78319961,71410374.7831996 
 09/24  01:00:00,,,62923791.30434366,62923791.30434366 
 09/24  02:00:00,,,62466133.45939705,62466133.45939706 
 09/24  03:00:00,,,61077680.17037557,61077680.17037559 
 09/24  04:00:00,,,67026409.06341756,67026409.063417494 
 09/24  05:00:00,,,95341006.9157683,95341006.91576825 
 09/24  06:00:00,,,154450485.27836078,154450485.27836072 
 09/24  07:00:00,,,154535867.86469054,154535867.86469048 
 09/24  08:00:00,,,146560458.33335465,146560458.3333546 
 09/24  09:00:00,,,141739658.45731044,141739658.45731035 
 09/24  10:00:00,,,139211744.64408043,139211744.64408034 
 09/24  11:00:00,,,132870225.42796823,132870225.42796817 
 09/24  12:00:00,,,132639669.71142462,132639669.71142454 
 09/24  13:00:00,,,103945081.47440162,103945081.47440156 
 09/24  14:00:00,,,99860211.12911618,99860211.12911615 
 09/24  15:00:00,,,107901140.75890377,107901140.7589037 
 09/24  16:00:00,,,128001634.58505976,128001634.58505972 
 09/24  17:00:00,,,170313305.6099567,170313305.60995668 
 09/24  18:00:00,,,211333158.77473977,211333158.77473962 
 09/24  19:00:00,,,206890451.5155648,206890451.51556486 
 09/24  20:00:00,,,199478053.26505172,199478053.26505187 
 09/24  21:00:00,,,178083234.34679708,178083234.34679702 
 09/24  22:00:00,,,145258075.9032511,145258075.9032511 
 09/24  23:00:00,,,105002663.3504271,105002663.35042703 
 09/24  24:00:00,,,92113596.32792142,92113596.3279214 
 09/25  01:00:00,,,84241801.99910791,84241801.99910784 
 09/25  02:00:00,,,75485458.8467366,75485458.84673662 
 09/25  03:00:00,,,73068670.11725459,73068670.1172546 
 09/25  04:00:00,,,79094463.2480732,79094463.24807319 
 09/25  05:00:00,,,105799217.68198127,105799217.68198118 
 09/25  06:00:00,,,165024200.7326562,165024200.73265618 
 09/25  07:00:00,,,169494226.207224,169494226.2072239 
 09/25  08:00:00,,,154862514.91544202,154862514.91544193 
 09/25  09:00:00,,,147122947.2472063,147122947.24720624 
 09/25  10:00:00,,,145426897.79455888,145426897.79455882 
 09/25  11:00:00,,,142988387.82654503,142988387.82654497 
 09/25  12:00:00,,,112873154.03266214,112873154.03266211 
 09/25  13:00:00,,,104798752.6772936,104798752.67729351 
 09/25  14:00:00,,,103040310.91321123,103040310.91321117 
 09/25  15:00:00,,,109439380.0398296,109439380.03982951 
 09/25  16:00:00,,,149786149.10702118,149786149.10702112 
 09/25  17:00:00,,,159608314.4761421,159608314.47614205 
 09/25  18:00:00,,,179052004.74688154,179052004.74688154 
 09/25  19:00:00,,,184319602.66269392,184319602.662694 
 09/25  20:00:00,,,192163609.84288397,192163609.84288406 
 09/25  21:00:00,,,197754951.2623682,197754951.26236823 
 09/25  22:00:00,,,137820679.76577637,137820679.7657763 
 09/25  23:00:00,,,128951819.5973026,128951819.59730251 
 09/25  24:00:00,,,98997140.48436932,98997140.4843693 
 09/26  01:00:00,,,93913228.39597708,93913228.39597702 
 09/26  02:00:00,,,86692277.37871036,86692277.37871027 
 09/26  03:00:00,,,85846978.59233916,85846978.59233911 
 09/26  04:00:00,,,89057750.03965344,89057750.03965344 
 09/26  05:00:00,,,121051724.96655875,121051724.96655867 
 09/26  06:00:00,,,178412511.44266647,178412511.44266635 
 09/26  07:00:00,,,177074218.60511056,177074218.6051105 
 09/26  08:00:00,,,169730373.30339187,169730373.3033918 
 09/26  09:00:00,,,162588566.582554,162588566.58255392 
 09/26  10:00:00,,,160604217.07819784,160604217.07819778 
 09/26  11:00:00,,,130096392.68420847,130096392.6842084 
 09/26  12:00:00,,,112940530.69709522,112940530.69709516 
 09/26  13:00:00,,,108359577.60895893,108359577.6089589 
 09/26  14:00:00,,,117055421.17348607,117055421.17348605 
 09/26  15:00:00,,,112975260.44661452,112975260.44661444 
 09/26  16:00:00,,,155033092.49314943,155033092.4931494 
 09/26  17:00:00,,,163776382.48374596,163776382.48374587 
 09/26  18:00:00,,,202494840.43551582,202494840.43551582 
 09/26  19:00:00,,,200270286.9902177,200270286.99021778 
 09/26  20:00:00,,,176454322.78694245,176454322.7869426 
 09/26  21:00:00,,,155069420.03112346,155069420.03112337 
 09/26  22:00:00,,,149517621.79258132,149517621.79258126 
 09/26  23:00:00,,,166307807.15136132,166307807.15136126 
 09/26  24:00:00,,,119102879.49052423,119102879.49052426 
 09/27  01:00:00,,,106779251.84094574,106779251.84094572 
 09/27  02:00:00,,,96398979.75088167,96398979.75088161 
 09/27  03:00:00,,,90471041.27131552,90471041.27131546 
 09/27  04:00:00,,,104221550.98461652,104221550.98461653 
 09/27  05:00:00,,,124750992.71138139,124750992.71138129 
 09/27  06:00:00,,,183591870.82965612,183591870.82965603 
 09/27  07:00:00,,,186917456.6276551,186917456.62765506 
 09/27  08:00:00,,,176596544.2499767,176596544.24997663 
 09/27  09:00:00,,,167085093.82077414,167085093.8207741 
 09/27  10:00:00,,,129062937.09597172,129062937.09597164 
 09/27  11:00:00,,,119848552.3646221,119848552.36462203 
 09/27  12:00:00,,,111764565.53056297,111764565.53056294 
 09/27  13:00:00,,,107238506.05932313,107238506.05932307 
 09/27  14:00:00,,,104469631.03717637,104469631.03717631 
 09/27  15:00:00,,,110209247.77930705,110209247.77930701 
 09/27  16:00:00,,,153120859.86046043,153120859.86046034 
 09/27  17:00:00,,,161811493.6176419,161811493.61764187 
 09/27  18:00:00,,,191522325.41289032,191522325.41289032 
 09/27  19:00:00,,,186442851.9589832,186442851.9589833 
 09/27  20:00:00,,,177565019.19796005,177565019.19796017 
 09/27  21:00:00,,,156683026.85388553,156683026.85388547 
 09/27  22:00:00,,,208649597.52699578,208649597.52699572 
 09/27  23:00:00,,,148757498.92133293,148757498.9213329 
 09/27  24:00:00,,,104271623.22698832,104271623.22698835 
 09/28  01:00:00,,,100339394.57056603,100339394.57056598 
 09/28  02:00:00,,,88030468.85171399,88030468.85171393 
 09/28  03:00:00,,,86017063.76500615,86017063.76500611 
 09/28  04:00:00,,,91400585.53809856,91400585.53809854 
 09/28  05:00:00,,,117938380.13211992,117938380.13211986 
 09/28  06:00:00,,,174510936.40136975,174510936.40136972 
 09/28  07:00:00,,,176252567.04558125,176252567.04558116 
 09/28  08:00:00,,,177815932.09025058,177815932.09025052 
 09/28  09:00:00,,,146886687.00187072,146886687.00187063 
 09/28  10:00:00,,,131890024.96928751,131890024.96928741 
 09/28  11:00:00,,,123508212.56644535,123508212.56644532 
 09/28  12:00:00,,,131371310.76767695,131371310.7676769 
 09/28  13:00:00,,,140527645.90390804,140527645.90390798 
 09/28  14:00:00,,,188928386.65207812,188928386.65207803 
 09/28  15:00:00,,,224315101.38693905,224315101.38693893 
 09/28  16:00:00,,,237352521.94447434,237352521.94447422 
 09/28  17:00:00,,,160833370.85880917,160833370.8588091 
 09/28  18:00:00,,,209740322.60468382,209740322.6046838 
 09/28  19:00:00,,,211999146.98790345,211999146.9879036 
 09/28  20:00:00,,,177690276.93552125,177690276.93552136 
 09/28  21:00:00,,,176879228.18084937,176879228.1808493 
 09/28  22:00:00,,,148337289.66061294,148337289.66061285 
 09/28  23:00:00,,,171353273.73483145,171353273.73483142 
 09/28  24:00:00,,,126798529.52808382,126798529.52808383 
 09/29  01:00:00,,,117396688.92498745,117396688.92498747 
 09/29  02:00:00,,,107973594.28105831,107973594.2810583 
 09/29  03:00:00,,,103738800.28930095,103738800.28930093 
 09/29  04:00:00,,,112670127.16150662,112670127.16150667 
 09/29  05:00:00,,,135678850.72641245,135678850.72641242 
 09/29  06:00:00,,,157059113.4865353,157059113.48653525 
 09/29  07:00:00,,,157307143.9019231,157307143.90192303 
 09/29  08:00:00,,,148274380.13631538,148274380.13631535 
 09/29  09:00:00,,,135956079.6845208,135956079.68452075 
 09/29  10:00:00,,,129043465.5306805,129043465.53068045 
 09/29  11:00:00,,,122337820.19977458,122337820.1997745 
 09/29  12:00:00,,,115140804.91220944,115140804.9122094 
 09/29  13:00:00,,,122519715.59401219,122519715.59401214 
 09/29  14:00:00,,,116192573.10709396,116192573.1070939 
 09/29  15:00:00,,,114278928.41017222,114278928.41017215 
 09/29  16:00:00,,,136938981.04613024,136938981.04613012 
 09/29  17:00:00,,,160747695.43105483,160747695.43105477 
 09/29  18:00:00,,,176267365.01356912,176267365.01356912 
 09/29  19:00:00,,,188916888.53986272,188916888.5398628 
 09/29  20:00:00,,,200967223.7281392,200967223.72813934 
 09/29  21:00:00,,,241827295.82167834,241827295.82167834 
 09/29  22:00:00,,,192064399.66924903,192064399.669249 
 09/29  23:00:00,,,146479582.39018184,146479582.39018178 
 09/29  24:00:00,,,94952726.64298515,94952726.6429851 
 09/30  01:00:00,,,92689910.75987932,92689910.75987929 
 09/30  02:00:00,,,88869601.0315524,88869601.03155234 
 09/30  03:00:00,,,86917906.76164806,86917906.76164801 
 09/30  04:00:00,,,97838420.165142,97838420.16514198 
 09/30  05:00:00,,,125044319.00459737,125044319.00459729 
 09/30  06:00:00,,,153337986.39174312,153337986.39174306 
 09/30  07:00:00,,,171825690.82030985,171825690.8203098 
 09/30  08:00:00,,,163941717.7731499,163941717.77314982 
 09/30  09:00:00,,,153695638.6297666,153695638.62976652 
 09/30  10:00:00,,,145776408.49161997,145776408.4916199 
 09/30  11:00:00,,,134689770.37101796,134689770.37101787 
 09/30  12:00:00,,,133523886.13775545,133523886.13775538 
 09/30  13:00:00,,,128923855.60492176,128923855.60492168 
 09/30  14:00:00,,,107299901.27476372,107299901.2747637 
 09/30  15:00:00,,,136021582.5907059,136021582.59070587 
 09/30  16:00:00,,,163669049.812235,163669049.81223494 
 09/30  17:00:00,,,195119983.68376154,195119983.68376154 
 09/30  18:00:00,,,212286361.379183,212286361.37918293 
 09/30  19:00:00,,,214053759.68724057,214053759.6872407 
 09/30  20:00:00,,,199864273.17618102,199864273.17618114 
 09/30  21:00:00,,,173837155.29648423,173837155.2964841 
 09/30  22:00:00,,,142132199.9429761,142132199.94297603 
 09/30  23:00:00,,,102247507.04748644,102247507.04748636 
 09/30  24:00:00,106991809249.66129,49042881.0862362,73339892.28980413,73339892.28980407 
 10/01  01:00:00,,,70642709.9762446,70642709.9762446 
 10/01  02:00:00,,,61814863.0504358,61814863.05043581 
 10/01  03:00:00,,,64254009.41221471,64254009.41221471 
 10/01  04:00:00,,,69839123.64257228,69839123.64257222 
 10/01  05:00:00,,,99289243.79238445,99289243.79238439 
 10/01  06:00:00,,,158302623.99441344,158302623.99441335 
 10/01  07:00:00,,,154181874.89820617,154181874.89820608 
 10/01  08:00:00,,,148399999.26765978,148399999.2676597 
 10/01  09:00:00,,,143678374.36750412,143678374.36750403 
 10/01  10:00:00,,,139694195.38391548,139694195.38391542 
 10/01  11:00:00,,,136124115.84837818,136124115.84837812 
 10/01  12:00:00,,,135074886.50602183,135074886.50602177 
 10/01  13:00:00,,,128741003.27344067,128741003.27344064 
 10/01  14:00:00,,,134608722.20887703,134608722.20887703 
 10/01  15:00:00,,,145098211.14213026,145098211.14213023 
 10/01  16:00:00,,,171546071.41903913,171546071.41903907 
 10/01  17:00:00,,,203468428.5834818,203468428.5834819 
 10/01  18:00:00,,,219339674.6420939,219339674.64209387 
 10/01  19:00:00,,,211170736.27147567,211170736.27147576 
 10/01  20:00:00,,,203369177.1267533,203369177.12675342 
 10/01  21:00:00,,,174976525.78468108,174976525.78468102 
 10/01  22:00:00,,,142488555.435257,142488555.43525693 
 10/01  23:00:00,,,104224363.70606959,104224363.70606953 
 10/01  24:00:00,,,85427385.75353882,85427385.75353879 
 10/02  01:00:00,,,78688195.80076927,78688195.80076922 
 10/02  02:00:00,,,72269185.03719425,72269185.03719427 
 10/02  03:00:00,,,74509397.69896227,74509397.69896227 
 10/02  04:00:00,,,74196127.75927643,74196127.7592764 
 10/02  05:00:00,,,106826339.58693929,106826339.58693925 
 10/02  06:00:00,,,162923359.4484646,162923359.4484645 
 10/02  07:00:00,,,166372813.2074936,166372813.20749354 
 10/02  08:00:00,,,159090143.94544452,159090143.94544443 
 10/02  09:00:00,,,159500849.39529696,159500849.39529693 
 10/02  10:00:00,,,131100533.49682328,131100533.49682319 
 10/02  11:00:00,,,119894594.05195765,119894594.05195759 
 10/02  12:00:00,,,131040458.81361026,131040458.81361023 
 10/02  13:00:00,,,115275959.85803303,115275959.85803294 
 10/02  14:00:00,,,195667574.9165182,195667574.91651815 
 10/02  15:00:00,,,209268140.4487391,209268140.448739 
 10/02  16:00:00,,,233931817.46939877,233931817.46939874 
 10/02  17:00:00,,,193575793.8657061,193575793.86570606 
 10/02  18:00:00,,,199349629.87139273,199349629.87139273 
 10/02  19:00:00,,,199509597.62579888,199509597.625799 
 10/02  20:00:00,,,179094431.61952814,179094431.61952826 
 10/02  21:00:00,,,167502381.74244195,167502381.74244192 
 10/02  22:00:00,,,148427280.9502716,148427280.95027152 
 10/02  23:00:00,,,170247431.2071401,170247431.20714003 
 10/02  24:00:00,,,125559370.19675332,125559370.19675334 
 10/03  01:00:00,,,114871258.8365499,114871258.83654988 
 10/03  02:00:00,,,104979183.80992092,104979183.8099209 
 10/03  03:00:00,,,104552863.85298553,104552863.85298549 
 10/03  04:00:00,,,105669382.33705267,105669382.33705267 
 10/03  05:00:00,,,136500628.97411117,136500628.97411114 
 10/03  06:00:00,,,157589803.07644463,157589803.07644457 
 10/03  07:00:00,,,156585594.01584387,156585594.0158438 
 10/03  08:00:00,,,148752226.7757454,148752226.7757453 
 10/03  09:00:00,,,138976098.76942685,138976098.7694268 
 10/03  10:00:00,,,130511021.20880681,130511021.20880675 
 10/03  11:00:00,,,125087767.04427527,125087767.04427521 
 10/03  12:00:00,,,131084379.31201093,131084379.31201085 
 10/03  13:00:00,,,134103151.50975205,134103151.50975198 
 10/03  14:00:00,,,126003037.3440176,126003037.34401757 
 10/03  15:00:00,,,138356265.1794967,138356265.17949665 
 10/03  16:00:00,,,141486497.48326826,141486497.48326817 
 10/03  17:00:00,,,195349663.2850704,195349663.28507042 
 10/03  18:00:00,,,198238800.78690895,198238800.78690898 
 10/03  19:00:00,,,202558026.290303,202558026.29030314 
 10/03  20:00:00,,,182371341.94255868,182371341.9425588 
 10/03  21:00:00,,,166876166.39110368,166876166.39110366 
 10/03  22:00:00,,,150401975.6601681,150401975.66016805 
 10/03  23:00:00,,,183977925.43530086,183977925.4353008 
 10/03  24:00:00,,,131204299.0492129,131204299.04921295 
 10/04  01:00:00,,,121893393.27225336,121893393.2722534 
 10/04  02:00:00,,,111535401.53251916,111535401.53251918 
 10/04  03:00:00,,,108702487.22103675,108702487.22103673 
 10/04  04:00:00,,,108752649.98860016,108752649.98860022 
 10/04  05:00:00,,,137590774.7399421,137590774.73994207 
 10/04  06:00:00,,,194449318.30422115,194449318.3042211 
 10/04  07:00:00,,,193512795.525992,193512795.52599195 
 10/04  08:00:00,,,186905222.1302347,186905222.13023463 
 10/04  09:00:00,,,138807360.11473987,138807360.11473984 
 10/04  10:00:00,,,131791768.16629413,131791768.16629407 
 10/04  11:00:00,,,139949830.58239883,139949830.58239877 
 10/04  12:00:00,,,138432459.3106983,138432459.31069824 
 10/04  13:00:00,,,148121687.9495747,148121687.94957468 
 10/04  14:00:00,,,135174616.3984871,135174616.39848703 
 10/04  15:00:00,,,158882812.99073815,158882812.99073806 
 10/04  16:00:00,,,184125303.778664,184125303.7786639 
 10/04  17:00:00,,,205869720.1817435,205869720.1817435 
 10/04  18:00:00,,,213775210.63201272,213775210.63201278 
 10/04  19:00:00,,,215636355.55972055,215636355.55972067 
 10/04  20:00:00,,,197897071.1237566,197897071.1237567 
 10/04  21:00:00,,,173511931.3984713,173511931.39847124 
 10/04  22:00:00,,,219862710.46634516,219862710.4663451 
 10/04  23:00:00,,,184491820.40925178,184491820.4092517 
 10/04  24:00:00,,,146040683.03104398,146040683.03104404 
 10/05  01:00:00,,,134693416.99620578,134693416.99620578 
 10/05  02:00:00,,,125128658.39329286,125128658.39329289 
 10/05  03:00:00,,,126188727.38972166,126188727.38972166 
 10/05  04:00:00,,,126263218.88702856,126263218.88702857 
 10/05  05:00:00,,,156582667.35801607,156582667.35801604 
 10/05  06:00:00,,,160774795.3132076,160774795.31320754 
 10/05  07:00:00,,,158113574.69867456,158113574.69867453 
 10/05  08:00:00,,,147117315.08464035,147117315.08464026 
 10/05  09:00:00,,,143119619.0008926,143119619.00089255 
 10/05  10:00:00,,,130456673.74505608,130456673.745056 
 10/05  11:00:00,,,121008592.89205992,121008592.89205986 
 10/05  12:00:00,,,132162152.30584748,132162152.30584742 
 10/05  13:00:00,,,140953298.7084044,140953298.70840436 
 10/05  14:00:00,,,147678635.86397672,147678635.8639767 
 10/05  15:00:00,,,140659924.13538638,140659924.13538635 
 10/05  16:00:00,,,172652442.22617054,172652442.22617048 
 10/05  17:00:00,,,182632457.03780377,182632457.03780374 
 10/05  18:00:00,,,204818928.0060097,204818928.00600973 
 10/05  19:00:00,,,238285741.73933926,238285741.7393394 
 10/05  20:00:00,,,257078806.61430418,257078806.61430436 
 10/05  21:00:00,,,215848512.5077261,215848512.5077261 
 10/05  22:00:00,,,182985499.35094288,182985499.3509428 
 10/05  23:00:00,,,142271443.40672705,142271443.40672705 
 10/05  24:00:00,,,106327987.94696489,106327987.9469649 
 10/06  01:00:00,,,89766790.73059784,89766790.73059778 
 10/06  02:00:00,,,88876799.94411586,88876799.94411579 
 10/06  03:00:00,,,85174364.08825223,85174364.08825219 
 10/06  04:00:00,,,86741317.55582732,86741317.55582732 
 10/06  05:00:00,,,112197971.21777344,112197971.2177734 
 10/06  06:00:00,,,171979804.7708746,171979804.77087453 
 10/06  07:00:00,,,178525305.5808972,178525305.58089715 
 10/06  08:00:00,,,161006912.0929612,161006912.0929611 
 10/06  09:00:00,,,148946232.5338121,148946232.5338121 
 10/06  10:00:00,,,150225544.64392838,150225544.64392832 
 10/06  11:00:00,,,141633638.97308838,141633638.97308832 
 10/06  12:00:00,,,129923403.63392775,129923403.6339277 
 10/06  13:00:00,,,129219190.9807917,129219190.98079166 
 10/06  14:00:00,,,118095548.56606689,118095548.5660668 
 10/06  15:00:00,,,134442025.28416842,134442025.28416836 
 10/06  16:00:00,,,152338474.18277833,152338474.18277824 
 10/06  17:00:00,,,184404299.80885443,184404299.80885437 
 10/06  18:00:00,,,201145563.894187,201145563.894187 
 10/06  19:00:00,,,207586464.89833587,207586464.89833596 
 10/06  20:00:00,,,194740669.0909266,194740669.0909267 
 10/06  21:00:00,,,172507337.05128986,172507337.05128977 
 10/06  22:00:00,,,140365691.28836074,140365691.28836069 
 10/06  23:00:00,,,102916363.37475918,102916363.37475911 
 10/06  24:00:00,,,65472152.18804198,65472152.18804196 
 10/07  01:00:00,,,69608342.45881462,69608342.45881462 
 10/07  02:00:00,,,58070783.643744506,58070783.64374453 
 10/07  03:00:00,,,61957270.36410021,61957270.364100225 
 10/07  04:00:00,,,68674361.84690206,68674361.84690198 
 10/07  05:00:00,,,99857642.15190297,99857642.15190291 
 10/07  06:00:00,,,152290892.03240034,152290892.03240028 
 10/07  07:00:00,,,157233570.0493023,157233570.04930225 
 10/07  08:00:00,,,143351710.10847962,143351710.10847953 
 10/07  09:00:00,,,137850528.09825346,137850528.09825337 
 10/07  10:00:00,,,127784238.15827812,127784238.15827805 
 10/07  11:00:00,,,124115890.90773529,124115890.90773523 
 10/07  12:00:00,,,122705451.8121072,122705451.81210715 
 10/07  13:00:00,,,120676383.23412707,120676383.23412699 
 10/07  14:00:00,,,124002794.68582903,124002794.68582901 
 10/07  15:00:00,,,131881382.96068525,131881382.9606852 
 10/07  16:00:00,,,158363458.0405559,158363458.04055578 
 10/07  17:00:00,,,187656172.01902035,187656172.0190203 
 10/07  18:00:00,,,201893955.82229275,201893955.82229275 
 10/07  19:00:00,,,202627499.96352476,202627499.96352488 
 10/07  20:00:00,,,191798687.60183665,191798687.60183674 
 10/07  21:00:00,,,164108556.0600634,164108556.06006333 
 10/07  22:00:00,,,135905818.30559063,135905818.30559057 
 10/07  23:00:00,,,98081234.06774251,98081234.06774248 
 10/07  24:00:00,,,75751136.00686342,75751136.00686337 
 10/08  01:00:00,,,64196461.17505798,64196461.17505798 
 10/08  02:00:00,,,64629693.457320645,64629693.45732066 
 10/08  03:00:00,,,60735773.28490512,60735773.28490514 
 10/08  04:00:00,,,69643853.46550973,69643853.46550965 
 10/08  05:00:00,,,99390289.11779204,99390289.11779197 
 10/08  06:00:00,,,158228405.98837557,158228405.98837548 
 10/08  07:00:00,,,165116236.23430207,165116236.23430198 
 10/08  08:00:00,,,149543804.40477484,149543804.40477479 
 10/08  09:00:00,,,138187092.93821466,138187092.9382146 
 10/08  10:00:00,,,130799406.10432106,130799406.10432099 
 10/08  11:00:00,,,118300621.30390877,118300621.30390872 
 10/08  12:00:00,,,115315994.17637545,115315994.17637539 
 10/08  13:00:00,,,126388809.80735359,126388809.80735353 
 10/08  14:00:00,,,115382902.54282898,115382902.54282895 
 10/08  15:00:00,,,114208411.17954665,114208411.1795466 
 10/08  16:00:00,,,127693758.24349807,127693758.24349803 
 10/08  17:00:00,,,165286988.50156015,165286988.5015601 
 10/08  18:00:00,,,182960826.177559,182960826.17755902 
 10/08  19:00:00,,,187159850.1879221,187159850.18792218 
 10/08  20:00:00,,,202754851.0485502,202754851.04855034 
 10/08  21:00:00,,,176326291.00173455,176326291.00173444 
 10/08  22:00:00,,,143591357.56170917,143591357.56170914 
 10/08  23:00:00,,,107184315.07035846,107184315.07035841 
 10/08  24:00:00,,,75257795.48684666,75257795.4868466 
 10/09  01:00:00,,,72482123.73416151,72482123.73416151 
 10/09  02:00:00,,,66545409.63518551,66545409.635185525 
 10/09  03:00:00,,,69925327.78249925,69925327.78249925 
 10/09  04:00:00,,,73308494.38241355,73308494.38241348 
 10/09  05:00:00,,,103588223.16260587,103588223.1626058 
 10/09  06:00:00,,,159068482.02013853,159068482.02013847 
 10/09  07:00:00,,,166826399.56389585,166826399.56389576 
 10/09  08:00:00,,,153736065.5435842,153736065.54358414 
 10/09  09:00:00,,,142927625.62778106,142927625.62778103 
 10/09  10:00:00,,,132180305.33047356,132180305.33047348 
 10/09  11:00:00,,,126500517.58903667,126500517.5890366 
 10/09  12:00:00,,,120957233.76798877,120957233.76798868 
 10/09  13:00:00,,,111250815.72494292,111250815.72494286 
 10/09  14:00:00,,,109608331.15590471,109608331.15590464 
 10/09  15:00:00,,,121400094.93020274,121400094.93020268 
 10/09  16:00:00,,,144040526.97197852,144040526.97197846 
 10/09  17:00:00,,,179413237.0675547,179413237.06755465 
 10/09  18:00:00,,,202485539.80230144,202485539.80230144 
 10/09  19:00:00,,,200319821.2338039,200319821.233804 
 10/09  20:00:00,,,196057005.793517,196057005.79351705 
 10/09  21:00:00,,,170874793.0427515,170874793.04275143 
 10/09  22:00:00,,,140672907.57940617,140672907.57940608 
 10/09  23:00:00,,,103035237.4616507,103035237.46165064 
 10/09  24:00:00,,,85139026.66009702,85139026.66009697 
 10/10  01:00:00,,,77025416.26859981,77025416.26859978 
 10/10  02:00:00,,,70523490.03913276,70523490.03913277 
 10/10  03:00:00,,,72202715.83749083,72202715.83749086 
 10/10  04:00:00,,,75601768.77554528,75601768.77554525 
 10/10  05:00:00,,,106837864.59047222,106837864.59047216 
 10/10  06:00:00,,,161907770.20763135,161907770.20763126 
 10/10  07:00:00,,,168183586.59919602,168183586.59919593 
 10/10  08:00:00,,,158984791.42005634,158984791.42005628 
 10/10  09:00:00,,,146136004.5809869,146136004.5809868 
 10/10  10:00:00,,,142600804.60068566,142600804.6006856 
 10/10  11:00:00,,,135301983.40098447,135301983.4009844 
 10/10  12:00:00,,,126463663.03264678,126463663.03264672 
 10/10  13:00:00,,,122221917.30337882,122221917.30337876 
 10/10  14:00:00,,,119333940.80093253,119333940.80093248 
 10/10  15:00:00,,,131995848.00676595,131995848.00676586 
 10/10  16:00:00,,,152546957.41962713,152546957.41962707 
 10/10  17:00:00,,,180876821.09883147,180876821.0988314 
 10/10  18:00:00,,,204072304.9726549,204072304.97265494 
 10/10  19:00:00,,,204415168.06652814,204415168.06652826 
 10/10  20:00:00,,,198774031.8414095,198774031.84140965 
 10/10  21:00:00,,,170473110.39292997,170473110.39292988 
 10/10  22:00:00,,,140440665.88214555,140440665.8821455 
 10/10  23:00:00,,,101864113.69838347,101864113.6983834 
 10/10  24:00:00,,,73178679.72511575,73178679.72511567 
 10/11  01:00:00,,,67501116.10702991,67501116.10702993 
 10/11  02:00:00,,,62252865.10773739,62252865.107737415 
 10/11  03:00:00,,,61927272.6648725,61927272.6648725 
 10/11  04:00:00,,,69037547.27209535,69037547.27209528 
 10/11  05:00:00,,,99444455.37949052,99444455.37949045 
 10/11  06:00:00,,,155713551.1813648,155713551.18136472 
 10/11  07:00:00,,,160681187.2309093,160681187.23090923 
 10/11  08:00:00,,,150431613.46721378,150431613.46721372 
 10/11  09:00:00,,,145075822.20771304,145075822.20771298 
 10/11  10:00:00,,,146783408.80973756,146783408.8097375 
 10/11  11:00:00,,,143668499.23829088,143668499.2382908 
 10/11  12:00:00,,,134579598.28827372,134579598.28827366 
 10/11  13:00:00,,,122219979.93505365,122219979.93505353 
 10/11  14:00:00,,,112245912.56661604,112245912.56661597 
 10/11  15:00:00,,,124413789.79877165,124413789.79877156 
 10/11  16:00:00,,,143729544.3216776,143729544.3216775 
 10/11  17:00:00,,,174741047.4723673,174741047.47236717 
 10/11  18:00:00,,,197139121.8859613,197139121.8859613 
 10/11  19:00:00,,,196390800.69716805,196390800.6971681 
 10/11  20:00:00,,,186962250.27956453,186962250.27956465 
 10/11  21:00:00,,,164625802.9657396,164625802.96573955 
 10/11  22:00:00,,,131699660.5601505,131699660.56015043 
 10/11  23:00:00,,,100488779.45900846,100488779.4590084 
 10/11  24:00:00,,,69082354.13716756,69082354.13716751 
 10/12  01:00:00,,,67734844.21398805,67734844.21398807 
 10/12  02:00:00,,,61321602.61881216,61321602.61881217 
 10/12  03:00:00,,,65063193.21932426,65063193.21932429 
 10/12  04:00:00,,,70038146.70864671,70038146.70864666 
 10/12  05:00:00,,,97692458.2534101,97692458.25341003 
 10/12  06:00:00,,,154332528.04874098,154332528.04874092 
 10/12  07:00:00,,,161411144.129206,161411144.1292059 
 10/12  08:00:00,,,150228512.602035,150228512.6020349 
 10/12  09:00:00,,,140997362.58061966,140997362.58061957 
 10/12  10:00:00,,,135645224.28739783,135645224.28739774 
 10/12  11:00:00,,,132322431.88797607,132322431.88797598 
 10/12  12:00:00,,,123323312.46718134,123323312.4671813 
 10/12  13:00:00,,,115471933.46111484,115471933.46111478 
 10/12  14:00:00,,,111857104.86184937,111857104.86184931 
 10/12  15:00:00,,,121286745.00011069,121286745.0001106 
 10/12  16:00:00,,,142623859.10327503,142623859.1032749 
 10/12  17:00:00,,,177390863.6238499,177390863.62384987 
 10/12  18:00:00,,,195191144.73819238,195191144.73819238 
 10/12  19:00:00,,,200363368.2327549,200363368.232755 
 10/12  20:00:00,,,189935046.24734133,189935046.24734145 
 10/12  21:00:00,,,162993785.03217226,162993785.0321722 
 10/12  22:00:00,,,136185027.311941,136185027.3119409 
 10/12  23:00:00,,,97770101.6313404,97770101.63134032 
 10/12  24:00:00,,,68141641.8140385,68141641.81403846 
 10/13  01:00:00,,,69939898.10262337,69939898.10262339 
 10/13  02:00:00,,,62426597.64760916,62426597.64760919 
 10/13  03:00:00,,,58223201.4599568,58223201.45995681 
 10/13  04:00:00,,,71708733.86696519,71708733.86696513 
 10/13  05:00:00,,,96568100.81638512,96568100.81638509 
 10/13  06:00:00,,,156908253.863783,156908253.86378294 
 10/13  07:00:00,,,160486797.14087063,160486797.1408706 
 10/13  08:00:00,,,149691086.95229673,149691086.95229664 
 10/13  09:00:00,,,145099719.4331612,145099719.43316108 
 10/13  10:00:00,,,144372748.24565354,144372748.24565348 
 10/13  11:00:00,,,148916678.12448978,148916678.12448972 
 10/13  12:00:00,,,148387291.3231474,148387291.3231473 
 10/13  13:00:00,,,149536037.17165497,149536037.17165494 
 10/13  14:00:00,,,140473633.89210495,140473633.89210492 
 10/13  15:00:00,,,158987845.2226971,158987845.22269705 
 10/13  16:00:00,,,175752373.42932537,175752373.42932534 
 10/13  17:00:00,,,175269581.05076507,175269581.05076504 
 10/13  18:00:00,,,216304883.61422184,216304883.61422193 
 10/13  19:00:00,,,215580396.2665646,215580396.2665647 
 10/13  20:00:00,,,202739088.52332088,202739088.523321 
 10/13  21:00:00,,,174185228.90088648,174185228.90088642 
 10/13  22:00:00,,,145447349.12624106,145447349.12624097 
 10/13  23:00:00,,,105880151.8269262,105880151.82692616 
 10/13  24:00:00,,,66951446.22406075,66951446.224060744 
 10/14  01:00:00,,,67573359.16564932,67573359.16564932 
 10/14  02:00:00,,,60592893.57499849,60592893.57499851 
 10/14  03:00:00,,,59975032.62244463,59975032.622444645 
 10/14  04:00:00,,,68358336.29261129,68358336.29261123 
 10/14  05:00:00,,,96852487.97519234,96852487.97519228 
 10/14  06:00:00,,,155152928.18854815,155152928.1885481 
 10/14  07:00:00,,,162628410.39342353,162628410.39342347 
 10/14  08:00:00,,,142803284.85617292,142803284.85617286 
 10/14  09:00:00,,,131910591.02897865,131910591.02897857 
 10/14  10:00:00,,,133331175.134003,133331175.13400295 
 10/14  11:00:00,,,120760916.5177012,120760916.5177011 
 10/14  12:00:00,,,117905512.86651689,117905512.86651681 
 10/14  13:00:00,,,112847226.3844484,112847226.38444833 
 10/14  14:00:00,,,95758829.2630272,95758829.26302719 
 10/14  15:00:00,,,113054227.7419084,113054227.74190834 
 10/14  16:00:00,,,129249775.62605622,129249775.62605616 
 10/14  17:00:00,,,166044822.91433424,166044822.91433415 
 10/14  18:00:00,,,203288643.2074499,203288643.2074499 
 10/14  19:00:00,,,207924809.47999415,207924809.47999424 
 10/14  20:00:00,,,190321588.64150512,190321588.6415052 
 10/14  21:00:00,,,167089209.71983218,167089209.7198321 
 10/14  22:00:00,,,139495482.1210122,139495482.12101212 
 10/14  23:00:00,,,99401987.51223646,99401987.51223639 
 10/14  24:00:00,,,72203957.37884139,72203957.37884134 
 10/15  01:00:00,,,69041574.74846707,69041574.7484671 
 10/15  02:00:00,,,59620081.431516066,59620081.43151608 
 10/15  03:00:00,,,59726675.89985553,59726675.89985554 
 10/15  04:00:00,,,70667261.35865106,70667261.358651 
 10/15  05:00:00,,,98437738.91021788,98437738.91021782 
 10/15  06:00:00,,,156304860.58852816,156304860.58852807 
 10/15  07:00:00,,,161751516.84206718,161751516.8420671 
 10/15  08:00:00,,,147581708.89076027,147581708.89076018 
 10/15  09:00:00,,,147063617.9290108,147063617.92901072 
 10/15  10:00:00,,,145280126.101942,145280126.10194194 
 10/15  11:00:00,,,117583127.10316767,117583127.1031676 
 10/15  12:00:00,,,113966423.21097979,113966423.2109797 
 10/15  13:00:00,,,110627854.82713062,110627854.82713059 
 10/15  14:00:00,,,106506958.42791376,106506958.42791373 
 10/15  15:00:00,,,112451317.06632087,112451317.06632079 
 10/15  16:00:00,,,127680684.6368056,127680684.63680553 
 10/15  17:00:00,,,164082587.84148675,164082587.84148666 
 10/15  18:00:00,,,186780682.28785932,186780682.28785938 
 10/15  19:00:00,,,188054207.9382108,188054207.93821087 
 10/15  20:00:00,,,178513620.73637238,178513620.73637247 
 10/15  21:00:00,,,156581188.7468432,156581188.74684313 
 10/15  22:00:00,,,135209435.20501897,135209435.20501888 
 10/15  23:00:00,,,115615213.53769276,115615213.53769267 
 10/15  24:00:00,,,102189461.93157181,102189461.93157181 
 10/16  01:00:00,,,96983331.21322651,96983331.21322644 
 10/16  02:00:00,,,87085994.64668344,87085994.64668337 
 10/16  03:00:00,,,87030041.04821749,87030041.04821745 
 10/16  04:00:00,,,91790919.18735604,91790919.18735602 
 10/16  05:00:00,,,122506164.14082813,122506164.14082806 
 10/16  06:00:00,,,155278703.3973785,155278703.39737844 
 10/16  07:00:00,,,159779760.89403585,159779760.89403576 
 10/16  08:00:00,,,149144645.50735506,149144645.507355 
 10/16  09:00:00,,,136592877.3267743,136592877.32677424 
 10/16  10:00:00,,,131388601.2445533,131388601.24455322 
 10/16  11:00:00,,,122911492.6796591,122911492.67965902 
 10/16  12:00:00,,,114263582.78847182,114263582.78847176 
 10/16  13:00:00,,,110473160.62120187,110473160.62120183 
 10/16  14:00:00,,,113603181.78854243,113603181.78854236 
 10/16  15:00:00,,,116821895.60210815,116821895.6021081 
 10/16  16:00:00,,,143881814.60261485,143881814.60261476 
 10/16  17:00:00,,,166258435.32990637,166258435.3299063 
 10/16  18:00:00,,,195853303.81408378,195853303.8140838 
 10/16  19:00:00,,,191447403.79363084,191447403.79363096 
 10/16  20:00:00,,,177860228.8756924,177860228.8756925 
 10/16  21:00:00,,,184627789.81515878,184627789.81515872 
 10/16  22:00:00,,,188792775.4345992,188792775.43459913 
 10/16  23:00:00,,,139273879.66300943,139273879.6630094 
 10/16  24:00:00,,,101394716.485675,101394716.485675 
 10/17  01:00:00,,,96121959.67474814,96121959.67474806 
 10/17  02:00:00,,,83515220.46075511,83515220.46075505 
 10/17  03:00:00,,,80950467.98678386,80950467.98678385 
 10/17  04:00:00,,,90753161.88869649,90753161.88869648 
 10/17  05:00:00,,,118416523.1946688,118416523.19466874 
 10/17  06:00:00,,,174950584.67599428,174950584.6759942 
 10/17  07:00:00,,,182439586.87758806,182439586.87758803 
 10/17  08:00:00,,,169419239.88432267,169419239.88432258 
 10/17  09:00:00,,,162899138.4457891,162899138.44578904 
 10/17  10:00:00,,,138620003.76988345,138620003.76988336 
 10/17  11:00:00,,,121107982.87151536,121107982.87151529 
 10/17  12:00:00,,,113955509.11543103,113955509.11543097 
 10/17  13:00:00,,,111063734.3632829,111063734.36328281 
 10/17  14:00:00,,,101202218.56675284,101202218.5667528 
 10/17  15:00:00,,,113272061.34417853,113272061.34417847 
 10/17  16:00:00,,,134947324.50144133,134947324.50144127 
 10/17  17:00:00,,,165356656.448665,165356656.44866493 
 10/17  18:00:00,,,181213866.22142503,181213866.2214251 
 10/17  19:00:00,,,191079895.8817666,191079895.88176668 
 10/17  20:00:00,,,179900275.9497809,179900275.94978103 
 10/17  21:00:00,,,156288905.4522919,156288905.45229182 
 10/17  22:00:00,,,143738653.8680817,143738653.8680816 
 10/17  23:00:00,,,137284940.39881882,137284940.39881876 
 10/17  24:00:00,,,103406511.36076528,103406511.36076526 
 10/18  01:00:00,,,98707697.18467592,98707697.18467589 
 10/18  02:00:00,,,88078764.90891893,88078764.90891889 
 10/18  03:00:00,,,84902701.64179721,84902701.64179717 
 10/18  04:00:00,,,91886499.25284097,91886499.25284094 
 10/18  05:00:00,,,115456966.30614609,115456966.30614603 
 10/18  06:00:00,,,175629032.4871862,175629032.48718613 
 10/18  07:00:00,,,181048362.58750796,181048362.5875079 
 10/18  08:00:00,,,164628534.6014997,164628534.60149965 
 10/18  09:00:00,,,152683524.9596907,152683524.95969063 
 10/18  10:00:00,,,152105415.2566111,152105415.25661105 
 10/18  11:00:00,,,138990632.3007184,138990632.3007183 
 10/18  12:00:00,,,136199354.84098443,136199354.84098437 
 10/18  13:00:00,,,132648088.64403914,132648088.64403905 
 10/18  14:00:00,,,120563958.69716235,120563958.69716227 
 10/18  15:00:00,,,137947279.8641301,137947279.86413002 
 10/18  16:00:00,,,153686976.290676,153686976.2906759 
 10/18  17:00:00,,,181225187.93866408,181225187.93866396 
 10/18  18:00:00,,,201012881.44098943,201012881.4409895 
 10/18  19:00:00,,,197994661.8567411,197994661.8567412 
 10/18  20:00:00,,,187693240.25260422,187693240.25260437 
 10/18  21:00:00,,,163195801.5851557,163195801.58515567 
 10/18  22:00:00,,,137982240.2382778,137982240.23827773 
 10/18  23:00:00,,,97857266.60426529,97857266.60426521 
 10/18  24:00:00,,,74805601.64716317,74805601.64716314 
 10/19  01:00:00,,,61586889.17957934,61586889.17957935 
 10/19  02:00:00,,,61788037.08570521,61788037.085705236 
 10/19  03:00:00,,,64629811.929069296,64629811.92906931 
 10/19  04:00:00,,,63433279.152659304,63433279.15265924 
 10/19  05:00:00,,,97044450.74141918,97044450.74141912 
 10/19  06:00:00,,,157568574.97236878,157568574.9723687 
 10/19  07:00:00,,,162351723.4082284,162351723.40822837 
 10/19  08:00:00,,,152003803.90598387,152003803.90598378 
 10/19  09:00:00,,,135409825.9838899,135409825.98388985 
 10/19  10:00:00,,,136600275.57652953,136600275.57652947 
 10/19  11:00:00,,,121670955.53829561,121670955.53829555 
 10/19  12:00:00,,,111608994.19675648,111608994.19675642 
 10/19  13:00:00,,,108796620.45505637,108796620.45505631 
 10/19  14:00:00,,,103825467.05641223,103825467.05641218 
 10/19  15:00:00,,,112319075.93650271,112319075.93650264 
 10/19  16:00:00,,,137547517.3933782,137547517.39337808 
 10/19  17:00:00,,,165155837.8632362,165155837.86323607 
 10/19  18:00:00,,,188042858.34436876,188042858.3443688 
 10/19  19:00:00,,,189162800.2838513,189162800.28385139 
 10/19  20:00:00,,,183174941.26954493,183174941.26954502 
 10/19  21:00:00,,,157741744.78911275,157741744.7891127 
 10/19  22:00:00,,,126728309.713079,126728309.71307895 
 10/19  23:00:00,,,97953640.7178016,97953640.71780153 
 10/19  24:00:00,,,73092048.93212129,73092048.93212125 
 10/20  01:00:00,,,63132803.28671912,63132803.28671914 
 10/20  02:00:00,,,62955434.077483945,62955434.07748395 
 10/20  03:00:00,,,61573724.02377096,61573724.02377097 
 10/20  04:00:00,,,67323556.02481775,67323556.02481769 
 10/20  05:00:00,,,99721776.64621271,99721776.64621265 
 10/20  06:00:00,,,154183500.1098203,154183500.10982022 
 10/20  07:00:00,,,163468660.8657176,163468660.86571753 
 10/20  08:00:00,,,150899155.2446186,150899155.2446185 
 10/20  09:00:00,,,139469840.37281355,139469840.3728135 
 10/20  10:00:00,,,130928590.94269529,130928590.94269522 
 10/20  11:00:00,,,121601863.47309141,121601863.47309133 
 10/20  12:00:00,,,118200327.02625841,118200327.02625836 
 10/20  13:00:00,,,117580210.86158505,117580210.861585 
 10/20  14:00:00,,,114091689.15910068,114091689.15910064 
 10/20  15:00:00,,,122520801.52791362,122520801.52791353 
 10/20  16:00:00,,,141263656.32930964,141263656.32930955 
 10/20  17:00:00,,,174436959.52460793,174436959.5246079 
 10/20  18:00:00,,,190391635.72750813,190391635.7275082 
 10/20  19:00:00,,,196194192.80961555,196194192.80961564 
 10/20  20:00:00,,,183238335.10107285,183238335.1010729 
 10/20  21:00:00,,,163428201.62086093,163428201.6208609 
 10/20  22:00:00,,,135021272.83496508,135021272.83496502 
 10/20  23:00:00,,,99133655.03461595,99133655.03461587 
 10/20  24:00:00,,,69102989.54006639,69102989.54006638 
 10/21  01:00:00,,,63763709.82775946,63763709.827759475 
 10/21  02:00:00,,,62125774.397750854,62125774.39775087 
 10/21  03:00:00,,,61101593.70587768,61101593.70587768 
 10/21  04:00:00,,,70398158.83407505,70398158.83407499 
 10/21  05:00:00,,,93439987.3319634,93439987.33196332 
 10/21  06:00:00,,,156952295.46909997,156952295.46909988 
 10/21  07:00:00,,,164730873.91678125,164730873.9167812 
 10/21  08:00:00,,,146799157.13232478,146799157.13232473 
 10/21  09:00:00,,,133871797.83961712,133871797.83961706 
 10/21  10:00:00,,,132455664.99800453,132455664.99800445 
 10/21  11:00:00,,,121081670.91672266,121081670.91672258 
 10/21  12:00:00,,,113786015.42702113,113786015.42702107 
 10/21  13:00:00,,,111050375.95547125,111050375.95547119 
 10/21  14:00:00,,,106545517.4445628,106545517.44456276 
 10/21  15:00:00,,,113940227.19412269,113940227.19412263 
 10/21  16:00:00,,,135126496.06408292,135126496.0640829 
 10/21  17:00:00,,,162579607.38851425,162579607.3885142 
 10/21  18:00:00,,,195676024.9352289,195676024.935229 
 10/21  19:00:00,,,185571168.32589927,185571168.3258994 
 10/21  20:00:00,,,186580342.59824824,186580342.5982484 
 10/21  21:00:00,,,154604444.38053954,154604444.38053945 
 10/21  22:00:00,,,129170110.35459183,129170110.35459177 
 10/21  23:00:00,,,96927455.2022702,96927455.20227012 
 10/21  24:00:00,,,72469631.63793187,72469631.63793184 
 10/22  01:00:00,,,65259365.44065344,65259365.44065346 
 10/22  02:00:00,,,64230533.85090457,64230533.850904584 
 10/22  03:00:00,,,55913345.12297041,55913345.12297042 
 10/22  04:00:00,,,70743465.0488617,70743465.04886164 
 10/22  05:00:00,,,98211469.77239898,98211469.77239892 
 10/22  06:00:00,,,155334783.01491743,155334783.01491737 
 10/22  07:00:00,,,161248307.25561193,161248307.25561187 
 10/22  08:00:00,,,147308145.44072732,147308145.44072723 
 10/22  09:00:00,,,137850857.4904874,137850857.49048734 
 10/22  10:00:00,,,128369869.51287764,128369869.51287757 
 10/22  11:00:00,,,123193555.44439888,123193555.4443988 
 10/22  12:00:00,,,115255388.8540147,115255388.8540146 
 10/22  13:00:00,,,112324348.75970069,112324348.75970061 
 10/22  14:00:00,,,104694263.16869886,104694263.16869882 
 10/22  15:00:00,,,124965439.82490693,124965439.82490687 
 10/22  16:00:00,,,146201762.85138023,146201762.85138017 
 10/22  17:00:00,,,178080994.51462355,178080994.51462346 
 10/22  18:00:00,,,194995747.19022104,194995747.1902211 
 10/22  19:00:00,,,197546023.58602268,197546023.58602273 
 10/22  20:00:00,,,182575418.8178881,182575418.81788823 
 10/22  21:00:00,,,159398975.4651943,159398975.46519426 
 10/22  22:00:00,,,134484226.99342838,134484226.9934283 
 10/22  23:00:00,,,95889502.90199438,95889502.90199429 
 10/22  24:00:00,,,76815646.38347526,76815646.38347518 
 10/23  01:00:00,,,69685046.49562657,69685046.49562657 
 10/23  02:00:00,,,66862892.61307854,66862892.61307855 
 10/23  03:00:00,,,65756489.81658608,65756489.81658611 
 10/23  04:00:00,,,69499257.93006036,69499257.9300603 
 10/23  05:00:00,,,102241444.52074966,102241444.52074958 
 10/23  06:00:00,,,158481324.94111648,158481324.9411164 
 10/23  07:00:00,,,166896353.69911876,166896353.6991187 
 10/23  08:00:00,,,156164701.3141931,156164701.31419304 
 10/23  09:00:00,,,149037150.96530965,149037150.9653096 
 10/23  10:00:00,,,151088280.62999022,151088280.62999016 
 10/23  11:00:00,,,147311381.22587934,147311381.22587928 
 10/23  12:00:00,,,123776237.25567685,123776237.25567678 
 10/23  13:00:00,,,110020516.60079847,110020516.60079843 
 10/23  14:00:00,,,116794767.56053692,116794767.56053688 
 10/23  15:00:00,,,130827441.53879523,130827441.53879514 
 10/23  16:00:00,,,136448996.70822474,136448996.70822468 
 10/23  17:00:00,,,177044299.89250612,177044299.89250603 
 10/23  18:00:00,,,201012378.09975502,201012378.09975514 
 10/23  19:00:00,,,187230685.02184063,187230685.02184072 
 10/23  20:00:00,,,220917422.8860612,220917422.8860613 
 10/23  21:00:00,,,193295634.38535315,193295634.38535327 
 10/23  22:00:00,,,159517370.03735694,159517370.03735688 
 10/23  23:00:00,,,119505936.87659432,119505936.87659428 
 10/23  24:00:00,,,92076354.15864158,92076354.1586415 
 10/24  01:00:00,,,79266278.73774663,79266278.73774655 
 10/24  02:00:00,,,77614544.95525041,77614544.95525041 
 10/24  03:00:00,,,72702660.90048663,72702660.90048665 
 10/24  04:00:00,,,79091199.66279164,79091199.66279162 
 10/24  05:00:00,,,106437300.22029558,106437300.22029549 
 10/24  06:00:00,,,170935798.6131554,170935798.61315536 
 10/24  07:00:00,,,174136891.9897951,174136891.98979503 
 10/24  08:00:00,,,161439547.76505592,161439547.76505584 
 10/24  09:00:00,,,156659273.9968167,156659273.9968166 
 10/24  10:00:00,,,140553922.58736753,140553922.58736748 
 10/24  11:00:00,,,123918034.5418742,123918034.54187414 
 10/24  12:00:00,,,111789503.9584589,111789503.95845884 
 10/24  13:00:00,,,108554069.96621226,108554069.9662122 
 10/24  14:00:00,,,113587881.82073289,113587881.8207328 
 10/24  15:00:00,,,114498551.1869229,114498551.18692285 
 10/24  16:00:00,,,147147325.84121233,147147325.84121227 
 10/24  17:00:00,,,164965866.673602,164965866.67360196 
 10/24  18:00:00,,,187795790.27165657,187795790.27165666 
 10/24  19:00:00,,,190793046.76786953,190793046.76786962 
 10/24  20:00:00,,,181453884.98267874,181453884.98267883 
 10/24  21:00:00,,,177735612.74892277,177735612.74892277 
 10/24  22:00:00,,,163284685.25127858,163284685.25127852 
 10/24  23:00:00,,,122554697.01291823,122554697.01291817 
 10/24  24:00:00,,,89536691.80358139,89536691.80358133 
 10/25  01:00:00,,,87930941.29543996,87930941.29543988 
 10/25  02:00:00,,,77565236.22165607,77565236.22165607 
 10/25  03:00:00,,,79557161.11069898,79557161.11069901 
 10/25  04:00:00,,,83719387.35987511,83719387.3598751 
 10/25  05:00:00,,,114965900.49799755,114965900.49799749 
 10/25  06:00:00,,,156748947.99302027,156748947.99302015 
 10/25  07:00:00,,,165268369.6469408,165268369.6469407 
 10/25  08:00:00,,,149451229.8488488,149451229.84884876 
 10/25  09:00:00,,,150271572.51111355,150271572.5111135 
 10/25  10:00:00,,,148500893.025811,148500893.02581096 
 10/25  11:00:00,,,133682700.16845047,133682700.16845044 
 10/25  12:00:00,,,126686012.11850661,126686012.11850655 
 10/25  13:00:00,,,121025113.88386118,121025113.88386111 
 10/25  14:00:00,,,113504186.06080419,113504186.06080414 
 10/25  15:00:00,,,127977439.0068458,127977439.00684571 
 10/25  16:00:00,,,144678868.52872002,144678868.52871996 
 10/25  17:00:00,,,174434379.30860698,174434379.30860686 
 10/25  18:00:00,,,203306601.6548881,203306601.65488818 
 10/25  19:00:00,,,198762924.44600537,198762924.44600546 
 10/25  20:00:00,,,193936164.07796523,193936164.07796538 
 10/25  21:00:00,,,162331361.01155093,162331361.01155087 
 10/25  22:00:00,,,134361006.32883924,134361006.32883918 
 10/25  23:00:00,,,100380981.51179084,100380981.51179075 
 10/25  24:00:00,,,70644063.01415819,70644063.01415816 
 10/26  01:00:00,,,66552082.97118589,66552082.97118591 
 10/26  02:00:00,,,61699006.52994722,61699006.529947236 
 10/26  03:00:00,,,58597999.456325985,58597999.456326 
 10/26  04:00:00,,,73994147.14082465,73994147.14082457 
 10/26  05:00:00,,,97137379.29933761,97137379.29933754 
 10/26  06:00:00,,,156247349.3761639,156247349.37616384 
 10/26  07:00:00,,,163379136.86857134,163379136.86857128 
 10/26  08:00:00,,,151023624.38701296,151023624.3870129 
 10/26  09:00:00,,,137005639.21012574,137005639.21012568 
 10/26  10:00:00,,,136658253.53315628,136658253.53315625 
 10/26  11:00:00,,,119641524.8850148,119641524.88501474 
 10/26  12:00:00,,,114559513.51995248,114559513.51995243 
 10/26  13:00:00,,,110520856.80429292,110520856.80429286 
 10/26  14:00:00,,,104173902.85870485,104173902.85870478 
 10/26  15:00:00,,,115838807.78133589,115838807.78133583 
 10/26  16:00:00,,,135692144.2318862,135692144.23188618 
 10/26  17:00:00,,,161795268.6628536,161795268.66285357 
 10/26  18:00:00,,,194019333.4499058,194019333.44990593 
 10/26  19:00:00,,,190497886.66771948,190497886.66771957 
 10/26  20:00:00,,,184739828.51480058,184739828.51480067 
 10/26  21:00:00,,,156694857.50805426,156694857.5080542 
 10/26  22:00:00,,,132029117.09977193,132029117.09977189 
 10/26  23:00:00,,,96190631.79466458,96190631.79466452 
 10/26  24:00:00,,,65861223.3826218,65861223.382621765 
 10/27  01:00:00,,,69857800.49100667,69857800.49100669 
 10/27  02:00:00,,,59232433.600260094,59232433.60026011 
 10/27  03:00:00,,,63116529.929212585,63116529.92921259 
 10/27  04:00:00,,,68905707.506001,68905707.50600094 
 10/27  05:00:00,,,99518178.54768842,99518178.5476884 
 10/27  06:00:00,,,155065434.52957228,155065434.5295722 
 10/27  07:00:00,,,165691118.788404,165691118.78840393 
 10/27  08:00:00,,,152254137.12354314,152254137.12354308 
 10/27  09:00:00,,,138061815.6899032,138061815.68990314 
 10/27  10:00:00,,,135007241.2749991,135007241.27499905 
 10/27  11:00:00,,,121347320.32145871,121347320.32145865 
 10/27  12:00:00,,,115654944.39644633,115654944.39644629 
 10/27  13:00:00,,,107923107.54201557,107923107.5420155 
 10/27  14:00:00,,,102602431.14019558,102602431.14019553 
 10/27  15:00:00,,,116096833.5290395,116096833.52903943 
 10/27  16:00:00,,,132711025.54857305,132711025.54857296 
 10/27  17:00:00,,,166666193.54306015,166666193.54306012 
 10/27  18:00:00,,,189518142.72248304,189518142.7224831 
 10/27  19:00:00,,,193829209.83884704,193829209.83884713 
 10/27  20:00:00,,,178734064.33246797,178734064.3324681 
 10/27  21:00:00,,,158781477.51286852,158781477.5128685 
 10/27  22:00:00,,,132593688.99819274,132593688.99819267 
 10/27  23:00:00,,,97601309.48707458,97601309.4870745 
 10/27  24:00:00,,,72351055.83788936,72351055.83788928 
 10/28  01:00:00,,,64154880.03691917,64154880.03691916 
 10/28  02:00:00,,,65717470.74964872,65717470.749648735 
 10/28  03:00:00,,,64301242.17515123,64301242.175151244 
 10/28  04:00:00,,,66499779.98249206,66499779.98249199 
 10/28  05:00:00,,,98759378.00931491,98759378.00931485 
 10/28  06:00:00,,,158135141.1959606,158135141.19596055 
 10/28  07:00:00,,,167535982.12003535,167535982.12003535 
 10/28  08:00:00,,,145591531.46796006,145591531.46795997 
 10/28  09:00:00,,,142364464.61853352,142364464.61853343 
 10/28  10:00:00,,,127117341.33568859,127117341.3356885 
 10/28  11:00:00,,,122898236.87874445,122898236.87874441 
 10/28  12:00:00,,,111561524.29634488,111561524.29634483 
 10/28  13:00:00,,,109340591.86323558,109340591.86323552 
 10/28  14:00:00,,,97318588.27725175,97318588.27725172 
 10/28  15:00:00,,,115268563.69933979,115268563.6993397 
 10/28  16:00:00,,,132191892.91718335,132191892.91718331 
 10/28  17:00:00,,,165186570.90377092,165186570.90377083 
 10/28  18:00:00,,,191031358.9382089,191031358.938209 
 10/28  19:00:00,,,185980057.4201173,185980057.4201174 
 10/28  20:00:00,,,185413154.41838387,185413154.41838396 
 10/28  21:00:00,,,157568137.02372444,157568137.02372438 
 10/28  22:00:00,,,128637061.61494578,128637061.61494571 
 10/28  23:00:00,,,100318387.04611593,100318387.04611585 
 10/28  24:00:00,,,70164260.5080263,70164260.50802624 
 10/29  01:00:00,,,66175185.05514668,66175185.05514669 
 10/29  02:00:00,,,65237915.93633404,65237915.93633405 
 10/29  03:00:00,,,57825548.29959917,57825548.29959917 
 10/29  04:00:00,,,74952267.83266924,74952267.8326692 
 10/29  05:00:00,,,98253649.43940392,98253649.43940385 
 10/29  06:00:00,,,159141134.82279623,159141134.82279614 
 10/29  07:00:00,,,164337484.16808522,164337484.16808513 
 10/29  08:00:00,,,150072835.70706916,150072835.70706907 
 10/29  09:00:00,,,132050196.0518584,132050196.05185834 
 10/29  10:00:00,,,135230903.16356122,135230903.16356117 
 10/29  11:00:00,,,119986785.47083035,119986785.4708303 
 10/29  12:00:00,,,109925569.98388442,109925569.98388438 
 10/29  13:00:00,,,113811024.79697324,113811024.79697317 
 10/29  14:00:00,,,107384947.00701092,107384947.00701086 
 10/29  15:00:00,,,116206095.5820396,116206095.58203955 
 10/29  16:00:00,,,135457848.424439,135457848.42443892 
 10/29  17:00:00,,,165585844.4403526,165585844.44035253 
 10/29  18:00:00,,,193525907.9449888,193525907.94498894 
 10/29  19:00:00,,,192075035.51716435,192075035.51716444 
 10/29  20:00:00,,,181764635.6410659,181764635.64106598 
 10/29  21:00:00,,,156946363.26480618,156946363.26480612 
 10/29  22:00:00,,,134577422.4028825,134577422.40288243 
 10/29  23:00:00,,,95588755.33943273,95588755.33943267 
 10/29  24:00:00,,,67617697.0620825,67617697.06208244 
 10/30  01:00:00,,,68491605.57247317,68491605.57247318 
 10/30  02:00:00,,,60501497.633455314,60501497.633455336 
 10/30  03:00:00,,,63446193.20422901,63446193.20422901 
 10/30  04:00:00,,,69722844.00956024,69722844.00956018 
 10/30  05:00:00,,,96925303.4888947,96925303.48889466 
 10/30  06:00:00,,,159261920.6039574,159261920.60395733 
 10/30  07:00:00,,,166844304.42462772,166844304.42462766 
 10/30  08:00:00,,,150945126.34164068,150945126.34164062 
 10/30  09:00:00,,,139556973.2653639,139556973.26536384 
 10/30  10:00:00,,,136286090.2239376,136286090.2239375 
 10/30  11:00:00,,,129304149.860768,129304149.86076796 
 10/30  12:00:00,,,128528777.86172098,128528777.86172092 
 10/30  13:00:00,,,130522649.14698261,130522649.14698255 
 10/30  14:00:00,,,136767565.0310852,136767565.03108513 
 10/30  15:00:00,,,143041132.54486784,143041132.54486778 
 10/30  16:00:00,,,163099259.63032225,163099259.6303222 
 10/30  17:00:00,,,196065150.18079218,196065150.1807921 
 10/30  18:00:00,,,203820058.39850807,203820058.39850813 
 10/30  19:00:00,,,208751696.532721,208751696.5327211 
 10/30  20:00:00,,,188598742.08058977,188598742.0805899 
 10/30  21:00:00,,,166880711.12587592,166880711.12587586 
 10/30  22:00:00,,,137794000.6851607,137794000.68516067 
 10/30  23:00:00,,,99710589.66843452,99710589.66843443 
 10/30  24:00:00,,,75353325.04419366,75353325.0441936 
 10/31  01:00:00,,,63172798.118256845,63172798.11825685 
 10/31  02:00:00,,,66447517.31522186,66447517.31522188 
 10/31  03:00:00,,,64224349.2904872,64224349.29048721 
 10/31  04:00:00,,,68457654.56395213,68457654.56395206 
 10/31  05:00:00,,,98986497.58501524,98986497.58501518 
 10/31  06:00:00,,,159906817.16071615,159906817.1607161 
 10/31  07:00:00,,,166716132.17398667,166716132.1739866 
 10/31  08:00:00,,,153995597.19137797,153995597.1913779 
 10/31  09:00:00,,,142054731.79753277,142054731.79753274 
 10/31  10:00:00,,,136547436.9636121,136547436.96361202 
 10/31  11:00:00,,,126748684.73901142,126748684.73901132 
 10/31  12:00:00,,,118347175.52914363,118347175.52914359 
 10/31  13:00:00,,,118673809.21864368,118673809.2186436 
 10/31  14:00:00,,,108893080.8502545,108893080.85025442 
 10/31  15:00:00,,,123818257.79809839,123818257.79809831 
 10/31  16:00:00,,,135769907.86169448,135769907.86169443 
 10/31  17:00:00,,,165288407.78148106,165288407.78148103 
 10/31  18:00:00,,,200492775.12186438,200492775.12186447 
 10/31  19:00:00,,,200756620.2422045,200756620.24220458 
 10/31  20:00:00,,,190218462.11829546,190218462.11829555 
 10/31  21:00:00,,,164672054.09170404,164672054.091704 
 10/31  22:00:00,,,136995589.20925504,136995589.20925495 
 10/31  23:00:00,,,101888223.12015924,101888223.12015915 
 10/31  24:00:00,99451366756.36142,3286232886.1402655,73272228.02211964,73272228.02211958 
 11/01  01:00:00,,,69256495.94228987,69256495.94228987 
 11/01  02:00:00,,,62343504.65448918,62343504.6544892 
 11/01  03:00:00,,,66011514.61798084,66011514.61798085 
 11/01  04:00:00,,,69812893.3518661,69812893.35186604 
 11/01  05:00:00,,,103331937.52560952,103331937.52560945 
 11/01  06:00:00,,,156399875.02460045,156399875.02460036 
 11/01  07:00:00,,,166037574.1865094,166037574.18650928 
 11/01  08:00:00,,,152435778.54102626,152435778.54102618 
 11/01  09:00:00,,,140783130.8447641,140783130.84476402 
 11/01  10:00:00,,,131255524.08570513,131255524.08570509 
 11/01  11:00:00,,,123106479.1648851,123106479.16488503 
 11/01  12:00:00,,,116479112.29453829,116479112.2945382 
 11/01  13:00:00,,,109747358.73475963,109747358.73475957 
 11/01  14:00:00,,,101589831.36432458,101589831.36432454 
 11/01  15:00:00,,,111059815.79099494,111059815.7909949 
 11/01  16:00:00,,,139356493.78549594,139356493.78549582 
 11/01  17:00:00,,,166451542.39698523,166451542.3969852 
 11/01  18:00:00,,,194839171.79642934,194839171.79642946 
 11/01  19:00:00,,,203387787.81771082,203387787.817711 
 11/01  20:00:00,,,202372705.2969878,202372705.29698792 
 11/01  21:00:00,,,169035342.32341546,169035342.32341534 
 11/01  22:00:00,,,142120194.0324538,142120194.03245378 
 11/01  23:00:00,,,107897945.40746355,107897945.40746348 
 11/01  24:00:00,,,80639906.35303253,80639906.35303247 
 11/02  01:00:00,,,71393090.4377276,71393090.4377276 
 11/02  02:00:00,,,65621523.248305544,65621523.24830555 
 11/02  03:00:00,,,61679313.743233606,61679313.74323362 
 11/02  04:00:00,,,74988926.2326427,74988926.23264264 
 11/02  05:00:00,,,98075933.88882051,98075933.88882044 
 11/02  06:00:00,,,162580057.6720818,162580057.6720817 
 11/02  07:00:00,,,169111407.2625525,169111407.26255244 
 11/02  08:00:00,,,153735726.04083705,153735726.040837 
 11/02  09:00:00,,,140342740.8360982,140342740.83609813 
 11/02  10:00:00,,,136837072.29486132,136837072.29486126 
 11/02  11:00:00,,,125593998.08457527,125593998.08457519 
 11/02  12:00:00,,,114954017.15480386,114954017.1548038 
 11/02  13:00:00,,,116764361.36412758,116764361.36412749 
 11/02  14:00:00,,,106202182.94528818,106202182.94528812 
 11/02  15:00:00,,,119129809.7429919,119129809.74299183 
 11/02  16:00:00,,,141721930.45122442,141721930.45122436 
 11/02  17:00:00,,,169225871.61173892,169225871.61173886 
 11/02  18:00:00,,,200899256.26059416,200899256.26059425 
 11/02  19:00:00,,,194146839.80852222,194146839.8085223 
 11/02  20:00:00,,,188833752.9559983,188833752.95599836 
 11/02  21:00:00,,,160746958.36327672,160746958.36327666 
 11/02  22:00:00,,,132119199.21772651,132119199.21772644 
 11/02  23:00:00,,,99458679.73215672,99458679.73215666 
 11/02  24:00:00,,,70637855.30104806,70637855.30104803 
 11/03  01:00:00,,,68563605.96495007,68563605.96495008 
 11/03  02:00:00,,,58765799.65801744,58765799.65801746 
 11/03  03:00:00,,,60708692.1144227,60708692.114422716 
 11/03  04:00:00,,,71083967.04657438,71083967.04657434 
 11/03  05:00:00,,,97348105.68795899,97348105.68795891 
 11/03  06:00:00,,,160182207.287577,160182207.2875769 
 11/03  07:00:00,,,165270061.0795135,165270061.07951346 
 11/03  08:00:00,,,153813018.86000165,153813018.86000162 
 11/03  09:00:00,,,141130015.0381534,141130015.03815332 
 11/03  10:00:00,,,137956595.65474868,137956595.6547486 
 11/03  11:00:00,,,128041997.92848879,128041997.92848873 
 11/03  12:00:00,,,116303672.6092324,116303672.60923235 
 11/03  13:00:00,,,109311336.54343744,109311336.54343738 
 11/03  14:00:00,,,101328890.45423797,101328890.45423794 
 11/03  15:00:00,,,115977402.27997504,115977402.27997501 
 11/03  16:00:00,,,132787553.5189779,132787553.51897782 
 11/03  17:00:00,,,168926304.9903055,168926304.99030542 
 11/03  18:00:00,,,188666080.54271838,188666080.54271853 
 11/03  19:00:00,,,196488964.0858231,196488964.08582318 
 11/03  20:00:00,,,197994054.64917785,197994054.64917797 
 11/03  21:00:00,,,172975962.7849203,172975962.7849202 
 11/03  22:00:00,,,140440584.19121888,140440584.1912188 
 11/03  23:00:00,,,106941500.85738617,106941500.85738611 
 11/03  24:00:00,,,76353374.67309466,76353374.67309465 
 11/04  01:00:00,,,60758601.284647405,60758601.28464741 
 11/04  02:00:00,,,67608341.93434183,67608341.93434186 
 11/04  03:00:00,,,57353949.61827721,57353949.61827723 
 11/04  04:00:00,,,68350449.62523009,68350449.62523003 
 11/04  05:00:00,,,98487306.57320817,98487306.57320812 
 11/04  06:00:00,,,157642025.4383093,157642025.43830925 
 11/04  07:00:00,,,165304331.49001518,165304331.49001512 
 11/04  08:00:00,,,149071941.97259104,149071941.97259098 
 11/04  09:00:00,,,135964373.90233144,135964373.90233138 
 11/04  10:00:00,,,133666461.51621492,133666461.51621488 
 11/04  11:00:00,,,118573906.47665021,118573906.47665013 
 11/04  12:00:00,,,113715636.7465796,113715636.74657953 
 11/04  13:00:00,,,109296152.1035448,109296152.10354476 
 11/04  14:00:00,,,100078237.20361009,100078237.20361005 
 11/04  15:00:00,,,112753555.12994309,112753555.129943 
 11/04  16:00:00,,,136782932.38382435,136782932.3838243 
 11/04  17:00:00,,,165477851.2337253,165477851.23372525 
 11/04  18:00:00,,,193900160.24766758,193900160.24766767 
 11/04  19:00:00,,,190175208.05679193,190175208.05679202 
 11/04  20:00:00,,,184914950.90313846,184914950.90313855 
 11/04  21:00:00,,,157237558.54870856,157237558.54870847 
 11/04  22:00:00,,,133625909.86562252,133625909.86562246 
 11/04  23:00:00,,,94238707.07834037,94238707.07834029 
 11/04  24:00:00,,,71970328.7594603,71970328.75946027 
 11/05  01:00:00,,,66388851.44909533,66388851.449095346 
 11/05  02:00:00,,,61878785.53985414,61878785.539854154 
 11/05  03:00:00,,,59679400.58025701,59679400.58025704 
 11/05  04:00:00,,,70754415.53728294,70754415.53728287 
 11/05  05:00:00,,,96450443.10367006,96450443.10366999 
 11/05  06:00:00,,,159491963.06704342,159491963.06704333 
 11/05  07:00:00,,,164974967.89099047,164974967.8909904 
 11/05  08:00:00,,,151455403.5730578,151455403.57305774 
 11/05  09:00:00,,,140514247.027803,140514247.02780294 
 11/05  10:00:00,,,129181637.7590419,129181637.75904186 
 11/05  11:00:00,,,121504832.97897418,121504832.97897409 
 11/05  12:00:00,,,111983813.06322843,111983813.06322835 
 11/05  13:00:00,,,108035427.1407336,108035427.14073354 
 11/05  14:00:00,,,101594787.85375051,101594787.85375047 
 11/05  15:00:00,,,111915094.05626413,111915094.05626407 
 11/05  16:00:00,,,133305664.30751687,133305664.30751678 
 11/05  17:00:00,,,167911688.7025378,167911688.70253775 
 11/05  18:00:00,,,194966915.87484765,194966915.8748477 
 11/05  19:00:00,,,191385364.24421394,191385364.24421403 
 11/05  20:00:00,,,183417960.7017543,183417960.70175442 
 11/05  21:00:00,,,155971335.01460928,155971335.01460922 
 11/05  22:00:00,,,133113865.81523038,133113865.81523031 
 11/05  23:00:00,,,96861359.1521489,96861359.15214886 
 11/05  24:00:00,,,72766019.70720339,72766019.70720334 
 11/06  01:00:00,,,71149322.07197236,71149322.07197233 
 11/06  02:00:00,,,70943790.95782997,70943790.95782998 
 11/06  03:00:00,,,57505224.76372907,57505224.76372909 
 11/06  04:00:00,,,61337242.253402166,61337242.25340217 
 11/06  05:00:00,,,73410839.85546221,73410839.85546213 
 11/06  06:00:00,,,100033417.70278826,100033417.7027882 
 11/06  07:00:00,,,156645795.2035603,156645795.20356023 
 11/06  08:00:00,,,163351032.1481311,163351032.14813107 
 11/06  09:00:00,,,152986900.02461153,152986900.02461147 
 11/06  10:00:00,,,143994736.1445491,143994736.14454904 
 11/06  11:00:00,,,132002438.25544201,132002438.25544196 
 11/06  12:00:00,,,126024528.59079526,126024528.59079522 
 11/06  13:00:00,,,116525067.1256119,116525067.12561183 
 11/06  14:00:00,,,111857597.1872054,111857597.18720534 
 11/06  15:00:00,,,103101916.00079301,103101916.00079298 
 11/06  16:00:00,,,117335316.89186276,117335316.89186269 
 11/06  17:00:00,,,141832414.54571384,141832414.54571372 
 11/06  18:00:00,,,172139197.31414583,172139197.3141459 
 11/06  19:00:00,,,195682044.8420711,195682044.84207118 
 11/06  20:00:00,,,192487919.4917318,192487919.4917319 
 11/06  21:00:00,,,185590051.66445953,185590051.66445962 
 11/06  22:00:00,,,160417503.08787298,160417503.08787292 
 11/06  23:00:00,,,133591632.85043481,133591632.85043475 
 11/06  24:00:00,,,97592137.89419219,97592137.89419213 
 11/07  01:00:00,,,69407092.17345391,69407092.17345387 
 11/07  02:00:00,,,65556349.45809313,65556349.458093144 
 11/07  03:00:00,,,60206146.90869787,60206146.90869789 
 11/07  04:00:00,,,63092026.265046924,63092026.26504693 
 11/07  05:00:00,,,66047440.08415219,66047440.08415211 
 11/07  06:00:00,,,99177814.56214629,99177814.56214622 
 11/07  07:00:00,,,161123440.88019377,161123440.88019368 
 11/07  08:00:00,,,159542389.91959682,159542389.9195968 
 11/07  09:00:00,,,152819109.2351906,152819109.2351905 
 11/07  10:00:00,,,140372377.75458583,140372377.75458577 
 11/07  11:00:00,,,135788023.6676305,135788023.66763043 
 11/07  12:00:00,,,122041506.070871,122041506.07087092 
 11/07  13:00:00,,,119783212.51979141,119783212.51979136 
 11/07  14:00:00,,,110245125.51201618,110245125.51201612 
 11/07  15:00:00,,,102263241.87137829,102263241.87137824 
 11/07  16:00:00,,,119187319.15041643,119187319.15041637 
 11/07  17:00:00,,,134341266.7429949,134341266.74299482 
 11/07  18:00:00,,,178186927.93493396,178186927.93493402 
 11/07  19:00:00,,,195097341.77501294,195097341.77501303 
 11/07  20:00:00,,,191074332.64839652,191074332.6483966 
 11/07  21:00:00,,,185967330.1409713,185967330.14097142 
 11/07  22:00:00,,,156723473.6903256,156723473.69032556 
 11/07  23:00:00,,,133042270.36697756,133042270.3669775 
 11/07  24:00:00,,,97478944.21196978,97478944.21196967 
 11/08  01:00:00,,,72303598.87917405,72303598.87917402 
 11/08  02:00:00,,,66220697.69715334,66220697.69715336 
 11/08  03:00:00,,,61729757.64257452,61729757.642574534 
 11/08  04:00:00,,,62791826.096150965,62791826.09615097 
 11/08  05:00:00,,,69285686.95625457,69285686.9562545 
 11/08  06:00:00,,,100128416.89015089,100128416.89015082 
 11/08  07:00:00,,,156304454.14819252,156304454.1481924 
 11/08  08:00:00,,,164423920.67944673,164423920.67944667 
 11/08  09:00:00,,,151498758.5511944,151498758.55119434 
 11/08  10:00:00,,,144965428.06918508,144965428.069185 
 11/08  11:00:00,,,144893384.3246297,144893384.32462963 
 11/08  12:00:00,,,138617970.76650605,138617970.76650596 
 11/08  13:00:00,,,135025008.27765283,135025008.2776528 
 11/08  14:00:00,,,135374123.18555585,135374123.18555582 
 11/08  15:00:00,,,134087589.22580531,134087589.22580524 
 11/08  16:00:00,,,139457013.99719924,139457013.9971992 
 11/08  17:00:00,,,152297342.02284652,152297342.02284646 
 11/08  18:00:00,,,186548533.654794,186548533.65479398 
 11/08  19:00:00,,,199188820.72515056,199188820.72515061 
 11/08  20:00:00,,,202179239.1714897,202179239.17148975 
 11/08  21:00:00,,,188382684.7235581,188382684.72355822 
 11/08  22:00:00,,,163969051.65748498,163969051.6574849 
 11/08  23:00:00,,,132953966.3374528,132953966.33745271 
 11/08  24:00:00,,,99676902.89985329,99676902.89985321 
 11/09  01:00:00,,,73641676.09648345,73641676.09648341 
 11/09  02:00:00,,,66226895.007374875,66226895.007374875 
 11/09  03:00:00,,,62897022.18016754,62897022.180167556 
 11/09  04:00:00,,,59667781.36587785,59667781.36587787 
 11/09  05:00:00,,,71288079.34904864,71288079.34904857 
 11/09  06:00:00,,,98323473.73724133,98323473.73724127 
 11/09  07:00:00,,,159366653.12067556,159366653.1206755 
 11/09  08:00:00,,,161374016.34006596,161374016.34006593 
 11/09  09:00:00,,,153216505.31912032,153216505.31912023 
 11/09  10:00:00,,,140761988.72752038,140761988.72752032 
 11/09  11:00:00,,,134798848.2467277,134798848.24672762 
 11/09  12:00:00,,,126266012.18379736,126266012.18379727 
 11/09  13:00:00,,,115483647.75231859,115483647.75231853 
 11/09  14:00:00,,,111849865.78343968,111849865.7834396 
 11/09  15:00:00,,,106321001.40145835,106321001.40145828 
 11/09  16:00:00,,,120114140.53003098,120114140.5300309 
 11/09  17:00:00,,,137497473.71432918,137497473.71432912 
 11/09  18:00:00,,,175263765.0042979,175263765.00429794 
 11/09  19:00:00,,,195713069.56002614,195713069.56002623 
 11/09  20:00:00,,,193308658.12669158,193308658.12669164 
 11/09  21:00:00,,,184518951.67534006,184518951.67534018 
 11/09  22:00:00,,,160833454.5863144,160833454.58631432 
 11/09  23:00:00,,,131633909.84413731,131633909.84413724 
 11/09  24:00:00,,,98371978.38795039,98371978.38795033 
 11/10  01:00:00,,,69893893.05325712,69893893.0532571 
 11/10  02:00:00,,,65657085.692550994,65657085.69255101 
 11/10  03:00:00,,,62774812.357691854,62774812.357691884 
 11/10  04:00:00,,,59128447.32835384,59128447.32835385 
 11/10  05:00:00,,,71704500.24291167,71704500.24291159 
 11/10  06:00:00,,,100071827.3244907,100071827.32449062 
 11/10  07:00:00,,,159106368.28769243,159106368.28769234 
 11/10  08:00:00,,,162471207.254057,162471207.25405693 
 11/10  09:00:00,,,152625488.84947595,152625488.8494759 
 11/10  10:00:00,,,140644837.39972472,140644837.39972463 
 11/10  11:00:00,,,134820800.82908788,134820800.82908782 
 11/10  12:00:00,,,127377116.73143841,127377116.73143834 
 11/10  13:00:00,,,117512045.9808011,117512045.98080108 
 11/10  14:00:00,,,113250231.43986364,113250231.43986356 
 11/10  15:00:00,,,103898432.64166173,103898432.64166167 
 11/10  16:00:00,,,119118455.78376809,119118455.78376803 
 11/10  17:00:00,,,140575845.2937442,140575845.29374412 
 11/10  18:00:00,,,174308853.27162853,174308853.27162862 
 11/10  19:00:00,,,195125692.10700008,195125692.10700014 
 11/10  20:00:00,,,194567098.75741524,194567098.75741532 
 11/10  21:00:00,,,185520760.85105348,185520760.8510536 
 11/10  22:00:00,,,159721524.21169433,159721524.2116943 
 11/10  23:00:00,,,132926083.38819776,132926083.38819768 
 11/10  24:00:00,,,96623560.90835238,96623560.9083523 
 11/11  01:00:00,,,72323980.43008596,72323980.43008591 
 11/11  02:00:00,,,65727611.36836916,65727611.36836916 
 11/11  03:00:00,,,60267651.05928366,60267651.059283674 
 11/11  04:00:00,,,62367460.231882155,62367460.23188216 
 11/11  05:00:00,,,68144770.08290361,68144770.08290353 
 11/11  06:00:00,,,99913334.53665465,99913334.53665458 
 11/11  07:00:00,,,159613268.78766894,159613268.78766888 
 11/11  08:00:00,,,160739487.90092272,160739487.90092263 
 11/11  09:00:00,,,149758511.6877149,149758511.68771482 
 11/11  10:00:00,,,138049948.24415857,138049948.2441585 
 11/11  11:00:00,,,134091376.7228873,134091376.72288725 
 11/11  12:00:00,,,121907838.31180002,121907838.31179994 
 11/11  13:00:00,,,112439680.34530354,112439680.34530345 
 11/11  14:00:00,,,108110387.39123711,108110387.39123704 
 11/11  15:00:00,,,101500995.67749922,101500995.6774992 
 11/11  16:00:00,,,111720114.57155119,111720114.57155111 
 11/11  17:00:00,,,135424452.38505733,135424452.38505724 
 11/11  18:00:00,,,175773373.36327532,175773373.36327535 
 11/11  19:00:00,,,193956105.8878372,193956105.88783735 
 11/11  20:00:00,,,190059235.05793196,190059235.05793205 
 11/11  21:00:00,,,187151302.56545272,187151302.5654528 
 11/11  22:00:00,,,158949762.60925472,158949762.6092547 
 11/11  23:00:00,,,132771307.0753574,132771307.07535738 
 11/11  24:00:00,,,97477065.16615842,97477065.16615835 
 11/12  01:00:00,,,68115649.99947181,68115649.9994718 
 11/12  02:00:00,,,65972696.42437066,65972696.42437068 
 11/12  03:00:00,,,62296655.39809605,62296655.39809607 
 11/12  04:00:00,,,60037548.7332118,60037548.7332118 
 11/12  05:00:00,,,66713495.655018315,66713495.655018255 
 11/12  06:00:00,,,101161999.29595122,101161999.29595116 
 11/12  07:00:00,,,159391914.76750126,159391914.76750118 
 11/12  08:00:00,,,160100257.05861592,160100257.05861586 
 11/12  09:00:00,,,150055861.68891323,150055861.68891317 
 11/12  10:00:00,,,137897019.51278263,137897019.51278257 
 11/12  11:00:00,,,132112510.7997416,132112510.79974154 
 11/12  12:00:00,,,120579497.10674223,120579497.10674217 
 11/12  13:00:00,,,114637971.75855953,114637971.75855947 
 11/12  14:00:00,,,107627659.26855078,107627659.26855071 
 11/12  15:00:00,,,100364688.16501963,100364688.1650196 
 11/12  16:00:00,,,115096210.29079562,115096210.29079558 
 11/12  17:00:00,,,136279352.8546779,136279352.8546778 
 11/12  18:00:00,,,172309485.41921568,172309485.4192157 
 11/12  19:00:00,,,194003511.31549394,194003511.31549406 
 11/12  20:00:00,,,193128406.84880233,193128406.8488024 
 11/12  21:00:00,,,183436846.50841504,183436846.50841513 
 11/12  22:00:00,,,157783468.39731795,157783468.39731786 
 11/12  23:00:00,,,135086643.45685798,135086643.4568579 
 11/12  24:00:00,,,94861137.09403037,94861137.09403029 
 11/13  01:00:00,,,71956990.18983766,71956990.18983763 
 11/13  02:00:00,,,64047321.34697008,64047321.34697009 
 11/13  03:00:00,,,63025635.63710391,63025635.63710393 
 11/13  04:00:00,,,62211913.732604176,62211913.7326042 
 11/13  05:00:00,,,70372298.07233687,70372298.07233681 
 11/13  06:00:00,,,96585231.75302665,96585231.7530266 
 11/13  07:00:00,,,159750954.61261338,159750954.61261332 
 11/13  08:00:00,,,162794137.40595412,162794137.405954 
 11/13  09:00:00,,,149800601.69862926,149800601.69862917 
 11/13  10:00:00,,,142639125.69548938,142639125.69548932 
 11/13  11:00:00,,,132780420.62192813,132780420.62192807 
 11/13  12:00:00,,,120733258.74935183,120733258.74935174 
 11/13  13:00:00,,,116297887.16230401,116297887.16230392 
 11/13  14:00:00,,,108210553.92841704,108210553.92841697 
 11/13  15:00:00,,,102879944.77204977,102879944.77204971 
 11/13  16:00:00,,,113096092.29430693,113096092.29430687 
 11/13  17:00:00,,,138241971.373465,138241971.37346494 
 11/13  18:00:00,,,176535210.50850296,176535210.508503 
 11/13  19:00:00,,,192729358.2526777,192729358.2526778 
 11/13  20:00:00,,,194793781.84652743,194793781.8465275 
 11/13  21:00:00,,,186827679.74320245,186827679.7432026 
 11/13  22:00:00,,,158759436.91013435,158759436.91013426 
 11/13  23:00:00,,,133025535.67790315,133025535.67790309 
 11/13  24:00:00,,,101460229.0725894,101460229.07258932 
 11/14  01:00:00,,,69216679.23450822,69216679.23450817 
 11/14  02:00:00,,,67249013.57200904,67249013.57200906 
 11/14  03:00:00,,,61715389.68376638,61715389.683766395 
 11/14  04:00:00,,,62141310.3175306,62141310.3175306 
 11/14  05:00:00,,,69755623.06649758,69755623.06649753 
 11/14  06:00:00,,,98676265.89387767,98676265.89387763 
 11/14  07:00:00,,,161915189.93281376,161915189.93281367 
 11/14  08:00:00,,,161159927.0299224,161159927.02992234 
 11/14  09:00:00,,,158006083.8404735,158006083.84047344 
 11/14  10:00:00,,,140826254.13427323,140826254.13427317 
 11/14  11:00:00,,,137908204.56312048,137908204.56312042 
 11/14  12:00:00,,,125584896.819626,125584896.81962591 
 11/14  13:00:00,,,116429251.70346057,116429251.70346054 
 11/14  14:00:00,,,111905411.38243482,111905411.38243473 
 11/14  15:00:00,,,105538360.82896724,105538360.82896721 
 11/14  16:00:00,,,116465418.10962214,116465418.10962208 
 11/14  17:00:00,,,138919325.07882,138919325.0788199 
 11/14  18:00:00,,,174300456.3748665,174300456.37486652 
 11/14  19:00:00,,,193084774.9672434,193084774.9672435 
 11/14  20:00:00,,,196324859.83342072,196324859.83342078 
 11/14  21:00:00,,,184606121.97579572,184606121.9757958 
 11/14  22:00:00,,,158235428.00644505,158235428.00644502 
 11/14  23:00:00,,,135289959.62067983,135289959.62067974 
 11/14  24:00:00,,,99883396.33444141,99883396.33444133 
 11/15  01:00:00,,,70612181.09604566,70612181.09604558 
 11/15  02:00:00,,,68762997.84503675,68762997.84503675 
 11/15  03:00:00,,,61805621.021756135,61805621.02175615 
 11/15  04:00:00,,,65441770.884328514,65441770.884328514 
 11/15  05:00:00,,,67899410.5560276,67899410.55602755 
 11/15  06:00:00,,,100317128.4697714,100317128.46977133 
 11/15  07:00:00,,,160820633.01091865,160820633.0109186 
 11/15  08:00:00,,,168394241.55251724,168394241.55251718 
 11/15  09:00:00,,,158300099.5767291,158300099.576729 
 11/15  10:00:00,,,140824340.19601285,140824340.19601274 
 11/15  11:00:00,,,139242455.94559342,139242455.94559336 
 11/15  12:00:00,,,127186860.44425374,127186860.44425365 
 11/15  13:00:00,,,117907053.65326586,117907053.65326582 
 11/15  14:00:00,,,111578772.38583833,111578772.38583826 
 11/15  15:00:00,,,108561567.40885049,108561567.40885043 
 11/15  16:00:00,,,120226352.43511309,120226352.435113 
 11/15  17:00:00,,,139632562.5169409,139632562.51694083 
 11/15  18:00:00,,,174963008.72101837,174963008.72101837 
 11/15  19:00:00,,,196456680.02041134,196456680.02041143 
 11/15  20:00:00,,,194065812.0203147,194065812.0203148 
 11/15  21:00:00,,,188960303.37520608,188960303.37520617 
 11/15  22:00:00,,,159216964.86004153,159216964.86004147 
 11/15  23:00:00,,,138040636.17417637,138040636.1741763 
 11/15  24:00:00,,,100988068.68902743,100988068.68902734 
 11/16  01:00:00,,,69763057.51215011,69763057.51215003 
 11/16  02:00:00,,,71219698.4233813,71219698.42338127 
 11/16  03:00:00,,,61621883.60316235,61621883.60316235 
 11/16  04:00:00,,,67149420.30665416,67149420.30665417 
 11/16  05:00:00,,,70284038.09092844,70284038.0909284 
 11/16  06:00:00,,,101312920.10354507,101312920.10354501 
 11/16  07:00:00,,,164457427.9399288,164457427.9399287 
 11/16  08:00:00,,,161822655.7097409,161822655.70974082 
 11/16  09:00:00,,,158318476.01638153,158318476.01638147 
 11/16  10:00:00,,,145376205.2591977,145376205.25919765 
 11/16  11:00:00,,,133102946.87920284,133102946.87920278 
 11/16  12:00:00,,,127040453.54453191,127040453.54453185 
 11/16  13:00:00,,,114365671.67115024,114365671.6711502 
 11/16  14:00:00,,,114562446.58463365,114562446.58463359 
 11/16  15:00:00,,,105436619.13280773,105436619.13280766 
 11/16  16:00:00,,,114342295.45259026,114342295.45259018 
 11/16  17:00:00,,,139668282.35076332,139668282.35076326 
 11/16  18:00:00,,,176522064.69156015,176522064.69156015 
 11/16  19:00:00,,,192478900.75300226,192478900.75300238 
 11/16  20:00:00,,,193739074.8339292,193739074.83392927 
 11/16  21:00:00,,,185733060.735749,185733060.73574913 
 11/16  22:00:00,,,160121813.80185753,160121813.80185747 
 11/16  23:00:00,,,133042624.8725279,133042624.87252785 
 11/16  24:00:00,,,100780742.7040025,100780742.70400241 
 11/17  01:00:00,,,69135142.52723598,69135142.52723591 
 11/17  02:00:00,,,67032760.59271427,67032760.59271428 
 11/17  03:00:00,,,63396716.48395611,63396716.48395614 
 11/17  04:00:00,,,61127967.2553279,61127967.25532792 
 11/17  05:00:00,,,68489865.75938007,68489865.75938003 
 11/17  06:00:00,,,98582224.36824322,98582224.36824313 
 11/17  07:00:00,,,164087061.31241712,164087061.31241706 
 11/17  08:00:00,,,163558181.47351205,163558181.473512 
 11/17  09:00:00,,,156674672.72302198,156674672.72302192 
 11/17  10:00:00,,,143044673.6450539,143044673.6450538 
 11/17  11:00:00,,,134208653.10980959,134208653.10980952 
 11/17  12:00:00,,,126769842.72150186,126769842.7215018 
 11/17  13:00:00,,,114687708.66202718,114687708.66202714 
 11/17  14:00:00,,,112136731.0832279,112136731.08322784 
 11/17  15:00:00,,,105095300.51720265,105095300.51720262 
 11/17  16:00:00,,,117779567.97608699,117779567.97608691 
 11/17  17:00:00,,,140164538.00965428,140164538.0096542 
 11/17  18:00:00,,,174586324.74639148,174586324.7463915 
 11/17  19:00:00,,,195893856.8225269,195893856.822527 
 11/17  20:00:00,,,191420813.671165,191420813.67116508 
 11/17  21:00:00,,,185678102.10988948,185678102.10988957 
 11/17  22:00:00,,,158308832.0152231,158308832.01522303 
 11/17  23:00:00,,,135381055.64141688,135381055.64141682 
 11/17  24:00:00,,,96736280.04227488,96736280.0422748 
 11/18  01:00:00,,,75937887.37310652,75937887.37310643 
 11/18  02:00:00,,,62346110.351401135,62346110.35140116 
 11/18  03:00:00,,,66588815.52142316,66588815.52142317 
 11/18  04:00:00,,,61550264.997531824,61550264.99753183 
 11/18  05:00:00,,,68746647.97963896,68746647.9796389 
 11/18  06:00:00,,,100814645.05739754,100814645.05739748 
 11/18  07:00:00,,,163287607.24670228,163287607.24670222 
 11/18  08:00:00,,,162568346.51121065,162568346.51121053 
 11/18  09:00:00,,,153063390.0206563,153063390.02065623 
 11/18  10:00:00,,,141947014.39399353,141947014.3939934 
 11/18  11:00:00,,,131576535.23131639,131576535.23131633 
 11/18  12:00:00,,,124643495.67304204,124643495.673042 
 11/18  13:00:00,,,113141829.09874995,113141829.09874988 
 11/18  14:00:00,,,107437134.48206499,107437134.48206495 
 11/18  15:00:00,,,105252185.65847623,105252185.6584762 
 11/18  16:00:00,,,112920906.14168598,112920906.14168589 
 11/18  17:00:00,,,137008024.08109334,137008024.0810933 
 11/18  18:00:00,,,176290867.0168377,176290867.01683772 
 11/18  19:00:00,,,194419389.79833904,194419389.79833913 
 11/18  20:00:00,,,192891083.1859973,192891083.18599746 
 11/18  21:00:00,,,185967030.82413745,185967030.82413757 
 11/18  22:00:00,,,158414393.39845708,158414393.39845702 
 11/18  23:00:00,,,133953772.84020332,133953772.84020324 
 11/18  24:00:00,,,97963887.58400492,97963887.58400488 
 11/19  01:00:00,,,70659093.30627644,70659093.30627638 
 11/19  02:00:00,,,66187648.03436822,66187648.03436822 
 11/19  03:00:00,,,63523773.57854502,63523773.578545034 
 11/19  04:00:00,,,62284524.03314846,62284524.03314847 
 11/19  05:00:00,,,69064856.27787776,69064856.2778777 
 11/19  06:00:00,,,101947747.88626604,101947747.88626596 
 11/19  07:00:00,,,160755289.67604062,160755289.67604053 
 11/19  08:00:00,,,164695845.62498274,164695845.62498268 
 11/19  09:00:00,,,150781457.15970522,150781457.15970516 
 11/19  10:00:00,,,141528488.3489833,141528488.3489832 
 11/19  11:00:00,,,135235761.68080178,135235761.68080172 
 11/19  12:00:00,,,120799909.70877874,120799909.70877868 
 11/19  13:00:00,,,115537972.87954696,115537972.87954687 
 11/19  14:00:00,,,108836334.82331741,108836334.82331738 
 11/19  15:00:00,,,103686416.94445734,103686416.94445728 
 11/19  16:00:00,,,111784511.34410289,111784511.34410281 
 11/19  17:00:00,,,135471012.8616966,135471012.86169657 
 11/19  18:00:00,,,177527781.58341038,177527781.5834104 
 11/19  19:00:00,,,193219389.73845312,193219389.7384532 
 11/19  20:00:00,,,193785708.0159325,193785708.01593262 
 11/19  21:00:00,,,184890406.99201295,184890406.99201307 
 11/19  22:00:00,,,159007025.54847866,159007025.5484786 
 11/19  23:00:00,,,132210484.56365073,132210484.56365065 
 11/19  24:00:00,,,99179530.06162073,99179530.06162068 
 11/20  01:00:00,,,68282426.09057413,68282426.09057412 
 11/20  02:00:00,,,67048862.88791183,67048862.88791184 
 11/20  03:00:00,,,61599643.07368994,61599643.07368995 
 11/20  04:00:00,,,62812700.9357857,62812700.935785726 
 11/20  05:00:00,,,66540710.92760308,66540710.92760302 
 11/20  06:00:00,,,99793621.09721038,99793621.0972103 
 11/20  07:00:00,,,159981641.46138215,159981641.4613821 
 11/20  08:00:00,,,164274123.671706,164274123.67170593 
 11/20  09:00:00,,,154795385.62100044,154795385.6210004 
 11/20  10:00:00,,,142846153.330678,142846153.33067793 
 11/20  11:00:00,,,136645882.3586061,136645882.358606 
 11/20  12:00:00,,,126443025.36216666,126443025.3621666 
 11/20  13:00:00,,,113780541.22486967,113780541.22486962 
 11/20  14:00:00,,,111016439.2519969,111016439.25199686 
 11/20  15:00:00,,,107109571.64078927,107109571.64078923 
 11/20  16:00:00,,,114344805.79718718,114344805.79718715 
 11/20  17:00:00,,,137913003.39037094,137913003.3903709 
 11/20  18:00:00,,,179305003.94704837,179305003.94704846 
 11/20  19:00:00,,,194159430.34402823,194159430.34402835 
 11/20  20:00:00,,,191486035.14873564,191486035.14873576 
 11/20  21:00:00,,,188181190.16690156,188181190.16690162 
 11/20  22:00:00,,,158508183.22410482,158508183.2241048 
 11/20  23:00:00,,,134224726.93853712,134224726.93853706 
 11/20  24:00:00,,,98407374.80943689,98407374.80943681 
 11/21  01:00:00,,,71930599.00867091,71930599.00867085 
 11/21  02:00:00,,,64862979.901092455,64862979.90109246 
 11/21  03:00:00,,,63912463.76813893,63912463.768138945 
 11/21  04:00:00,,,64144007.27404477,64144007.274044774 
 11/21  05:00:00,,,69048577.13371873,69048577.13371867 
 11/21  06:00:00,,,98251533.83595327,98251533.8359532 
 11/21  07:00:00,,,163434282.28845856,163434282.28845847 
 11/21  08:00:00,,,166053043.13907796,166053043.1390779 
 11/21  09:00:00,,,154500533.88763416,154500533.88763407 
 11/21  10:00:00,,,144182754.13346934,144182754.13346928 
 11/21  11:00:00,,,141953789.4131594,141953789.41315934 
 11/21  12:00:00,,,124704948.08105163,124704948.08105157 
 11/21  13:00:00,,,118829997.4154891,118829997.41548903 
 11/21  14:00:00,,,110250081.76910335,110250081.76910327 
 11/21  15:00:00,,,105116743.31548244,105116743.31548238 
 11/21  16:00:00,,,118775719.17517701,118775719.17517695 
 11/21  17:00:00,,,144120626.1223287,144120626.12232864 
 11/21  18:00:00,,,173776641.55696777,173776641.55696777 
 11/21  19:00:00,,,196149585.2625054,196149585.2625055 
 11/21  20:00:00,,,192532897.64465812,192532897.64465824 
 11/21  21:00:00,,,189461298.9140615,189461298.91406158 
 11/21  22:00:00,,,158316832.39513573,158316832.39513567 
 11/21  23:00:00,,,138250256.61884743,138250256.61884737 
 11/21  24:00:00,,,98866724.17626844,98866724.17626837 
 11/22  01:00:00,,,72045075.57153848,72045075.5715384 
 11/22  02:00:00,,,65113385.322610885,65113385.322610885 
 11/22  03:00:00,,,66789417.65177124,66789417.65177125 
 11/22  04:00:00,,,62911608.744839706,62911608.74483972 
 11/22  05:00:00,,,67005558.87539096,67005558.87539093 
 11/22  06:00:00,,,102200381.88532862,102200381.88532856 
 11/22  07:00:00,,,163919639.75078058,163919639.75078052 
 11/22  08:00:00,,,167239037.68770143,167239037.68770134 
 11/22  09:00:00,,,156941573.77109045,156941573.7710904 
 11/22  10:00:00,,,143159439.637235,143159439.6372349 
 11/22  11:00:00,,,140498242.8806383,140498242.8806382 
 11/22  12:00:00,,,124808987.23865607,124808987.23865601 
 11/22  13:00:00,,,118809892.07767086,118809892.07767081 
 11/22  14:00:00,,,112614139.55756702,112614139.55756694 
 11/22  15:00:00,,,102482266.87307295,102482266.87307289 
 11/22  16:00:00,,,119008281.47778907,119008281.47778901 
 11/22  17:00:00,,,141353419.4767946,141353419.47679454 
 11/22  18:00:00,,,173546731.09090227,173546731.09090233 
 11/22  19:00:00,,,196917337.9639042,196917337.96390432 
 11/22  20:00:00,,,193939493.31785402,193939493.31785414 
 11/22  21:00:00,,,185345433.54008427,185345433.54008442 
 11/22  22:00:00,,,161382645.75246668,161382645.75246662 
 11/22  23:00:00,,,134882320.26811463,134882320.26811463 
 11/22  24:00:00,,,100613346.65749428,100613346.6574942 
 11/23  01:00:00,,,73459336.55725002,73459336.55724996 
 11/23  02:00:00,,,65505410.797327206,65505410.79732719 
 11/23  03:00:00,,,66517336.93730798,66517336.93730798 
 11/23  04:00:00,,,63797257.7815831,63797257.781583115 
 11/23  05:00:00,,,72078188.43740493,72078188.4374049 
 11/23  06:00:00,,,101095863.48399776,101095863.48399769 
 11/23  07:00:00,,,164162085.96844533,164162085.96844524 
 11/23  08:00:00,,,167145220.09259394,167145220.09259385 
 11/23  09:00:00,,,153615565.06288856,153615565.0628885 
 11/23  10:00:00,,,141435587.66659293,141435587.6665929 
 11/23  11:00:00,,,133516976.23238887,133516976.23238881 
 11/23  12:00:00,,,122864403.24191943,122864403.24191935 
 11/23  13:00:00,,,113979219.70273235,113979219.70273227 
 11/23  14:00:00,,,111075078.63475972,111075078.6347597 
 11/23  15:00:00,,,102878282.27051368,102878282.27051365 
 11/23  16:00:00,,,113410154.55013554,113410154.55013546 
 11/23  17:00:00,,,139988749.43161306,139988749.431613 
 11/23  18:00:00,,,174618611.15034816,174618611.15034822 
 11/23  19:00:00,,,193736298.66351846,193736298.66351855 
 11/23  20:00:00,,,194494632.4554479,194494632.455448 
 11/23  21:00:00,,,183014709.60569367,183014709.60569376 
 11/23  22:00:00,,,163389584.73288575,163389584.7328857 
 11/23  23:00:00,,,129779270.86771335,129779270.86771327 
 11/23  24:00:00,,,101878278.61657262,101878278.61657253 
 11/24  01:00:00,,,67676510.59112966,67676510.59112963 
 11/24  02:00:00,,,69099928.7609827,69099928.7609827 
 11/24  03:00:00,,,61072396.135948226,61072396.13594824 
 11/24  04:00:00,,,59669416.52950994,59669416.529509954 
 11/24  05:00:00,,,70598026.46484728,70598026.46484724 
 11/24  06:00:00,,,99762806.12751627,99762806.12751621 
 11/24  07:00:00,,,160414640.9146227,160414640.91462263 
 11/24  08:00:00,,,164555727.4731545,164555727.47315443 
 11/24  09:00:00,,,156068506.0284165,156068506.02841642 
 11/24  10:00:00,,,144314636.11841023,144314636.1184102 
 11/24  11:00:00,,,133900594.94847713,133900594.94847706 
 11/24  12:00:00,,,130525624.4022843,130525624.4022842 
 11/24  13:00:00,,,112206585.8522198,112206585.85221978 
 11/24  14:00:00,,,112842759.58329333,112842759.58329327 
 11/24  15:00:00,,,106957569.6502269,106957569.65022686 
 11/24  16:00:00,,,112465114.95991169,112465114.95991163 
 11/24  17:00:00,,,141075623.1653579,141075623.1653578 
 11/24  18:00:00,,,179863026.35414016,179863026.35414022 
 11/24  19:00:00,,,195723869.37643623,195723869.37643632 
 11/24  20:00:00,,,192072024.63299334,192072024.6329935 
 11/24  21:00:00,,,186248063.77634177,186248063.7763419 
 11/24  22:00:00,,,159366499.31285158,159366499.3128515 
 11/24  23:00:00,,,134126512.37052822,134126512.37052815 
 11/24  24:00:00,,,98208097.58272523,98208097.58272517 
 11/25  01:00:00,,,72920854.63741276,72920854.63741268 
 11/25  02:00:00,,,67332071.20769459,67332071.20769459 
 11/25  03:00:00,,,60681915.545800716,60681915.54580072 
 11/25  04:00:00,,,64521859.010747954,64521859.01074797 
 11/25  05:00:00,,,67408366.6971735,67408366.69717346 
 11/25  06:00:00,,,100969741.82578337,100969741.82578327 
 11/25  07:00:00,,,162224751.68665957,162224751.68665951 
 11/25  08:00:00,,,170188381.166201,170188381.16620094 
 11/25  09:00:00,,,154960356.54626378,154960356.5462637 
 11/25  10:00:00,,,141497713.1907215,141497713.19072145 
 11/25  11:00:00,,,135790116.06148818,135790116.0614881 
 11/25  12:00:00,,,123261675.18039404,123261675.18039396 
 11/25  13:00:00,,,117233119.38841572,117233119.38841566 
 11/25  14:00:00,,,109971821.29832153,109971821.29832149 
 11/25  15:00:00,,,106837060.55807975,106837060.5580797 
 11/25  16:00:00,,,116569169.69826818,116569169.69826812 
 11/25  17:00:00,,,142979416.94345868,142979416.94345862 
 11/25  18:00:00,,,173479108.92656136,173479108.92656136 
 11/25  19:00:00,,,200618568.99041685,200618568.99041694 
 11/25  20:00:00,,,196115689.9973075,196115689.99730763 
 11/25  21:00:00,,,186599397.63385367,186599397.63385373 
 11/25  22:00:00,,,163012868.18570364,163012868.18570358 
 11/25  23:00:00,,,138995880.17016998,138995880.17016992 
 11/25  24:00:00,,,100859892.23639862,100859892.23639858 
 11/26  01:00:00,,,74358878.1597375,74358878.15973748 
 11/26  02:00:00,,,66538029.58339354,66538029.583393484 
 11/26  03:00:00,,,68997386.60805954,68997386.60805951 
 11/26  04:00:00,,,65587496.6272264,65587496.627226375 
 11/26  05:00:00,,,71340509.50222428,71340509.50222428 
 11/26  06:00:00,,,106189860.69723502,106189860.69723496 
 11/26  07:00:00,,,166474694.9415327,166474694.9415326 
 11/26  08:00:00,,,167358231.84410936,167358231.8441093 
 11/26  09:00:00,,,156984248.40484282,156984248.40484273 
 11/26  10:00:00,,,143614238.0238548,143614238.02385473 
 11/26  11:00:00,,,135787884.4401271,135787884.44012702 
 11/26  12:00:00,,,121944633.21890938,121944633.2189093 
 11/26  13:00:00,,,119651577.14916873,119651577.14916867 
 11/26  14:00:00,,,111262016.38118711,111262016.38118705 
 11/26  15:00:00,,,102223376.84929928,102223376.84929924 
 11/26  16:00:00,,,114981559.23300038,114981559.2330003 
 11/26  17:00:00,,,141205326.30007353,141205326.30007342 
 11/26  18:00:00,,,179305207.2402484,179305207.24024844 
 11/26  19:00:00,,,193836529.8238628,193836529.82386288 
 11/26  20:00:00,,,195072596.317329,195072596.31732905 
 11/26  21:00:00,,,190266627.02713776,190266627.02713788 
 11/26  22:00:00,,,162216468.63885236,162216468.63885227 
 11/26  23:00:00,,,136519097.69071287,136519097.6907128 
 11/26  24:00:00,,,99371972.43385197,99371972.4338519 
 11/27  01:00:00,,,69483888.27412945,69483888.27412939 
 11/27  02:00:00,,,69142158.59932326,69142158.59932324 
 11/27  03:00:00,,,63832787.35723609,63832787.3572361 
 11/27  04:00:00,,,63578782.18376626,63578782.18376626 
 11/27  05:00:00,,,72858101.65517059,72858101.65517054 
 11/27  06:00:00,,,101227783.43272217,101227783.43272209 
 11/27  07:00:00,,,163503453.2955705,163503453.29557043 
 11/27  08:00:00,,,168508434.4109192,168508434.41091913 
 11/27  09:00:00,,,159423493.03046688,159423493.0304668 
 11/27  10:00:00,,,144653910.0504435,144653910.05044338 
 11/27  11:00:00,,,142579811.954934,142579811.95493394 
 11/27  12:00:00,,,126232636.68142468,126232636.6814246 
 11/27  13:00:00,,,118159144.25616921,118159144.25616914 
 11/27  14:00:00,,,111703954.85390261,111703954.85390255 
 11/27  15:00:00,,,108721633.90947264,108721633.9094726 
 11/27  16:00:00,,,118661089.52962002,118661089.52961996 
 11/27  17:00:00,,,142946690.7861566,142946690.78615654 
 11/27  18:00:00,,,176312873.576114,176312873.576114 
 11/27  19:00:00,,,198082610.73824236,198082610.73824245 
 11/27  20:00:00,,,196145372.5041541,196145372.50415415 
 11/27  21:00:00,,,183841343.34360942,183841343.34360954 
 11/27  22:00:00,,,162958209.4864344,162958209.4864343 
 11/27  23:00:00,,,135632142.6723244,135632142.6723243 
 11/27  24:00:00,,,101779078.450804,101779078.45080394 
 11/28  01:00:00,,,71091025.76889683,71091025.76889674 
 11/28  02:00:00,,,68946123.2510521,68946123.25105208 
 11/28  03:00:00,,,64052313.902037166,64052313.90203717 
 11/28  04:00:00,,,62267552.18915167,62267552.18915168 
 11/28  05:00:00,,,72525235.39154056,72525235.39154053 
 11/28  06:00:00,,,100829708.65310231,100829708.65310225 
 11/28  07:00:00,,,165180915.15785956,165180915.1578595 
 11/28  08:00:00,,,167381840.5335187,167381840.53351864 
 11/28  09:00:00,,,157811723.5899237,157811723.58992362 
 11/28  10:00:00,,,147114472.44802728,147114472.44802722 
 11/28  11:00:00,,,139318264.97547382,139318264.9754738 
 11/28  12:00:00,,,127386317.3055765,127386317.30557641 
 11/28  13:00:00,,,118107867.96342716,118107867.96342708 
 11/28  14:00:00,,,111420942.9675302,111420942.96753013 
 11/28  15:00:00,,,107460018.28946786,107460018.2894678 
 11/28  16:00:00,,,117396036.06686647,117396036.0668664 
 11/28  17:00:00,,,142197986.50663415,142197986.50663406 
 11/28  18:00:00,,,177815142.1022048,177815142.10220486 
 11/28  19:00:00,,,199321708.09280923,199321708.09280932 
 11/28  20:00:00,,,192514984.3825645,192514984.3825646 
 11/28  21:00:00,,,188350758.51838675,188350758.5183868 
 11/28  22:00:00,,,162682012.5573273,162682012.5573272 
 11/28  23:00:00,,,134723881.58206815,134723881.5820681 
 11/28  24:00:00,,,99146646.448339,99146646.44833893 
 11/29  01:00:00,,,76299816.26412362,76299816.26412354 
 11/29  02:00:00,,,67658030.82303919,67658030.82303916 
 11/29  03:00:00,,,65138812.36195722,65138812.36195724 
 11/29  04:00:00,,,62610663.69716196,62610663.69716197 
 11/29  05:00:00,,,70929531.12623176,70929531.12623173 
 11/29  06:00:00,,,103273153.21707785,103273153.21707778 
 11/29  07:00:00,,,163317932.54530323,163317932.5453031 
 11/29  08:00:00,,,167981658.59494114,167981658.5949411 
 11/29  09:00:00,,,161074700.9446079,161074700.94460785 
 11/29  10:00:00,,,145340908.64010233,145340908.64010227 
 11/29  11:00:00,,,138923538.10812113,138923538.1081211 
 11/29  12:00:00,,,126635503.44831619,126635503.44831613 
 11/29  13:00:00,,,121877794.03712639,121877794.03712633 
 11/29  14:00:00,,,111908280.41475247,111908280.4147524 
 11/29  15:00:00,,,106536288.126097,106536288.12609692 
 11/29  16:00:00,,,119130573.88266818,119130573.8826681 
 11/29  17:00:00,,,144616230.6842244,144616230.6842243 
 11/29  18:00:00,,,176702493.14931405,176702493.14931405 
 11/29  19:00:00,,,199582852.88139564,199582852.88139573 
 11/29  20:00:00,,,194025366.5578362,194025366.55783632 
 11/29  21:00:00,,,188326319.7671839,188326319.767184 
 11/29  22:00:00,,,162281324.47775617,162281324.4777561 
 11/29  23:00:00,,,134551548.38616914,134551548.38616905 
 11/29  24:00:00,,,99441053.66484998,99441053.6648499 
 11/30  01:00:00,,,75565854.91247264,75565854.91247255 
 11/30  02:00:00,,,68582106.44690484,68582106.44690482 
 11/30  03:00:00,,,64873481.982611686,64873481.9826117 
 11/30  04:00:00,,,60673953.20782523,60673953.207825236 
 11/30  05:00:00,,,73366526.85147582,73366526.85147576 
 11/30  06:00:00,,,101446449.33532666,101446449.33532658 
 11/30  07:00:00,,,163303792.26371422,163303792.26371413 
 11/30  08:00:00,,,168121140.81710953,168121140.81710947 
 11/30  09:00:00,,,161364202.3113496,161364202.3113495 
 11/30  10:00:00,,,147119717.2329414,147119717.23294133 
 11/30  11:00:00,,,137955440.90653607,137955440.90653604 
 11/30  12:00:00,,,127248636.00642245,127248636.00642236 
 11/30  13:00:00,,,122461403.76206595,122461403.76206592 
 11/30  14:00:00,,,113552309.92701729,113552309.92701721 
 11/30  15:00:00,,,107816064.67401132,107816064.67401126 
 11/30  16:00:00,,,120939804.90099779,120939804.9009977 
 11/30  17:00:00,,,143448202.41327244,143448202.41327238 
 11/30  18:00:00,,,179747480.65153876,179747480.65153873 
 11/30  19:00:00,,,200744901.26587585,200744901.26587594 
 11/30  20:00:00,,,196227344.3204779,196227344.32047802 
 11/30  21:00:00,,,186624199.57313305,186624199.57313317 
 11/30  22:00:00,,,163492270.43101716,163492270.43101713 
 11/30  23:00:00,,,135913788.52734256,135913788.5273425 
 11/30  24:00:00,91689584229.41646,24028904154.809258,102297982.61833811,102297982.61833805 
 12/01  01:00:00,,,75680661.07971027,75680661.07971023 
 12/01  02:00:00,,,68468667.33027357,68468667.33027351 
 12/01  03:00:00,,,65653774.08016379,65653774.08016377 
 12/01  04:00:00,,,65551745.86866998,65551745.86866999 
 12/01  05:00:00,,,70148663.34162614,70148663.34162611 
 12/01  06:00:00,,,102608298.10127144,102608298.10127135 
 12/01  07:00:00,,,166661992.463574,166661992.4635739 
 12/01  08:00:00,,,168743471.15235195,168743471.1523519 
 12/01  09:00:00,,,159965984.53573418,159965984.53573412 
 12/01  10:00:00,,,147446469.25016373,147446469.25016367 
 12/01  11:00:00,,,140135402.08508414,140135402.08508405 
 12/01  12:00:00,,,128068486.997296,128068486.99729595 
 12/01  13:00:00,,,117836605.72868092,117836605.72868086 
 12/01  14:00:00,,,113010869.97373605,113010869.973736 
 12/01  15:00:00,,,110613958.67158389,110613958.67158383 
 12/01  16:00:00,,,118098221.23697697,118098221.2369769 
 12/01  17:00:00,,,141091616.27664798,141091616.27664793 
 12/01  18:00:00,,,182569441.80844873,182569441.80844873 
 12/01  19:00:00,,,196180924.6186037,196180924.61860383 
 12/01  20:00:00,,,196283366.66996336,196283366.66996342 
 12/01  21:00:00,,,186843418.89389908,186843418.8938992 
 12/01  22:00:00,,,160212009.00847083,160212009.00847077 
 12/01  23:00:00,,,138999789.24839815,138999789.2483981 
 12/01  24:00:00,,,99788489.30476429,99788489.30476423 
 12/02  01:00:00,,,73817068.27266178,73817068.27266173 
 12/02  02:00:00,,,66833493.916609526,66833493.91660948 
 12/02  03:00:00,,,67492936.07881081,67492936.07881078 
 12/02  04:00:00,,,65434340.12396398,65434340.12396398 
 12/02  05:00:00,,,70645584.36716631,70645584.36716631 
 12/02  06:00:00,,,101878106.12109192,101878106.12109187 
 12/02  07:00:00,,,169623976.88250318,169623976.88250306 
 12/02  08:00:00,,,172776402.33077627,172776402.3307762 
 12/02  09:00:00,,,153258036.61657774,153258036.61657766 
 12/02  10:00:00,,,144039033.06782618,144039033.06782612 
 12/02  11:00:00,,,136758926.8543605,136758926.85436043 
 12/02  12:00:00,,,127328478.43799426,127328478.43799417 
 12/02  13:00:00,,,114248899.31087601,114248899.31087592 
 12/02  14:00:00,,,109413080.80369882,109413080.80369878 
 12/02  15:00:00,,,105014778.30803806,105014778.30803803 
 12/02  16:00:00,,,113120482.58766755,113120482.5876675 
 12/02  17:00:00,,,138700532.5104625,138700532.51046243 
 12/02  18:00:00,,,180161725.9573991,180161725.95739916 
 12/02  19:00:00,,,195429170.58092073,195429170.58092085 
 12/02  20:00:00,,,194487312.67913488,194487312.679135 
 12/02  21:00:00,,,190076472.04052216,190076472.04052225 
 12/02  22:00:00,,,159523529.5988292,159523529.5988291 
 12/02  23:00:00,,,136673188.18406865,136673188.1840686 
 12/02  24:00:00,,,98775281.46197152,98775281.46197148 
 12/03  01:00:00,,,73888306.46624249,73888306.46624242 
 12/03  02:00:00,,,63183311.80609947,63183311.806099474 
 12/03  03:00:00,,,67329101.57672349,67329101.57672349 
 12/03  04:00:00,,,61698352.15158907,61698352.151589096 
 12/03  05:00:00,,,66567436.0555761,66567436.05557605 
 12/03  06:00:00,,,102606783.44113451,102606783.44113447 
 12/03  07:00:00,,,164004933.47053653,164004933.47053644 
 12/03  08:00:00,,,169394420.00991127,169394420.0099112 
 12/03  09:00:00,,,154238451.07256454,154238451.07256445 
 12/03  10:00:00,,,140543286.26543546,140543286.2654354 
 12/03  11:00:00,,,135553339.19060022,135553339.1906002 
 12/03  12:00:00,,,127518844.75455943,127518844.75455937 
 12/03  13:00:00,,,123597504.01264037,123597504.0126403 
 12/03  14:00:00,,,122644632.27251366,122644632.2725136 
 12/03  15:00:00,,,115552570.80221543,115552570.80221543 
 12/03  16:00:00,,,121843451.68412164,121843451.68412158 
 12/03  17:00:00,,,147931693.3881477,147931693.38814765 
 12/03  18:00:00,,,177074862.79192066,177074862.79192066 
 12/03  19:00:00,,,198524056.42142376,198524056.42142382 
 12/03  20:00:00,,,194937337.69635564,194937337.69635576 
 12/03  21:00:00,,,190340481.67679888,190340481.676799 
 12/03  22:00:00,,,161253277.20355198,161253277.2035519 
 12/03  23:00:00,,,133141058.60395491,133141058.60395482 
 12/03  24:00:00,,,99241802.7123892,99241802.71238913 
 12/04  01:00:00,,,75592951.45129389,75592951.45129386 
 12/04  02:00:00,,,66995228.05946931,66995228.05946933 
 12/04  03:00:00,,,65000060.512928054,65000060.51292808 
 12/04  04:00:00,,,59885110.27019144,59885110.270191446 
 12/04  05:00:00,,,71749694.72996105,71749694.729961 
 12/04  06:00:00,,,100242612.67208204,100242612.67208196 
 12/04  07:00:00,,,162760021.13474107,162760021.134741 
 12/04  08:00:00,,,172747904.56848687,172747904.56848678 
 12/04  09:00:00,,,159276390.10472435,159276390.10472432 
 12/04  10:00:00,,,145984288.45751053,145984288.45751047 
 12/04  11:00:00,,,143432372.9359492,143432372.93594912 
 12/04  12:00:00,,,130968203.14712766,130968203.14712758 
 12/04  13:00:00,,,122507134.8710012,122507134.87100114 
 12/04  14:00:00,,,115744857.43932761,115744857.43932754 
 12/04  15:00:00,,,108204678.18199535,108204678.18199529 
 12/04  16:00:00,,,123664730.24448565,123664730.24448557 
 12/04  17:00:00,,,146651923.04255986,146651923.0425598 
 12/04  18:00:00,,,179277699.78174657,179277699.78174663 
 12/04  19:00:00,,,201582460.23573598,201582460.23573604 
 12/04  20:00:00,,,199930892.50951594,199930892.50951603 
 12/04  21:00:00,,,187845499.31416208,187845499.31416214 
 12/04  22:00:00,,,167326793.32174045,167326793.3217404 
 12/04  23:00:00,,,135256762.85289437,135256762.85289428 
 12/04  24:00:00,,,99213978.2665666,99213978.26656653 
 12/05  01:00:00,,,73093264.80261444,73093264.8026144 
 12/05  02:00:00,,,67162853.10140085,67162853.10140087 
 12/05  03:00:00,,,62777908.48619427,62777908.48619428 
 12/05  04:00:00,,,60410549.39074166,60410549.390741676 
 12/05  05:00:00,,,70964778.51786137,70964778.51786129 
 12/05  06:00:00,,,100635586.3148729,100635586.31487286 
 12/05  07:00:00,,,164099564.97654966,164099564.97654957 
 12/05  08:00:00,,,168626468.3405445,168626468.3405444 
 12/05  09:00:00,,,160303487.24187356,160303487.2418735 
 12/05  10:00:00,,,148379670.36215988,148379670.36215982 
 12/05  11:00:00,,,141722569.15257445,141722569.15257436 
 12/05  12:00:00,,,131155680.49753098,131155680.4975309 
 12/05  13:00:00,,,119949703.49403326,119949703.49403319 
 12/05  14:00:00,,,114601913.34179918,114601913.3417991 
 12/05  15:00:00,,,108971401.62104537,108971401.6210453 
 12/05  16:00:00,,,118129206.80011785,118129206.80011776 
 12/05  17:00:00,,,142972367.0119746,142972367.01197454 
 12/05  18:00:00,,,178909831.03338808,178909831.0333881 
 12/05  19:00:00,,,199340339.0796216,199340339.07962173 
 12/05  20:00:00,,,197012077.4146734,197012077.41467345 
 12/05  21:00:00,,,185317370.93014964,185317370.93014976 
 12/05  22:00:00,,,161335673.63090387,161335673.63090378 
 12/05  23:00:00,,,137539881.87195727,137539881.8719572 
 12/05  24:00:00,,,98900582.6679689,98900582.66796885 
 12/06  01:00:00,,,70733467.97130695,70733467.9713069 
 12/06  02:00:00,,,65904944.310592085,65904944.3105921 
 12/06  03:00:00,,,62077880.44728776,62077880.44728778 
 12/06  04:00:00,,,62071314.21986211,62071314.21986211 
 12/06  05:00:00,,,70588940.72400512,70588940.72400506 
 12/06  06:00:00,,,99848605.62912886,99848605.62912878 
 12/06  07:00:00,,,166718649.0697965,166718649.0697964 
 12/06  08:00:00,,,168967880.60889414,168967880.60889408 
 12/06  09:00:00,,,159314449.45049423,159314449.45049414 
 12/06  10:00:00,,,145591539.99696857,145591539.99696845 
 12/06  11:00:00,,,142067856.1422485,142067856.14224842 
 12/06  12:00:00,,,127109826.06205927,127109826.06205918 
 12/06  13:00:00,,,118686773.24708803,118686773.24708799 
 12/06  14:00:00,,,114015009.21972121,114015009.21972114 
 12/06  15:00:00,,,105594292.94008909,105594292.94008903 
 12/06  16:00:00,,,119140949.34087615,119140949.34087607 
 12/06  17:00:00,,,145476073.71302924,145476073.71302918 
 12/06  18:00:00,,,177887324.20074332,177887324.20074338 
 12/06  19:00:00,,,197788235.2649138,197788235.26491392 
 12/06  20:00:00,,,196658932.6750922,196658932.67509225 
 12/06  21:00:00,,,187344868.89064902,187344868.89064914 
 12/06  22:00:00,,,164042071.64698026,164042071.64698017 
 12/06  23:00:00,,,134922500.22739023,134922500.22739017 
 12/06  24:00:00,,,101478833.68194218,101478833.68194212 
 12/07  01:00:00,,,71057273.8000312,71057273.80003113 
 12/07  02:00:00,,,68521898.3316911,68521898.3316911 
 12/07  03:00:00,,,61372647.40766079,61372647.4076608 
 12/07  04:00:00,,,64427468.389686234,64427468.389686234 
 12/07  05:00:00,,,70955780.52759656,70955780.52759652 
 12/07  06:00:00,,,100202306.00326262,100202306.00326255 
 12/07  07:00:00,,,165683177.92534116,165683177.92534104 
 12/07  08:00:00,,,170702349.75870094,170702349.75870085 
 12/07  09:00:00,,,158721492.856312,158721492.85631192 
 12/07  10:00:00,,,146294921.00191098,146294921.00191092 
 12/07  11:00:00,,,141131801.06335428,141131801.0633542 
 12/07  12:00:00,,,126730961.5790843,126730961.57908425 
 12/07  13:00:00,,,117909115.49521247,117909115.4952124 
 12/07  14:00:00,,,116255313.26724602,116255313.26724596 
 12/07  15:00:00,,,103460465.81472681,103460465.81472676 
 12/07  16:00:00,,,119342397.73698513,119342397.73698504 
 12/07  17:00:00,,,144914373.11597702,144914373.11597693 
 12/07  18:00:00,,,177480507.58897623,177480507.58897623 
 12/07  19:00:00,,,196459457.25204057,196459457.25204065 
 12/07  20:00:00,,,196967766.0106951,196967766.0106952 
 12/07  21:00:00,,,191365775.54305157,191365775.54305166 
 12/07  22:00:00,,,159657211.4103599,159657211.41035983 
 12/07  23:00:00,,,138568645.00461102,138568645.00461096 
 12/07  24:00:00,,,100101454.38622919,100101454.38622914 
 12/08  01:00:00,,,71879834.93913554,71879834.93913546 
 12/08  02:00:00,,,68147267.75160645,68147267.75160642 
 12/08  03:00:00,,,61838421.77221811,61838421.77221812 
 12/08  04:00:00,,,66110605.38352237,66110605.38352237 
 12/08  05:00:00,,,69458999.42662476,69458999.42662472 
 12/08  06:00:00,,,101998142.85220179,101998142.85220172 
 12/08  07:00:00,,,166410335.8355931,166410335.835593 
 12/08  08:00:00,,,173030471.67616192,173030471.67616183 
 12/08  09:00:00,,,159890575.01314324,159890575.0131432 
 12/08  10:00:00,,,147242991.83055174,147242991.83055165 
 12/08  11:00:00,,,137104417.9292897,137104417.92928964 
 12/08  12:00:00,,,126944947.15633173,126944947.15633167 
 12/08  13:00:00,,,119970017.01313587,119970017.01313582 
 12/08  14:00:00,,,114005353.6790058,114005353.67900573 
 12/08  15:00:00,,,107373823.22590704,107373823.225907 
 12/08  16:00:00,,,116408057.89082617,116408057.89082609 
 12/08  17:00:00,,,143854501.21439835,143854501.2143983 
 12/08  18:00:00,,,181763135.8897084,181763135.88970837 
 12/08  19:00:00,,,195898163.28112602,195898163.28112614 
 12/08  20:00:00,,,195371347.69840452,195371347.69840464 
 12/08  21:00:00,,,190747642.08385423,190747642.08385432 
 12/08  22:00:00,,,159119446.18169066,159119446.1816906 
 12/08  23:00:00,,,138459460.16339165,138459460.1633916 
 12/08  24:00:00,,,100267878.22463804,100267878.22463797 
 12/09  01:00:00,,,77121559.91076078,77121559.91076073 
 12/09  02:00:00,,,64495720.35546615,64495720.35546613 
 12/09  03:00:00,,,67589219.12402333,67589219.12402335 
 12/09  04:00:00,,,63495420.92726581,63495420.92726582 
 12/09  05:00:00,,,71023312.01931445,71023312.01931441 
 12/09  06:00:00,,,101976160.63854165,101976160.63854158 
 12/09  07:00:00,,,164970888.08049747,164970888.0804974 
 12/09  08:00:00,,,173138562.00763828,173138562.0076382 
 12/09  09:00:00,,,154270984.89191946,154270984.89191937 
 12/09  10:00:00,,,145693708.8943372,145693708.89433718 
 12/09  11:00:00,,,139313240.90997124,139313240.90997118 
 12/09  12:00:00,,,122931828.63462785,122931828.63462774 
 12/09  13:00:00,,,120515659.61365597,120515659.6136559 
 12/09  14:00:00,,,108900620.6333184,108900620.6333183 
 12/09  15:00:00,,,108516408.72439015,108516408.7243901 
 12/09  16:00:00,,,115587325.46506175,115587325.46506168 
 12/09  17:00:00,,,140961771.37424126,140961771.37424117 
 12/09  18:00:00,,,178475505.64416894,178475505.64416894 
 12/09  19:00:00,,,200366164.61483514,200366164.61483526 
 12/09  20:00:00,,,199167333.40259364,199167333.40259373 
 12/09  21:00:00,,,185618947.06026334,185618947.06026343 
 12/09  22:00:00,,,164654657.09678495,164654657.09678486 
 12/09  23:00:00,,,136403437.93234327,136403437.9323432 
 12/09  24:00:00,,,101471153.25690459,101471153.25690453 
 12/10  01:00:00,,,71444497.80531463,71444497.80531457 
 12/10  02:00:00,,,66849458.70544161,66849458.70544158 
 12/10  03:00:00,,,65133850.216121174,65133850.21612121 
 12/10  04:00:00,,,62719425.77290549,62719425.7729055 
 12/10  05:00:00,,,74854086.63352157,74854086.63352156 
 12/10  06:00:00,,,101257423.38115785,101257423.38115779 
 12/10  07:00:00,,,163220788.91335863,163220788.9133586 
 12/10  08:00:00,,,172429565.80774224,172429565.80774215 
 12/10  09:00:00,,,158632854.85488182,158632854.85488173 
 12/10  10:00:00,,,143931056.00112915,143931056.0011291 
 12/10  11:00:00,,,140048183.34726956,140048183.3472695 
 12/10  12:00:00,,,123922012.9440512,123922012.94405113 
 12/10  13:00:00,,,120341454.38575199,120341454.38575189 
 12/10  14:00:00,,,113585032.63758616,113585032.63758609 
 12/10  15:00:00,,,101984807.86826372,101984807.86826366 
 12/10  16:00:00,,,119579920.38334845,119579920.38334838 
 12/10  17:00:00,,,142624065.27257863,142624065.27257857 
 12/10  18:00:00,,,182818601.02291405,182818601.02291405 
 12/10  19:00:00,,,196968423.67276943,196968423.67276958 
 12/10  20:00:00,,,197579919.30230385,197579919.30230394 
 12/10  21:00:00,,,193137283.28810227,193137283.28810236 
 12/10  22:00:00,,,164031872.29856223,164031872.29856217 
 12/10  23:00:00,,,137792805.9023909,137792805.90239084 
 12/10  24:00:00,,,100155949.2724967,100155949.27249663 
 12/11  01:00:00,,,75959359.10487027,75959359.10487023 
 12/11  02:00:00,,,66870992.15427147,66870992.15427145 
 12/11  03:00:00,,,65827951.624306634,65827951.62430664 
 12/11  04:00:00,,,65336417.06343404,65336417.06343406 
 12/11  05:00:00,,,69416837.22320884,69416837.22320881 
 12/11  06:00:00,,,103780623.20278838,103780623.20278832 
 12/11  07:00:00,,,165806895.90106004,165806895.90105996 
 12/11  08:00:00,,,174834727.43591872,174834727.43591863 
 12/11  09:00:00,,,156958192.74076846,156958192.7407684 
 12/11  10:00:00,,,148992942.33972833,148992942.33972827 
 12/11  11:00:00,,,141202749.99345598,141202749.99345595 
 12/11  12:00:00,,,127598645.389379,127598645.38937892 
 12/11  13:00:00,,,120164771.51194438,120164771.51194435 
 12/11  14:00:00,,,114165211.29603639,114165211.2960363 
 12/11  15:00:00,,,107747573.34374826,107747573.34374821 
 12/11  16:00:00,,,120726815.77487779,120726815.7748777 
 12/11  17:00:00,,,144788405.988435,144788405.9884349 
 12/11  18:00:00,,,180516542.36245137,180516542.36245143 
 12/11  19:00:00,,,198813653.40296358,198813653.40296367 
 12/11  20:00:00,,,199053518.31936625,199053518.3193663 
 12/11  21:00:00,,,188500919.56935388,188500919.569354 
 12/11  22:00:00,,,162444032.87221768,162444032.87221763 
 12/11  23:00:00,,,139404648.83352548,139404648.83352536 
 12/11  24:00:00,,,101764371.27856672,101764371.27856664 
 12/12  01:00:00,,,72536746.67415297,72536746.67415294 
 12/12  02:00:00,,,69142456.22886205,69142456.228862 
 12/12  03:00:00,,,65076775.99878514,65076775.99878515 
 12/12  04:00:00,,,61752608.87776866,61752608.87776868 
 12/12  05:00:00,,,74471638.15751432,74471638.15751427 
 12/12  06:00:00,,,100623091.60261293,100623091.60261287 
 12/12  07:00:00,,,164733105.15280524,164733105.15280518 
 12/12  08:00:00,,,175781990.10684997,175781990.10684994 
 12/12  09:00:00,,,160795876.2258526,160795876.22585255 
 12/12  10:00:00,,,147612042.7164297,147612042.71642962 
 12/12  11:00:00,,,142409294.24389428,142409294.2438942 
 12/12  12:00:00,,,128296440.48828524,128296440.48828518 
 12/12  13:00:00,,,115762862.5129585,115762862.51295845 
 12/12  14:00:00,,,117528361.24638392,117528361.24638385 
 12/12  15:00:00,,,106016823.32793754,106016823.32793751 
 12/12  16:00:00,,,116758033.8483853,116758033.84838526 
 12/12  17:00:00,,,147831317.39893326,147831317.39893323 
 12/12  18:00:00,,,178512695.33733374,178512695.33733377 
 12/12  19:00:00,,,197834538.73498872,197834538.73498878 
 12/12  20:00:00,,,196351726.32471067,196351726.32471076 
 12/12  21:00:00,,,188421865.03283104,188421865.03283113 
 12/12  22:00:00,,,162257193.55090395,162257193.55090386 
 12/12  23:00:00,,,136933443.42548174,136933443.42548168 
 12/12  24:00:00,,,103690312.31158738,103690312.31158732 
 12/13  01:00:00,,,71413313.13166666,71413313.1316666 
 12/13  02:00:00,,,68208419.90500095,68208419.90500093 
 12/13  03:00:00,,,65749178.89014952,65749178.89014953 
 12/13  04:00:00,,,63470611.512842074,63470611.51284209 
 12/13  05:00:00,,,70077535.88336353,70077535.8833635 
 12/13  06:00:00,,,102609189.59787694,102609189.59787688 
 12/13  07:00:00,,,166746040.71014374,166746040.71014366 
 12/13  08:00:00,,,173501311.3944543,173501311.39445424 
 12/13  09:00:00,,,162106047.92013273,162106047.9201327 
 12/13  10:00:00,,,146887911.396302,146887911.39630195 
 12/13  11:00:00,,,139741494.74353844,139741494.74353838 
 12/13  12:00:00,,,128877806.58614677,128877806.58614671 
 12/13  13:00:00,,,121088073.56957573,121088073.56957568 
 12/13  14:00:00,,,115217388.63023089,115217388.63023083 
 12/13  15:00:00,,,108088218.46739943,108088218.46739939 
 12/13  16:00:00,,,118251569.27329145,118251569.27329138 
 12/13  17:00:00,,,143662443.4355182,143662443.43551815 
 12/13  18:00:00,,,180052749.5009323,180052749.50093228 
 12/13  19:00:00,,,196339368.9098946,196339368.90989468 
 12/13  20:00:00,,,197144951.0490874,197144951.0490875 
 12/13  21:00:00,,,190810972.96611932,190810972.96611944 
 12/13  22:00:00,,,163661091.40806252,163661091.40806246 
 12/13  23:00:00,,,133343179.23714176,133343179.23714168 
 12/13  24:00:00,,,102478512.18799156,102478512.1879915 
 12/14  01:00:00,,,72530739.48897368,72530739.4889736 
 12/14  02:00:00,,,68687184.3895149,68687184.38951488 
 12/14  03:00:00,,,61609814.41780215,61609814.417802155 
 12/14  04:00:00,,,64075389.77214853,64075389.77214853 
 12/14  05:00:00,,,71614170.50541064,71614170.50541061 
 12/14  06:00:00,,,100348918.48655005,100348918.48654997 
 12/14  07:00:00,,,170670138.13394532,170670138.13394523 
 12/14  08:00:00,,,174192255.02498788,174192255.0249878 
 12/14  09:00:00,,,158695417.35557723,158695417.3555771 
 12/14  10:00:00,,,151756413.08394435,151756413.08394426 
 12/14  11:00:00,,,140486910.37368906,140486910.373689 
 12/14  12:00:00,,,130347598.68665609,130347598.686656 
 12/14  13:00:00,,,124052525.946293,124052525.94629294 
 12/14  14:00:00,,,114565143.0348682,114565143.03486812 
 12/14  15:00:00,,,107926840.91421884,107926840.91421877 
 12/14  16:00:00,,,122171666.41545938,122171666.41545933 
 12/14  17:00:00,,,143710052.1527072,143710052.15270713 
 12/14  18:00:00,,,185732593.03641543,185732593.0364154 
 12/14  19:00:00,,,198755785.76539442,198755785.7653945 
 12/14  20:00:00,,,196698054.26715982,196698054.2671599 
 12/14  21:00:00,,,193124748.81660882,193124748.8166089 
 12/14  22:00:00,,,164645786.3351427,164645786.33514264 
 12/14  23:00:00,,,135742457.47674584,135742457.47674575 
 12/14  24:00:00,,,100714654.53984608,100714654.53984599 
 12/15  01:00:00,,,78091939.83857259,78091939.83857258 
 12/15  02:00:00,,,69495127.47511731,69495127.47511725 
 12/15  03:00:00,,,66862268.734329656,66862268.73432964 
 12/15  04:00:00,,,63961707.93241592,63961707.93241589 
 12/15  05:00:00,,,75796590.9467135,75796590.94671349 
 12/15  06:00:00,,,104649669.93087956,104649669.9308795 
 12/15  07:00:00,,,169337293.88974643,169337293.8897463 
 12/15  08:00:00,,,175974426.07736388,175974426.07736376 
 12/15  09:00:00,,,157577362.577992,157577362.57799193 
 12/15  10:00:00,,,151879601.8888901,151879601.88889003 
 12/15  11:00:00,,,144001362.53446418,144001362.53446415 
 12/15  12:00:00,,,131990130.80070114,131990130.80070108 
 12/15  13:00:00,,,125405158.80799896,125405158.80799893 
 12/15  14:00:00,,,116128751.9558688,116128751.95586874 
 12/15  15:00:00,,,107319450.6918564,107319450.69185632 
 12/15  16:00:00,,,123224225.73200211,123224225.73200202 
 12/15  17:00:00,,,144200085.47205782,144200085.47205776 
 12/15  18:00:00,,,186506023.95275453,186506023.95275453 
 12/15  19:00:00,,,200124790.8202439,200124790.820244 
 12/15  20:00:00,,,197053234.45343524,197053234.45343533 
 12/15  21:00:00,,,194809016.32859787,194809016.32859796 
 12/15  22:00:00,,,163541972.71724483,163541972.71724474 
 12/15  23:00:00,,,137016237.168702,137016237.1687019 
 12/15  24:00:00,,,102051867.44367184,102051867.44367176 
 12/16  01:00:00,,,77516992.10168797,77516992.10168795 
 12/16  02:00:00,,,71921203.48878165,71921203.48878157 
 12/16  03:00:00,,,66555898.45959226,66555898.45959222 
 12/16  04:00:00,,,65258846.88844091,65258846.88844087 
 12/16  05:00:00,,,74515668.28238957,74515668.28238955 
 12/16  06:00:00,,,105599128.16676572,105599128.16676567 
 12/16  07:00:00,,,170963497.43322662,170963497.43322653 
 12/16  08:00:00,,,176470409.30262733,176470409.30262724 
 12/16  09:00:00,,,158807968.40920895,158807968.40920892 
 12/16  10:00:00,,,149124351.10053793,149124351.10053784 
 12/16  11:00:00,,,142355258.1305539,142355258.13055384 
 12/16  12:00:00,,,129894736.20974499,129894736.20974493 
 12/16  13:00:00,,,123794805.58588791,123794805.58588788 
 12/16  14:00:00,,,115040563.65952107,115040563.65952103 
 12/16  15:00:00,,,105064805.08525038,105064805.08525036 
 12/16  16:00:00,,,123740419.35588294,123740419.35588285 
 12/16  17:00:00,,,142481436.82924962,142481436.82924953 
 12/16  18:00:00,,,184418429.91057488,184418429.91057485 
 12/16  19:00:00,,,201914111.21117157,201914111.2111717 
 12/16  20:00:00,,,199258904.56109092,199258904.561091 
 12/16  21:00:00,,,196436679.921359,196436679.92135912 
 12/16  22:00:00,,,167169976.79588187,167169976.79588184 
 12/16  23:00:00,,,138330517.07639015,138330517.0763901 
 12/16  24:00:00,,,102281988.85601313,102281988.85601307 
 12/17  01:00:00,,,79470669.60939564,79470669.60939564 
 12/17  02:00:00,,,72473549.76266487,72473549.76266482 
 12/17  03:00:00,,,68592058.73946214,68592058.73946209 
 12/17  04:00:00,,,67553962.44562301,67553962.44562297 
 12/17  05:00:00,,,75767905.63339901,75767905.63339902 
 12/17  06:00:00,,,107497689.32614914,107497689.32614914 
 12/17  07:00:00,,,174958050.6247586,174958050.62475857 
 12/17  08:00:00,,,177755696.76223257,177755696.76223248 
 12/17  09:00:00,,,157998161.4449877,157998161.44498765 
 12/17  10:00:00,,,152209727.76971853,152209727.76971847 
 12/17  11:00:00,,,140796960.66646877,140796960.66646868 
 12/17  12:00:00,,,130076553.08853579,130076553.08853571 
 12/17  13:00:00,,,125128846.5641107,125128846.56411064 
 12/17  14:00:00,,,114021533.63823126,114021533.6382312 
 12/17  15:00:00,,,111849784.03320204,111849784.03320199 
 12/17  16:00:00,,,119923466.26931913,119923466.26931909 
 12/17  17:00:00,,,143487462.64636683,143487462.64636678 
 12/17  18:00:00,,,185376155.90917626,185376155.90917617 
 12/17  19:00:00,,,202184623.08845788,202184623.08845797 
 12/17  20:00:00,,,202097693.63364106,202097693.63364115 
 12/17  21:00:00,,,196938384.22544825,196938384.22544834 
 12/17  22:00:00,,,168656929.0196288,168656929.0196289 
 12/17  23:00:00,,,140732523.4984275,140732523.49842745 
 12/17  24:00:00,,,107263712.56180438,107263712.5618043 
 12/18  01:00:00,,,76740286.30584456,76740286.30584456 
 12/18  02:00:00,,,73232974.40328433,73232974.40328428 
 12/18  03:00:00,,,66674615.31995876,66674615.319958694 
 12/18  04:00:00,,,69258739.11359988,69258739.11359982 
 12/18  05:00:00,,,72708199.0846868,72708199.08468682 
 12/18  06:00:00,,,106739774.02796274,106739774.02796267 
 12/18  07:00:00,,,170582863.92859745,170582863.9285974 
 12/18  08:00:00,,,178207066.04506996,178207066.0450699 
 12/18  09:00:00,,,163367314.36671928,163367314.36671922 
 12/18  10:00:00,,,152614187.24293256,152614187.24293253 
 12/18  11:00:00,,,141490928.33596504,141490928.33596495 
 12/18  12:00:00,,,129743839.55818087,129743839.5581808 
 12/18  13:00:00,,,122932627.00806254,122932627.00806248 
 12/18  14:00:00,,,114806350.9690375,114806350.96903743 
 12/18  15:00:00,,,110742064.67081663,110742064.67081657 
 12/18  16:00:00,,,120263685.66520476,120263685.66520467 
 12/18  17:00:00,,,148909086.64014938,148909086.6401493 
 12/18  18:00:00,,,180037208.73235792,180037208.73235792 
 12/18  19:00:00,,,203251053.09104708,203251053.09104717 
 12/18  20:00:00,,,198833574.66077715,198833574.66077727 
 12/18  21:00:00,,,190880285.36984926,190880285.36984935 
 12/18  22:00:00,,,167432157.04011035,167432157.0401103 
 12/18  23:00:00,,,141815810.51231784,141815810.51231772 
 12/18  24:00:00,,,105744312.57852677,105744312.5785267 
 12/19  01:00:00,,,73576804.72198012,73576804.72198012 
 12/19  02:00:00,,,70889136.5088122,70889136.50881214 
 12/19  03:00:00,,,69735155.3044082,69735155.30440815 
 12/19  04:00:00,,,66780187.593198955,66780187.59319891 
 12/19  05:00:00,,,74493637.20869787,74493637.20869787 
 12/19  06:00:00,,,106459583.82501155,106459583.8250115 
 12/19  07:00:00,,,168635028.2300907,168635028.23009065 
 12/19  08:00:00,,,178639576.65115327,178639576.65115315 
 12/19  09:00:00,,,166068112.9554934,166068112.95549333 
 12/19  10:00:00,,,150594000.74132326,150594000.7413232 
 12/19  11:00:00,,,145825551.76955256,145825551.76955247 
 12/19  12:00:00,,,132992783.48237433,132992783.48237424 
 12/19  13:00:00,,,122090309.04796343,122090309.04796337 
 12/19  14:00:00,,,117197409.02765444,117197409.02765435 
 12/19  15:00:00,,,109237412.7138251,109237412.71382508 
 12/19  16:00:00,,,123781703.72465986,123781703.7246598 
 12/19  17:00:00,,,147014580.24155843,147014580.2415584 
 12/19  18:00:00,,,184003106.85584855,184003106.85584843 
 12/19  19:00:00,,,203868432.27584878,203868432.27584887 
 12/19  20:00:00,,,200497411.92838672,200497411.9283868 
 12/19  21:00:00,,,192273560.1009608,192273560.10096088 
 12/19  22:00:00,,,167440582.38155475,167440582.38155472 
 12/19  23:00:00,,,139369707.33542967,139369707.3354296 
 12/19  24:00:00,,,105101075.11092046,105101075.1109204 
 12/20  01:00:00,,,74808530.75156087,74808530.75156085 
 12/20  02:00:00,,,72316704.24349537,72316704.24349532 
 12/20  03:00:00,,,66512798.636268035,66512798.63626798 
 12/20  04:00:00,,,67256843.98208371,67256843.98208368 
 12/20  05:00:00,,,72507091.33523127,72507091.33523127 
 12/20  06:00:00,,,104009144.95997237,104009144.9599723 
 12/20  07:00:00,,,169136804.59739506,169136804.59739497 
 12/20  08:00:00,,,176566345.60369226,176566345.60369217 
 12/20  09:00:00,,,165440714.21262485,165440714.2126248 
 12/20  10:00:00,,,149219786.97689176,149219786.9768917 
 12/20  11:00:00,,,143811414.20334235,143811414.20334226 
 12/20  12:00:00,,,130811567.29825728,130811567.29825725 
 12/20  13:00:00,,,118390216.14162117,118390216.1416211 
 12/20  14:00:00,,,117087286.56121239,117087286.5612123 
 12/20  15:00:00,,,107133931.9107283,107133931.91072823 
 12/20  16:00:00,,,122829931.86712733,122829931.86712725 
 12/20  17:00:00,,,146771707.34311596,146771707.3431159 
 12/20  18:00:00,,,178017321.52468857,178017321.52468854 
 12/20  19:00:00,,,201865766.96426398,201865766.96426407 
 12/20  20:00:00,,,199045655.7164687,199045655.7164688 
 12/20  21:00:00,,,189791406.54174724,189791406.5417473 
 12/20  22:00:00,,,165387486.50188792,165387486.5018879 
 12/20  23:00:00,,,139330016.4766605,139330016.4766604 
 12/20  24:00:00,,,102117470.59645389,102117470.59645382 
 12/21  01:00:00,,,76080065.5808446,76080065.58084457 
 12/21  02:00:00,,,70315382.95813432,70315382.95813425 
 12/21  03:00:00,,,65607138.86367549,65607138.86367546 
 12/21  04:00:00,,,66234173.7320352,66234173.732035175 
 12/21  05:00:00,,,72952701.10103214,72952701.10103214 
 12/21  06:00:00,,,104764862.14159688,104764862.14159682 
 12/21  07:00:00,,,169788916.31615904,169788916.31615895 
 12/21  08:00:00,,,179691093.044609,179691093.04460892 
 12/21  09:00:00,,,161652265.02455312,161652265.02455303 
 12/21  10:00:00,,,155162911.83627057,155162911.8362705 
 12/21  11:00:00,,,140010377.936713,140010377.93671292 
 12/21  12:00:00,,,133362234.86742502,133362234.86742496 
 12/21  13:00:00,,,125306131.44382282,125306131.44382274 
 12/21  14:00:00,,,115059003.58852968,115059003.58852962 
 12/21  15:00:00,,,113311684.67202584,113311684.67202577 
 12/21  16:00:00,,,122828251.01883936,122828251.01883928 
 12/21  17:00:00,,,151255905.6929289,151255905.69292885 
 12/21  18:00:00,,,179062682.70807776,179062682.70807773 
 12/21  19:00:00,,,206567031.59898463,206567031.59898475 
 12/21  20:00:00,,,204952486.6307651,204952486.63076523 
 12/21  21:00:00,,,190001478.32391122,190001478.32391134 
 12/21  22:00:00,,,166469576.70040137,166469576.70040137 
 12/21  23:00:00,,,144397963.84728605,144397963.847286 
 12/21  24:00:00,,,105428123.9179126,105428123.91791254 
 12/22  01:00:00,,,76076387.06293252,76076387.0629325 
 12/22  02:00:00,,,67858118.9213694,67858118.92136934 
 12/22  03:00:00,,,69516456.72186902,69516456.72186898 
 12/22  04:00:00,,,65417657.315056495,65417657.31505644 
 12/22  05:00:00,,,76307215.78716052,76307215.78716052 
 12/22  06:00:00,,,104909892.16371661,104909892.16371652 
 12/22  07:00:00,,,166723916.80396572,166723916.80396566 
 12/22  08:00:00,,,178650680.34016776,178650680.34016767 
 12/22  09:00:00,,,165913650.08918467,165913650.0891846 
 12/22  10:00:00,,,151112974.2727694,151112974.27276933 
 12/22  11:00:00,,,145198825.63924485,145198825.6392448 
 12/22  12:00:00,,,131105778.24667855,131105778.24667847 
 12/22  13:00:00,,,124775832.42396979,124775832.42396975 
 12/22  14:00:00,,,117221454.81652522,117221454.81652515 
 12/22  15:00:00,,,110873448.69528782,110873448.69528776 
 12/22  16:00:00,,,121819701.36990647,121819701.36990641 
 12/22  17:00:00,,,146219145.2570165,146219145.25701642 
 12/22  18:00:00,,,183609544.16492495,183609544.1649249 
 12/22  19:00:00,,,200279513.82639998,200279513.82640004 
 12/22  20:00:00,,,203389874.49196225,203389874.49196234 
 12/22  21:00:00,,,193973891.39203838,193973891.3920385 
 12/22  22:00:00,,,167033850.5202756,167033850.52027556 
 12/22  23:00:00,,,143870022.26484695,143870022.2648469 
 12/22  24:00:00,,,103151604.57633087,103151604.57633081 
 12/23  01:00:00,,,75900233.76585779,75900233.76585779 
 12/23  02:00:00,,,70482794.81771095,70482794.8177109 
 12/23  03:00:00,,,68498440.51655656,68498440.5165565 
 12/23  04:00:00,,,66630402.68585291,66630402.68585284 
 12/23  05:00:00,,,71748686.47194882,71748686.4719488 
 12/23  06:00:00,,,105329506.65784043,105329506.65784036 
 12/23  07:00:00,,,171317212.94783032,171317212.94783026 
 12/23  08:00:00,,,177501498.9172106,177501498.91721055 
 12/23  09:00:00,,,161819988.81384948,161819988.8138494 
 12/23  10:00:00,,,148902014.52452016,148902014.5245201 
 12/23  11:00:00,,,141468274.06542274,141468274.06542268 
 12/23  12:00:00,,,128917469.76232226,128917469.76232219 
 12/23  13:00:00,,,119701867.57637882,119701867.57637875 
 12/23  14:00:00,,,115145661.1438875,115145661.14388743 
 12/23  15:00:00,,,106404043.90228257,106404043.90228249 
 12/23  16:00:00,,,120722384.40901802,120722384.40901795 
 12/23  17:00:00,,,143801501.562118,143801501.56211793 
 12/23  18:00:00,,,182177199.91184685,182177199.91184685 
 12/23  19:00:00,,,200098198.85118186,200098198.85118195 
 12/23  20:00:00,,,199875105.64342523,199875105.64342532 
 12/23  21:00:00,,,192373466.87682864,192373466.8768288 
 12/23  22:00:00,,,165778260.84419602,165778260.84419602 
 12/23  23:00:00,,,137867284.24768895,137867284.2476889 
 12/23  24:00:00,,,103058671.27188405,103058671.271884 
 12/24  01:00:00,,,73719794.24059115,73719794.24059112 
 12/24  02:00:00,,,72141053.32766478,72141053.32766469 
 12/24  03:00:00,,,64000247.75950282,64000247.75950279 
 12/24  04:00:00,,,69795712.76641253,69795712.7664125 
 12/24  05:00:00,,,69025329.13329023,69025329.13329023 
 12/24  06:00:00,,,105670793.44924252,105670793.44924244 
 12/24  07:00:00,,,170837961.05670193,170837961.05670184 
 12/24  08:00:00,,,177991635.7961731,177991635.79617304 
 12/24  09:00:00,,,162546890.0969771,162546890.09697706 
 12/24  10:00:00,,,147712319.64742056,147712319.6474205 
 12/24  11:00:00,,,142045934.3128314,142045934.3128313 
 12/24  12:00:00,,,128730925.92486726,128730925.92486721 
 12/24  13:00:00,,,117085420.65347588,117085420.65347584 
 12/24  14:00:00,,,113766098.51585282,113766098.51585275 
 12/24  15:00:00,,,106915513.54795775,106915513.5479577 
 12/24  16:00:00,,,116838378.45816682,116838378.4581668 
 12/24  17:00:00,,,146664443.92682046,146664443.92682037 
 12/24  18:00:00,,,184815584.99745905,184815584.99745905 
 12/24  19:00:00,,,199436770.69953763,199436770.69953775 
 12/24  20:00:00,,,201598744.2981177,201598744.29811785 
 12/24  21:00:00,,,192225938.14718702,192225938.14718708 
 12/24  22:00:00,,,167739202.75536096,167739202.75536096 
 12/24  23:00:00,,,137838219.4924513,137838219.49245122 
 12/24  24:00:00,,,105859884.7060775,105859884.70607743 
 12/25  01:00:00,,,74906010.65411085,74906010.65411083 
 12/25  02:00:00,,,73219780.47593787,73219780.4759378 
 12/25  03:00:00,,,64773024.79760013,64773024.79760008 
 12/25  04:00:00,,,64643126.19305019,64643126.193050176 
 12/25  05:00:00,,,71818316.19338313,71818316.19338313 
 12/25  06:00:00,,,105108347.79491454,105108347.79491447 
 12/25  07:00:00,,,168703846.3171612,168703846.31716117 
 12/25  08:00:00,,,176591378.3761738,176591378.37617373 
 12/25  09:00:00,,,161323378.49305776,161323378.49305767 
 12/25  10:00:00,,,146843317.41725743,146843317.41725737 
 12/25  11:00:00,,,139272616.34782705,139272616.347827 
 12/25  12:00:00,,,128690030.4163735,128690030.41637343 
 12/25  13:00:00,,,116767652.07721698,116767652.07721691 
 12/25  14:00:00,,,111136192.78909187,111136192.7890918 
 12/25  15:00:00,,,110286084.59922574,110286084.5992257 
 12/25  16:00:00,,,116598841.49478483,116598841.49478476 
 12/25  17:00:00,,,145978343.29850662,145978343.29850656 
 12/25  18:00:00,,,179814044.7079188,179814044.70791885 
 12/25  19:00:00,,,199812778.79562548,199812778.7956256 
 12/25  20:00:00,,,199935381.94720876,199935381.94720888 
 12/25  21:00:00,,,191750761.4821508,191750761.48215085 
 12/25  22:00:00,,,163254189.63825807,163254189.63825798 
 12/25  23:00:00,,,134979478.31499055,134979478.3149905 
 12/25  24:00:00,,,101837613.91830261,101837613.91830254 
 12/26  01:00:00,,,72922798.07198466,72922798.0719846 
 12/26  02:00:00,,,68967440.4428581,68967440.4428581 
 12/26  03:00:00,,,60086970.74469708,60086970.7446971 
 12/26  04:00:00,,,61438144.43396033,61438144.43396033 
 12/26  05:00:00,,,71635676.87852749,71635676.87852745 
 12/26  06:00:00,,,101871356.4082926,101871356.40829253 
 12/26  07:00:00,,,169408801.0766575,169408801.07665744 
 12/26  08:00:00,,,176208159.93953046,176208159.93953043 
 12/26  09:00:00,,,161488246.51028398,161488246.5102839 
 12/26  10:00:00,,,147910567.2151149,147910567.2151148 
 12/26  11:00:00,,,141608573.8428746,141608573.8428745 
 12/26  12:00:00,,,130108857.40701179,130108857.40701172 
 12/26  13:00:00,,,116088325.47482163,116088325.47482158 
 12/26  14:00:00,,,114323146.41561633,114323146.41561624 
 12/26  15:00:00,,,106524609.85400626,106524609.8540062 
 12/26  16:00:00,,,121611336.72012417,121611336.7201241 
 12/26  17:00:00,,,147091785.90456337,147091785.9045633 
 12/26  18:00:00,,,181313964.53158385,181313964.53158388 
 12/26  19:00:00,,,199165924.61896446,199165924.61896455 
 12/26  20:00:00,,,196978725.8508881,196978725.85088822 
 12/26  21:00:00,,,193588502.47090045,193588502.4709005 
 12/26  22:00:00,,,162092038.45220375,162092038.45220366 
 12/26  23:00:00,,,136939644.13268226,136939644.13268217 
 12/26  24:00:00,,,100890043.37456445,100890043.37456438 
 12/27  01:00:00,,,74956149.61533664,74956149.61533657 
 12/27  02:00:00,,,67140045.65986532,67140045.65986533 
 12/27  03:00:00,,,63086575.81632163,63086575.81632163 
 12/27  04:00:00,,,63361334.06061335,63361334.06061336 
 12/27  05:00:00,,,67709111.90200223,67709111.90200219 
 12/27  06:00:00,,,102997325.16296452,102997325.16296446 
 12/27  07:00:00,,,167925598.5351732,167925598.53517312 
 12/27  08:00:00,,,176692665.72039247,176692665.72039238 
 12/27  09:00:00,,,162339863.52388296,162339863.5238829 
 12/27  10:00:00,,,147402777.21705237,147402777.2170523 
 12/27  11:00:00,,,143644122.3376817,143644122.33768165 
 12/27  12:00:00,,,130196246.87705313,130196246.87705308 
 12/27  13:00:00,,,118502222.23541492,118502222.23541486 
 12/27  14:00:00,,,115047540.75645813,115047540.75645807 
 12/27  15:00:00,,,107401796.33102134,107401796.3310213 
 12/27  16:00:00,,,119773433.12329642,119773433.12329637 
 12/27  17:00:00,,,144608533.41681302,144608533.41681296 
 12/27  18:00:00,,,179950778.03993514,179950778.03993523 
 12/27  19:00:00,,,199641226.35655236,199641226.35655245 
 12/27  20:00:00,,,197910913.43864626,197910913.43864638 
 12/27  21:00:00,,,189782899.87510216,189782899.87510225 
 12/27  22:00:00,,,163396540.86627498,163396540.8662749 
 12/27  23:00:00,,,137444057.3843277,137444057.38432765 
 12/27  24:00:00,,,104319709.14033045,104319709.14033039 
 12/28  01:00:00,,,69682588.37758818,69682588.37758812 
 12/28  02:00:00,,,70213331.22562556,70213331.22562553 
 12/28  03:00:00,,,61678004.57491631,61678004.57491633 
 12/28  04:00:00,,,66742998.01513773,66742998.01513775 
 12/28  05:00:00,,,69268099.87501584,69268099.87501583 
 12/28  06:00:00,,,102701110.08160937,102701110.08160931 
 12/28  07:00:00,,,172120834.00434476,172120834.0043447 
 12/28  08:00:00,,,179387931.83594555,179387931.83594546 
 12/28  09:00:00,,,164209211.93915537,164209211.93915528 
 12/28  10:00:00,,,148475758.09735942,148475758.09735936 
 12/28  11:00:00,,,144936146.35848695,144936146.35848692 
 12/28  12:00:00,,,131604010.43342845,131604010.43342838 
 12/28  13:00:00,,,119153450.56517094,119153450.5651709 
 12/28  14:00:00,,,116815868.31100123,116815868.31100118 
 12/28  15:00:00,,,107212360.91800258,107212360.9180025 
 12/28  16:00:00,,,122491941.6071493,122491941.60714926 
 12/28  17:00:00,,,145802693.85116857,145802693.8511685 
 12/28  18:00:00,,,180736032.10602194,180736032.1060219 
 12/28  19:00:00,,,199394809.71310842,199394809.71310854 
 12/28  20:00:00,,,197134756.38928548,197134756.38928556 
 12/28  21:00:00,,,192761619.6913098,192761619.69130993 
 12/28  22:00:00,,,162257356.92107907,162257356.92107898 
 12/28  23:00:00,,,138902504.1042511,138902504.104251 
 12/28  24:00:00,,,104272276.18635267,104272276.1863526 
 12/29  01:00:00,,,71682873.4714609,71682873.47146082 
 12/29  02:00:00,,,65364828.78089959,65364828.78089959 
 12/29  03:00:00,,,64907884.81735486,64907884.81735488 
 12/29  04:00:00,,,62938199.133258566,62938199.13325859 
 12/29  05:00:00,,,72278184.4747409,72278184.47474085 
 12/29  06:00:00,,,101469442.88029692,101469442.88029683 
 12/29  07:00:00,,,167533627.82436976,167533627.8243697 
 12/29  08:00:00,,,176266536.9318076,176266536.93180755 
 12/29  09:00:00,,,164306084.5300127,164306084.53001267 
 12/29  10:00:00,,,149593961.9578549,149593961.9578548 
 12/29  11:00:00,,,140283826.69940072,140283826.69940066 
 12/29  12:00:00,,,130539875.27437185,130539875.2743718 
 12/29  13:00:00,,,121996802.39939049,121996802.39939046 
 12/29  14:00:00,,,112984564.8966302,112984564.89663014 
 12/29  15:00:00,,,109698895.89571936,109698895.89571932 
 12/29  16:00:00,,,119291051.72637884,119291051.72637877 
 12/29  17:00:00,,,146102749.74949446,146102749.7494944 
 12/29  18:00:00,,,176565362.04742545,176565362.0474255 
 12/29  19:00:00,,,203053710.45990688,203053710.45990697 
 12/29  20:00:00,,,199362450.48494133,199362450.4849414 
 12/29  21:00:00,,,191682102.41813147,191682102.41813156 
 12/29  22:00:00,,,164888839.17896965,164888839.1789696 
 12/29  23:00:00,,,137615629.1761598,137615629.1761597 
 12/29  24:00:00,,,103831854.86829749,103831854.86829746 
 12/30  01:00:00,,,75919192.78212333,75919192.78212331 
 12/30  02:00:00,,,72352998.53267384,72352998.53267378 
 12/30  03:00:00,,,65548946.81969301,65548946.81969294 
 12/30  04:00:00,,,67518332.59889553,67518332.59889548 
 12/30  05:00:00,,,73439615.78924158,73439615.78924158 
 12/30  06:00:00,,,107186109.27595384,107186109.27595378 
 12/30  07:00:00,,,174202926.09472427,174202926.09472418 
 12/30  08:00:00,,,180549388.4637062,180549388.46370617 
 12/30  09:00:00,,,162418016.56163484,162418016.56163475 
 12/30  10:00:00,,,148135492.63774562,148135492.63774556 
 12/30  11:00:00,,,143823238.96032852,143823238.96032846 
 12/30  12:00:00,,,127809823.87536229,127809823.87536222 
 12/30  13:00:00,,,118113418.81864357,118113418.8186435 
 12/30  14:00:00,,,113877411.14485273,113877411.14485268 
 12/30  15:00:00,,,108347903.36192447,108347903.36192444 
 12/30  16:00:00,,,118297232.16812146,118297232.16812138 
 12/30  17:00:00,,,141871958.91088635,141871958.9108863 
 12/30  18:00:00,,,185738455.0232757,185738455.02327567 
 12/30  19:00:00,,,198603534.48380926,198603534.48380935 
 12/30  20:00:00,,,199924065.94235557,199924065.94235563 
 12/30  21:00:00,,,190728790.70625275,190728790.70625287 
 12/30  22:00:00,,,165700815.32090366,165700815.3209036 
 12/30  23:00:00,,,139977984.08059686,139977984.0805968 
 12/30  24:00:00,,,102254014.69564548,102254014.69564542 
 12/31  01:00:00,,,71453467.46487965,71453467.4648796 
 12/31  02:00:00,,,67093517.92411354,67093517.924113505 
 12/31  03:00:00,,,67396610.82703422,67396610.8270342 
 12/31  04:00:00,,,64240163.794704,64240163.794704005 
 12/31  05:00:00,,,70975402.08877037,70975402.08877034 
 12/31  06:00:00,,,102761649.21419671,102761649.21419664 
 12/31  07:00:00,,,169175484.91217214,169175484.91217208 
 12/31  08:00:00,,,179098055.71231762,179098055.71231756 
 12/31  09:00:00,,,162025326.52405867,162025326.5240586 
 12/31  10:00:00,,,146533387.2249711,146533387.22497103 
 12/31  11:00:00,,,140125544.36067888,140125544.36067882 
 12/31  12:00:00,,,128253459.80915412,128253459.80915403 
 12/31  13:00:00,,,121848708.85012868,121848708.85012859 
 12/31  14:00:00,,,110676723.29077065,110676723.29077058 
 12/31  15:00:00,,,108287284.12587795,108287284.12587789 
 12/31  16:00:00,,,116673102.40044332,116673102.40044327 
 12/31  17:00:00,,,143430089.3999853,143430089.39998525 
 12/31  18:00:00,,,178887197.6026779,178887197.60267788 
 12/31  19:00:00,,,202395654.81006333,202395654.81006342 
 12/31  20:00:00,,,198113866.6516808,198113866.6516809 
 12/31  21:00:00,,,192241358.6005552,192241358.60055524 
 12/31  22:00:00,,,163805086.18159842,163805086.18159837 
 12/31  23:00:00,,,135463101.20935467,135463101.20935464 
 12/31  24:00:00,97745465146.05156,70765924600.73924,103732246.65684992,103732246.65684985 
