Date/Time,Electricity:Facility [J](Monthly),NaturalGas:Facility [J](Monthly),Electricity:Facility [J](Hourly),ElectricityNet:Facility [J](Hourly) 
 01/01  01:00:00,,,21524459.603916045,21524459.603916045 
 01/01  02:00:00,,,21805821.45498692,21805821.454986922 
 01/01  03:00:00,,,22595573.099587683,22595573.09958768 
 01/01  04:00:00,,,21443977.265259955,21443977.265259955 
 01/01  05:00:00,,,21698919.135665663,21698919.135665663 
 01/01  06:00:00,,,21481354.47698557,21481354.476985566 
 01/01  07:00:00,,,32552448.22688505,32552448.22688505 
 01/01  08:00:00,,,41115741.188789815,41115741.188789815 
 01/01  09:00:00,,,23949741.98458363,23949741.984583627 
 01/01  10:00:00,,,67368261.08497247,67368261.08497247 
 01/01  11:00:00,,,144296391.50994164,144296391.50994167 
 01/01  12:00:00,,,184113364.647773,184113364.64777297 
 01/01  13:00:00,,,183748797.31870866,183748797.31870866 
 01/01  14:00:00,,,186800769.9913017,186800769.9913017 
 01/01  15:00:00,,,182253990.1066413,182253990.1066413 
 01/01  16:00:00,,,185854707.75034627,185854707.75034627 
 01/01  17:00:00,,,196002915.92069966,196002915.92069966 
 01/01  18:00:00,,,156469184.00437418,156469184.00437415 
 01/01  19:00:00,,,74034310.11969267,74034310.11969268 
 01/01  20:00:00,,,71503157.72146437,71503157.72146438 
 01/01  21:00:00,,,73626886.9237513,73626886.9237513 
 01/01  22:00:00,,,73606210.36246152,73606210.36246152 
 01/01  23:00:00,,,67451073.24060686,67451073.24060684 
 01/01  24:00:00,,,53982909.88232353,53982909.88232353 
 01/02  01:00:00,,,23925700.91122568,23925700.91122568 
 01/02  02:00:00,,,21535441.697277054,21535441.697277047 
 01/02  03:00:00,,,22177373.262882005,22177373.262882005 
 01/02  04:00:00,,,21683079.39406912,21683079.394069117 
 01/02  05:00:00,,,24851788.543823555,24851788.54382355 
 01/02  06:00:00,,,21630087.459949758,21630087.459949754 
 01/02  07:00:00,,,36606724.55695554,36606724.55695554 
 01/02  08:00:00,,,38662477.439750105,38662477.439750105 
 01/02  09:00:00,,,48719646.634119906,48719646.634119906 
 01/02  10:00:00,,,125573123.58383346,125573123.58383346 
 01/02  11:00:00,,,179344763.96245795,179344763.96245795 
 01/02  12:00:00,,,179558251.24526167,179558251.24526167 
 01/02  13:00:00,,,186048291.555802,186048291.555802 
 01/02  14:00:00,,,180471286.91227865,180471286.91227865 
 01/02  15:00:00,,,185502907.64570233,185502907.6457023 
 01/02  16:00:00,,,181884099.5183155,181884099.5183155 
 01/02  17:00:00,,,199330834.87417334,199330834.87417334 
 01/02  18:00:00,,,201456551.69946784,201456551.69946784 
 01/02  19:00:00,,,200055351.5744038,200055351.5744038 
 01/02  20:00:00,,,201379009.08528784,201379009.08528784 
 01/02  21:00:00,,,146153238.79611507,146153238.79611507 
 01/02  22:00:00,,,76612806.19281757,76612806.19281755 
 01/02  23:00:00,,,65866814.3356766,65866814.335676596 
 01/02  24:00:00,,,49335275.74209929,49335275.74209929 
 01/03  01:00:00,,,23343400.328339763,23343400.328339763 
 01/03  02:00:00,,,23453759.146753356,23453759.146753356 
 01/03  03:00:00,,,20746594.868111454,20746594.86811145 
 01/03  04:00:00,,,21003464.13320122,21003464.13320122 
 01/03  05:00:00,,,20948296.298644282,20948296.298644282 
 01/03  06:00:00,,,25015298.00625666,25015298.006256655 
 01/03  07:00:00,,,31849261.471472632,31849261.471472636 
 01/03  08:00:00,,,36159566.40270875,36159566.40270874 
 01/03  09:00:00,,,52941870.633953676,52941870.633953676 
 01/03  10:00:00,,,122482346.44676095,122482346.44676095 
 01/03  11:00:00,,,183001405.1466272,183001405.14662716 
 01/03  12:00:00,,,179580741.32848763,179580741.32848763 
 01/03  13:00:00,,,187853916.30671525,187853916.30671525 
 01/03  14:00:00,,,190399858.91318053,190399858.91318053 
 01/03  15:00:00,,,190434276.57831508,190434276.57831505 
 01/03  16:00:00,,,185650784.92055842,185650784.9205584 
 01/03  17:00:00,,,202186216.88737997,202186216.88737994 
 01/03  18:00:00,,,208179974.0074832,208179974.0074832 
 01/03  19:00:00,,,200448835.73109546,200448835.73109543 
 01/03  20:00:00,,,206910219.01865035,206910219.01865032 
 01/03  21:00:00,,,153401429.952566,153401429.952566 
 01/03  22:00:00,,,74317376.38856076,74317376.38856077 
 01/03  23:00:00,,,67177430.96681467,67177430.96681467 
 01/03  24:00:00,,,51094375.41405003,51094375.41405002 
 01/04  01:00:00,,,22084470.416944135,22084470.416944135 
 01/04  02:00:00,,,25141618.106773123,25141618.106773123 
 01/04  03:00:00,,,22440026.06558653,22440026.06558653 
 01/04  04:00:00,,,29111868.530068163,29111868.530068163 
 01/04  05:00:00,,,22580664.801166788,22580664.801166788 
 01/04  06:00:00,,,23161639.87892852,23161639.878928516 
 01/04  07:00:00,,,33367074.239292685,33367074.23929268 
 01/04  08:00:00,,,37436723.37341257,37436723.373412564 
 01/04  09:00:00,,,53002395.98572189,53002395.98572189 
 01/04  10:00:00,,,134467867.6032711,134467867.6032711 
 01/04  11:00:00,,,181515338.5967695,181515338.59676948 
 01/04  12:00:00,,,189806386.78376275,189806386.7837627 
 01/04  13:00:00,,,188092774.67150223,188092774.67150223 
 01/04  14:00:00,,,191562226.4131167,191562226.41311666 
 01/04  15:00:00,,,194043394.27071533,194043394.27071533 
 01/04  16:00:00,,,193914230.1976424,193914230.1976424 
 01/04  17:00:00,,,201047245.62574926,201047245.62574923 
 01/04  18:00:00,,,211813918.53972948,211813918.53972945 
 01/04  19:00:00,,,209930828.57621747,209930828.5762174 
 01/04  20:00:00,,,204437387.36992928,204437387.36992928 
 01/04  21:00:00,,,155922956.6951808,155922956.6951808 
 01/04  22:00:00,,,75491961.52486253,75491961.52486253 
 01/04  23:00:00,,,68786578.79066944,68786578.79066941 
 01/04  24:00:00,,,55477213.08563978,55477213.08563979 
 01/05  01:00:00,,,22322761.41610681,22322761.41610681 
 01/05  02:00:00,,,26656849.098538075,26656849.098538075 
 01/05  03:00:00,,,24841972.67140202,24841972.67140202 
 01/05  04:00:00,,,22882923.60136513,22882923.60136513 
 01/05  05:00:00,,,22305301.24569627,22305301.24569627 
 01/05  06:00:00,,,23144195.23406191,23144195.23406191 
 01/05  07:00:00,,,33439720.13054029,33439720.13054029 
 01/05  08:00:00,,,40137331.174877234,40137331.174877234 
 01/05  09:00:00,,,53455335.4382726,53455335.438272595 
 01/05  10:00:00,,,132918415.86925761,132918415.86925763 
 01/05  11:00:00,,,184441765.62028533,184441765.62028533 
 01/05  12:00:00,,,187120883.2726328,187120883.2726328 
 01/05  13:00:00,,,191539687.26356342,191539687.26356342 
 01/05  14:00:00,,,189693878.3820847,189693878.3820847 
 01/05  15:00:00,,,193113511.26250395,193113511.2625039 
 01/05  16:00:00,,,193207694.6638425,193207694.6638425 
 01/05  17:00:00,,,202042037.16107786,202042037.16107786 
 01/05  18:00:00,,,210420211.90892333,210420211.90892333 
 01/05  19:00:00,,,209728378.251976,209728378.25197598 
 01/05  20:00:00,,,204879848.43852428,204879848.43852425 
 01/05  21:00:00,,,154937095.84897435,154937095.84897435 
 01/05  22:00:00,,,72420861.73821603,72420861.73821603 
 01/05  23:00:00,,,70508674.3862129,70508674.3862129 
 01/05  24:00:00,,,52081872.35041621,52081872.350416206 
 01/06  01:00:00,,,39549855.57369078,39549855.57369079 
 01/06  02:00:00,,,24876599.088878818,24876599.08887882 
 01/06  03:00:00,,,21415339.066929262,21415339.066929262 
 01/06  04:00:00,,,25085474.194076136,25085474.194076136 
 01/06  05:00:00,,,22290387.84646966,22290387.846469656 
 01/06  06:00:00,,,22576089.614181094,22576089.61418109 
 01/06  07:00:00,,,32797205.165150035,32797205.16515004 
 01/06  08:00:00,,,41347277.78902558,41347277.78902558 
 01/06  09:00:00,,,53273885.48743542,53273885.487435415 
 01/06  10:00:00,,,130637637.20222089,130637637.20222089 
 01/06  11:00:00,,,181395635.64291558,181395635.64291552 
 01/06  12:00:00,,,188789149.006683,188789149.00668296 
 01/06  13:00:00,,,190163808.06316128,190163808.06316128 
 01/06  14:00:00,,,191372834.78936082,191372834.78936076 
 01/06  15:00:00,,,184461812.09405154,184461812.0940515 
 01/06  16:00:00,,,190914304.50883403,190914304.50883403 
 01/06  17:00:00,,,203728835.15741175,203728835.1574117 
 01/06  18:00:00,,,204224846.06575018,204224846.06575015 
 01/06  19:00:00,,,207897975.99100882,207897975.9910088 
 01/06  20:00:00,,,207909059.31691265,207909059.31691262 
 01/06  21:00:00,,,147667386.1879321,147667386.1879321 
 01/06  22:00:00,,,74112506.97218335,74112506.97218336 
 01/06  23:00:00,,,73542308.23682895,73542308.23682895 
 01/06  24:00:00,,,58186169.87068498,58186169.87068499 
 01/07  01:00:00,,,46674591.851091206,46674591.851091206 
 01/07  02:00:00,,,21765272.996788625,21765272.99678863 
 01/07  03:00:00,,,21428539.856500827,21428539.856500827 
 01/07  04:00:00,,,23029109.355530005,23029109.355530005 
 01/07  05:00:00,,,22247632.53088232,22247632.53088232 
 01/07  06:00:00,,,26824214.650227267,26824214.65022727 
 01/07  07:00:00,,,35468325.202861235,35468325.202861235 
 01/07  08:00:00,,,36496315.80458161,36496315.80458162 
 01/07  09:00:00,,,51247987.00365266,51247987.003652655 
 01/07  10:00:00,,,125167150.07016946,125167150.07016946 
 01/07  11:00:00,,,181408531.37085226,181408531.3708523 
 01/07  12:00:00,,,182026493.63960877,182026493.63960874 
 01/07  13:00:00,,,185653018.89736384,185653018.89736384 
 01/07  14:00:00,,,187361632.06264582,187361632.0626458 
 01/07  15:00:00,,,188538898.08538684,188538898.08538678 
 01/07  16:00:00,,,184546879.18027893,184546879.18027893 
 01/07  17:00:00,,,199783867.44521308,199783867.44521305 
 01/07  18:00:00,,,207240247.16876155,207240247.16876155 
 01/07  19:00:00,,,151880799.83109024,151880799.83109024 
 01/07  20:00:00,,,78311145.40235278,78311145.40235277 
 01/07  21:00:00,,,70815470.50323837,70815470.50323835 
 01/07  22:00:00,,,73917040.49474373,73917040.49474373 
 01/07  23:00:00,,,67216456.59004864,67216456.59004866 
 01/07  24:00:00,,,67814035.22267045,67814035.22267045 
 01/08  01:00:00,,,22777997.10368542,22777997.103685424 
 01/08  02:00:00,,,25905329.6123524,25905329.6123524 
 01/08  03:00:00,,,25530885.203613922,25530885.203613922 
 01/08  04:00:00,,,22277465.20284119,22277465.202841185 
 01/08  05:00:00,,,21913732.827718932,21913732.827718932 
 01/08  06:00:00,,,22225639.716665998,22225639.716665998 
 01/08  07:00:00,,,32605985.61739001,32605985.61739001 
 01/08  08:00:00,,,33051929.748494327,33051929.74849433 
 01/08  09:00:00,,,25811420.76579623,25811420.76579623 
 01/08  10:00:00,,,69425664.79279701,69425664.79279701 
 01/08  11:00:00,,,145631181.76429,145631181.76428998 
 01/08  12:00:00,,,183737188.7137115,183737188.71371147 
 01/08  13:00:00,,,188056129.02098614,188056129.0209861 
 01/08  14:00:00,,,185752410.13259482,185752410.13259482 
 01/08  15:00:00,,,188982557.02292317,188982557.02292314 
 01/08  16:00:00,,,185302032.70661265,185302032.7066126 
 01/08  17:00:00,,,203070070.93959475,203070070.93959472 
 01/08  18:00:00,,,155823859.77458718,155823859.77458718 
 01/08  19:00:00,,,79011562.2391563,79011562.23915629 
 01/08  20:00:00,,,72550025.73041402,72550025.730414 
 01/08  21:00:00,,,72204691.06480238,72204691.06480238 
 01/08  22:00:00,,,74535579.47504719,74535579.47504717 
 01/08  23:00:00,,,70681359.51374578,70681359.51374578 
 01/08  24:00:00,,,51430208.773441814,51430208.77344182 
 01/09  01:00:00,,,21848601.71853568,21848601.718535684 
 01/09  02:00:00,,,27739831.831075717,27739831.83107572 
 01/09  03:00:00,,,21910831.254505023,21910831.254505023 
 01/09  04:00:00,,,22404633.416759327,22404633.416759323 
 01/09  05:00:00,,,23518577.68366509,23518577.68366509 
 01/09  06:00:00,,,22648326.16735792,22648326.16735792 
 01/09  07:00:00,,,36743519.69404877,36743519.69404876 
 01/09  08:00:00,,,37200596.22599832,37200596.22599832 
 01/09  09:00:00,,,53439401.323492944,53439401.323492944 
 01/09  10:00:00,,,131492600.10934487,131492600.10934485 
 01/09  11:00:00,,,181808593.412678,181808593.41267797 
 01/09  12:00:00,,,186723063.72045878,186723063.72045875 
 01/09  13:00:00,,,184434311.92092592,184434311.92092592 
 01/09  14:00:00,,,184348824.19183427,184348824.19183427 
 01/09  15:00:00,,,187481256.56843463,187481256.5684346 
 01/09  16:00:00,,,187414193.0109625,187414193.0109625 
 01/09  17:00:00,,,195523918.55879685,195523918.55879682 
 01/09  18:00:00,,,202491994.49698526,202491994.49698523 
 01/09  19:00:00,,,205582162.52752572,205582162.52752572 
 01/09  20:00:00,,,203303089.81439066,203303089.81439063 
 01/09  21:00:00,,,148356818.07767078,148356818.07767075 
 01/09  22:00:00,,,73955690.81830513,73955690.81830513 
 01/09  23:00:00,,,66822575.0712603,66822575.07126031 
 01/09  24:00:00,,,52893091.92876023,52893091.92876024 
 01/10  01:00:00,,,22905887.04846751,22905887.048467506 
 01/10  02:00:00,,,27135156.543743175,27135156.54374317 
 01/10  03:00:00,,,21778263.88715121,21778263.887151215 
 01/10  04:00:00,,,22038641.361764047,22038641.361764047 
 01/10  05:00:00,,,21783226.15695762,21783226.156957623 
 01/10  06:00:00,,,22196114.220016643,22196114.22001664 
 01/10  07:00:00,,,32500571.196286406,32500571.19628641 
 01/10  08:00:00,,,40461828.22907738,40461828.22907738 
 01/10  09:00:00,,,54050900.971661605,54050900.9716616 
 01/10  10:00:00,,,123622203.91931558,123622203.91931558 
 01/10  11:00:00,,,178956412.24451658,178956412.24451658 
 01/10  12:00:00,,,181961956.78761107,181961956.78761104 
 01/10  13:00:00,,,184860130.27030298,184860130.27030298 
 01/10  14:00:00,,,186867110.37775376,186867110.37775373 
 01/10  15:00:00,,,186654763.26366162,186654763.2636616 
 01/10  16:00:00,,,180237954.7116294,180237954.71162936 
 01/10  17:00:00,,,196459527.41326192,196459527.41326192 
 01/10  18:00:00,,,203707933.56446934,203707933.5644693 
 01/10  19:00:00,,,196882490.20545444,196882490.2054544 
 01/10  20:00:00,,,203360229.84816492,203360229.84816492 
 01/10  21:00:00,,,143388999.69455332,143388999.69455332 
 01/10  22:00:00,,,74924467.40488605,74924467.40488607 
 01/10  23:00:00,,,69467724.51808956,69467724.51808955 
 01/10  24:00:00,,,49131366.25108413,49131366.25108412 
 01/11  01:00:00,,,20960404.47654756,20960404.476547558 
 01/11  02:00:00,,,23278270.361844487,23278270.361844487 
 01/11  03:00:00,,,21178152.70667029,21178152.70667029 
 01/11  04:00:00,,,20920446.876238637,20920446.876238637 
 01/11  05:00:00,,,23733755.95135977,23733755.951359767 
 01/11  06:00:00,,,24821538.82296262,24821538.822962616 
 01/11  07:00:00,,,32242562.19780192,32242562.197801925 
 01/11  08:00:00,,,36260245.70417799,36260245.70417799 
 01/11  09:00:00,,,49044413.01768697,49044413.01768696 
 01/11  10:00:00,,,128331770.87470284,128331770.87470284 
 01/11  11:00:00,,,181235294.8661913,181235294.86619127 
 01/11  12:00:00,,,181188324.35843712,181188324.3584371 
 01/11  13:00:00,,,185701221.7913075,185701221.7913075 
 01/11  14:00:00,,,185244608.27470613,185244608.27470613 
 01/11  15:00:00,,,187857509.68295237,187857509.68295234 
 01/11  16:00:00,,,185630001.2611398,185630001.2611398 
 01/11  17:00:00,,,196174848.32200575,196174848.32200575 
 01/11  18:00:00,,,204111780.04828784,204111780.04828784 
 01/11  19:00:00,,,200875620.20571172,200875620.20571172 
 01/11  20:00:00,,,204548839.08756617,204548839.0875661 
 01/11  21:00:00,,,148292328.39226675,148292328.39226675 
 01/11  22:00:00,,,73379965.35847148,73379965.35847148 
 01/11  23:00:00,,,66144211.46827054,66144211.46827053 
 01/11  24:00:00,,,49873688.64311371,49873688.6431137 
 01/12  01:00:00,,,23825343.5437808,23825343.5437808 
 01/12  02:00:00,,,24445463.193158887,24445463.193158887 
 01/12  03:00:00,,,21757755.40219067,21757755.402190663 
 01/12  04:00:00,,,25821037.308629822,25821037.308629822 
 01/12  05:00:00,,,21879637.53439108,21879637.534391075 
 01/12  06:00:00,,,22322176.708804246,22322176.708804246 
 01/12  07:00:00,,,32545790.511231348,32545790.511231344 
 01/12  08:00:00,,,39357627.6658297,39357627.665829696 
 01/12  09:00:00,,,48100106.68561459,48100106.685614586 
 01/12  10:00:00,,,127808111.26887618,127808111.26887618 
 01/12  11:00:00,,,180317622.58215222,180317622.58215222 
 01/12  12:00:00,,,183974504.63331497,183974504.63331497 
 01/12  13:00:00,,,183873614.10566697,183873614.10566694 
 01/12  14:00:00,,,189757819.9891508,189757819.98915076 
 01/12  15:00:00,,,189627265.86049095,189627265.86049095 
 01/12  16:00:00,,,189518529.07866183,189518529.0786618 
 01/12  17:00:00,,,192471720.20788074,192471720.20788074 
 01/12  18:00:00,,,209848782.52676463,209848782.52676463 
 01/12  19:00:00,,,207118389.9751044,207118389.97510436 
 01/12  20:00:00,,,200990917.5778128,200990917.5778128 
 01/12  21:00:00,,,153903720.4886997,153903720.48869967 
 01/12  22:00:00,,,74164362.14088102,74164362.14088102 
 01/12  23:00:00,,,67218274.91356273,67218274.91356273 
 01/12  24:00:00,,,50959083.387559384,50959083.387559384 
 01/13  01:00:00,,,37531712.83733523,37531712.83733523 
 01/13  02:00:00,,,25951184.488003556,25951184.488003556 
 01/13  03:00:00,,,24288222.9245955,24288222.924595498 
 01/13  04:00:00,,,21320381.573949162,21320381.57394916 
 01/13  05:00:00,,,21694873.870305855,21694873.87030585 
 01/13  06:00:00,,,22552705.52671549,22552705.526715484 
 01/13  07:00:00,,,32843694.618584946,32843694.618584946 
 01/13  08:00:00,,,38767871.01739773,38767871.01739773 
 01/13  09:00:00,,,51794486.42679826,51794486.42679826 
 01/13  10:00:00,,,128531443.45243102,128531443.45243102 
 01/13  11:00:00,,,179980416.3851179,179980416.38511786 
 01/13  12:00:00,,,187276955.3908224,187276955.39082238 
 01/13  13:00:00,,,190759704.99347508,190759704.99347505 
 01/13  14:00:00,,,186364162.03421995,186364162.03421992 
 01/13  15:00:00,,,183994912.2204181,183994912.22041807 
 01/13  16:00:00,,,189803898.78093114,189803898.78093114 
 01/13  17:00:00,,,200432698.00986728,200432698.00986725 
 01/13  18:00:00,,,204079995.93245357,204079995.93245357 
 01/13  19:00:00,,,207788506.51644236,207788506.51644236 
 01/13  20:00:00,,,209097506.17324996,209097506.17324993 
 01/13  21:00:00,,,149454796.09480464,149454796.09480464 
 01/13  22:00:00,,,74473263.55047092,74473263.55047092 
 01/13  23:00:00,,,70179982.5437827,70179982.5437827 
 01/13  24:00:00,,,62081068.59847832,62081068.598478325 
 01/14  01:00:00,,,47106338.974809095,47106338.974809095 
 01/14  02:00:00,,,22166451.08332018,22166451.08332018 
 01/14  03:00:00,,,21295792.248407226,21295792.248407226 
 01/14  04:00:00,,,22670564.73361593,22670564.73361593 
 01/14  05:00:00,,,21392051.038545754,21392051.038545754 
 01/14  06:00:00,,,24732835.145702634,24732835.145702634 
 01/14  07:00:00,,,38469627.904066086,38469627.904066086 
 01/14  08:00:00,,,37613918.69971578,37613918.69971576 
 01/14  09:00:00,,,45381838.11567397,45381838.11567396 
 01/14  10:00:00,,,124744770.33922936,124744770.33922936 
 01/14  11:00:00,,,183623854.12960187,183623854.12960184 
 01/14  12:00:00,,,179078535.46231797,179078535.46231797 
 01/14  13:00:00,,,185561142.08002487,185561142.08002484 
 01/14  14:00:00,,,187397127.02621642,187397127.02621642 
 01/14  15:00:00,,,184406304.179048,184406304.17904797 
 01/14  16:00:00,,,182856024.23514777,182856024.2351477 
 01/14  17:00:00,,,193791308.7707581,193791308.7707581 
 01/14  18:00:00,,,205784941.41798526,205784941.41798523 
 01/14  19:00:00,,,147120969.98898444,147120969.98898444 
 01/14  20:00:00,,,77262710.69342701,77262710.69342701 
 01/14  21:00:00,,,70349698.52952328,70349698.52952328 
 01/14  22:00:00,,,73377126.59086066,73377126.59086065 
 01/14  23:00:00,,,66528293.66437304,66528293.664373055 
 01/14  24:00:00,,,69520263.74074331,69520263.74074331 
 01/15  01:00:00,,,21114722.589560676,21114722.589560676 
 01/15  02:00:00,,,23921567.430544116,23921567.43054412 
 01/15  03:00:00,,,21077648.335770085,21077648.335770085 
 01/15  04:00:00,,,25466799.441102494,25466799.44110249 
 01/15  05:00:00,,,21233393.11474401,21233393.11474401 
 01/15  06:00:00,,,21929760.742018875,21929760.742018875 
 01/15  07:00:00,,,34753928.96897517,34753928.96897517 
 01/15  08:00:00,,,32817424.891418137,32817424.891418148 
 01/15  09:00:00,,,22223067.429536458,22223067.429536458 
 01/15  10:00:00,,,65336759.22962965,65336759.22962965 
 01/15  11:00:00,,,144401073.08757457,144401073.0875746 
 01/15  12:00:00,,,176426060.46846533,176426060.4684653 
 01/15  13:00:00,,,181690403.2561246,181690403.25612456 
 01/15  14:00:00,,,176982314.64643195,176982314.64643195 
 01/15  15:00:00,,,180087805.22201684,180087805.22201678 
 01/15  16:00:00,,,175954910.73899356,175954910.73899356 
 01/15  17:00:00,,,189743175.08759373,189743175.0875937 
 01/15  18:00:00,,,145067352.11449263,145067352.1144926 
 01/15  19:00:00,,,75819101.42649032,75819101.42649032 
 01/15  20:00:00,,,69345971.81488444,69345971.81488445 
 01/15  21:00:00,,,71664361.08046682,71664361.08046682 
 01/15  22:00:00,,,69198713.74634711,69198713.74634711 
 01/15  23:00:00,,,67588990.91214174,67588990.91214174 
 01/15  24:00:00,,,50728907.38496865,50728907.38496865 
 01/16  01:00:00,,,20528729.71681943,20528729.71681943 
 01/16  02:00:00,,,20536436.47222775,20536436.47222775 
 01/16  03:00:00,,,24204745.464319177,24204745.46431917 
 01/16  04:00:00,,,20475762.326449465,20475762.32644946 
 01/16  05:00:00,,,20325628.78429883,20325628.784298826 
 01/16  06:00:00,,,22956561.263577722,22956561.263577722 
 01/16  07:00:00,,,33657265.18029058,33657265.18029058 
 01/16  08:00:00,,,31241314.38676745,31241314.386767443 
 01/16  09:00:00,,,18414727.20485088,18414727.204850875 
 01/16  10:00:00,,,65866495.91609049,65866495.91609049 
 01/16  11:00:00,,,138548081.64776045,138548081.64776048 
 01/16  12:00:00,,,170500746.50133517,170500746.50133514 
 01/16  13:00:00,,,180749689.11171946,180749689.11171943 
 01/16  14:00:00,,,171829875.85378373,171829875.85378373 
 01/16  15:00:00,,,180903087.90101972,180903087.90101972 
 01/16  16:00:00,,,172220878.77942333,172220878.7794233 
 01/16  17:00:00,,,191207227.8033681,191207227.8033681 
 01/16  18:00:00,,,145391660.99153075,145391660.99153075 
 01/16  19:00:00,,,74365515.56714554,74365515.56714553 
 01/16  20:00:00,,,69201188.77742131,69201188.77742131 
 01/16  21:00:00,,,71593605.17141277,71593605.17141275 
 01/16  22:00:00,,,69189934.8883483,69189934.8883483 
 01/16  23:00:00,,,65111243.3888318,65111243.38883181 
 01/16  24:00:00,,,50783463.44368581,50783463.443685815 
 01/17  01:00:00,,,20492492.539963253,20492492.539963245 
 01/17  02:00:00,,,24294111.103168614,24294111.103168614 
 01/17  03:00:00,,,22938114.875022355,22938114.87502235 
 01/17  04:00:00,,,20688678.913014054,20688678.91301405 
 01/17  05:00:00,,,20615332.079799466,20615332.079799466 
 01/17  06:00:00,,,20704017.778530963,20704017.778530963 
 01/17  07:00:00,,,33828453.77811933,33828453.77811933 
 01/17  08:00:00,,,35618063.532964066,35618063.53296408 
 01/17  09:00:00,,,50071082.809306234,50071082.809306234 
 01/17  10:00:00,,,118752459.57083456,118752459.57083455 
 01/17  11:00:00,,,175608813.75205827,175608813.75205824 
 01/17  12:00:00,,,176798343.9990375,176798343.99903747 
 01/17  13:00:00,,,182118125.69315803,182118125.693158 
 01/17  14:00:00,,,181495976.755007,181495976.755007 
 01/17  15:00:00,,,174799632.16799676,174799632.1679968 
 01/17  16:00:00,,,178892914.42498174,178892914.42498174 
 01/17  17:00:00,,,188891149.77220958,188891149.77220953 
 01/17  18:00:00,,,199126034.97607306,199126034.97607306 
 01/17  19:00:00,,,196548363.25725043,196548363.2572504 
 01/17  20:00:00,,,201899100.5138816,201899100.51388156 
 01/17  21:00:00,,,142096768.03964844,142096768.0396484 
 01/17  22:00:00,,,74817625.81945662,74817625.81945662 
 01/17  23:00:00,,,69555567.53369114,69555567.53369114 
 01/17  24:00:00,,,51336582.152302355,51336582.152302355 
 01/18  01:00:00,,,20699832.27603076,20699832.27603076 
 01/18  02:00:00,,,20510107.037343074,20510107.037343074 
 01/18  03:00:00,,,20750627.395446654,20750627.395446654 
 01/18  04:00:00,,,20737674.10523821,20737674.10523821 
 01/18  05:00:00,,,23502404.017368045,23502404.01736804 
 01/18  06:00:00,,,20938679.849573277,20938679.849573273 
 01/18  07:00:00,,,38152585.92918832,38152585.92918832 
 01/18  08:00:00,,,35951794.54490745,35951794.54490744 
 01/18  09:00:00,,,44568466.40758433,44568466.407584324 
 01/18  10:00:00,,,123212668.23227492,123212668.23227492 
 01/18  11:00:00,,,180029440.8174009,180029440.81740087 
 01/18  12:00:00,,,175180978.6621837,175180978.6621837 
 01/18  13:00:00,,,182911884.80840418,182911884.80840415 
 01/18  14:00:00,,,179672690.97478977,179672690.97478977 
 01/18  15:00:00,,,179226424.81200954,179226424.81200954 
 01/18  16:00:00,,,177468878.08534986,177468878.08534983 
 01/18  17:00:00,,,187862336.88594088,187862336.88594085 
 01/18  18:00:00,,,198867591.47014108,198867591.47014105 
 01/18  19:00:00,,,193475521.31093237,193475521.31093237 
 01/18  20:00:00,,,199865782.02328098,199865782.02328098 
 01/18  21:00:00,,,143851743.90352744,143851743.90352744 
 01/18  22:00:00,,,71394614.05276695,71394614.05276695 
 01/18  23:00:00,,,64815556.7033757,64815556.70337571 
 01/18  24:00:00,,,53215515.599495135,53215515.599495135 
 01/19  01:00:00,,,20373370.477109008,20373370.477109008 
 01/19  02:00:00,,,20422746.924483772,20422746.924483772 
 01/19  03:00:00,,,20405172.503000654,20405172.503000647 
 01/19  04:00:00,,,24227855.114722442,24227855.114722442 
 01/19  05:00:00,,,20410445.12803001,20410445.12803001 
 01/19  06:00:00,,,21649153.025367703,21649153.0253677 
 01/19  07:00:00,,,32366105.845534,32366105.845533997 
 01/19  08:00:00,,,37645415.966435604,37645415.966435604 
 01/19  09:00:00,,,43154725.035123795,43154725.03512379 
 01/19  10:00:00,,,118071284.95876333,118071284.95876335 
 01/19  11:00:00,,,179720511.84984177,179720511.84984177 
 01/19  12:00:00,,,174825639.21487996,174825639.21488 
 01/19  13:00:00,,,177864113.83376178,177864113.83376178 
 01/19  14:00:00,,,181575108.26130345,181575108.26130345 
 01/19  15:00:00,,,180318433.9282602,180318433.9282602 
 01/19  16:00:00,,,180302133.6371315,180302133.6371315 
 01/19  17:00:00,,,181888685.2285915,181888685.2285915 
 01/19  18:00:00,,,201603184.92321792,201603184.92321786 
 01/19  19:00:00,,,197255437.42238662,197255437.4223866 
 01/19  20:00:00,,,193505262.6896271,193505262.68962708 
 01/19  21:00:00,,,147618209.18904558,147618209.18904558 
 01/19  22:00:00,,,70505148.82725804,70505148.82725804 
 01/19  23:00:00,,,65301293.71950138,65301293.71950139 
 01/19  24:00:00,,,50751814.56048404,50751814.560484044 
 01/20  01:00:00,,,32506933.455020748,32506933.45502074 
 01/20  02:00:00,,,24264461.90440887,24264461.90440887 
 01/20  03:00:00,,,23269575.92105511,23269575.92105511 
 01/20  04:00:00,,,20590316.13076815,20590316.13076815 
 01/20  05:00:00,,,23318873.89313887,23318873.89313887 
 01/20  06:00:00,,,20708081.611639056,20708081.611639056 
 01/20  07:00:00,,,31794599.37855468,31794599.37855468 
 01/20  08:00:00,,,35483207.21508845,35483207.21508844 
 01/20  09:00:00,,,46742289.31579788,46742289.31579787 
 01/20  10:00:00,,,120350395.57684918,120350395.57684918 
 01/20  11:00:00,,,175483688.29285628,175483688.29285625 
 01/20  12:00:00,,,178866537.41384453,178866537.41384456 
 01/20  13:00:00,,,183094516.53126454,183094516.53126454 
 01/20  14:00:00,,,178994182.14790618,178994182.14790618 
 01/20  15:00:00,,,182104158.7225306,182104158.72253063 
 01/20  16:00:00,,,177227424.55534416,177227424.55534416 
 01/20  17:00:00,,,189582526.20211858,189582526.20211858 
 01/20  18:00:00,,,199858368.65111724,199858368.65111718 
 01/20  19:00:00,,,198158727.66410834,198158727.6641083 
 01/20  20:00:00,,,201472441.31707722,201472441.3170772 
 01/20  21:00:00,,,145794658.16244495,145794658.16244495 
 01/20  22:00:00,,,72377308.32864851,72377308.32864851 
 01/20  23:00:00,,,68342912.68054163,68342912.68054163 
 01/20  24:00:00,,,60182023.36938345,60182023.36938344 
 01/21  01:00:00,,,42863334.72213042,42863334.72213041 
 01/21  02:00:00,,,20577623.056795277,20577623.056795273 
 01/21  03:00:00,,,20790918.74389321,20790918.743893206 
 01/21  04:00:00,,,23234013.400492392,23234013.400492392 
 01/21  05:00:00,,,23507038.759420715,23507038.759420715 
 01/21  06:00:00,,,20942019.258230798,20942019.258230798 
 01/21  07:00:00,,,35817764.00680707,35817764.00680706 
 01/21  08:00:00,,,35899579.10917228,35899579.10917228 
 01/21  09:00:00,,,45010589.21867911,45010589.2186791 
 01/21  10:00:00,,,126652498.77166612,126652498.77166612 
 01/21  11:00:00,,,179068680.17318967,179068680.17318967 
 01/21  12:00:00,,,178663588.6939772,178663588.6939772 
 01/21  13:00:00,,,181335784.93664876,181335784.93664876 
 01/21  14:00:00,,,180445104.9297111,180445104.9297111 
 01/21  15:00:00,,,182748153.4109174,182748153.4109174 
 01/21  16:00:00,,,178612106.7996789,178612106.79967886 
 01/21  17:00:00,,,186564229.24214834,186564229.2421483 
 01/21  18:00:00,,,199992817.98184323,199992817.98184317 
 01/21  19:00:00,,,146058040.8538134,146058040.8538134 
 01/21  20:00:00,,,73706637.9410592,73706637.9410592 
 01/21  21:00:00,,,71754919.95223066,71754919.95223066 
 01/21  22:00:00,,,69292255.21127923,69292255.21127923 
 01/21  23:00:00,,,67584518.63085252,67584518.63085254 
 01/21  24:00:00,,,67671163.25128336,67671163.25128335 
 01/22  01:00:00,,,20367464.5594296,20367464.5594296 
 01/22  02:00:00,,,20496364.55472617,20496364.55472617 
 01/22  03:00:00,,,22800778.368090667,22800778.368090667 
 01/22  04:00:00,,,24102133.197454013,24102133.19745401 
 01/22  05:00:00,,,20188764.74659545,20188764.74659545 
 01/22  06:00:00,,,20946687.146002483,20946687.146002483 
 01/22  07:00:00,,,31252812.954746082,31252812.954746082 
 01/22  08:00:00,,,34394175.17708381,34394175.17708381 
 01/22  09:00:00,,,19001331.259777233,19001331.259777233 
 01/22  10:00:00,,,66831588.66944884,66831588.66944884 
 01/22  11:00:00,,,141549720.56820816,141549720.56820813 
 01/22  12:00:00,,,179647082.66914374,179647082.66914374 
 01/22  13:00:00,,,180895166.02391076,180895166.02391076 
 01/22  14:00:00,,,181992592.20897388,181992592.20897388 
 01/22  15:00:00,,,181040504.02336916,181040504.02336913 
 01/22  16:00:00,,,182786132.54988927,182786132.5498892 
 01/22  17:00:00,,,191241511.76901132,191241511.7690113 
 01/22  18:00:00,,,150314223.8141951,150314223.81419513 
 01/22  19:00:00,,,74734854.10218002,74734854.10218002 
 01/22  20:00:00,,,73221650.264393,73221650.264393 
 01/22  21:00:00,,,73476826.42166065,73476826.42166065 
 01/22  22:00:00,,,73083457.75059769,73083457.75059769 
 01/22  23:00:00,,,66927016.034587696,66927016.034587696 
 01/22  24:00:00,,,50061815.30631466,50061815.306314655 
 01/23  01:00:00,,,21633618.00856901,21633618.00856901 
 01/23  02:00:00,,,25102762.715884697,25102762.715884693 
 01/23  03:00:00,,,24724331.752959825,24724331.752959825 
 01/23  04:00:00,,,21600943.989288725,21600943.98928872 
 01/23  05:00:00,,,24953176.14196722,24953176.14196722 
 01/23  06:00:00,,,21861221.223283395,21861221.22328339 
 01/23  07:00:00,,,33253494.87781981,33253494.877819803 
 01/23  08:00:00,,,36437751.388068855,36437751.388068855 
 01/23  09:00:00,,,45982248.350705296,45982248.35070529 
 01/23  10:00:00,,,133825585.25031255,133825585.25031255 
 01/23  11:00:00,,,178447865.83606344,178447865.83606344 
 01/23  12:00:00,,,186487364.28734773,186487364.28734773 
 01/23  13:00:00,,,187402621.14153025,187402621.14153025 
 01/23  14:00:00,,,184407540.81003618,184407540.81003618 
 01/23  15:00:00,,,187673113.677529,187673113.67752898 
 01/23  16:00:00,,,188649416.5943761,188649416.59437606 
 01/23  17:00:00,,,192836405.70952052,192836405.70952052 
 01/23  18:00:00,,,202388709.7588458,202388709.7588458 
 01/23  19:00:00,,,205251725.10984513,205251725.10984513 
 01/23  20:00:00,,,203084219.91546857,203084219.91546857 
 01/23  21:00:00,,,147603715.1559348,147603715.1559348 
 01/23  22:00:00,,,71958394.04983622,71958394.0498362 
 01/23  23:00:00,,,67777500.29109406,67777500.29109403 
 01/23  24:00:00,,,56436435.17107131,56436435.17107132 
 01/24  01:00:00,,,21151592.828717094,21151592.828717094 
 01/24  02:00:00,,,22732838.394079216,22732838.394079216 
 01/24  03:00:00,,,22505513.550195135,22505513.550195135 
 01/24  04:00:00,,,21533519.648177605,21533519.6481776 
 01/24  05:00:00,,,21214028.29820167,21214028.29820167 
 01/24  06:00:00,,,21591247.472486656,21591247.472486656 
 01/24  07:00:00,,,38269830.67129174,38269830.67129174 
 01/24  08:00:00,,,32889452.389772106,32889452.389772102 
 01/24  09:00:00,,,46200212.7337095,46200212.73370949 
 01/24  10:00:00,,,123067740.90348259,123067740.90348259 
 01/24  11:00:00,,,181654595.9056938,181654595.90569377 
 01/24  12:00:00,,,179971371.43441397,179971371.43441394 
 01/24  13:00:00,,,181447261.4885477,181447261.48854768 
 01/24  14:00:00,,,186349083.62599236,186349083.62599236 
 01/24  15:00:00,,,186528823.84744856,186528823.84744853 
 01/24  16:00:00,,,183476618.68627697,183476618.68627697 
 01/24  17:00:00,,,186334677.11144763,186334677.1114476 
 01/24  18:00:00,,,207717019.8582958,207717019.8582958 
 01/24  19:00:00,,,200907340.8149683,200907340.81496826 
 01/24  20:00:00,,,201123065.7329737,201123065.73297364 
 01/24  21:00:00,,,152677479.187291,152677479.187291 
 01/24  22:00:00,,,73781723.88816099,73781723.88816097 
 01/24  23:00:00,,,66739784.66428344,66739784.66428343 
 01/24  24:00:00,,,50356150.27034922,50356150.27034922 
 01/25  01:00:00,,,21676170.18376382,21676170.183763824 
 01/25  02:00:00,,,27148965.456492417,27148965.456492417 
 01/25  03:00:00,,,21717394.609048765,21717394.60904876 
 01/25  04:00:00,,,22259345.17461832,22259345.174618315 
 01/25  05:00:00,,,25576601.68793483,25576601.68793483 
 01/25  06:00:00,,,22320012.569756,22320012.569756 
 01/25  07:00:00,,,32772964.347604834,32772964.34760483 
 01/25  08:00:00,,,33648987.90106762,33648987.90106762 
 01/25  09:00:00,,,51362425.82425016,51362425.824250154 
 01/25  10:00:00,,,125297426.44112298,125297426.44112298 
 01/25  11:00:00,,,184600860.05203682,184600860.0520368 
 01/25  12:00:00,,,180432489.91431448,180432489.91431448 
 01/25  13:00:00,,,186153468.38167098,186153468.38167098 
 01/25  14:00:00,,,188562498.52612773,188562498.5261277 
 01/25  15:00:00,,,188250294.68377432,188250294.68377435 
 01/25  16:00:00,,,185499038.10043284,185499038.1004328 
 01/25  17:00:00,,,187044913.00080577,187044913.00080574 
 01/25  18:00:00,,,208304487.4320584,208304487.43205836 
 01/25  19:00:00,,,204172878.62778807,204172878.627788 
 01/25  20:00:00,,,203316441.23661613,203316441.23661613 
 01/25  21:00:00,,,154253536.9490198,154253536.94901976 
 01/25  22:00:00,,,73487765.82544303,73487765.82544303 
 01/25  23:00:00,,,66762711.35793148,66762711.35793149 
 01/25  24:00:00,,,50485682.33336318,50485682.33336318 
 01/26  01:00:00,,,22685318.438896768,22685318.438896764 
 01/26  02:00:00,,,26054086.57949877,26054086.579498775 
 01/26  03:00:00,,,21554793.323523022,21554793.323523022 
 01/26  04:00:00,,,23902884.518579837,23902884.518579837 
 01/26  05:00:00,,,21839318.859151967,21839318.859151967 
 01/26  06:00:00,,,21769460.319037728,21769460.319037728 
 01/26  07:00:00,,,33119109.384386536,33119109.38438654 
 01/26  08:00:00,,,34039045.51117055,34039045.51117055 
 01/26  09:00:00,,,48830930.74683912,48830930.74683913 
 01/26  10:00:00,,,133970002.53302817,133970002.53302816 
 01/26  11:00:00,,,179271808.5467588,179271808.54675883 
 01/26  12:00:00,,,186416916.8444148,186416916.84441477 
 01/26  13:00:00,,,187934519.6734091,187934519.67340907 
 01/26  14:00:00,,,183033839.57392892,183033839.57392892 
 01/26  15:00:00,,,184768042.80098227,184768042.80098224 
 01/26  16:00:00,,,186843917.1544268,186843917.1544268 
 01/26  17:00:00,,,190367349.4196829,190367349.41968286 
 01/26  18:00:00,,,198500137.0452156,198500137.0452156 
 01/26  19:00:00,,,204845005.64603522,204845005.6460352 
 01/26  20:00:00,,,205331794.48417225,205331794.48417225 
 01/26  21:00:00,,,145339909.48800284,145339909.4880028 
 01/26  22:00:00,,,73403829.2424276,73403829.2424276 
 01/26  23:00:00,,,69085477.03384863,69085477.03384863 
 01/26  24:00:00,,,54056673.81670552,54056673.81670551 
 01/27  01:00:00,,,36598409.39959841,36598409.399598405 
 01/27  02:00:00,,,21488223.978965405,21488223.9789654 
 01/27  03:00:00,,,21181095.39644537,21181095.396445364 
 01/27  04:00:00,,,20986929.961098522,20986929.96109852 
 01/27  05:00:00,,,20795407.673792664,20795407.673792664 
 01/27  06:00:00,,,23563722.824442353,23563722.824442353 
 01/27  07:00:00,,,36618423.674754344,36618423.674754344 
 01/27  08:00:00,,,34786458.715857595,34786458.715857595 
 01/27  09:00:00,,,45222073.313259885,45222073.31325987 
 01/27  10:00:00,,,124379769.13475397,124379769.13475396 
 01/27  11:00:00,,,183442574.26654944,183442574.2665494 
 01/27  12:00:00,,,178227393.64468494,178227393.6446849 
 01/27  13:00:00,,,184799369.97936666,184799369.97936663 
 01/27  14:00:00,,,186395810.40397316,186395810.4039731 
 01/27  15:00:00,,,183511821.14469802,183511821.14469802 
 01/27  16:00:00,,,182218231.04817182,182218231.04817185 
 01/27  17:00:00,,,188075231.71525204,188075231.71525204 
 01/27  18:00:00,,,207772875.942466,207772875.94246596 
 01/27  19:00:00,,,198934837.4822948,198934837.48229474 
 01/27  20:00:00,,,203850697.61239386,203850697.61239383 
 01/27  21:00:00,,,153113859.47721544,153113859.47721544 
 01/27  22:00:00,,,73134231.87551078,73134231.87551078 
 01/27  23:00:00,,,66610162.89032936,66610162.89032936 
 01/27  24:00:00,,,59925004.65412563,59925004.65412564 
 01/28  01:00:00,,,46457694.008497156,46457694.00849715 
 01/28  02:00:00,,,20994192.546356376,20994192.546356373 
 01/28  03:00:00,,,21234553.423712637,21234553.423712637 
 01/28  04:00:00,,,22787584.21741197,22787584.21741197 
 01/28  05:00:00,,,25525876.95452176,25525876.95452176 
 01/28  06:00:00,,,23108410.247387316,23108410.247387312 
 01/28  07:00:00,,,32677883.291151464,32677883.29115147 
 01/28  08:00:00,,,33372026.87559153,33372026.875591524 
 01/28  09:00:00,,,47899238.848828875,47899238.84882887 
 01/28  10:00:00,,,126173884.5413141,126173884.5413141 
 01/28  11:00:00,,,181418115.4537676,181418115.4537676 
 01/28  12:00:00,,,178752350.46916834,178752350.46916837 
 01/28  13:00:00,,,182069353.78892273,182069353.7889227 
 01/28  14:00:00,,,185100291.2180112,185100291.21801117 
 01/28  15:00:00,,,184728577.81343666,184728577.8134366 
 01/28  16:00:00,,,181830563.5728342,181830563.5728342 
 01/28  17:00:00,,,181516478.0684807,181516478.06848064 
 01/28  18:00:00,,,204004068.96666557,204004068.96666557 
 01/28  19:00:00,,,145771607.95352983,145771607.95352983 
 01/28  20:00:00,,,75185150.47316858,75185150.47316857 
 01/28  21:00:00,,,72282918.51331869,72282918.51331869 
 01/28  22:00:00,,,70070730.14651048,70070730.14651048 
 01/28  23:00:00,,,68143763.07918613,68143763.07918614 
 01/28  24:00:00,,,65518246.40181911,65518246.401819125 
 01/29  01:00:00,,,24228029.060704406,24228029.060704406 
 01/29  02:00:00,,,20656062.29000766,20656062.29000766 
 01/29  03:00:00,,,22962057.712265044,22962057.712265044 
 01/29  04:00:00,,,20943902.740257993,20943902.740257993 
 01/29  05:00:00,,,22961179.162396356,22961179.162396356 
 01/29  06:00:00,,,20965229.34293828,20965229.34293828 
 01/29  07:00:00,,,31261520.28357273,31261520.28357273 
 01/29  08:00:00,,,32296820.44798003,32296820.44798003 
 01/29  09:00:00,,,18945187.05170723,18945187.051707227 
 01/29  10:00:00,,,66674026.710098974,66674026.71009898 
 01/29  11:00:00,,,135902313.568294,135902313.568294 
 01/29  12:00:00,,,176149058.68706286,176149058.6870629 
 01/29  13:00:00,,,175781053.62642077,175781053.62642074 
 01/29  14:00:00,,,177846996.74303418,177846996.74303418 
 01/29  15:00:00,,,173624929.9015285,173624929.9015285 
 01/29  16:00:00,,,180055341.3913346,180055341.3913346 
 01/29  17:00:00,,,175073507.77734748,175073507.77734748 
 01/29  18:00:00,,,150447330.00881147,150447330.0088115 
 01/29  19:00:00,,,69254026.70849052,69254026.70849054 
 01/29  20:00:00,,,71986268.05337799,71986268.05337799 
 01/29  21:00:00,,,69116833.46100463,69116833.46100463 
 01/29  22:00:00,,,69390679.54607545,69390679.54607543 
 01/29  23:00:00,,,68797986.71693555,68797986.71693556 
 01/29  24:00:00,,,53384578.27747795,53384578.27747794 
 01/30  01:00:00,,,20222109.873045027,20222109.873045027 
 01/30  02:00:00,,,20464958.8769233,20464958.8769233 
 01/30  03:00:00,,,20299581.83047733,20299581.830477327 
 01/30  04:00:00,,,21814581.96154286,21814581.96154286 
 01/30  05:00:00,,,21603994.46473789,21603994.46473789 
 01/30  06:00:00,,,20667940.53327251,20667940.53327251 
 01/30  07:00:00,,,34996792.83964167,34996792.83964167 
 01/30  08:00:00,,,34499805.95217915,34499805.95217915 
 01/30  09:00:00,,,43447412.91198447,43447412.911984466 
 01/30  10:00:00,,,121160678.30917674,121160678.30917673 
 01/30  11:00:00,,,179117269.81480685,179117269.81480685 
 01/30  12:00:00,,,173617517.0667401,173617517.06674007 
 01/30  13:00:00,,,182122516.27840528,182122516.27840525 
 01/30  14:00:00,,,183140467.13151973,183140467.13151973 
 01/30  15:00:00,,,183067329.9558557,183067329.9558557 
 01/30  16:00:00,,,178313910.92884207,178313910.92884207 
 01/30  17:00:00,,,179842522.62003902,179842522.62003902 
 01/30  18:00:00,,,204000036.65140802,204000036.65140802 
 01/30  19:00:00,,,197917447.00018907,197917447.00018904 
 01/30  20:00:00,,,196932683.9021039,196932683.90210384 
 01/30  21:00:00,,,151219560.85134733,151219560.85134733 
 01/30  22:00:00,,,69866561.22366107,69866561.22366107 
 01/30  23:00:00,,,68056292.45760575,68056292.45760575 
 01/30  24:00:00,,,48775337.55019425,48775337.55019425 
 01/31  01:00:00,,,20913639.736371055,20913639.73637106 
 01/31  02:00:00,,,23210466.29284853,23210466.292848535 
 01/31  03:00:00,,,20982139.071677923,20982139.071677923 
 01/31  04:00:00,,,26995613.38345235,26995613.38345234 
 01/31  05:00:00,,,21038225.837833043,21038225.837833043 
 01/31  06:00:00,,,20940100.05135682,20940100.05135682 
 01/31  07:00:00,,,32117650.110983804,32117650.110983804 
 01/31  08:00:00,,,32791960.38397505,32791960.38397504 
 01/31  09:00:00,,,47368677.79615308,47368677.796153076 
 01/31  10:00:00,,,128335755.77672365,128335755.77672364 
 01/31  11:00:00,,,178008582.52427807,178008582.52427807 
 01/31  12:00:00,,,181620259.01575884,181620259.01575884 
 01/31  13:00:00,,,181582928.46089914,181582928.46089914 
 01/31  14:00:00,,,188387216.88127553,188387216.88127548 
 01/31  15:00:00,,,188926078.10828426,188926078.10828426 
 01/31  16:00:00,,,186488365.97543666,186488365.97543663 
 01/31  17:00:00,,,183361805.36011338,183361805.36011332 
 01/31  18:00:00,,,210538365.14117098,210538365.14117095 
 01/31  19:00:00,,,204586297.93535084,204586297.93535084 
 01/31  20:00:00,,,201537559.4632335,201537559.4632335 
 01/31  21:00:00,,,156983883.45354143,156983883.45354143 
 01/31  22:00:00,,,71625310.0645518,71625310.0645518 
 01/31  23:00:00,,,69787697.70397237,69787697.70397238 
 01/31  24:00:00,77406942372.33595,503133070990.50366,51091247.35481487,51091247.35481487 
 02/01  01:00:00,,,22913966.540021226,22913966.540021226 
 02/01  02:00:00,,,24647531.63864108,24647531.638641078 
 02/01  03:00:00,,,23193020.922654904,23193020.922654904 
 02/01  04:00:00,,,24043609.360590994,24043609.360590994 
 02/01  05:00:00,,,24894578.613512054,24894578.613512054 
 02/01  06:00:00,,,22986272.426164147,22986272.426164143 
 02/01  07:00:00,,,33283975.08881154,33283975.08881154 
 02/01  08:00:00,,,30661825.88037767,30661825.880377658 
 02/01  09:00:00,,,50732492.818731636,50732492.81873164 
 02/01  10:00:00,,,132531888.16102493,132531888.16102496 
 02/01  11:00:00,,,180355856.1068763,180355856.1068763 
 02/01  12:00:00,,,188215214.28464088,188215214.28464085 
 02/01  13:00:00,,,189727034.75078872,189727034.7507887 
 02/01  14:00:00,,,191658964.18654644,191658964.1865464 
 02/01  15:00:00,,,184816493.73203304,184816493.73203304 
 02/01  16:00:00,,,191194101.06697515,191194101.06697515 
 02/01  17:00:00,,,189156461.85340735,189156461.85340735 
 02/01  18:00:00,,,205703931.2794099,205703931.27940983 
 02/01  19:00:00,,,207778138.59360132,207778138.5936013 
 02/01  20:00:00,,,206956858.01400936,206956858.01400936 
 02/01  21:00:00,,,149587818.705687,149587818.705687 
 02/01  22:00:00,,,72993391.40421368,72993391.40421367 
 02/01  23:00:00,,,74835768.18093365,74835768.18093364 
 02/01  24:00:00,,,51099539.85783948,51099539.85783949 
 02/02  01:00:00,,,21582074.27252023,21582074.27252023 
 02/02  02:00:00,,,23245141.871614467,23245141.871614467 
 02/02  03:00:00,,,22796289.396896143,22796289.396896143 
 02/02  04:00:00,,,21962514.089076698,21962514.089076698 
 02/02  05:00:00,,,21905312.53466992,21905312.534669925 
 02/02  06:00:00,,,26252538.240058452,26252538.240058452 
 02/02  07:00:00,,,35304297.67002929,35304297.67002929 
 02/02  08:00:00,,,30337405.008449625,30337405.00844962 
 02/02  09:00:00,,,48669319.63557856,48669319.63557855 
 02/02  10:00:00,,,129584648.42746039,129584648.42746039 
 02/02  11:00:00,,,186900199.0435685,186900199.0435685 
 02/02  12:00:00,,,184008983.87780973,184008983.8778097 
 02/02  13:00:00,,,185879495.39168775,185879495.39168775 
 02/02  14:00:00,,,190047460.10042304,190047460.100423 
 02/02  15:00:00,,,189281313.49640894,189281313.49640894 
 02/02  16:00:00,,,189266122.37672436,189266122.37672436 
 02/02  17:00:00,,,182253179.32062054,182253179.3206205 
 02/02  18:00:00,,,209095604.65208432,209095604.6520843 
 02/02  19:00:00,,,206549328.409328,206549328.409328 
 02/02  20:00:00,,,199977066.78736377,199977066.78736374 
 02/02  21:00:00,,,152813928.3240661,152813928.3240661 
 02/02  22:00:00,,,73797195.17052521,73797195.17052521 
 02/02  23:00:00,,,66736354.85178584,66736354.85178585 
 02/02  24:00:00,,,51041602.886849836,51041602.88684982 
 02/03  01:00:00,,,39966007.24143982,39966007.24143981 
 02/03  02:00:00,,,22037417.617331207,22037417.617331207 
 02/03  03:00:00,,,23484577.488043647,23484577.488043647 
 02/03  04:00:00,,,24435605.661908515,24435605.661908515 
 02/03  05:00:00,,,21470266.6002918,21470266.6002918 
 02/03  06:00:00,,,21853181.285272144,21853181.285272144 
 02/03  07:00:00,,,32319301.160279777,32319301.160279773 
 02/03  08:00:00,,,31240707.566520024,31240707.56652002 
 02/03  09:00:00,,,49793216.516785845,49793216.51678584 
 02/03  10:00:00,,,127540118.18625373,127540118.18625373 
 02/03  11:00:00,,,181260851.9484266,181260851.94842657 
 02/03  12:00:00,,,180671175.08572552,180671175.08572555 
 02/03  13:00:00,,,183054065.07760334,183054065.07760334 
 02/03  14:00:00,,,185127815.39536726,185127815.39536726 
 02/03  15:00:00,,,184821275.17439508,184821275.17439508 
 02/03  16:00:00,,,185859777.88440353,185859777.88440353 
 02/03  17:00:00,,,183245662.89496422,183245662.89496422 
 02/03  18:00:00,,,200386653.67844898,200386653.67844898 
 02/03  19:00:00,,,201324288.67899182,201324288.67899182 
 02/03  20:00:00,,,200066479.2635548,200066479.26355478 
 02/03  21:00:00,,,145138239.60253173,145138239.60253173 
 02/03  22:00:00,,,72373613.78507286,72373613.78507283 
 02/03  23:00:00,,,65547154.5476735,65547154.54767349 
 02/03  24:00:00,,,58711965.23133199,58711965.23133199 
 02/04  01:00:00,,,46099803.029739246,46099803.02973923 
 02/04  02:00:00,,,20657280.237454485,20657280.23745448 
 02/04  03:00:00,,,23096612.961660415,23096612.961660407 
 02/04  04:00:00,,,20732239.74651172,20732239.746511716 
 02/04  05:00:00,,,20749448.574116208,20749448.574116208 
 02/04  06:00:00,,,22182157.069167633,22182157.069167633 
 02/04  07:00:00,,,32826935.310515746,32826935.310515754 
 02/04  08:00:00,,,33035980.34119192,33035980.341191925 
 02/04  09:00:00,,,46275203.04250879,46275203.04250879 
 02/04  10:00:00,,,118629028.46531257,118629028.46531256 
 02/04  11:00:00,,,180046341.88959476,180046341.88959473 
 02/04  12:00:00,,,175697871.3082695,175697871.30826947 
 02/04  13:00:00,,,184384406.32563043,184384406.32563043 
 02/04  14:00:00,,,184074839.56527,184074839.56527 
 02/04  15:00:00,,,183720933.83166918,183720933.83166915 
 02/04  16:00:00,,,175279172.9492576,175279172.9492576 
 02/04  17:00:00,,,184760339.44421664,184760339.44421664 
 02/04  18:00:00,,,205299742.84817898,205299742.84817898 
 02/04  19:00:00,,,143018507.3868801,143018507.3868801 
 02/04  20:00:00,,,72891410.70970595,72891410.70970593 
 02/04  21:00:00,,,75860975.63465175,75860975.63465174 
 02/04  22:00:00,,,72419930.71409075,72419930.71409075 
 02/04  23:00:00,,,67055604.95669578,67055604.95669577 
 02/04  24:00:00,,,67460223.01436406,67460223.01436405 
 02/05  01:00:00,,,20847601.443383254,20847601.443383254 
 02/05  02:00:00,,,21246694.38411582,21246694.38411582 
 02/05  03:00:00,,,20950608.642125215,20950608.64212521 
 02/05  04:00:00,,,25136313.218946043,25136313.218946047 
 02/05  05:00:00,,,22805067.312260248,22805067.312260248 
 02/05  06:00:00,,,25153745.228733215,25153745.228733215 
 02/05  07:00:00,,,32150608.17725019,32150608.17725019 
 02/05  08:00:00,,,26108925.96204539,26108925.96204539 
 02/05  09:00:00,,,19187011.6064288,19187011.606428795 
 02/05  10:00:00,,,65609169.270678975,65609169.27067897 
 02/05  11:00:00,,,144942185.3310367,144942185.3310367 
 02/05  12:00:00,,,174287088.36662394,174287088.3666239 
 02/05  13:00:00,,,185130273.3372648,185130273.33726478 
 02/05  14:00:00,,,177641998.27442092,177641998.2744209 
 02/05  15:00:00,,,183249904.49042112,183249904.49042112 
 02/05  16:00:00,,,178523748.63187063,178523748.63187063 
 02/05  17:00:00,,,182796199.1032814,182796199.10328138 
 02/05  18:00:00,,,145373086.56563365,145373086.56563362 
 02/05  19:00:00,,,77174255.3497017,77174255.34970169 
 02/05  20:00:00,,,73291714.2321458,73291714.23214582 
 02/05  21:00:00,,,70651813.633957,70651813.63395698 
 02/05  22:00:00,,,70609130.32929638,70609130.32929638 
 02/05  23:00:00,,,69244179.05037162,69244179.05037162 
 02/05  24:00:00,,,49867049.45225861,49867049.45225862 
 02/06  01:00:00,,,21827418.971523568,21827418.971523564 
 02/06  02:00:00,,,24199910.12084703,24199910.12084703 
 02/06  03:00:00,,,25786164.132699348,25786164.13269935 
 02/06  04:00:00,,,21322847.978846934,21322847.97884693 
 02/06  05:00:00,,,24206714.27684362,24206714.276843615 
 02/06  06:00:00,,,22143365.299924854,22143365.299924854 
 02/06  07:00:00,,,33763624.31138825,33763624.311388254 
 02/06  08:00:00,,,29603709.898628835,29603709.89862884 
 02/06  09:00:00,,,48277861.5267166,48277861.5267166 
 02/06  10:00:00,,,128940834.03354089,128940834.03354089 
 02/06  11:00:00,,,180792954.07924318,180792954.07924315 
 02/06  12:00:00,,,180712725.81267747,180712725.81267747 
 02/06  13:00:00,,,187290457.135139,187290457.13513896 
 02/06  14:00:00,,,184005042.90962586,184005042.90962583 
 02/06  15:00:00,,,187725302.0784411,187725302.07844108 
 02/06  16:00:00,,,184075832.0452923,184075832.04529223 
 02/06  17:00:00,,,187277844.44739416,187277844.44739416 
 02/06  18:00:00,,,201940084.31813174,201940084.3181317 
 02/06  19:00:00,,,203244949.19700825,203244949.19700825 
 02/06  20:00:00,,,203698280.47961736,203698280.47961736 
 02/06  21:00:00,,,151559341.77314675,151559341.77314675 
 02/06  22:00:00,,,71378048.63197991,71378048.6319799 
 02/06  23:00:00,,,69511900.82143448,69511900.82143448 
 02/06  24:00:00,,,54493439.828210995,54493439.828210995 
 02/07  01:00:00,,,21671752.480963938,21671752.48096394 
 02/07  02:00:00,,,22117184.93723165,22117184.937231645 
 02/07  03:00:00,,,21794757.274240017,21794757.274240017 
 02/07  04:00:00,,,25987670.88390484,25987670.883904833 
 02/07  05:00:00,,,23197880.797895975,23197880.79789597 
 02/07  06:00:00,,,22377006.87162597,22377006.87162597 
 02/07  07:00:00,,,36713836.06071502,36713836.06071502 
 02/07  08:00:00,,,30597585.964344695,30597585.964344695 
 02/07  09:00:00,,,46828048.9958349,46828048.9958349 
 02/07  10:00:00,,,132010395.74080971,132010395.74080971 
 02/07  11:00:00,,,183571562.7398293,183571562.73982927 
 02/07  12:00:00,,,182816057.51291838,182816057.51291835 
 02/07  13:00:00,,,189908018.0421387,189908018.04213867 
 02/07  14:00:00,,,190708812.3304271,190708812.3304271 
 02/07  15:00:00,,,187654539.44315156,187654539.44315153 
 02/07  16:00:00,,,186266466.3062881,186266466.3062881 
 02/07  17:00:00,,,187945781.85908362,187945781.85908362 
 02/07  18:00:00,,,204806512.59444752,204806512.59444752 
 02/07  19:00:00,,,203033771.75415343,203033771.75415343 
 02/07  20:00:00,,,204649975.1588671,204649975.15886703 
 02/07  21:00:00,,,153639796.18240446,153639796.18240443 
 02/07  22:00:00,,,71715911.92318484,71715911.92318486 
 02/07  23:00:00,,,72288328.90890017,72288328.90890017 
 02/07  24:00:00,,,51255104.64681667,51255104.64681668 
 02/08  01:00:00,,,21703403.54568241,21703403.54568241 
 02/08  02:00:00,,,22231122.64363378,22231122.643633783 
 02/08  03:00:00,,,23010163.478371177,23010163.478371177 
 02/08  04:00:00,,,23500587.567361195,23500587.567361195 
 02/08  05:00:00,,,25813756.42012184,25813756.420121845 
 02/08  06:00:00,,,25357453.712048233,25357453.71204823 
 02/08  07:00:00,,,33250312.724389765,33250312.72438976 
 02/08  08:00:00,,,27519252.100354165,27519252.100354157 
 02/08  09:00:00,,,47158469.27146161,47158469.271461606 
 02/08  10:00:00,,,132139841.60269223,132139841.60269225 
 02/08  11:00:00,,,183372884.29278144,183372884.29278138 
 02/08  12:00:00,,,187007557.81729764,187007557.8172976 
 02/08  13:00:00,,,181281752.01808012,181281752.01808012 
 02/08  14:00:00,,,189302922.82229,189302922.82228997 
 02/08  15:00:00,,,188561245.04092193,188561245.04092193 
 02/08  16:00:00,,,188341799.33998534,188341799.33998534 
 02/08  17:00:00,,,182409844.6699973,182409844.6699973 
 02/08  18:00:00,,,203289406.47297958,203289406.47297955 
 02/08  19:00:00,,,205795795.9852368,205795795.9852368 
 02/08  20:00:00,,,201247560.8647769,201247560.86477688 
 02/08  21:00:00,,,151712528.92436683,151712528.92436686 
 02/08  22:00:00,,,72442102.80657357,72442102.80657357 
 02/08  23:00:00,,,67966364.4413726,67966364.4413726 
 02/08  24:00:00,,,50377974.80517146,50377974.80517146 
 02/09  01:00:00,,,23922100.070643455,23922100.070643455 
 02/09  02:00:00,,,26996217.80715678,26996217.80715678 
 02/09  03:00:00,,,23002260.10013912,23002260.100139122 
 02/09  04:00:00,,,22215367.521572437,22215367.521572437 
 02/09  05:00:00,,,21851966.19894726,21851966.19894726 
 02/09  06:00:00,,,22266159.93257953,22266159.93257953 
 02/09  07:00:00,,,32726293.148329996,32726293.148329996 
 02/09  08:00:00,,,29453782.382418334,29453782.382418334 
 02/09  09:00:00,,,51361339.02584874,51361339.02584872 
 02/09  10:00:00,,,126061988.87293829,126061988.87293829 
 02/09  11:00:00,,,180047108.82578173,180047108.82578173 
 02/09  12:00:00,,,182635120.57519296,182635120.57519293 
 02/09  13:00:00,,,185257753.53713036,185257753.53713033 
 02/09  14:00:00,,,187167219.74859443,187167219.74859446 
 02/09  15:00:00,,,182797991.3707631,182797991.37076306 
 02/09  16:00:00,,,186360725.070746,186360725.07074597 
 02/09  17:00:00,,,182564189.62765923,182564189.6276592 
 02/09  18:00:00,,,197980850.52797163,197980850.5279716 
 02/09  19:00:00,,,203680126.16032565,203680126.16032565 
 02/09  20:00:00,,,201593875.73999882,201593875.73999876 
 02/09  21:00:00,,,147036345.9294266,147036345.92942664 
 02/09  22:00:00,,,73466216.62231432,73466216.62231432 
 02/09  23:00:00,,,70296159.10911837,70296159.10911837 
 02/09  24:00:00,,,50050075.52921356,50050075.52921356 
 02/10  01:00:00,,,36545645.73565709,36545645.73565709 
 02/10  02:00:00,,,21863466.894855246,21863466.894855246 
 02/10  03:00:00,,,23380929.23325277,23380929.23325277 
 02/10  04:00:00,,,20993171.98370842,20993171.98370842 
 02/10  05:00:00,,,20756026.583383802,20756026.583383802 
 02/10  06:00:00,,,25069126.764659546,25069126.764659546 
 02/10  07:00:00,,,33265146.507666618,33265146.507666618 
 02/10  08:00:00,,,27639132.911671437,27639132.911671434 
 02/10  09:00:00,,,46918027.3990648,46918027.3990648 
 02/10  10:00:00,,,120153441.68451013,120153441.68451011 
 02/10  11:00:00,,,182574378.482617,182574378.48261696 
 02/10  12:00:00,,,175513698.93931562,175513698.93931562 
 02/10  13:00:00,,,185507801.39792195,185507801.3979219 
 02/10  14:00:00,,,183582747.42150432,183582747.42150432 
 02/10  15:00:00,,,183102528.57380947,183102528.57380947 
 02/10  16:00:00,,,181318156.3304255,181318156.33042547 
 02/10  17:00:00,,,181036445.0407542,181036445.0407542 
 02/10  18:00:00,,,199882229.00707042,199882229.00707042 
 02/10  19:00:00,,,198173672.3595172,198173672.35951716 
 02/10  20:00:00,,,198187450.43244445,198187450.43244442 
 02/10  21:00:00,,,148356117.8066883,148356117.8066883 
 02/10  22:00:00,,,72193906.1332848,72193906.1332848 
 02/10  23:00:00,,,65308697.19735367,65308697.19735367 
 02/10  24:00:00,,,58385545.66670496,58385545.66670497 
 02/11  01:00:00,,,41967371.67512731,41967371.67512731 
 02/11  02:00:00,,,20459610.352476023,20459610.352476023 
 02/11  03:00:00,,,21671588.658809457,21671588.658809457 
 02/11  04:00:00,,,22995583.739976604,22995583.7399766 
 02/11  05:00:00,,,24226922.079132944,24226922.079132937 
 02/11  06:00:00,,,21774678.646349564,21774678.646349564 
 02/11  07:00:00,,,31237492.53945152,31237492.53945152 
 02/11  08:00:00,,,25430349.495719336,25430349.495719336 
 02/11  09:00:00,,,43311643.39497507,43311643.394975066 
 02/11  10:00:00,,,123867763.16626444,123867763.16626443 
 02/11  11:00:00,,,175325730.696639,175325730.696639 
 02/11  12:00:00,,,178701930.242332,178701930.24233198 
 02/11  13:00:00,,,183604969.50284165,183604969.50284162 
 02/11  14:00:00,,,180074052.54575792,180074052.54575786 
 02/11  15:00:00,,,181748652.53119895,181748652.53119892 
 02/11  16:00:00,,,182167141.5206785,182167141.5206785 
 02/11  17:00:00,,,185151920.46050838,185151920.4605084 
 02/11  18:00:00,,,192481144.294985,192481144.29498497 
 02/11  19:00:00,,,150768711.82716015,150768711.82716015 
 02/11  20:00:00,,,72344946.35710265,72344946.35710263 
 02/11  21:00:00,,,72536464.19182876,72536464.19182874 
 02/11  22:00:00,,,70818177.83839835,70818177.83839835 
 02/11  23:00:00,,,71701492.51767805,71701492.51767805 
 02/11  24:00:00,,,70690495.65488237,70690495.65488237 
 02/12  01:00:00,,,21567839.505091578,21567839.505091578 
 02/12  02:00:00,,,22019798.62802839,22019798.62802839 
 02/12  03:00:00,,,21624155.7480798,21624155.7480798 
 02/12  04:00:00,,,22098370.18761172,22098370.18761172 
 02/12  05:00:00,,,22942725.76082371,22942725.76082372 
 02/12  06:00:00,,,23408208.650067855,23408208.65006785 
 02/12  07:00:00,,,38725741.64215702,38725741.64215701 
 02/12  08:00:00,,,23001068.149618194,23001068.149618194 
 02/12  09:00:00,,,19683024.95589041,19683024.95589041 
 02/12  10:00:00,,,67492974.18818425,67492974.18818425 
 02/12  11:00:00,,,141375620.31873822,141375620.31873822 
 02/12  12:00:00,,,183566891.97660542,183566891.9766054 
 02/12  13:00:00,,,180076562.53862506,180076562.5386251 
 02/12  14:00:00,,,187118503.39679694,187118503.39679694 
 02/12  15:00:00,,,180334526.299564,180334526.29956397 
 02/12  16:00:00,,,184219665.28282943,184219665.28282943 
 02/12  17:00:00,,,181136505.06248614,181136505.0624861 
 02/12  18:00:00,,,148301027.18160385,148301027.18160385 
 02/12  19:00:00,,,70778369.37096351,70778369.37096353 
 02/12  20:00:00,,,75757978.41164067,75757978.41164066 
 02/12  21:00:00,,,70710208.72551651,70710208.72551651 
 02/12  22:00:00,,,74224885.6225017,74224885.62250169 
 02/12  23:00:00,,,69182009.61776166,69182009.61776166 
 02/12  24:00:00,,,50372466.91795146,50372466.917951465 
 02/13  01:00:00,,,21621244.14275842,21621244.14275842 
 02/13  02:00:00,,,20989179.519529074,20989179.519529074 
 02/13  03:00:00,,,25010926.42947533,25010926.42947533 
 02/13  04:00:00,,,22662629.132213827,22662629.132213827 
 02/13  05:00:00,,,22934169.91270719,22934169.912707195 
 02/13  06:00:00,,,25215947.159715407,25215947.1597154 
 02/13  07:00:00,,,32556166.6547346,32556166.654734597 
 02/13  08:00:00,,,26331018.55900141,26331018.55900141 
 02/13  09:00:00,,,48681753.96419796,48681753.96419795 
 02/13  10:00:00,,,126829089.97818674,126829089.97818673 
 02/13  11:00:00,,,180638965.0674983,180638965.06749827 
 02/13  12:00:00,,,179368362.9991252,179368362.99912524 
 02/13  13:00:00,,,185391687.69649467,185391687.69649467 
 02/13  14:00:00,,,185872221.78293708,185872221.78293708 
 02/13  15:00:00,,,185243228.6087273,185243228.6087273 
 02/13  16:00:00,,,182307760.22378016,182307760.22378016 
 02/13  17:00:00,,,178433979.6880717,178433979.68807167 
 02/13  18:00:00,,,197909970.37855995,197909970.37855995 
 02/13  19:00:00,,,199563025.06254113,199563025.06254107 
 02/13  20:00:00,,,195978066.96542436,195978066.96542433 
 02/13  21:00:00,,,148916723.818954,148916723.818954 
 02/13  22:00:00,,,72753611.3816179,72753611.3816179 
 02/13  23:00:00,,,68468213.50046436,68468213.50046436 
 02/13  24:00:00,,,49590422.07782165,49590422.07782165 
 02/14  01:00:00,,,20942127.82127268,20942127.82127268 
 02/14  02:00:00,,,21252099.061090846,21252099.061090846 
 02/14  03:00:00,,,25889997.55101159,25889997.55101159 
 02/14  04:00:00,,,22524119.35441184,22524119.35441184 
 02/14  05:00:00,,,23449729.355427522,23449729.355427515 
 02/14  06:00:00,,,21358728.981631868,21358728.981631868 
 02/14  07:00:00,,,31721565.154302765,31721565.154302765 
 02/14  08:00:00,,,22858260.807814643,22858260.80781464 
 02/14  09:00:00,,,44035732.07008828,44035732.070088275 
 02/14  10:00:00,,,128270271.47095941,128270271.47095941 
 02/14  11:00:00,,,172927894.67182514,172927894.67182514 
 02/14  12:00:00,,,181279243.88868496,181279243.88868496 
 02/14  13:00:00,,,180732155.50832272,180732155.50832272 
 02/14  14:00:00,,,176500473.1905421,176500473.19054207 
 02/14  15:00:00,,,182676872.74379775,182676872.74379775 
 02/14  16:00:00,,,182531353.9123902,182531353.9123902 
 02/14  17:00:00,,,180029646.09388536,180029646.0938853 
 02/14  18:00:00,,,189442365.65608996,189442365.6560899 
 02/14  19:00:00,,,200356634.27526537,200356634.27526537 
 02/14  20:00:00,,,199095181.69763333,199095181.69763333 
 02/14  21:00:00,,,141709654.20208597,141709654.20208597 
 02/14  22:00:00,,,70539089.25930576,70539089.25930576 
 02/14  23:00:00,,,66582277.23724059,66582277.2372406 
 02/14  24:00:00,,,54496991.059186295,54496991.059186295 
 02/15  01:00:00,,,20469272.418209355,20469272.418209355 
 02/15  02:00:00,,,21556593.489138175,21556593.489138175 
 02/15  03:00:00,,,21733844.277524814,21733844.277524814 
 02/15  04:00:00,,,20449723.663457356,20449723.66345735 
 02/15  05:00:00,,,20551767.89005302,20551767.89005302 
 02/15  06:00:00,,,20381984.199193712,20381984.199193712 
 02/15  07:00:00,,,37589775.350286745,37589775.35028675 
 02/15  08:00:00,,,22183253.065618977,22183253.065618973 
 02/15  09:00:00,,,44605522.17723945,44605522.17723945 
 02/15  10:00:00,,,119188141.27571617,119188141.27571619 
 02/15  11:00:00,,,177879806.2429147,177879806.2429147 
 02/15  12:00:00,,,176202863.88115498,176202863.88115498 
 02/15  13:00:00,,,176426665.25087333,176426665.25087333 
 02/15  14:00:00,,,180919114.82592338,180919114.82592338 
 02/15  15:00:00,,,180480628.18591416,180480628.18591413 
 02/15  16:00:00,,,176616452.29193175,176616452.2919317 
 02/15  17:00:00,,,176889618.26864275,176889618.26864275 
 02/15  18:00:00,,,192858726.90344772,192858726.9034477 
 02/15  19:00:00,,,195281279.67426708,195281279.67426705 
 02/15  20:00:00,,,195417305.48024425,195417305.48024425 
 02/15  21:00:00,,,146762088.04380715,146762088.04380712 
 02/15  22:00:00,,,71599161.52219747,71599161.52219747 
 02/15  23:00:00,,,65096273.128324874,65096273.128324874 
 02/15  24:00:00,,,48052048.01422021,48052048.01422021 
 02/16  01:00:00,,,21677424.51061316,21677424.510613166 
 02/16  02:00:00,,,23916890.804010812,23916890.804010812 
 02/16  03:00:00,,,20513026.56622381,20513026.566223808 
 02/16  04:00:00,,,21496760.850279193,21496760.850279197 
 02/16  05:00:00,,,22972804.459443588,22972804.459443584 
 02/16  06:00:00,,,20331979.043023277,20331979.043023277 
 02/16  07:00:00,,,31200693.146941993,31200693.146941997 
 02/16  08:00:00,,,23104262.09221167,23104262.09221167 
 02/16  09:00:00,,,46673537.511571325,46673537.511571325 
 02/16  10:00:00,,,116950558.91731818,116950558.9173182 
 02/16  11:00:00,,,176507392.23824054,176507392.23824054 
 02/16  12:00:00,,,176506927.89107597,176506927.89107597 
 02/16  13:00:00,,,174963165.43656394,174963165.4365639 
 02/16  14:00:00,,,177933476.6929706,177933476.69297057 
 02/16  15:00:00,,,178519972.05683976,178519972.0568397 
 02/16  16:00:00,,,175784077.76843745,175784077.76843742 
 02/16  17:00:00,,,174313041.8512295,174313041.85122946 
 02/16  18:00:00,,,189082741.0797407,189082741.07974064 
 02/16  19:00:00,,,197290904.26297265,197290904.26297265 
 02/16  20:00:00,,,191168805.470654,191168805.47065398 
 02/16  21:00:00,,,144246678.6757524,144246678.6757524 
 02/16  22:00:00,,,70950614.78908285,70950614.78908285 
 02/16  23:00:00,,,64315512.12443013,64315512.12443013 
 02/16  24:00:00,,,48403377.92829989,48403377.92829989 
 02/17  01:00:00,,,33428259.185011696,33428259.185011692 
 02/17  02:00:00,,,23962569.730191335,23962569.730191335 
 02/17  03:00:00,,,20173531.719875924,20173531.719875924 
 02/17  04:00:00,,,22776782.116303936,22776782.116303932 
 02/17  05:00:00,,,20275560.292188507,20275560.292188503 
 02/17  06:00:00,,,20376267.21026592,20376267.210265916 
 02/17  07:00:00,,,32384243.971890017,32384243.971890017 
 02/17  08:00:00,,,23108859.67284515,23108859.672845148 
 02/17  09:00:00,,,45781563.95156389,45781563.95156388 
 02/17  10:00:00,,,116915951.75336792,116915951.75336792 
 02/17  11:00:00,,,170801840.42208475,170801840.42208475 
 02/17  12:00:00,,,176600230.2378264,176600230.2378264 
 02/17  13:00:00,,,178935234.11934197,178935234.11934197 
 02/17  14:00:00,,,178642414.35234493,178642414.35234493 
 02/17  15:00:00,,,172636581.18659043,172636581.18659043 
 02/17  16:00:00,,,176178532.4948312,176178532.4948312 
 02/17  17:00:00,,,178894063.3707191,178894063.3707191 
 02/17  18:00:00,,,184542202.2738154,184542202.2738154 
 02/17  19:00:00,,,193299538.5417772,193299538.54177716 
 02/17  20:00:00,,,198373487.8858642,198373487.8858642 
 02/17  21:00:00,,,140290058.41094798,140290058.41094798 
 02/17  22:00:00,,,72693789.54809456,72693789.54809456 
 02/17  23:00:00,,,68683140.16701192,68683140.1670119 
 02/17  24:00:00,,,58277592.25801611,58277592.25801611 
 02/18  01:00:00,,,41831539.92614967,41831539.92614966 
 02/18  02:00:00,,,20399644.828983143,20399644.828983143 
 02/18  03:00:00,,,20345408.375402696,20345408.375402696 
 02/18  04:00:00,,,20500971.466881473,20500971.46688147 
 02/18  05:00:00,,,21982527.797375284,21982527.797375284 
 02/18  06:00:00,,,28512867.876979955,28512867.87697995 
 02/18  07:00:00,,,31823088.979784608,31823088.979784608 
 02/18  08:00:00,,,22535736.331082717,22535736.331082713 
 02/18  09:00:00,,,43439456.46745402,43439456.467454016 
 02/18  10:00:00,,,122220493.23245662,122220493.23245661 
 02/18  11:00:00,,,178370011.9007022,178370011.90070218 
 02/18  12:00:00,,,174976462.83191112,174976462.83191112 
 02/18  13:00:00,,,183331713.13171315,183331713.13171315 
 02/18  14:00:00,,,180158755.72429776,180158755.72429776 
 02/18  15:00:00,,,182255477.84427708,182255477.84427708 
 02/18  16:00:00,,,180954404.9524479,180954404.95244783 
 02/18  17:00:00,,,177565862.5423928,177565862.54239282 
 02/18  18:00:00,,,190640333.26219073,190640333.26219076 
 02/18  19:00:00,,,149160610.5912415,149160610.5912415 
 02/18  20:00:00,,,70831898.28636672,70831898.28636672 
 02/18  21:00:00,,,72067556.83094873,72067556.83094874 
 02/18  22:00:00,,,69543881.96421018,69543881.96421018 
 02/18  23:00:00,,,68205469.5860507,68205469.58605072 
 02/18  24:00:00,,,68087227.03735338,68087227.0373534 
 02/19  01:00:00,,,20666872.94581079,20666872.945810787 
 02/19  02:00:00,,,24136527.037037414,24136527.037037414 
 02/19  03:00:00,,,20585267.929793864,20585267.92979386 
 02/19  04:00:00,,,21763773.685579177,21763773.68557918 
 02/19  05:00:00,,,21996652.643772524,21996652.64377252 
 02/19  06:00:00,,,20660779.707878597,20660779.707878597 
 02/19  07:00:00,,,31617964.580159284,31617964.580159273 
 02/19  08:00:00,,,20748459.064264093,20748459.06426409 
 02/19  09:00:00,,,19103176.063754797,19103176.063754793 
 02/19  10:00:00,,,68541310.99413107,68541310.99413107 
 02/19  11:00:00,,,137215654.40999573,137215654.40999576 
 02/19  12:00:00,,,176372780.99765402,176372780.99765396 
 02/19  13:00:00,,,179574836.16204947,179574836.1620495 
 02/19  14:00:00,,,179206270.23109445,179206270.23109445 
 02/19  15:00:00,,,178728555.61511147,178728555.61511147 
 02/19  16:00:00,,,181458829.44648802,181458829.44648796 
 02/19  17:00:00,,,176121006.70485586,176121006.70485586 
 02/19  18:00:00,,,139046053.4789035,139046053.47890347 
 02/19  19:00:00,,,69472923.40274844,69472923.40274844 
 02/19  20:00:00,,,71841890.6048523,71841890.6048523 
 02/19  21:00:00,,,71654725.37683114,71654725.37683114 
 02/19  22:00:00,,,70503626.28629565,70503626.28629564 
 02/19  23:00:00,,,66465338.22225661,66465338.2222566 
 02/19  24:00:00,,,48419386.388342306,48419386.38834231 
 02/20  01:00:00,,,24211375.250101868,24211375.250101868 
 02/20  02:00:00,,,20609754.43016451,20609754.43016451 
 02/20  03:00:00,,,21875840.888316967,21875840.888316967 
 02/20  04:00:00,,,23214567.86940115,23214567.869401146 
 02/20  05:00:00,,,22012026.61335165,22012026.61335165 
 02/20  06:00:00,,,20893769.09316593,20893769.093165927 
 02/20  07:00:00,,,31696145.467962764,31696145.467962764 
 02/20  08:00:00,,,18981700.272947147,18981700.27294715 
 02/20  09:00:00,,,19103205.71536358,19103205.715363577 
 02/20  10:00:00,,,67442613.39348426,67442613.39348425 
 02/20  11:00:00,,,138867391.74720755,138867391.74720755 
 02/20  12:00:00,,,179866082.2733134,179866082.2733134 
 02/20  13:00:00,,,177823807.12961632,177823807.1296163 
 02/20  14:00:00,,,180860329.25401834,180860329.2540183 
 02/20  15:00:00,,,176334480.6583445,176334480.6583445 
 02/20  16:00:00,,,182397044.9856379,182397044.98563787 
 02/20  17:00:00,,,174555336.36325204,174555336.363252 
 02/20  18:00:00,,,141293945.8371776,141293945.8371776 
 02/20  19:00:00,,,69611936.8719321,69611936.87193209 
 02/20  20:00:00,,,72273999.37488635,72273999.37488636 
 02/20  21:00:00,,,69474206.82888217,69474206.82888217 
 02/20  22:00:00,,,71053406.11480609,71053406.11480609 
 02/20  23:00:00,,,68236374.23688263,68236374.23688263 
 02/20  24:00:00,,,51762113.90336081,51762113.90336081 
 02/21  01:00:00,,,23325423.61578831,23325423.61578831 
 02/21  02:00:00,,,20883804.36816862,20883804.36816862 
 02/21  03:00:00,,,22062889.715754934,22062889.715754934 
 02/21  04:00:00,,,22147344.547078494,22147344.547078494 
 02/21  05:00:00,,,20925899.726400398,20925899.72640039 
 02/21  06:00:00,,,21052884.193889294,21052884.193889294 
 02/21  07:00:00,,,35540500.985274054,35540500.98527406 
 02/21  08:00:00,,,21794895.68988197,21794895.68988197 
 02/21  09:00:00,,,45623778.366554886,45623778.366554886 
 02/21  10:00:00,,,121531402.93842858,121531402.93842857 
 02/21  11:00:00,,,179224359.93005493,179224359.93005493 
 02/21  12:00:00,,,174122127.60069737,174122127.60069737 
 02/21  13:00:00,,,179367012.44881797,179367012.44881794 
 02/21  14:00:00,,,181271739.309915,181271739.309915 
 02/21  15:00:00,,,180819624.23536986,180819624.23536986 
 02/21  16:00:00,,,176957069.06116247,176957069.06116244 
 02/21  17:00:00,,,176145006.9021741,176145006.90217403 
 02/21  18:00:00,,,191718023.41633672,191718023.4163367 
 02/21  19:00:00,,,196422434.49772182,196422434.4977218 
 02/21  20:00:00,,,197263448.69376758,197263448.69376752 
 02/21  21:00:00,,,149501966.40154263,149501966.40154266 
 02/21  22:00:00,,,70657891.9996921,70657891.99969211 
 02/21  23:00:00,,,66706180.598892,66706180.598892 
 02/21  24:00:00,,,48796239.88264401,48796239.882644005 
 02/22  01:00:00,,,20376724.983172946,20376724.983172946 
 02/22  02:00:00,,,21839504.741863273,21839504.74186327 
 02/22  03:00:00,,,24421089.1835023,24421089.183502298 
 02/22  04:00:00,,,24698060.20679236,24698060.206792355 
 02/22  05:00:00,,,20849403.60369124,20849403.60369124 
 02/22  06:00:00,,,20900598.574145354,20900598.574145354 
 02/22  07:00:00,,,31679986.21979729,31679986.21979729 
 02/22  08:00:00,,,19249760.989631772,19249760.989631772 
 02/22  09:00:00,,,48284643.08598925,48284643.08598925 
 02/22  10:00:00,,,125643048.51664439,125643048.5166444 
 02/22  11:00:00,,,174342478.75677195,174342478.75677198 
 02/22  12:00:00,,,179363661.91732788,179363661.9173278 
 02/22  13:00:00,,,175382294.6330538,175382294.6330538 
 02/22  14:00:00,,,180813655.3956171,180813655.39561707 
 02/22  15:00:00,,,180073224.68807825,180073224.6880782 
 02/22  16:00:00,,,177420055.6841492,177420055.6841492 
 02/22  17:00:00,,,175383768.94378123,175383768.94378123 
 02/22  18:00:00,,,189703017.69493526,189703017.69493523 
 02/22  19:00:00,,,196930763.18641013,196930763.18641013 
 02/22  20:00:00,,,194757910.3133294,194757910.31332937 
 02/22  21:00:00,,,147875501.10929066,147875501.10929066 
 02/22  22:00:00,,,71579882.57401028,71579882.57401028 
 02/22  23:00:00,,,64901913.13734285,64901913.13734284 
 02/22  24:00:00,,,48235557.51730639,48235557.51730639 
 02/23  01:00:00,,,25250406.379987553,25250406.37998755 
 02/23  02:00:00,,,20226890.065168682,20226890.06516868 
 02/23  03:00:00,,,21619699.686499745,21619699.686499745 
 02/23  04:00:00,,,20487347.513178747,20487347.51317875 
 02/23  05:00:00,,,23062194.45346771,23062194.45346771 
 02/23  06:00:00,,,20740176.436765604,20740176.436765607 
 02/23  07:00:00,,,31546045.537058935,31546045.53705893 
 02/23  08:00:00,,,20256589.12020553,20256589.120205533 
 02/23  09:00:00,,,48801500.59666564,48801500.59666563 
 02/23  10:00:00,,,121606497.9756423,121606497.97564228 
 02/23  11:00:00,,,171656583.99447212,171656583.9944721 
 02/23  12:00:00,,,179103802.06866798,179103802.06866798 
 02/23  13:00:00,,,178687804.01322228,178687804.01322228 
 02/23  14:00:00,,,176210092.98996118,176210092.98996118 
 02/23  15:00:00,,,173853727.2887341,173853727.28873408 
 02/23  16:00:00,,,178431592.16375074,178431592.16375074 
 02/23  17:00:00,,,177603149.27252054,177603149.2725205 
 02/23  18:00:00,,,182237735.82985884,182237735.82985884 
 02/23  19:00:00,,,194598210.56768352,194598210.5676835 
 02/23  20:00:00,,,199208318.20216468,199208318.20216465 
 02/23  21:00:00,,,140051678.47822294,140051678.47822294 
 02/23  22:00:00,,,74978695.47632161,74978695.47632161 
 02/23  23:00:00,,,67103709.119445115,67103709.119445115 
 02/23  24:00:00,,,49091883.49605422,49091883.49605422 
 02/24  01:00:00,,,33439118.453625876,33439118.453625876 
 02/24  02:00:00,,,20254730.116647236,20254730.116647236 
 02/24  03:00:00,,,20326089.480783816,20326089.480783813 
 02/24  04:00:00,,,20419275.343305577,20419275.343305573 
 02/24  05:00:00,,,20544357.823491387,20544357.823491387 
 02/24  06:00:00,,,25562467.473459482,25562467.473459482 
 02/24  07:00:00,,,33834214.837854944,33834214.837854944 
 02/24  08:00:00,,,20132992.439126693,20132992.439126693 
 02/24  09:00:00,,,43231757.047954656,43231757.047954656 
 02/24  10:00:00,,,117359394.35526124,117359394.3552612 
 02/24  11:00:00,,,179125521.6209279,179125521.6209279 
 02/24  12:00:00,,,173822102.91749963,173822102.9174996 
 02/24  13:00:00,,,177044217.38037103,177044217.380371 
 02/24  14:00:00,,,177551116.5650334,177551116.56503338 
 02/24  15:00:00,,,178256589.7237898,178256589.72378975 
 02/24  16:00:00,,,177017077.1996804,177017077.19968042 
 02/24  17:00:00,,,172558288.11957031,172558288.11957026 
 02/24  18:00:00,,,185007001.00132528,185007001.00132525 
 02/24  19:00:00,,,197173616.11026466,197173616.11026457 
 02/24  20:00:00,,,192482563.73775893,192482563.7377589 
 02/24  21:00:00,,,146881133.5533415,146881133.5533415 
 02/24  22:00:00,,,69825778.37917972,69825778.37917973 
 02/24  23:00:00,,,65711447.67467368,65711447.674673684 
 02/24  24:00:00,,,56562081.618672535,56562081.61867253 
 02/25  01:00:00,,,43989031.65184254,43989031.65184254 
 02/25  02:00:00,,,20134924.49650476,20134924.49650476 
 02/25  03:00:00,,,23976640.26075604,23976640.26075604 
 02/25  04:00:00,,,20206592.16588797,20206592.16588797 
 02/25  05:00:00,,,21551825.73681312,21551825.73681312 
 02/25  06:00:00,,,21527606.072728597,21527606.072728597 
 02/25  07:00:00,,,31124643.54440902,31124643.54440902 
 02/25  08:00:00,,,15149842.903780287,15149842.903780287 
 02/25  09:00:00,,,44938790.231563166,44938790.231563166 
 02/25  10:00:00,,,120280193.56594801,120280193.56594801 
 02/25  11:00:00,,,173545604.0170297,173545604.01702973 
 02/25  12:00:00,,,172308930.18627015,172308930.18627015 
 02/25  13:00:00,,,177950868.66618183,177950868.66618183 
 02/25  14:00:00,,,173909146.55921265,173909146.55921268 
 02/25  15:00:00,,,177719300.66725504,177719300.667255 
 02/25  16:00:00,,,174636674.57666948,174636674.57666948 
 02/25  17:00:00,,,175673921.5451564,175673921.5451564 
 02/25  18:00:00,,,180654462.3820541,180654462.3820541 
 02/25  19:00:00,,,142343570.58803463,142343570.58803463 
 02/25  20:00:00,,,71928325.42404449,71928325.42404449 
 02/25  21:00:00,,,70379603.08131233,70379603.08131233 
 02/25  22:00:00,,,68127335.86088878,68127335.86088878 
 02/25  23:00:00,,,69530313.56591676,69530313.56591678 
 02/25  24:00:00,,,65289421.8034561,65289421.8034561 
 02/26  01:00:00,,,19703383.470960233,19703383.470960233 
 02/26  02:00:00,,,19580205.88706784,19580205.887067836 
 02/26  03:00:00,,,21111887.32824628,21111887.32824628 
 02/26  04:00:00,,,22487997.61774188,22487997.61774188 
 02/26  05:00:00,,,20139492.04242773,20139492.04242773 
 02/26  06:00:00,,,21957243.866988037,21957243.866988033 
 02/26  07:00:00,,,34224312.20447905,34224312.204479046 
 02/26  08:00:00,,,11162292.771399075,11162292.771399073 
 02/26  09:00:00,,,18214514.896809738,18214514.896809738 
 02/26  10:00:00,,,65710964.46363868,65710964.46363868 
 02/26  11:00:00,,,134443042.06020826,134443042.06020823 
 02/26  12:00:00,,,174611322.04578203,174611322.045782 
 02/26  13:00:00,,,174177484.32772335,174177484.32772332 
 02/26  14:00:00,,,176384183.1214466,176384183.1214466 
 02/26  15:00:00,,,171920920.78707564,171920920.78707558 
 02/26  16:00:00,,,178354503.43345273,178354503.43345273 
 02/26  17:00:00,,,169635098.4962963,169635098.4962963 
 02/26  18:00:00,,,134452006.53028244,134452006.53028244 
 02/26  19:00:00,,,68200959.78576884,68200959.78576884 
 02/26  20:00:00,,,70826515.99434236,70826515.99434236 
 02/26  21:00:00,,,68353498.55477133,68353498.55477133 
 02/26  22:00:00,,,73503826.17197873,73503826.17197871 
 02/26  23:00:00,,,65757434.76305156,65757434.76305156 
 02/26  24:00:00,,,50233320.117819525,50233320.117819525 
 02/27  01:00:00,,,20050581.220779598,20050581.220779598 
 02/27  02:00:00,,,20097072.872211788,20097072.87221179 
 02/27  03:00:00,,,21401181.86683678,21401181.86683678 
 02/27  04:00:00,,,20485432.426213145,20485432.426213145 
 02/27  05:00:00,,,24286735.52201847,24286735.52201847 
 02/27  06:00:00,,,22016984.813842982,22016984.813842982 
 02/27  07:00:00,,,31510355.33511513,31510355.335115127 
 02/27  08:00:00,,,18133801.840363197,18133801.840363197 
 02/27  09:00:00,,,43283285.33398859,43283285.3339886 
 02/27  10:00:00,,,119724537.82522516,119724537.82522516 
 02/27  11:00:00,,,179851387.70994398,179851387.70994395 
 02/27  12:00:00,,,173277691.1601997,173277691.16019967 
 02/27  13:00:00,,,181905427.7770012,181905427.7770012 
 02/27  14:00:00,,,183143947.23186946,183143947.23186946 
 02/27  15:00:00,,,183208331.60933483,183208331.60933477 
 02/27  16:00:00,,,181876750.67447123,181876750.67447117 
 02/27  17:00:00,,,175526912.92263734,175526912.92263728 
 02/27  18:00:00,,,189742682.4223164,189742682.42231634 
 02/27  19:00:00,,,199613889.48766705,199613889.48766702 
 02/27  20:00:00,,,193457162.47494623,193457162.47494623 
 02/27  21:00:00,,,150202836.0496736,150202836.0496736 
 02/27  22:00:00,,,71143070.31743228,71143070.31743228 
 02/27  23:00:00,,,66769145.17090357,66769145.17090357 
 02/27  24:00:00,,,48916523.74148385,48916523.74148385 
 02/28  01:00:00,,,20893397.874151062,20893397.87415106 
 02/28  02:00:00,,,25101729.87576896,25101729.875768952 
 02/28  03:00:00,,,24393469.412919544,24393469.412919547 
 02/28  04:00:00,,,21128391.217622023,21128391.217622023 
 02/28  05:00:00,,,22357810.362133693,22357810.36213369 
 02/28  06:00:00,,,21127174.19062042,21127174.19062042 
 02/28  07:00:00,,,31904709.7345701,31904709.7345701 
 02/28  08:00:00,,,16171861.640006157,16171861.640006155 
 02/28  09:00:00,,,47967940.890469626,47967940.89046962 
 02/28  10:00:00,,,125462106.46955748,125462106.46955745 
 02/28  11:00:00,,,176053284.63287228,176053284.63287228 
 02/28  12:00:00,,,177700042.1715331,177700042.1715331 
 02/28  13:00:00,,,182250170.5054487,182250170.5054487 
 02/28  14:00:00,,,179036497.50835347,179036497.5083534 
 02/28  15:00:00,,,182412200.74166918,182412200.74166915 
 02/28  16:00:00,,,179827187.50269195,179827187.50269195 
 02/28  17:00:00,,,181309267.13920578,181309267.13920578 
 02/28  18:00:00,,,185326577.6623723,185326577.6623723 
 02/28  19:00:00,,,199007165.15139762,199007165.1513976 
 02/28  20:00:00,,,201009090.9132185,201009090.9132185 
 02/28  21:00:00,,,146670230.2249156,146670230.2249156 
 02/28  22:00:00,,,71123917.11291383,71123917.11291383 
 02/28  23:00:00,,,67329229.95532365,67329229.95532364 
 02/28  24:00:00,68214327608.87844,348358997955.6609,52768460.2901441,52768460.29014409 
 03/01  01:00:00,,,20848814.708471727,20848814.708471727 
 03/01  02:00:00,,,21904935.575020406,21904935.575020395 
 03/01  03:00:00,,,21146361.99522011,21146361.995220114 
 03/01  04:00:00,,,24621739.369448297,24621739.369448297 
 03/01  05:00:00,,,21328470.43156441,21328470.43156441 
 03/01  06:00:00,,,20989756.35346498,20989756.353464976 
 03/01  07:00:00,,,35995473.277973525,35995473.277973525 
 03/01  08:00:00,,,16089603.291627083,16089603.291627083 
 03/01  09:00:00,,,46158059.79384247,46158059.79384247 
 03/01  10:00:00,,,126092556.49362172,126092556.4936217 
 03/01  11:00:00,,,178918204.12810278,178918204.12810275 
 03/01  12:00:00,,,179142926.4356508,179142926.4356508 
 03/01  13:00:00,,,182664746.7256047,182664746.72560465 
 03/01  14:00:00,,,184396765.67362407,184396765.67362404 
 03/01  15:00:00,,,181154202.2261803,181154202.2261803 
 03/01  16:00:00,,,179713194.9982398,179713194.9982398 
 03/01  17:00:00,,,182565297.91019398,182565297.91019398 
 03/01  18:00:00,,,183573807.62501276,183573807.62501273 
 03/01  19:00:00,,,197809158.92713004,197809158.92713 
 03/01  20:00:00,,,200692657.10742295,200692657.10742292 
 03/01  21:00:00,,,147333553.33566433,147333553.33566433 
 03/01  22:00:00,,,71007631.10530621,71007631.10530621 
 03/01  23:00:00,,,69574522.06061473,69574522.06061473 
 03/01  24:00:00,,,48781690.51312883,48781690.51312883 
 03/02  01:00:00,,,21949832.41331917,21949832.41331917 
 03/02  02:00:00,,,20581210.238031343,20581210.238031343 
 03/02  03:00:00,,,21976338.885805152,21976338.885805152 
 03/02  04:00:00,,,22111876.48897041,22111876.48897041 
 03/02  05:00:00,,,23441019.338488325,23441019.338488325 
 03/02  06:00:00,,,23369782.896840222,23369782.896840222 
 03/02  07:00:00,,,31886157.34692412,31886157.346924122 
 03/02  08:00:00,,,17345595.800146043,17345595.80014604 
 03/02  09:00:00,,,44761690.007110715,44761690.0071107 
 03/02  10:00:00,,,124393742.77642661,124393742.7764266 
 03/02  11:00:00,,,178637864.6244309,178637864.62443087 
 03/02  12:00:00,,,181605713.1066241,181605713.1066241 
 03/02  13:00:00,,,175680447.18494216,175680447.18494216 
 03/02  14:00:00,,,181316995.0939244,181316995.09392443 
 03/02  15:00:00,,,182024620.11251256,182024620.11251256 
 03/02  16:00:00,,,181914609.13805312,181914609.13805312 
 03/02  17:00:00,,,175597433.12546006,175597433.12546006 
 03/02  18:00:00,,,183797175.63322496,183797175.63322493 
 03/02  19:00:00,,,200861748.33969516,200861748.3396951 
 03/02  20:00:00,,,193926563.55681285,193926563.55681285 
 03/02  21:00:00,,,149827711.25652406,149827711.25652403 
 03/02  22:00:00,,,71039157.20860264,71039157.20860264 
 03/02  23:00:00,,,67124472.09415717,67124472.09415717 
 03/02  24:00:00,,,50171815.365440294,50171815.365440294 
 03/03  01:00:00,,,36008662.316780195,36008662.31678019 
 03/03  02:00:00,,,25773323.708713107,25773323.708713103 
 03/03  03:00:00,,,21038510.19918699,21038510.199186984 
 03/03  04:00:00,,,20997301.084322445,20997301.084322445 
 03/03  05:00:00,,,21402329.094885413,21402329.09488541 
 03/03  06:00:00,,,21480886.614187066,21480886.614187066 
 03/03  07:00:00,,,30479615.00937824,30479615.009378243 
 03/03  08:00:00,,,17499016.656004548,17499016.656004548 
 03/03  09:00:00,,,50632931.347646095,50632931.34764609 
 03/03  10:00:00,,,119684011.78755793,119684011.7875579 
 03/03  11:00:00,,,177208505.11830613,177208505.11830613 
 03/03  12:00:00,,,176651193.3230384,176651193.32303837 
 03/03  13:00:00,,,180220915.66385698,180220915.66385692 
 03/03  14:00:00,,,180790456.87696347,180790456.87696344 
 03/03  15:00:00,,,176328671.6331123,176328671.63311228 
 03/03  16:00:00,,,179122669.02968314,179122669.02968317 
 03/03  17:00:00,,,178089285.8372786,178089285.8372786 
 03/03  18:00:00,,,179267788.38191828,179267788.38191828 
 03/03  19:00:00,,,198240336.6961267,198240336.6961267 
 03/03  20:00:00,,,197453522.42304444,197453522.42304438 
 03/03  21:00:00,,,144335723.84825388,144335723.84825388 
 03/03  22:00:00,,,70678271.18984807,70678271.18984807 
 03/03  23:00:00,,,69248804.80216299,69248804.80216299 
 03/03  24:00:00,,,57097115.04742591,57097115.0474259 
 03/04  01:00:00,,,43364487.38561803,43364487.38561803 
 03/04  02:00:00,,,20517514.633754253,20517514.63375425 
 03/04  03:00:00,,,23259075.829644382,23259075.829644382 
 03/04  04:00:00,,,20582865.67263845,20582865.67263845 
 03/04  05:00:00,,,22031231.55236688,22031231.552366883 
 03/04  06:00:00,,,20928815.768532965,20928815.768532965 
 03/04  07:00:00,,,32929498.888153166,32929498.888153154 
 03/04  08:00:00,,,15547503.102046208,15547503.102046207 
 03/04  09:00:00,,,45508335.258036084,45508335.25803608 
 03/04  10:00:00,,,117648488.26473191,117648488.2647319 
 03/04  11:00:00,,,176607050.40602618,176607050.40602615 
 03/04  12:00:00,,,172849690.9828073,172849690.98280728 
 03/04  13:00:00,,,180216411.8168121,180216411.8168121 
 03/04  14:00:00,,,179593707.42932862,179593707.42932865 
 03/04  15:00:00,,,177482624.05729517,177482624.05729517 
 03/04  16:00:00,,,173250788.3216791,173250788.3216791 
 03/04  17:00:00,,,178514358.8640293,178514358.8640293 
 03/04  18:00:00,,,183633794.5968095,183633794.59680948 
 03/04  19:00:00,,,143445854.9288247,143445854.9288247 
 03/04  20:00:00,,,70792688.32635793,70792688.32635793 
 03/04  21:00:00,,,69594803.71104781,69594803.71104783 
 03/04  22:00:00,,,72292602.25896448,72292602.25896448 
 03/04  23:00:00,,,65501228.67342189,65501228.67342189 
 03/04  24:00:00,,,65766918.98772086,65766918.98772086 
 03/05  01:00:00,,,19629947.54728292,19629947.54728292 
 03/05  02:00:00,,,19653707.813583583,19653707.81358358 
 03/05  03:00:00,,,23476759.468490914,23476759.468490914 
 03/05  04:00:00,,,21156708.98912247,21156708.98912247 
 03/05  05:00:00,,,19818976.43941942,19818976.43941942 
 03/05  06:00:00,,,22406373.74788439,22406373.747884385 
 03/05  07:00:00,,,28598087.32431928,28598087.32431928 
 03/05  08:00:00,,,10854114.475268133,10854114.475268135 
 03/05  09:00:00,,,18014007.570738453,18014007.570738453 
 03/05  10:00:00,,,66841148.59067904,66841148.59067903 
 03/05  11:00:00,,,137121013.7851738,137121013.7851738 
 03/05  12:00:00,,,171470451.0267011,171470451.0267011 
 03/05  13:00:00,,,179179503.02505037,179179503.02505037 
 03/05  14:00:00,,,172632444.960071,172632444.960071 
 03/05  15:00:00,,,178870737.93538117,178870737.93538117 
 03/05  16:00:00,,,172436725.53606609,172436725.53606606 
 03/05  17:00:00,,,178821823.41618606,178821823.41618606 
 03/05  18:00:00,,,130154256.06386995,130154256.06386995 
 03/05  19:00:00,,,71287638.98663548,71287638.98663548 
 03/05  20:00:00,,,70117090.0262955,70117090.02629551 
 03/05  21:00:00,,,69973415.25611669,69973415.25611669 
 03/05  22:00:00,,,69011161.83360693,69011161.83360693 
 03/05  23:00:00,,,66299244.532811716,66299244.53281172 
 03/05  24:00:00,,,49434013.56157623,49434013.56157623 
 03/06  01:00:00,,,20369537.7168895,20369537.716889504 
 03/06  02:00:00,,,26673234.469908208,26673234.469908208 
 03/06  03:00:00,,,20497722.013017964,20497722.013017967 
 03/06  04:00:00,,,21916458.25548838,21916458.25548838 
 03/06  05:00:00,,,20759328.654707685,20759328.654707685 
 03/06  06:00:00,,,20873244.80116874,20873244.80116874 
 03/06  07:00:00,,,29618565.141495984,29618565.141495984 
 03/06  08:00:00,,,15904100.554554382,15904100.55455438 
 03/06  09:00:00,,,49825861.621250555,49825861.62125055 
 03/06  10:00:00,,,119903812.8955014,119903812.89550142 
 03/06  11:00:00,,,175867132.05953282,175867132.05953276 
 03/06  12:00:00,,,176495267.73991197,176495267.73991197 
 03/06  13:00:00,,,180800321.31007645,180800321.31007642 
 03/06  14:00:00,,,181673176.01804495,181673176.01804495 
 03/06  15:00:00,,,177160151.73648724,177160151.7364872 
 03/06  16:00:00,,,178072341.24414545,178072341.24414542 
 03/06  17:00:00,,,180540802.12842804,180540802.128428 
 03/06  18:00:00,,,181556185.5905686,181556185.5905686 
 03/06  19:00:00,,,196299272.39225408,196299272.39225405 
 03/06  20:00:00,,,199068116.09828562,199068116.09828562 
 03/06  21:00:00,,,145682522.1076616,145682522.1076616 
 03/06  22:00:00,,,69451779.71854249,69451779.71854247 
 03/06  23:00:00,,,70548804.79189746,70548804.79189746 
 03/06  24:00:00,,,49694769.33473618,49694769.33473618 
 03/07  01:00:00,,,20571969.940360587,20571969.940360587 
 03/07  02:00:00,,,20517061.503789235,20517061.503789235 
 03/07  03:00:00,,,22021871.803204946,22021871.803204946 
 03/07  04:00:00,,,22060012.626904473,22060012.626904473 
 03/07  05:00:00,,,22320040.06882824,22320040.06882824 
 03/07  06:00:00,,,26078027.392012022,26078027.39201202 
 03/07  07:00:00,,,28728559.878024563,28728559.878024563 
 03/07  08:00:00,,,16032986.807074733,16032986.807074733 
 03/07  09:00:00,,,44078359.52807379,44078359.52807378 
 03/07  10:00:00,,,123722079.00973281,123722079.00973281 
 03/07  11:00:00,,,178186634.22769168,178186634.22769168 
 03/07  12:00:00,,,176103842.4553183,176103842.4553183 
 03/07  13:00:00,,,181845167.09623244,181845167.09623244 
 03/07  14:00:00,,,182493806.32809976,182493806.32809976 
 03/07  15:00:00,,,179503441.80424303,179503441.80424303 
 03/07  16:00:00,,,176916391.26719776,176916391.2671977 
 03/07  17:00:00,,,181061882.07733205,181061882.07733202 
 03/07  18:00:00,,,183464943.28064445,183464943.28064442 
 03/07  19:00:00,,,195891416.26616818,195891416.26616815 
 03/07  20:00:00,,,199867958.87862736,199867958.87862733 
 03/07  21:00:00,,,148241795.88935557,148241795.88935557 
 03/07  22:00:00,,,70909888.048469,70909888.048469 
 03/07  23:00:00,,,69567719.01537427,69567719.01537426 
 03/07  24:00:00,,,48822736.92688423,48822736.92688423 
 03/08  01:00:00,,,20708271.406668346,20708271.406668343 
 03/08  02:00:00,,,20600396.23324921,20600396.233249202 
 03/08  03:00:00,,,22127402.183011454,22127402.18301145 
 03/08  04:00:00,,,24713541.368513677,24713541.368513674 
 03/08  05:00:00,,,21250843.306067184,21250843.306067184 
 03/08  06:00:00,,,22371314.3475257,22371314.3475257 
 03/08  07:00:00,,,27960551.00783183,27960551.00783183 
 03/08  08:00:00,,,15873949.268176936,15873949.268176934 
 03/08  09:00:00,,,45878861.29022676,45878861.29022675 
 03/08  10:00:00,,,125223549.90660132,125223549.90660132 
 03/08  11:00:00,,,177882721.00153646,177882721.00153646 
 03/08  12:00:00,,,180371012.2101421,180371012.21014205 
 03/08  13:00:00,,,175760991.76051468,175760991.76051462 
 03/08  14:00:00,,,182698796.82648036,182698796.82648033 
 03/08  15:00:00,,,182174388.62718445,182174388.62718445 
 03/08  16:00:00,,,180755342.5681759,180755342.5681759 
 03/08  17:00:00,,,174651472.68147504,174651472.68147504 
 03/08  18:00:00,,,182591414.9848219,182591414.98482192 
 03/08  19:00:00,,,199653138.1478223,199653138.14782226 
 03/08  20:00:00,,,195668667.9640684,195668667.9640684 
 03/08  21:00:00,,,150686862.53297034,150686862.5329703 
 03/08  22:00:00,,,71058782.69512549,71058782.69512549 
 03/08  23:00:00,,,67135978.60772783,67135978.60772783 
 03/08  24:00:00,,,48743196.07659465,48743196.07659466 
 03/09  01:00:00,,,24276232.94252883,24276232.94252883 
 03/09  02:00:00,,,24102765.19217464,24102765.192174632 
 03/09  03:00:00,,,20602967.485379152,20602967.48537915 
 03/09  04:00:00,,,20545706.733254388,20545706.733254388 
 03/09  05:00:00,,,22005255.42587413,22005255.42587413 
 03/09  06:00:00,,,20724676.411937512,20724676.411937512 
 03/09  07:00:00,,,25149901.658862427,25149901.658862427 
 03/09  08:00:00,,,15894843.066515846,15894843.066515844 
 03/09  09:00:00,,,51995928.24096588,51995928.24096587 
 03/09  10:00:00,,,120343164.041013,120343164.04101299 
 03/09  11:00:00,,,176843080.22297975,176843080.22297975 
 03/09  12:00:00,,,176999762.75150594,176999762.75150588 
 03/09  13:00:00,,,181041299.25454247,181041299.25454244 
 03/09  14:00:00,,,181887539.69093418,181887539.69093418 
 03/09  15:00:00,,,177771201.01286212,177771201.01286212 
 03/09  16:00:00,,,177687071.02803987,177687071.0280398 
 03/09  17:00:00,,,181820997.03002468,181820997.03002468 
 03/09  18:00:00,,,177342085.59428698,177342085.59428698 
 03/09  19:00:00,,,197305237.0288325,197305237.02883247 
 03/09  20:00:00,,,198978892.30196866,198978892.30196863 
 03/09  21:00:00,,,144186360.5855021,144186360.5855021 
 03/09  22:00:00,,,70268276.71748282,70268276.71748282 
 03/09  23:00:00,,,69731571.00265598,69731571.00265598 
 03/09  24:00:00,,,47874432.71019155,47874432.71019155 
 03/10  01:00:00,,,33462260.47848869,33462260.47848869 
 03/10  02:00:00,,,20363330.872825626,20363330.872825623 
 03/10  03:00:00,,,20341011.141621776,20341011.14162178 
 03/10  04:00:00,,,24188600.416412897,24188600.41641289 
 03/10  05:00:00,,,20557947.31877018,20557947.31877018 
 03/10  06:00:00,,,24301196.43011862,24301196.430118617 
 03/10  07:00:00,,,24803558.792963978,24803558.792963985 
 03/10  08:00:00,,,16634356.698114486,16634356.698114485 
 03/10  09:00:00,,,42747369.83669133,42747369.83669132 
 03/10  10:00:00,,,120439006.59553379,120439006.59553379 
 03/10  11:00:00,,,175581348.8671391,175581348.86713907 
 03/10  12:00:00,,,176347301.7063351,176347301.7063351 
 03/10  13:00:00,,,180603701.06037083,180603701.06037083 
 03/10  14:00:00,,,180327699.8558502,180327699.8558502 
 03/10  15:00:00,,,178918668.7253635,178918668.72536346 
 03/10  16:00:00,,,179678986.4337837,179678986.43378368 
 03/10  17:00:00,,,178078312.57350358,178078312.57350355 
 03/10  18:00:00,,,177747574.92190087,177747574.92190084 
 03/10  19:00:00,,,199207915.90670174,199207915.9067017 
 03/10  20:00:00,,,195804685.46223867,195804685.4622386 
 03/10  21:00:00,,,145872955.94656655,145872955.94656655 
 03/10  22:00:00,,,70469244.20600578,70469244.20600578 
 03/10  23:00:00,,,69001786.38117757,69001786.38117756 
 03/10  24:00:00,,,57155028.84785206,57155028.847852066 
 03/11  01:00:00,,,41978012.72202935,41978012.72202935 
 03/11  02:00:00,,,21701423.849471904,21701423.849471904 
 03/11  03:00:00,,,20442371.458834175,20442371.45883417 
 03/11  04:00:00,,,24180736.965207264,24180736.96520726 
 03/11  05:00:00,,,20445216.57616682,20445216.57616682 
 03/11  06:00:00,,,24157741.56750954,24157741.567509532 
 03/11  07:00:00,,,24633107.031048913,24633107.031048913 
 03/11  08:00:00,,,15338640.495456846,15338640.495456845 
 03/11  09:00:00,,,44001650.12567819,44001650.125678174 
 03/11  10:00:00,,,123248397.4726369,123248397.47263688 
 03/11  11:00:00,,,172997682.3000549,172997682.30005488 
 03/11  12:00:00,,,178563197.55874914,178563197.5587491 
 03/11  13:00:00,,,173393966.38252202,173393966.382522 
 03/11  14:00:00,,,180464595.6978022,180464595.69780216 
 03/11  15:00:00,,,179960582.04944813,179960582.04944813 
 03/11  16:00:00,,,178485656.53004044,178485656.53004044 
 03/11  17:00:00,,,178719869.56730893,178719869.56730893 
 03/11  18:00:00,,,173599931.42523277,173599931.42523277 
 03/11  19:00:00,,,146553279.8036657,146553279.80366567 
 03/11  20:00:00,,,71581050.316989,71581050.316989 
 03/11  21:00:00,,,70273416.26012865,70273416.26012866 
 03/11  22:00:00,,,70108170.07745226,70108170.07745226 
 03/11  23:00:00,,,64978492.35905504,64978492.35905504 
 03/11  24:00:00,,,69755254.90391277,69755254.90391277 
 03/12  01:00:00,,,22779767.855305146,22779767.855305146 
 03/12  02:00:00,,,21380062.828217868,21380062.82821787 
 03/12  03:00:00,,,20391947.579333767,20391947.579333767 
 03/12  04:00:00,,,20183450.413372934,20183450.413372934 
 03/12  05:00:00,,,20459441.72687076,20459441.72687076 
 03/12  06:00:00,,,32250754.96059761,32250754.960597605 
 03/12  07:00:00,,,21233996.726565924,21233996.726565924 
 03/12  08:00:00,,,23283225.453067377,23283225.453067377 
 03/12  09:00:00,,,64111794.81548565,64111794.81548565 
 03/12  10:00:00,,,133972974.51139998,133972974.51139995 
 03/12  11:00:00,,,177183597.55346385,177183597.55346385 
 03/12  12:00:00,,,171939706.3589643,171939706.35896426 
 03/12  13:00:00,,,178018959.83263397,178018959.83263397 
 03/12  14:00:00,,,171520629.03732485,171520629.03732485 
 03/12  15:00:00,,,177718961.8290375,177718961.8290375 
 03/12  16:00:00,,,172727361.6602488,172727361.6602488 
 03/12  17:00:00,,,126306637.60264717,126306637.60264719 
 03/12  18:00:00,,,49502177.85585431,49502177.8558543 
 03/12  19:00:00,,,69648926.97224951,69648926.97224951 
 03/12  20:00:00,,,69501874.37389578,69501874.37389578 
 03/12  21:00:00,,,69541990.37511419,69541990.37511419 
 03/12  22:00:00,,,66749679.282516845,66749679.28251684 
 03/12  23:00:00,,,52576073.32689257,52576073.32689257 
 03/12  24:00:00,,,19661120.91965412,19661120.91965412 
 03/13  01:00:00,,,19788368.5632332,19788368.5632332 
 03/13  02:00:00,,,21240891.125290345,21240891.125290345 
 03/13  03:00:00,,,20079835.884028293,20079835.884028293 
 03/13  04:00:00,,,20134257.283111997,20134257.283111993 
 03/13  05:00:00,,,20186478.030262176,20186478.030262176 
 03/13  06:00:00,,,38469762.53378657,38469762.53378657 
 03/13  07:00:00,,,24876070.02781554,24876070.027815532 
 03/13  08:00:00,,,43513207.92386809,43513207.92386808 
 03/13  09:00:00,,,116668129.31746635,116668129.31746635 
 03/13  10:00:00,,,177555820.6276565,177555820.62765646 
 03/13  11:00:00,,,173373010.20829466,173373010.2082947 
 03/13  12:00:00,,,175815879.33520943,175815879.33520946 
 03/13  13:00:00,,,179277589.87150252,179277589.87150252 
 03/13  14:00:00,,,177648493.97655088,177648493.97655085 
 03/13  15:00:00,,,174712220.29868174,174712220.29868174 
 03/13  16:00:00,,,174592013.27206612,174592013.2720661 
 03/13  17:00:00,,,178394524.40889305,178394524.40889305 
 03/13  18:00:00,,,172248711.22802067,172248711.22802067 
 03/13  19:00:00,,,193451815.67233276,193451815.6723327 
 03/13  20:00:00,,,141329371.42308742,141329371.42308742 
 03/13  21:00:00,,,74482458.51136895,74482458.51136893 
 03/13  22:00:00,,,63980366.83856188,63980366.83856188 
 03/13  23:00:00,,,48462349.41052194,48462349.41052193 
 03/13  24:00:00,,,19665448.329791438,19665448.329791438 
 03/14  01:00:00,,,22290456.147720773,22290456.147720773 
 03/14  02:00:00,,,21159817.522053488,21159817.522053488 
 03/14  03:00:00,,,20072617.97464822,20072617.97464822 
 03/14  04:00:00,,,23879311.49891672,23879311.49891672 
 03/14  05:00:00,,,21411209.01935793,21411209.01935793 
 03/14  06:00:00,,,30844652.76646121,30844652.76646121 
 03/14  07:00:00,,,25016107.349130526,25016107.349130526 
 03/14  08:00:00,,,46168775.97586982,46168775.97586982 
 03/14  09:00:00,,,115788286.55487923,115788286.55487923 
 03/14  10:00:00,,,177195835.21915728,177195835.21915728 
 03/14  11:00:00,,,170594537.44117227,170594537.44117224 
 03/14  12:00:00,,,178263741.9457052,178263741.94570518 
 03/14  13:00:00,,,179415683.06441665,179415683.06441665 
 03/14  14:00:00,,,179481510.16517454,179481510.1651745 
 03/14  15:00:00,,,175791080.8299312,175791080.8299312 
 03/14  16:00:00,,,174591500.63330334,174591500.63330334 
 03/14  17:00:00,,,179636252.75346723,179636252.75346723 
 03/14  18:00:00,,,174458361.71937057,174458361.7193706 
 03/14  19:00:00,,,191098859.16198963,191098859.1619896 
 03/14  20:00:00,,,146065206.45644623,146065206.45644623 
 03/14  21:00:00,,,69901032.03915451,69901032.03915451 
 03/14  22:00:00,,,64336649.04646157,64336649.04646157 
 03/14  23:00:00,,,48972470.70010238,48972470.700102374 
 03/14  24:00:00,,,20139221.155023683,20139221.155023683 
 03/15  01:00:00,,,21429549.78344256,21429549.78344256 
 03/15  02:00:00,,,24074850.092819072,24074850.092819072 
 03/15  03:00:00,,,22852068.303794596,22852068.303794596 
 03/15  04:00:00,,,20537202.988139827,20537202.988139823 
 03/15  05:00:00,,,21884625.616986584,21884625.616986584 
 03/15  06:00:00,,,31501089.97885056,31501089.978850555 
 03/15  07:00:00,,,25498311.018458832,25498311.018458832 
 03/15  08:00:00,,,44581875.52718527,44581875.52718527 
 03/15  09:00:00,,,124901859.55105194,124901859.55105194 
 03/15  10:00:00,,,173663956.25691634,173663956.25691634 
 03/15  11:00:00,,,179672241.82656693,179672241.82656693 
 03/15  12:00:00,,,181713718.35554826,181713718.35554823 
 03/15  13:00:00,,,178671177.0059809,178671177.00598088 
 03/15  14:00:00,,,179485556.28224167,179485556.28224167 
 03/15  15:00:00,,,180291337.32228577,180291337.32228577 
 03/15  16:00:00,,,180208043.1543545,180208043.15435448 
 03/15  17:00:00,,,175261995.52978596,175261995.52978596 
 03/15  18:00:00,,,178600885.46984416,178600885.46984413 
 03/15  19:00:00,,,196739993.3730016,196739993.37300158 
 03/15  20:00:00,,,141653808.96348166,141653808.96348166 
 03/15  21:00:00,,,70421220.4130489,70421220.4130489 
 03/15  22:00:00,,,67181543.56985833,67181543.56985833 
 03/15  23:00:00,,,53259242.06947642,53259242.06947642 
 03/15  24:00:00,,,20059205.87715595,20059205.877155952 
 03/16  01:00:00,,,21663483.087013498,21663483.087013498 
 03/16  02:00:00,,,20261067.67392188,20261067.673921872 
 03/16  03:00:00,,,20740138.665494956,20740138.665494956 
 03/16  04:00:00,,,20483061.989594176,20483061.989594176 
 03/16  05:00:00,,,22241811.794335134,22241811.794335127 
 03/16  06:00:00,,,33886633.17991388,33886633.17991388 
 03/16  07:00:00,,,29572860.93173541,29572860.931735415 
 03/16  08:00:00,,,45509205.2035791,45509205.2035791 
 03/16  09:00:00,,,120013720.23891626,120013720.23891626 
 03/16  10:00:00,,,176750689.39444,176750689.39444 
 03/16  11:00:00,,,179446087.56672433,179446087.5667243 
 03/16  12:00:00,,,178107470.7869571,178107470.78695706 
 03/16  13:00:00,,,181088529.6882814,181088529.6882814 
 03/16  14:00:00,,,180667862.88767594,180667862.88767588 
 03/16  15:00:00,,,175180220.03974172,175180220.03974172 
 03/16  16:00:00,,,176745925.3691357,176745925.36913568 
 03/16  17:00:00,,,180195531.07415357,180195531.07415357 
 03/16  18:00:00,,,173880107.26464498,173880107.26464492 
 03/16  19:00:00,,,193538578.340591,193538578.340591 
 03/16  20:00:00,,,143927193.90203106,143927193.90203103 
 03/16  21:00:00,,,73668333.91198494,73668333.91198494 
 03/16  22:00:00,,,65882757.627656914,65882757.627656914 
 03/16  23:00:00,,,48079499.16628699,48079499.16628699 
 03/16  24:00:00,,,33722930.214223,33722930.214223 
 03/17  01:00:00,,,22839386.61540678,22839386.615406778 
 03/17  02:00:00,,,20388647.92423136,20388647.92423136 
 03/17  03:00:00,,,20437794.333291396,20437794.333291396 
 03/17  04:00:00,,,21791096.560980383,21791096.56098038 
 03/17  05:00:00,,,24389099.664907254,24389099.664907254 
 03/17  06:00:00,,,31577985.578971513,31577985.57897151 
 03/17  07:00:00,,,23486202.80162332,23486202.80162332 
 03/17  08:00:00,,,46052181.782639965,46052181.78263996 
 03/17  09:00:00,,,118602235.77689052,118602235.77689052 
 03/17  10:00:00,,,178193404.35418284,178193404.3541828 
 03/17  11:00:00,,,172259076.30147225,172259076.30147225 
 03/17  12:00:00,,,180994226.58065382,180994226.5806538 
 03/17  13:00:00,,,178957041.76132846,178957041.76132843 
 03/17  14:00:00,,,180064530.11726585,180064530.11726582 
 03/17  15:00:00,,,177285296.24269205,177285296.24269205 
 03/17  16:00:00,,,174760178.44086248,174760178.44086248 
 03/17  17:00:00,,,178628806.36761323,178628806.36761317 
 03/17  18:00:00,,,175945647.38909563,175945647.38909563 
 03/17  19:00:00,,,190046797.40351346,190046797.40351346 
 03/17  20:00:00,,,146223007.45314246,146223007.45314246 
 03/17  21:00:00,,,69650616.5550582,69650616.5550582 
 03/17  22:00:00,,,65490711.150354415,65490711.150354415 
 03/17  23:00:00,,,54861563.69057304,54861563.69057304 
 03/17  24:00:00,,,42331989.98054963,42331989.98054963 
 03/18  01:00:00,,,19752013.580662455,19752013.580662455 
 03/18  02:00:00,,,25066284.61940936,25066284.61940936 
 03/18  03:00:00,,,21012371.496529236,21012371.49652923 
 03/18  04:00:00,,,21954154.59689753,21954154.596897528 
 03/18  05:00:00,,,20248262.083458968,20248262.083458964 
 03/18  06:00:00,,,32344016.375280388,32344016.37528039 
 03/18  07:00:00,,,21658087.853836484,21658087.853836484 
 03/18  08:00:00,,,42493406.201259546,42493406.20125954 
 03/18  09:00:00,,,123203645.38263008,123203645.38263005 
 03/18  10:00:00,,,172233650.55454525,172233650.55454528 
 03/18  11:00:00,,,178117088.05366924,178117088.05366924 
 03/18  12:00:00,,,179561279.44739476,179561279.44739473 
 03/18  13:00:00,,,174437043.2090636,174437043.2090636 
 03/18  14:00:00,,,178438791.20836675,178438791.20836675 
 03/18  15:00:00,,,179794338.8085332,179794338.8085332 
 03/18  16:00:00,,,178530474.79812807,178530474.79812807 
 03/18  17:00:00,,,173661325.92969143,173661325.92969143 
 03/18  18:00:00,,,126630493.01832417,126630493.01832415 
 03/18  19:00:00,,,66772938.263487004,66772938.263487 
 03/18  20:00:00,,,69727479.60385387,69727479.60385387 
 03/18  21:00:00,,,69913318.68659277,69913318.68659276 
 03/18  22:00:00,,,66003096.91036376,66003096.91036376 
 03/18  23:00:00,,,72484523.03276864,72484523.03276864 
 03/18  24:00:00,,,20265187.983293056,20265187.983293053 
 03/19  01:00:00,,,20286363.49948439,20286363.49948439 
 03/19  02:00:00,,,21722851.206923947,21722851.20692394 
 03/19  03:00:00,,,20607247.51249201,20607247.51249201 
 03/19  04:00:00,,,20675770.810691856,20675770.810691852 
 03/19  05:00:00,,,20739249.035173588,20739249.035173588 
 03/19  06:00:00,,,39030880.77239007,39030880.77239006 
 03/19  07:00:00,,,18307576.050923724,18307576.05092372 
 03/19  08:00:00,,,18645745.81311382,18645745.81311382 
 03/19  09:00:00,,,63926381.412893124,63926381.4128931 
 03/19  10:00:00,,,135535293.20567068,135535293.20567065 
 03/19  11:00:00,,,178159211.3933822,178159211.39338216 
 03/19  12:00:00,,,172693377.4339737,172693377.4339737 
 03/19  13:00:00,,,178319581.5577421,178319581.5577421 
 03/19  14:00:00,,,174105822.00939178,174105822.00939178 
 03/19  15:00:00,,,175146588.8624425,175146588.8624425 
 03/19  16:00:00,,,174049579.59993824,174049579.59993827 
 03/19  17:00:00,,,124916560.85293967,124916560.85293965 
 03/19  18:00:00,,,49683532.349386305,49683532.3493863 
 03/19  19:00:00,,,66232466.38960888,66232466.38960888 
 03/19  20:00:00,,,72085379.40462369,72085379.40462369 
 03/19  21:00:00,,,69809297.07361758,69809297.07361758 
 03/19  22:00:00,,,68390177.82554007,68390177.82554007 
 03/19  23:00:00,,,49229562.10289078,49229562.102890775 
 03/19  24:00:00,,,20030006.73448706,20030006.73448706 
 03/20  01:00:00,,,20070248.465315048,20070248.465315048 
 03/20  02:00:00,,,21359565.229679935,21359565.22967993 
 03/20  03:00:00,,,22766648.81503647,22766648.81503647 
 03/20  04:00:00,,,20297071.228680335,20297071.228680335 
 03/20  05:00:00,,,24177128.360475715,24177128.36047571 
 03/20  06:00:00,,,31166616.064212073,31166616.06421207 
 03/20  07:00:00,,,23402199.130024858,23402199.130024858 
 03/20  08:00:00,,,43292528.83063395,43292528.830633946 
 03/20  09:00:00,,,121904277.84233198,121904277.84233198 
 03/20  10:00:00,,,176625187.28427503,176625187.28427503 
 03/20  11:00:00,,,174588821.6177024,174588821.61770236 
 03/20  12:00:00,,,179640248.36373895,179640248.36373895 
 03/20  13:00:00,,,180451543.8106532,180451543.8106532 
 03/20  14:00:00,,,176403815.0900014,176403815.0900014 
 03/20  15:00:00,,,176260066.5275189,176260066.5275189 
 03/20  16:00:00,,,178821818.90553886,178821818.90553886 
 03/20  17:00:00,,,176406467.8396943,176406467.8396943 
 03/20  18:00:00,,,174964498.0003811,174964498.0003811 
 03/20  19:00:00,,,194201946.6391213,194201946.63912126 
 03/20  20:00:00,,,144065987.0537608,144065987.0537608 
 03/20  21:00:00,,,69637668.29401582,69637668.29401582 
 03/20  22:00:00,,,66519102.7433208,66519102.74332079 
 03/20  23:00:00,,,50195785.07617968,50195785.07617967 
 03/20  24:00:00,,,19675631.31261243,19675631.312612426 
 03/21  01:00:00,,,19866319.943593115,19866319.943593107 
 03/21  02:00:00,,,21297684.863583613,21297684.863583613 
 03/21  03:00:00,,,23924985.25235004,23924985.252350036 
 03/21  04:00:00,,,20225008.914728045,20225008.91472804 
 03/21  05:00:00,,,20300756.63197873,20300756.631978728 
 03/21  06:00:00,,,33552345.147004165,33552345.147004165 
 03/21  07:00:00,,,23125905.5889702,23125905.58897019 
 03/21  08:00:00,,,43288569.63899526,43288569.63899525 
 03/21  09:00:00,,,121294234.4797925,121294234.4797925 
 03/21  10:00:00,,,176578940.49441713,176578940.49441713 
 03/21  11:00:00,,,177855503.34642762,177855503.34642756 
 03/21  12:00:00,,,172382629.9888957,172382629.98889565 
 03/21  13:00:00,,,179578840.52098608,179578840.52098608 
 03/21  14:00:00,,,178332638.875539,178332638.87553898 
 03/21  15:00:00,,,179692024.89250904,179692024.892509 
 03/21  16:00:00,,,172266898.81436422,172266898.81436422 
 03/21  17:00:00,,,178883787.48983887,178883787.48983887 
 03/21  18:00:00,,,178821047.84570616,178821047.84570616 
 03/21  19:00:00,,,184931769.11033168,184931769.11033165 
 03/21  20:00:00,,,147434885.1778183,147434885.17781827 
 03/21  21:00:00,,,70345785.8712639,70345785.8712639 
 03/21  22:00:00,,,66415470.40136131,66415470.40136131 
 03/21  23:00:00,,,49694321.178105965,49694321.178105965 
 03/21  24:00:00,,,20442631.607711304,20442631.607711304 
 03/22  01:00:00,,,26704544.45900154,26704544.45900154 
 03/22  02:00:00,,,21866632.997150347,21866632.997150343 
 03/22  03:00:00,,,20795901.83664382,20795901.836643815 
 03/22  04:00:00,,,20818799.37309516,20818799.373095155 
 03/22  05:00:00,,,20982285.482339017,20982285.482339017 
 03/22  06:00:00,,,31711123.020442262,31711123.02044226 
 03/22  07:00:00,,,20481966.038079053,20481966.03807905 
 03/22  08:00:00,,,46811517.94578101,46811517.94578101 
 03/22  09:00:00,,,125510050.01841596,125510050.01841596 
 03/22  10:00:00,,,177557117.7263278,177557117.7263278 
 03/22  11:00:00,,,178102470.38242832,178102470.3824283 
 03/22  12:00:00,,,182889495.01600206,182889495.01600206 
 03/22  13:00:00,,,179517927.48231813,179517927.48231813 
 03/22  14:00:00,,,182900777.6755622,182900777.6755622 
 03/22  15:00:00,,,181025160.04376236,181025160.04376233 
 03/22  16:00:00,,,182319833.8697354,182319833.8697354 
 03/22  17:00:00,,,178587383.3755859,178587383.3755859 
 03/22  18:00:00,,,178868765.54147664,178868765.5414766 
 03/22  19:00:00,,,193681442.9428894,193681442.9428894 
 03/22  20:00:00,,,143106413.28518,143106413.28518 
 03/22  21:00:00,,,73467485.50007482,73467485.50007482 
 03/22  22:00:00,,,66938127.76037165,66938127.76037165 
 03/22  23:00:00,,,53767957.48787826,53767957.48787826 
 03/22  24:00:00,,,20847809.58013054,20847809.580130532 
 03/23  01:00:00,,,20627640.13286449,20627640.132864486 
 03/23  02:00:00,,,22265146.609110314,22265146.609110314 
 03/23  03:00:00,,,20766984.56952938,20766984.56952938 
 03/23  04:00:00,,,23649089.923729118,23649089.92372912 
 03/23  05:00:00,,,20863431.735208254,20863431.735208258 
 03/23  06:00:00,,,32000873.410933886,32000873.410933882 
 03/23  07:00:00,,,24309368.263625268,24309368.263625268 
 03/23  08:00:00,,,44341427.08395674,44341427.08395673 
 03/23  09:00:00,,,124184184.91141278,124184184.91141278 
 03/23  10:00:00,,,174947447.9159534,174947447.9159534 
 03/23  11:00:00,,,180425931.32167962,180425931.32167962 
 03/23  12:00:00,,,182262827.98305088,182262827.98305088 
 03/23  13:00:00,,,179151199.96150458,179151199.96150458 
 03/23  14:00:00,,,182769136.3343578,182769136.33435783 
 03/23  15:00:00,,,178878516.24729228,178878516.24729222 
 03/23  16:00:00,,,181586108.99078372,181586108.9907837 
 03/23  17:00:00,,,179298330.51053923,179298330.5105392 
 03/23  18:00:00,,,177192162.05543315,177192162.05543315 
 03/23  19:00:00,,,193320686.33445048,193320686.33445048 
 03/23  20:00:00,,,142813956.8659083,142813956.86590827 
 03/23  21:00:00,,,72451342.17222124,72451342.17222124 
 03/23  22:00:00,,,68130036.53720692,68130036.53720692 
 03/23  23:00:00,,,48475664.30005602,48475664.30005601 
 03/23  24:00:00,,,36372889.52771778,36372889.52771777 
 03/24  01:00:00,,,21941653.139712144,21941653.139712144 
 03/24  02:00:00,,,20393365.43600026,20393365.436000265 
 03/24  03:00:00,,,20903341.631707013,20903341.631707013 
 03/24  04:00:00,,,20533881.547003906,20533881.54700391 
 03/24  05:00:00,,,24727207.827616274,24727207.827616274 
 03/24  06:00:00,,,32526940.841502354,32526940.841502354 
 03/24  07:00:00,,,21622511.562216874,21622511.562216878 
 03/24  08:00:00,,,44067475.69226361,44067475.6922636 
 03/24  09:00:00,,,120796776.55763455,120796776.55763455 
 03/24  10:00:00,,,181733328.5807729,181733328.58077288 
 03/24  11:00:00,,,174194923.9129533,174194923.91295326 
 03/24  12:00:00,,,182052820.17164838,182052820.17164838 
 03/24  13:00:00,,,182390205.243494,182390205.24349397 
 03/24  14:00:00,,,180576983.49213547,180576983.49213544 
 03/24  15:00:00,,,178045116.54912293,178045116.54912293 
 03/24  16:00:00,,,176823094.80557588,176823094.80557585 
 03/24  17:00:00,,,181266611.68455264,181266611.68455264 
 03/24  18:00:00,,,174398018.17308065,174398018.17308065 
 03/24  19:00:00,,,189473257.7675264,189473257.76752636 
 03/24  20:00:00,,,148245692.8257586,148245692.82575858 
 03/24  21:00:00,,,71314121.142667,71314121.142667 
 03/24  22:00:00,,,64896483.35180491,64896483.35180492 
 03/24  23:00:00,,,56998445.792647764,56998445.79264777 
 03/24  24:00:00,,,42092787.289785884,42092787.28978588 
 03/25  01:00:00,,,21645707.443262603,21645707.443262603 
 03/25  02:00:00,,,20544217.041975077,20544217.041975074 
 03/25  03:00:00,,,26866913.237369187,26866913.237369183 
 03/25  04:00:00,,,20790429.77884497,20790429.77884497 
 03/25  05:00:00,,,22077958.56341999,22077958.56341999 
 03/25  06:00:00,,,31748877.68302795,31748877.68302795 
 03/25  07:00:00,,,19238674.31724882,19238674.317248825 
 03/25  08:00:00,,,47387556.99232776,47387556.99232775 
 03/25  09:00:00,,,121441585.67895235,121441585.67895234 
 03/25  10:00:00,,,173743628.43432593,173743628.43432593 
 03/25  11:00:00,,,179434315.0140513,179434315.0140513 
 03/25  12:00:00,,,177167650.97211388,177167650.97211382 
 03/25  13:00:00,,,181764058.3461074,181764058.3461074 
 03/25  14:00:00,,,178956017.2956604,178956017.2956604 
 03/25  15:00:00,,,179969108.33647403,179969108.336474 
 03/25  16:00:00,,,177322618.417355,177322618.41735497 
 03/25  17:00:00,,,177371945.90341207,177371945.9034121 
 03/25  18:00:00,,,127459972.04282874,127459972.04282874 
 03/25  19:00:00,,,65097091.6739423,65097091.6739423 
 03/25  20:00:00,,,70469648.3285756,70469648.32857558 
 03/25  21:00:00,,,70324225.27546963,70324225.27546965 
 03/25  22:00:00,,,67672299.7173102,67672299.7173102 
 03/25  23:00:00,,,66195279.25622341,66195279.256223395 
 03/25  24:00:00,,,24082766.47177875,24082766.47177875 
 03/26  01:00:00,,,21407693.740039386,21407693.740039386 
 03/26  02:00:00,,,20462337.940730624,20462337.940730624 
 03/26  03:00:00,,,20347905.035158556,20347905.035158556 
 03/26  04:00:00,,,20502700.031209152,20502700.031209152 
 03/26  05:00:00,,,21575101.251598172,21575101.251598172 
 03/26  06:00:00,,,33664411.688661635,33664411.68866165 
 03/26  07:00:00,,,18284932.961092573,18284932.96109257 
 03/26  08:00:00,,,19817194.85009104,19817194.85009104 
 03/26  09:00:00,,,61906372.44232822,61906372.44232822 
 03/26  10:00:00,,,134529913.64742476,134529913.64742473 
 03/26  11:00:00,,,177717249.83718768,177717249.83718765 
 03/26  12:00:00,,,172703307.16544417,172703307.16544414 
 03/26  13:00:00,,,178785017.26561263,178785017.2656126 
 03/26  14:00:00,,,176098514.3495869,176098514.34958687 
 03/26  15:00:00,,,174683586.90799806,174683586.90799803 
 03/26  16:00:00,,,176050582.39093906,176050582.39093906 
 03/26  17:00:00,,,125454512.12137744,125454512.12137744 
 03/26  18:00:00,,,49754908.34695877,49754908.346958764 
 03/26  19:00:00,,,64438395.06725308,64438395.06725308 
 03/26  20:00:00,,,69682485.37755191,69682485.3775519 
 03/26  21:00:00,,,69954654.78791162,69954654.78791162 
 03/26  22:00:00,,,64653732.555790335,64653732.555790335 
 03/26  23:00:00,,,53022219.83728976,53022219.83728975 
 03/26  24:00:00,,,20190512.883671355,20190512.883671355 
 03/27  01:00:00,,,21426715.367871266,21426715.36787127 
 03/27  02:00:00,,,20204612.53264473,20204612.53264473 
 03/27  03:00:00,,,22776632.745612677,22776632.745612677 
 03/27  04:00:00,,,20301371.89451366,20301371.89451366 
 03/27  05:00:00,,,20338114.987405945,20338114.98740595 
 03/27  06:00:00,,,33596228.07174964,33596228.07174964 
 03/27  07:00:00,,,17527482.25468938,17527482.25468938 
 03/27  08:00:00,,,43954228.38936089,43954228.38936088 
 03/27  09:00:00,,,118869217.65725425,118869217.65725425 
 03/27  10:00:00,,,172837665.17579052,172837665.1757905 
 03/27  11:00:00,,,175886544.74695113,175886544.74695113 
 03/27  12:00:00,,,178658346.2242645,178658346.22426444 
 03/27  13:00:00,,,179629600.75326174,179629600.75326174 
 03/27  14:00:00,,,175659581.9053438,175659581.9053438 
 03/27  15:00:00,,,175525492.05359763,175525492.05359763 
 03/27  16:00:00,,,178107400.73489195,178107400.73489192 
 03/27  17:00:00,,,176906776.24154162,176906776.24154165 
 03/27  18:00:00,,,173079609.15433913,173079609.1543391 
 03/27  19:00:00,,,191227767.02634257,191227767.02634257 
 03/27  20:00:00,,,138717535.9947132,138717535.9947132 
 03/27  21:00:00,,,74683598.79491329,74683598.79491329 
 03/27  22:00:00,,,66562108.804762274,66562108.80476226 
 03/27  23:00:00,,,48892336.45947958,48892336.45947958 
 03/27  24:00:00,,,19737338.174187813,19737338.174187813 
 03/28  01:00:00,,,19865609.794443153,19865609.794443153 
 03/28  02:00:00,,,21234951.577425577,21234951.57742558 
 03/28  03:00:00,,,20057039.205350842,20057039.205350842 
 03/28  04:00:00,,,20107665.97744971,20107665.977449708 
 03/28  05:00:00,,,23887847.369411886,23887847.36941188 
 03/28  06:00:00,,,34664855.16999202,34664855.169992015 
 03/28  07:00:00,,,14871281.47157469,14871281.47157469 
 03/28  08:00:00,,,43883446.06338634,43883446.063386336 
 03/28  09:00:00,,,116688966.01672369,116688966.01672369 
 03/28  10:00:00,,,178277458.7691612,178277458.7691612 
 03/28  11:00:00,,,174361201.17868888,174361201.17868888 
 03/28  12:00:00,,,177510103.93839243,177510103.9383924 
 03/28  13:00:00,,,181200676.44796538,181200676.44796538 
 03/28  14:00:00,,,179844637.7221655,179844637.7221655 
 03/28  15:00:00,,,177680503.6903023,177680503.69030228 
 03/28  16:00:00,,,176739925.96660107,176739925.966601 
 03/28  17:00:00,,,179853125.81707925,179853125.81707922 
 03/28  18:00:00,,,175622168.56526896,175622168.56526893 
 03/28  19:00:00,,,185813537.61177504,185813537.61177504 
 03/28  20:00:00,,,147585934.61758798,147585934.61758798 
 03/28  21:00:00,,,70471589.62617329,70471589.62617329 
 03/28  22:00:00,,,66519971.43912859,66519971.43912859 
 03/28  23:00:00,,,49512667.423841745,49512667.423841745 
 03/28  24:00:00,,,20518459.731604204,20518459.731604196 
 03/29  01:00:00,,,20379438.374091156,20379438.374091152 
 03/29  02:00:00,,,24304278.090332195,24304278.090332188 
 03/29  03:00:00,,,24418429.18866032,24418429.18866032 
 03/29  04:00:00,,,20759468.075312205,20759468.075312205 
 03/29  05:00:00,,,20773777.56094281,20773777.560942803 
 03/29  06:00:00,,,31565116.353258405,31565116.3532584 
 03/29  07:00:00,,,17083512.07114907,17083512.071149066 
 03/29  08:00:00,,,46342320.426545784,46342320.426545784 
 03/29  09:00:00,,,123800351.14940915,123800351.14940916 
 03/29  10:00:00,,,174306383.04118606,174306383.04118603 
 03/29  11:00:00,,,177431150.39110965,177431150.39110962 
 03/29  12:00:00,,,175935336.2382932,175935336.2382932 
 03/29  13:00:00,,,178990286.7536996,178990286.7536996 
 03/29  14:00:00,,,179757255.11012408,179757255.1101241 
 03/29  15:00:00,,,176731222.19391435,176731222.19391435 
 03/29  16:00:00,,,174132453.1182231,174132453.11822307 
 03/29  17:00:00,,,178061384.65292385,178061384.65292385 
 03/29  18:00:00,,,175525558.08952957,175525558.08952954 
 03/29  19:00:00,,,183444455.4638546,183444455.46385458 
 03/29  20:00:00,,,144239283.0526198,144239283.05261979 
 03/29  21:00:00,,,70539391.41918978,70539391.41918978 
 03/29  22:00:00,,,67573078.24575345,67573078.24575345 
 03/29  23:00:00,,,47839078.01268849,47839078.01268849 
 03/29  24:00:00,,,21269331.576170344,21269331.576170348 
 03/30  01:00:00,,,21343966.342428446,21343966.342428446 
 03/30  02:00:00,,,23938378.26231992,23938378.262319915 
 03/30  03:00:00,,,20188861.842394903,20188861.842394903 
 03/30  04:00:00,,,20290962.814780265,20290962.814780265 
 03/30  05:00:00,,,22792494.031544242,22792494.03154424 
 03/30  06:00:00,,,31093235.576683644,31093235.57668364 
 03/30  07:00:00,,,16523689.209444169,16523689.209444169 
 03/30  08:00:00,,,43445029.68456116,43445029.68456116 
 03/30  09:00:00,,,125467753.83729738,125467753.83729737 
 03/30  10:00:00,,,171170250.92871594,171170250.92871594 
 03/30  11:00:00,,,179292663.04948372,179292663.04948372 
 03/30  12:00:00,,,176436752.32866123,176436752.3286612 
 03/30  13:00:00,,,174455148.07366663,174455148.0736666 
 03/30  14:00:00,,,179095519.93952012,179095519.93952012 
 03/30  15:00:00,,,178578259.35015008,178578259.35015008 
 03/30  16:00:00,,,174608402.5598606,174608402.55986056 
 03/30  17:00:00,,,173431231.0256595,173431231.02565947 
 03/30  18:00:00,,,177485490.72095615,177485490.7209561 
 03/30  19:00:00,,,182341915.71672165,182341915.71672162 
 03/30  20:00:00,,,143333628.84813023,143333628.8481302 
 03/30  21:00:00,,,69735136.65901813,69735136.65901813 
 03/30  22:00:00,,,65519444.70616272,65519444.70616273 
 03/30  23:00:00,,,47452219.52218237,47452219.52218237 
 03/30  24:00:00,,,36701568.88213257,36701568.882132575 
 03/31  01:00:00,,,22576015.21039387,22576015.21039387 
 03/31  02:00:00,,,21409320.04400108,21409320.04400108 
 03/31  03:00:00,,,20200726.591885075,20200726.59188507 
 03/31  04:00:00,,,20266892.525325745,20266892.52532574 
 03/31  05:00:00,,,20246816.481123656,20246816.481123656 
 03/31  06:00:00,,,31008999.13540799,31008999.135407988 
 03/31  07:00:00,,,19956406.879321143,19956406.879321143 
 03/31  08:00:00,,,44393640.46823498,44393640.46823497 
 03/31  09:00:00,,,114949531.69687188,114949531.69687188 
 03/31  10:00:00,,,171371252.21417603,171371252.21417603 
 03/31  11:00:00,,,174622422.28013653,174622422.2801365 
 03/31  12:00:00,,,176476911.52852058,176476911.52852055 
 03/31  13:00:00,,,175885067.74193913,175885067.7419391 
 03/31  14:00:00,,,173044942.12866163,173044942.12866163 
 03/31  15:00:00,,,174001028.34454688,174001028.34454685 
 03/31  16:00:00,,,175407672.82163313,175407672.8216331 
 03/31  17:00:00,,,171819979.18182302,171819979.181823 
 03/31  18:00:00,,,173713910.3510331,173713910.35103303 
 03/31  19:00:00,,,185367210.99990273,185367210.99990267 
 03/31  20:00:00,,,138591597.51752976,138591597.51752976 
 03/31  21:00:00,,,71934056.48550232,71934056.4855023 
 03/31  22:00:00,,,67592674.22449706,67592674.22449706 
 03/31  23:00:00,,,55874905.80711211,55874905.80711211 
 03/31  24:00:00,74108340150.83568,269401396700.59592,42045778.52384913,42045778.52384912 
 04/01  01:00:00,,,19562856.79838393,19562856.79838393 
 04/01  02:00:00,,,21081264.2989255,21081264.2989255 
 04/01  03:00:00,,,19957608.818531398,19957608.818531398 
 04/01  04:00:00,,,22707673.933225304,22707673.9332253 
 04/01  05:00:00,,,20184569.120212875,20184569.120212875 
 04/01  06:00:00,,,31581489.492226172,31581489.49222617 
 04/01  07:00:00,,,16464978.09940331,16464978.09940331 
 04/01  08:00:00,,,42607170.352720924,42607170.352720916 
 04/01  09:00:00,,,119236688.9226293,119236688.9226293 
 04/01  10:00:00,,,175206714.69298297,175206714.6929829 
 04/01  11:00:00,,,173085769.9944033,173085769.99440327 
 04/01  12:00:00,,,177646746.97127503,177646746.97127503 
 04/01  13:00:00,,,174712997.70713726,174712997.70713723 
 04/01  14:00:00,,,177778297.05753276,177778297.05753276 
 04/01  15:00:00,,,174190590.61412933,174190590.6141293 
 04/01  16:00:00,,,176956172.95991343,176956172.95991343 
 04/01  17:00:00,,,175348663.78864938,175348663.78864932 
 04/01  18:00:00,,,123841032.72234848,123841032.72234848 
 04/01  19:00:00,,,59697436.02641806,59697436.02641806 
 04/01  20:00:00,,,73053792.79022764,73053792.79022764 
 04/01  21:00:00,,,69572278.52879283,69572278.52879283 
 04/01  22:00:00,,,65484814.61705904,65484814.61705902 
 04/01  23:00:00,,,64244131.005466074,64244131.00546607 
 04/01  24:00:00,,,23235642.39479603,23235642.394796032 
 04/02  01:00:00,,,19719259.689825885,19719259.68982588 
 04/02  02:00:00,,,20888516.56119465,20888516.56119465 
 04/02  03:00:00,,,23573336.743641283,23573336.743641283 
 04/02  04:00:00,,,20032742.12253156,20032742.122531563 
 04/02  05:00:00,,,19898497.991252493,19898497.99125249 
 04/02  06:00:00,,,27325491.48929544,27325491.48929544 
 04/02  07:00:00,,,14730476.989595307,14730476.989595305 
 04/02  08:00:00,,,17982323.39658516,17982323.39658516 
 04/02  09:00:00,,,62604105.578063644,62604105.57806364 
 04/02  10:00:00,,,137083385.69090274,137083385.69090274 
 04/02  11:00:00,,,172112006.2337271,172112006.23372707 
 04/02  12:00:00,,,173569579.17398012,173569579.1739801 
 04/02  13:00:00,,,171501898.48488897,171501898.4848889 
 04/02  14:00:00,,,172156575.41309333,172156575.4130933 
 04/02  15:00:00,,,170636431.7495122,170636431.74951214 
 04/02  16:00:00,,,171821614.84818625,171821614.84818625 
 04/02  17:00:00,,,120297692.57593454,120297692.57593453 
 04/02  18:00:00,,,49222025.645649046,49222025.645649046 
 04/02  19:00:00,,,62664236.646635845,62664236.64663584 
 04/02  20:00:00,,,67637600.72423077,67637600.72423078 
 04/02  21:00:00,,,71488258.16022944,71488258.16022944 
 04/02  22:00:00,,,64895670.512883246,64895670.51288324 
 04/02  23:00:00,,,46892152.50708072,46892152.50708072 
 04/02  24:00:00,,,19264392.298770346,19264392.298770342 
 04/03  01:00:00,,,20542458.25161326,20542458.25161326 
 04/03  02:00:00,,,23014508.491615772,23014508.491615776 
 04/03  03:00:00,,,20576792.912009116,20576792.91200912 
 04/03  04:00:00,,,19421813.164168783,19421813.164168783 
 04/03  05:00:00,,,22135476.437694233,22135476.437694233 
 04/03  06:00:00,,,27074366.419072226,27074366.419072222 
 04/03  07:00:00,,,14364499.801076548,14364499.801076548 
 04/03  08:00:00,,,43459692.61997388,43459692.61997388 
 04/03  09:00:00,,,122685418.97187136,122685418.97187135 
 04/03  10:00:00,,,168624014.72370118,168624014.72370115 
 04/03  11:00:00,,,177030638.80274984,177030638.80274984 
 04/03  12:00:00,,,168935643.8709904,168935643.87099037 
 04/03  13:00:00,,,177320049.06841636,177320049.06841636 
 04/03  14:00:00,,,176986138.58582446,176986138.58582446 
 04/03  15:00:00,,,176867215.80405456,176867215.80405453 
 04/03  16:00:00,,,167800854.98063564,167800854.98063564 
 04/03  17:00:00,,,176518210.93789056,176518210.93789056 
 04/03  18:00:00,,,175980827.0017282,175980827.00172818 
 04/03  19:00:00,,,174102501.613202,174102501.61320198 
 04/03  20:00:00,,,145969368.60156068,145969368.60156068 
 04/03  21:00:00,,,69168607.94979952,69168607.94979952 
 04/03  22:00:00,,,65097497.871343315,65097497.871343315 
 04/03  23:00:00,,,47019127.77454817,47019127.774548165 
 04/03  24:00:00,,,19455017.51801835,19455017.51801835 
 04/04  01:00:00,,,25852650.636610102,25852650.636610102 
 04/04  02:00:00,,,20914387.65383792,20914387.65383792 
 04/04  03:00:00,,,19726975.63101212,19726975.63101212 
 04/04  04:00:00,,,21208764.909181103,21208764.909181103 
 04/04  05:00:00,,,20032932.13503779,20032932.13503779 
 04/04  06:00:00,,,27503941.683579654,27503941.683579654 
 04/04  07:00:00,,,14694003.919123411,14694003.919123411 
 04/04  08:00:00,,,48561576.07390692,48561576.07390692 
 04/04  09:00:00,,,117813617.16152784,117813617.16152784 
 04/04  10:00:00,,,171582201.41369024,171582201.41369024 
 04/04  11:00:00,,,173982762.5529086,173982762.5529086 
 04/04  12:00:00,,,177726719.45090878,177726719.45090875 
 04/04  13:00:00,,,174533033.16712102,174533033.16712102 
 04/04  14:00:00,,,178413143.12257773,178413143.12257773 
 04/04  15:00:00,,,174529980.8297459,174529980.8297459 
 04/04  16:00:00,,,176891551.78743237,176891551.78743237 
 04/04  17:00:00,,,174172952.74669036,174172952.74669033 
 04/04  18:00:00,,,173151305.5898999,173151305.58989984 
 04/04  19:00:00,,,182894512.64829427,182894512.64829424 
 04/04  20:00:00,,,140765223.18987668,140765223.18987668 
 04/04  21:00:00,,,70760252.64462836,70760252.64462836 
 04/04  22:00:00,,,66754521.61597878,66754521.61597878 
 04/04  23:00:00,,,47500035.88719538,47500035.88719538 
 04/04  24:00:00,,,23651145.590473622,23651145.590473622 
 04/05  01:00:00,,,19687701.810892496,19687701.810892496 
 04/05  02:00:00,,,19750926.942144588,19750926.942144588 
 04/05  03:00:00,,,21496005.041835133,21496005.041835133 
 04/05  04:00:00,,,21107583.438294306,21107583.438294303 
 04/05  05:00:00,,,23013896.06921559,23013896.06921559 
 04/05  06:00:00,,,27634595.319722056,27634595.319722056 
 04/05  07:00:00,,,18874027.288569987,18874027.288569987 
 04/05  08:00:00,,,42833809.468981996,42833809.468981996 
 04/05  09:00:00,,,119720284.87016946,119720284.87016943 
 04/05  10:00:00,,,170196734.74690813,170196734.7469081 
 04/05  11:00:00,,,175687922.17278707,175687922.17278704 
 04/05  12:00:00,,,173679142.278773,173679142.278773 
 04/05  13:00:00,,,176703874.95533603,176703874.95533603 
 04/05  14:00:00,,,172790843.5867442,172790843.5867442 
 04/05  15:00:00,,,175555445.86263102,175555445.862631 
 04/05  16:00:00,,,173231274.32104117,173231274.32104117 
 04/05  17:00:00,,,173405072.08101666,173405072.08101663 
 04/05  18:00:00,,,175229406.1696355,175229406.1696355 
 04/05  19:00:00,,,179790233.9694507,179790233.9694507 
 04/05  20:00:00,,,141344877.86210805,141344877.86210805 
 04/05  21:00:00,,,69442158.34291369,69442158.34291369 
 04/05  22:00:00,,,66379531.086766385,66379531.086766385 
 04/05  23:00:00,,,51097685.24120359,51097685.24120359 
 04/05  24:00:00,,,19551632.16848105,19551632.16848105 
 04/06  01:00:00,,,22183497.98828801,22183497.98828801 
 04/06  02:00:00,,,19754157.76033435,19754157.76033435 
 04/06  03:00:00,,,19910245.114376843,19910245.114376843 
 04/06  04:00:00,,,21459656.079749677,21459656.079749677 
 04/06  05:00:00,,,20146157.87493849,20146157.874938488 
 04/06  06:00:00,,,29463884.550044816,29463884.55004482 
 04/06  07:00:00,,,15056197.262910515,15056197.262910511 
 04/06  08:00:00,,,45401409.65823088,45401409.65823087 
 04/06  09:00:00,,,117439650.20854595,117439650.20854592 
 04/06  10:00:00,,,177018150.82239878,177018150.82239878 
 04/06  11:00:00,,,168690173.19899738,168690173.19899735 
 04/06  12:00:00,,,178452557.2643719,178452557.2643719 
 04/06  13:00:00,,,177976722.29762727,177976722.29762727 
 04/06  14:00:00,,,176629515.27473158,176629515.27473155 
 04/06  15:00:00,,,170154283.95256168,170154283.95256168 
 04/06  16:00:00,,,177916162.09673488,177916162.09673482 
 04/06  17:00:00,,,178124203.32723713,178124203.3272371 
 04/06  18:00:00,,,168341249.44146836,168341249.44146833 
 04/06  19:00:00,,,184557330.5584358,184557330.55843577 
 04/06  20:00:00,,,139735578.56282648,139735578.56282648 
 04/06  21:00:00,,,75833409.48303401,75833409.48303401 
 04/06  22:00:00,,,63948225.58796355,63948225.587963544 
 04/06  23:00:00,,,49879695.943697035,49879695.943697035 
 04/06  24:00:00,,,31506322.2124643,31506322.212464295 
 04/07  01:00:00,,,19877855.135127224,19877855.135127224 
 04/07  02:00:00,,,19656736.625695866,19656736.625695862 
 04/07  03:00:00,,,19813571.14418545,19813571.14418545 
 04/07  04:00:00,,,23413196.15178861,23413196.15178861 
 04/07  05:00:00,,,24540441.013888467,24540441.01388847 
 04/07  06:00:00,,,25223246.342526965,25223246.34252696 
 04/07  07:00:00,,,14992406.039037054,14992406.039037053 
 04/07  08:00:00,,,42763439.107763834,42763439.10776383 
 04/07  09:00:00,,,118305644.30725598,118305644.30725595 
 04/07  10:00:00,,,177009634.75724012,177009634.7572401 
 04/07  11:00:00,,,172809370.29655263,172809370.29655263 
 04/07  12:00:00,,,178155517.5073558,178155517.5073558 
 04/07  13:00:00,,,180796428.94983166,180796428.94983166 
 04/07  14:00:00,,,179819104.5372975,179819104.53729746 
 04/07  15:00:00,,,176020187.89209858,176020187.89209858 
 04/07  16:00:00,,,178604500.11550754,178604500.1155075 
 04/07  17:00:00,,,181120929.65817583,181120929.65817586 
 04/07  18:00:00,,,172680224.89568663,172680224.89568663 
 04/07  19:00:00,,,183589738.9925733,183589738.99257326 
 04/07  20:00:00,,,147701152.51268184,147701152.51268184 
 04/07  21:00:00,,,70283117.21729732,70283117.2172973 
 04/07  22:00:00,,,64996634.034060165,64996634.034060165 
 04/07  23:00:00,,,58274937.88804783,58274937.88804783 
 04/07  24:00:00,,,41873768.715655245,41873768.71565523 
 04/08  01:00:00,,,22996918.816474177,22996918.816474177 
 04/08  02:00:00,,,20514184.144822203,20514184.144822203 
 04/08  03:00:00,,,20856733.237829566,20856733.237829566 
 04/08  04:00:00,,,25876085.236966737,25876085.236966737 
 04/08  05:00:00,,,21040315.777140662,21040315.777140662 
 04/08  06:00:00,,,26447180.773123022,26447180.773123026 
 04/08  07:00:00,,,16002909.47887139,16002909.478871386 
 04/08  08:00:00,,,46445844.6479874,46445844.64798739 
 04/08  09:00:00,,,123218205.65139502,123218205.65139502 
 04/08  10:00:00,,,179610559.0716456,179610559.0716456 
 04/08  11:00:00,,,177587200.61769485,177587200.61769482 
 04/08  12:00:00,,,181485091.2093983,181485091.2093983 
 04/08  13:00:00,,,184936311.80091462,184936311.8009146 
 04/08  14:00:00,,,183213469.43150687,183213469.4315069 
 04/08  15:00:00,,,180252787.68319806,180252787.68319806 
 04/08  16:00:00,,,180170472.80312687,180170472.8031268 
 04/08  17:00:00,,,183821845.8990279,183821845.89902788 
 04/08  18:00:00,,,126156278.7513446,126156278.75134462 
 04/08  19:00:00,,,59496317.37632495,59496317.37632495 
 04/08  20:00:00,,,70662914.82433133,70662914.82433131 
 04/08  21:00:00,,,73389500.29787005,73389500.29787005 
 04/08  22:00:00,,,65491750.98482317,65491750.98482316 
 04/08  23:00:00,,,68638277.14163667,68638277.14163667 
 04/08  24:00:00,,,20639613.34631062,20639613.34631062 
 04/09  01:00:00,,,24616568.467603788,24616568.467603784 
 04/09  02:00:00,,,20615817.254628226,20615817.254628226 
 04/09  03:00:00,,,21011563.79973209,21011563.79973209 
 04/09  04:00:00,,,20672386.770513214,20672386.770513214 
 04/09  05:00:00,,,23625849.17857151,23625849.17857151 
 04/09  06:00:00,,,26002328.659639716,26002328.659639716 
 04/09  07:00:00,,,13219735.115776213,13219735.115776213 
 04/09  08:00:00,,,18816608.626804728,18816608.626804724 
 04/09  09:00:00,,,66966294.49836895,66966294.49836895 
 04/09  10:00:00,,,140485525.88205168,140485525.88205168 
 04/09  11:00:00,,,171965265.01918155,171965265.01918155 
 04/09  12:00:00,,,182130799.03890303,182130799.038903 
 04/09  13:00:00,,,172513181.04532906,172513181.04532906 
 04/09  14:00:00,,,180902456.61937422,180902456.61937422 
 04/09  15:00:00,,,171769078.1127591,171769078.1127591 
 04/09  16:00:00,,,180524679.77620667,180524679.77620664 
 04/09  17:00:00,,,122517680.38435823,122517680.38435823 
 04/09  18:00:00,,,53799028.18616885,53799028.18616885 
 04/09  19:00:00,,,58250487.098197654,58250487.09819764 
 04/09  20:00:00,,,71199319.11590503,71199319.11590503 
 04/09  21:00:00,,,69066658.56473285,69066658.56473285 
 04/09  22:00:00,,,65084262.151813574,65084262.15181357 
 04/09  23:00:00,,,49578728.49059321,49578728.49059321 
 04/09  24:00:00,,,21549489.12576191,21549489.12576192 
 04/10  01:00:00,,,24214365.840558607,24214365.840558607 
 04/10  02:00:00,,,22896099.836665228,22896099.836665228 
 04/10  03:00:00,,,20692594.75426653,20692594.754266527 
 04/10  04:00:00,,,20652046.606492862,20652046.60649286 
 04/10  05:00:00,,,20918930.028124895,20918930.02812489 
 04/10  06:00:00,,,21614436.062186554,21614436.062186554 
 04/10  07:00:00,,,18438599.80719596,18438599.807195958 
 04/10  08:00:00,,,50291004.537485026,50291004.537485026 
 04/10  09:00:00,,,119133863.70216724,119133863.70216723 
 04/10  10:00:00,,,173135865.1750599,173135865.17505985 
 04/10  11:00:00,,,178420439.06646925,178420439.06646922 
 04/10  12:00:00,,,180084268.27570885,180084268.2757088 
 04/10  13:00:00,,,174371296.27425274,174371296.27425274 
 04/10  14:00:00,,,177085134.08370987,177085134.08370987 
 04/10  15:00:00,,,179290013.7216829,179290013.7216829 
 04/10  16:00:00,,,179328852.21669307,179328852.21669307 
 04/10  17:00:00,,,170933659.26820424,170933659.26820424 
 04/10  18:00:00,,,178648798.89137328,178648798.89137328 
 04/10  19:00:00,,,181851439.8731014,181851439.87310138 
 04/10  20:00:00,,,139172742.53819314,139172742.53819314 
 04/10  21:00:00,,,71053104.21276507,71053104.21276507 
 04/10  22:00:00,,,64311779.685244255,64311779.68524425 
 04/10  23:00:00,,,50160467.76175841,50160467.76175841 
 04/10  24:00:00,,,23499723.099798873,23499723.099798873 
 04/11  01:00:00,,,21131429.47017256,21131429.47017257 
 04/11  02:00:00,,,21352927.467621,21352927.467621 
 04/11  03:00:00,,,20237588.414851267,20237588.414851267 
 04/11  04:00:00,,,20270281.027047575,20270281.027047575 
 04/11  05:00:00,,,20346834.16361698,20346834.163616978 
 04/11  06:00:00,,,23631487.25622045,23631487.25622045 
 04/11  07:00:00,,,18909861.89290508,18909861.89290508 
 04/11  08:00:00,,,45483887.61233885,45483887.61233885 
 04/11  09:00:00,,,117295173.49389769,117295173.49389769 
 04/11  10:00:00,,,173765243.6982018,173765243.6982018 
 04/11  11:00:00,,,177229441.28619087,177229441.28619084 
 04/11  12:00:00,,,178978990.84441763,178978990.8444176 
 04/11  13:00:00,,,180815210.2638381,180815210.2638381 
 04/11  14:00:00,,,176647551.61171868,176647551.6117187 
 04/11  15:00:00,,,180395348.56870377,180395348.56870374 
 04/11  16:00:00,,,175289887.57835868,175289887.57835868 
 04/11  17:00:00,,,176418892.76256445,176418892.76256445 
 04/11  18:00:00,,,177357916.40517363,177357916.4051736 
 04/11  19:00:00,,,178596847.12876818,178596847.12876815 
 04/11  20:00:00,,,144574412.8904714,144574412.89047137 
 04/11  21:00:00,,,68817694.31074138,68817694.31074138 
 04/11  22:00:00,,,67164561.56665973,67164561.56665973 
 04/11  23:00:00,,,51544794.90113531,51544794.90113531 
 04/11  24:00:00,,,20246400.31845975,20246400.31845975 
 04/12  01:00:00,,,20320310.276124414,20320310.276124414 
 04/12  02:00:00,,,21634353.282762527,21634353.282762524 
 04/12  03:00:00,,,24295053.61895359,24295053.61895359 
 04/12  04:00:00,,,20472317.272587597,20472317.272587597 
 04/12  05:00:00,,,20765355.39497162,20765355.394971613 
 04/12  06:00:00,,,21534035.68810913,21534035.68810913 
 04/12  07:00:00,,,19489591.351413213,19489591.351413213 
 04/12  08:00:00,,,43228094.606783584,43228094.60678358 
 04/12  09:00:00,,,121630857.39382207,121630857.39382204 
 04/12  10:00:00,,,169902585.22654772,169902585.2265477 
 04/12  11:00:00,,,177994675.66394937,177994675.66394934 
 04/12  12:00:00,,,176489171.2352524,176489171.23525235 
 04/12  13:00:00,,,176218520.9194549,176218520.9194549 
 04/12  14:00:00,,,174599188.86455974,174599188.86455974 
 04/12  15:00:00,,,176770397.34171033,176770397.3417103 
 04/12  16:00:00,,,176800716.20262158,176800716.20262155 
 04/12  17:00:00,,,171698496.77123752,171698496.7712375 
 04/12  18:00:00,,,175585962.28167945,175585962.28167942 
 04/12  19:00:00,,,179453881.8957912,179453881.89579117 
 04/12  20:00:00,,,140911027.95223865,140911027.95223862 
 04/12  21:00:00,,,68332321.01666388,68332321.01666388 
 04/12  22:00:00,,,70220408.88532653,70220408.88532653 
 04/12  23:00:00,,,47474954.5873787,47474954.5873787 
 04/12  24:00:00,,,22259853.73099561,22259853.73099561 
 04/13  01:00:00,,,19735868.25460346,19735868.254603464 
 04/13  02:00:00,,,20045270.514147878,20045270.514147878 
 04/13  03:00:00,,,20284771.118162572,20284771.118162572 
 04/13  04:00:00,,,21477661.82741305,21477661.82741305 
 04/13  05:00:00,,,21610322.174164154,21610322.174164154 
 04/13  06:00:00,,,24865982.813066088,24865982.813066088 
 04/13  07:00:00,,,17723090.925478607,17723090.925478607 
 04/13  08:00:00,,,42511116.00410021,42511116.00410021 
 04/13  09:00:00,,,116882666.73374471,116882666.73374471 
 04/13  10:00:00,,,176826906.38457075,176826906.38457075 
 04/13  11:00:00,,,169021074.02817994,169021074.0281799 
 04/13  12:00:00,,,178865776.75012398,178865776.750124 
 04/13  13:00:00,,,178854889.23251888,178854889.23251885 
 04/13  14:00:00,,,178963191.62090924,178963191.62090924 
 04/13  15:00:00,,,169804334.4136778,169804334.41367778 
 04/13  16:00:00,,,178224552.54529366,178224552.54529366 
 04/13  17:00:00,,,177807761.29107386,177807761.29107386 
 04/13  18:00:00,,,167878664.52357468,167878664.5235747 
 04/13  19:00:00,,,180346821.61426365,180346821.61426365 
 04/13  20:00:00,,,138630349.73547083,138630349.7354708 
 04/13  21:00:00,,,71922688.49206227,71922688.49206227 
 04/13  22:00:00,,,67771738.2662629,67771738.2662629 
 04/13  23:00:00,,,49771458.681737125,49771458.681737125 
 04/13  24:00:00,,,31186279.647073537,31186279.647073537 
 04/14  01:00:00,,,19549250.64517295,19549250.64517295 
 04/14  02:00:00,,,19647520.399636883,19647520.399636883 
 04/14  03:00:00,,,19734100.03242841,19734100.03242841 
 04/14  04:00:00,,,23500762.067643076,23500762.067643076 
 04/14  05:00:00,,,24990323.426778734,24990323.42677873 
 04/14  06:00:00,,,20958759.07180222,20958759.071802214 
 04/14  07:00:00,,,14694622.615028147,14694622.615028143 
 04/14  08:00:00,,,41760662.971996225,41760662.971996225 
 04/14  09:00:00,,,116180415.36980823,116180415.36980823 
 04/14  10:00:00,,,175027983.52070364,175027983.5207036 
 04/14  11:00:00,,,170471071.43592176,170471071.43592173 
 04/14  12:00:00,,,177552543.97658402,177552543.976584 
 04/14  13:00:00,,,174848689.07337546,174848689.07337546 
 04/14  14:00:00,,,176128150.35469642,176128150.3546964 
 04/14  15:00:00,,,172496161.2306867,172496161.23068666 
 04/14  16:00:00,,,175355667.1689732,175355667.1689732 
 04/14  17:00:00,,,178091316.71788764,178091316.71788764 
 04/14  18:00:00,,,170732299.8900379,170732299.89003783 
 04/14  19:00:00,,,178165227.79641822,178165227.79641822 
 04/14  20:00:00,,,140376788.2403526,140376788.2403526 
 04/14  21:00:00,,,74518100.42428556,74518100.42428553 
 04/14  22:00:00,,,63811681.7370933,63811681.7370933 
 04/14  23:00:00,,,57303141.30896154,57303141.30896154 
 04/14  24:00:00,,,40887864.48294086,40887864.48294086 
 04/15  01:00:00,,,22122578.238145642,22122578.23814565 
 04/15  02:00:00,,,19783905.05201439,19783905.052014384 
 04/15  03:00:00,,,19690859.38457317,19690859.384573165 
 04/15  04:00:00,,,23196610.997225154,23196610.99722515 
 04/15  05:00:00,,,22009229.272568464,22009229.27256846 
 04/15  06:00:00,,,22344480.596291162,22344480.596291162 
 04/15  07:00:00,,,15174872.905854922,15174872.90585492 
 04/15  08:00:00,,,44492624.61575993,44492624.61575993 
 04/15  09:00:00,,,113592445.86054693,113592445.86054692 
 04/15  10:00:00,,,177176387.79286563,177176387.79286563 
 04/15  11:00:00,,,167381411.8552919,167381411.8552919 
 04/15  12:00:00,,,176475356.92078584,176475356.92078584 
 04/15  13:00:00,,,176011580.69370013,176011580.69370013 
 04/15  14:00:00,,,173250751.27215603,173250751.272156 
 04/15  15:00:00,,,169295745.08465973,169295745.0846597 
 04/15  16:00:00,,,175602400.68491527,175602400.68491524 
 04/15  17:00:00,,,174258624.80843735,174258624.80843735 
 04/15  18:00:00,,,116751015.2430306,116751015.2430306 
 04/15  19:00:00,,,57520836.93710881,57520836.9371088 
 04/15  20:00:00,,,67470644.32673752,67470644.32673752 
 04/15  21:00:00,,,70040924.80069958,70040924.80069958 
 04/15  22:00:00,,,65891395.033114165,65891395.033114165 
 04/15  23:00:00,,,63369032.28136067,63369032.28136067 
 04/15  24:00:00,,,21461714.162872054,21461714.162872054 
 04/16  01:00:00,,,18873809.311286636,18873809.311286636 
 04/16  02:00:00,,,19554556.27234019,19554556.27234019 
 04/16  03:00:00,,,22260337.92338906,22260337.923389055 
 04/16  04:00:00,,,19350968.786014672,19350968.78601467 
 04/16  05:00:00,,,21842655.110971484,21842655.110971484 
 04/16  06:00:00,,,17032103.62001993,17032103.62001993 
 04/16  07:00:00,,,12982129.576322528,12982129.576322528 
 04/16  08:00:00,,,17631370.387096524,17631370.387096524 
 04/16  09:00:00,,,60336358.9297906,60336358.9297906 
 04/16  10:00:00,,,139483157.96505994,139483157.96505994 
 04/16  11:00:00,,,167240163.03342474,167240163.03342474 
 04/16  12:00:00,,,173860255.17993107,173860255.17993104 
 04/16  13:00:00,,,169551729.8274798,169551729.82747978 
 04/16  14:00:00,,,175543232.94961295,175543232.94961295 
 04/16  15:00:00,,,166887203.33239824,166887203.3323982 
 04/16  16:00:00,,,176181140.33331668,176181140.33331665 
 04/16  17:00:00,,,116895214.93280116,116895214.93280116 
 04/16  18:00:00,,,50615489.297271855,50615489.297271855 
 04/16  19:00:00,,,55247046.10785515,55247046.10785514 
 04/16  20:00:00,,,70840306.92065746,70840306.92065744 
 04/16  21:00:00,,,71105005.86445053,71105005.86445053 
 04/16  22:00:00,,,64621128.127798736,64621128.12779874 
 04/16  23:00:00,,,48054339.513893716,48054339.513893716 
 04/16  24:00:00,,,20263421.66505649,20263421.665056486 
 04/17  01:00:00,,,22720894.309976164,22720894.309976164 
 04/17  02:00:00,,,24104016.06964569,24104016.069645688 
 04/17  03:00:00,,,22943496.357152537,22943496.357152544 
 04/17  04:00:00,,,20544461.17386857,20544461.173868567 
 04/17  05:00:00,,,20561611.87917007,20561611.879170075 
 04/17  06:00:00,,,18077112.952846225,18077112.952846225 
 04/17  07:00:00,,,15681906.145774964,15681906.145774964 
 04/17  08:00:00,,,45949727.76462054,45949727.764620535 
 04/17  09:00:00,,,124774315.90517384,124774315.90517384 
 04/17  10:00:00,,,171829321.5841077,171829321.5841077 
 04/17  11:00:00,,,179966908.30637565,179966908.30637565 
 04/17  12:00:00,,,175148225.0410658,175148225.0410658 
 04/17  13:00:00,,,178313078.28756377,178313078.28756377 
 04/17  14:00:00,,,180210566.8792888,180210566.87928876 
 04/17  15:00:00,,,179564057.84218338,179564057.84218338 
 04/17  16:00:00,,,172958349.99774778,172958349.99774775 
 04/17  17:00:00,,,176783991.6312089,176783991.63120893 
 04/17  18:00:00,,,178093903.94544208,178093903.94544208 
 04/17  19:00:00,,,170654631.74242085,170654631.74242085 
 04/17  20:00:00,,,146496665.12006763,146496665.12006763 
 04/17  21:00:00,,,68368756.97354217,68368756.97354217 
 04/17  22:00:00,,,66764961.54368533,66764961.54368533 
 04/17  23:00:00,,,47577612.39480049,47577612.39480049 
 04/17  24:00:00,,,22458191.684038598,22458191.684038594 
 04/18  01:00:00,,,20024987.912988737,20024987.912988734 
 04/18  02:00:00,,,23936523.103245337,23936523.103245337 
 04/18  03:00:00,,,22767934.39586737,22767934.39586737 
 04/18  04:00:00,,,20276388.109877307,20276388.10987731 
 04/18  05:00:00,,,20386979.583481215,20386979.583481215 
 04/18  06:00:00,,,17881680.797581837,17881680.797581837 
 04/18  07:00:00,,,17701318.007034317,17701318.007034317 
 04/18  08:00:00,,,42444074.0351366,42444074.035136595 
 04/18  09:00:00,,,121754818.78360857,121754818.78360856 
 04/18  10:00:00,,,171389673.74850017,171389673.74850017 
 04/18  11:00:00,,,173326900.12244254,173326900.12244257 
 04/18  12:00:00,,,173127273.07736072,173127273.07736072 
 04/18  13:00:00,,,177657469.68476877,177657469.68476877 
 04/18  14:00:00,,,177605205.2115873,177605205.21158728 
 04/18  15:00:00,,,172605325.62780002,172605325.6278 
 04/18  16:00:00,,,174033231.88561356,174033231.88561353 
 04/18  17:00:00,,,177936540.12833214,177936540.1283321 
 04/18  18:00:00,,,171935875.8891514,171935875.8891514 
 04/18  19:00:00,,,173646205.33210605,173646205.33210602 
 04/18  20:00:00,,,144253047.16178897,144253047.16178897 
 04/18  21:00:00,,,70751614.95579822,70751614.95579822 
 04/18  22:00:00,,,63857941.81101031,63857941.8110103 
 04/18  23:00:00,,,49665628.47704583,49665628.47704582 
 04/18  24:00:00,,,19475597.411920328,19475597.411920324 
 04/19  01:00:00,,,19550998.83548934,19550998.835489344 
 04/19  02:00:00,,,23497996.423629653,23497996.423629653 
 04/19  03:00:00,,,19655466.339982968,19655466.339982968 
 04/19  04:00:00,,,19966680.26468911,19966680.26468911 
 04/19  05:00:00,,,25108755.433501244,25108755.43350124 
 04/19  06:00:00,,,17701075.96831179,17701075.968311787 
 04/19  07:00:00,,,14622981.6902057,14622981.690205697 
 04/19  08:00:00,,,42422672.81602989,42422672.816029884 
 04/19  09:00:00,,,121390681.56691359,121390681.56691362 
 04/19  10:00:00,,,170633146.99564505,170633146.99564505 
 04/19  11:00:00,,,173522160.77483696,173522160.77483696 
 04/19  12:00:00,,,171827896.58184105,171827896.58184102 
 04/19  13:00:00,,,174421921.57748777,174421921.57748777 
 04/19  14:00:00,,,173142755.93015724,173142755.93015724 
 04/19  15:00:00,,,175439134.70124272,175439134.70124272 
 04/19  16:00:00,,,169037169.05068243,169037169.05068243 
 04/19  17:00:00,,,173064946.52426648,173064946.52426648 
 04/19  18:00:00,,,174854735.52514544,174854735.52514544 
 04/19  19:00:00,,,169198200.62288833,169198200.62288827 
 04/19  20:00:00,,,142548584.17857504,142548584.17857504 
 04/19  21:00:00,,,70491623.22949308,70491623.22949307 
 04/19  22:00:00,,,63639765.07129896,63639765.07129894 
 04/19  23:00:00,,,46808360.121776946,46808360.12177694 
 04/19  24:00:00,,,21491982.630267967,21491982.630267963 
 04/20  01:00:00,,,22760682.88933894,22760682.88933894 
 04/20  02:00:00,,,21691803.66940647,21691803.66940647 
 04/20  03:00:00,,,19284673.00509864,19284673.00509864 
 04/20  04:00:00,,,19374774.677422725,19374774.677422725 
 04/20  05:00:00,,,19493048.16455421,19493048.16455421 
 04/20  06:00:00,,,17187937.767321076,17187937.767321073 
 04/20  07:00:00,,,16791734.809698332,16791734.80969833 
 04/20  08:00:00,,,44590660.39381613,44590660.39381611 
 04/20  09:00:00,,,118423529.87580475,118423529.87580474 
 04/20  10:00:00,,,168028215.010616,168028215.010616 
 04/20  11:00:00,,,176255235.42927903,176255235.42927906 
 04/20  12:00:00,,,175680353.92623252,175680353.9262325 
 04/20  13:00:00,,,171173688.24116302,171173688.24116302 
 04/20  14:00:00,,,173241571.10614115,173241571.10614112 
 04/20  15:00:00,,,175815406.2335542,175815406.2335542 
 04/20  16:00:00,,,170969449.70565116,170969449.70565113 
 04/20  17:00:00,,,172310806.06044978,172310806.06044975 
 04/20  18:00:00,,,175649595.18506804,175649595.18506804 
 04/20  19:00:00,,,170675323.373985,170675323.37398502 
 04/20  20:00:00,,,141855272.71034968,141855272.71034965 
 04/20  21:00:00,,,69233470.99840632,69233470.9984063 
 04/20  22:00:00,,,64773374.04140498,64773374.04140498 
 04/20  23:00:00,,,49187905.108366884,49187905.10836688 
 04/20  24:00:00,,,30667821.61442485,30667821.614424847 
 04/21  01:00:00,,,25460453.948511325,25460453.948511325 
 04/21  02:00:00,,,19039628.488766998,19039628.488766998 
 04/21  03:00:00,,,19244670.665835936,19244670.665835936 
 04/21  04:00:00,,,19471029.57259822,19471029.57259822 
 04/21  05:00:00,,,19745584.658176444,19745584.658176444 
 04/21  06:00:00,,,13920957.239309667,13920957.239309667 
 04/21  07:00:00,,,17015033.609827377,17015033.609827373 
 04/21  08:00:00,,,42621712.597389214,42621712.59738922 
 04/21  09:00:00,,,117097365.1576381,117097365.1576381 
 04/21  10:00:00,,,169124643.7195421,169124643.7195421 
 04/21  11:00:00,,,172090703.4084433,172090703.4084433 
 04/21  12:00:00,,,172145465.87978923,172145465.8797892 
 04/21  13:00:00,,,170743674.3298728,170743674.32987276 
 04/21  14:00:00,,,174571923.59027305,174571923.59027302 
 04/21  15:00:00,,,171997112.7680556,171997112.76805556 
 04/21  16:00:00,,,168169580.9416812,168169580.94168118 
 04/21  17:00:00,,,174530153.6522468,174530153.65224677 
 04/21  18:00:00,,,171985264.24259827,171985264.24259827 
 04/21  19:00:00,,,168166971.0578176,168166971.05781755 
 04/21  20:00:00,,,141106402.75920534,141106402.75920534 
 04/21  21:00:00,,,70181240.16502792,70181240.16502792 
 04/21  22:00:00,,,65811647.35886544,65811647.35886544 
 04/21  23:00:00,,,53950279.5313537,53950279.5313537 
 04/21  24:00:00,,,39977996.75287855,39977996.75287855 
 04/22  01:00:00,,,22172239.449365348,22172239.449365344 
 04/22  02:00:00,,,20630613.628062073,20630613.628062073 
 04/22  03:00:00,,,20165914.944907907,20165914.944907904 
 04/22  04:00:00,,,19451696.716545112,19451696.716545112 
 04/22  05:00:00,,,21061885.040244,21061885.040244 
 04/22  06:00:00,,,13406710.4065468,13406710.4065468 
 04/22  07:00:00,,,13592279.211352628,13592279.211352628 
 04/22  08:00:00,,,40990089.138818145,40990089.138818145 
 04/22  09:00:00,,,120354274.14554873,120354274.14554872 
 04/22  10:00:00,,,166379779.77684563,166379779.77684566 
 04/22  11:00:00,,,173274257.01360565,173274257.01360565 
 04/22  12:00:00,,,170721416.46189627,170721416.4618962 
 04/22  13:00:00,,,170743424.43255422,170743424.4325542 
 04/22  14:00:00,,,174568924.23914677,174568924.23914674 
 04/22  15:00:00,,,173266328.3870816,173266328.38708156 
 04/22  16:00:00,,,166898775.8680138,166898775.86801377 
 04/22  17:00:00,,,174531662.527488,174531662.52748796 
 04/22  18:00:00,,,118821185.657965,118821185.65796496 
 04/22  19:00:00,,,52409803.85898255,52409803.85898254 
 04/22  20:00:00,,,68528963.70258278,68528963.70258276 
 04/22  21:00:00,,,68623852.13566236,68623852.13566236 
 04/22  22:00:00,,,64571176.67593564,64571176.67593564 
 04/22  23:00:00,,,64631005.704936735,64631005.704936735 
 04/22  24:00:00,,,22705256.65601729,22705256.65601729 
 04/23  01:00:00,,,18876402.094575815,18876402.094575815 
 04/23  02:00:00,,,21386857.206100356,21386857.206100356 
 04/23  03:00:00,,,18984550.744381163,18984550.744381163 
 04/23  04:00:00,,,18999081.368406102,18999081.3684061 
 04/23  05:00:00,,,20501323.823669426,20501323.82366942 
 04/23  06:00:00,,,14860829.389023118,14860829.389023118 
 04/23  07:00:00,,,10042929.311878951,10042929.31187895 
 04/23  08:00:00,,,21268203.945613105,21268203.945613105 
 04/23  09:00:00,,,63078432.160548285,63078432.16054827 
 04/23  10:00:00,,,133569784.73717242,133569784.73717242 
 04/23  11:00:00,,,167738359.62917534,167738359.6291753 
 04/23  12:00:00,,,177347259.81202832,177347259.81202832 
 04/23  13:00:00,,,167942363.66193488,167942363.66193488 
 04/23  14:00:00,,,175706163.16172042,175706163.16172042 
 04/23  15:00:00,,,171508826.07601807,171508826.07601807 
 04/23  16:00:00,,,168923172.52322564,168923172.52322564 
 04/23  17:00:00,,,120990501.08727947,120990501.08727944 
 04/23  18:00:00,,,50272956.93307709,50272956.93307708 
 04/23  19:00:00,,,47422816.13058513,47422816.13058511 
 04/23  20:00:00,,,68543876.06523609,68543876.06523608 
 04/23  21:00:00,,,68651681.4627008,68651681.4627008 
 04/23  22:00:00,,,63282680.35191936,63282680.35191935 
 04/23  23:00:00,,,47706462.39262097,47706462.39262097 
 04/23  24:00:00,,,21445833.42008494,21445833.42008494 
 04/24  01:00:00,,,23855399.53822517,23855399.53822517 
 04/24  02:00:00,,,18825246.873998277,18825246.873998277 
 04/24  03:00:00,,,18918567.764010347,18918567.764010347 
 04/24  04:00:00,,,18966998.271877777,18966998.271877773 
 04/24  05:00:00,,,19123315.413560096,19123315.413560096 
 04/24  06:00:00,,,14632792.784012483,14632792.784012483 
 04/24  07:00:00,,,13380959.105943237,13380959.105943237 
 04/24  08:00:00,,,48960231.42757808,48960231.42757808 
 04/24  09:00:00,,,112646260.55126442,112646260.5512644 
 04/24  10:00:00,,,169629784.06810945,169629784.06810945 
 04/24  11:00:00,,,170700600.08118933,170700600.08118933 
 04/24  12:00:00,,,173275039.58435202,173275039.584352 
 04/24  13:00:00,,,169461558.6124672,169461558.61246714 
 04/24  14:00:00,,,174569366.43119514,174569366.43119514 
 04/24  15:00:00,,,171996273.2957865,171996273.29578644 
 04/24  16:00:00,,,173251827.09434253,173251827.09434247 
 04/24  17:00:00,,,167335849.7821365,167335849.78213647 
 04/24  18:00:00,,,174092062.44516626,174092062.44516623 
 04/24  19:00:00,,,168961559.5347516,168961559.5347516 
 04/24  20:00:00,,,136675632.6348146,136675632.63481456 
 04/24  21:00:00,,,68177052.64582866,68177052.64582866 
 04/24  22:00:00,,,65027668.15500584,65027668.15500584 
 04/24  23:00:00,,,48782097.37109943,48782097.37109942 
 04/24  24:00:00,,,18879320.4037272,18879320.4037272 
 04/25  01:00:00,,,22552353.790445156,22552353.790445153 
 04/25  02:00:00,,,20053513.572316963,20053513.57231696 
 04/25  03:00:00,,,18809892.925734673,18809892.92573467 
 04/25  04:00:00,,,18823676.685476474,18823676.685476474 
 04/25  05:00:00,,,20103058.590064656,20103058.590064656 
 04/25  06:00:00,,,15585468.694125708,15585468.694125706 
 04/25  07:00:00,,,13280852.134335607,13280852.134335604 
 04/25  08:00:00,,,41413867.311847836,41413867.311847836 
 04/25  09:00:00,,,118380808.78599916,118380808.78599916 
 04/25  10:00:00,,,170660976.16022518,170660976.16022518 
 04/25  11:00:00,,,171058083.7648646,171058083.7648646 
 04/25  12:00:00,,,173380826.74514315,173380826.74514315 
 04/25  13:00:00,,,170739848.18210468,170739848.18210465 
 04/25  14:00:00,,,173292464.3159544,173292464.31595436 
 04/25  15:00:00,,,171995830.03972685,171995830.03972682 
 04/25  16:00:00,,,169439637.96769077,169439637.96769074 
 04/25  17:00:00,,,173255347.7831896,173255347.78318954 
 04/25  18:00:00,,,170713204.97393796,170713204.97393793 
 04/25  19:00:00,,,170709309.310081,170709309.31008098 
 04/25  20:00:00,,,136203974.48988834,136203974.4898883 
 04/25  21:00:00,,,71342579.42019412,71342579.4201941 
 04/25  22:00:00,,,63095218.13058513,63095218.13058513 
 04/25  23:00:00,,,47527158.93426527,47527158.93426527 
 04/25  24:00:00,,,18879320.4037272,18879320.4037272 
 04/26  01:00:00,,,20023046.974321313,20023046.974321313 
 04/26  02:00:00,,,22552872.928102277,22552872.928102277 
 04/26  03:00:00,,,18813726.281980395,18813726.281980395 
 04/26  04:00:00,,,19819712.901123337,19819712.901123337 
 04/26  05:00:00,,,21615821.04341652,21615821.043416515 
 04/26  06:00:00,,,9746775.592737209,9746775.592737209 
 04/26  07:00:00,,,13182758.649701757,13182758.649701757 
 04/26  08:00:00,,,42530921.30174571,42530921.30174572 
 04/26  09:00:00,,,118962380.8976048,118962380.89760478 
 04/26  10:00:00,,,167527677.877786,167527677.87778604 
 04/26  11:00:00,,,173373403.79826853,173373403.7982685 
 04/26  12:00:00,,,167316720.28663096,167316720.28663093 
 04/26  13:00:00,,,174956059.12564155,174956059.12564152 
 04/26  14:00:00,,,173900843.07290334,173900843.07290328 
 04/26  15:00:00,,,175299448.04237896,175299448.04237896 
 04/26  16:00:00,,,167583644.32609457,167583644.32609454 
 04/26  17:00:00,,,173713682.32975876,173713682.32975876 
 04/26  18:00:00,,,174569225.0137885,174569225.01378846 
 04/26  19:00:00,,,167082801.55529976,167082801.55529976 
 04/26  20:00:00,,,139560923.54281843,139560923.54281843 
 04/26  21:00:00,,,69026155.40102497,69026155.40102497 
 04/26  22:00:00,,,64659587.12500699,64659587.12500699 
 04/26  23:00:00,,,46571829.48220602,46571829.48220602 
 04/26  24:00:00,,,20214430.675660305,20214430.675660305 
 04/27  01:00:00,,,18845815.022029705,18845815.0220297 
 04/27  02:00:00,,,19063576.42606517,19063576.42606517 
 04/27  03:00:00,,,25423809.52430789,25423809.52430789 
 04/27  04:00:00,,,20731645.284230765,20731645.284230765 
 04/27  05:00:00,,,19555911.840842564,19555911.840842564 
 04/27  06:00:00,,,10417030.543183297,10417030.543183297 
 04/27  07:00:00,,,14983188.270580683,14983188.270580683 
 04/27  08:00:00,,,41870362.78723898,41870362.78723898 
 04/27  09:00:00,,,120901570.9581703,120901570.95817026 
 04/27  10:00:00,,,169516695.5692766,169516695.5692766 
 04/27  11:00:00,,,175480611.0494733,175480611.0494733 
 04/27  12:00:00,,,172291773.1180038,172291773.1180038 
 04/27  13:00:00,,,173982039.53358555,173982039.53358555 
 04/27  14:00:00,,,175916399.9471292,175916399.94712916 
 04/27  15:00:00,,,174173143.47287023,174173143.47287023 
 04/27  16:00:00,,,170315283.47255242,170315283.47255242 
 04/27  17:00:00,,,173034406.22555918,173034406.22555918 
 04/27  18:00:00,,,173945234.8985669,173945234.8985669 
 04/27  19:00:00,,,167998970.45766652,167998970.45766652 
 04/27  20:00:00,,,140608332.99107417,140608332.9910742 
 04/27  21:00:00,,,69222610.14049268,69222610.14049268 
 04/27  22:00:00,,,64803181.30563979,64803181.3056398 
 04/27  23:00:00,,,46700281.94042128,46700281.940421276 
 04/27  24:00:00,,,32043855.72075966,32043855.720759653 
 04/28  01:00:00,,,21417322.656544805,21417322.656544805 
 04/28  02:00:00,,,20352173.424542315,20352173.424542315 
 04/28  03:00:00,,,23101084.18278168,23101084.18278168 
 04/28  04:00:00,,,19499514.674918026,19499514.674918026 
 04/28  05:00:00,,,19645989.35561128,19645989.35561128 
 04/28  06:00:00,,,11737105.070980554,11737105.070980554 
 04/28  07:00:00,,,14178704.088287191,14178704.088287188 
 04/28  08:00:00,,,43850847.845362395,43850847.845362395 
 04/28  09:00:00,,,117268313.62878765,117268313.62878765 
 04/28  10:00:00,,,171026729.1834145,171026729.18341452 
 04/28  11:00:00,,,171584220.21210888,171584220.21210888 
 04/28  12:00:00,,,170552452.440409,170552452.440409 
 04/28  13:00:00,,,173955882.5324561,173955882.5324561 
 04/28  14:00:00,,,173970420.80819356,173970420.8081935 
 04/28  15:00:00,,,173065814.2256279,173065814.22562784 
 04/28  16:00:00,,,169570445.76409858,169570445.76409858 
 04/28  17:00:00,,,170983138.77588362,170983138.7758836 
 04/28  18:00:00,,,169481452.15633836,169481452.15633836 
 04/28  19:00:00,,,174754738.56011036,174754738.56011036 
 04/28  20:00:00,,,137174372.2691691,137174372.2691691 
 04/28  21:00:00,,,69017594.52204117,69017594.52204117 
 04/28  22:00:00,,,63347681.62124498,63347681.62124498 
 04/28  23:00:00,,,57681093.91409533,57681093.91409532 
 04/28  24:00:00,,,39938124.968582,39938124.96858199 
 04/29  01:00:00,,,20211038.307989728,20211038.307989724 
 04/29  02:00:00,,,18813985.93871139,18813985.938711386 
 04/29  03:00:00,,,20152374.173890743,20152374.17389074 
 04/29  04:00:00,,,22778790.007383987,22778790.007383987 
 04/29  05:00:00,,,19245235.356013585,19245235.35601358 
 04/29  06:00:00,,,12581300.146303006,12581300.146303004 
 04/29  07:00:00,,,13596244.609311992,13596244.60931199 
 04/29  08:00:00,,,42535656.39482766,42535656.39482766 
 04/29  09:00:00,,,116669488.37862612,116669488.37862612 
 04/29  10:00:00,,,172035991.3329567,172035991.3329567 
 04/29  11:00:00,,,172846573.29377759,172846573.29377759 
 04/29  12:00:00,,,172373842.53989547,172373842.53989547 
 04/29  13:00:00,,,177305625.99263567,177305625.99263564 
 04/29  14:00:00,,,177143424.76779482,177143424.7677948 
 04/29  15:00:00,,,169584937.58088392,169584937.58088392 
 04/29  16:00:00,,,175833846.12158838,175833846.12158838 
 04/29  17:00:00,,,177366022.93083987,177366022.9308399 
 04/29  18:00:00,,,118350785.87780637,118350785.87780637 
 04/29  19:00:00,,,53262127.36481084,53262127.36481083 
 04/29  20:00:00,,,66950650.91514167,66950650.91514167 
 04/29  21:00:00,,,70330939.86687416,70330939.86687417 
 04/29  22:00:00,,,64991431.087102555,64991431.087102555 
 04/29  23:00:00,,,65201776.823409945,65201776.823409945 
 04/29  24:00:00,,,19212373.514354594,19212373.51435459 
 04/30  01:00:00,,,19049011.35575983,19049011.35575983 
 04/30  02:00:00,,,23046253.35186577,23046253.35186577 
 04/30  03:00:00,,,19543734.93838911,19543734.93838911 
 04/30  04:00:00,,,23175980.365110107,23175980.36511011 
 04/30  05:00:00,,,19591334.14420032,19591334.14420032 
 04/30  06:00:00,,,10539588.06067414,10539588.060674138 
 04/30  07:00:00,,,11616329.302251562,11616329.302251562 
 04/30  08:00:00,,,17595671.949277177,17595671.949277177 
 04/30  09:00:00,,,62302424.53516628,62302424.53516629 
 04/30  10:00:00,,,139502702.36215177,139502702.36215174 
 04/30  11:00:00,,,168607530.8717173,168607530.87171727 
 04/30  12:00:00,,,177965111.7793893,177965111.77938926 
 04/30  13:00:00,,,169261949.50681674,169261949.50681674 
 04/30  14:00:00,,,177325279.27191615,177325279.27191615 
 04/30  15:00:00,,,169753187.4751176,169753187.47511762 
 04/30  16:00:00,,,175790658.3663983,175790658.36639827 
 04/30  17:00:00,,,118735318.12030669,118735318.12030669 
 04/30  18:00:00,,,49333136.032308914,49333136.03230891 
 04/30  19:00:00,,,54081512.97823125,54081512.97823124 
 04/30  20:00:00,,,65657521.640608266,65657521.640608266 
 04/30  21:00:00,,,69202019.63273576,69202019.63273576 
 04/30  22:00:00,,,64001749.101053774,64001749.10105376 
 04/30  23:00:00,,,48466913.17245206,48466913.17245205 
 04/30  24:00:00,68342230526.65351,127452346626.18967,19490375.778858505,19490375.778858505 
 05/01  01:00:00,,,19531161.199247513,19531161.19924751 
 05/01  02:00:00,,,23280731.877146382,23280731.877146382 
 05/01  03:00:00,,,23465326.43072872,23465326.43072872 
 05/01  04:00:00,,,19600572.400021993,19600572.400021993 
 05/01  05:00:00,,,19741759.74790204,19741759.747902043 
 05/01  06:00:00,,,11850819.774679696,11850819.774679696 
 05/01  07:00:00,,,14466885.13167191,14466885.13167191 
 05/01  08:00:00,,,44495074.060052186,44495074.06005218 
 05/01  09:00:00,,,119234186.59032686,119234186.59032683 
 05/01  10:00:00,,,168760182.82637206,168760182.82637206 
 05/01  11:00:00,,,174403340.63970566,174403340.63970566 
 05/01  12:00:00,,,171093207.07246566,171093207.07246563 
 05/01  13:00:00,,,173263024.17937163,173263024.17937163 
 05/01  14:00:00,,,174400856.86289755,174400856.86289755 
 05/01  15:00:00,,,175655841.75837472,175655841.75837472 
 05/01  16:00:00,,,170578102.94431868,170578102.94431865 
 05/01  17:00:00,,,172008792.9849695,172008792.9849695 
 05/01  18:00:00,,,170987411.07274562,170987411.0727456 
 05/01  19:00:00,,,172328055.58549172,172328055.5854917 
 05/01  20:00:00,,,137537754.30546588,137537754.30546582 
 05/01  21:00:00,,,68014843.42846338,68014843.42846338 
 05/01  22:00:00,,,65886625.52426143,65886625.52426144 
 05/01  23:00:00,,,46634737.85441819,46634737.85441819 
 05/01  24:00:00,,,20501669.519677214,20501669.519677214 
 05/02  01:00:00,,,20466075.010963272,20466075.010963272 
 05/02  02:00:00,,,20642105.609754324,20642105.609754324 
 05/02  03:00:00,,,23292315.53620271,23292315.53620271 
 05/02  04:00:00,,,19653332.68816896,19653332.68816896 
 05/02  05:00:00,,,19386849.591374163,19386849.591374163 
 05/02  06:00:00,,,10599486.5705943,10599486.5705943 
 05/02  07:00:00,,,14839490.559223603,14839490.559223603 
 05/02  08:00:00,,,44439564.29038522,44439564.29038522 
 05/02  09:00:00,,,116124480.02560088,116124480.02560088 
 05/02  10:00:00,,,175908031.20636907,175908031.20636904 
 05/02  11:00:00,,,169283806.90014932,169283806.90014932 
 05/02  12:00:00,,,175796834.4839841,175796834.48398408 
 05/02  13:00:00,,,176177434.89813504,176177434.89813504 
 05/02  14:00:00,,,173022109.79176372,173022109.7917637 
 05/02  15:00:00,,,168793276.2687611,168793276.2687611 
 05/02  16:00:00,,,175356834.35669386,175356834.35669386 
 05/02  17:00:00,,,171848458.3508998,171848458.3508998 
 05/02  18:00:00,,,170308002.5131507,170308002.5131507 
 05/02  19:00:00,,,175735533.85540485,175735533.85540485 
 05/02  20:00:00,,,130822326.81530331,130822326.81530327 
 05/02  21:00:00,,,72908271.32420112,72908271.3242011 
 05/02  22:00:00,,,63464861.68938965,63464861.68938965 
 05/02  23:00:00,,,50421617.890443034,50421617.890443034 
 05/02  24:00:00,,,19543300.51609187,19543300.51609187 
 05/03  01:00:00,,,19951844.293415673,19951844.293415673 
 05/03  02:00:00,,,19290790.60119412,19290790.60119412 
 05/03  03:00:00,,,19302887.680632394,19302887.68063239 
 05/03  04:00:00,,,23401888.39449719,23401888.39449719 
 05/03  05:00:00,,,19353545.466685902,19353545.466685902 
 05/03  06:00:00,,,12247327.426608773,12247327.42660877 
 05/03  07:00:00,,,15900282.554353321,15900282.554353315 
 05/03  08:00:00,,,43215709.41389481,43215709.41389481 
 05/03  09:00:00,,,114562666.72476617,114562666.72476617 
 05/03  10:00:00,,,175793190.5096528,175793190.50965276 
 05/03  11:00:00,,,168879064.44648284,168879064.44648284 
 05/03  12:00:00,,,175615876.6540498,175615876.6540498 
 05/03  13:00:00,,,176353218.6093614,176353218.60936138 
 05/03  14:00:00,,,174649971.98615453,174649971.98615453 
 05/03  15:00:00,,,169309625.06317854,169309625.06317854 
 05/03  16:00:00,,,174259993.40769088,174259993.4076909 
 05/03  17:00:00,,,174309982.4855795,174309982.48557946 
 05/03  18:00:00,,,168790551.64380848,168790551.64380848 
 05/03  19:00:00,,,173969283.98127934,173969283.98127934 
 05/03  20:00:00,,,130693937.3546707,130693937.35467067 
 05/03  21:00:00,,,70452880.15829915,70452880.15829915 
 05/03  22:00:00,,,69834515.51675415,69834515.51675417 
 05/03  23:00:00,,,46833952.38186216,46833952.38186216 
 05/03  24:00:00,,,19369128.60296767,19369128.60296767 
 05/04  01:00:00,,,19561221.30398526,19561221.30398526 
 05/04  02:00:00,,,20754631.605969585,20754631.605969585 
 05/04  03:00:00,,,19701659.419577945,19701659.419577945 
 05/04  04:00:00,,,21009805.220796708,21009805.220796708 
 05/04  05:00:00,,,24589230.92679076,24589230.926790755 
 05/04  06:00:00,,,10601322.347533422,10601322.34753342 
 05/04  07:00:00,,,14523914.103892675,14523914.103892675 
 05/04  08:00:00,,,42981264.350732334,42981264.350732334 
 05/04  09:00:00,,,117153443.80092067,117153443.80092064 
 05/04  10:00:00,,,170416455.26330158,170416455.26330158 
 05/04  11:00:00,,,169770245.9826696,169770245.9826696 
 05/04  12:00:00,,,171194339.03597146,171194339.03597143 
 05/04  13:00:00,,,174617577.70445564,174617577.7044556 
 05/04  14:00:00,,,174567033.40230504,174567033.402305 
 05/04  15:00:00,,,169447344.83153924,169447344.83153918 
 05/04  16:00:00,,,170709452.3466798,170709452.34667978 
 05/04  17:00:00,,,170714161.9576309,170714161.95763087 
 05/04  18:00:00,,,169441761.60282803,169441761.602828 
 05/04  19:00:00,,,174524751.01857218,174524751.01857215 
 05/04  20:00:00,,,132281024.89499494,132281024.89499491 
 05/04  21:00:00,,,69041712.523552,69041712.523552 
 05/04  22:00:00,,,63413364.348719165,63413364.348719165 
 05/04  23:00:00,,,51598221.03521634,51598221.03521634 
 05/04  24:00:00,,,31815783.31609086,31815783.316090863 
 05/05  01:00:00,,,18929917.79223004,18929917.79223004 
 05/05  02:00:00,,,18931385.4045978,18931385.4045978 
 05/05  03:00:00,,,20260159.175788082,20260159.175788082 
 05/05  04:00:00,,,21705104.55688694,21705104.55688694 
 05/05  05:00:00,,,17721934.327826306,17721934.327826306 
 05/05  06:00:00,,,15345677.763720676,15345677.763720674 
 05/05  07:00:00,,,13640760.929733234,13640760.92973323 
 05/05  08:00:00,,,41249246.10513229,41249246.10513228 
 05/05  09:00:00,,,114926151.9152157,114926151.9152157 
 05/05  10:00:00,,,173716324.94001824,173716324.94001824 
 05/05  11:00:00,,,169550324.6650372,169550324.66503718 
 05/05  12:00:00,,,175168100.95527494,175168100.9552749 
 05/05  13:00:00,,,174029485.98246807,174029485.98246807 
 05/05  14:00:00,,,171693578.67463663,171693578.6746366 
 05/05  15:00:00,,,176391287.7045701,176391287.70457017 
 05/05  16:00:00,,,174038397.1675409,174038397.16754088 
 05/05  17:00:00,,,170669332.82046846,170669332.82046846 
 05/05  18:00:00,,,176387885.39561418,176387885.39561415 
 05/05  19:00:00,,,172805983.1205706,172805983.1205706 
 05/05  20:00:00,,,133922183.14010525,133922183.14010525 
 05/05  21:00:00,,,69243698.01270598,69243698.01270598 
 05/05  22:00:00,,,64777280.43471451,64777280.43471451 
 05/05  23:00:00,,,54058071.94797078,54058071.94797078 
 05/05  24:00:00,,,45066758.7638072,45066758.7638072 
 05/06  01:00:00,,,20318465.322006263,20318465.322006263 
 05/06  02:00:00,,,20419089.209565185,20419089.209565185 
 05/06  03:00:00,,,20336768.733376246,20336768.733376246 
 05/06  04:00:00,,,19126515.505045272,19126515.505045272 
 05/06  05:00:00,,,17637399.396619525,17637399.396619525 
 05/06  06:00:00,,,10199304.01668236,10199304.01668236 
 05/06  07:00:00,,,18494356.160056796,18494356.160056792 
 05/06  08:00:00,,,43312638.66261207,43312638.662612066 
 05/06  09:00:00,,,112549987.1476055,112549987.1476055 
 05/06  10:00:00,,,166654043.6260881,166654043.6260881 
 05/06  11:00:00,,,174911460.72587222,174911460.72587216 
 05/06  12:00:00,,,172531081.94579569,172531081.94579566 
 05/06  13:00:00,,,171460510.17555752,171460510.1755575 
 05/06  14:00:00,,,171092734.41792214,171092734.4179221 
 05/06  15:00:00,,,174537036.74935514,174537036.7493551 
 05/06  16:00:00,,,171829595.4943472,171829595.49434716 
 05/06  17:00:00,,,168345871.62518716,168345871.62518713 
 05/06  18:00:00,,,122659694.06882471,122659694.06882471 
 05/06  19:00:00,,,49100157.85128947,49100157.851289466 
 05/06  20:00:00,,,63327779.80345662,63327779.80345662 
 05/06  21:00:00,,,67543095.07981096,67543095.07981095 
 05/06  22:00:00,,,64787351.13570362,64787351.13570362 
 05/06  23:00:00,,,66883223.64002936,66883223.640029356 
 05/06  24:00:00,,,21978723.19423861,21978723.19423861 
 05/07  01:00:00,,,20122527.169490177,20122527.169490177 
 05/07  02:00:00,,,19161484.91119763,19161484.91119763 
 05/07  03:00:00,,,19203506.092221048,19203506.092221044 
 05/07  04:00:00,,,20744825.309262566,20744825.309262566 
 05/07  05:00:00,,,19264290.858931124,19264290.858931124 
 05/07  06:00:00,,,10303119.967038762,10303119.967038762 
 05/07  07:00:00,,,14051796.4451856,14051796.4451856 
 05/07  08:00:00,,,19911203.42544051,19911203.425440513 
 05/07  09:00:00,,,60885312.09259577,60885312.09259576 
 05/07  10:00:00,,,130082844.76300786,130082844.76300786 
 05/07  11:00:00,,,171949063.73700026,171949063.73700023 
 05/07  12:00:00,,,168161123.74505582,168161123.74505576 
 05/07  13:00:00,,,171963568.5263597,171963568.52635968 
 05/07  14:00:00,,,168159181.2060227,168159181.20602265 
 05/07  15:00:00,,,171957975.99686065,171957975.99686062 
 05/07  16:00:00,,,168161459.81084365,168161459.81084362 
 05/07  17:00:00,,,120949948.29390042,120949948.29390037 
 05/07  18:00:00,,,50574946.01895497,50574946.01895497 
 05/07  19:00:00,,,47673143.30914916,47673143.30914916 
 05/07  20:00:00,,,62101230.62199591,62101230.62199591 
 05/07  21:00:00,,,68578535.88111202,68578535.88111202 
 05/07  22:00:00,,,63095218.13058513,63095218.13058513 
 05/07  23:00:00,,,46166775.193926804,46166775.193926804 
 05/07  24:00:00,,,22634385.190322977,22634385.190322977 
 05/08  01:00:00,,,23803617.175576337,23803617.175576337 
 05/08  02:00:00,,,18802642.253116608,18802642.253116608 
 05/08  03:00:00,,,18803144.762086235,18803144.762086235 
 05/08  04:00:00,,,18852333.82926518,18852333.82926518 
 05/08  05:00:00,,,15784264.445058318,15784264.445058318 
 05/08  06:00:00,,,9752568.674782552,9752568.67478255 
 05/08  07:00:00,,,15631790.991117375,15631790.991117375 
 05/08  08:00:00,,,47383995.2166464,47383995.2166464 
 05/08  09:00:00,,,112191026.56403807,112191026.56403807 
 05/08  10:00:00,,,168368919.95008954,168368919.95008954 
 05/08  11:00:00,,,171963821.61206114,171963821.6120611 
 05/08  12:00:00,,,172003818.35842264,172003818.3584226 
 05/08  13:00:00,,,170737027.68098208,170737027.68098205 
 05/08  14:00:00,,,173287598.95389074,173287598.9538907 
 05/08  15:00:00,,,173264977.12542686,173264977.12542683 
 05/08  16:00:00,,,168167810.0754952,168167810.07549518 
 05/08  17:00:00,,,171983013.7183212,171983013.71832117 
 05/08  18:00:00,,,173252666.89630622,173252666.89630616 
 05/08  19:00:00,,,169436521.5590068,169436521.55900675 
 05/08  20:00:00,,,130856783.44158703,130856783.441587 
 05/08  21:00:00,,,67573878.24848433,67573878.24848431 
 05/08  22:00:00,,,64396457.0968607,64396457.0968607 
 05/08  23:00:00,,,48726718.00853231,48726718.00853231 
 05/08  24:00:00,,,20131073.38342247,20131073.38342247 
 05/09  01:00:00,,,18771321.451500002,18771321.4515 
 05/09  02:00:00,,,18796458.956766773,18796458.95676677 
 05/09  03:00:00,,,22557739.890359588,22557739.890359588 
 05/09  04:00:00,,,18810351.795474015,18810351.795474008 
 05/09  05:00:00,,,18291134.775443457,18291134.775443453 
 05/09  06:00:00,,,9728596.036686474,9728596.03668647 
 05/09  07:00:00,,,14398164.580168813,14398164.580168813 
 05/09  08:00:00,,,42257240.22357239,42257240.2235724 
 05/09  09:00:00,,,115478330.0949102,115478330.0949102 
 05/09  10:00:00,,,170692795.5227568,170692795.52275676 
 05/09  11:00:00,,,169433308.0973953,169433308.09739524 
 05/09  12:00:00,,,170714903.89006037,170714903.89006034 
 05/09  13:00:00,,,174547314.6870571,174547314.68705708 
 05/09  14:00:00,,,170758926.66269836,170758926.6626983 
 05/09  15:00:00,,,170479876.08358726,170479876.08358723 
 05/09  16:00:00,,,173743130.76696232,173743130.76696232 
 05/09  17:00:00,,,169619798.9962247,169619798.9962247 
 05/09  18:00:00,,,170760044.0333185,170760044.03331846 
 05/09  19:00:00,,,174651110.92288828,174651110.92288828 
 05/09  20:00:00,,,125258844.53604487,125258844.53604488 
 05/09  21:00:00,,,73986334.92731157,73986334.92731157 
 05/09  22:00:00,,,63311896.632281035,63311896.632281035 
 05/09  23:00:00,,,47707154.888840094,47707154.888840094 
 05/09  24:00:00,,,20175191.482102334,20175191.482102334 
 05/10  01:00:00,,,18807832.714913994,18807832.714913994 
 05/10  02:00:00,,,21308576.68659364,21308576.686593637 
 05/10  03:00:00,,,18847621.667808883,18847621.66780888 
 05/10  04:00:00,,,22570763.22896413,22570763.22896413 
 05/10  05:00:00,,,15806130.204480616,15806130.204480616 
 05/10  06:00:00,,,11006757.82456274,11006757.824562738 
 05/10  07:00:00,,,14389424.81523013,14389424.81523013 
 05/10  08:00:00,,,41292133.75320743,41292133.75320743 
 05/10  09:00:00,,,115552523.94423263,115552523.94423261 
 05/10  10:00:00,,,173036328.1286949,173036328.12869486 
 05/10  11:00:00,,,168833086.03415108,168833086.03415108 
 05/10  12:00:00,,,173156728.88002396,173156728.880024 
 05/10  13:00:00,,,175342925.33545342,175342925.33545342 
 05/10  14:00:00,,,175386296.7046187,175386296.70461863 
 05/10  15:00:00,,,166802369.70546523,166802369.70546523 
 05/10  16:00:00,,,175775684.43772918,175775684.4377292 
 05/10  17:00:00,,,174038661.97211707,174038661.97211707 
 05/10  18:00:00,,,168176078.70680797,168176078.70680797 
 05/10  19:00:00,,,175621620.0981708,175621620.0981708 
 05/10  20:00:00,,,126041750.57224882,126041750.57224885 
 05/10  21:00:00,,,70347475.99836332,70347475.99836332 
 05/10  22:00:00,,,65911470.30005472,65911470.30005472 
 05/10  23:00:00,,,52817579.953581735,52817579.953581735 
 05/10  24:00:00,,,18980245.73061679,18980245.730616786 
 05/11  01:00:00,,,18816941.27883605,18816941.278836045 
 05/11  02:00:00,,,18850437.706133284,18850437.706133284 
 05/11  03:00:00,,,18909795.229527283,18909795.229527283 
 05/11  04:00:00,,,19006959.664177693,19006959.66417769 
 05/11  05:00:00,,,15952506.146562643,15952506.146562643 
 05/11  06:00:00,,,17542110.93827869,17542110.93827869 
 05/11  07:00:00,,,14585789.863196857,14585789.863196854 
 05/11  08:00:00,,,41616890.65667654,41616890.65667653 
 05/11  09:00:00,,,113997265.79204611,113997265.79204607 
 05/11  10:00:00,,,176680592.29115906,176680592.29115903 
 05/11  11:00:00,,,167466934.43059966,167466934.43059966 
 05/11  12:00:00,,,176765159.34452173,176765159.34452173 
 05/11  13:00:00,,,173915239.20271146,173915239.2027115 
 05/11  14:00:00,,,172243656.74511093,172243656.74511096 
 05/11  15:00:00,,,173472226.12770322,173472226.1277032 
 05/11  16:00:00,,,174860288.34167114,174860288.3416711 
 05/11  17:00:00,,,171129634.988052,171129634.988052 
 05/11  18:00:00,,,173104251.36788636,173104251.36788633 
 05/11  19:00:00,,,173550440.44958013,173550440.4495801 
 05/11  20:00:00,,,129153741.37116887,129153741.37116885 
 05/11  21:00:00,,,69196326.84101409,69196326.84101409 
 05/11  22:00:00,,,67314888.35415845,67314888.35415845 
 05/11  23:00:00,,,46665624.35492461,46665624.354924604 
 05/11  24:00:00,,,34534949.28531771,34534949.28531771 
 05/12  01:00:00,,,19392136.05934588,19392136.05934588 
 05/12  02:00:00,,,22024924.896269437,22024924.896269433 
 05/12  03:00:00,,,19552046.56087343,19552046.56087343 
 05/12  04:00:00,,,19515360.329981335,19515360.329981335 
 05/12  05:00:00,,,17915609.233941194,17915609.23394119 
 05/12  06:00:00,,,11687129.631098561,11687129.631098561 
 05/12  07:00:00,,,16692669.25754213,16692669.25754213 
 05/12  08:00:00,,,42848464.64890744,42848464.64890744 
 05/12  09:00:00,,,116839402.40355285,116839402.4035528 
 05/12  10:00:00,,,169168905.7486388,169168905.74863872 
 05/12  11:00:00,,,174549608.04313847,174549608.04313847 
 05/12  12:00:00,,,172141620.79185942,172141620.7918594 
 05/12  13:00:00,,,171367563.79210144,171367563.79210144 
 05/12  14:00:00,,,174765995.07052603,174765995.07052603 
 05/12  15:00:00,,,171719744.5460788,171719744.54607877 
 05/12  16:00:00,,,168473245.5458791,168473245.5458791 
 05/12  17:00:00,,,174533476.310416,174533476.310416 
 05/12  18:00:00,,,169449309.13541943,169449309.13541943 
 05/12  19:00:00,,,170760409.37629548,170760409.37629548 
 05/12  20:00:00,,,130177344.97816853,130177344.97816852 
 05/12  21:00:00,,,70210484.38065356,70210484.38065356 
 05/12  22:00:00,,,64620822.5570873,64620822.5570873 
 05/12  23:00:00,,,56551546.434011936,56551546.43401193 
 05/12  24:00:00,,,40022899.39119389,40022899.39119389 
 05/13  01:00:00,,,18961614.619164564,18961614.619164564 
 05/13  02:00:00,,,22699674.91348394,22699674.91348394 
 05/13  03:00:00,,,19167673.96708496,19167673.96708496 
 05/13  04:00:00,,,20472153.267251894,20472153.267251894 
 05/13  05:00:00,,,18984898.54931035,18984898.54931035 
 05/13  06:00:00,,,11597476.674587501,11597476.674587501 
 05/13  07:00:00,,,13690977.5619464,13690977.5619464 
 05/13  08:00:00,,,41307224.43967311,41307224.43967311 
 05/13  09:00:00,,,119029108.48585537,119029108.4858554 
 05/13  10:00:00,,,170404599.7831225,170404599.7831225 
 05/13  11:00:00,,,173576861.3299217,173576861.3299217 
 05/13  12:00:00,,,170138193.1787802,170138193.17878017 
 05/13  13:00:00,,,174902141.2246789,174902141.22467887 
 05/13  14:00:00,,,174666923.8550477,174666923.8550477 
 05/13  15:00:00,,,174493220.4883038,174493220.48830378 
 05/13  16:00:00,,,170520169.82491556,170520169.82491553 
 05/13  17:00:00,,,173269694.80440333,173269694.80440333 
 05/13  18:00:00,,,121045975.51959662,121045975.5195966 
 05/13  19:00:00,,,51241898.20637503,51241898.206375025 
 05/13  20:00:00,,,60038543.46279587,60038543.46279587 
 05/13  21:00:00,,,68789581.24417368,68789581.24417368 
 05/13  22:00:00,,,64795113.91351107,64795113.91351107 
 05/13  23:00:00,,,63584717.99647319,63584717.99647319 
 05/13  24:00:00,,,19038853.47789947,19038853.477899466 
 05/14  01:00:00,,,18939062.878957365,18939062.87895736 
 05/14  02:00:00,,,24261145.40771114,24261145.407711137 
 05/14  03:00:00,,,21874646.61744554,21874646.617445536 
 05/14  04:00:00,,,20573824.542063963,20573824.542063963 
 05/14  05:00:00,,,16400148.445441293,16400148.44544129 
 05/14  06:00:00,,,10599341.230399739,10599341.230399739 
 05/14  07:00:00,,,10458181.476895608,10458181.476895606 
 05/14  08:00:00,,,18850859.041455906,18850859.041455906 
 05/14  09:00:00,,,66479709.101798736,66479709.10179874 
 05/14  10:00:00,,,131473908.87353805,131473908.87353802 
 05/14  11:00:00,,,169223698.4006076,169223698.4006076 
 05/14  12:00:00,,,173130795.007757,173130795.007757 
 05/14  13:00:00,,,168718719.83177,168718719.83176997 
 05/14  14:00:00,,,172046972.70062208,172046972.70062208 
 05/14  15:00:00,,,168161146.83360025,168161146.83360022 
 05/14  16:00:00,,,171957770.9376463,171957770.93764627 
 05/14  17:00:00,,,117173866.82396485,117173866.8239648 
 05/14  18:00:00,,,48107013.1599298,48107013.15992979 
 05/14  19:00:00,,,54585946.45641037,54585946.45641036 
 05/14  20:00:00,,,58595485.40257063,58595485.40257062 
 05/14  21:00:00,,,67406771.89920634,67406771.89920634 
 05/14  22:00:00,,,64675444.35715393,64675444.35715393 
 05/14  23:00:00,,,47884130.349787295,47884130.349787295 
 05/14  24:00:00,,,18925728.959226176,18925728.959226172 
 05/15  01:00:00,,,18904985.92580552,18904985.92580552 
 05/15  02:00:00,,,20222821.201831788,20222821.20183178 
 05/15  03:00:00,,,24223089.040812913,24223089.040812913 
 05/15  04:00:00,,,19199416.871896885,19199416.871896885 
 05/15  05:00:00,,,15862581.03832424,15862581.038324239 
 05/15  06:00:00,,,10034597.226397788,10034597.226397788 
 05/15  07:00:00,,,14538764.831719179,14538764.831719179 
 05/15  08:00:00,,,42439536.90152739,42439536.90152739 
 05/15  09:00:00,,,116904213.27927572,116904213.27927573 
 05/15  10:00:00,,,167019666.29194167,167019666.29194164 
 05/15  11:00:00,,,173126209.58381408,173126209.58381405 
 05/15  12:00:00,,,170713658.73908246,170713658.73908243 
 05/15  13:00:00,,,170787125.44816077,170787125.44816074 
 05/15  14:00:00,,,173320007.40490815,173320007.40490812 
 05/15  15:00:00,,,170719382.29286465,170719382.29286462 
 05/15  16:00:00,,,170887060.72018152,170887060.7201815 
 05/15  17:00:00,,,174084026.3237845,174084026.32378447 
 05/15  18:00:00,,,171019027.4708006,171019027.4708006 
 05/15  19:00:00,,,171276357.3686225,171276357.36862248 
 05/15  20:00:00,,,130010486.78748071,130010486.78748071 
 05/15  21:00:00,,,69473779.99225028,69473779.99225026 
 05/15  22:00:00,,,68144339.19706605,68144339.19706607 
 05/15  23:00:00,,,46643961.00905558,46643961.00905557 
 05/15  24:00:00,,,19012557.05619138,19012557.056191377 
 05/16  01:00:00,,,19025944.78981089,19025944.78981089 
 05/16  02:00:00,,,21650865.387543418,21650865.387543425 
 05/16  03:00:00,,,20665392.78309169,20665392.783091687 
 05/16  04:00:00,,,20731480.82001592,20731480.82001592 
 05/16  05:00:00,,,18730207.26681333,18730207.26681333 
 05/16  06:00:00,,,10384089.01327605,10384089.01327605 
 05/16  07:00:00,,,13754939.766144736,13754939.766144732 
 05/16  08:00:00,,,43046514.89466168,43046514.89466167 
 05/16  09:00:00,,,116710779.6938881,116710779.6938881 
 05/16  10:00:00,,,172708353.50992462,172708353.5099246 
 05/16  11:00:00,,,170713795.74382263,170713795.74382263 
 05/16  12:00:00,,,174821976.34532022,174821976.34532022 
 05/16  13:00:00,,,172996876.2120312,172996876.21203116 
 05/16  14:00:00,,,173803493.3520409,173803493.3520409 
 05/16  15:00:00,,,169669807.4771108,169669807.4771108 
 05/16  16:00:00,,,173501656.84915194,173501656.8491519 
 05/16  17:00:00,,,168577563.6045554,168577563.60455537 
 05/16  18:00:00,,,173339036.98527426,173339036.98527426 
 05/16  19:00:00,,,172273629.3727779,172273629.3727779 
 05/16  20:00:00,,,124874528.9084089,124874528.90840891 
 05/16  21:00:00,,,70354813.20677386,70354813.20677385 
 05/16  22:00:00,,,63441052.49372472,63441052.49372472 
 05/16  23:00:00,,,49135960.76528993,49135960.76528993 
 05/16  24:00:00,,,21438699.014820233,21438699.014820233 
 05/17  01:00:00,,,18882934.006855465,18882934.006855465 
 05/17  02:00:00,,,21508634.380163908,21508634.3801639 
 05/17  03:00:00,,,20622625.19564636,20622625.19564636 
 05/17  04:00:00,,,19465509.52104625,19465509.52104625 
 05/17  05:00:00,,,15062832.348583076,15062832.348583076 
 05/17  06:00:00,,,10334448.83072316,10334448.83072316 
 05/17  07:00:00,,,18458893.601976965,18458893.601976965 
 05/17  08:00:00,,,43985908.9561021,43985908.95610209 
 05/17  09:00:00,,,113990074.18050613,113990074.18050613 
 05/17  10:00:00,,,167311126.22819078,167311126.22819075 
 05/17  11:00:00,,,173237964.6499707,173237964.64997068 
 05/17  12:00:00,,,173270268.99293393,173270268.9929339 
 05/17  13:00:00,,,168059422.77736473,168059422.7773647 
 05/17  14:00:00,,,173407107.47705147,173407107.47705144 
 05/17  15:00:00,,,173261146.5330828,173261146.53308278 
 05/17  16:00:00,,,168405894.26543424,168405894.2654342 
 05/17  17:00:00,,,173014040.85708725,173014040.8570872 
 05/17  18:00:00,,,173251061.5852608,173251061.58526075 
 05/17  19:00:00,,,166909023.1314187,166909023.1314187 
 05/17  20:00:00,,,128958627.56479713,128958627.56479713 
 05/17  21:00:00,,,68856875.60096276,68856875.60096276 
 05/17  22:00:00,,,64370469.96400309,64370469.96400309 
 05/17  23:00:00,,,47436808.04916826,47436808.04916826 
 05/17  24:00:00,,,18879320.4037272,18879320.4037272 
 05/18  01:00:00,,,18771321.451500002,18771321.4515 
 05/18  02:00:00,,,23778729.6593354,23778729.659335397 
 05/18  03:00:00,,,20047213.154280823,20047213.154280823 
 05/18  04:00:00,,,20049456.67027414,20049456.67027414 
 05/18  05:00:00,,,14281170.849211257,14281170.849211255 
 05/18  06:00:00,,,9725204.488616323,9725204.488616321 
 05/18  07:00:00,,,14392682.219593734,14392682.219593734 
 05/18  08:00:00,,,42219452.56143861,42219452.56143861 
 05/18  09:00:00,,,116637335.8514792,116637335.8514792 
 05/18  10:00:00,,,166889097.59724978,166889097.59724975 
 05/18  11:00:00,,,173233233.3691969,173233233.36919686 
 05/18  12:00:00,,,169445040.00700486,169445040.0070048 
 05/18  13:00:00,,,172010965.24229547,172010965.24229544 
 05/18  14:00:00,,,173283885.1802631,173283885.18026307 
 05/18  15:00:00,,,172881950.74862587,172881950.74862587 
 05/18  16:00:00,,,168544636.69690692,168544636.69690686 
 05/18  17:00:00,,,173249036.53151676,173249036.53151673 
 05/18  18:00:00,,,170528736.6288491,170528736.62884906 
 05/18  19:00:00,,,170882917.83743337,170882917.83743334 
 05/18  20:00:00,,,125020325.44103633,125020325.4410363 
 05/18  21:00:00,,,68946363.56076534,68946363.56076534 
 05/18  22:00:00,,,67027211.91818403,67027211.91818402 
 05/18  23:00:00,,,47401834.784474894,47401834.784474894 
 05/18  24:00:00,,,30135242.818653833,30135242.818653833 
 05/19  01:00:00,,,20130958.20261429,20130958.20261429 
 05/19  02:00:00,,,18771321.451500002,18771321.4515 
 05/19  03:00:00,,,20023017.569283195,20023017.569283195 
 05/19  04:00:00,,,20023086.793962814,20023086.79396281 
 05/19  05:00:00,,,19232215.383489788,19232215.383489788 
 05/19  06:00:00,,,9678675.4515,9678675.4515 
 05/19  07:00:00,,,13101441.768688302,13101441.768688302 
 05/19  08:00:00,,,40360473.06077724,40360473.06077725 
 05/19  09:00:00,,,114066605.15278123,114066605.15278125 
 05/19  10:00:00,,,170773556.31100166,170773556.31100163 
 05/19  11:00:00,,,169428640.12531704,169428640.125317 
 05/19  12:00:00,,,171994036.37049162,171994036.37049162 
 05/19  13:00:00,,,173289193.09881163,173289193.0988116 
 05/19  14:00:00,,,169475213.16934362,169475213.1693436 
 05/19  15:00:00,,,173468012.09641647,173468012.09641644 
 05/19  16:00:00,,,171975176.17058325,171975176.17058322 
 05/19  17:00:00,,,169439056.63945034,169439056.6394503 
 05/19  18:00:00,,,171876432.33138132,171876432.3313813 
 05/19  19:00:00,,,168494904.7329258,168494904.73292577 
 05/19  20:00:00,,,127549759.67435856,127549759.67435852 
 05/19  21:00:00,,,70610374.86518633,70610374.86518632 
 05/19  22:00:00,,,64770612.03724097,64770612.03724095 
 05/19  23:00:00,,,53936599.62483336,53936599.62483336 
 05/19  24:00:00,,,40814441.623341344,40814441.62334134 
 05/20  01:00:00,,,22347496.065054066,22347496.065054066 
 05/20  02:00:00,,,19057986.847810086,19057986.847810082 
 05/20  03:00:00,,,20022953.716015622,20022953.716015622 
 05/20  04:00:00,,,20023042.276800293,20023042.276800293 
 05/20  05:00:00,,,15476620.908060955,15476620.908060953 
 05/20  06:00:00,,,10930534.805477384,10930534.805477383 
 05/20  07:00:00,,,13101441.768688302,13101441.768688302 
 05/20  08:00:00,,,40183272.650914095,40183272.650914095 
 05/20  09:00:00,,,117116307.00531222,117116307.00531219 
 05/20  10:00:00,,,166926484.70932788,166926484.70932785 
 05/20  11:00:00,,,170701225.8686376,170701225.86863756 
 05/20  12:00:00,,,169436962.41497734,169436962.4149773 
 05/20  13:00:00,,,173283471.06781048,173283471.06781042 
 05/20  14:00:00,,,175722690.76635718,175722690.76635715 
 05/20  15:00:00,,,175545402.36913842,175545402.3691384 
 05/20  16:00:00,,,177987983.23940527,177987983.23940524 
 05/20  17:00:00,,,181298766.91756004,181298766.91756 
 05/20  18:00:00,,,122981950.46617232,122981950.46617228 
 05/20  19:00:00,,,52427754.25378964,52427754.25378964 
 05/20  20:00:00,,,60117438.19648002,60117438.19648002 
 05/20  21:00:00,,,70613658.39391373,70613658.3939137 
 05/20  22:00:00,,,64853071.406774774,64853071.40677477 
 05/20  23:00:00,,,64878045.61778718,64878045.61778718 
 05/20  24:00:00,,,18879320.4037272,18879320.4037272 
 05/21  01:00:00,,,18771321.451500002,18771321.4515 
 05/21  02:00:00,,,20022880.813116793,20022880.81311679 
 05/21  03:00:00,,,18771321.451500002,18771321.4515 
 05/21  04:00:00,,,22526306.944551256,22526306.944551256 
 05/21  05:00:00,,,16728472.015656801,16728472.0156568 
 05/21  06:00:00,,,9678675.4515,9678675.4515 
 05/21  07:00:00,,,10930345.597695474,10930345.597695472 
 05/21  08:00:00,,,17011925.442447804,17011925.442447804 
 05/21  09:00:00,,,60012477.403062865,60012477.403062865 
 05/21  10:00:00,,,129517811.39605492,129517811.39605486 
 05/21  11:00:00,,,173248526.5730763,173248526.57307628 
 05/21  12:00:00,,,168755003.39357403,168755003.393574 
 05/21  13:00:00,,,184399958.63525122,184399958.6352512 
 05/21  14:00:00,,,185203411.61392334,185203411.6139233 
 05/21  15:00:00,,,196299607.10035136,196299607.10035133 
 05/21  16:00:00,,,193425616.8041208,193425616.80412075 
 05/21  17:00:00,,,140457949.27441764,140457949.27441758 
 05/21  18:00:00,,,64580240.7702358,64580240.77023581 
 05/21  19:00:00,,,54136820.04132879,54136820.04132879 
 05/21  20:00:00,,,59332604.914091714,59332604.914091706 
 05/21  21:00:00,,,69716965.79229304,69716965.79229303 
 05/21  22:00:00,,,64037660.58577764,64037660.58577764 
 05/21  23:00:00,,,51695877.92746159,51695877.92746159 
 05/21  24:00:00,,,21382262.995938454,21382262.995938458 
 05/22  01:00:00,,,18771321.451500002,18771321.4515 
 05/22  02:00:00,,,18771321.451500002,18771321.4515 
 05/22  03:00:00,,,20022928.059815977,20022928.059815977 
 05/22  04:00:00,,,18771321.451500002,18771321.4515 
 05/22  05:00:00,,,14224998.4515,14224998.451499999 
 05/22  06:00:00,,,9678675.4515,9678675.4515 
 05/22  07:00:00,,,18107837.79056551,18107837.79056551 
 05/22  08:00:00,,,43246441.66194308,43246441.66194308 
 05/22  09:00:00,,,112573921.42386702,112573921.42386699 
 05/22  10:00:00,,,168220014.1587097,168220014.15870965 
 05/22  11:00:00,,,170769839.02063164,170769839.0206316 
 05/22  12:00:00,,,173569021.8360024,173569021.8360024 
 05/22  13:00:00,,,170900152.8930609,170900152.89306086 
 05/22  14:00:00,,,171799518.42232993,171799518.42232993 
 05/22  15:00:00,,,173076261.10055223,173076261.10055223 
 05/22  16:00:00,,,170025458.0524528,170025458.05245277 
 05/22  17:00:00,,,170725843.75581107,170725843.75581107 
 05/22  18:00:00,,,173250415.09213793,173250415.09213793 
 05/22  19:00:00,,,169437417.4275636,169437417.42756355 
 05/22  20:00:00,,,126323827.31514418,126323827.31514418 
 05/22  21:00:00,,,70103450.85364875,70103450.85364875 
 05/22  22:00:00,,,63138222.75652756,63138222.75652755 
 05/22  23:00:00,,,47397602.19268654,47397602.19268654 
 05/22  24:00:00,,,20131048.947862774,20131048.947862774 
 05/23  01:00:00,,,20023001.596701108,20023001.596701104 
 05/23  02:00:00,,,20023036.770363063,20023036.770363063 
 05/23  03:00:00,,,22526222.332446687,22526222.332446687 
 05/23  04:00:00,,,18771321.451500002,18771321.4515 
 05/23  05:00:00,,,14224998.4515,14224998.451499999 
 05/23  06:00:00,,,9678675.4515,9678675.4515 
 05/23  07:00:00,,,14354722.996810235,14354722.996810235 
 05/23  08:00:00,,,44531578.241714574,44531578.241714574 
 05/23  09:00:00,,,112633521.78133294,112633521.78133294 
 05/23  10:00:00,,,169418404.28055456,169418404.28055453 
 05/23  11:00:00,,,169424286.96226498,169424286.96226498 
 05/23  12:00:00,,,171999530.9196898,171999530.91968974 
 05/23  13:00:00,,,173285437.923596,173285437.92359596 
 05/23  14:00:00,,,173281804.86206928,173281804.86206922 
 05/23  15:00:00,,,169443930.8560737,169443930.85607365 
 05/23  16:00:00,,,171974890.24545383,171974890.2454538 
 05/23  17:00:00,,,170710587.90159035,170710587.9015903 
 05/23  18:00:00,,,170708834.1625246,170708834.16252458 
 05/23  19:00:00,,,171973030.46756858,171973030.46756855 
 05/23  20:00:00,,,125019897.3108865,125019897.31088647 
 05/23  21:00:00,,,68917310.20577118,68917310.20577118 
 05/23  22:00:00,,,63345865.66405084,63345865.66405084 
 05/23  23:00:00,,,49890456.53832455,49890456.538324535 
 05/23  24:00:00,,,21390920.987636864,21390920.987636864 
 05/24  01:00:00,,,18771321.451500002,18771321.4515 
 05/24  02:00:00,,,20022845.82140465,20022845.82140465 
 05/24  03:00:00,,,20022943.321175933,20022943.321175933 
 05/24  04:00:00,,,18771321.451500002,18771321.4515 
 05/24  05:00:00,,,12709557.4515,12709557.451499999 
 05/24  06:00:00,,,10955227.720798828,10955227.720798828 
 05/24  07:00:00,,,18111369.970241223,18111369.97024122 
 05/24  08:00:00,,,42001032.25572136,42001032.25572136 
 05/24  09:00:00,,,112648779.61227536,112648779.61227532 
 05/24  10:00:00,,,166560662.24681956,166560662.24681953 
 05/24  11:00:00,,,173562369.1656913,173562369.1656913 
 05/24  12:00:00,,,171992706.27734154,171992706.2773415 
 05/24  13:00:00,,,168180331.99719927,168180331.99719924 
 05/24  14:00:00,,,174558489.81645438,174558489.81645438 
 05/24  15:00:00,,,174532304.62091115,174532304.6209111 
 05/24  16:00:00,,,165627981.41171208,165627981.41171205 
 05/24  17:00:00,,,174520494.2040364,174520494.2040364 
 05/24  18:00:00,,,171979199.47514477,171979199.47514474 
 05/24  19:00:00,,,168171996.82211208,168171996.82211202 
 05/24  20:00:00,,,125585271.83322343,125585271.83322337 
 05/24  21:00:00,,,68848935.54172027,68848935.54172027 
 05/24  22:00:00,,,63184034.118793696,63184034.118793696 
 05/24  23:00:00,,,48841029.7696438,48841029.7696438 
 05/24  24:00:00,,,18879320.4037272,18879320.4037272 
 05/25  01:00:00,,,18801787.942350194,18801787.942350194 
 05/25  02:00:00,,,18803852.822561182,18803852.822561182 
 05/25  03:00:00,,,23812392.604758292,23812392.604758292 
 05/25  04:00:00,,,18807745.064875074,18807745.064875074 
 05/25  05:00:00,,,13999392.21263615,13999392.21263615 
 05/25  06:00:00,,,12242704.370443337,12242704.370443335 
 05/25  07:00:00,,,13145415.869744407,13145415.869744407 
 05/25  08:00:00,,,40851659.123751864,40851659.123751864 
 05/25  09:00:00,,,115691761.50598389,115691761.50598387 
 05/25  10:00:00,,,170897569.11963564,170897569.11963564 
 05/25  11:00:00,,,168321393.31217903,168321393.31217903 
 05/25  12:00:00,,,172423752.20640853,172423752.20640853 
 05/25  13:00:00,,,172304111.7777911,172304111.77779114 
 05/25  14:00:00,,,174783418.0455144,174783418.0455144 
 05/25  15:00:00,,,169575091.65560746,169575091.65560746 
 05/25  16:00:00,,,170796766.73562485,170796766.73562482 
 05/25  17:00:00,,,173338408.67463684,173338408.67463684 
 05/25  18:00:00,,,169468262.5369184,169468262.53691837 
 05/25  19:00:00,,,172002811.57279485,172002811.57279485 
 05/25  20:00:00,,,120956044.5107733,120956044.51077329 
 05/25  21:00:00,,,68430061.77819782,68430061.77819781 
 05/25  22:00:00,,,68177114.46789011,68177114.46789011 
 05/25  23:00:00,,,48788642.16762471,48788642.16762471 
 05/25  24:00:00,,,30265097.999177422,30265097.999177422 
 05/26  01:00:00,,,18904564.232081905,18904564.232081905 
 05/26  02:00:00,,,18802020.225701965,18802020.225701965 
 05/26  03:00:00,,,21306306.688226506,21306306.688226506 
 05/26  04:00:00,,,20053905.19868799,20053905.198687986 
 05/26  05:00:00,,,12744121.8431326,12744121.843132596 
 05/26  06:00:00,,,12213174.356998686,12213174.356998686 
 05/26  07:00:00,,,15633699.695482943,15633699.695482941 
 05/26  08:00:00,,,40300899.22655831,40300899.22655831 
 05/26  09:00:00,,,113929158.04300444,113929158.04300442 
 05/26  10:00:00,,,168321750.6105988,168321750.61059877 
 05/26  11:00:00,,,169465776.41162834,169465776.4116283 
 05/26  12:00:00,,,173275610.99584106,173275610.995841 
 05/26  13:00:00,,,172011935.78717262,172011935.78717262 
 05/26  14:00:00,,,171953069.95888758,171953069.95888752 
 05/26  15:00:00,,,171757890.97400653,171757890.97400647 
 05/26  16:00:00,,,170987156.1683046,170987156.1683046 
 05/26  17:00:00,,,169437178.76016515,169437178.76016513 
 05/26  18:00:00,,,173247971.32532662,173247971.32532656 
 05/26  19:00:00,,,170704427.6626222,170704427.66262218 
 05/26  20:00:00,,,121715527.2840967,121715527.28409666 
 05/26  21:00:00,,,70102820.79469979,70102820.79469977 
 05/26  22:00:00,,,64346931.33928243,64346931.33928243 
 05/26  23:00:00,,,54908042.67214022,54908042.67214021 
 05/26  24:00:00,,,39681255.042979024,39681255.042979024 
 05/27  01:00:00,,,21382981.347863898,21382981.347863898 
 05/27  02:00:00,,,20047656.30974193,20047656.30974193 
 05/27  03:00:00,,,21306298.263179336,21306298.263179336 
 05/27  04:00:00,,,18799564.253763504,18799564.253763504 
 05/27  05:00:00,,,13992922.79433075,13992922.79433075 
 05/27  06:00:00,,,9715694.701666614,9715694.701666612 
 05/27  07:00:00,,,14374999.808899932,14374999.808899932 
 05/27  08:00:00,,,41489327.51768487,41489327.51768487 
 05/27  09:00:00,,,115027273.45192152,115027273.45192146 
 05/27  10:00:00,,,167790280.4767872,167790280.47678718 
 05/27  11:00:00,,,171959976.10013345,171959976.10013345 
 05/27  12:00:00,,,169497266.7939505,169497266.79395047 
 05/27  13:00:00,,,186866493.22786242,186866493.2278624 
 05/27  14:00:00,,,193686651.67607632,193686651.67607632 
 05/27  15:00:00,,,191709630.3254352,191709630.32543513 
 05/27  16:00:00,,,203121398.61884052,203121398.6188405 
 05/27  17:00:00,,,200862361.88912708,200862361.88912708 
 05/27  18:00:00,,,137623381.83112326,137623381.83112323 
 05/27  19:00:00,,,56488145.532587394,56488145.53258738 
 05/27  20:00:00,,,53773288.51381438,53773288.51381438 
 05/27  21:00:00,,,72154076.21388803,72154076.21388802 
 05/27  22:00:00,,,66488339.841433704,66488339.84143369 
 05/27  23:00:00,,,65069315.877149925,65069315.87714991 
 05/27  24:00:00,,,20130873.59664744,20130873.59664744 
 05/28  01:00:00,,,21274419.462072402,21274419.462072402 
 05/28  02:00:00,,,18771321.451500002,18771321.4515 
 05/28  03:00:00,,,18771321.451500002,18771321.4515 
 05/28  04:00:00,,,18771321.451500002,18771321.4515 
 05/28  05:00:00,,,13961241.767412206,13961241.767412204 
 05/28  06:00:00,,,12182039.578293769,12182039.578293769 
 05/28  07:00:00,,,10930341.544194402,10930341.5441944 
 05/28  08:00:00,,,19522902.292379215,19522902.29237921 
 05/28  09:00:00,,,60011318.89213833,60011318.89213835 
 05/28  10:00:00,,,128254596.9993521,128254596.99935204 
 05/28  11:00:00,,,173293457.47579712,173293457.47579706 
 05/28  12:00:00,,,167697506.1486376,167697506.1486376 
 05/28  13:00:00,,,181564865.93787482,181564865.93787476 
 05/28  14:00:00,,,181779534.96042,181779534.96041995 
 05/28  15:00:00,,,190615120.5203881,190615120.52038807 
 05/28  16:00:00,,,182909432.04676583,182909432.0467658 
 05/28  17:00:00,,,130074055.60804197,130074055.60804193 
 05/28  18:00:00,,,54732176.182052836,54732176.182052836 
 05/28  19:00:00,,,53193998.659950756,53193998.65995075 
 05/28  20:00:00,,,54764909.64211242,54764909.64211242 
 05/28  21:00:00,,,68326868.55487002,68326868.55487002 
 05/28  22:00:00,,,63879668.8051866,63879668.80518659 
 05/28  23:00:00,,,47840846.81517371,47840846.81517371 
 05/28  24:00:00,,,20130776.76120246,20130776.76120246 
 05/29  01:00:00,,,22526031.93427676,22526031.934276756 
 05/29  02:00:00,,,20022910.433508325,20022910.433508325 
 05/29  03:00:00,,,20022900.37785148,20022900.37785148 
 05/29  04:00:00,,,18771321.451500002,18771321.4515 
 05/29  05:00:00,,,12709557.4515,12709557.451499999 
 05/29  06:00:00,,,10930386.397434263,10930386.39743426 
 05/29  07:00:00,,,9678675.4515,9678675.4515 
 05/29  08:00:00,,,18267368.721885495,18267368.721885495 
 05/29  09:00:00,,,63766177.87575853,63766177.875758536 
 05/29  10:00:00,,,130774409.6093391,130774409.60933907 
 05/29  11:00:00,,,166891562.3997555,166891562.39975548 
 05/29  12:00:00,,,172901979.8951657,172901979.8951657 
 05/29  13:00:00,,,169676874.28011602,169676874.280116 
 05/29  14:00:00,,,181486608.43654275,181486608.43654275 
 05/29  15:00:00,,,189833631.24355197,189833631.24355197 
 05/29  16:00:00,,,196949811.100804,196949811.10080397 
 05/29  17:00:00,,,138502101.93736476,138502101.93736473 
 05/29  18:00:00,,,63872223.12377788,63872223.12377787 
 05/29  19:00:00,,,58015021.179466754,58015021.17946677 
 05/29  20:00:00,,,59046929.84152601,59046929.84152601 
 05/29  21:00:00,,,72022441.4091491,72022441.40914908 
 05/29  22:00:00,,,65269068.58579627,65269068.58579627 
 05/29  23:00:00,,,47860860.5698556,47860860.56985559 
 05/29  24:00:00,,,18879320.4037272,18879320.4037272 
 05/30  01:00:00,,,18771321.451500002,18771321.4515 
 05/30  02:00:00,,,18771321.451500002,18771321.4515 
 05/30  03:00:00,,,20022907.822512057,20022907.822512053 
 05/30  04:00:00,,,19308182.38454017,19308182.384540167 
 05/30  05:00:00,,,18430612.16620114,18430612.166201137 
 05/30  06:00:00,,,9678675.4515,9678675.4515 
 05/30  07:00:00,,,14354316.183957461,14354316.183957461 
 05/30  08:00:00,,,40735648.6150076,40735648.6150076 
 05/30  09:00:00,,,112540732.01404142,112540732.01404141 
 05/30  10:00:00,,,178724387.38172847,178724387.3817284 
 05/30  11:00:00,,,194741994.33670992,194741994.33670986 
 05/30  12:00:00,,,213572907.46262062,213572907.46262062 
 05/30  13:00:00,,,220514567.54415265,220514567.54415268 
 05/30  14:00:00,,,185610559.5430761,185610559.5430761 
 05/30  15:00:00,,,173069137.63377255,173069137.63377252 
 05/30  16:00:00,,,169088088.4045681,169088088.40456805 
 05/30  17:00:00,,,171244816.42101917,171244816.42101917 
 05/30  18:00:00,,,171976861.60085154,171976861.60085154 
 05/30  19:00:00,,,169433657.11292014,169433657.11292014 
 05/30  20:00:00,,,122979484.99042422,122979484.99042416 
 05/30  21:00:00,,,69730394.67752096,69730394.67752096 
 05/30  22:00:00,,,66274186.22540225,66274186.22540225 
 05/30  23:00:00,,,47766845.35228324,47766845.35228324 
 05/30  24:00:00,,,20130838.117611356,20130838.117611352 
 05/31  01:00:00,,,18771321.451500002,18771321.4515 
 05/31  02:00:00,,,20022903.461707078,20022903.461707078 
 05/31  03:00:00,,,21274478.857564203,21274478.857564203 
 05/31  04:00:00,,,18771321.451500002,18771321.4515 
 05/31  05:00:00,,,13961066.005982239,13961066.005982239 
 05/31  06:00:00,,,10930272.24073462,10930272.240734618 
 05/31  07:00:00,,,14354554.773129229,14354554.773129227 
 05/31  08:00:00,,,41992839.21697772,41992839.21697772 
 05/31  09:00:00,,,112542875.55581328,112542875.55581327 
 05/31  10:00:00,,,171939549.99305677,171939549.9930567 
 05/31  11:00:00,,,168159352.53732398,168159352.53732395 
 05/31  12:00:00,,,171990379.99184492,171990379.99184486 
 05/31  13:00:00,,,175232639.94387463,175232639.94387457 
 05/31  14:00:00,,,177105764.48934877,177105764.4893487 
 05/31  15:00:00,,,181018877.7041922,181018877.7041921 
 05/31  16:00:00,,,186904145.34052205,186904145.340522 
 05/31  17:00:00,,,184935250.43419254,184935250.4341925 
 05/31  18:00:00,,,189824264.4386108,189824264.4386108 
 05/31  19:00:00,,,180234973.87909478,180234973.87909478 
 05/31  20:00:00,,,122048321.52903673,122048321.5290367 
 05/31  21:00:00,,,69824578.91613801,69824578.91613801 
 05/31  22:00:00,,,64845848.258254945,64845848.25825493 
 05/31  23:00:00,,,46960823.92335153,46960823.92335153 
 05/31  24:00:00,69651617376.65431,26100337423.983532,21382026.386852298,21382026.386852294 
 06/01  01:00:00,,,22525836.440237686,22525836.440237686 
 06/01  02:00:00,,,18771321.451500002,18771321.4515 
 06/01  03:00:00,,,20022863.203739762,20022863.203739762 
 06/01  04:00:00,,,18771321.451500002,18771321.4515 
 06/01  05:00:00,,,13961120.318710474,13961120.318710474 
 06/01  06:00:00,,,9678675.4515,9678675.4515 
 06/01  07:00:00,,,13101441.768688302,13101441.768688302 
 06/01  08:00:00,,,44497460.34886443,44497460.34886443 
 06/01  09:00:00,,,115055272.24796231,115055272.2479623 
 06/01  10:00:00,,,168264747.50095627,168264747.50095624 
 06/01  11:00:00,,,185417618.0508562,185417618.05085617 
 06/01  12:00:00,,,188481400.31692785,188481400.31692782 
 06/01  13:00:00,,,200324073.10039088,200324073.10039082 
 06/01  14:00:00,,,207218395.58290756,207218395.58290753 
 06/01  15:00:00,,,205711851.68128908,205711851.68128902 
 06/01  16:00:00,,,207236267.9744075,207236267.9744075 
 06/01  17:00:00,,,210602231.34669498,210602231.34669495 
 06/01  18:00:00,,,201003849.2689715,201003849.26897147 
 06/01  19:00:00,,,198599748.17887184,198599748.1788718 
 06/01  20:00:00,,,126624128.36806451,126624128.36806446 
 06/01  21:00:00,,,77877763.95316121,77877763.9531612 
 06/01  22:00:00,,,65558370.74239686,65558370.742396854 
 06/01  23:00:00,,,51813319.04627236,51813319.04627235 
 06/01  24:00:00,,,31722491.04483694,31722491.04483694 
 06/02  01:00:00,,,18879320.4037272,18879320.4037272 
 06/02  02:00:00,,,18771321.451500002,18771321.4515 
 06/02  03:00:00,,,18771321.451500002,18771321.4515 
 06/02  04:00:00,,,18771321.451500002,18771321.4515 
 06/02  05:00:00,,,15212694.861207392,15212694.861207392 
 06/02  06:00:00,,,10930208.08244812,10930208.08244812 
 06/02  07:00:00,,,16855951.791310266,16855951.791310266 
 06/02  08:00:00,,,41434721.82479126,41434721.82479126 
 06/02  09:00:00,,,110895868.25126018,110895868.25126016 
 06/02  10:00:00,,,186692736.02595186,186692736.02595183 
 06/02  11:00:00,,,198577075.60139024,198577075.60139018 
 06/02  12:00:00,,,209432931.50548327,209432931.5054832 
 06/02  13:00:00,,,211929185.32823434,211929185.32823431 
 06/02  14:00:00,,,216611270.69567466,216611270.6956746 
 06/02  15:00:00,,,216746380.3570772,216746380.3570772 
 06/02  16:00:00,,,213407871.89871424,213407871.8987142 
 06/02  17:00:00,,,214482994.58273828,214482994.58273828 
 06/02  18:00:00,,,209230546.71634,209230546.71633995 
 06/02  19:00:00,,,201821026.39444798,201821026.39444795 
 06/02  20:00:00,,,134089118.92993328,134089118.92993322 
 06/02  21:00:00,,,83517557.8717539,83517557.8717539 
 06/02  22:00:00,,,71825255.92145383,71825255.92145383 
 06/02  23:00:00,,,56483269.47389881,56483269.47389881 
 06/02  24:00:00,,,41511658.886458926,41511658.88645891 
 06/03  01:00:00,,,20130744.432939675,20130744.432939675 
 06/03  02:00:00,,,18771321.451500002,18771321.4515 
 06/03  03:00:00,,,20022758.856458105,20022758.8564581 
 06/03  04:00:00,,,20022790.586274534,20022790.58627453 
 06/03  05:00:00,,,16464048.064841565,16464048.064841567 
 06/03  06:00:00,,,9678675.4515,9678675.4515 
 06/03  07:00:00,,,13101442.2253653,13101442.2253653 
 06/03  08:00:00,,,41442531.0367293,41442531.0367293 
 06/03  09:00:00,,,117070804.71293107,117070804.71293104 
 06/03  10:00:00,,,192430276.0507023,192430276.05070227 
 06/03  11:00:00,,,201015507.65399024,201015507.65399015 
 06/03  12:00:00,,,211468631.7491046,211468631.74910456 
 06/03  13:00:00,,,215306484.3720663,215306484.37206626 
 06/03  14:00:00,,,215581159.24397928,215581159.24397925 
 06/03  15:00:00,,,216987005.19165894,216987005.1916589 
 06/03  16:00:00,,,215075324.4614306,215075324.46143055 
 06/03  17:00:00,,,213116741.3733659,213116741.37336588 
 06/03  18:00:00,,,152942151.075316,152942151.07531598 
 06/03  19:00:00,,,77615084.54882613,77615084.54882614 
 06/03  20:00:00,,,72127188.33377817,72127188.33377816 
 06/03  21:00:00,,,86579110.59827158,86579110.59827158 
 06/03  22:00:00,,,77422612.89014426,77422612.89014426 
 06/03  23:00:00,,,72755403.0228469,72755403.0228469 
 06/03  24:00:00,,,28704078.71177814,28704078.711778134 
 06/04  01:00:00,,,22951709.735871308,22951709.735871308 
 06/04  02:00:00,,,21170300.61521713,21170300.61521713 
 06/04  03:00:00,,,18771321.451500002,18771321.4515 
 06/04  04:00:00,,,20022736.660045944,20022736.660045944 
 06/04  05:00:00,,,12709557.4515,12709557.451499999 
 06/04  06:00:00,,,12181564.22315484,12181564.22315484 
 06/04  07:00:00,,,9678675.4515,9678675.4515 
 06/04  08:00:00,,,17810054.939689238,17810054.93968924 
 06/04  09:00:00,,,62161749.67865615,62161749.67865617 
 06/04  10:00:00,,,140009487.14555717,140009487.14555714 
 06/04  11:00:00,,,187998012.8699992,187998012.86999917 
 06/04  12:00:00,,,193513718.58420146,193513718.58420146 
 06/04  13:00:00,,,200904115.10221604,200904115.10221595 
 06/04  14:00:00,,,203397991.3510462,203397991.35104614 
 06/04  15:00:00,,,205889214.20562997,205889214.20562994 
 06/04  16:00:00,,,199313846.44117492,199313846.44117486 
 06/04  17:00:00,,,135411006.5549944,135411006.5549944 
 06/04  18:00:00,,,69615160.78032166,69615160.78032164 
 06/04  19:00:00,,,59134021.00717436,59134021.00717435 
 06/04  20:00:00,,,51823850.019463465,51823850.01946345 
 06/04  21:00:00,,,71017452.08864874,71017452.08864874 
 06/04  22:00:00,,,69004969.71953478,69004969.71953478 
 06/04  23:00:00,,,46755637.84510898,46755637.84510897 
 06/04  24:00:00,,,20130763.958265986,20130763.958265986 
 06/05  01:00:00,,,20022596.0897474,20022596.089747395 
 06/05  02:00:00,,,18771321.451500002,18771321.4515 
 06/05  03:00:00,,,18771321.451500002,18771321.4515 
 06/05  04:00:00,,,18771321.451500002,18771321.4515 
 06/05  05:00:00,,,13697267.894346062,13697267.894346062 
 06/05  06:00:00,,,12181778.691130066,12181778.691130066 
 06/05  07:00:00,,,14352992.414265262,14352992.414265262 
 06/05  08:00:00,,,41993133.08175767,41993133.08175768 
 06/05  09:00:00,,,112537258.46861443,112537258.46861443 
 06/05  10:00:00,,,169413801.37726948,169413801.37726945 
 06/05  11:00:00,,,170694195.79495955,170694195.7949595 
 06/05  12:00:00,,,173263604.0665702,173263604.06657016 
 06/05  13:00:00,,,169454574.16045082,169454574.1604508 
 06/05  14:00:00,,,172036787.60208702,172036787.60208696 
 06/05  15:00:00,,,177014696.23955247,177014696.23955244 
 06/05  16:00:00,,,174971519.18018368,174971519.18018365 
 06/05  17:00:00,,,177002155.76876205,177002155.768762 
 06/05  18:00:00,,,184268373.09556544,184268373.09556538 
 06/05  19:00:00,,,170808814.96460876,170808814.96460873 
 06/05  20:00:00,,,122239334.56059581,122239334.56059575 
 06/05  21:00:00,,,70429115.51051727,70429115.51051727 
 06/05  22:00:00,,,63863252.63338696,63863252.63338696 
 06/05  23:00:00,,,48000370.71574397,48000370.71574397 
 06/05  24:00:00,,,18879320.4037272,18879320.4037272 
 06/06  01:00:00,,,18771321.451500002,18771321.4515 
 06/06  02:00:00,,,20022552.82375382,20022552.823753815 
 06/06  03:00:00,,,21274285.8291522,21274285.8291522 
 06/06  04:00:00,,,22525812.64702793,22525812.64702793 
 06/06  05:00:00,,,11194116.4515,11194116.451499999 
 06/06  06:00:00,,,10930267.997322677,10930267.997322675 
 06/06  07:00:00,,,13101441.768688302,13101441.768688302 
 06/06  08:00:00,,,40735648.6150076,40735648.6150076 
 06/06  09:00:00,,,115058631.09886152,115058631.09886147 
 06/06  10:00:00,,,169411850.26729572,169411850.2672957 
 06/06  11:00:00,,,169426784.03496623,169426784.03496617 
 06/06  12:00:00,,,170716633.01026157,170716633.01026154 
 06/06  13:00:00,,,174557961.5690689,174557961.56906888 
 06/06  14:00:00,,,170728786.52789438,170728786.52789438 
 06/06  15:00:00,,,171986309.50596675,171986309.50596672 
 06/06  16:00:00,,,171972460.3709513,171972460.37095127 
 06/06  17:00:00,,,168168143.489211,168168143.48921096 
 06/06  18:00:00,,,171975591.7240167,171975591.7240167 
 06/06  19:00:00,,,169432737.91393417,169432737.91393414 
 06/06  20:00:00,,,119674557.96486467,119674557.96486461 
 06/06  21:00:00,,,69228120.14509499,69228120.14509498 
 06/06  22:00:00,,,66045840.624365896,66045840.62436588 
 06/06  23:00:00,,,47645369.872576,47645369.872576 
 06/06  24:00:00,,,20130867.078632485,20130867.07863248 
 06/07  01:00:00,,,20022756.843241557,20022756.843241554 
 06/07  02:00:00,,,21274502.064306773,21274502.064306773 
 06/07  03:00:00,,,18771321.451500002,18771321.4515 
 06/07  04:00:00,,,20022912.58360947,20022912.58360947 
 06/07  05:00:00,,,11194116.4515,11194116.451499999 
 06/07  06:00:00,,,10930323.623251438,10930323.623251436 
 06/07  07:00:00,,,14354695.018871753,14354695.018871753 
 06/07  08:00:00,,,41993037.620919645,41993037.620919645 
 06/07  09:00:00,,,115052348.21367203,115052348.213672 
 06/07  10:00:00,,,169416241.59772056,169416241.59772056 
 06/07  11:00:00,,,168431433.03677192,168431433.03677186 
 06/07  12:00:00,,,171715461.14200863,171715461.1420086 
 06/07  13:00:00,,,174555746.0375218,174555746.0375218 
 06/07  14:00:00,,,171867525.11633933,171867525.1163393 
 06/07  15:00:00,,,169578127.3084104,169578127.30841032 
 06/07  16:00:00,,,171971484.33604848,171971484.33604845 
 06/07  17:00:00,,,169437039.09130058,169437039.09130055 
 06/07  18:00:00,,,171975114.82352573,171975114.8235257 
 06/07  19:00:00,,,170700265.67786968,170700265.67786965 
 06/07  20:00:00,,,118409565.6854631,118409565.68546307 
 06/07  21:00:00,,,69490416.50830056,69490416.50830054 
 06/07  22:00:00,,,64978257.10612499,64978257.10612498 
 06/07  23:00:00,,,47798848.407321915,47798848.407321915 
 06/07  24:00:00,,,22634035.574904785,22634035.574904785 
 06/08  01:00:00,,,19239730.386699982,19239730.38669998 
 06/08  02:00:00,,,19554218.081492133,19554218.08149213 
 06/08  03:00:00,,,18771321.451500002,18771321.4515 
 06/08  04:00:00,,,20022885.90680757,20022885.90680757 
 06/08  05:00:00,,,12445490.698187461,12445490.69818746 
 06/08  06:00:00,,,9678675.4515,9678675.4515 
 06/08  07:00:00,,,15606324.657922816,15606324.657922816 
 06/08  08:00:00,,,44496365.29815001,44496365.29815001 
 06/08  09:00:00,,,112608754.38225578,112608754.38225576 
 06/08  10:00:00,,,166923243.8136118,166923243.8136118 
 06/08  11:00:00,,,173232063.1751432,173232063.17514318 
 06/08  12:00:00,,,169485834.21105385,169485834.21105385 
 06/08  13:00:00,,,170751986.7002836,170751986.70028356 
 06/08  14:00:00,,,174569138.70783216,174569138.7078321 
 06/08  15:00:00,,,172259363.23805383,172259363.2380538 
 06/08  16:00:00,,,167910071.36284432,167910071.3628443 
 06/08  17:00:00,,,174518608.85049215,174518608.85049212 
 06/08  18:00:00,,,166897336.95241416,166897336.95241413 
 06/08  19:00:00,,,173236823.53592885,173236823.53592885 
 06/08  20:00:00,,,115892201.99806151,115892201.99806148 
 06/08  21:00:00,,,71370265.35252215,71370265.35252215 
 06/08  22:00:00,,,66810487.770806596,66810487.770806596 
 06/08  23:00:00,,,47538126.94964173,47538126.94964172 
 06/08  24:00:00,,,31397440.036345195,31397440.036345195 
 06/09  01:00:00,,,18879320.4037272,18879320.4037272 
 06/09  02:00:00,,,18771321.451500002,18771321.4515 
 06/09  03:00:00,,,18771321.451500002,18771321.4515 
 06/09  04:00:00,,,21274757.88605844,21274757.886058435 
 06/09  05:00:00,,,12445879.029263403,12445879.029263403 
 06/09  06:00:00,,,14685742.583631966,14685742.583631966 
 06/09  07:00:00,,,13101441.768688302,13101441.768688302 
 06/09  08:00:00,,,40183272.650914095,40183272.650914095 
 06/09  09:00:00,,,110853005.49132869,110853005.49132869 
 06/09  10:00:00,,,171935953.76624867,171935953.76624864 
 06/09  11:00:00,,,168159205.6476066,168159205.64760658 
 06/09  12:00:00,,,171988825.56440857,171988825.5644085 
 06/09  13:00:00,,,171221947.88428324,171221947.8842832 
 06/09  14:00:00,,,171510721.0661538,171510721.06615376 
 06/09  15:00:00,,,175181021.33861843,175181021.3386184 
 06/09  16:00:00,,,175077945.1297744,175077945.12977433 
 06/09  17:00:00,,,178378230.22751278,178378230.22751272 
 06/09  18:00:00,,,184878489.95882142,184878489.95882136 
 06/09  19:00:00,,,172731453.0058087,172731453.00580868 
 06/09  20:00:00,,,120938193.12506144,120938193.1250614 
 06/09  21:00:00,,,69791809.27404791,69791809.27404791 
 06/09  22:00:00,,,63757291.75814056,63757291.75814056 
 06/09  23:00:00,,,56155395.09299047,56155395.09299047 
 06/09  24:00:00,,,41516812.6074954,41516812.60749538 
 06/10  01:00:00,,,18879320.4037272,18879320.4037272 
 06/10  02:00:00,,,20022904.039876528,20022904.039876524 
 06/10  03:00:00,,,20022943.759121697,20022943.759121697 
 06/10  04:00:00,,,21274586.872995716,21274586.872995712 
 06/10  05:00:00,,,12445732.344255447,12445732.344255446 
 06/10  06:00:00,,,10930428.102606231,10930428.10260623 
 06/10  07:00:00,,,13101441.768688302,13101441.768688302 
 06/10  08:00:00,,,41442352.113452934,41442352.113452934 
 06/10  09:00:00,,,112112437.40719028,112112437.40719028 
 06/10  10:00:00,,,171365132.57935163,171365132.57935163 
 06/10  11:00:00,,,179289066.4753989,179289066.47539887 
 06/10  12:00:00,,,190827592.8137052,190827592.81370518 
 06/10  13:00:00,,,195891373.51234886,195891373.51234877 
 06/10  14:00:00,,,193600483.5950831,193600483.59508306 
 06/10  15:00:00,,,189257941.34345365,189257941.3434536 
 06/10  16:00:00,,,182983885.19793046,182983885.1979304 
 06/10  17:00:00,,,178618657.8179212,178618657.81792116 
 06/10  18:00:00,,,122897920.1570507,122897920.15705065 
 06/10  19:00:00,,,52338818.90060787,52338818.90060786 
 06/10  20:00:00,,,50036599.63364706,50036599.633647054 
 06/10  21:00:00,,,69860320.35565698,69860320.35565697 
 06/10  22:00:00,,,64911882.89510935,64911882.89510934 
 06/10  23:00:00,,,66279787.06239471,66279787.0623947 
 06/10  24:00:00,,,21382230.141676657,21382230.141676653 
 06/11  01:00:00,,,20022820.52296691,20022820.52296691 
 06/11  02:00:00,,,18771321.451500002,18771321.4515 
 06/11  03:00:00,,,20022847.37704382,20022847.37704382 
 06/11  04:00:00,,,18771321.451500002,18771321.4515 
 06/11  05:00:00,,,11194116.4515,11194116.451499999 
 06/11  06:00:00,,,10930041.383289222,10930041.383289222 
 06/11  07:00:00,,,12181610.033069247,12181610.033069247 
 06/11  08:00:00,,,18267303.989051666,18267303.989051666 
 06/11  09:00:00,,,61258319.32151383,61258319.32151383 
 06/11  10:00:00,,,130773927.64306512,130773927.6430651 
 06/11  11:00:00,,,168153647.13534266,168153647.13534263 
 06/11  12:00:00,,,170681661.04548368,170681661.04548368 
 06/11  13:00:00,,,169425046.85446256,169425046.85446256 
 06/11  14:00:00,,,170688321.33639485,170688321.33639482 
 06/11  15:00:00,,,169988789.430571,169988789.43057096 
 06/11  16:00:00,,,169622771.32488358,169622771.32488355 
 06/11  17:00:00,,,119678636.21485034,119678636.2148503 
 06/11  18:00:00,,,50802689.34940754,50802689.34940753 
 06/11  19:00:00,,,49907691.345360875,49907691.34536086 
 06/11  20:00:00,,,51119645.45702329,51119645.45702328 
 06/11  21:00:00,,,70761627.47058123,70761627.47058123 
 06/11  22:00:00,,,65086374.25269203,65086374.252692014 
 06/11  23:00:00,,,49243960.55134237,49243960.55134237 
 06/11  24:00:00,,,20130824.36344132,20130824.36344132 
 06/12  01:00:00,,,18771321.451500002,18771321.4515 
 06/12  02:00:00,,,18771321.451500002,18771321.4515 
 06/12  03:00:00,,,18771321.451500002,18771321.4515 
 06/12  04:00:00,,,20022913.37703331,20022913.37703331 
 06/12  05:00:00,,,13697271.327275582,13697271.327275582 
 06/12  06:00:00,,,12181792.19918665,12181792.19918665 
 06/12  07:00:00,,,14354616.103251686,14354616.103251686 
 06/12  08:00:00,,,41992994.26163292,41992994.26163292 
 06/12  09:00:00,,,111336929.88920201,111336929.889202 
 06/12  10:00:00,,,170692274.2175703,170692274.21757028 
 06/12  11:00:00,,,169423157.1220492,169423157.12204915 
 06/12  12:00:00,,,171999861.56646174,171999861.56646168 
 06/12  13:00:00,,,173280451.60578716,173280451.6057871 
 06/12  14:00:00,,,169452114.95996332,169452114.9599633 
 06/12  15:00:00,,,174527503.25902486,174527503.25902483 
 06/12  16:00:00,,,168997382.59450516,168997382.59450513 
 06/12  17:00:00,,,171145238.05405334,171145238.0540533 
 06/12  18:00:00,,,171975877.0298587,171975877.02985865 
 06/12  19:00:00,,,168167112.03996566,168167112.03996563 
 06/12  20:00:00,,,120939312.57124923,120939312.57124919 
 06/12  21:00:00,,,70229212.70528337,70229212.70528336 
 06/12  22:00:00,,,63393271.10469331,63393271.10469331 
 06/12  23:00:00,,,46224349.17600813,46224349.17600813 
 06/12  24:00:00,,,21382549.383289557,21382549.383289553 
 06/13  01:00:00,,,20022959.029497586,20022959.029497586 
 06/13  02:00:00,,,20022983.739596896,20022983.739596896 
 06/13  03:00:00,,,21274635.790870022,21274635.79087002 
 06/13  04:00:00,,,20022980.06950898,20022980.069508977 
 06/13  05:00:00,,,11194116.4515,11194116.451499999 
 06/13  06:00:00,,,9678675.4515,9678675.4515 
 06/13  07:00:00,,,15607827.033874359,15607827.033874359 
 06/13  08:00:00,,,41992856.66874548,41992856.66874548 
 06/13  09:00:00,,,113837595.60228363,113837595.60228358 
 06/13  10:00:00,,,168150497.06962913,168150497.0696291 
 06/13  11:00:00,,,171957336.07048154,171957336.0704815 
 06/13  12:00:00,,,169447823.58701506,169447823.58701503 
 06/13  13:00:00,,,173279182.96135962,173279182.96135962 
 06/13  14:00:00,,,174550543.44838482,174550543.4483848 
 06/13  15:00:00,,,166898440.99888238,166898440.99888232 
 06/13  16:00:00,,,173536181.7231123,173536181.72311223 
 06/13  17:00:00,,,172455828.41917574,172455828.4191757 
 06/13  18:00:00,,,181011961.89284405,181011961.89284402 
 06/13  19:00:00,,,177574111.09562305,177574111.09562302 
 06/13  20:00:00,,,117266263.57051142,117266263.57051134 
 06/13  21:00:00,,,72248358.37305982,72248358.37305982 
 06/13  22:00:00,,,64355719.94073437,64355719.940734364 
 06/13  23:00:00,,,46638688.42261486,46638688.42261486 
 06/13  24:00:00,,,21382395.49730762,21382395.49730762 
 06/14  01:00:00,,,21600379.95845732,21600379.95845732 
 06/14  02:00:00,,,20948034.9782849,20948034.978284895 
 06/14  03:00:00,,,18771321.451500002,18771321.4515 
 06/14  04:00:00,,,18771321.451500002,18771321.4515 
 06/14  05:00:00,,,11194116.4515,11194116.451499999 
 06/14  06:00:00,,,10930270.213343695,10930270.213343695 
 06/14  07:00:00,,,13101441.768688302,13101441.768688302 
 06/14  08:00:00,,,44497654.68423067,44497654.68423067 
 06/14  09:00:00,,,115051880.49418412,115051880.49418409 
 06/14  10:00:00,,,166891580.1585796,166891580.15857953 
 06/14  11:00:00,,,176308694.1158565,176308694.11585647 
 06/14  12:00:00,,,180078688.75892293,180078688.7589229 
 06/14  13:00:00,,,199063491.52476072,199063491.52476072 
 06/14  14:00:00,,,204916149.70016152,204916149.7001615 
 06/14  15:00:00,,,207722053.82797328,207722053.82797325 
 06/14  16:00:00,,,209644967.91541708,209644967.915417 
 06/14  17:00:00,,,197429931.12896347,197429931.12896344 
 06/14  18:00:00,,,197412896.06952402,197412896.069524 
 06/14  19:00:00,,,190232100.653667,190232100.65366697 
 06/14  20:00:00,,,121553338.6848592,121553338.68485916 
 06/14  21:00:00,,,73819073.5828499,73819073.58284989 
 06/14  22:00:00,,,67236060.53036211,67236060.5303621 
 06/14  23:00:00,,,48440003.9606189,48440003.9606189 
 06/14  24:00:00,,,18879320.4037272,18879320.4037272 
 06/15  01:00:00,,,21273999.657379113,21273999.657379113 
 06/15  02:00:00,,,20022522.241439223,20022522.24143922 
 06/15  03:00:00,,,20022818.50163087,20022818.501630865 
 06/15  04:00:00,,,20022767.588422075,20022767.58842207 
 06/15  05:00:00,,,12445610.411225513,12445610.411225509 
 06/15  06:00:00,,,9678675.4515,9678675.4515 
 06/15  07:00:00,,,14352951.458679454,14352951.458679454 
 06/15  08:00:00,,,40735648.6150076,40735648.6150076 
 06/15  09:00:00,,,116311658.02657509,116311658.02657506 
 06/15  10:00:00,,,169754068.06439665,169754068.06439662 
 06/15  11:00:00,,,185108052.3240811,185108052.3240811 
 06/15  12:00:00,,,192295026.9030175,192295026.90301743 
 06/15  13:00:00,,,201439046.79991722,201439046.79991716 
 06/15  14:00:00,,,204204414.28478804,204204414.284788 
 06/15  15:00:00,,,201445616.9637196,201445616.9637196 
 06/15  16:00:00,,,200560923.95052543,200560923.95052537 
 06/15  17:00:00,,,198941973.27306932,198941973.27306932 
 06/15  18:00:00,,,197190452.4681649,197190452.4681649 
 06/15  19:00:00,,,189768961.75166586,189768961.75166583 
 06/15  20:00:00,,,122272089.74838528,122272089.74838524 
 06/15  21:00:00,,,70987253.73186271,70987253.7318627 
 06/15  22:00:00,,,69538766.99661322,69538766.9966132 
 06/15  23:00:00,,,49828739.173904255,49828739.173904255 
 06/15  24:00:00,,,33221928.81181603,33221928.81181603 
 06/16  01:00:00,,,18879320.4037272,18879320.4037272 
 06/16  02:00:00,,,20022763.938534945,20022763.93853494 
 06/16  03:00:00,,,18771321.451500002,18771321.4515 
 06/16  04:00:00,,,20022660.498470202,20022660.498470202 
 06/16  05:00:00,,,12445583.053681962,12445583.05368196 
 06/16  06:00:00,,,9678675.4515,9678675.4515 
 06/16  07:00:00,,,15604378.259820571,15604378.25982057 
 06/16  08:00:00,,,42686184.74821942,42686184.748219416 
 06/16  09:00:00,,,110852586.42721334,110852586.42721333 
 06/16  10:00:00,,,169722031.88099417,169722031.8809941 
 06/16  11:00:00,,,183743988.38144687,183743988.38144687 
 06/16  12:00:00,,,193908817.07910144,193908817.07910138 
 06/16  13:00:00,,,201920005.66596204,201920005.66596198 
 06/16  14:00:00,,,205221294.66454533,205221294.6645453 
 06/16  15:00:00,,,201771571.45305574,201771571.45305574 
 06/16  16:00:00,,,198439689.20025814,198439689.2002581 
 06/16  17:00:00,,,201778477.19053775,201778477.19053775 
 06/16  18:00:00,,,194258530.54661965,194258530.54661962 
 06/16  19:00:00,,,191195232.23149648,191195232.23149645 
 06/16  20:00:00,,,121581710.65096399,121581710.65096399 
 06/16  21:00:00,,,73767542.98324798,73767542.98324798 
 06/16  22:00:00,,,69038231.54783703,69038231.54783702 
 06/16  23:00:00,,,59828375.27629754,59828375.27629754 
 06/16  24:00:00,,,41683425.10597214,41683425.10597214 
 06/17  01:00:00,,,18971881.972824167,18971881.972824167 
 06/17  02:00:00,,,18771321.451500002,18771321.4515 
 06/17  03:00:00,,,18771321.451500002,18771321.4515 
 06/17  04:00:00,,,18771321.451500002,18771321.4515 
 06/17  05:00:00,,,12445570.51320554,12445570.51320554 
 06/17  06:00:00,,,12181597.720391117,12181597.720391115 
 06/17  07:00:00,,,15914357.81142747,15914357.81142747 
 06/17  08:00:00,,,42686215.78836012,42686215.78836012 
 06/17  09:00:00,,,111725211.05536926,111725211.05536923 
 06/17  10:00:00,,,182372439.15927505,182372439.15927503 
 06/17  11:00:00,,,193583926.2207843,193583926.22078428 
 06/17  12:00:00,,,198916290.00277507,198916290.00277504 
 06/17  13:00:00,,,209049742.1735666,209049742.17356652 
 06/17  14:00:00,,,212527213.8884317,212527213.88843167 
 06/17  15:00:00,,,211045519.27299225,211045519.2729922 
 06/17  16:00:00,,,211729949.72042698,211729949.72042698 
 06/17  17:00:00,,,210955704.84030718,210955704.84030712 
 06/17  18:00:00,,,145711831.79320288,145711831.79320285 
 06/17  19:00:00,,,79634703.05521622,79634703.05521621 
 06/17  20:00:00,,,67298097.64069545,67298097.64069545 
 06/17  21:00:00,,,80139091.99151579,80139091.99151577 
 06/17  22:00:00,,,67753877.60906325,67753877.60906327 
 06/17  23:00:00,,,65730348.33372523,65730348.33372523 
 06/17  24:00:00,,,21958907.186131593,21958907.186131593 
 06/18  01:00:00,,,20022739.215306796,20022739.215306792 
 06/18  02:00:00,,,18771321.451500002,18771321.4515 
 06/18  03:00:00,,,21274221.970563073,21274221.97056307 
 06/18  04:00:00,,,18771321.451500002,18771321.4515 
 06/18  05:00:00,,,13697046.245150533,13697046.245150533 
 06/18  06:00:00,,,9678675.4515,9678675.4515 
 06/18  07:00:00,,,9678675.4515,9678675.4515 
 06/18  08:00:00,,,18459390.764150646,18459390.764150646 
 06/18  09:00:00,,,61267733.593713254,61267733.59371326 
 06/18  10:00:00,,,136189088.1166987,136189088.11669868 
 06/18  11:00:00,,,193381807.96544993,193381807.9654499 
 06/18  12:00:00,,,204516598.7270086,204516598.72700858 
 06/18  13:00:00,,,215851197.84065762,215851197.8406576 
 06/18  14:00:00,,,211484523.87842232,211484523.87842223 
 06/18  15:00:00,,,215998905.1791305,215998905.17913046 
 06/18  16:00:00,,,211821758.12927312,211821758.12927312 
 06/18  17:00:00,,,155539672.190697,155539672.19069698 
 06/18  18:00:00,,,84469652.5751437,84469652.5751437 
 06/18  19:00:00,,,72589527.38400556,72589527.38400555 
 06/18  20:00:00,,,67496471.41223855,67496471.41223855 
 06/18  21:00:00,,,74410293.10106647,74410293.10106647 
 06/18  22:00:00,,,69447237.18210506,69447237.18210506 
 06/18  23:00:00,,,46978045.773152985,46978045.773152985 
 06/18  24:00:00,,,20702316.885012507,20702316.885012507 
 06/19  01:00:00,,,20022758.033727832,20022758.033727832 
 06/19  02:00:00,,,22525650.69277947,22525650.692779467 
 06/19  03:00:00,,,18771321.451500002,18771321.4515 
 06/19  04:00:00,,,20022808.471259143,20022808.471259143 
 06/19  05:00:00,,,11194116.4515,11194116.451499999 
 06/19  06:00:00,,,10930157.775992444,10930157.775992444 
 06/19  07:00:00,,,13101441.768688302,13101441.768688302 
 06/19  08:00:00,,,43239828.16304305,43239828.16304305 
 06/19  09:00:00,,,116311998.13968311,116311998.13968311 
 06/19  10:00:00,,,166891563.58761054,166891563.5876105 
 06/19  11:00:00,,,169425444.10298616,169425444.10298613 
 06/19  12:00:00,,,170714107.85069484,170714107.8506948 
 06/19  13:00:00,,,174552374.119704,174552374.119704 
 06/19  14:00:00,,,172000834.90980476,172000834.90980476 
 06/19  15:00:00,,,168170753.02041414,168170753.0204141 
 06/19  16:00:00,,,174507520.83603194,174507520.8360319 
 06/19  17:00:00,,,166896929.0404141,166896929.04041407 
 06/19  18:00:00,,,173242591.5598768,173242591.55987677 
 06/19  19:00:00,,,169431773.06898296,169431773.06898293 
 06/19  20:00:00,,,119673546.49546245,119673546.49546239 
 06/19  21:00:00,,,65986806.74412332,65986806.74412332 
 06/19  22:00:00,,,64848820.7936918,64848820.7936918 
 06/19  23:00:00,,,47692273.23319552,47692273.23319552 
 06/19  24:00:00,,,20130907.814267926,20130907.814267926 
 06/20  01:00:00,,,21274491.765793376,21274491.765793376 
 06/20  02:00:00,,,20022986.711909834,20022986.71190983 
 06/20  03:00:00,,,20022919.79469523,20022919.79469523 
 06/20  04:00:00,,,20022794.004287746,20022794.004287746 
 06/20  05:00:00,,,11194116.4515,11194116.451499999 
 06/20  06:00:00,,,9678675.4515,9678675.4515 
 06/20  07:00:00,,,14352861.285498675,14352861.285498673 
 06/20  08:00:00,,,41992992.966195054,41992992.96619506 
 06/20  09:00:00,,,116312129.04811814,116312129.04811813 
 06/20  10:00:00,,,166888163.4961552,166888163.49615514 
 06/20  11:00:00,,,171961819.4846957,171961819.48469564 
 06/20  12:00:00,,,170874528.97477153,170874528.9747715 
 06/20  13:00:00,,,176689982.1281069,176689982.1281069 
 06/20  14:00:00,,,182976326.872767,182976326.872767 
 06/20  15:00:00,,,185852847.516095,185852847.516095 
 06/20  16:00:00,,,180415043.73411712,180415043.73411712 
 06/20  17:00:00,,,171010193.81387162,171010193.8138716 
 06/20  18:00:00,,,170922959.1667784,170922959.16677836 
 06/20  19:00:00,,,171963797.65854216,171963797.65854213 
 06/20  20:00:00,,,117144648.19249912,117144648.19249907 
 06/20  21:00:00,,,66201523.46991755,66201523.46991754 
 06/20  22:00:00,,,66225020.80911922,66225020.80911922 
 06/20  23:00:00,,,47833380.35595979,47833380.35595978 
 06/20  24:00:00,,,22073364.87541143,22073364.87541143 
 06/21  01:00:00,,,19331589.985745165,19331589.98574516 
 06/21  02:00:00,,,18771321.451500002,18771321.4515 
 06/21  03:00:00,,,18771321.451500002,18771321.4515 
 06/21  04:00:00,,,18771321.451500002,18771321.4515 
 06/21  05:00:00,,,13697372.055744594,13697372.055744594 
 06/21  06:00:00,,,11388908.900421102,11388908.9004211 
 06/21  07:00:00,,,13894163.947429134,13894163.947429134 
 06/21  08:00:00,,,43244454.17286397,43244454.172863975 
 06/21  09:00:00,,,112537234.06906646,112537234.06906645 
 06/21  10:00:00,,,168707118.34422052,168707118.3442205 
 06/21  11:00:00,,,171401662.0424495,171401662.04244947 
 06/21  12:00:00,,,170713621.78620782,170713621.7862078 
 06/21  13:00:00,,,170726816.4360299,170726816.43602988 
 06/21  14:00:00,,,173273300.49737832,173273300.4973783 
 06/21  15:00:00,,,170843019.1739234,170843019.17392334 
 06/21  16:00:00,,,170568844.22763616,170568844.22763613 
 06/21  17:00:00,,,173242878.4682436,173242878.46824357 
 06/21  18:00:00,,,167095063.74355686,167095063.74355683 
 06/21  19:00:00,,,173036168.48028898,173036168.48028895 
 06/21  20:00:00,,,117144696.77386771,117144696.77386765 
 06/21  21:00:00,,,67180060.80208482,67180060.80208482 
 06/21  22:00:00,,,64981464.44134693,64981464.44134693 
 06/21  23:00:00,,,47630084.69810111,47630084.69810111 
 06/21  24:00:00,,,21382405.778846584,21382405.778846584 
 06/22  01:00:00,,,20022855.12961542,20022855.12961542 
 06/22  02:00:00,,,20022672.22838404,20022672.22838404 
 06/22  03:00:00,,,18771321.451500002,18771321.4515 
 06/22  04:00:00,,,18771321.451500002,18771321.4515 
 06/22  05:00:00,,,12445730.777966939,12445730.777966937 
 06/22  06:00:00,,,10930327.349939687,10930327.349939687 
 06/22  07:00:00,,,14354651.669755366,14354651.669755366 
 06/22  08:00:00,,,44491570.174700215,44491570.17470022 
 06/22  09:00:00,,,112594918.92161447,112594918.92161442 
 06/22  10:00:00,,,167938822.7001419,167938822.70014185 
 06/22  11:00:00,,,172174742.48024553,172174742.48024547 
 06/22  12:00:00,,,168174057.26959273,168174057.26959267 
 06/22  13:00:00,,,173277669.8780991,173277669.8780991 
 06/22  14:00:00,,,174548586.66551128,174548586.6655112 
 06/22  15:00:00,,,170095324.29395962,170095324.2939596 
 06/22  16:00:00,,,170047564.21395212,170047564.2139521 
 06/22  17:00:00,,,171973157.2166384,171973157.21663836 
 06/22  18:00:00,,,168165900.1831452,168165900.18314514 
 06/22  19:00:00,,,173235390.4805537,173235390.48055363 
 06/22  20:00:00,,,115880527.34182541,115880527.34182537 
 06/22  21:00:00,,,66874732.44707365,66874732.44707365 
 06/22  22:00:00,,,65258537.40717965,65258537.407179646 
 06/22  23:00:00,,,49429339.67083815,49429339.67083815 
 06/22  24:00:00,,,31614213.328949187,31614213.328949187 
 06/23  01:00:00,,,19731919.224145953,19731919.224145953 
 06/23  02:00:00,,,20421834.818686433,20421834.818686433 
 06/23  03:00:00,,,18771321.451500002,18771321.4515 
 06/23  04:00:00,,,20023090.46247495,20023090.46247495 
 06/23  05:00:00,,,11227060.484531654,11227060.484531652 
 06/23  06:00:00,,,10957116.447555661,10957116.447555661 
 06/23  07:00:00,,,16856631.991257153,16856631.991257153 
 06/23  08:00:00,,,41559430.24064258,41559430.240642585 
 06/23  09:00:00,,,111189092.95058487,111189092.95058486 
 06/23  10:00:00,,,168215496.23029038,168215496.23029035 
 06/23  11:00:00,,,170692851.65860766,170692851.65860763 
 06/23  12:00:00,,,173259862.50059235,173259862.50059232 
 06/23  13:00:00,,,170729571.93375564,170729571.93375555 
 06/23  14:00:00,,,170725089.50523773,170725089.5052377 
 06/23  15:00:00,,,174523451.31437698,174523451.31437695 
 06/23  16:00:00,,,169433122.5431469,169433122.54314688 
 06/23  17:00:00,,,170704624.55776724,170704624.55776724 
 06/23  18:00:00,,,169434859.66390646,169434859.6639064 
 06/23  19:00:00,,,170698766.88628688,170698766.88628685 
 06/23  20:00:00,,,118414018.74904828,118414018.74904823 
 06/23  21:00:00,,,68096948.09356172,68096948.09356172 
 06/23  22:00:00,,,65699493.58283688,65699493.58283687 
 06/23  23:00:00,,,53755908.48406158,53755908.48406158 
 06/23  24:00:00,,,40961450.40596608,40961450.40596608 
 06/24  01:00:00,,,18879320.4037272,18879320.4037272 
 06/24  02:00:00,,,18771321.451500002,18771321.4515 
 06/24  03:00:00,,,22526391.95299416,22526391.95299416 
 06/24  04:00:00,,,18771321.451500002,18771321.4515 
 06/24  05:00:00,,,13697600.021806069,13697600.021806067 
 06/24  06:00:00,,,10930409.75651681,10930409.75651681 
 06/24  07:00:00,,,14353319.176421372,14353319.176421372 
 06/24  08:00:00,,,40281243.49471309,40281243.494713105 
 06/24  09:00:00,,,112487833.52561387,112487833.52561386 
 06/24  10:00:00,,,170664009.68775582,170664009.6877558 
 06/24  11:00:00,,,168182675.7387703,168182675.73877028 
 06/24  12:00:00,,,172034402.0908114,172034402.09081137 
 06/24  13:00:00,,,174558410.61735097,174558410.61735094 
 06/24  14:00:00,,,169450475.76523048,169450475.76523045 
 06/24  15:00:00,,,170710338.2419247,170710338.24192464 
 06/24  16:00:00,,,171973387.86314517,171973387.8631451 
 06/24  17:00:00,,,170705452.88995174,170705452.88995168 
 06/24  18:00:00,,,120954741.12056182,120954741.12056175 
 06/24  19:00:00,,,49170040.170040354,49170040.170040354 
 06/24  20:00:00,,,49012391.13788545,49012391.13788545 
 06/24  21:00:00,,,65523740.143799126,65523740.14379912 
 06/24  22:00:00,,,65850657.68644904,65850657.686449036 
 06/24  23:00:00,,,64519872.75455549,64519872.754555486 
 06/24  24:00:00,,,18879320.4037272,18879320.4037272 
 06/25  01:00:00,,,22526344.784492847,22526344.784492847 
 06/25  02:00:00,,,20023074.74753875,20023074.74753875 
 06/25  03:00:00,,,18771321.451500002,18771321.4515 
 06/25  04:00:00,,,18802031.73819528,18802031.738195278 
 06/25  05:00:00,,,12477992.783059156,12477992.783059154 
 06/25  06:00:00,,,10956142.526533581,10956142.526533581 
 06/25  07:00:00,,,10930248.925767595,10930248.925767595 
 06/25  08:00:00,,,19519166.006155923,19519166.006155923 
 06/25  09:00:00,,,61258657.997962326,61258657.997962326 
 06/25  10:00:00,,,129516881.1694697,129516881.16946965 
 06/25  11:00:00,,,168467518.2301492,168467518.2301492 
 06/25  12:00:00,,,179503541.30226263,179503541.3022626 
 06/25  13:00:00,,,186442308.25208244,186442308.2520824 
 06/25  14:00:00,,,195567851.10070902,195567851.10070893 
 06/25  15:00:00,,,200114149.7270816,200114149.72708157 
 06/25  16:00:00,,,198604391.19875854,198604391.19875848 
 06/25  17:00:00,,,144610198.11586234,144610198.1158623 
 06/25  18:00:00,,,57496877.59190026,57496877.59190026 
 06/25  19:00:00,,,56942165.046441644,56942165.046441644 
 06/25  20:00:00,,,54059382.28047976,54059382.28047976 
 06/25  21:00:00,,,67129779.49780881,67129779.49780881 
 06/25  22:00:00,,,67850402.50713755,67850402.50713755 
 06/25  23:00:00,,,46638599.25402525,46638599.25402524 
 06/25  24:00:00,,,18879320.4037272,18879320.4037272 
 06/26  01:00:00,,,21274476.006220993,21274476.006220993 
 06/26  02:00:00,,,18771321.451500002,18771321.4515 
 06/26  03:00:00,,,18771321.451500002,18771321.4515 
 06/26  04:00:00,,,21274574.95875004,21274574.95875004 
 06/26  05:00:00,,,11194116.4515,11194116.451499999 
 06/26  06:00:00,,,13433559.279249154,13433559.279249154 
 06/26  07:00:00,,,13101441.768688302,13101441.768688302 
 06/26  08:00:00,,,43245951.50670475,43245951.50670475 
 06/26  09:00:00,,,112546575.29384968,112546575.29384965 
 06/26  10:00:00,,,174076068.15614748,174076068.15614745 
 06/26  11:00:00,,,188263480.30012336,188263480.30012333 
 06/26  12:00:00,,,189830304.55551082,189830304.55551073 
 06/26  13:00:00,,,190825980.13551766,190825980.13551763 
 06/26  14:00:00,,,188748729.81718934,188748729.8171893 
 06/26  15:00:00,,,180130381.849849,180130381.849849 
 06/26  16:00:00,,,173048291.87961897,173048291.8796189 
 06/26  17:00:00,,,178572070.15494186,178572070.15494183 
 06/26  18:00:00,,,181697455.41346693,181697455.4134669 
 06/26  19:00:00,,,176583004.8580641,176583004.85806406 
 06/26  20:00:00,,,117235068.5028082,117235068.50280815 
 06/26  21:00:00,,,67384955.25271997,67384955.25271995 
 06/26  22:00:00,,,68885531.58738369,68885531.58738367 
 06/26  23:00:00,,,46769429.45378214,46769429.45378214 
 06/26  24:00:00,,,18879320.4037272,18879320.4037272 
 06/27  01:00:00,,,21274272.443403684,21274272.443403676 
 06/27  02:00:00,,,18771321.451500002,18771321.4515 
 06/27  03:00:00,,,19456279.980158657,19456279.980158653 
 06/27  04:00:00,,,20589192.439994577,20589192.439994574 
 06/27  05:00:00,,,11194116.4515,11194116.451499999 
 06/27  06:00:00,,,13433294.293280264,13433294.293280263 
 06/27  07:00:00,,,13101441.768688302,13101441.768688302 
 06/27  08:00:00,,,41992546.89070857,41992546.89070857 
 06/27  09:00:00,,,112536915.35460806,112536915.35460806 
 06/27  10:00:00,,,169412205.41829196,169412205.41829193 
 06/27  11:00:00,,,170690527.01858938,170690527.01858935 
 06/27  12:00:00,,,173898048.43354186,173898048.43354183 
 06/27  13:00:00,,,177608442.09884065,177608442.09884065 
 06/27  14:00:00,,,187148070.81526953,187148070.8152695 
 06/27  15:00:00,,,198782013.40040508,198782013.40040508 
 06/27  16:00:00,,,191391181.8524443,191391181.85244423 
 06/27  17:00:00,,,196115694.68881455,196115694.6888145 
 06/27  18:00:00,,,194544905.69329393,194544905.6932939 
 06/27  19:00:00,,,185955361.4252545,185955361.42525443 
 06/27  20:00:00,,,122561105.95650823,122561105.9565082 
 06/27  21:00:00,,,67780067.83209546,67780067.83209546 
 06/27  22:00:00,,,68264719.36642388,68264719.36642388 
 06/27  23:00:00,,,49516643.95749826,49516643.95749826 
 06/27  24:00:00,,,18879320.4037272,18879320.4037272 
 06/28  01:00:00,,,18771321.451500002,18771321.4515 
 06/28  02:00:00,,,18771321.451500002,18771321.4515 
 06/28  03:00:00,,,18771321.451500002,18771321.4515 
 06/28  04:00:00,,,21274129.720142566,21274129.720142566 
 06/28  05:00:00,,,12445607.21135039,12445607.21135039 
 06/28  06:00:00,,,12181704.04055336,12181704.040553357 
 06/28  07:00:00,,,15605576.48569142,15605576.48569142 
 06/28  08:00:00,,,40735648.6150076,40735648.6150076 
 06/28  09:00:00,,,112540091.3287935,112540091.3287935 
 06/28  10:00:00,,,169412416.54279375,169412416.54279375 
 06/28  11:00:00,,,176438634.74825194,176438634.74825191 
 06/28  12:00:00,,,186653843.15718883,186653843.1571888 
 06/28  13:00:00,,,194578412.96246725,194578412.96246722 
 06/28  14:00:00,,,203049073.02940816,203049073.02940813 
 06/28  15:00:00,,,205348266.15343037,205348266.15343034 
 06/28  16:00:00,,,200976561.1558053,200976561.15580526 
 06/28  17:00:00,,,205422843.6592354,205422843.6592354 
 06/28  18:00:00,,,201050692.94717458,201050692.94717458 
 06/28  19:00:00,,,197799658.70032355,197799658.70032352 
 06/28  20:00:00,,,126315251.75688061,126315251.75688058 
 06/28  21:00:00,,,78681758.71241827,78681758.71241826 
 06/28  22:00:00,,,73375353.6008412,73375353.6008412 
 06/28  23:00:00,,,48245572.96656789,48245572.96656789 
 06/28  24:00:00,,,20725230.014780045,20725230.014780045 
 06/29  01:00:00,,,18771321.451500002,18771321.4515 
 06/29  02:00:00,,,21274188.27855449,21274188.27855449 
 06/29  03:00:00,,,18771321.451500002,18771321.4515 
 06/29  04:00:00,,,20022774.13242095,20022774.13242095 
 06/29  05:00:00,,,12445553.539639499,12445553.539639499 
 06/29  06:00:00,,,10930121.692189503,10930121.692189502 
 06/29  07:00:00,,,14650683.61626127,14650683.61626127 
 06/29  08:00:00,,,41988656.74184969,41988656.74184969 
 06/29  09:00:00,,,115549560.96977082,115549560.96977076 
 06/29  10:00:00,,,190975680.53760564,190975680.53760558 
 06/29  11:00:00,,,214147454.56281635,214147454.56281638 
 06/29  12:00:00,,,230449557.97413072,230449557.97413066 
 06/29  13:00:00,,,237577766.16129947,237577766.16129947 
 06/29  14:00:00,,,235166681.49587005,235166681.49587005 
 06/29  15:00:00,,,234434327.55971897,234434327.55971897 
 06/29  16:00:00,,,229911020.68182018,229911020.68182015 
 06/29  17:00:00,,,226648556.4592305,226648556.4592305 
 06/29  18:00:00,,,223691258.79059097,223691258.79059097 
 06/29  19:00:00,,,212510079.88612616,212510079.88612616 
 06/29  20:00:00,,,137124643.70714134,137124643.70714134 
 06/29  21:00:00,,,79734777.7354759,79734777.73547587 
 06/29  22:00:00,,,71465918.88942237,71465918.88942237 
 06/29  23:00:00,,,54584811.53237328,54584811.53237327 
 06/29  24:00:00,,,33246622.23497171,33246622.234971702 
 06/30  01:00:00,,,19505597.256622117,19505597.256622113 
 06/30  02:00:00,,,18771321.451500002,18771321.4515 
 06/30  03:00:00,,,21274153.724825993,21274153.724825993 
 06/30  04:00:00,,,18771321.451500002,18771321.4515 
 06/30  05:00:00,,,15212478.964149613,15212478.964149611 
 06/30  06:00:00,,,9678675.4515,9678675.4515 
 06/30  07:00:00,,,16038787.18427123,16038787.184271228 
 06/30  08:00:00,,,41440443.174928345,41440443.174928345 
 06/30  09:00:00,,,112746167.66896021,112746167.66896018 
 06/30  10:00:00,,,183515268.7512018,183515268.75120178 
 06/30  11:00:00,,,202153082.2483999,202153082.24839985 
 06/30  12:00:00,,,211299880.8930751,211299880.89307508 
 06/30  13:00:00,,,217748068.48668903,217748068.4866891 
 06/30  14:00:00,,,221209762.55350572,221209762.55350572 
 06/30  15:00:00,,,218978979.2296478,218978979.22964782 
 06/30  16:00:00,,,208957393.36157095,208957393.36157092 
 06/30  17:00:00,,,202531949.54841915,202531949.54841912 
 06/30  18:00:00,,,189911513.63698915,189911513.63698915 
 06/30  19:00:00,,,181714794.36892024,181714794.3689202 
 06/30  20:00:00,,,117598458.93919222,117598458.93919218 
 06/30  21:00:00,,,72361316.33007471,72361316.33007471 
 06/30  22:00:00,,,64542029.5003757,64542029.500375696 
 06/30  23:00:00,,,58311944.4905224,58311944.4905224 
 06/30  24:00:00,71047738958.37405,234184869.26557884,42746341.87169959,42746341.87169959 
 07/01  01:00:00,,,20130740.872765895,20130740.872765895 
 07/01  02:00:00,,,18771321.451500002,18771321.4515 
 07/01  03:00:00,,,18771321.451500002,18771321.4515 
 07/01  04:00:00,,,18771321.451500002,18771321.4515 
 07/01  05:00:00,,,13961034.1485936,13961034.148593599 
 07/01  06:00:00,,,10930134.160739228,10930134.160739228 
 07/01  07:00:00,,,15604451.517784202,15604451.517784202 
 07/01  08:00:00,,,43944957.92549336,43944957.92549336 
 07/01  09:00:00,,,109592612.3566601,109592612.3566601 
 07/01  10:00:00,,,169410444.104579,169410444.10457897 
 07/01  11:00:00,,,174431046.67470282,174431046.67470282 
 07/01  12:00:00,,,175855796.83407494,175855796.83407488 
 07/01  13:00:00,,,188460803.0893534,188460803.08935338 
 07/01  14:00:00,,,192764461.44978574,192764461.44978574 
 07/01  15:00:00,,,191066836.69739604,191066836.697396 
 07/01  16:00:00,,,190587913.34027416,190587913.3402741 
 07/01  17:00:00,,,188931319.91614908,188931319.91614905 
 07/01  18:00:00,,,126748021.2742324,126748021.27423236 
 07/01  19:00:00,,,68120538.96118066,68120538.96118064 
 07/01  20:00:00,,,57848395.181213334,57848395.181213334 
 07/01  21:00:00,,,69931813.14013854,69931813.14013852 
 07/01  22:00:00,,,68261567.22449327,68261567.22449327 
 07/01  23:00:00,,,64101216.17797928,64101216.177979276 
 07/01  24:00:00,,,18944087.358591765,18944087.358591765 
 07/02  01:00:00,,,20022739.54180227,20022739.541802265 
 07/02  02:00:00,,,18771321.451500002,18771321.4515 
 07/02  03:00:00,,,21274272.9058218,21274272.9058218 
 07/02  04:00:00,,,20022775.73924067,20022775.73924067 
 07/02  05:00:00,,,12709557.4515,12709557.451499999 
 07/02  06:00:00,,,12181651.029465519,12181651.029465517 
 07/02  07:00:00,,,10930163.90180169,10930163.90180169 
 07/02  08:00:00,,,17014406.339691572,17014406.33969157 
 07/02  09:00:00,,,61268406.2335275,61268406.2335275 
 07/02  10:00:00,,,129511278.53526466,129511278.53526461 
 07/02  11:00:00,,,171939167.6116926,171939167.61169258 
 07/02  12:00:00,,,166892709.68719736,166892709.6871973 
 07/02  13:00:00,,,170414660.05817357,170414660.0581735 
 07/02  14:00:00,,,169695527.44981223,169695527.4498122 
 07/02  15:00:00,,,169422082.66340342,169422082.66340342 
 07/02  16:00:00,,,170686997.76797116,170686997.76797113 
 07/02  17:00:00,,,117146612.881759,117146612.88175896 
 07/02  18:00:00,,,51972379.121832654,51972379.12183265 
 07/02  19:00:00,,,50442987.81139648,50442987.81139648 
 07/02  20:00:00,,,48090605.91397782,48090605.91397781 
 07/02  21:00:00,,,67176985.24213094,67176985.24213094 
 07/02  22:00:00,,,63837665.092987105,63837665.09298709 
 07/02  23:00:00,,,47712771.31720272,47712771.31720272 
 07/02  24:00:00,,,19013007.208323587,19013007.208323587 
 07/03  01:00:00,,,19889116.483387243,19889116.483387243 
 07/03  02:00:00,,,21274164.27526534,21274164.275265336 
 07/03  03:00:00,,,22526204.915980615,22526204.91598061 
 07/03  04:00:00,,,18771321.451500002,18771321.4515 
 07/03  05:00:00,,,12709557.4515,12709557.451499999 
 07/03  06:00:00,,,9678675.4515,9678675.4515 
 07/03  07:00:00,,,14353054.791749809,14353054.791749809 
 07/03  08:00:00,,,43251352.12802056,43251352.12802056 
 07/03  09:00:00,,,115222026.47928163,115222026.47928159 
 07/03  10:00:00,,,168272026.1795496,168272026.17954957 
 07/03  11:00:00,,,168267844.93073666,168267844.93073663 
 07/03  12:00:00,,,173514721.24571794,173514721.24571797 
 07/03  13:00:00,,,174415853.0916058,174415853.09160578 
 07/03  14:00:00,,,169705866.98665217,169705866.98665217 
 07/03  15:00:00,,,172055528.77125156,172055528.77125156 
 07/03  16:00:00,,,172002588.65112135,172002588.65112132 
 07/03  17:00:00,,,169451932.73963267,169451932.73963267 
 07/03  18:00:00,,,171971697.7961183,171971697.79611823 
 07/03  19:00:00,,,168162240.5000449,168162240.50004485 
 07/03  20:00:00,,,120971495.28498839,120971495.28498837 
 07/03  21:00:00,,,64269642.24848432,64269642.24848432 
 07/03  22:00:00,,,66872996.109939314,66872996.109939314 
 07/03  23:00:00,,,46265836.19246316,46265836.19246316 
 07/03  24:00:00,,,20131078.484454505,20131078.484454505 
 07/04  01:00:00,,,18771321.451500002,18771321.4515 
 07/04  02:00:00,,,21274631.49543225,21274631.49543225 
 07/04  03:00:00,,,20023121.787385985,20023121.78738598 
 07/04  04:00:00,,,18771321.451500002,18771321.4515 
 07/04  05:00:00,,,15213025.300409494,15213025.300409494 
 07/04  06:00:00,,,10930271.26092158,10930271.260921579 
 07/04  07:00:00,,,10930503.661160324,10930503.661160324 
 07/04  08:00:00,,,17011925.442447804,17011925.442447804 
 07/04  09:00:00,,,60103171.38079447,60103171.38079447 
 07/04  10:00:00,,,133301630.44567126,133301630.4456712 
 07/04  11:00:00,,,166890274.09827313,166890274.09827307 
 07/04  12:00:00,,,173210201.75220338,173210201.75220335 
 07/04  13:00:00,,,166894191.62712374,166894191.62712374 
 07/04  14:00:00,,,172573178.91118255,172573178.91118252 
 07/04  15:00:00,,,167533993.4235238,167533993.42352378 
 07/04  16:00:00,,,169422109.28496656,169422109.28496653 
 07/04  17:00:00,,,119676381.76665197,119676381.76665193 
 07/04  18:00:00,,,48600767.16657272,48600767.16657271 
 07/04  19:00:00,,,50808758.77629933,50808758.77629933 
 07/04  20:00:00,,,49463676.448783256,49463676.448783256 
 07/04  21:00:00,,,64561155.436054155,64561155.43605415 
 07/04  22:00:00,,,69860237.91857545,69860237.91857544 
 07/04  23:00:00,,,46224637.078959085,46224637.07895908 
 07/04  24:00:00,,,18879320.4037272,18879320.4037272 
 07/05  01:00:00,,,20023007.75052253,20023007.75052253 
 07/05  02:00:00,,,18771321.451500002,18771321.4515 
 07/05  03:00:00,,,18771321.451500002,18771321.4515 
 07/05  04:00:00,,,20023065.408544473,20023065.408544473 
 07/05  05:00:00,,,15213007.735766772,15213007.735766772 
 07/05  06:00:00,,,13433869.144551653,13433869.144551653 
 07/05  07:00:00,,,13101441.768688302,13101441.768688302 
 07/05  08:00:00,,,41995081.32567195,41995081.32567195 
 07/05  09:00:00,,,111280152.0465737,111280152.0465737 
 07/05  10:00:00,,,170672146.7225964,170672146.72259638 
 07/05  11:00:00,,,169427584.72522628,169427584.72522625 
 07/05  12:00:00,,,174561274.82344195,174561274.82344192 
 07/05  13:00:00,,,173561236.12118962,173561236.12118962 
 07/05  14:00:00,,,185513589.17400473,185513589.17400464 
 07/05  15:00:00,,,194404177.37545186,194404177.37545183 
 07/05  16:00:00,,,187968092.0885859,187968092.08858588 
 07/05  17:00:00,,,196515391.41839695,196515391.41839692 
 07/05  18:00:00,,,192209959.57321876,192209959.57321873 
 07/05  19:00:00,,,190529510.0013036,190529510.00130358 
 07/05  20:00:00,,,121945949.24096282,121945949.24096279 
 07/05  21:00:00,,,71736300.40778817,71736300.40778817 
 07/05  22:00:00,,,66824311.85084073,66824311.85084073 
 07/05  23:00:00,,,49217970.995716915,49217970.995716915 
 07/05  24:00:00,,,20130857.375697598,20130857.375697598 
 07/06  01:00:00,,,20022565.509314712,20022565.50931471 
 07/06  02:00:00,,,18771321.451500002,18771321.4515 
 07/06  03:00:00,,,18771321.451500002,18771321.4515 
 07/06  04:00:00,,,21274167.34480987,21274167.344809867 
 07/06  05:00:00,,,12709557.4515,12709557.451499999 
 07/06  06:00:00,,,10930228.365985695,10930228.365985695 
 07/06  07:00:00,,,15604248.301273342,15604248.301273342 
 07/06  08:00:00,,,43241505.79895496,43241505.79895497 
 07/06  09:00:00,,,112540031.79542492,112540031.79542491 
 07/06  10:00:00,,,168151624.6479555,168151624.64795548 
 07/06  11:00:00,,,174634922.2169482,174634922.21694818 
 07/06  12:00:00,,,185328758.94676998,185328758.94676995 
 07/06  13:00:00,,,192062763.1921394,192062763.1921394 
 07/06  14:00:00,,,189628475.69013518,189628475.69013515 
 07/06  15:00:00,,,183806424.21405205,183806424.21405202 
 07/06  16:00:00,,,177857497.97898903,177857497.978989 
 07/06  17:00:00,,,178676055.17891607,178676055.17891607 
 07/06  18:00:00,,,183646771.8772843,183646771.87728426 
 07/06  19:00:00,,,178608496.2902401,178608496.29024008 
 07/06  20:00:00,,,120906639.70156884,120906639.70156881 
 07/06  21:00:00,,,73212116.67467207,73212116.67467205 
 07/06  22:00:00,,,71195815.32735175,71195815.32735175 
 07/06  23:00:00,,,49705812.66485805,49705812.66485806 
 07/06  24:00:00,,,30920528.18610959,30920528.186109588 
 07/07  01:00:00,,,18879320.4037272,18879320.4037272 
 07/07  02:00:00,,,18771321.451500002,18771321.4515 
 07/07  03:00:00,,,21274268.49151985,21274268.491519846 
 07/07  04:00:00,,,20022528.512051314,20022528.51205131 
 07/07  05:00:00,,,13961044.95933121,13961044.95933121 
 07/07  06:00:00,,,10930159.39673933,10930159.396739332 
 07/07  07:00:00,,,14352953.255045613,14352953.255045611 
 07/07  08:00:00,,,41434785.98022362,41434785.98022362 
 07/07  09:00:00,,,112400730.12665552,112400730.12665549 
 07/07  10:00:00,,,182167184.47669375,182167184.47669375 
 07/07  11:00:00,,,186033339.56940427,186033339.56940424 
 07/07  12:00:00,,,180471377.8921359,180471377.8921359 
 07/07  13:00:00,,,185445425.8028152,185445425.80281517 
 07/07  14:00:00,,,190365473.12423268,190365473.12423265 
 07/07  15:00:00,,,189245617.89877036,189245617.8987703 
 07/07  16:00:00,,,189501258.78549734,189501258.78549734 
 07/07  17:00:00,,,196469359.18631506,196469359.18631506 
 07/07  18:00:00,,,199227716.893997,199227716.893997 
 07/07  19:00:00,,,199124735.23270845,199124735.23270842 
 07/07  20:00:00,,,136718809.85882783,136718809.85882777 
 07/07  21:00:00,,,83250318.60553448,83250318.60553446 
 07/07  22:00:00,,,78328000.23010528,78328000.23010528 
 07/07  23:00:00,,,64693130.31938964,64693130.31938964 
 07/07  24:00:00,,,44962418.38765366,44962418.38765366 
 07/08  01:00:00,,,21267954.764200084,21267954.764200084 
 07/08  02:00:00,,,18771321.451500002,18771321.4515 
 07/08  03:00:00,,,18771321.451500002,18771321.4515 
 07/08  04:00:00,,,20022727.275776453,20022727.275776453 
 07/08  05:00:00,,,12709557.4515,12709557.451499999 
 07/08  06:00:00,,,12181528.725039339,12181528.725039339 
 07/08  07:00:00,,,15747354.63894682,15747354.638946816 
 07/08  08:00:00,,,42964599.68510353,42964599.68510353 
 07/08  09:00:00,,,117945260.96647014,117945260.96647014 
 07/08  10:00:00,,,188632668.27968538,188632668.27968535 
 07/08  11:00:00,,,203897485.12990105,203897485.12990096 
 07/08  12:00:00,,,205360262.29746377,205360262.29746377 
 07/08  13:00:00,,,217413852.75711444,217413852.7571144 
 07/08  14:00:00,,,222018527.92560565,222018527.92560568 
 07/08  15:00:00,,,220265189.44265926,220265189.44265926 
 07/08  16:00:00,,,226490579.98788434,226490579.98788434 
 07/08  17:00:00,,,222195183.78981233,222195183.7898123 
 07/08  18:00:00,,,164885981.8089857,164885981.80898565 
 07/08  19:00:00,,,77685288.77782741,77685288.77782741 
 07/08  20:00:00,,,77257190.08275095,77257190.08275093 
 07/08  21:00:00,,,79783434.59035045,79783434.59035042 
 07/08  22:00:00,,,77915409.72463652,77915409.72463651 
 07/08  23:00:00,,,74947049.26409258,74947049.26409256 
 07/08  24:00:00,,,20351009.428273447,20351009.42827344 
 07/09  01:00:00,,,21096226.492860276,21096226.492860273 
 07/09  02:00:00,,,20109071.056383662,20109071.056383662 
 07/09  03:00:00,,,21274152.438428037,21274152.438428033 
 07/09  04:00:00,,,20022766.39635045,20022766.396350447 
 07/09  05:00:00,,,12709557.4515,12709557.451499999 
 07/09  06:00:00,,,9678675.4515,9678675.4515 
 07/09  07:00:00,,,13432903.943855975,13432903.943855975 
 07/09  08:00:00,,,17026175.665573128,17026175.665573128 
 07/09  09:00:00,,,71741571.53567979,71741571.5356798 
 07/09  10:00:00,,,163133656.24285856,163133656.24285853 
 07/09  11:00:00,,,215135863.2002502,215135863.20025018 
 07/09  12:00:00,,,229471006.6926309,229471006.6926309 
 07/09  13:00:00,,,232095458.3456128,232095458.3456128 
 07/09  14:00:00,,,241323728.88741732,241323728.88741732 
 07/09  15:00:00,,,240777387.20293823,240777387.20293823 
 07/09  16:00:00,,,246270656.98159835,246270656.98159835 
 07/09  17:00:00,,,179783176.62064922,179783176.62064922 
 07/09  18:00:00,,,87189821.84317255,87189821.84317255 
 07/09  19:00:00,,,81178680.95226048,81178680.95226048 
 07/09  20:00:00,,,78219133.83027086,78219133.83027086 
 07/09  21:00:00,,,85213196.44010471,85213196.44010471 
 07/09  22:00:00,,,80782337.03786735,80782337.03786734 
 07/09  23:00:00,,,58431170.45302959,58431170.45302959 
 07/09  24:00:00,,,23438718.91981203,23438718.91981203 
 07/10  01:00:00,,,23075910.91573436,23075910.915734358 
 07/10  02:00:00,,,21739114.36418207,21739114.36418207 
 07/10  03:00:00,,,20022730.44074683,20022730.440746825 
 07/10  04:00:00,,,21274133.409428686,21274133.409428682 
 07/10  05:00:00,,,15212353.897801612,15212353.897801612 
 07/10  06:00:00,,,10930096.600535696,10930096.600535696 
 07/10  07:00:00,,,14028979.925222676,14028979.925222676 
 07/10  08:00:00,,,41623409.134851456,41623409.134851456 
 07/10  09:00:00,,,137167509.18727562,137167509.1872756 
 07/10  10:00:00,,,221209781.33675238,221209781.3367524 
 07/10  11:00:00,,,230255661.15802264,230255661.15802258 
 07/10  12:00:00,,,249730363.7391812,249730363.7391812 
 07/10  13:00:00,,,255104345.18095148,255104345.18095145 
 07/10  14:00:00,,,255096208.900619,255096208.90061894 
 07/10  15:00:00,,,256304500.69636264,256304500.69636258 
 07/10  16:00:00,,,247714729.3261394,247714729.3261394 
 07/10  17:00:00,,,246804685.98325646,246804685.98325646 
 07/10  18:00:00,,,234656725.02422366,234656725.02422366 
 07/10  19:00:00,,,227150303.01778713,227150303.01778716 
 07/10  20:00:00,,,154142034.09740704,154142034.097407 
 07/10  21:00:00,,,102109465.88450882,102109465.88450882 
 07/10  22:00:00,,,78982866.28296839,78982866.28296839 
 07/10  23:00:00,,,52391507.92990091,52391507.92990091 
 07/10  24:00:00,,,21636625.028275892,21636625.028275892 
 07/11  01:00:00,,,21765461.455641516,21765461.45564151 
 07/11  02:00:00,,,20138011.99718333,20138011.997183327 
 07/11  03:00:00,,,20022745.935697455,20022745.935697455 
 07/11  04:00:00,,,18771321.451500002,18771321.4515 
 07/11  05:00:00,,,13961004.615571007,13961004.615571007 
 07/11  06:00:00,,,12181365.356269185,12181365.356269185 
 07/11  07:00:00,,,13404077.316467002,13404077.316467 
 07/11  08:00:00,,,41988293.70897182,41988293.70897181 
 07/11  09:00:00,,,113796795.95965216,113796795.95965214 
 07/11  10:00:00,,,174478498.8327554,174478498.8327554 
 07/11  11:00:00,,,189491664.8068449,189491664.80684483 
 07/11  12:00:00,,,194790708.46784028,194790708.46784025 
 07/11  13:00:00,,,201585313.56911936,201585313.56911933 
 07/11  14:00:00,,,200719154.7098752,200719154.70987517 
 07/11  15:00:00,,,204373513.38702518,204373513.38702518 
 07/11  16:00:00,,,199595544.3300628,199595544.33006275 
 07/11  17:00:00,,,197166075.43901265,197166075.43901262 
 07/11  18:00:00,,,200687956.5080974,200687956.50809738 
 07/11  19:00:00,,,191899081.49890265,191899081.49890262 
 07/11  20:00:00,,,125964024.48224983,125964024.48224981 
 07/11  21:00:00,,,78719087.6587272,78719087.65872721 
 07/11  22:00:00,,,66127194.13112005,66127194.131120056 
 07/11  23:00:00,,,51159284.79921404,51159284.799214035 
 07/11  24:00:00,,,19371644.152482197,19371644.152482197 
 07/12  01:00:00,,,20022737.534654163,20022737.53465416 
 07/12  02:00:00,,,18771321.451500002,18771321.4515 
 07/12  03:00:00,,,18771321.451500002,18771321.4515 
 07/12  04:00:00,,,20022501.391762655,20022501.39176265 
 07/12  05:00:00,,,15212499.682730574,15212499.682730572 
 07/12  06:00:00,,,10930115.546803383,10930115.546803381 
 07/12  07:00:00,,,15714228.226192754,15714228.226192752 
 07/12  08:00:00,,,41992674.448863894,41992674.4488639 
 07/12  09:00:00,,,112540039.70008312,112540039.70008312 
 07/12  10:00:00,,,168148506.64764914,168148506.6476491 
 07/12  11:00:00,,,171956402.55696848,171956402.55696845 
 07/12  12:00:00,,,169647211.21565393,169647211.2156539 
 07/12  13:00:00,,,170515051.24011892,170515051.2401189 
 07/12  14:00:00,,,174542461.13900343,174542461.1390034 
 07/12  15:00:00,,,169683216.83208632,169683216.8320863 
 07/12  16:00:00,,,170845412.51838207,170845412.51838207 
 07/12  17:00:00,,,173238738.38879818,173238738.38879815 
 07/12  18:00:00,,,166896370.85853654,166896370.8585365 
 07/12  19:00:00,,,173231079.283066,173231079.28306597 
 07/12  20:00:00,,,115879709.0283352,115879709.02833515 
 07/12  21:00:00,,,71977449.4068608,71977449.40686077 
 07/12  22:00:00,,,63738307.75966553,63738307.75966552 
 07/12  23:00:00,,,47919612.95656514,47919612.95656514 
 07/12  24:00:00,,,21382282.17297241,21382282.17297241 
 07/13  01:00:00,,,20022882.46403909,20022882.46403909 
 07/13  02:00:00,,,21274324.53537127,21274324.53537127 
 07/13  03:00:00,,,18771321.451500002,18771321.4515 
 07/13  04:00:00,,,18771321.451500002,18771321.4515 
 07/13  05:00:00,,,15476552.913142674,15476552.91314267 
 07/13  06:00:00,,,9678675.4515,9678675.4515 
 07/13  07:00:00,,,14352691.534795042,14352691.534795042 
 07/13  08:00:00,,,44491515.13551673,44491515.13551673 
 07/13  09:00:00,,,113797144.33033448,113797144.33033448 
 07/13  10:00:00,,,168151455.9289976,168151455.92899758 
 07/13  11:00:00,,,170689628.56327718,170689628.56327716 
 07/13  12:00:00,,,170766907.3718803,170766907.37188026 
 07/13  13:00:00,,,186371840.73792788,186371840.73792785 
 07/13  14:00:00,,,198184176.45862427,198184176.45862424 
 07/13  15:00:00,,,206822785.11647353,206822785.1164735 
 07/13  16:00:00,,,208762422.09070355,208762422.09070352 
 07/13  17:00:00,,,205486226.1982284,205486226.1982283 
 07/13  18:00:00,,,204988386.68624124,204988386.6862412 
 07/13  19:00:00,,,194084142.06454617,194084142.06454614 
 07/13  20:00:00,,,123436389.91807655,123436389.9180765 
 07/13  21:00:00,,,75125083.43924914,75125083.43924914 
 07/13  22:00:00,,,67706998.96767661,67706998.96767661 
 07/13  23:00:00,,,48108826.63126008,48108826.63126008 
 07/13  24:00:00,,,30520789.008605786,30520789.00860578 
 07/14  01:00:00,,,22633705.08258485,22633705.08258485 
 07/14  02:00:00,,,18771321.451500002,18771321.4515 
 07/14  03:00:00,,,18771321.451500002,18771321.4515 
 07/14  04:00:00,,,20022906.04494332,20022906.044943318 
 07/14  05:00:00,,,14224998.4515,14224998.451499999 
 07/14  06:00:00,,,12181711.977564381,12181711.977564381 
 07/14  07:00:00,,,14352966.252276104,14352966.252276102 
 07/14  08:00:00,,,41440222.92363547,41440222.923635475 
 07/14  09:00:00,,,113574383.2849656,113574383.28496556 
 07/14  10:00:00,,,184628204.54832152,184628204.54832152 
 07/14  11:00:00,,,197658966.4791714,197658966.4791714 
 07/14  12:00:00,,,201491487.772655,201491487.772655 
 07/14  13:00:00,,,210380938.42280388,210380938.42280382 
 07/14  14:00:00,,,217381334.72721967,217381334.7272196 
 07/14  15:00:00,,,217282200.94722235,217282200.94722235 
 07/14  16:00:00,,,219665703.968984,219665703.96898404 
 07/14  17:00:00,,,215995900.95620677,215995900.95620677 
 07/14  18:00:00,,,206939130.1772515,206939130.17725146 
 07/14  19:00:00,,,200980519.00222588,200980519.00222582 
 07/14  20:00:00,,,126778914.5635021,126778914.56350209 
 07/14  21:00:00,,,79770094.93931139,79770094.93931139 
 07/14  22:00:00,,,67969717.51950689,67969717.51950689 
 07/14  23:00:00,,,55058956.33578276,55058956.33578276 
 07/14  24:00:00,,,44103394.03284872,44103394.03284872 
 07/15  01:00:00,,,20130723.746351723,20130723.746351723 
 07/15  02:00:00,,,20022752.758647773,20022752.758647773 
 07/15  03:00:00,,,20022750.027691882,20022750.027691882 
 07/15  04:00:00,,,18771321.451500002,18771321.4515 
 07/15  05:00:00,,,15476457.06332447,15476457.063324468 
 07/15  06:00:00,,,9678675.4515,9678675.4515 
 07/15  07:00:00,,,13163089.663281769,13163089.663281769 
 07/15  08:00:00,,,43944810.649076045,43944810.64907605 
 07/15  09:00:00,,,116136837.09110242,116136837.09110239 
 07/15  10:00:00,,,192016762.6249295,192016762.62492943 
 07/15  11:00:00,,,207708763.03863278,207708763.03863275 
 07/15  12:00:00,,,220775811.71891862,220775811.71891865 
 07/15  13:00:00,,,229527798.0395626,229527798.0395626 
 07/15  14:00:00,,,230032381.8823806,230032381.88238063 
 07/15  15:00:00,,,235646954.4732399,235646954.47323987 
 07/15  16:00:00,,,236094181.54061353,236094181.54061356 
 07/15  17:00:00,,,228412860.3197857,228412860.31978568 
 07/15  18:00:00,,,172716834.5716366,172716834.57163653 
 07/15  19:00:00,,,76505005.99285288,76505005.99285288 
 07/15  20:00:00,,,75768889.26374087,75768889.26374087 
 07/15  21:00:00,,,88852675.13110632,88852675.13110632 
 07/15  22:00:00,,,80563054.92116037,80563054.92116037 
 07/15  23:00:00,,,77353577.30233946,77353577.30233945 
 07/15  24:00:00,,,26675524.723272543,26675524.723272543 
 07/16  01:00:00,,,21869219.60911104,21869219.609111037 
 07/16  02:00:00,,,20109894.76489028,20109894.76489028 
 07/16  03:00:00,,,20045255.03330355,20045255.03330355 
 07/16  04:00:00,,,20022758.5487006,20022758.5487006 
 07/16  05:00:00,,,14224998.4515,14224998.451499999 
 07/16  06:00:00,,,12181526.07340889,12181526.07340889 
 07/16  07:00:00,,,10930106.679540535,10930106.679540535 
 07/16  08:00:00,,,17012211.36045178,17012211.36045178 
 07/16  09:00:00,,,60007330.93445434,60007330.93445434 
 07/16  10:00:00,,,132733575.99364069,132733575.99364065 
 07/16  11:00:00,,,175722081.14434433,175722081.14434433 
 07/16  12:00:00,,,183734381.7088015,183734381.70880145 
 07/16  13:00:00,,,194477450.99312368,194477450.99312365 
 07/16  14:00:00,,,202981663.9839783,202981663.98397824 
 07/16  15:00:00,,,216486695.95048982,216486695.95048985 
 07/16  16:00:00,,,212614389.4604696,212614389.46046957 
 07/16  17:00:00,,,156377181.00738478,156377181.00738475 
 07/16  18:00:00,,,84704381.71739852,84704381.71739852 
 07/16  19:00:00,,,77470205.30476056,77470205.30476056 
 07/16  20:00:00,,,64771859.86513433,64771859.86513433 
 07/16  21:00:00,,,76808877.8022416,76808877.8022416 
 07/16  22:00:00,,,66903365.847987615,66903365.84798762 
 07/16  23:00:00,,,51014874.75540406,51014874.75540406 
 07/16  24:00:00,,,21539405.041594543,21539405.041594543 
 07/17  01:00:00,,,18771321.451500002,18771321.4515 
 07/17  02:00:00,,,20022750.505349983,20022750.50534998 
 07/17  03:00:00,,,18771321.451500002,18771321.4515 
 07/17  04:00:00,,,18771321.451500002,18771321.4515 
 07/17  05:00:00,,,15476341.14547307,15476341.14547307 
 07/17  06:00:00,,,10930166.905534428,10930166.905534426 
 07/17  07:00:00,,,15604361.342224091,15604361.342224091 
 07/17  08:00:00,,,43239750.32565346,43239750.32565347 
 07/17  09:00:00,,,112797388.35986955,112797388.35986954 
 07/17  10:00:00,,,178915601.74378726,178915601.74378723 
 07/17  11:00:00,,,197566241.9503849,197566241.9503849 
 07/17  12:00:00,,,199474368.36506188,199474368.36506182 
 07/17  13:00:00,,,214683458.41800576,214683458.41800573 
 07/17  14:00:00,,,220867252.3474674,220867252.3474674 
 07/17  15:00:00,,,217678875.8089053,217678875.80890536 
 07/17  16:00:00,,,220388679.30416167,220388679.30416167 
 07/17  17:00:00,,,215444498.5255332,215444498.5255332 
 07/17  18:00:00,,,213682660.82497576,213682660.8249757 
 07/17  19:00:00,,,206230829.38761505,206230829.387615 
 07/17  20:00:00,,,135242594.85836604,135242594.858366 
 07/17  21:00:00,,,81138974.57915659,81138974.57915659 
 07/17  22:00:00,,,74500784.42027542,74500784.42027542 
 07/17  23:00:00,,,48377759.963961564,48377759.963961564 
 07/17  24:00:00,,,19756631.005333703,19756631.0053337 
 07/18  01:00:00,,,22525573.522836346,22525573.52283635 
 07/18  02:00:00,,,18771321.451500002,18771321.4515 
 07/18  03:00:00,,,20022624.152982835,20022624.15298283 
 07/18  04:00:00,,,18771321.451500002,18771321.4515 
 07/18  05:00:00,,,15476179.664823914,15476179.664823912 
 07/18  06:00:00,,,12181607.465316601,12181607.465316601 
 07/18  07:00:00,,,13291769.470217403,13291769.470217401 
 07/18  08:00:00,,,41992767.13011029,41992767.13011029 
 07/18  09:00:00,,,118929666.88105133,118929666.88105127 
 07/18  10:00:00,,,196845315.5080083,196845315.50800824 
 07/18  11:00:00,,,214050375.91477126,214050375.91477123 
 07/18  12:00:00,,,226831359.42440528,226831359.42440528 
 07/18  13:00:00,,,234037579.19944757,234037579.19944757 
 07/18  14:00:00,,,239192090.58119422,239192090.58119422 
 07/18  15:00:00,,,236815128.07625926,236815128.07625926 
 07/18  16:00:00,,,234776575.93028998,234776575.93028995 
 07/18  17:00:00,,,234760909.44563782,234760909.44563785 
 07/18  18:00:00,,,228653927.3821318,228653927.3821318 
 07/18  19:00:00,,,225742611.85416365,225742611.85416365 
 07/18  20:00:00,,,156562415.6910547,156562415.69105467 
 07/18  21:00:00,,,109480222.65071252,109480222.65071252 
 07/18  22:00:00,,,83001942.64344698,83001942.64344698 
 07/18  23:00:00,,,58868000.3124899,58868000.3124899 
 07/18  24:00:00,,,28833373.90974131,28833373.909741305 
 07/19  01:00:00,,,21762454.718052555,21762454.71805255 
 07/19  02:00:00,,,22199813.44269914,22199813.442699138 
 07/19  03:00:00,,,20022720.662116345,20022720.662116345 
 07/19  04:00:00,,,18771321.451500002,18771321.4515 
 07/19  05:00:00,,,14224998.4515,14224998.451499999 
 07/19  06:00:00,,,10930102.556447204,10930102.556447202 
 07/19  07:00:00,,,13702034.13852851,13702034.13852851 
 07/19  08:00:00,,,44758197.43936539,44758197.439365394 
 07/19  09:00:00,,,133389053.95850527,133389053.95850527 
 07/19  10:00:00,,,215098303.71899813,215098303.71899807 
 07/19  11:00:00,,,230391165.30011654,230391165.3001165 
 07/19  12:00:00,,,245035268.98836926,245035268.9883692 
 07/19  13:00:00,,,255903469.53944772,255903469.53944772 
 07/19  14:00:00,,,255049141.51246476,255049141.51246476 
 07/19  15:00:00,,,257040335.54409447,257040335.54409444 
 07/19  16:00:00,,,256498499.9909629,256498499.9909629 
 07/19  17:00:00,,,259381276.72175118,259381276.72175115 
 07/19  18:00:00,,,251466688.78092003,251466688.78092 
 07/19  19:00:00,,,238862711.95152116,238862711.95152113 
 07/19  20:00:00,,,174540881.80533913,174540881.8053391 
 07/19  21:00:00,,,105695387.5071317,105695387.5071317 
 07/19  22:00:00,,,94192123.11801529,94192123.11801529 
 07/19  23:00:00,,,65530245.26149181,65530245.26149182 
 07/19  24:00:00,,,30954583.495644838,30954583.495644838 
 07/20  01:00:00,,,29738312.482738785,29738312.48273878 
 07/20  02:00:00,,,27368369.75676532,27368369.75676532 
 07/20  03:00:00,,,21830022.593278702,21830022.593278702 
 07/20  04:00:00,,,22382128.665781096,22382128.665781096 
 07/20  05:00:00,,,17979207.317054655,17979207.31705465 
 07/20  06:00:00,,,11505689.114061205,11505689.114061203 
 07/20  07:00:00,,,20543110.56564873,20543110.56564873 
 07/20  08:00:00,,,57482208.06041037,57482208.06041037 
 07/20  09:00:00,,,156184861.16828233,156184861.1682823 
 07/20  10:00:00,,,236268344.59244007,236268344.59244007 
 07/20  11:00:00,,,246585205.45307836,246585205.45307836 
 07/20  12:00:00,,,281242205.83029413,281242205.8302941 
 07/20  13:00:00,,,291347922.1213787,291347922.1213788 
 07/20  14:00:00,,,295142449.3942674,295142449.3942673 
 07/20  15:00:00,,,295946388.29320425,295946388.29320425 
 07/20  16:00:00,,,285341097.5863441,285341097.5863441 
 07/20  17:00:00,,,283303408.73548687,283303408.73548687 
 07/20  18:00:00,,,255470876.77440044,255470876.7744004 
 07/20  19:00:00,,,249939336.93951714,249939336.93951717 
 07/20  20:00:00,,,180510025.1789656,180510025.17896557 
 07/20  21:00:00,,,103206753.90862715,103206753.90862715 
 07/20  22:00:00,,,106934168.78191465,106934168.78191464 
 07/20  23:00:00,,,73162418.50112192,73162418.50112192 
 07/20  24:00:00,,,49143854.43601862,49143854.43601862 
 07/21  01:00:00,,,30781502.958412204,30781502.9584122 
 07/21  02:00:00,,,30139085.480061766,30139085.48006177 
 07/21  03:00:00,,,29478739.322870914,29478739.32287091 
 07/21  04:00:00,,,27827948.857364655,27827948.857364655 
 07/21  05:00:00,,,19375149.631721254,19375149.63172125 
 07/21  06:00:00,,,22596387.19184999,22596387.19184999 
 07/21  07:00:00,,,22433081.003866054,22433081.003866054 
 07/21  08:00:00,,,63318681.4238062,63318681.42380619 
 07/21  09:00:00,,,163354247.38149637,163354247.38149637 
 07/21  10:00:00,,,239847149.67331278,239847149.67331272 
 07/21  11:00:00,,,254893470.4277761,254893470.4277761 
 07/21  12:00:00,,,285441880.6524695,285441880.65246946 
 07/21  13:00:00,,,282068710.915686,282068710.91568595 
 07/21  14:00:00,,,264547247.65693617,264547247.6569361 
 07/21  15:00:00,,,243241662.41839212,243241662.41839212 
 07/21  16:00:00,,,234621251.03606164,234621251.03606167 
 07/21  17:00:00,,,243611931.97423524,243611931.97423524 
 07/21  18:00:00,,,242857140.36042422,242857140.36042422 
 07/21  19:00:00,,,236038536.9546348,236038536.95463473 
 07/21  20:00:00,,,158172604.95179048,158172604.95179045 
 07/21  21:00:00,,,99631099.40691455,99631099.40691453 
 07/21  22:00:00,,,83225142.15148209,83225142.15148209 
 07/21  23:00:00,,,69666062.60823861,69666062.60823861 
 07/21  24:00:00,,,49002820.354327306,49002820.3543273 
 07/22  01:00:00,,,27432922.8808537,27432922.880853705 
 07/22  02:00:00,,,27862994.15688873,27862994.15688873 
 07/22  03:00:00,,,20090095.208683558,20090095.208683558 
 07/22  04:00:00,,,21188377.078979786,21188377.078979783 
 07/22  05:00:00,,,17341000.047005575,17341000.047005575 
 07/22  06:00:00,,,9678675.4515,9678675.4515 
 07/22  07:00:00,,,20097867.2330058,20097867.233005796 
 07/22  08:00:00,,,43777249.38182246,43777249.38182246 
 07/22  09:00:00,,,134545078.01399755,134545078.01399752 
 07/22  10:00:00,,,220740425.5093251,220740425.50932515 
 07/22  11:00:00,,,236597299.98206693,236597299.98206687 
 07/22  12:00:00,,,256921307.01651943,256921307.01651943 
 07/22  13:00:00,,,276751975.4403076,276751975.4403076 
 07/22  14:00:00,,,291923296.88497543,291923296.88497543 
 07/22  15:00:00,,,299971708.78482413,299971708.7848241 
 07/22  16:00:00,,,297632764.67316484,297632764.67316484 
 07/22  17:00:00,,,286562423.04305655,286562423.0430565 
 07/22  18:00:00,,,201901299.20068103,201901299.200681 
 07/22  19:00:00,,,92056815.8676637,92056815.86766368 
 07/22  20:00:00,,,103829532.90601556,103829532.90601556 
 07/22  21:00:00,,,90669954.40059757,90669954.40059757 
 07/22  22:00:00,,,88810568.75033888,88810568.75033887 
 07/22  23:00:00,,,74865930.5823426,74865930.58234258 
 07/22  24:00:00,,,27018721.26585744,27018721.265857432 
 07/23  01:00:00,,,27628447.643006224,27628447.64300622 
 07/23  02:00:00,,,22439457.007759847,22439457.007759847 
 07/23  03:00:00,,,19381709.224363584,19381709.22436358 
 07/23  04:00:00,,,21274157.681237902,21274157.6812379 
 07/23  05:00:00,,,16991848.076398466,16991848.076398462 
 07/23  06:00:00,,,9678675.4515,9678675.4515 
 07/23  07:00:00,,,12792950.063178949,12792950.063178947 
 07/23  08:00:00,,,17091867.18457041,17091867.184570406 
 07/23  09:00:00,,,61707757.44659434,61707757.44659435 
 07/23  10:00:00,,,138804619.8676419,138804619.86764187 
 07/23  11:00:00,,,194351699.0687862,194351699.06878614 
 07/23  12:00:00,,,201884127.46467966,201884127.46467966 
 07/23  13:00:00,,,200051618.76534852,200051618.76534846 
 07/23  14:00:00,,,199680061.07440102,199680061.074401 
 07/23  15:00:00,,,188035506.29595813,188035506.29595813 
 07/23  16:00:00,,,179212676.0643192,179212676.06431916 
 07/23  17:00:00,,,119542921.61445826,119542921.61445823 
 07/23  18:00:00,,,62816741.60568644,62816741.60568644 
 07/23  19:00:00,,,58113510.83932169,58113510.83932168 
 07/23  20:00:00,,,55545015.28983719,55545015.28983719 
 07/23  21:00:00,,,78251678.56722686,78251678.56722686 
 07/23  22:00:00,,,69634704.52196226,69634704.52196226 
 07/23  23:00:00,,,48803047.50354886,48803047.50354886 
 07/23  24:00:00,,,21447593.129836857,21447593.129836857 
 07/24  01:00:00,,,21297094.61490619,21297094.61490619 
 07/24  02:00:00,,,20022745.237242803,20022745.2372428 
 07/24  03:00:00,,,18771321.451500002,18771321.4515 
 07/24  04:00:00,,,20022762.565038957,20022762.565038953 
 07/24  05:00:00,,,18243062.30330728,18243062.30330728 
 07/24  06:00:00,,,12181524.899097957,12181524.899097953 
 07/24  07:00:00,,,13624597.260166593,13624597.260166593 
 07/24  08:00:00,,,40735833.99263792,40735833.99263792 
 07/24  09:00:00,,,113796663.17898197,113796663.17898197 
 07/24  10:00:00,,,171265154.30674404,171265154.306744 
 07/24  11:00:00,,,185550230.13856348,185550230.13856345 
 07/24  12:00:00,,,192588336.30886257,192588336.30886254 
 07/24  13:00:00,,,201246596.5292792,201246596.52927914 
 07/24  14:00:00,,,208954226.5356924,208954226.53569233 
 07/24  15:00:00,,,211543167.16677046,211543167.16677043 
 07/24  16:00:00,,,211135296.79266593,211135296.79266587 
 07/24  17:00:00,,,213545711.74711728,213545711.74711722 
 07/24  18:00:00,,,211623850.62343335,211623850.62343332 
 07/24  19:00:00,,,208643401.24361318,208643401.24361318 
 07/24  20:00:00,,,133922423.93232211,133922423.93232208 
 07/24  21:00:00,,,82415529.50934611,82415529.50934611 
 07/24  22:00:00,,,74538758.734822,74538758.734822 
 07/24  23:00:00,,,52470593.56243014,52470593.56243014 
 07/24  24:00:00,,,19478058.64122243,19478058.641222425 
 07/25  01:00:00,,,21373378.73661633,21373378.73661633 
 07/25  02:00:00,,,18771321.451500002,18771321.4515 
 07/25  03:00:00,,,20022740.599315077,20022740.599315077 
 07/25  04:00:00,,,20022765.338680822,20022765.33868082 
 07/25  05:00:00,,,15740439.4515,15740439.451499999 
 07/25  06:00:00,,,10930129.661691587,10930129.661691587 
 07/25  07:00:00,,,15805053.531211983,15805053.531211983 
 07/25  08:00:00,,,41992372.32896463,41992372.328964636 
 07/25  09:00:00,,,118233391.86661208,118233391.86661208 
 07/25  10:00:00,,,201148644.10327134,201148644.1032713 
 07/25  11:00:00,,,215567947.03509775,215567947.03509775 
 07/25  12:00:00,,,227215905.49848843,227215905.49848843 
 07/25  13:00:00,,,237124919.91811955,237124919.91811955 
 07/25  14:00:00,,,240650263.96030638,240650263.96030638 
 07/25  15:00:00,,,242245005.475688,242245005.475688 
 07/25  16:00:00,,,242622694.66343415,242622694.66343415 
 07/25  17:00:00,,,241929894.36910403,241929894.36910403 
 07/25  18:00:00,,,235851621.4014447,235851621.40144467 
 07/25  19:00:00,,,234353412.04462686,234353412.0446268 
 07/25  20:00:00,,,162679407.65292698,162679407.65292695 
 07/25  21:00:00,,,104570616.8199926,104570616.81999259 
 07/25  22:00:00,,,87235146.92525364,87235146.92525363 
 07/25  23:00:00,,,56218222.61424369,56218222.61424369 
 07/25  24:00:00,,,29296870.83959359,29296870.839593586 
 07/26  01:00:00,,,28963126.943439055,28963126.94343905 
 07/26  02:00:00,,,20067509.403315328,20067509.403315324 
 07/26  03:00:00,,,21631029.778747052,21631029.77874705 
 07/26  04:00:00,,,19322941.368299782,19322941.368299782 
 07/26  05:00:00,,,15740439.4515,15740439.451499999 
 07/26  06:00:00,,,12299179.197893947,12299179.197893947 
 07/26  07:00:00,,,15053457.804015953,15053457.804015953 
 07/26  08:00:00,,,43245472.5811921,43245472.5811921 
 07/26  09:00:00,,,113793576.14914688,113793576.14914687 
 07/26  10:00:00,,,167206783.17736208,167206783.17736202 
 07/26  11:00:00,,,183191807.60807094,183191807.6080709 
 07/26  12:00:00,,,179078379.25534138,179078379.25534138 
 07/26  13:00:00,,,191448356.73458818,191448356.73458815 
 07/26  14:00:00,,,194020885.6372251,194020885.63722506 
 07/26  15:00:00,,,194650251.4859235,194650251.48592347 
 07/26  16:00:00,,,197419274.7054422,197419274.7054422 
 07/26  17:00:00,,,194975984.28398666,194975984.28398663 
 07/26  18:00:00,,,199925029.40888482,199925029.4088848 
 07/26  19:00:00,,,190578773.5159777,190578773.5159777 
 07/26  20:00:00,,,125729758.27914211,125729758.2791421 
 07/26  21:00:00,,,76402287.35969496,76402287.35969496 
 07/26  22:00:00,,,70681038.32131314,70681038.32131314 
 07/26  23:00:00,,,47359384.83903715,47359384.83903715 
 07/26  24:00:00,,,21526430.32458823,21526430.32458823 
 07/27  01:00:00,,,18771321.451500002,18771321.4515 
 07/27  02:00:00,,,20022754.718102217,20022754.718102213 
 07/27  03:00:00,,,20022761.47290484,20022761.472904835 
 07/27  04:00:00,,,20022788.009746622,20022788.009746622 
 07/27  05:00:00,,,16991900.100422177,16991900.100422177 
 07/27  06:00:00,,,10930129.261243233,10930129.261243233 
 07/27  07:00:00,,,13101448.300023207,13101448.300023207 
 07/27  08:00:00,,,43243641.94580484,43243641.94580484 
 07/27  09:00:00,,,112536924.77885363,112536924.77885361 
 07/27  10:00:00,,,180373986.5463054,180373986.54630536 
 07/27  11:00:00,,,193880941.53335324,193880941.53335318 
 07/27  12:00:00,,,205313059.34240982,205313059.3424098 
 07/27  13:00:00,,,212884186.04048008,212884186.04048002 
 07/27  14:00:00,,,217200135.37333766,217200135.37333766 
 07/27  15:00:00,,,222807893.79554993,222807893.79555 
 07/27  16:00:00,,,221403767.79622895,221403767.79622895 
 07/27  17:00:00,,,221083285.85003236,221083285.85003242 
 07/27  18:00:00,,,215482463.50290856,215482463.50290853 
 07/27  19:00:00,,,204060530.2392442,204060530.23924413 
 07/27  20:00:00,,,135887363.05601236,135887363.05601233 
 07/27  21:00:00,,,83640584.22243737,83640584.22243737 
 07/27  22:00:00,,,71859621.56823848,71859621.56823847 
 07/27  23:00:00,,,49066934.29682567,49066934.29682567 
 07/27  24:00:00,,,35207395.3527739,35207395.3527739 
 07/28  01:00:00,,,18879320.4037272,18879320.4037272 
 07/28  02:00:00,,,21274117.155639984,21274117.15563998 
 07/28  03:00:00,,,18771321.451500002,18771321.4515 
 07/28  04:00:00,,,20022750.241734654,20022750.241734654 
 07/28  05:00:00,,,18243183.807284687,18243183.807284687 
 07/28  06:00:00,,,9678675.4515,9678675.4515 
 07/28  07:00:00,,,13392633.18073302,13392633.18073302 
 07/28  08:00:00,,,42691826.43921423,42691826.43921423 
 07/28  09:00:00,,,112976686.8633115,112976686.86331147 
 07/28  10:00:00,,,183430230.41402778,183430230.41402775 
 07/28  11:00:00,,,192035081.82962108,192035081.82962102 
 07/28  12:00:00,,,200341875.9020498,200341875.90204978 
 07/28  13:00:00,,,211936007.5152026,211936007.51520258 
 07/28  14:00:00,,,222902266.4495806,222902266.4495806 
 07/28  15:00:00,,,233678245.80789256,233678245.80789253 
 07/28  16:00:00,,,226207330.54776502,226207330.54776502 
 07/28  17:00:00,,,218784959.99071065,218784959.9907106 
 07/28  18:00:00,,,206376269.1399559,206376269.13995588 
 07/28  19:00:00,,,193181627.38893044,193181627.38893038 
 07/28  20:00:00,,,129284418.1129521,129284418.11295207 
 07/28  21:00:00,,,82288438.06379336,82288438.06379335 
 07/28  22:00:00,,,72654249.11202845,72654249.11202843 
 07/28  23:00:00,,,58150349.77912647,58150349.77912647 
 07/28  24:00:00,,,41672320.777580306,41672320.777580306 
 07/29  01:00:00,,,18879320.4037272,18879320.4037272 
 07/29  02:00:00,,,18771321.451500002,18771321.4515 
 07/29  03:00:00,,,18771321.451500002,18771321.4515 
 07/29  04:00:00,,,21274201.080607094,21274201.080607094 
 07/29  05:00:00,,,16991913.70756908,16991913.707569078 
 07/29  06:00:00,,,10930163.427612621,10930163.42761262 
 07/29  07:00:00,,,15604240.747660961,15604240.74766096 
 07/29  08:00:00,,,41442023.794425055,41442023.794425055 
 07/29  09:00:00,,,110852556.98032497,110852556.98032495 
 07/29  10:00:00,,,169263504.6895757,169263504.68957567 
 07/29  11:00:00,,,183849332.3061481,183849332.30614808 
 07/29  12:00:00,,,189481735.58338958,189481735.58338952 
 07/29  13:00:00,,,195508468.24230045,195508468.24230042 
 07/29  14:00:00,,,201017975.55683494,201017975.55683494 
 07/29  15:00:00,,,202644857.93433243,202644857.93433237 
 07/29  16:00:00,,,203290304.59755847,203290304.59755844 
 07/29  17:00:00,,,202861451.97074547,202861451.97074544 
 07/29  18:00:00,,,142866334.80743492,142866334.80743486 
 07/29  19:00:00,,,76586256.14724952,76586256.14724952 
 07/29  20:00:00,,,66264159.93879969,66264159.93879968 
 07/29  21:00:00,,,78571821.99814615,78571821.99814612 
 07/29  22:00:00,,,72704181.32373302,72704181.323733 
 07/29  23:00:00,,,64629748.14128898,64629748.14128897 
 07/29  24:00:00,,,19733612.220226366,19733612.220226366 
 07/30  01:00:00,,,20155616.137421153,20155616.137421153 
 07/30  02:00:00,,,18771321.451500002,18771321.4515 
 07/30  03:00:00,,,21274189.83516439,21274189.83516439 
 07/30  04:00:00,,,20022733.202029392,20022733.20202939 
 07/30  05:00:00,,,15740439.4515,15740439.451499999 
 07/30  06:00:00,,,13432842.798612265,13432842.798612261 
 07/30  07:00:00,,,9678675.4515,9678675.4515 
 07/30  08:00:00,,,17238154.541952137,17238154.541952133 
 07/30  09:00:00,,,60012270.24961846,60012270.24961846 
 07/30  10:00:00,,,143895305.90180886,143895305.90180883 
 07/30  11:00:00,,,203858636.86744517,203858636.86744514 
 07/30  12:00:00,,,212099019.02268296,212099019.02268296 
 07/30  13:00:00,,,216371608.92577487,216371608.92577487 
 07/30  14:00:00,,,219343410.01055476,219343410.01055476 
 07/30  15:00:00,,,217300077.54527223,217300077.54527226 
 07/30  16:00:00,,,215624599.57092738,215624599.57092735 
 07/30  17:00:00,,,155392080.0083011,155392080.00830105 
 07/30  18:00:00,,,87873852.3410832,87873852.3410832 
 07/30  19:00:00,,,77493503.68917462,77493503.6891746 
 07/30  20:00:00,,,72043824.72221012,72043824.72221012 
 07/30  21:00:00,,,85110247.3779656,85110247.3779656 
 07/30  22:00:00,,,75331708.44263431,75331708.4426343 
 07/30  23:00:00,,,53872628.53903986,53872628.53903986 
 07/30  24:00:00,,,20945197.563192237,20945197.563192233 
 07/31  01:00:00,,,20617077.403419204,20617077.403419204 
 07/31  02:00:00,,,20618284.731628604,20618284.731628604 
 07/31  03:00:00,,,20022726.23727624,20022726.23727624 
 07/31  04:00:00,,,20712447.42529196,20712447.425291955 
 07/31  05:00:00,,,17817355.87977769,17817355.87977769 
 07/31  06:00:00,,,10930087.500069302,10930087.500069302 
 07/31  07:00:00,,,14751575.286422415,14751575.286422415 
 07/31  08:00:00,,,40747376.58910335,40747376.58910334 
 07/31  09:00:00,,,116926079.35523452,116926079.35523446 
 07/31  10:00:00,,,192410554.35016376,192410554.3501637 
 07/31  11:00:00,,,203186019.91905686,203186019.91905683 
 07/31  12:00:00,,,215656994.76745924,215656994.76745924 
 07/31  13:00:00,,,219243798.71489453,219243798.71489456 
 07/31  14:00:00,,,217275673.01556373,217275673.0155637 
 07/31  15:00:00,,,210364709.23479787,210364709.23479787 
 07/31  16:00:00,,,209348191.66479567,209348191.66479564 
 07/31  17:00:00,,,217408047.6224777,217408047.6224777 
 07/31  18:00:00,,,220466107.4208837,220466107.42088366 
 07/31  19:00:00,,,217161074.79004923,217161074.79004917 
 07/31  20:00:00,,,151025112.45866293,151025112.45866284 
 07/31  21:00:00,,,86104753.8723813,86104753.87238128 
 07/31  22:00:00,,,84355507.15825866,84355507.15825868 
 07/31  23:00:00,,,61163368.569695316,61163368.56969532 
 07/31  24:00:00,80899692181.18692,250838389.23912832,26356589.34418951,26356589.34418951 
 08/01  01:00:00,,,29510992.75036609,29510992.750366088 
 08/01  02:00:00,,,23622686.990590155,23622686.990590155 
 08/01  03:00:00,,,28358860.360161114,28358860.360161114 
 08/01  04:00:00,,,21494761.158809658,21494761.158809654 
 08/01  05:00:00,,,24045359.619667962,24045359.619667962 
 08/01  06:00:00,,,17679698.02836384,17679698.02836384 
 08/01  07:00:00,,,21085812.761491135,21085812.76149113 
 08/01  08:00:00,,,56712057.79449174,56712057.79449174 
 08/01  09:00:00,,,138595528.6438071,138595528.6438071 
 08/01  10:00:00,,,214951996.06645554,214951996.06645554 
 08/01  11:00:00,,,225036695.53040278,225036695.53040278 
 08/01  12:00:00,,,232162894.43379056,232162894.4337905 
 08/01  13:00:00,,,241296563.01974106,241296563.019741 
 08/01  14:00:00,,,253839866.2343301,253839866.23433012 
 08/01  15:00:00,,,259282456.7616113,259282456.76161128 
 08/01  16:00:00,,,251001701.8592615,251001701.85926145 
 08/01  17:00:00,,,252879622.86325577,252879622.86325574 
 08/01  18:00:00,,,241282257.99326137,241282257.99326134 
 08/01  19:00:00,,,238950438.00478563,238950438.00478554 
 08/01  20:00:00,,,176701943.7881764,176701943.78817636 
 08/01  21:00:00,,,103767452.52736987,103767452.52736987 
 08/01  22:00:00,,,96554936.4093904,96554936.40939042 
 08/01  23:00:00,,,69091786.55182734,69091786.55182734 
 08/01  24:00:00,,,38316718.359699965,38316718.359699965 
 08/02  01:00:00,,,42030513.09736149,42030513.097361475 
 08/02  02:00:00,,,30863881.63086322,30863881.630863216 
 08/02  03:00:00,,,21818474.99974989,21818474.99974989 
 08/02  04:00:00,,,21885196.72645187,21885196.72645187 
 08/02  05:00:00,,,18610582.155575827,18610582.155575827 
 08/02  06:00:00,,,12181467.850924652,12181467.850924654 
 08/02  07:00:00,,,22269488.981725723,22269488.981725723 
 08/02  08:00:00,,,50874425.859497674,50874425.859497674 
 08/02  09:00:00,,,155079137.34924707,155079137.34924704 
 08/02  10:00:00,,,234569225.58860072,234569225.5886007 
 08/02  11:00:00,,,258589619.61160555,258589619.6116055 
 08/02  12:00:00,,,275395030.20359844,275395030.2035985 
 08/02  13:00:00,,,291992241.3235797,291992241.3235797 
 08/02  14:00:00,,,299959552.10595423,299959552.1059543 
 08/02  15:00:00,,,307588465.4450571,307588465.4450571 
 08/02  16:00:00,,,320262325.5542642,320262325.5542642 
 08/02  17:00:00,,,312765399.77191675,312765399.7719167 
 08/02  18:00:00,,,284152899.55307317,284152899.5530731 
 08/02  19:00:00,,,271726827.7970753,271726827.7970753 
 08/02  20:00:00,,,195421990.67215407,195421990.672154 
 08/02  21:00:00,,,102760944.51467526,102760944.51467523 
 08/02  22:00:00,,,91519630.28280495,91519630.28280494 
 08/02  23:00:00,,,67729557.07148665,67729557.07148665 
 08/02  24:00:00,,,47907435.348397985,47907435.34839798 
 08/03  01:00:00,,,38824860.064889535,38824860.06488954 
 08/03  02:00:00,,,31901030.110919226,31901030.11091922 
 08/03  03:00:00,,,28141848.690925874,28141848.69092587 
 08/03  04:00:00,,,24791917.75218661,24791917.75218662 
 08/03  05:00:00,,,28220731.76036622,28220731.76036622 
 08/03  06:00:00,,,13751738.986847166,13751738.986847166 
 08/03  07:00:00,,,21214090.9146991,21214090.914699096 
 08/03  08:00:00,,,43248268.13410042,43248268.134100415 
 08/03  09:00:00,,,127378672.14071849,127378672.14071849 
 08/03  10:00:00,,,204004165.81407744,204004165.81407744 
 08/03  11:00:00,,,217238382.16737252,217238382.1673725 
 08/03  12:00:00,,,223396623.29193383,223396623.29193377 
 08/03  13:00:00,,,225803581.9253019,225803581.9253019 
 08/03  14:00:00,,,226054403.74832994,226054403.74832994 
 08/03  15:00:00,,,224852331.26716357,224852331.26716357 
 08/03  16:00:00,,,223250267.81638902,223250267.81638902 
 08/03  17:00:00,,,209731235.23768267,209731235.23768267 
 08/03  18:00:00,,,204559805.87263912,204559805.8726391 
 08/03  19:00:00,,,197981622.45322612,197981622.4532261 
 08/03  20:00:00,,,140191745.00992993,140191745.0099299 
 08/03  21:00:00,,,86398565.801644,86398565.80164397 
 08/03  22:00:00,,,75114977.73934448,75114977.73934448 
 08/03  23:00:00,,,52596643.61822698,52596643.61822697 
 08/03  24:00:00,,,32320191.788886692,32320191.78888669 
 08/04  01:00:00,,,19426999.561295748,19426999.561295748 
 08/04  02:00:00,,,21376286.07394159,21376286.073941585 
 08/04  03:00:00,,,20022498.390469607,20022498.390469607 
 08/04  04:00:00,,,20022742.721488647,20022742.721488647 
 08/04  05:00:00,,,18507314.013915543,18507314.013915543 
 08/04  06:00:00,,,9678675.4515,9678675.4515 
 08/04  07:00:00,,,14761116.662991606,14761116.662991606 
 08/04  08:00:00,,,41434796.1621295,41434796.16212949 
 08/04  09:00:00,,,112108824.5655569,112108824.56555685 
 08/04  10:00:00,,,170670779.0104372,170670779.01043713 
 08/04  11:00:00,,,168156636.202293,168156636.20229295 
 08/04  12:00:00,,,171980056.8616777,171980056.86167768 
 08/04  13:00:00,,,171371341.4171246,171371341.4171246 
 08/04  14:00:00,,,183108922.45932913,183108922.4593291 
 08/04  15:00:00,,,189062658.1544344,189062658.15443438 
 08/04  16:00:00,,,187754069.45369965,187754069.45369965 
 08/04  17:00:00,,,190118151.62375152,190118151.62375143 
 08/04  18:00:00,,,191292791.64038563,191292791.6403856 
 08/04  19:00:00,,,186271838.60728452,186271838.6072845 
 08/04  20:00:00,,,127846429.16279721,127846429.16279717 
 08/04  21:00:00,,,73626278.98919795,73626278.98919795 
 08/04  22:00:00,,,69878804.33724332,69878804.33724332 
 08/04  23:00:00,,,56413333.34449784,56413333.34449784 
 08/04  24:00:00,,,41513927.999945536,41513927.999945536 
 08/05  01:00:00,,,18879320.4037272,18879320.4037272 
 08/05  02:00:00,,,20022492.430802356,20022492.430802356 
 08/05  03:00:00,,,18771321.451500002,18771321.4515 
 08/05  04:00:00,,,20022587.96538294,20022587.96538294 
 08/05  05:00:00,,,18507399.82263425,18507399.82263425 
 08/05  06:00:00,,,12181317.357971486,12181317.357971482 
 08/05  07:00:00,,,15041375.680779904,15041375.680779902 
 08/05  08:00:00,,,41324593.35976493,41324593.35976494 
 08/05  09:00:00,,,110273258.74586663,110273258.74586663 
 08/05  10:00:00,,,171373219.26421678,171373219.26421675 
 08/05  11:00:00,,,194109235.17974553,194109235.17974553 
 08/05  12:00:00,,,209142179.4391332,209142179.43913317 
 08/05  13:00:00,,,218990499.45118505,218990499.45118505 
 08/05  14:00:00,,,229096337.00432444,229096337.00432444 
 08/05  15:00:00,,,229751258.53785497,229751258.53785497 
 08/05  16:00:00,,,228150275.95377058,228150275.95377058 
 08/05  17:00:00,,,225255303.8578029,225255303.85780287 
 08/05  18:00:00,,,160438438.07688063,160438438.0768806 
 08/05  19:00:00,,,92320358.82471843,92320358.82471843 
 08/05  20:00:00,,,83149163.03836128,83149163.03836127 
 08/05  21:00:00,,,84552306.66074824,84552306.66074823 
 08/05  22:00:00,,,81738543.11795111,81738543.11795111 
 08/05  23:00:00,,,74308635.76297292,74308635.76297294 
 08/05  24:00:00,,,23001946.40298076,23001946.40298076 
 08/06  01:00:00,,,20603872.381811976,20603872.381811976 
 08/06  02:00:00,,,20625519.400957294,20625519.40095729 
 08/06  03:00:00,,,20022732.351228744,20022732.351228744 
 08/06  04:00:00,,,18771321.451500002,18771321.4515 
 08/06  05:00:00,,,19758712.338776536,19758712.338776536 
 08/06  06:00:00,,,12181285.261097277,12181285.261097275 
 08/06  07:00:00,,,10812157.492362056,10812157.492362056 
 08/06  08:00:00,,,18794262.70102944,18794262.701029435 
 08/06  09:00:00,,,60413603.829694085,60413603.82969409 
 08/06  10:00:00,,,132900107.72983566,132900107.72983563 
 08/06  11:00:00,,,188089487.4408105,188089487.44081047 
 08/06  12:00:00,,,200545716.84887153,200545716.84887153 
 08/06  13:00:00,,,206336521.45274067,206336521.45274067 
 08/06  14:00:00,,,214690792.58795187,214690792.5879518 
 08/06  15:00:00,,,218847573.09590483,218847573.09590483 
 08/06  16:00:00,,,215325232.24026498,215325232.24026495 
 08/06  17:00:00,,,135451866.64227518,135451866.64227515 
 08/06  18:00:00,,,63920023.86441767,63920023.86441766 
 08/06  19:00:00,,,73169350.07022242,73169350.07022244 
 08/06  20:00:00,,,71091851.83153778,71091851.83153778 
 08/06  21:00:00,,,74059702.92732313,74059702.92732313 
 08/06  22:00:00,,,66629288.4392821,66629288.43928209 
 08/06  23:00:00,,,49004941.53304432,49004941.53304432 
 08/06  24:00:00,,,19476173.43312323,19476173.43312323 
 08/07  01:00:00,,,20022741.785654064,20022741.78565406 
 08/07  02:00:00,,,20022750.050555535,20022750.05055553 
 08/07  03:00:00,,,18771321.451500002,18771321.4515 
 08/07  04:00:00,,,21274135.137096226,21274135.137096226 
 08/07  05:00:00,,,21274061.29275638,21274061.292756375 
 08/07  06:00:00,,,9678675.4515,9678675.4515 
 08/07  07:00:00,,,14354176.662959943,14354176.662959943 
 08/07  08:00:00,,,41992479.73973757,41992479.73973757 
 08/07  09:00:00,,,115128111.17730005,115128111.17730004 
 08/07  10:00:00,,,198051120.4155936,198051120.41559356 
 08/07  11:00:00,,,209595211.82931125,209595211.8293112 
 08/07  12:00:00,,,222679176.86916965,222679176.86916965 
 08/07  13:00:00,,,229105140.3988597,229105140.39885968 
 08/07  14:00:00,,,232530196.2221836,232530196.22218356 
 08/07  15:00:00,,,229569321.43099225,229569321.43099225 
 08/07  16:00:00,,,226774911.37123805,226774911.37123805 
 08/07  17:00:00,,,225674441.97872463,225674441.97872463 
 08/07  18:00:00,,,220463611.0541594,220463611.0541594 
 08/07  19:00:00,,,217383282.81247488,217383282.8124749 
 08/07  20:00:00,,,154997105.60913813,154997105.6091381 
 08/07  21:00:00,,,86218199.64180131,86218199.64180131 
 08/07  22:00:00,,,74649753.57808658,74649753.57808657 
 08/07  23:00:00,,,54375048.4701698,54375048.47016981 
 08/07  24:00:00,,,23174987.437312894,23174987.437312894 
 08/08  01:00:00,,,20621845.31782027,20621845.31782027 
 08/08  02:00:00,,,20194047.598536693,20194047.598536693 
 08/08  03:00:00,,,18771321.451500002,18771321.4515 
 08/08  04:00:00,,,20022749.556376733,20022749.55637673 
 08/08  05:00:00,,,21274162.653256,21274162.65325599 
 08/08  06:00:00,,,10929991.69094803,10929991.690948028 
 08/08  07:00:00,,,14853117.237352815,14853117.237352815 
 08/08  08:00:00,,,42004431.54342128,42004431.54342129 
 08/08  09:00:00,,,123779002.8742073,123779002.87420726 
 08/08  10:00:00,,,209257064.0194467,209257064.01944667 
 08/08  11:00:00,,,224059370.54680294,224059370.54680288 
 08/08  12:00:00,,,236808989.2358199,236808989.2358199 
 08/08  13:00:00,,,242015170.10162973,242015170.1016297 
 08/08  14:00:00,,,244347680.09028977,244347680.09028977 
 08/08  15:00:00,,,243029983.11641318,243029983.11641318 
 08/08  16:00:00,,,242356089.34063193,242356089.34063193 
 08/08  17:00:00,,,244769650.0094329,244769650.00943288 
 08/08  18:00:00,,,233683621.48522744,233683621.48522747 
 08/08  19:00:00,,,228875985.402671,228875985.40267098 
 08/08  20:00:00,,,165109640.92804483,165109640.9280448 
 08/08  21:00:00,,,101263981.43774429,101263981.43774432 
 08/08  22:00:00,,,82332834.98806165,82332834.98806164 
 08/08  23:00:00,,,58372753.490629405,58372753.490629405 
 08/08  24:00:00,,,32843148.893752053,32843148.89375205 
 08/09  01:00:00,,,32216750.958660174,32216750.95866017 
 08/09  02:00:00,,,30738597.116028633,30738597.116028633 
 08/09  03:00:00,,,20166155.199969664,20166155.199969664 
 08/09  04:00:00,,,26805820.831764854,26805820.831764854 
 08/09  05:00:00,,,21236571.47376889,21236571.47376889 
 08/09  06:00:00,,,12032628.516742563,12032628.516742561 
 08/09  07:00:00,,,16578827.780346062,16578827.780346062 
 08/09  08:00:00,,,42506097.57977123,42506097.57977123 
 08/09  09:00:00,,,132901190.21280871,132901190.21280868 
 08/09  10:00:00,,,209022558.6943741,209022558.69437414 
 08/09  11:00:00,,,221208350.2063604,221208350.2063604 
 08/09  12:00:00,,,221094228.2671718,221094228.2671718 
 08/09  13:00:00,,,229632876.40255982,229632876.40255976 
 08/09  14:00:00,,,235010131.58492726,235010131.58492723 
 08/09  15:00:00,,,232310682.2377131,232310682.23771307 
 08/09  16:00:00,,,233078823.0210448,233078823.0210448 
 08/09  17:00:00,,,225328751.39803636,225328751.3980364 
 08/09  18:00:00,,,219681404.05947217,219681404.05947223 
 08/09  19:00:00,,,211582474.29615936,211582474.29615933 
 08/09  20:00:00,,,150440130.6771404,150440130.6771404 
 08/09  21:00:00,,,84238078.0130192,84238078.0130192 
 08/09  22:00:00,,,73633198.3761919,73633198.3761919 
 08/09  23:00:00,,,49068516.62045835,49068516.62045835 
 08/09  24:00:00,,,23813046.527991932,23813046.52799193 
 08/10  01:00:00,,,20417179.28847521,20417179.28847521 
 08/10  02:00:00,,,18874427.817106653,18874427.81710665 
 08/10  03:00:00,,,21314409.929681227,21314409.929681227 
 08/10  04:00:00,,,18771321.451500002,18771321.4515 
 08/10  05:00:00,,,21274186.22502139,21274186.225021385 
 08/10  06:00:00,,,9678675.4515,9678675.4515 
 08/10  07:00:00,,,13515405.62922688,13515405.62922688 
 08/10  08:00:00,,,44497015.27728565,44497015.27728566 
 08/10  09:00:00,,,115880631.46757789,115880631.46757784 
 08/10  10:00:00,,,201190152.0643981,201190152.06439808 
 08/10  11:00:00,,,212055175.80849385,212055175.80849382 
 08/10  12:00:00,,,216132347.60977098,216132347.60977098 
 08/10  13:00:00,,,226910426.36504847,226910426.3650485 
 08/10  14:00:00,,,229035509.36812294,229035509.36812294 
 08/10  15:00:00,,,234398951.4797327,234398951.4797327 
 08/10  16:00:00,,,233489045.75698322,233489045.75698316 
 08/10  17:00:00,,,232418615.15011182,232418615.15011182 
 08/10  18:00:00,,,226612362.4021315,226612362.40213147 
 08/10  19:00:00,,,214807310.4359664,214807310.43596637 
 08/10  20:00:00,,,154310506.9565889,154310506.95658886 
 08/10  21:00:00,,,97314844.64177778,97314844.64177778 
 08/10  22:00:00,,,80727477.91473424,80727477.91473423 
 08/10  23:00:00,,,56241289.1830195,56241289.1830195 
 08/10  24:00:00,,,32666679.634079177,32666679.634079166 
 08/11  01:00:00,,,21799659.776706956,21799659.776706956 
 08/11  02:00:00,,,20022731.703704517,20022731.703704517 
 08/11  03:00:00,,,20022722.352813333,20022722.35281333 
 08/11  04:00:00,,,18771321.451500002,18771321.4515 
 08/11  05:00:00,,,22525534.941376004,22525534.941376008 
 08/11  06:00:00,,,10930090.70359391,10930090.70359391 
 08/11  07:00:00,,,13512597.795696674,13512597.795696674 
 08/11  08:00:00,,,44205919.40494723,44205919.40494723 
 08/11  09:00:00,,,140369704.26493967,140369704.2649396 
 08/11  10:00:00,,,224103722.46618986,224103722.46618983 
 08/11  11:00:00,,,236623545.16419494,236623545.16419494 
 08/11  12:00:00,,,256380368.438267,256380368.438267 
 08/11  13:00:00,,,250879656.37848946,250879656.37848946 
 08/11  14:00:00,,,251822275.20915854,251822275.20915857 
 08/11  15:00:00,,,258316466.39081842,258316466.39081842 
 08/11  16:00:00,,,236937219.6164793,236937219.6164793 
 08/11  17:00:00,,,229431858.39637816,229431858.3963781 
 08/11  18:00:00,,,223685253.6195507,223685253.61955065 
 08/11  19:00:00,,,208020483.4724369,208020483.4724369 
 08/11  20:00:00,,,147711091.50902158,147711091.50902158 
 08/11  21:00:00,,,102181829.46722966,102181829.46722966 
 08/11  22:00:00,,,88325863.28670105,88325863.28670104 
 08/11  23:00:00,,,75031075.95148231,75031075.95148231 
 08/11  24:00:00,,,55425941.04108172,55425941.04108171 
 08/12  01:00:00,,,31518278.60588878,31518278.605888784 
 08/12  02:00:00,,,23211235.94067135,23211235.94067135 
 08/12  03:00:00,,,22005854.54737832,22005854.547378317 
 08/12  04:00:00,,,21892271.960711792,21892271.960711792 
 08/12  05:00:00,,,21274125.904849518,21274125.904849514 
 08/12  06:00:00,,,9678675.4515,9678675.4515 
 08/12  07:00:00,,,16119456.127948092,16119456.12794809 
 08/12  08:00:00,,,42797391.35826247,42797391.358262464 
 08/12  09:00:00,,,110851118.55568522,110851118.5556852 
 08/12  10:00:00,,,168149864.7967319,168149864.79673186 
 08/12  11:00:00,,,171671579.18624696,171671579.18624693 
 08/12  12:00:00,,,169589957.74402568,169589957.74402565 
 08/12  13:00:00,,,181045750.60784245,181045750.60784245 
 08/12  14:00:00,,,194092687.12723315,194092687.12723315 
 08/12  15:00:00,,,192767343.8869446,192767343.88694456 
 08/12  16:00:00,,,191223153.553509,191223153.55350894 
 08/12  17:00:00,,,186818096.28712025,186818096.28712022 
 08/12  18:00:00,,,132088381.20390373,132088381.2039037 
 08/12  19:00:00,,,66729639.66350453,66729639.66350451 
 08/12  20:00:00,,,68988713.48131913,68988713.48131911 
 08/12  21:00:00,,,69315959.36593731,69315959.36593731 
 08/12  22:00:00,,,65571866.56404051,65571866.56404051 
 08/12  23:00:00,,,67636447.36237775,67636447.36237775 
 08/12  24:00:00,,,20192778.09081473,20192778.09081473 
 08/13  01:00:00,,,18801659.405897204,18801659.405897204 
 08/13  02:00:00,,,18771321.451500002,18771321.4515 
 08/13  03:00:00,,,20022770.32644467,20022770.326444667 
 08/13  04:00:00,,,21274292.615526088,21274292.61552608 
 08/13  05:00:00,,,18771321.451500002,18771321.4515 
 08/13  06:00:00,,,9678675.4515,9678675.4515 
 08/13  07:00:00,,,13433154.053213827,13433154.053213827 
 08/13  08:00:00,,,18263410.668752935,18263410.668752935 
 08/13  09:00:00,,,58755242.58584571,58755242.58584571 
 08/13  10:00:00,,,130828273.31856161,130828273.31856157 
 08/13  11:00:00,,,176560719.94128484,176560719.9412848 
 08/13  12:00:00,,,187091349.1414097,187091349.1414097 
 08/13  13:00:00,,,194964752.9428743,194964752.94287425 
 08/13  14:00:00,,,203448713.40495655,203448713.40495652 
 08/13  15:00:00,,,207913315.20815504,207913315.20815498 
 08/13  16:00:00,,,209554317.48985893,209554317.48985887 
 08/13  17:00:00,,,146751819.1256631,146751819.12566307 
 08/13  18:00:00,,,85034343.09417422,85034343.09417422 
 08/13  19:00:00,,,70146848.82363833,70146848.82363833 
 08/13  20:00:00,,,77091546.01259856,77091546.01259857 
 08/13  21:00:00,,,78561707.15042871,78561707.15042871 
 08/13  22:00:00,,,67436160.54942386,67436160.54942384 
 08/13  23:00:00,,,49149891.149317056,49149891.149317056 
 08/13  24:00:00,,,20720429.425337058,20720429.425337054 
 08/14  01:00:00,,,20022713.901004463,20022713.90100446 
 08/14  02:00:00,,,18771321.451500002,18771321.4515 
 08/14  03:00:00,,,20022748.16319221,20022748.163192205 
 08/14  04:00:00,,,20022771.930841263,20022771.93084126 
 08/14  05:00:00,,,20022630.27607098,20022630.27607098 
 08/14  06:00:00,,,11177893.233847862,11177893.233847862 
 08/14  07:00:00,,,14118790.741969379,14118790.741969379 
 08/14  08:00:00,,,41992437.511662945,41992437.511662945 
 08/14  09:00:00,,,113715840.84252937,113715840.84252936 
 08/14  10:00:00,,,193714199.82664078,193714199.82664075 
 08/14  11:00:00,,,212333951.70480448,212333951.70480442 
 08/14  12:00:00,,,226496386.47453666,226496386.47453666 
 08/14  13:00:00,,,233902498.105965,233902498.10596496 
 08/14  14:00:00,,,236254250.78770113,236254250.78770113 
 08/14  15:00:00,,,241240957.92420626,241240957.92420623 
 08/14  16:00:00,,,231220281.5724561,231220281.57245606 
 08/14  17:00:00,,,229991221.83946615,229991221.83946612 
 08/14  18:00:00,,,221763327.02708152,221763327.0270815 
 08/14  19:00:00,,,214156558.18475604,214156558.184756 
 08/14  20:00:00,,,160907325.49535632,160907325.4953563 
 08/14  21:00:00,,,88747237.1259905,88747237.1259905 
 08/14  22:00:00,,,88237796.21173167,88237796.21173166 
 08/14  23:00:00,,,61944528.63519252,61944528.63519252 
 08/14  24:00:00,,,35578230.63481868,35578230.63481867 
 08/15  01:00:00,,,24692379.60775587,24692379.60775587 
 08/15  02:00:00,,,28698675.85651099,28698675.856510986 
 08/15  03:00:00,,,24042191.204613134,24042191.204613134 
 08/15  04:00:00,,,22425256.99893694,22425256.998936936 
 08/15  05:00:00,,,20022721.152869884,20022721.152869884 
 08/15  06:00:00,,,14135220.78586403,14135220.78586403 
 08/15  07:00:00,,,23465995.280057788,23465995.280057788 
 08/15  08:00:00,,,45149490.95349059,45149490.953490585 
 08/15  09:00:00,,,135115471.6579665,135115471.6579665 
 08/15  10:00:00,,,218412692.86014175,218412692.86014175 
 08/15  11:00:00,,,232899315.69377056,232899315.69377053 
 08/15  12:00:00,,,242930090.7403782,242930090.7403782 
 08/15  13:00:00,,,246166473.99546945,246166473.9954694 
 08/15  14:00:00,,,243628437.6697756,243628437.66977558 
 08/15  15:00:00,,,241777039.33217758,241777039.33217758 
 08/15  16:00:00,,,250568094.53546596,250568094.535466 
 08/15  17:00:00,,,251121937.25308213,251121937.2530821 
 08/15  18:00:00,,,239344886.50534844,239344886.50534838 
 08/15  19:00:00,,,230082054.9000737,230082054.9000737 
 08/15  20:00:00,,,177216489.42322242,177216489.4232224 
 08/15  21:00:00,,,99451455.57978114,99451455.57978114 
 08/15  22:00:00,,,80380081.16353558,80380081.16353557 
 08/15  23:00:00,,,69761503.13671586,69761503.13671586 
 08/15  24:00:00,,,32835570.9943474,32835570.9943474 
 08/16  01:00:00,,,27039664.42512935,27039664.42512935 
 08/16  02:00:00,,,34320618.79429353,34320618.794293515 
 08/16  03:00:00,,,29634227.630303986,29634227.630303986 
 08/16  04:00:00,,,21486583.41935858,21486583.41935858 
 08/16  05:00:00,,,21757464.358695272,21757464.358695272 
 08/16  06:00:00,,,12982911.451499999,12982911.451499999 
 08/16  07:00:00,,,16480737.750753075,16480737.750753079 
 08/16  08:00:00,,,42602112.65324089,42602112.65324088 
 08/16  09:00:00,,,119988499.13203023,119988499.13203019 
 08/16  10:00:00,,,198315392.12214917,198315392.12214914 
 08/16  11:00:00,,,205809256.34684658,205809256.34684652 
 08/16  12:00:00,,,206423504.97332835,206423504.9733283 
 08/16  13:00:00,,,204601956.20846027,204601956.20846027 
 08/16  14:00:00,,,202733893.75630116,202733893.75630113 
 08/16  15:00:00,,,204328297.4221689,204328297.42216885 
 08/16  16:00:00,,,207808911.31041548,207808911.31041548 
 08/16  17:00:00,,,209791770.4951627,209791770.4951626 
 08/16  18:00:00,,,199773496.9561264,199773496.95612633 
 08/16  19:00:00,,,183893114.90185273,183893114.90185267 
 08/16  20:00:00,,,135279261.50750363,135279261.50750363 
 08/16  21:00:00,,,76200974.28906389,76200974.28906389 
 08/16  22:00:00,,,68718935.4608393,68718935.46083929 
 08/16  23:00:00,,,50755035.31934957,50755035.31934957 
 08/16  24:00:00,,,20430919.094827034,20430919.094827034 
 08/17  01:00:00,,,20113363.11216652,20113363.11216652 
 08/17  02:00:00,,,20022717.715980656,20022717.715980656 
 08/17  03:00:00,,,18771321.451500002,18771321.4515 
 08/17  04:00:00,,,20022748.68159443,20022748.68159443 
 08/17  05:00:00,,,21274218.415738177,21274218.415738177 
 08/17  06:00:00,,,12982911.451499999,12982911.451499999 
 08/17  07:00:00,,,14384681.432827367,14384681.432827365 
 08/17  08:00:00,,,41992470.9891942,41992470.98919421 
 08/17  09:00:00,,,113793657.12929982,113793657.12929982 
 08/17  10:00:00,,,169411543.5917417,169411543.59174168 
 08/17  11:00:00,,,168156667.81376547,168156667.81376547 
 08/17  12:00:00,,,173251704.10699522,173251704.1069952 
 08/17  13:00:00,,,171811954.87142706,171811954.871427 
 08/17  14:00:00,,,170313456.6083879,170313456.60838783 
 08/17  15:00:00,,,176486050.76019573,176486050.76019573 
 08/17  16:00:00,,,181883559.20266813,181883559.2026681 
 08/17  17:00:00,,,185218512.9755677,185218512.97556764 
 08/17  18:00:00,,,184379462.56863138,184379462.56863135 
 08/17  19:00:00,,,175184315.6364991,175184315.63649908 
 08/17  20:00:00,,,131623183.11027995,131623183.11027992 
 08/17  21:00:00,,,70140607.1730638,70140607.17306378 
 08/17  22:00:00,,,67400181.56190936,67400181.56190935 
 08/17  23:00:00,,,46835548.15649327,46835548.15649326 
 08/17  24:00:00,,,33038102.567165434,33038102.567165434 
 08/18  01:00:00,,,18879320.4037272,18879320.4037272 
 08/18  02:00:00,,,18771321.451500002,18771321.4515 
 08/18  03:00:00,,,18771321.451500002,18771321.4515 
 08/18  04:00:00,,,22525890.698608153,22525890.698608153 
 08/18  05:00:00,,,18771321.451500002,18771321.4515 
 08/18  06:00:00,,,14234430.732458355,14234430.732458355 
 08/18  07:00:00,,,15604467.568772929,15604467.568772927 
 08/18  08:00:00,,,41440134.02203147,41440134.02203147 
 08/18  09:00:00,,,109592612.3566601,109592612.3566601 
 08/18  10:00:00,,,169410932.16580847,169410932.16580844 
 08/18  11:00:00,,,172498525.20680174,172498525.20680168 
 08/18  12:00:00,,,181649899.29802987,181649899.29802984 
 08/18  13:00:00,,,191052638.53421125,191052638.53421125 
 08/18  14:00:00,,,191518551.78464183,191518551.78464183 
 08/18  15:00:00,,,182603033.53517365,182603033.5351736 
 08/18  16:00:00,,,169631669.63662866,169631669.63662863 
 08/18  17:00:00,,,171967869.80014804,171967869.80014795 
 08/18  18:00:00,,,168163748.90790644,168163748.9079064 
 08/18  19:00:00,,,171961032.71945432,171961032.71945426 
 08/18  20:00:00,,,133664131.51476884,133664131.51476881 
 08/18  21:00:00,,,70646969.47704291,70646969.47704293 
 08/18  22:00:00,,,64778098.641045764,64778098.641045764 
 08/18  23:00:00,,,55506359.217399694,55506359.217399694 
 08/18  24:00:00,,,43667325.57086146,43667325.570861466 
 08/19  01:00:00,,,18879320.4037272,18879320.4037272 
 08/19  02:00:00,,,18771321.451500002,18771321.4515 
 08/19  03:00:00,,,20022827.292381663,20022827.29238166 
 08/19  04:00:00,,,20022869.354314607,20022869.354314607 
 08/19  05:00:00,,,20022888.512617018,20022888.512617014 
 08/19  06:00:00,,,12982911.451499999,12982911.451499999 
 08/19  07:00:00,,,15604609.311379928,15604609.311379928 
 08/19  08:00:00,,,42686345.83007755,42686345.83007756 
 08/19  09:00:00,,,110852678.14126162,110852678.1412616 
 08/19  10:00:00,,,169409690.14808422,169409690.1480842 
 08/19  11:00:00,,,170360055.28579888,170360055.2857988 
 08/19  12:00:00,,,176779785.27907324,176779785.27907318 
 08/19  13:00:00,,,185180571.38309205,185180571.38309202 
 08/19  14:00:00,,,191235984.85271013,191235984.85271013 
 08/19  15:00:00,,,188963306.36027408,188963306.36027408 
 08/19  16:00:00,,,182886548.82224151,182886548.82224146 
 08/19  17:00:00,,,178422275.20196766,178422275.20196757 
 08/19  18:00:00,,,130806378.29359995,130806378.29359993 
 08/19  19:00:00,,,57460803.05168013,57460803.05168012 
 08/19  20:00:00,,,72490657.23622693,72490657.23622693 
 08/19  21:00:00,,,72341817.41245998,72341817.41245998 
 08/19  22:00:00,,,65342557.0959393,65342557.09593928 
 08/19  23:00:00,,,65074127.98583027,65074127.985830255 
 08/19  24:00:00,,,20130761.917116232,20130761.91711623 
 08/20  01:00:00,,,20022721.315350544,20022721.315350544 
 08/20  02:00:00,,,20022791.832426604,20022791.8324266 
 08/20  03:00:00,,,18771321.451500002,18771321.4515 
 08/20  04:00:00,,,18771321.451500002,18771321.4515 
 08/20  05:00:00,,,21274148.99532056,21274148.99532056 
 08/20  06:00:00,,,14234410.713626262,14234410.713626262 
 08/20  07:00:00,,,10930183.293115426,10930183.293115424 
 08/20  08:00:00,,,19518354.31754169,19518354.317541685 
 08/20  09:00:00,,,60011052.985945635,60011052.985945635 
 08/20  10:00:00,,,129516368.28489813,129516368.2848981 
 08/20  11:00:00,,,171099189.9780646,171099189.97806457 
 08/20  12:00:00,,,183998691.0893449,183998691.08934486 
 08/20  13:00:00,,,199204283.36213452,199204283.3621345 
 08/20  14:00:00,,,201370921.80010998,201370921.80010992 
 08/20  15:00:00,,,206487289.68693453,206487289.68693447 
 08/20  16:00:00,,,213916544.2009671,213916544.2009671 
 08/20  17:00:00,,,152676303.54311115,152676303.54311115 
 08/20  18:00:00,,,82938992.1415243,82938992.1415243 
 08/20  19:00:00,,,76598194.73262693,76598194.73262691 
 08/20  20:00:00,,,76919374.66972426,76919374.66972424 
 08/20  21:00:00,,,76324465.0530893,76324465.0530893 
 08/20  22:00:00,,,66544975.43177672,66544975.43177671 
 08/20  23:00:00,,,49536646.41691367,49536646.41691367 
 08/20  24:00:00,,,19424748.734063867,19424748.734063864 
 08/21  01:00:00,,,18771321.451500002,18771321.4515 
 08/21  02:00:00,,,20022749.790741745,20022749.79074174 
 08/21  03:00:00,,,21274182.26041358,21274182.26041358 
 08/21  04:00:00,,,18771321.451500002,18771321.4515 
 08/21  05:00:00,,,18771321.451500002,18771321.4515 
 08/21  06:00:00,,,15485807.03616647,15485807.03616647 
 08/21  07:00:00,,,15696280.680996178,15696280.680996176 
 08/21  08:00:00,,,40735791.26905882,40735791.26905884 
 08/21  09:00:00,,,112539690.67750338,112539690.67750338 
 08/21  10:00:00,,,169410284.1262484,169410284.12624836 
 08/21  11:00:00,,,186433355.19747642,186433355.1974764 
 08/21  12:00:00,,,197247364.84767812,197247364.84767812 
 08/21  13:00:00,,,202916422.9101288,202916422.91012877 
 08/21  14:00:00,,,215157669.3201282,215157669.32012817 
 08/21  15:00:00,,,223938941.5825342,223938941.58253425 
 08/21  16:00:00,,,218177602.64823377,218177602.64823377 
 08/21  17:00:00,,,206345308.2466502,206345308.2466501 
 08/21  18:00:00,,,193452885.79165405,193452885.79165405 
 08/21  19:00:00,,,183002708.78116176,183002708.78116176 
 08/21  20:00:00,,,135136837.8624457,135136837.86244568 
 08/21  21:00:00,,,71562343.25928317,71562343.25928317 
 08/21  22:00:00,,,65715005.77955882,65715005.77955881 
 08/21  23:00:00,,,48098111.38205014,48098111.38205014 
 08/21  24:00:00,,,21381977.198564496,21381977.198564496 
 08/22  01:00:00,,,20022732.37831523,20022732.378315225 
 08/22  02:00:00,,,20022553.33707589,20022553.337075885 
 08/22  03:00:00,,,18771321.451500002,18771321.4515 
 08/22  04:00:00,,,20022873.481518738,20022873.481518738 
 08/22  05:00:00,,,20022625.1486704,20022625.1486704 
 08/22  06:00:00,,,16287147.451499999,16287147.451499999 
 08/22  07:00:00,,,14352948.054119578,14352948.054119578 
 08/22  08:00:00,,,44491520.33345222,44491520.33345222 
 08/22  09:00:00,,,112539844.85484165,112539844.85484163 
 08/22  10:00:00,,,169410899.8454466,169410899.84544656 
 08/22  11:00:00,,,170688574.17448515,170688574.17448512 
 08/22  12:00:00,,,169437344.5396473,169437344.53964728 
 08/22  13:00:00,,,170721657.26699764,170721657.2669976 
 08/22  14:00:00,,,173265886.10397446,173265886.10397446 
 08/22  15:00:00,,,170708119.18613943,170708119.1861394 
 08/22  16:00:00,,,170697343.34781128,170697343.34781125 
 08/22  17:00:00,,,169432733.89977345,169432733.89977342 
 08/22  18:00:00,,,170699923.21495992,170699923.2149599 
 08/22  19:00:00,,,169428719.4465707,169428719.44657063 
 08/22  20:00:00,,,136191384.10010752,136191384.1001075 
 08/22  21:00:00,,,69147842.56398606,69147842.56398606 
 08/22  22:00:00,,,64713405.69161368,64713405.69161368 
 08/22  23:00:00,,,48895783.091417894,48895783.091417894 
 08/22  24:00:00,,,18879320.4037272,18879320.4037272 
 08/23  01:00:00,,,22526117.711993463,22526117.711993463 
 08/23  02:00:00,,,20022897.511385802,20022897.511385802 
 08/23  03:00:00,,,18771321.451500002,18771321.4515 
 08/23  04:00:00,,,18771321.451500002,18771321.4515 
 08/23  05:00:00,,,18771321.451500002,18771321.4515 
 08/23  06:00:00,,,18790136.38625392,18790136.38625392 
 08/23  07:00:00,,,14353086.522727052,14353086.522727052 
 08/23  08:00:00,,,43245889.587380245,43245889.587380245 
 08/23  09:00:00,,,113794169.53158762,113794169.5315876 
 08/23  10:00:00,,,168150632.50451887,168150632.50451884 
 08/23  11:00:00,,,170688996.812605,170688996.81260496 
 08/23  12:00:00,,,169443043.33029112,169443043.3302911 
 08/23  13:00:00,,,173268903.75984323,173268903.75984317 
 08/23  14:00:00,,,170720112.35532293,170720112.3553229 
 08/23  15:00:00,,,169437329.13524303,169437329.13524303 
 08/23  16:00:00,,,173231716.57549465,173231716.5754946 
 08/23  17:00:00,,,169519288.86965594,169519288.8696559 
 08/23  18:00:00,,,170613019.4278115,170613019.42781147 
 08/23  19:00:00,,,170694963.639073,170694963.63907298 
 08/23  20:00:00,,,134927721.1292916,134927721.12929156 
 08/23  21:00:00,,,70281239.58362089,70281239.58362089 
 08/23  22:00:00,,,64557175.630964905,64557175.6309649 
 08/23  23:00:00,,,46295343.39610577,46295343.39610576 
 08/23  24:00:00,,,20130911.177512452,20130911.177512452 
 08/24  01:00:00,,,20022897.988111068,20022897.988111068 
 08/24  02:00:00,,,18771321.451500002,18771321.4515 
 08/24  03:00:00,,,22526065.48683551,22526065.48683551 
 08/24  04:00:00,,,18771321.451500002,18771321.4515 
 08/24  05:00:00,,,21274538.145636626,21274538.145636622 
 08/24  06:00:00,,,16287147.451499999,16287147.451499999 
 08/24  07:00:00,,,13101441.768688302,13101441.768688302 
 08/24  08:00:00,,,43244204.133762196,43244204.133762196 
 08/24  09:00:00,,,112539119.02378602,112539119.023786 
 08/24  10:00:00,,,170671431.85775238,170671431.85775235 
 08/24  11:00:00,,,168159682.0436703,168159682.04367027 
 08/24  12:00:00,,,175490679.64813182,175490679.64813182 
 08/24  13:00:00,,,185488556.0879689,185488556.08796886 
 08/24  14:00:00,,,190243576.1243067,190243576.12430668 
 08/24  15:00:00,,,195930097.78586775,195930097.78586772 
 08/24  16:00:00,,,189054879.2895183,189054879.28951827 
 08/24  17:00:00,,,193145035.31703338,193145035.31703338 
 08/24  18:00:00,,,184042100.32096365,184042100.32096362 
 08/24  19:00:00,,,171960436.0577624,171960436.0577624 
 08/24  20:00:00,,,138231605.39304274,138231605.39304268 
 08/24  21:00:00,,,72538553.39696498,72538553.39696497 
 08/24  22:00:00,,,63877642.53267424,63877642.53267422 
 08/24  23:00:00,,,46760931.0743703,46760931.0743703 
 08/24  24:00:00,,,32980130.53844346,32980130.53844346 
 08/25  01:00:00,,,20131026.786536317,20131026.786536317 
 08/25  02:00:00,,,20022807.96873568,20022807.968735676 
 08/25  03:00:00,,,18771321.451500002,18771321.4515 
 08/25  04:00:00,,,18771321.451500002,18771321.4515 
 08/25  05:00:00,,,22525486.44872908,22525486.44872908 
 08/25  06:00:00,,,16287147.451499999,16287147.451499999 
 08/25  07:00:00,,,14352925.835867686,14352925.835867686 
 08/25  08:00:00,,,41440047.426983304,41440047.42698331 
 08/25  09:00:00,,,112108081.64072073,112108081.64072073 
 08/25  10:00:00,,,169411486.93315881,169411486.93315879 
 08/25  11:00:00,,,169419444.00027758,169419444.00027752 
 08/25  12:00:00,,,171985995.72450405,171985995.72450402 
 08/25  13:00:00,,,170904381.71025497,170904381.7102549 
 08/25  14:00:00,,,170719117.60244912,170719117.60244903 
 08/25  15:00:00,,,173244206.8927583,173244206.8927583 
 08/25  16:00:00,,,170697052.63237435,170697052.63237435 
 08/25  17:00:00,,,169430928.10773388,169430928.10773385 
 08/25  18:00:00,,,170699525.43633375,170699525.4363337 
 08/25  19:00:00,,,169426750.4611017,169426750.46110168 
 08/25  20:00:00,,,139495840.03865275,139495840.03865275 
 08/25  21:00:00,,,68155895.81504355,68155895.81504355 
 08/25  22:00:00,,,67187120.48091935,67187120.48091935 
 08/25  23:00:00,,,55406785.44461264,55406785.44461264 
 08/25  24:00:00,,,41132995.33444921,41132995.33444921 
 08/26  01:00:00,,,18879320.4037272,18879320.4037272 
 08/26  02:00:00,,,18771321.451500002,18771321.4515 
 08/26  03:00:00,,,21274365.776093796,21274365.776093792 
 08/26  04:00:00,,,21274517.166969545,21274517.166969538 
 08/26  05:00:00,,,18771321.451500002,18771321.4515 
 08/26  06:00:00,,,17538508.958715357,17538508.958715357 
 08/26  07:00:00,,,14353000.414535463,14353000.414535461 
 08/26  08:00:00,,,41441826.332274355,41441826.332274355 
 08/26  09:00:00,,,110852781.0227869,110852781.0227869 
 08/26  10:00:00,,,170669831.8419644,170669831.84196433 
 08/26  11:00:00,,,168160920.8794133,168160920.87941328 
 08/26  12:00:00,,,174513594.86191913,174513594.8619191 
 08/26  13:00:00,,,168173742.79301885,168173742.79301882 
 08/26  14:00:00,,,171991762.03272542,171991762.0327254 
 08/26  15:00:00,,,173123089.73800367,173123089.7380036 
 08/26  16:00:00,,,168287499.7271602,168287499.72716016 
 08/26  17:00:00,,,173238791.39975744,173238791.39975742 
 08/26  18:00:00,,,117147444.46346238,117147444.46346235 
 08/26  19:00:00,,,51015195.834122695,51015195.834122695 
 08/26  20:00:00,,,68061982.27606735,68061982.27606733 
 08/26  21:00:00,,,72868100.15434219,72868100.15434217 
 08/26  22:00:00,,,65033953.21885024,65033953.21885024 
 08/26  23:00:00,,,63697790.24726024,63697790.247260235 
 08/26  24:00:00,,,20130536.587620117,20130536.587620117 
 08/27  01:00:00,,,20022886.033052772,20022886.033052772 
 08/27  02:00:00,,,21274421.73635849,21274421.73635849 
 08/27  03:00:00,,,18771321.451500002,18771321.4515 
 08/27  04:00:00,,,18771321.451500002,18771321.4515 
 08/27  05:00:00,,,21274567.893718466,21274567.893718466 
 08/27  06:00:00,,,17538534.31006415,17538534.31006415 
 08/27  07:00:00,,,9678675.4515,9678675.4515 
 08/27  08:00:00,,,19521778.167635687,19521778.167635683 
 08/27  09:00:00,,,60011219.6298358,60011219.6298358 
 08/27  10:00:00,,,129510276.83116823,129510276.8311682 
 08/27  11:00:00,,,171973535.68438232,171973535.6843823 
 08/27  12:00:00,,,167308076.13634437,167308076.1363443 
 08/27  13:00:00,,,179073099.3598363,179073099.3598363 
 08/27  14:00:00,,,185033370.3519365,185033370.35193646 
 08/27  15:00:00,,,189444132.5157947,189444132.51579463 
 08/27  16:00:00,,,193118192.88976833,193118192.8897683 
 08/27  17:00:00,,,133041727.32077432,133041727.32077429 
 08/27  18:00:00,,,64370586.48271562,64370586.48271561 
 08/27  19:00:00,,,54561166.21527317,54561166.215273164 
 08/27  20:00:00,,,68717840.94436723,68717840.94436723 
 08/27  21:00:00,,,70705389.53167784,70705389.53167784 
 08/27  22:00:00,,,65311081.505593486,65311081.50559348 
 08/27  23:00:00,,,46618803.41452836,46618803.414528355 
 08/27  24:00:00,,,20130833.569530204,20130833.569530204 
 08/28  01:00:00,,,19336089.150481317,19336089.150481317 
 08/28  02:00:00,,,21960910.401697505,21960910.4016975 
 08/28  03:00:00,,,20022873.77680143,20022873.77680143 
 08/28  04:00:00,,,20022880.759862274,20022880.759862274 
 08/28  05:00:00,,,18771321.451500002,18771321.4515 
 08/28  06:00:00,,,17538744.937813524,17538744.937813524 
 08/28  07:00:00,,,13101441.768688302,13101441.768688302 
 08/28  08:00:00,,,43244271.38387432,43244271.38387432 
 08/28  09:00:00,,,113793999.29563913,113793999.2956391 
 08/28  10:00:00,,,169678572.70136845,169678572.70136842 
 08/28  11:00:00,,,180782146.3213208,180782146.32132077 
 08/28  12:00:00,,,194296264.9963306,194296264.99633056 
 08/28  13:00:00,,,204115236.51687387,204115236.51687384 
 08/28  14:00:00,,,199593363.18737078,199593363.18737072 
 08/28  15:00:00,,,203860861.79539603,203860861.79539597 
 08/28  16:00:00,,,198870658.27279553,198870658.27279547 
 08/28  17:00:00,,,196475173.63926178,196475173.63926175 
 08/28  18:00:00,,,193846569.76143986,193846569.76143986 
 08/28  19:00:00,,,187272237.77045947,187272237.77045947 
 08/28  20:00:00,,,137477925.1021626,137477925.10216254 
 08/28  21:00:00,,,75110786.46961084,75110786.46961083 
 08/28  22:00:00,,,63903197.319147855,63903197.319147855 
 08/28  23:00:00,,,48126015.86461917,48126015.86461917 
 08/28  24:00:00,,,20130735.919753067,20130735.919753067 
 08/29  01:00:00,,,20022533.094704,20022533.094703995 
 08/29  02:00:00,,,20022795.889625534,20022795.889625534 
 08/29  03:00:00,,,18771321.451500002,18771321.4515 
 08/29  04:00:00,,,18771321.451500002,18771321.4515 
 08/29  05:00:00,,,20022836.237462945,20022836.23746294 
 08/29  06:00:00,,,22094419.82604886,22094419.82604886 
 08/29  07:00:00,,,14354424.300601365,14354424.300601365 
 08/29  08:00:00,,,43245464.12672184,43245464.12672184 
 08/29  09:00:00,,,112536767.77509758,112536767.77509758 
 08/29  10:00:00,,,174961308.96047533,174961308.96047533 
 08/29  11:00:00,,,195878828.5625014,195878828.56250134 
 08/29  12:00:00,,,199620742.9799805,199620742.97998044 
 08/29  13:00:00,,,208183463.66046822,208183463.66046816 
 08/29  14:00:00,,,218036340.80275014,218036340.8027501 
 08/29  15:00:00,,,222035441.3021059,222035441.3021059 
 08/29  16:00:00,,,223655309.2614446,223655309.26144457 
 08/29  17:00:00,,,220581151.0101509,220581151.01015097 
 08/29  18:00:00,,,211935430.31515226,211935430.31515223 
 08/29  19:00:00,,,207385461.87249017,207385461.87249014 
 08/29  20:00:00,,,152894728.2842086,152894728.28420857 
 08/29  21:00:00,,,79633569.70099682,79633569.70099682 
 08/29  22:00:00,,,71496759.02012677,71496759.02012676 
 08/29  23:00:00,,,49685134.904010996,49685134.904011 
 08/29  24:00:00,,,19483172.02437346,19483172.024373457 
 08/30  01:00:00,,,20022552.43868712,20022552.438687116 
 08/30  02:00:00,,,18771321.451500002,18771321.4515 
 08/30  03:00:00,,,18771321.451500002,18771321.4515 
 08/30  04:00:00,,,20022778.59029093,20022778.590290926 
 08/30  05:00:00,,,22525619.532885127,22525619.532885127 
 08/30  06:00:00,,,19591383.4515,19591383.4515 
 08/30  07:00:00,,,14352941.317500604,14352941.317500602 
 08/30  08:00:00,,,43244036.91680854,43244036.91680854 
 08/30  09:00:00,,,111280152.0465737,111280152.0465737 
 08/30  10:00:00,,,170670509.28687435,170670509.28687432 
 08/30  11:00:00,,,169426032.95134404,169426032.95134404 
 08/30  12:00:00,,,169437435.36349297,169437435.36349294 
 08/30  13:00:00,,,171995725.8035043,171995725.80350426 
 08/30  14:00:00,,,173265630.17760533,173265630.1776053 
 08/30  15:00:00,,,169437385.67568344,169437385.6756834 
 08/30  16:00:00,,,170697546.80563384,170697546.80563378 
 08/30  17:00:00,,,171969453.70338154,171969453.70338154 
 08/30  18:00:00,,,169432415.6930208,169432415.6930207 
 08/30  19:00:00,,,175267437.54960164,175267437.54960158 
 08/30  20:00:00,,,135728536.4295906,135728536.42959058 
 08/30  21:00:00,,,71765388.2028688,71765388.20286879 
 08/30  22:00:00,,,64672631.51508792,64672631.51508791 
 08/30  23:00:00,,,46458611.294903606,46458611.294903606 
 08/30  24:00:00,,,20130850.356730863,20130850.356730863 
 08/31  01:00:00,,,22526014.22572297,22526014.22572297 
 08/31  02:00:00,,,20022615.457582377,20022615.457582377 
 08/31  03:00:00,,,18771321.451500002,18771321.4515 
 08/31  04:00:00,,,18771321.451500002,18771321.4515 
 08/31  05:00:00,,,20022937.433235943,20022937.433235943 
 08/31  06:00:00,,,20843025.50833237,20843025.50833237 
 08/31  07:00:00,,,13101441.768688302,13101441.768688302 
 08/31  08:00:00,,,42042865.471200995,42042865.471200995 
 08/31  09:00:00,,,116269539.81122181,116269539.81122176 
 08/31  10:00:00,,,166891076.1312321,166891076.13123208 
 08/31  11:00:00,,,171955686.2485259,171955686.24852586 
 08/31  12:00:00,,,170709689.76283544,170709689.76283538 
 08/31  13:00:00,,,171995872.93068478,171995872.93068475 
 08/31  14:00:00,,,170720707.47827438,170720707.47827435 
 08/31  15:00:00,,,171977667.24087375,171977667.2408737 
 08/31  16:00:00,,,170697659.414739,170697659.41473898 
 08/31  17:00:00,,,169432762.0115665,169432762.01156643 
 08/31  18:00:00,,,171967851.56268105,171967851.56268105 
 08/31  19:00:00,,,171464876.90163052,171464876.90163046 
 08/31  20:00:00,,,140759745.44872686,140759745.44872683 
 08/31  21:00:00,,,68019947.74285494,68019947.74285492 
 08/31  22:00:00,,,64706627.268837936,64706627.26883793 
 08/31  23:00:00,,,50181005.755991004,50181005.755991 
 08/31  24:00:00,80560953160.09827,2749285.076922387,30272854.79559982,30272854.795599815 
 09/01  01:00:00,,,18879320.4037272,18879320.4037272 
 09/01  02:00:00,,,21274161.54955742,21274161.54955742 
 09/01  03:00:00,,,19941596.61549299,19941596.615492985 
 09/01  04:00:00,,,20104145.29050091,20104145.29050091 
 09/01  05:00:00,,,18771321.451500002,18771321.4515 
 09/01  06:00:00,,,20842640.401366707,20842640.401366707 
 09/01  07:00:00,,,15604483.623037681,15604483.623037681 
 09/01  08:00:00,,,40183272.650914095,40183272.650914095 
 09/01  09:00:00,,,113365542.16426384,113365542.16426383 
 09/01  10:00:00,,,173294100.5102297,173294100.51022965 
 09/01  11:00:00,,,194089361.0803082,194089361.08030817 
 09/01  12:00:00,,,193258347.09897056,193258347.0989705 
 09/01  13:00:00,,,208086102.06057507,208086102.06057504 
 09/01  14:00:00,,,212830177.63521945,212830177.6352194 
 09/01  15:00:00,,,214804711.54101148,214804711.54101145 
 09/01  16:00:00,,,219070084.87400615,219070084.8740062 
 09/01  17:00:00,,,212979440.9397706,212979440.93977058 
 09/01  18:00:00,,,205281173.70360878,205281173.70360875 
 09/01  19:00:00,,,193014896.39212674,193014896.39212674 
 09/01  20:00:00,,,140535485.6719477,140535485.67194766 
 09/01  21:00:00,,,71395714.87026908,71395714.87026906 
 09/01  22:00:00,,,66668992.932817325,66668992.932817325 
 09/01  23:00:00,,,56086777.98921569,56086777.98921569 
 09/01  24:00:00,,,40341689.088076085,40341689.088076085 
 09/02  01:00:00,,,21382426.2671802,21382426.267180197 
 09/02  02:00:00,,,18771321.451500002,18771321.4515 
 09/02  03:00:00,,,21274200.06720151,21274200.06720151 
 09/02  04:00:00,,,21274247.112483382,21274247.112483382 
 09/02  05:00:00,,,18771321.451500002,18771321.4515 
 09/02  06:00:00,,,19591383.4515,19591383.4515 
 09/02  07:00:00,,,14352869.346223034,14352869.346223036 
 09/02  08:00:00,,,40183272.650914095,40183272.650914095 
 09/02  09:00:00,,,114628491.17970733,114628491.17970732 
 09/02  10:00:00,,,169411047.15598086,169411047.15598083 
 09/02  11:00:00,,,169423859.74205232,169423859.7420523 
 09/02  12:00:00,,,170706368.312047,170706368.312047 
 09/02  13:00:00,,,172141042.79125512,172141042.7912551 
 09/02  14:00:00,,,170574756.62523535,170574756.6252353 
 09/02  15:00:00,,,171977739.15178266,171977739.1517826 
 09/02  16:00:00,,,169432933.53173074,169432933.5317307 
 09/02  17:00:00,,,170702079.33280358,170702079.33280355 
 09/02  18:00:00,,,120247879.86131975,120247879.86131969 
 09/02  19:00:00,,,53420330.806071386,53420330.80607137 
 09/02  20:00:00,,,71367355.38621673,71367355.3862167 
 09/02  21:00:00,,,67716318.78590803,67716318.78590803 
 09/02  22:00:00,,,64794602.72611791,64794602.7261179 
 09/02  23:00:00,,,64660272.57994227,64660272.57994228 
 09/02  24:00:00,,,20130890.33930745,20130890.339307446 
 09/03  01:00:00,,,20022895.63481829,20022895.634818286 
 09/03  02:00:00,,,18771321.451500002,18771321.4515 
 09/03  03:00:00,,,21274470.91594213,21274470.91594213 
 09/03  04:00:00,,,20022886.904562943,20022886.90456294 
 09/03  05:00:00,,,20022963.646494467,20022963.646494463 
 09/03  06:00:00,,,19591383.4515,19591383.4515 
 09/03  07:00:00,,,10187317.597703252,10187317.597703252 
 09/03  08:00:00,,,19008318.373221286,19008318.373221286 
 09/03  09:00:00,,,60011046.82186164,60011046.82186164 
 09/03  10:00:00,,,133288990.40628147,133288990.40628144 
 09/03  11:00:00,,,166890638.99621293,166890638.9962129 
 09/03  12:00:00,,,169418606.44784817,169418606.4478481 
 09/03  13:00:00,,,170687207.75468564,170687207.7546856 
 09/03  14:00:00,,,169420430.2993471,169420430.29934707 
 09/03  15:00:00,,,170684062.33520472,170684062.3352047 
 09/03  16:00:00,,,168156159.51989463,168156159.5198946 
 09/03  17:00:00,,,120937817.06268321,120937817.06268317 
 09/03  18:00:00,,,47923687.97415446,47923687.97415446 
 09/03  19:00:00,,,55692790.68388459,55692790.68388458 
 09/03  20:00:00,,,70242481.10814428,70242481.10814427 
 09/03  21:00:00,,,68914796.61460505,68914796.61460505 
 09/03  22:00:00,,,64552573.854506925,64552573.854506925 
 09/03  23:00:00,,,46223779.924847536,46223779.924847536 
 09/03  24:00:00,,,22634022.165965743,22634022.165965743 
 09/04  01:00:00,,,20022893.15463288,20022893.15463288 
 09/04  02:00:00,,,18771321.451500002,18771321.4515 
 09/04  03:00:00,,,18771321.451500002,18771321.4515 
 09/04  04:00:00,,,21274741.012952857,21274741.012952857 
 09/04  05:00:00,,,20023083.131975368,20023083.131975364 
 09/04  06:00:00,,,19591383.4515,19591383.4515 
 09/04  07:00:00,,,10930379.209608898,10930379.209608896 
 09/04  08:00:00,,,20770169.097430095,20770169.097430095 
 09/04  09:00:00,,,58755242.58584571,58755242.58584571 
 09/04  10:00:00,,,130772739.95476492,130772739.9547649 
 09/04  11:00:00,,,178378937.09224996,178378937.09224993 
 09/04  12:00:00,,,205919182.13930446,205919182.13930443 
 09/04  13:00:00,,,223660398.43124732,223660398.4312473 
 09/04  14:00:00,,,240484175.25342935,240484175.25342938 
 09/04  15:00:00,,,256536747.67346743,256536747.6734674 
 09/04  16:00:00,,,262953324.54161078,262953324.54161078 
 09/04  17:00:00,,,199478481.75720537,199478481.75720534 
 09/04  18:00:00,,,82806996.12696823,82806996.12696823 
 09/04  19:00:00,,,76602823.34831947,76602823.34831946 
 09/04  20:00:00,,,87935944.89939183,87935944.89939182 
 09/04  21:00:00,,,89328925.00639804,89328925.00639804 
 09/04  22:00:00,,,80095409.15493971,80095409.15493971 
 09/04  23:00:00,,,60343739.907548964,60343739.907548964 
 09/04  24:00:00,,,26104885.45242218,26104885.45242218 
 09/05  01:00:00,,,18771321.451500002,18771321.4515 
 09/05  02:00:00,,,21174099.545117524,21174099.54511752 
 09/05  03:00:00,,,20022726.237924088,20022726.237924084 
 09/05  04:00:00,,,20022774.783259764,20022774.783259764 
 09/05  05:00:00,,,20022808.25203737,20022808.252037365 
 09/05  06:00:00,,,24147124.189092517,24147124.189092517 
 09/05  07:00:00,,,14354344.36102744,14354344.36102744 
 09/05  08:00:00,,,41992335.225976855,41992335.225976855 
 09/05  09:00:00,,,115053648.0476196,115053648.04761958 
 09/05  10:00:00,,,165715407.49624944,165715407.49624938 
 09/05  11:00:00,,,170783583.01801127,170783583.0180112 
 09/05  12:00:00,,,184879971.74438268,184879971.74438265 
 09/05  13:00:00,,,204581718.57267272,204581718.5726727 
 09/05  14:00:00,,,215476044.2636779,215476044.2636779 
 09/05  15:00:00,,,222402080.25237,222402080.25237 
 09/05  16:00:00,,,218322398.66606084,218322398.66606084 
 09/05  17:00:00,,,215239960.028928,215239960.02892798 
 09/05  18:00:00,,,203819433.5599484,203819433.55994838 
 09/05  19:00:00,,,195845027.16665584,195845027.16665578 
 09/05  20:00:00,,,141119623.72580424,141119623.72580424 
 09/05  21:00:00,,,76967685.98777418,76967685.98777418 
 09/05  22:00:00,,,66417424.314628325,66417424.31462832 
 09/05  23:00:00,,,48214889.791493304,48214889.791493304 
 09/05  24:00:00,,,23132408.05115786,23132408.05115786 
 09/06  01:00:00,,,18771321.451500002,18771321.4515 
 09/06  02:00:00,,,18771321.451500002,18771321.4515 
 09/06  03:00:00,,,18771321.451500002,18771321.4515 
 09/06  04:00:00,,,22525679.917941757,22525679.917941757 
 09/06  05:00:00,,,18771321.451500002,18771321.4515 
 09/06  06:00:00,,,22895619.4515,22895619.4515 
 09/06  07:00:00,,,14352728.062358417,14352728.062358417 
 09/06  08:00:00,,,44496668.66558869,44496668.66558869 
 09/06  09:00:00,,,112563819.63348418,112563819.63348415 
 09/06  10:00:00,,,169428777.79502422,169428777.79502422 
 09/06  11:00:00,,,170690020.69772992,170690020.6977299 
 09/06  12:00:00,,,169478499.59807277,169478499.59807274 
 09/06  13:00:00,,,172034018.65505826,172034018.65505826 
 09/06  14:00:00,,,173312517.8671502,173312517.86715013 
 09/06  15:00:00,,,169483949.32297486,169483949.32297486 
 09/06  16:00:00,,,170920525.8314943,170920525.83149427 
 09/06  17:00:00,,,171147808.48922107,171147808.48922107 
 09/06  18:00:00,,,170704959.43798798,170704959.43798792 
 09/06  19:00:00,,,177580166.20352936,177580166.20352936 
 09/06  20:00:00,,,137618902.46807867,137618902.46807864 
 09/06  21:00:00,,,70177785.45696636,70177785.45696634 
 09/06  22:00:00,,,65706866.492377624,65706866.492377624 
 09/06  23:00:00,,,46318971.16577698,46318971.16577698 
 09/06  24:00:00,,,22634633.004295252,22634633.004295252 
 09/07  01:00:00,,,18771321.451500002,18771321.4515 
 09/07  02:00:00,,,20023071.433728285,20023071.433728285 
 09/07  03:00:00,,,18771321.451500002,18771321.4515 
 09/07  04:00:00,,,21274864.160558283,21274864.16055828 
 09/07  05:00:00,,,18771321.451500002,18771321.4515 
 09/07  06:00:00,,,24147436.498507492,24147436.498507492 
 09/07  07:00:00,,,15606264.011710748,15606264.011710748 
 09/07  08:00:00,,,43590618.91360563,43590618.91360563 
 09/07  09:00:00,,,111977516.54746181,111977516.54746181 
 09/07  10:00:00,,,169554198.46771106,169554198.4677111 
 09/07  11:00:00,,,170747579.89397997,170747579.89397994 
 09/07  12:00:00,,,170270896.26686358,170270896.26686352 
 09/07  13:00:00,,,172762531.48369005,172762531.48369005 
 09/07  14:00:00,,,172074353.61187303,172074353.61187297 
 09/07  15:00:00,,,169893371.95807558,169893371.95807552 
 09/07  16:00:00,,,171650672.01502925,171650672.01502922 
 09/07  17:00:00,,,171949270.14532048,171949270.14532045 
 09/07  18:00:00,,,169589087.6430355,169589087.6430355 
 09/07  19:00:00,,,178643790.40452558,178643790.4045255 
 09/07  20:00:00,,,137816062.939998,137816062.939998 
 09/07  21:00:00,,,68696741.91760477,68696741.91760477 
 09/07  22:00:00,,,64510632.91061565,64510632.91061567 
 09/07  23:00:00,,,50127043.85381834,50127043.85381834 
 09/07  24:00:00,,,31627686.329875052,31627686.329875052 
 09/08  01:00:00,,,18879320.4037272,18879320.4037272 
 09/08  02:00:00,,,20023231.10746833,20023231.10746833 
 09/08  03:00:00,,,20023210.350959774,20023210.350959774 
 09/08  04:00:00,,,20054049.573073074,20054049.573073074 
 09/08  05:00:00,,,18803391.167202197,18803391.167202197 
 09/08  06:00:00,,,24181131.743819896,24181131.743819896 
 09/08  07:00:00,,,16919238.7310103,16919238.7310103 
 09/08  08:00:00,,,40798876.588770844,40798876.58877085 
 09/08  09:00:00,,,113648479.63622046,113648479.63622044 
 09/08  10:00:00,,,168655903.4716953,168655903.47169527 
 09/08  11:00:00,,,172052474.65026918,172052474.65026918 
 09/08  12:00:00,,,169752168.98803368,169752168.98803365 
 09/08  13:00:00,,,173396154.2409735,173396154.2409735 
 09/08  14:00:00,,,170729290.19436345,170729290.1943634 
 09/08  15:00:00,,,170708168.24262407,170708168.24262404 
 09/08  16:00:00,,,170698891.3901231,170698891.39012307 
 09/08  17:00:00,,,171970219.05555138,171970219.05555135 
 09/08  18:00:00,,,170472133.9611979,170472133.96119788 
 09/08  19:00:00,,,180861977.8907476,180861977.8907476 
 09/08  20:00:00,,,137350094.49927473,137350094.49927476 
 09/08  21:00:00,,,70114054.98578322,70114054.98578322 
 09/08  22:00:00,,,64383939.23195398,64383939.23195398 
 09/08  23:00:00,,,54933411.77549056,54933411.775490545 
 09/08  24:00:00,,,40915778.63337105,40915778.63337105 
 09/09  01:00:00,,,21382558.234108586,21382558.234108586 
 09/09  02:00:00,,,18771321.451500002,18771321.4515 
 09/09  03:00:00,,,20023215.223453257,20023215.223453257 
 09/09  04:00:00,,,21275030.89969808,21275030.89969808 
 09/09  05:00:00,,,18771321.451500002,18771321.4515 
 09/09  06:00:00,,,22926464.323222082,22926464.323222082 
 09/09  07:00:00,,,15634832.512188792,15634832.512188792 
 09/09  08:00:00,,,43034523.68141874,43034523.68141874 
 09/09  09:00:00,,,112676358.38582557,112676358.38582557 
 09/09  10:00:00,,,166896504.62039322,166896504.6203932 
 09/09  11:00:00,,,171957645.62963977,171957645.62963974 
 09/09  12:00:00,,,171977090.90275827,171977090.9027582 
 09/09  13:00:00,,,170723536.03750706,170723536.03750703 
 09/09  14:00:00,,,171991954.8927783,171991954.8927783 
 09/09  15:00:00,,,170705987.01015943,170705987.0101594 
 09/09  16:00:00,,,169432295.8601096,169432295.86010957 
 09/09  17:00:00,,,171970226.14720133,171970226.14720127 
 09/09  18:00:00,,,118962149.7276117,118962149.72761168 
 09/09  19:00:00,,,59010047.98208717,59010047.98208717 
 09/09  20:00:00,,,69976616.24412215,69976616.24412215 
 09/09  21:00:00,,,72157127.89494386,72157127.89494385 
 09/09  22:00:00,,,64661596.156664714,64661596.15666469 
 09/09  23:00:00,,,64833958.416486375,64833958.416486375 
 09/09  24:00:00,,,18879320.4037272,18879320.4037272 
 09/10  01:00:00,,,20022853.199726027,20022853.199726023 
 09/10  02:00:00,,,20023040.354760725,20023040.35476072 
 09/10  03:00:00,,,18771321.451500002,18771321.4515 
 09/10  04:00:00,,,18771321.451500002,18771321.4515 
 09/10  05:00:00,,,23778025.42700728,23778025.42700728 
 09/10  06:00:00,,,22895619.4515,22895619.4515 
 09/10  07:00:00,,,10930489.88774612,10930489.887746118 
 09/10  08:00:00,,,17011925.442447804,17011925.442447804 
 09/10  09:00:00,,,61345306.037793174,61345306.037793174 
 09/10  10:00:00,,,129716118.1643944,129716118.16439438 
 09/10  11:00:00,,,170764162.19659352,170764162.19659352 
 09/10  12:00:00,,,169791837.3142408,169791837.3142408 
 09/10  13:00:00,,,170910165.6854299,170910165.6854299 
 09/10  14:00:00,,,169459368.5625685,169459368.56256846 
 09/10  15:00:00,,,170700993.0602463,170700993.06024626 
 09/10  16:00:00,,,167025840.95302907,167025840.95302907 
 09/10  17:00:00,,,121617418.01384208,121617418.01384208 
 09/10  18:00:00,,,49000307.60692524,49000307.60692524 
 09/10  19:00:00,,,58612270.286944054,58612270.28694405 
 09/10  20:00:00,,,69799766.62526268,69799766.62526268 
 09/10  21:00:00,,,67330655.48872529,67330655.48872529 
 09/10  22:00:00,,,65726231.61252612,65726231.61252612 
 09/10  23:00:00,,,47598707.3110862,47598707.3110862 
 09/10  24:00:00,,,20131179.997486714,20131179.997486714 
 09/11  01:00:00,,,21299180.42947129,21299180.42947129 
 09/11  02:00:00,,,18799379.33657452,18799379.336574517 
 09/11  03:00:00,,,20064987.009445675,20064987.009445675 
 09/11  04:00:00,,,18809130.31810687,18809130.31810687 
 09/11  05:00:00,,,21197578.561508548,21197578.561508548 
 09/11  06:00:00,,,23046472.455998283,23046472.455998283 
 09/11  07:00:00,,,15643038.53849941,15643038.538499407 
 09/11  08:00:00,,,42591285.88176138,42591285.88176139 
 09/11  09:00:00,,,115934082.55600907,115934082.55600907 
 09/11  10:00:00,,,171009646.5594734,171009646.55947337 
 09/11  11:00:00,,,171884827.2682633,171884827.2682633 
 09/11  12:00:00,,,171060130.7420588,171060130.7420588 
 09/11  13:00:00,,,171922355.16474214,171922355.1647421 
 09/11  14:00:00,,,175427621.7471437,175427621.7471437 
 09/11  15:00:00,,,169859611.51519334,169859611.51519334 
 09/11  16:00:00,,,170810740.4924228,170810740.4924228 
 09/11  17:00:00,,,170729973.5359802,170729973.5359802 
 09/11  18:00:00,,,169440381.38299987,169440381.38299987 
 09/11  19:00:00,,,181988855.19348547,181988855.19348547 
 09/11  20:00:00,,,137947423.566527,137947423.56652704 
 09/11  21:00:00,,,72791188.06857063,72791188.06857063 
 09/11  22:00:00,,,63314027.58912465,63314027.58912465 
 09/11  23:00:00,,,46469193.27836064,46469193.278360635 
 09/11  24:00:00,,,20131225.15703366,20131225.15703366 
 09/12  01:00:00,,,22561045.878488146,22561045.878488142 
 09/12  02:00:00,,,20058166.408780497,20058166.408780497 
 09/12  03:00:00,,,18808256.09052832,18808256.09052832 
 09/12  04:00:00,,,20088108.73506272,20088108.73506272 
 09/12  05:00:00,,,20082938.395807408,20082938.395807408 
 09/12  06:00:00,,,22974543.48577146,22974543.48577146 
 09/12  07:00:00,,,13147565.465265341,13147565.465265341 
 09/12  08:00:00,,,47784001.150423914,47784001.15042393 
 09/12  09:00:00,,,114385291.18245041,114385291.18245041 
 09/12  10:00:00,,,167486580.2418712,167486580.24187118 
 09/12  11:00:00,,,172351160.09388694,172351160.09388694 
 09/12  12:00:00,,,169082160.27686167,169082160.27686164 
 09/12  13:00:00,,,173288975.81548804,173288975.81548804 
 09/12  14:00:00,,,172011627.67962465,172011627.67962462 
 09/12  15:00:00,,,169439461.56085715,169439461.5608571 
 09/12  16:00:00,,,171967053.12358484,171967053.12358484 
 09/12  17:00:00,,,169432756.45161352,169432756.4516135 
 09/12  18:00:00,,,171970302.93639147,171970302.93639144 
 09/12  19:00:00,,,179447057.5633166,179447057.56331658 
 09/12  20:00:00,,,139221622.15405676,139221622.15405676 
 09/12  21:00:00,,,68533567.65206295,68533567.65206295 
 09/12  22:00:00,,,67013771.62024098,67013771.620240964 
 09/12  23:00:00,,,46372335.08368211,46372335.08368211 
 09/12  24:00:00,,,21383116.883537803,21383116.883537803 
 09/13  01:00:00,,,18796797.623979557,18796797.623979554 
 09/13  02:00:00,,,20066171.1274053,20066171.127405297 
 09/13  03:00:00,,,18813126.77348436,18813126.773484357 
 09/13  04:00:00,,,22635454.75570398,22635454.75570397 
 09/13  05:00:00,,,18817078.015439443,18817078.015439443 
 09/13  06:00:00,,,27587320.648560617,27587320.648560613 
 09/13  07:00:00,,,14986375.324379975,14986375.324379977 
 09/13  08:00:00,,,43618743.482448645,43618743.482448645 
 09/13  09:00:00,,,114749064.00744441,114749064.00744441 
 09/13  10:00:00,,,170829014.1604097,170829014.1604097 
 09/13  11:00:00,,,170318013.09889758,170318013.09889755 
 09/13  12:00:00,,,174731454.00299987,174731454.00299987 
 09/13  13:00:00,,,172337895.1449326,172337895.14493257 
 09/13  14:00:00,,,172266325.62672284,172266325.6267228 
 09/13  15:00:00,,,175117861.99404624,175117861.99404624 
 09/13  16:00:00,,,170633267.82929182,170633267.8292918 
 09/13  17:00:00,,,174225995.0254999,174225995.0254999 
 09/13  18:00:00,,,171442666.5930792,171442666.59307915 
 09/13  19:00:00,,,183659066.7791085,183659066.77910846 
 09/13  20:00:00,,,141059809.07922423,141059809.07922423 
 09/13  21:00:00,,,67827786.04700255,67827786.04700257 
 09/13  22:00:00,,,63363177.76560378,63363177.76560378 
 09/13  23:00:00,,,52757761.55588938,52757761.55588938 
 09/13  24:00:00,,,18907821.68308043,18907821.683080427 
 09/14  01:00:00,,,18805350.10523482,18805350.105234817 
 09/14  02:00:00,,,18809799.271160502,18809799.271160502 
 09/14  03:00:00,,,21309320.659305666,21309320.659305666 
 09/14  04:00:00,,,18812293.088104565,18812293.088104565 
 09/14  05:00:00,,,18852787.59127592,18852787.591275916 
 09/14  06:00:00,,,31382940.984857045,31382940.984857045 
 09/14  07:00:00,,,14540900.744862363,14540900.744862363 
 09/14  08:00:00,,,41576233.342296496,41576233.3422965 
 09/14  09:00:00,,,115947190.09452198,115947190.09452197 
 09/14  10:00:00,,,170608479.18112123,170608479.1811212 
 09/14  11:00:00,,,170313089.32855147,170313089.32855147 
 09/14  12:00:00,,,172370052.62252665,172370052.62252665 
 09/14  13:00:00,,,173074020.8202163,173074020.82021624 
 09/14  14:00:00,,,172509678.03260547,172509678.03260547 
 09/14  15:00:00,,,173403776.9335336,173403776.9335336 
 09/14  16:00:00,,,168170899.54920474,168170899.5492047 
 09/14  17:00:00,,,173241334.89956558,173241334.89956555 
 09/14  18:00:00,,,168168885.10395083,168168885.10395083 
 09/14  19:00:00,,,185473491.49436554,185473491.49436554 
 09/14  20:00:00,,,138004470.427536,138004470.427536 
 09/14  21:00:00,,,70238985.26741569,70238985.26741567 
 09/14  22:00:00,,,65775401.34375858,65775401.34375858 
 09/14  23:00:00,,,46343875.84946034,46343875.84946034 
 09/14  24:00:00,,,34049102.15289853,34049102.15289853 
 09/15  01:00:00,,,18907205.78265244,18907205.78265244 
 09/15  02:00:00,,,20049501.990859214,20049501.990859214 
 09/15  03:00:00,,,20051039.64929336,20051039.64929336 
 09/15  04:00:00,,,18805100.19847,18805100.19847 
 09/15  05:00:00,,,20060365.570410646,20060365.570410646 
 09/15  06:00:00,,,27488329.530176036,27488329.530176036 
 09/15  07:00:00,,,15642239.190386405,15642239.190386405 
 09/15  08:00:00,,,41925117.12993557,41925117.12993558 
 09/15  09:00:00,,,112853876.71964559,112853876.71964559 
 09/15  10:00:00,,,169414462.05484793,169414462.0548479 
 09/15  11:00:00,,,170454362.08895504,170454362.08895504 
 09/15  12:00:00,,,169677833.54656962,169677833.5465696 
 09/15  13:00:00,,,170725625.08606416,170725625.08606413 
 09/15  14:00:00,,,174541057.58853462,174541057.5885346 
 09/15  15:00:00,,,169530425.07278395,169530425.0727839 
 09/15  16:00:00,,,170697616.75958025,170697616.75958025 
 09/15  17:00:00,,,169431755.43187803,169431755.431878 
 09/15  18:00:00,,,170700308.60995913,170700308.6099591 
 09/15  19:00:00,,,184634418.81692457,184634418.81692454 
 09/15  20:00:00,,,137513696.92366728,137513696.92366725 
 09/15  21:00:00,,,67709225.14689004,67709225.14689004 
 09/15  22:00:00,,,69477959.98314755,69477959.98314755 
 09/15  23:00:00,,,53724110.28151536,53724110.28151536 
 09/15  24:00:00,,,39604304.899342105,39604304.8993421 
 09/16  01:00:00,,,20131055.968380213,20131055.96838021 
 09/16  02:00:00,,,21274597.48979709,21274597.48979709 
 09/16  03:00:00,,,20023008.499153536,20023008.499153536 
 09/16  04:00:00,,,18771321.451500002,18771321.4515 
 09/16  05:00:00,,,21274390.402672008,21274390.402672004 
 09/16  06:00:00,,,27451657.32651749,27451657.32651749 
 09/16  07:00:00,,,13101441.768688302,13101441.768688302 
 09/16  08:00:00,,,41463993.92551199,41463993.92551199 
 09/16  09:00:00,,,113369439.31027177,113369439.31027174 
 09/16  10:00:00,,,169411661.1089205,169411661.10892045 
 09/16  11:00:00,,,175600718.467053,175600718.467053 
 09/16  12:00:00,,,198275425.6216379,198275425.62163788 
 09/16  13:00:00,,,210296416.2898247,210296416.28982463 
 09/16  14:00:00,,,216627786.1070089,216627786.10700887 
 09/16  15:00:00,,,222631341.16600764,222631341.16600764 
 09/16  16:00:00,,,220214092.12593523,220214092.1259352 
 09/16  17:00:00,,,216124142.49422783,216124142.49422783 
 09/16  18:00:00,,,147416342.43534085,147416342.4353408 
 09/16  19:00:00,,,68260207.20151854,68260207.20151854 
 09/16  20:00:00,,,77084699.85827236,77084699.85827236 
 09/16  21:00:00,,,68719322.52251801,68719322.52251801 
 09/16  22:00:00,,,65403650.08354883,65403650.08354883 
 09/16  23:00:00,,,66646867.140527636,66646867.14052763 
 09/16  24:00:00,,,18879320.4037272,18879320.4037272 
 09/17  01:00:00,,,20022838.63634881,20022838.636348806 
 09/17  02:00:00,,,18771321.451500002,18771321.4515 
 09/17  03:00:00,,,20022663.21149242,20022663.21149242 
 09/17  04:00:00,,,21274447.83292455,21274447.83292455 
 09/17  05:00:00,,,18771321.451500002,18771321.4515 
 09/17  06:00:00,,,28703022.0762748,28703022.0762748 
 09/17  07:00:00,,,10930208.548729794,10930208.548729792 
 09/17  08:00:00,,,17011925.442447804,17011925.442447804 
 09/17  09:00:00,,,60006690.93738179,60006690.93738179 
 09/17  10:00:00,,,131052968.64944619,131052968.64944614 
 09/17  11:00:00,,,176581666.98019862,176581666.9801986 
 09/17  12:00:00,,,174721970.27641487,174721970.27641484 
 09/17  13:00:00,,,184303988.01739246,184303988.0173924 
 09/17  14:00:00,,,190877584.50604433,190877584.5060443 
 09/17  15:00:00,,,201502887.17416108,201502887.17416105 
 09/17  16:00:00,,,191938853.0796371,191938853.07963705 
 09/17  17:00:00,,,132604742.24146774,132604742.24146771 
 09/17  18:00:00,,,59774512.78304405,59774512.78304404 
 09/17  19:00:00,,,65429096.15219137,65429096.15219137 
 09/17  20:00:00,,,70964121.24227616,70964121.24227616 
 09/17  21:00:00,,,68263915.92721054,68263915.92721052 
 09/17  22:00:00,,,65228149.01158737,65228149.01158737 
 09/17  23:00:00,,,47989589.531534836,47989589.531534836 
 09/17  24:00:00,,,20130926.09538162,20130926.09538162 
 09/18  01:00:00,,,20022768.960533027,20022768.960533027 
 09/18  02:00:00,,,22525865.90663759,22525865.906637594 
 09/18  03:00:00,,,18771321.451500002,18771321.4515 
 09/18  04:00:00,,,18771321.451500002,18771321.4515 
 09/18  05:00:00,,,18771321.451500002,18771321.4515 
 09/18  06:00:00,,,27451314.51793551,27451314.51793551 
 09/18  07:00:00,,,15606146.35676104,15606146.35676104 
 09/18  08:00:00,,,42131291.77699166,42131291.77699166 
 09/18  09:00:00,,,115845566.5665114,115845566.5665114 
 09/18  10:00:00,,,167673101.90277395,167673101.90277395 
 09/18  11:00:00,,,172487005.4181646,172487005.41816455 
 09/18  12:00:00,,,170560097.56517875,170560097.56517875 
 09/18  13:00:00,,,173613711.1681931,173613711.16819307 
 09/18  14:00:00,,,172578125.38818341,172578125.38818336 
 09/18  15:00:00,,,168903529.90867832,168903529.90867832 
 09/18  16:00:00,,,171970936.42671266,171970936.42671263 
 09/18  17:00:00,,,169451368.02045086,169451368.02045086 
 09/18  18:00:00,,,171987019.5398215,171987019.5398215 
 09/18  19:00:00,,,186043904.1343516,186043904.13435158 
 09/18  20:00:00,,,140105762.8466254,140105762.8466254 
 09/18  21:00:00,,,68914335.62334812,68914335.6233481 
 09/18  22:00:00,,,65701637.63772763,65701637.63772763 
 09/18  23:00:00,,,46306318.08264791,46306318.08264791 
 09/18  24:00:00,,,20131085.818199363,20131085.81819936 
 09/19  01:00:00,,,20023051.418554354,20023051.41855435 
 09/19  02:00:00,,,21274722.714590214,21274722.714590214 
 09/19  03:00:00,,,18771321.451500002,18771321.4515 
 09/19  04:00:00,,,21274617.590424176,21274617.590424173 
 09/19  05:00:00,,,18771321.451500002,18771321.4515 
 09/19  06:00:00,,,27476688.064638503,27476688.064638503 
 09/19  07:00:00,,,14361243.223697212,14361243.223697212 
 09/19  08:00:00,,,41481242.21463074,41481242.21463074 
 09/19  09:00:00,,,118041737.55507825,118041737.55507824 
 09/19  10:00:00,,,169956116.94465986,169956116.94465983 
 09/19  11:00:00,,,169448753.88779667,169448753.88779664 
 09/19  12:00:00,,,170706073.9083623,170706073.90836227 
 09/19  13:00:00,,,170724683.18433863,170724683.1843386 
 09/19  14:00:00,,,173269680.83051363,173269680.83051357 
 09/19  15:00:00,,,170709999.23917595,170709999.23917592 
 09/19  16:00:00,,,170699029.578109,170699029.57810897 
 09/19  17:00:00,,,169433976.79171723,169433976.7917172 
 09/19  18:00:00,,,170701833.8287866,170701833.82878658 
 09/19  19:00:00,,,186133447.00211033,186133447.00211027 
 09/19  20:00:00,,,139410532.95068917,139410532.95068917 
 09/19  21:00:00,,,70041384.04692623,70041384.04692622 
 09/19  22:00:00,,,65607129.388262115,65607129.388262115 
 09/19  23:00:00,,,47428465.81483339,47428465.81483339 
 09/19  24:00:00,,,18879320.4037272,18879320.4037272 
 09/20  01:00:00,,,22526514.055976246,22526514.05597625 
 09/20  02:00:00,,,18771321.451500002,18771321.4515 
 09/20  03:00:00,,,18771321.451500002,18771321.4515 
 09/20  04:00:00,,,18771321.451500002,18771321.4515 
 09/20  05:00:00,,,22526593.994230494,22526593.994230494 
 09/20  06:00:00,,,29504091.4515,29504091.4515 
 09/20  07:00:00,,,14354657.929400647,14354657.929400647 
 09/20  08:00:00,,,43604181.43773681,43604181.437736824 
 09/20  09:00:00,,,113769490.47463977,113769490.47463977 
 09/20  10:00:00,,,170097700.73465368,170097700.73465368 
 09/20  11:00:00,,,171169041.55215114,171169041.5521511 
 09/20  12:00:00,,,171378888.04278177,171378888.04278177 
 09/20  13:00:00,,,170926504.4506445,170926504.4506445 
 09/20  14:00:00,,,174605461.4089204,174605461.40892035 
 09/20  15:00:00,,,169743345.2824316,169743345.2824316 
 09/20  16:00:00,,,171164963.14404324,171164963.1440432 
 09/20  17:00:00,,,171192135.1642982,171192135.16429818 
 09/20  18:00:00,,,169556873.9589744,169556873.9589744 
 09/20  19:00:00,,,190436977.09280482,190436977.0928048 
 09/20  20:00:00,,,137099505.01734146,137099505.0173415 
 09/20  21:00:00,,,71601855.21157172,71601855.21157172 
 09/20  22:00:00,,,64676608.90674686,64676608.90674686 
 09/20  23:00:00,,,47849523.399091125,47849523.39909112 
 09/20  24:00:00,,,21416817.666999787,21416817.666999787 
 09/21  01:00:00,,,18823350.108586065,18823350.108586065 
 09/21  02:00:00,,,21380472.789785977,21380472.789785974 
 09/21  03:00:00,,,18815709.757389314,18815709.757389314 
 09/21  04:00:00,,,20214219.13928266,20214219.139282655 
 09/21  05:00:00,,,18962964.712632325,18962964.712632325 
 09/21  06:00:00,,,30966888.259187933,30966888.25918793 
 09/21  07:00:00,,,15844857.416982945,15844857.416982943 
 09/21  08:00:00,,,44514996.299597405,44514996.29959741 
 09/21  09:00:00,,,115329763.555291,115329763.555291 
 09/21  10:00:00,,,169298609.20740092,169298609.20740092 
 09/21  11:00:00,,,172071758.42388666,172071758.42388663 
 09/21  12:00:00,,,170267513.56944904,170267513.56944898 
 09/21  13:00:00,,,172455974.74922976,172455974.74922976 
 09/21  14:00:00,,,170722694.850683,170722694.850683 
 09/21  15:00:00,,,171978449.07356387,171978449.0735638 
 09/21  16:00:00,,,170699610.28674686,170699610.28674683 
 09/21  17:00:00,,,171970923.63427365,171970923.6342736 
 09/21  18:00:00,,,169433756.75261766,169433756.75261763 
 09/21  19:00:00,,,187326705.22305465,187326705.22305465 
 09/21  20:00:00,,,139613000.00499427,139613000.00499424 
 09/21  21:00:00,,,69140499.96428755,69140499.96428755 
 09/21  22:00:00,,,64728448.50632342,64728448.50632342 
 09/21  23:00:00,,,50403493.27567934,50403493.275679335 
 09/21  24:00:00,,,31941022.087018736,31941022.087018736 
 09/22  01:00:00,,,18879320.4037272,18879320.4037272 
 09/22  02:00:00,,,18796198.830763943,18796198.83076394 
 09/22  03:00:00,,,21912125.096378535,21912125.096378528 
 09/22  04:00:00,,,19461304.591663186,19461304.59166318 
 09/22  05:00:00,,,18825779.382263564,18825779.382263564 
 09/22  06:00:00,,,32061867.224802952,32061867.224802956 
 09/22  07:00:00,,,14408922.420270551,14408922.42027055 
 09/22  08:00:00,,,42453438.82087772,42453438.82087772 
 09/22  09:00:00,,,113856102.17337817,113856102.17337817 
 09/22  10:00:00,,,171399057.1099224,171399057.1099224 
 09/22  11:00:00,,,171781693.77145404,171781693.77145404 
 09/22  12:00:00,,,173326729.31380117,173326729.3138011 
 09/22  13:00:00,,,172708926.4678486,172708926.46784857 
 09/22  14:00:00,,,170916063.47966006,170916063.47966006 
 09/22  15:00:00,,,172089978.20053655,172089978.20053655 
 09/22  16:00:00,,,171087911.20606828,171087911.20606828 
 09/22  17:00:00,,,171289610.3124196,171289610.3124196 
 09/22  18:00:00,,,171122872.48115826,171122872.48115823 
 09/22  19:00:00,,,191580945.28208444,191580945.2820844 
 09/22  20:00:00,,,140123476.85273615,140123476.85273615 
 09/22  21:00:00,,,69159811.49789907,69159811.49789907 
 09/22  22:00:00,,,65928185.22289324,65928185.22289324 
 09/22  23:00:00,,,55276744.90214993,55276744.90214993 
 09/22  24:00:00,,,41313223.4372326,41313223.4372326 
 09/23  01:00:00,,,20165550.856699564,20165550.856699564 
 09/23  02:00:00,,,20091967.546509985,20091967.54650998 
 09/23  03:00:00,,,20083485.523080252,20083485.52308025 
 09/23  04:00:00,,,18849774.567960363,18849774.56796036 
 09/23  05:00:00,,,21402565.547701243,21402565.547701243 
 09/23  06:00:00,,,30935670.725376993,30935670.725376993 
 09/23  07:00:00,,,14570411.329090443,14570411.32909044 
 09/23  08:00:00,,,40867582.53267713,40867582.53267713 
 09/23  09:00:00,,,114989412.68391792,114989412.68391791 
 09/23  10:00:00,,,171512205.5419323,171512205.54193234 
 09/23  11:00:00,,,169628687.57203883,169628687.57203883 
 09/23  12:00:00,,,170797564.7581984,170797564.7581984 
 09/23  13:00:00,,,171999266.11937016,171999266.11937013 
 09/23  14:00:00,,,171995957.5127914,171995957.51279134 
 09/23  15:00:00,,,170708373.10513046,170708373.10513046 
 09/23  16:00:00,,,169433903.27697635,169433903.27697635 
 09/23  17:00:00,,,171972338.07946464,171972338.0794646 
 09/23  18:00:00,,,118421582.27700838,118421582.27700832 
 09/23  19:00:00,,,71362785.25228316,71362785.25228316 
 09/23  20:00:00,,,68495752.17202677,68495752.17202675 
 09/23  21:00:00,,,68511617.52219094,68511617.52219093 
 09/23  22:00:00,,,65607202.34990569,65607202.34990569 
 09/23  23:00:00,,,64347063.45365473,64347063.45365473 
 09/23  24:00:00,,,20130755.254099004,20130755.254099 
 09/24  01:00:00,,,18771321.451500002,18771321.4515 
 09/24  02:00:00,,,21275073.88545288,21275073.88545288 
 09/24  03:00:00,,,21275060.55759619,21275060.55759619 
 09/24  04:00:00,,,18771321.451500002,18771321.4515 
 09/24  05:00:00,,,18798353.512904864,18798353.512904864 
 09/24  06:00:00,,,32034977.56601475,32034977.56601475 
 09/24  07:00:00,,,10984882.986549193,10984882.986549193 
 09/24  08:00:00,,,17049323.01445353,17049323.01445353 
 09/24  09:00:00,,,62922292.30660532,62922292.30660531 
 09/24  10:00:00,,,129648324.9158851,129648324.91588509 
 09/24  11:00:00,,,169415542.4238802,169415542.42388013 
 09/24  12:00:00,,,170682087.58980048,170682087.58980045 
 09/24  13:00:00,,,169014169.22478038,169014169.22478035 
 09/24  14:00:00,,,169830364.41812393,169830364.4181239 
 09/24  15:00:00,,,169421139.56282678,169421139.56282675 
 09/24  16:00:00,,,169421395.6764884,169421395.67648837 
 09/24  17:00:00,,,119675183.03509788,119675183.03509784 
 09/24  18:00:00,,,49276075.874265194,49276075.874265194 
 09/24  19:00:00,,,68752686.87457788,68752686.87457787 
 09/24  20:00:00,,,68760310.56203516,68760310.56203516 
 09/24  21:00:00,,,69970565.35179813,69970565.35179813 
 09/24  22:00:00,,,65805171.429265484,65805171.42926547 
 09/24  23:00:00,,,46324523.72900566,46324523.72900565 
 09/24  24:00:00,,,21382543.709425613,21382543.709425613 
 09/25  01:00:00,,,18771321.451500002,18771321.4515 
 09/25  02:00:00,,,20023175.61027395,20023175.61027395 
 09/25  03:00:00,,,20023026.631553788,20023026.631553784 
 09/25  04:00:00,,,18771321.451500002,18771321.4515 
 09/25  05:00:00,,,21305006.079339758,21305006.079339754 
 09/25  06:00:00,,,30786733.81212565,30786733.812125646 
 09/25  07:00:00,,,14387285.536525553,14387285.536525553 
 09/25  08:00:00,,,42347104.12160699,42347104.121607 
 09/25  09:00:00,,,114370900.89769718,114370900.8976972 
 09/25  10:00:00,,,169424470.2069679,169424470.20696786 
 09/25  11:00:00,,,168471764.2517841,168471764.25178406 
 09/25  12:00:00,,,172940752.24201736,172940752.24201733 
 09/25  13:00:00,,,170723908.43064213,170723908.4306421 
 09/25  14:00:00,,,172528899.0726892,172528899.07268918 
 09/25  15:00:00,,,171779870.39292562,171779870.3929256 
 09/25  16:00:00,,,169700917.03264698,169700917.03264695 
 09/25  17:00:00,,,170538715.9922595,170538715.99225947 
 09/25  18:00:00,,,170701437.4778033,170701437.47780326 
 09/25  19:00:00,,,190522540.8581282,190522540.85812813 
 09/25  20:00:00,,,138235189.76045033,138235189.76045027 
 09/25  21:00:00,,,68952109.31362638,68952109.31362638 
 09/25  22:00:00,,,67085622.25090979,67085622.2509098 
 09/25  23:00:00,,,47586313.17479311,47586313.17479311 
 09/25  24:00:00,,,18879320.4037272,18879320.4037272 
 09/26  01:00:00,,,18771321.451500002,18771321.4515 
 09/26  02:00:00,,,20671376.1893778,20671376.189377796 
 09/26  03:00:00,,,20626162.727059044,20626162.727059044 
 09/26  04:00:00,,,18771321.451500002,18771321.4515 
 09/26  05:00:00,,,22526807.291864082,22526807.29186408 
 09/26  06:00:00,,,30755664.179894675,30755664.179894675 
 09/26  07:00:00,,,13101441.768688302,13101441.768688302 
 09/26  08:00:00,,,41250711.92888653,41250711.928886555 
 09/26  09:00:00,,,115778394.79140915,115778394.79140913 
 09/26  10:00:00,,,170680335.15441424,170680335.15441424 
 09/26  11:00:00,,,168161044.05254155,168161044.05254152 
 09/26  12:00:00,,,171978013.0961023,171978013.09610227 
 09/26  13:00:00,,,171185845.65339094,171185845.6533909 
 09/26  14:00:00,,,175882037.2662557,175882037.26625568 
 09/26  15:00:00,,,176651442.63834423,176651442.63834417 
 09/26  16:00:00,,,173795590.6112429,173795590.61124283 
 09/26  17:00:00,,,172075200.40397745,172075200.40397742 
 09/26  18:00:00,,,170554164.27639806,170554164.27639803 
 09/26  19:00:00,,,190521950.74024263,190521950.7402426 
 09/26  20:00:00,,,138232824.65690103,138232824.65690103 
 09/26  21:00:00,,,70941732.70166038,70941732.70166036 
 09/26  22:00:00,,,65225080.50865514,65225080.50865513 
 09/26  23:00:00,,,47822346.97398238,47822346.97398238 
 09/26  24:00:00,,,20130592.871532574,20130592.871532574 
 09/27  01:00:00,,,20022900.45954533,20022900.45954533 
 09/27  02:00:00,,,20022912.44575708,20022912.445757076 
 09/27  03:00:00,,,20022906.86365681,20022906.863656808 
 09/27  04:00:00,,,18771321.451500002,18771321.4515 
 09/27  05:00:00,,,20022946.66051874,20022946.660518736 
 09/27  06:00:00,,,30755714.623032536,30755714.623032536 
 09/27  07:00:00,,,17658672.110256307,17658672.110256303 
 09/27  08:00:00,,,43245887.78667763,43245887.78667763 
 09/27  09:00:00,,,113797449.9151745,113797449.91517448 
 09/27  10:00:00,,,166888557.7275651,166888557.72756508 
 09/27  11:00:00,,,171953806.55547908,171953806.55547905 
 09/27  12:00:00,,,170717664.2375861,170717664.23758608 
 09/27  13:00:00,,,170725034.0293213,170725034.02932128 
 09/27  14:00:00,,,174544315.67432684,174544315.67432678 
 09/27  15:00:00,,,169437156.50722483,169437156.5072248 
 09/27  16:00:00,,,170699481.44685176,170699481.44685173 
 09/27  17:00:00,,,170702181.50030696,170702181.50030693 
 09/27  18:00:00,,,172737658.61833477,172737658.6183347 
 09/27  19:00:00,,,190522357.8064109,190522357.80641085 
 09/27  20:00:00,,,138233408.63728315,138233408.6372831 
 09/27  21:00:00,,,70467510.55145448,70467510.55145448 
 09/27  22:00:00,,,67461823.94072556,67461823.94072556 
 09/27  23:00:00,,,46405248.17747702,46405248.17747702 
 09/27  24:00:00,,,18879320.4037272,18879320.4037272 
 09/28  01:00:00,,,20022932.920060065,20022932.92006006 
 09/28  02:00:00,,,21022355.92326609,21022355.92326609 
 09/28  03:00:00,,,19023341.67621729,19023341.676217288 
 09/28  04:00:00,,,20023058.512224305,20023058.512224305 
 09/28  05:00:00,,,20022998.55248038,20022998.552480377 
 09/28  06:00:00,,,32007456.45675018,32007456.456750184 
 09/28  07:00:00,,,16405677.768688302,16405677.7686883 
 09/28  08:00:00,,,42293653.319238454,42293653.31923846 
 09/28  09:00:00,,,115175730.20214233,115175730.2021423 
 09/28  10:00:00,,,171635579.76371092,171635579.76371092 
 09/28  11:00:00,,,168900746.9471247,168900746.94712475 
 09/28  12:00:00,,,174676752.34609303,174676752.346093 
 09/28  13:00:00,,,172669080.0771798,172669080.07717976 
 09/28  14:00:00,,,171036181.77389315,171036181.77389315 
 09/28  15:00:00,,,174383657.24234924,174383657.24234924 
 09/28  16:00:00,,,170644896.85969275,170644896.85969275 
 09/28  17:00:00,,,172039141.44570398,172039141.44570395 
 09/28  18:00:00,,,175933515.1068158,175933515.10681576 
 09/28  19:00:00,,,188806954.41240087,188806954.41240084 
 09/28  20:00:00,,,141960202.0840623,141960202.0840623 
 09/28  21:00:00,,,69020070.01726402,69020070.01726402 
 09/28  22:00:00,,,65816435.04769509,65816435.047695085 
 09/28  23:00:00,,,47682249.96963681,47682249.96963681 
 09/28  24:00:00,,,30419118.76859895,30419118.76859895 
 09/29  01:00:00,,,20131166.958096635,20131166.95809663 
 09/29  02:00:00,,,18796387.466423217,18796387.466423213 
 09/29  03:00:00,,,20057337.0206289,20057337.0206289 
 09/29  04:00:00,,,23808226.31437677,23808226.31437677 
 09/29  05:00:00,,,20064854.18393971,20064854.18393971 
 09/29  06:00:00,,,29535951.355958186,29535951.355958186 
 09/29  07:00:00,,,16436280.702106928,16436280.702106928 
 09/29  08:00:00,,,41835037.86343095,41835037.863430955 
 09/29  09:00:00,,,112028186.21751402,112028186.21751402 
 09/29  10:00:00,,,172340144.51567814,172340144.51567814 
 09/29  11:00:00,,,168173169.61464655,168173169.61464655 
 09/29  12:00:00,,,171979437.88142663,171979437.8814266 
 09/29  13:00:00,,,173275231.49901348,173275231.49901345 
 09/29  14:00:00,,,169449551.32067883,169449551.3206788 
 09/29  15:00:00,,,171980878.82309687,171980878.82309684 
 09/29  16:00:00,,,170699798.08236066,170699798.08236063 
 09/29  17:00:00,,,171972410.6087311,171972410.60873103 
 09/29  18:00:00,,,174645164.71474138,174645164.71474135 
 09/29  19:00:00,,,188617382.55929625,188617382.5592962 
 09/29  20:00:00,,,140774567.74002624,140774567.7400262 
 09/29  21:00:00,,,67573878.24848433,67573878.24848431 
 09/29  22:00:00,,,63140134.40244168,63140134.40244168 
 09/29  23:00:00,,,56256357.33450053,56256357.33450053 
 09/29  24:00:00,,,42275805.96221149,42275805.96221148 
 09/30  01:00:00,,,18879320.4037272,18879320.4037272 
 09/30  02:00:00,,,20023123.926618196,20023123.926618192 
 09/30  03:00:00,,,20023133.75618368,20023133.756183676 
 09/30  04:00:00,,,20023142.556062974,20023142.556062974 
 09/30  05:00:00,,,21299483.22285252,21299483.222852517 
 09/30  06:00:00,,,29538674.254183564,29538674.254183564 
 09/30  07:00:00,,,18948836.20143479,18948836.20143479 
 09/30  08:00:00,,,41730452.71026434,41730452.71026435 
 09/30  09:00:00,,,112910983.42018278,112910983.42018278 
 09/30  10:00:00,,,171053754.36434934,171053754.36434934 
 09/30  11:00:00,,,168172832.16002524,168172832.1600252 
 09/30  12:00:00,,,173247950.2549285,173247950.2549284 
 09/30  13:00:00,,,170723563.25669613,170723563.2566961 
 09/30  14:00:00,,,171374952.1686336,171374952.16863358 
 09/30  15:00:00,,,172599632.44892892,172599632.4489289 
 09/30  16:00:00,,,169435571.46257812,169435571.46257806 
 09/30  17:00:00,,,171974327.85991746,171974327.85991746 
 09/30  18:00:00,,,120457539.51489638,120457539.5148963 
 09/30  19:00:00,,,71393129.31835714,71393129.31835714 
 09/30  20:00:00,,,68632777.79677108,68632777.79677108 
 09/30  21:00:00,,,69951039.9248222,69951039.9248222 
 09/30  22:00:00,,,64507230.82659741,64507230.82659739 
 09/30  23:00:00,,,63272554.95803881,63272554.958038814 
 09/30  24:00:00,69125509740.07472,13261700158.14121,23886391.449240215,23886391.449240215 
 10/01  01:00:00,,,18771321.451500002,18771321.4515 
 10/01  02:00:00,,,18771321.451500002,18771321.4515 
 10/01  03:00:00,,,20023095.33548107,20023095.33548107 
 10/01  04:00:00,,,20023135.835511878,20023135.835511874 
 10/01  05:00:00,,,18771321.451500002,18771321.4515 
 10/01  06:00:00,,,30755918.289503105,30755918.289503105 
 10/01  07:00:00,,,15486657.442943335,15486657.442943335 
 10/01  08:00:00,,,19596659.237901602,19596659.2379016 
 10/01  09:00:00,,,60206200.049981415,60206200.0499814 
 10/01  10:00:00,,,132179262.07851897,132179262.07851896 
 10/01  11:00:00,,,172775753.6330448,172775753.6330448 
 10/01  12:00:00,,,172223293.54488277,172223293.54488277 
 10/01  13:00:00,,,173094007.76390237,173094007.76390237 
 10/01  14:00:00,,,171585857.82932395,171585857.82932392 
 10/01  15:00:00,,,172635236.91033024,172635236.9103302 
 10/01  16:00:00,,,171555525.97558165,171555525.97558165 
 10/01  17:00:00,,,122519022.40649626,122519022.40649626 
 10/01  18:00:00,,,51351254.021478936,51351254.021478936 
 10/01  19:00:00,,,70142216.86714554,70142216.86714554 
 10/01  20:00:00,,,70158596.45095769,70158596.45095769 
 10/01  21:00:00,,,68944736.48194009,68944736.48194009 
 10/01  22:00:00,,,63602638.93875952,63602638.938759506 
 10/01  23:00:00,,,49298054.94075064,49298054.94075064 
 10/01  24:00:00,,,21434520.487901833,21434520.487901837 
 10/02  01:00:00,,,18872463.678892232,18872463.678892232 
 10/02  02:00:00,,,18893397.998015445,18893397.998015445 
 10/02  03:00:00,,,21441542.403539672,21441542.40353967 
 10/02  04:00:00,,,20244229.93530553,20244229.93530553 
 10/02  05:00:00,,,19006305.52330878,19006305.523308776 
 10/02  06:00:00,,,31083916.856382657,31083916.856382657 
 10/02  07:00:00,,,20541055.677378558,20541055.677378558 
 10/02  08:00:00,,,41725730.80695304,41725730.80695304 
 10/02  09:00:00,,,116585072.45740308,116585072.45740306 
 10/02  10:00:00,,,171511513.6709339,171511513.6709339 
 10/02  11:00:00,,,171070418.64138788,171070418.64138785 
 10/02  12:00:00,,,174179268.5581696,174179268.55816957 
 10/02  13:00:00,,,173779115.36563542,173779115.36563542 
 10/02  14:00:00,,,173925681.65733355,173925681.65733358 
 10/02  15:00:00,,,171700609.5993764,171700609.5993764 
 10/02  16:00:00,,,172508882.43599376,172508882.43599376 
 10/02  17:00:00,,,172146340.91674134,172146340.91674134 
 10/02  18:00:00,,,178634721.69257924,178634721.6925792 
 10/02  19:00:00,,,192047770.55534908,192047770.55534905 
 10/02  20:00:00,,,139983830.89871573,139983830.89871573 
 10/02  21:00:00,,,70348921.87543686,70348921.87543684 
 10/02  22:00:00,,,64618295.58042227,64618295.58042227 
 10/02  23:00:00,,,47726605.94932422,47726605.94932421 
 10/02  24:00:00,,,20159417.75614779,20159417.75614779 
 10/03  01:00:00,,,21548275.15000612,21548275.150006123 
 10/03  02:00:00,,,19827639.14891318,19827639.148913175 
 10/03  03:00:00,,,20061779.64615176,20061779.64615175 
 10/03  04:00:00,,,18849439.714593552,18849439.714593552 
 10/03  05:00:00,,,20072262.37369123,20072262.37369123 
 10/03  06:00:00,,,29573018.261080068,29573018.261080068 
 10/03  07:00:00,,,17803507.37517132,17803507.37517131 
 10/03  08:00:00,,,45249512.138173155,45249512.13817315 
 10/03  09:00:00,,,116186867.95931803,116186867.95931803 
 10/03  10:00:00,,,170042999.49221998,170042999.49221998 
 10/03  11:00:00,,,173564409.63397914,173564409.63397908 
 10/03  12:00:00,,,170524428.21071106,170524428.2107111 
 10/03  13:00:00,,,175418735.50260743,175418735.5026074 
 10/03  14:00:00,,,175381252.71948367,175381252.71948364 
 10/03  15:00:00,,,170841303.8472582,170841303.84725818 
 10/03  16:00:00,,,173599174.4993914,173599174.49939138 
 10/03  17:00:00,,,175007450.33833358,175007450.33833355 
 10/03  18:00:00,,,177923063.65582475,177923063.65582475 
 10/03  19:00:00,,,193393765.9464741,193393765.94647405 
 10/03  20:00:00,,,138841127.6398865,138841127.63988653 
 10/03  21:00:00,,,69489578.05208072,69489578.05208072 
 10/03  22:00:00,,,64282790.965304896,64282790.96530491 
 10/03  23:00:00,,,49006654.87904368,49006654.87904368 
 10/03  24:00:00,,,20964394.090774395,20964394.09077439 
 10/04  01:00:00,,,19260840.401785664,19260840.401785664 
 10/04  02:00:00,,,18806085.52979668,18806085.52979668 
 10/04  03:00:00,,,21336807.474346675,21336807.474346675 
 10/04  04:00:00,,,20206667.743854865,20206667.743854865 
 10/04  05:00:00,,,18939048.596990652,18939048.596990652 
 10/04  06:00:00,,,32415145.77124715,32415145.77124715 
 10/04  07:00:00,,,21310905.30024696,21310905.30024696 
 10/04  08:00:00,,,43048533.793798596,43048533.793798596 
 10/04  09:00:00,,,117567036.54437128,117567036.54437128 
 10/04  10:00:00,,,170691318.8059309,170691318.8059309 
 10/04  11:00:00,,,173251543.85084906,173251543.85084906 
 10/04  12:00:00,,,175477905.0372768,175477905.0372768 
 10/04  13:00:00,,,175155910.5715361,175155910.5715361 
 10/04  14:00:00,,,174842147.0848116,174842147.0848116 
 10/04  15:00:00,,,173311522.47011942,173311522.47011942 
 10/04  16:00:00,,,174819027.01387763,174819027.01387763 
 10/04  17:00:00,,,173312266.81106412,173312266.81106412 
 10/04  18:00:00,,,179334592.62539303,179334592.62539303 
 10/04  19:00:00,,,193499272.18613994,193499272.18613988 
 10/04  20:00:00,,,141593679.22401264,141593679.22401264 
 10/04  21:00:00,,,70684301.33499494,70684301.33499494 
 10/04  22:00:00,,,66234426.24979441,66234426.24979441 
 10/04  23:00:00,,,46936926.557983905,46936926.5579839 
 10/04  24:00:00,,,20381598.033236735,20381598.033236735 
 10/05  01:00:00,,,21761214.23018074,21761214.23018074 
 10/05  02:00:00,,,20550041.5304821,20550041.5304821 
 10/05  03:00:00,,,19339698.93507901,19339698.93507901 
 10/05  04:00:00,,,21932615.422200702,21932615.4222007 
 10/05  05:00:00,,,20776896.985010788,20776896.985010788 
 10/05  06:00:00,,,30224451.989658162,30224451.989658155 
 10/05  07:00:00,,,22359788.19547814,22359788.195478138 
 10/05  08:00:00,,,44840067.229319565,44840067.229319565 
 10/05  09:00:00,,,117566985.45516536,117566985.45516537 
 10/05  10:00:00,,,171934079.72181314,171934079.7218132 
 10/05  11:00:00,,,170886911.41831475,170886911.41831473 
 10/05  12:00:00,,,173312009.4697199,173312009.4697199 
 10/05  13:00:00,,,173774473.86260414,173774473.86260414 
 10/05  14:00:00,,,169543828.09913158,169543828.09913155 
 10/05  15:00:00,,,171981267.82134542,171981267.8213454 
 10/05  16:00:00,,,170707828.58024234,170707828.58024228 
 10/05  17:00:00,,,170751372.3041668,170751372.30416676 
 10/05  18:00:00,,,178670727.72895157,178670727.72895157 
 10/05  19:00:00,,,189873703.835181,189873703.83518097 
 10/05  20:00:00,,,140861633.59449124,140861633.59449127 
 10/05  21:00:00,,,68222083.54437628,68222083.54437627 
 10/05  22:00:00,,,66760847.99772911,66760847.9977291 
 10/05  23:00:00,,,47771224.14099305,47771224.140993044 
 10/05  24:00:00,,,30507772.693873495,30507772.69387349 
 10/06  01:00:00,,,20181448.17459483,20181448.174594827 
 10/06  02:00:00,,,20065537.75646052,20065537.75646052 
 10/06  03:00:00,,,21328628.412314307,21328628.412314303 
 10/06  04:00:00,,,20118009.199953776,20118009.199953776 
 10/06  05:00:00,,,20136647.12113229,20136647.12113229 
 10/06  06:00:00,,,29712736.544821095,29712736.54482109 
 10/06  07:00:00,,,21162920.957555763,21162920.957555763 
 10/06  08:00:00,,,40882145.526721925,40882145.526721925 
 10/06  09:00:00,,,116199248.9952964,116199248.99529642 
 10/06  10:00:00,,,168493470.0992892,168493470.0992892 
 10/06  11:00:00,,,170692500.97913352,170692500.9791335 
 10/06  12:00:00,,,170713442.01469243,170713442.0146924 
 10/06  13:00:00,,,173277850.4434095,173277850.4434095 
 10/06  14:00:00,,,173272069.255206,173272069.25520596 
 10/06  15:00:00,,,173223098.5103274,173223098.51032734 
 10/06  16:00:00,,,175809763.96441972,175809763.96441972 
 10/06  17:00:00,,,169434835.60378453,169434835.6037845 
 10/06  18:00:00,,,181884077.1597483,181884077.15974826 
 10/06  19:00:00,,,189256436.76734117,189256436.76734114 
 10/06  20:00:00,,,139498291.00119844,139498291.00119844 
 10/06  21:00:00,,,67573878.24848433,67573878.24848431 
 10/06  22:00:00,,,65691254.37077105,65691254.37077105 
 10/06  23:00:00,,,56165239.112937935,56165239.112937935 
 10/06  24:00:00,,,39713104.85107249,39713104.85107248 
 10/07  01:00:00,,,20131087.220432222,20131087.220432222 
 10/07  02:00:00,,,22526454.429791853,22526454.42979185 
 10/07  03:00:00,,,18771321.451500002,18771321.4515 
 10/07  04:00:00,,,18771321.451500002,18771321.4515 
 10/07  05:00:00,,,21274878.456240863,21274878.45624086 
 10/07  06:00:00,,,29504091.4515,29504091.4515 
 10/07  07:00:00,,,20961691.015798397,20961691.015798397 
 10/07  08:00:00,,,41631252.92822097,41631252.92822099 
 10/07  09:00:00,,,113628131.84936692,113628131.84936687 
 10/07  10:00:00,,,169411586.87868997,169411586.87868994 
 10/07  11:00:00,,,169429456.48542696,169429456.48542693 
 10/07  12:00:00,,,171939141.89467964,171939141.89467958 
 10/07  13:00:00,,,186501924.74187022,186501924.7418702 
 10/07  14:00:00,,,195093010.31007996,195093010.31007993 
 10/07  15:00:00,,,201307653.29343373,201307653.2934337 
 10/07  16:00:00,,,194288203.2170577,194288203.21705768 
 10/07  17:00:00,,,180554304.4389719,180554304.43897188 
 10/07  18:00:00,,,129142576.36025006,129142576.36025003 
 10/07  19:00:00,,,71484823.66420847,71484823.66420847 
 10/07  20:00:00,,,69497550.61736235,69497550.61736234 
 10/07  21:00:00,,,69325101.47184436,69325101.47184435 
 10/07  22:00:00,,,67451422.2623447,67451422.2623447 
 10/07  23:00:00,,,64760475.6879362,64760475.6879362 
 10/07  24:00:00,,,20130799.85388735,20130799.85388735 
 10/08  01:00:00,,,18771321.451500002,18771321.4515 
 10/08  02:00:00,,,18771321.451500002,18771321.4515 
 10/08  03:00:00,,,21274333.387839638,21274333.387839638 
 10/08  04:00:00,,,20022746.218948577,20022746.218948573 
 10/08  05:00:00,,,18771321.451500002,18771321.4515 
 10/08  06:00:00,,,32007461.511883542,32007461.511883542 
 10/08  07:00:00,,,17538859.83342642,17538859.833426423 
 10/08  08:00:00,,,18267229.913379602,18267229.9133796 
 10/08  09:00:00,,,58944817.64355979,58944817.64355979 
 10/08  10:00:00,,,132404244.8640889,132404244.86408888 
 10/08  11:00:00,,,170737450.8123888,170737450.8123888 
 10/08  12:00:00,,,168489292.1990631,168489292.19906306 
 10/08  13:00:00,,,170423889.04997098,170423889.04997092 
 10/08  14:00:00,,,169422467.32260206,169422467.32260203 
 10/08  15:00:00,,,169421965.31881544,169421965.31881544 
 10/08  16:00:00,,,170686959.18654466,170686959.18654463 
 10/08  17:00:00,,,118411096.28227988,118411096.28227985 
 10/08  18:00:00,,,59227297.018952675,59227297.01895267 
 10/08  19:00:00,,,70163373.7921556,70163373.7921556 
 10/08  20:00:00,,,68890769.0795108,68890769.0795108 
 10/08  21:00:00,,,68924942.35038738,68924942.35038736 
 10/08  22:00:00,,,64669649.89160425,64669649.89160425 
 10/08  23:00:00,,,47492988.856190786,47492988.856190786 
 10/08  24:00:00,,,21382503.77264209,21382503.77264209 
 10/09  01:00:00,,,18771321.451500002,18771321.4515 
 10/09  02:00:00,,,20023015.546476588,20023015.546476584 
 10/09  03:00:00,,,20023022.07866258,20023022.07866258 
 10/09  04:00:00,,,20023024.675629873,20023024.67562987 
 10/09  05:00:00,,,20022756.279135738,20022756.279135734 
 10/09  06:00:00,,,30755679.310275123,30755679.310275123 
 10/09  07:00:00,,,16287147.451499999,16287147.451499999 
 10/09  08:00:00,,,19518822.380397126,19518822.380397122 
 10/09  09:00:00,,,60206809.4173238,60206809.4173238 
 10/09  10:00:00,,,130979854.2883422,130979854.2883422 
 10/09  11:00:00,,,170701785.8887259,170701785.8887259 
 10/09  12:00:00,,,168993676.9417064,168993676.94170636 
 10/09  13:00:00,,,170037144.55643696,170037144.55643693 
 10/09  14:00:00,,,169241962.16968197,169241962.16968194 
 10/09  15:00:00,,,169422572.01379108,169422572.01379105 
 10/09  16:00:00,,,169422769.163446,169422769.163446 
 10/09  17:00:00,,,119865851.71793102,119865851.717931 
 10/09  18:00:00,,,61425911.90152033,61425911.90152033 
 10/09  19:00:00,,,67251928.91987476,67251928.91987476 
 10/09  20:00:00,,,68644321.50659968,68644321.50659968 
 10/09  21:00:00,,,68701997.94389081,68701997.94389081 
 10/09  22:00:00,,,65807183.78830664,65807183.78830664 
 10/09  23:00:00,,,48884045.76237561,48884045.76237561 
 10/09  24:00:00,,,18879320.4037272,18879320.4037272 
 10/10  01:00:00,,,20023148.464073494,20023148.46407349 
 10/10  02:00:00,,,21307093.784162432,21307093.784162432 
 10/10  03:00:00,,,18803626.733264122,18803626.73326412 
 10/10  04:00:00,,,18807324.25834417,18807324.258344166 
 10/10  05:00:00,,,20067408.91544778,20067408.91544778 
 10/10  06:00:00,,,30838196.10492076,30838196.10492076 
 10/10  07:00:00,,,22288746.76651877,22288746.76651877 
 10/10  08:00:00,,,42691328.79731667,42691328.79731667 
 10/10  09:00:00,,,116406191.4922715,116406191.4922715 
 10/10  10:00:00,,,171711843.34797254,171711843.34797254 
 10/10  11:00:00,,,172879445.63755405,172879445.63755405 
 10/10  12:00:00,,,174136562.00646478,174136562.00646478 
 10/10  13:00:00,,,175203341.39889538,175203341.39889535 
 10/10  14:00:00,,,173756765.14756918,173756765.14756918 
 10/10  15:00:00,,,174857430.5545221,174857430.5545221 
 10/10  16:00:00,,,173482410.68319425,173482410.68319425 
 10/10  17:00:00,,,173340803.15005317,173340803.15005317 
 10/10  18:00:00,,,183484175.11492944,183484175.11492944 
 10/10  19:00:00,,,192269556.6083708,192269556.60837072 
 10/10  20:00:00,,,140339618.2193929,140339618.2193929 
 10/10  21:00:00,,,70456528.35800022,70456528.35800022 
 10/10  22:00:00,,,64745473.330587134,64745473.330587134 
 10/10  23:00:00,,,46629964.096127346,46629964.096127346 
 10/10  24:00:00,,,20205079.03671741,20205079.036717407 
 10/11  01:00:00,,,20069227.047343113,20069227.047343113 
 10/11  02:00:00,,,20134314.61258814,20134314.61258814 
 10/11  03:00:00,,,22613174.63648451,22613174.636484507 
 10/11  04:00:00,,,20424672.70408014,20424672.704080135 
 10/11  05:00:00,,,19238569.55574786,19238569.55574786 
 10/11  06:00:00,,,30038177.43015651,30038177.430156507 
 10/11  07:00:00,,,24740896.09099225,24740896.090992242 
 10/11  08:00:00,,,43230491.68713184,43230491.68713183 
 10/11  09:00:00,,,119770123.63006583,119770123.63006584 
 10/11  10:00:00,,,169279649.01749578,169279649.01749578 
 10/11  11:00:00,,,172227546.50570446,172227546.5057044 
 10/11  12:00:00,,,173337386.1354531,173337386.1354531 
 10/11  13:00:00,,,173570977.6817726,173570977.68177256 
 10/11  14:00:00,,,174054614.30643266,174054614.3064326 
 10/11  15:00:00,,,169936637.12613237,169936637.1261323 
 10/11  16:00:00,,,172799881.53320003,172799881.53320003 
 10/11  17:00:00,,,170967722.34071988,170967722.34071988 
 10/11  18:00:00,,,185290235.20912898,185290235.20912898 
 10/11  19:00:00,,,193292821.55941415,193292821.55941412 
 10/11  20:00:00,,,140586396.65999934,140586396.65999934 
 10/11  21:00:00,,,70638615.36584832,70638615.36584832 
 10/11  22:00:00,,,66220668.2442233,66220668.24422329 
 10/11  23:00:00,,,46870531.50610262,46870531.50610262 
 10/11  24:00:00,,,21420159.871767364,21420159.871767357 
 10/12  01:00:00,,,21355282.007538356,21355282.007538352 
 10/12  02:00:00,,,18825504.924848765,18825504.924848765 
 10/12  03:00:00,,,20253060.07194384,20253060.071943834 
 10/12  04:00:00,,,20223847.34306699,20223847.34306699 
 10/12  05:00:00,,,20397611.223383434,20397611.223383434 
 10/12  06:00:00,,,29795955.54273523,29795955.54273523 
 10/12  07:00:00,,,24700170.039687436,24700170.03968744 
 10/12  08:00:00,,,45664500.882357925,45664500.882357925 
 10/12  09:00:00,,,115704355.50591771,115704355.5059177 
 10/12  10:00:00,,,171592601.29141068,171592601.29141065 
 10/12  11:00:00,,,170808486.78003284,170808486.7800328 
 10/12  12:00:00,,,172318337.85815814,172318337.8581581 
 10/12  13:00:00,,,175597565.0036911,175597565.0036911 
 10/12  14:00:00,,,171491449.12850916,171491449.12850913 
 10/12  15:00:00,,,171309794.33152252,171309794.33152252 
 10/12  16:00:00,,,173839324.5752027,173839324.57520267 
 10/12  17:00:00,,,169660339.39304352,169660339.39304352 
 10/12  18:00:00,,,186176379.99131683,186176379.9913168 
 10/12  19:00:00,,,190843328.01098663,190843328.0109866 
 10/12  20:00:00,,,141116091.48086983,141116091.48086983 
 10/12  21:00:00,,,69127570.79328114,69127570.79328114 
 10/12  22:00:00,,,66053079.04867517,66053079.04867518 
 10/12  23:00:00,,,47713015.01677347,47713015.01677347 
 10/12  24:00:00,,,30593360.857707642,30593360.857707642 
 10/13  01:00:00,,,21464165.364297867,21464165.364297863 
 10/13  02:00:00,,,20074477.646377627,20074477.646377627 
 10/13  03:00:00,,,21449021.22368403,21449021.22368403 
 10/13  04:00:00,,,18971375.252612967,18971375.252612967 
 10/13  05:00:00,,,20432908.77680588,20432908.776805878 
 10/13  06:00:00,,,31139046.60051444,31139046.60051444 
 10/13  07:00:00,,,23446084.975981884,23446084.975981884 
 10/13  08:00:00,,,43814187.88361688,43814187.88361688 
 10/13  09:00:00,,,116698657.20272078,116698657.20272076 
 10/13  10:00:00,,,172062506.77494347,172062506.77494344 
 10/13  11:00:00,,,171569565.51577955,171569565.51577958 
 10/13  12:00:00,,,173356239.21066108,173356239.21066108 
 10/13  13:00:00,,,174420647.57327324,174420647.57327324 
 10/13  14:00:00,,,173561944.58565882,173561944.58565882 
 10/13  15:00:00,,,173520099.34187123,173520099.34187123 
 10/13  16:00:00,,,170913362.86387113,170913362.8638711 
 10/13  17:00:00,,,174743270.31532344,174743270.31532344 
 10/13  18:00:00,,,184845714.69128126,184845714.69128126 
 10/13  19:00:00,,,190725470.18486163,190725470.1848616 
 10/13  20:00:00,,,140481910.30322087,140481910.30322084 
 10/13  21:00:00,,,69036388.6180169,69036388.6180169 
 10/13  22:00:00,,,65826186.94690498,65826186.94690497 
 10/13  23:00:00,,,55162261.58752805,55162261.587528035 
 10/13  24:00:00,,,39913586.083535284,39913586.08353528 
 10/14  01:00:00,,,20172850.46515653,20172850.465156525 
 10/14  02:00:00,,,20056746.832371663,20056746.83237166 
 10/14  03:00:00,,,22561347.186152715,22561347.186152715 
 10/14  04:00:00,,,18831044.61558792,18831044.615587916 
 10/14  05:00:00,,,20071585.41045738,20071585.41045738 
 10/14  06:00:00,,,29680389.835728247,29680389.835728247 
 10/14  07:00:00,,,24554344.26361755,24554344.26361755 
 10/14  08:00:00,,,42378360.563913986,42378360.563913986 
 10/14  09:00:00,,,119055560.01374473,119055560.01374474 
 10/14  10:00:00,,,168541898.10138288,168541898.10138285 
 10/14  11:00:00,,,174832719.28964394,174832719.28964394 
 10/14  12:00:00,,,173768643.20021114,173768643.2002111 
 10/14  13:00:00,,,177563911.63613635,177563911.63613635 
 10/14  14:00:00,,,178774553.3292957,178774553.3292957 
 10/14  15:00:00,,,171106881.93824917,171106881.93824917 
 10/14  16:00:00,,,177538454.97575054,177538454.97575054 
 10/14  17:00:00,,,173884356.1507004,173884356.1507004 
 10/14  18:00:00,,,136640838.57430845,136640838.57430843 
 10/14  19:00:00,,,71923453.77569582,71923453.7756958 
 10/14  20:00:00,,,68001916.56116243,68001916.56116243 
 10/14  21:00:00,,,71960052.87816767,71960052.87816767 
 10/14  22:00:00,,,65585971.502222024,65585971.50222203 
 10/14  23:00:00,,,66768598.909799874,66768598.909799874 
 10/14  24:00:00,,,19617599.071294606,19617599.071294606 
 10/15  01:00:00,,,21008353.592355758,21008353.592355758 
 10/15  02:00:00,,,22397841.268261082,22397841.26826108 
 10/15  03:00:00,,,19775860.073100056,19775860.073100056 
 10/15  04:00:00,,,20014209.390503373,20014209.390503373 
 10/15  05:00:00,,,22578579.188145604,22578579.1881456 
 10/15  06:00:00,,,32132527.44051534,32132527.44051534 
 10/15  07:00:00,,,22264100.407930546,22264100.40793055 
 10/15  08:00:00,,,19364025.88227497,19364025.88227497 
 10/15  09:00:00,,,63738215.04384983,63738215.04384982 
 10/15  10:00:00,,,133617076.81230603,133617076.81230603 
 10/15  11:00:00,,,175454139.85704297,175454139.85704297 
 10/15  12:00:00,,,171255958.72343168,171255958.7234317 
 10/15  13:00:00,,,177363630.916311,177363630.916311 
 10/15  14:00:00,,,170996577.51318222,170996577.51318222 
 10/15  15:00:00,,,177323562.7867009,177323562.7867009 
 10/15  16:00:00,,,171200696.93017152,171200696.93017152 
 10/15  17:00:00,,,125836919.91023548,125836919.9102355 
 10/15  18:00:00,,,63170368.54096413,63170368.54096413 
 10/15  19:00:00,,,68508420.56521031,68508420.56521031 
 10/15  20:00:00,,,70765990.3906197,70765990.3906197 
 10/15  21:00:00,,,69442114.35640556,69442114.35640556 
 10/15  22:00:00,,,65369588.307684615,65369588.307684615 
 10/15  23:00:00,,,48505701.49382499,48505701.493824996 
 10/15  24:00:00,,,23042647.20013764,23042647.20013764 
 10/16  01:00:00,,,20780759.487535518,20780759.487535518 
 10/16  02:00:00,,,19500770.094187252,19500770.094187252 
 10/16  03:00:00,,,19546347.81231363,19546347.81231363 
 10/16  04:00:00,,,20973978.84464631,20973978.84464631 
 10/16  05:00:00,,,20990231.443260755,20990231.443260755 
 10/16  06:00:00,,,30610492.41807468,30610492.41807468 
 10/16  07:00:00,,,29528774.733803004,29528774.733803004 
 10/16  08:00:00,,,43923066.74097395,43923066.74097395 
 10/16  09:00:00,,,116741586.46134782,116741586.4613478 
 10/16  10:00:00,,,174321910.02791485,174321910.02791485 
 10/16  11:00:00,,,175238289.3429708,175238289.34297076 
 10/16  12:00:00,,,176654217.53660086,176654217.53660083 
 10/16  13:00:00,,,178705006.9662701,178705006.9662701 
 10/16  14:00:00,,,176939936.30684406,176939936.30684406 
 10/16  15:00:00,,,176537743.8477845,176537743.84778446 
 10/16  16:00:00,,,175183561.34254202,175183561.342542 
 10/16  17:00:00,,,175431364.4791113,175431364.4791113 
 10/16  18:00:00,,,189536914.52678978,189536914.52678975 
 10/16  19:00:00,,,195648715.24906862,195648715.24906862 
 10/16  20:00:00,,,141097805.26559222,141097805.2655922 
 10/16  21:00:00,,,72049404.36229795,72049404.36229795 
 10/16  22:00:00,,,65199358.392113104,65199358.3921131 
 10/16  23:00:00,,,48435853.89288214,48435853.89288214 
 10/16  24:00:00,,,21916640.033991247,21916640.033991247 
 10/17  01:00:00,,,20589216.09234182,20589216.09234183 
 10/17  02:00:00,,,20675896.845625497,20675896.845625497 
 10/17  03:00:00,,,19288771.004433963,19288771.00443396 
 10/17  04:00:00,,,19494425.322121933,19494425.32212193 
 10/17  05:00:00,,,22179111.445125192,22179111.445125192 
 10/17  06:00:00,,,30477949.079302184,30477949.079302177 
 10/17  07:00:00,,,30281891.302802943,30281891.30280294 
 10/17  08:00:00,,,44992565.71131377,44992565.71131377 
 10/17  09:00:00,,,116820280.5939081,116820280.5939081 
 10/17  10:00:00,,,172557530.83529037,172557530.83529037 
 10/17  11:00:00,,,172945924.5302148,172945924.5302148 
 10/17  12:00:00,,,173184661.5009513,173184661.50095123 
 10/17  13:00:00,,,175121012.61663514,175121012.61663514 
 10/17  14:00:00,,,172388197.77633068,172388197.77633065 
 10/17  15:00:00,,,173764610.39905733,173764610.39905733 
 10/17  16:00:00,,,172580947.30810627,172580947.30810627 
 10/17  17:00:00,,,173654483.2924602,173654483.29246014 
 10/17  18:00:00,,,187365639.8912273,187365639.8912273 
 10/17  19:00:00,,,192188857.57796186,192188857.57796186 
 10/17  20:00:00,,,140304509.69714746,140304509.69714743 
 10/17  21:00:00,,,71736290.50959674,71736290.50959672 
 10/17  22:00:00,,,64733370.903170496,64733370.903170496 
 10/17  23:00:00,,,46608002.350677975,46608002.350677975 
 10/17  24:00:00,,,21437804.86069031,21437804.86069031 
 10/18  01:00:00,,,18855760.15304852,18855760.153048515 
 10/18  02:00:00,,,22781655.690884206,22781655.690884203 
 10/18  03:00:00,,,19166200.668920793,19166200.668920793 
 10/18  04:00:00,,,20557694.163049098,20557694.163049098 
 10/18  05:00:00,,,19346944.96588005,19346944.96588005 
 10/18  06:00:00,,,31579459.212716233,31579459.21271623 
 10/18  07:00:00,,,30071833.10785166,30071833.10785166 
 10/18  08:00:00,,,42152714.35111973,42152714.35111973 
 10/18  09:00:00,,,120062415.9490858,120062415.9490858 
 10/18  10:00:00,,,169651960.2063923,169651960.20639226 
 10/18  11:00:00,,,174959246.22925413,174959246.22925413 
 10/18  12:00:00,,,169788137.94217163,169788137.94217163 
 10/18  13:00:00,,,174220529.8883107,174220529.88831067 
 10/18  14:00:00,,,174025234.80265993,174025234.8026599 
 10/18  15:00:00,,,171008742.514758,171008742.514758 
 10/18  16:00:00,,,170636222.14798385,170636222.14798385 
 10/18  17:00:00,,,175906031.66761452,175906031.66761452 
 10/18  18:00:00,,,185617209.14879185,185617209.14879185 
 10/18  19:00:00,,,195472373.73116696,195472373.73116693 
 10/18  20:00:00,,,138699797.7936653,138699797.79366532 
 10/18  21:00:00,,,71888220.0356366,71888220.0356366 
 10/18  22:00:00,,,63687204.13970567,63687204.13970567 
 10/18  23:00:00,,,50596126.290362544,50596126.29036254 
 10/18  24:00:00,,,21427019.51235428,21427019.51235428 
 10/19  01:00:00,,,18824634.83927305,18824634.83927305 
 10/19  02:00:00,,,19080382.47477474,19080382.474774737 
 10/19  03:00:00,,,20502305.728996616,20502305.728996612 
 10/19  04:00:00,,,19416377.799170487,19416377.799170487 
 10/19  05:00:00,,,20943140.88637182,20943140.886371814 
 10/19  06:00:00,,,31883387.996524878,31883387.996524878 
 10/19  07:00:00,,,33189440.03829426,33189440.03829426 
 10/19  08:00:00,,,42588702.32283132,42588702.3228313 
 10/19  09:00:00,,,118551849.10161017,118551849.10161015 
 10/19  10:00:00,,,171270034.51433715,171270034.51433712 
 10/19  11:00:00,,,174692126.7904398,174692126.7904398 
 10/19  12:00:00,,,172920581.7319754,172920581.73197538 
 10/19  13:00:00,,,174349271.55646113,174349271.5564611 
 10/19  14:00:00,,,175602202.17562354,175602202.17562348 
 10/19  15:00:00,,,174275393.75430495,174275393.75430492 
 10/19  16:00:00,,,172075189.00183314,172075189.00183314 
 10/19  17:00:00,,,174094387.47269407,174094387.47269404 
 10/19  18:00:00,,,191391342.3650568,191391342.36505672 
 10/19  19:00:00,,,193890772.39829686,193890772.39829686 
 10/19  20:00:00,,,141928306.91691127,141928306.91691127 
 10/19  21:00:00,,,70731168.82391232,70731168.82391232 
 10/19  22:00:00,,,63747428.475943,63747428.475943014 
 10/19  23:00:00,,,48141875.21580391,48141875.21580389 
 10/19  24:00:00,,,34668146.048317865,34668146.04831785 
 10/20  01:00:00,,,20539435.068192273,20539435.068192273 
 10/20  02:00:00,,,19346838.004375156,19346838.004375156 
 10/20  03:00:00,,,20660168.043846965,20660168.043846965 
 10/20  04:00:00,,,20755434.970812842,20755434.970812842 
 10/20  05:00:00,,,19615694.78103881,19615694.78103881 
 10/20  06:00:00,,,33001652.635041606,33001652.635041606 
 10/20  07:00:00,,,30297312.986251805,30297312.986251805 
 10/20  08:00:00,,,42737244.736903034,42737244.736903034 
 10/20  09:00:00,,,114055159.68586311,114055159.68586311 
 10/20  10:00:00,,,172956740.54408884,172956740.54408884 
 10/20  11:00:00,,,169667353.09025544,169667353.09025544 
 10/20  12:00:00,,,176122323.86931974,176122323.8693197 
 10/20  13:00:00,,,170056502.7553907,170056502.7553907 
 10/20  14:00:00,,,173303502.50683013,173303502.5068301 
 10/20  15:00:00,,,171985961.36673298,171985961.36673298 
 10/20  16:00:00,,,169434540.24261758,169434540.24261752 
 10/20  17:00:00,,,170718724.30508018,170718724.30508015 
 10/20  18:00:00,,,187325748.9860395,187325748.9860395 
 10/20  19:00:00,,,190863078.2315278,190863078.2315278 
 10/20  20:00:00,,,141955373.4507138,141955373.4507138 
 10/20  21:00:00,,,68253100.46519879,68253100.46519879 
 10/20  22:00:00,,,63138810.898314536,63138810.898314536 
 10/20  23:00:00,,,56216574.44028628,56216574.44028628 
 10/20  24:00:00,,,40947147.897507966,40947147.89750796 
 10/21  01:00:00,,,20131240.188803665,20131240.188803665 
 10/21  02:00:00,,,20023210.64353962,20023210.64353962 
 10/21  03:00:00,,,18771321.451500002,18771321.4515 
 10/21  04:00:00,,,21302209.694827683,21302209.694827683 
 10/21  05:00:00,,,21302943.122897062,21302943.12289706 
 10/21  06:00:00,,,29556461.247917436,29556461.247917436 
 10/21  07:00:00,,,27599993.023790006,27599993.023790002 
 10/21  08:00:00,,,43131371.37748032,43131371.37748033 
 10/21  09:00:00,,,112347661.31504941,112347661.31504941 
 10/21  10:00:00,,,170344265.74925035,170344265.74925035 
 10/21  11:00:00,,,171167365.17313713,171167365.17313713 
 10/21  12:00:00,,,173728215.2317558,173728215.23175576 
 10/21  13:00:00,,,168563449.2008661,168563449.20086607 
 10/21  14:00:00,,,174460745.65164644,174460745.6516464 
 10/21  15:00:00,,,172568256.57925075,172568256.57925078 
 10/21  16:00:00,,,168556919.23133165,168556919.23133162 
 10/21  17:00:00,,,173957919.8875502,173957919.88755018 
 10/21  18:00:00,,,135714903.76465625,135714903.76465622 
 10/21  19:00:00,,,71437008.16376103,71437008.16376103 
 10/21  20:00:00,,,69914495.22416356,69914495.22416356 
 10/21  21:00:00,,,68669906.44374,68669906.44373998 
 10/21  22:00:00,,,64553362.28180596,64553362.28180596 
 10/21  23:00:00,,,65781690.06942866,65781690.06942866 
 10/21  24:00:00,,,18932862.240768746,18932862.240768746 
 10/22  01:00:00,,,18804229.68969082,18804229.68969082 
 10/22  02:00:00,,,20057991.9150055,20057991.915005498 
 10/22  03:00:00,,,21309440.9943043,21309440.9943043 
 10/22  04:00:00,,,18807497.05683234,18807497.056832336 
 10/22  05:00:00,,,22565542.57498839,22565542.57498839 
 10/22  06:00:00,,,30836811.61741629,30836811.61741629 
 10/22  07:00:00,,,23021905.803392787,23021905.803392787 
 10/22  08:00:00,,,17470478.793954663,17470478.793954663 
 10/22  09:00:00,,,61794120.42462488,61794120.42462489 
 10/22  10:00:00,,,137871105.96191958,137871105.96191958 
 10/22  11:00:00,,,170104703.022866,170104703.02286598 
 10/22  12:00:00,,,176590246.75018868,176590246.75018862 
 10/22  13:00:00,,,172859420.23497707,172859420.23497707 
 10/22  14:00:00,,,176657185.34091187,176657185.34091187 
 10/22  15:00:00,,,172929734.85366672,172929734.85366672 
 10/22  16:00:00,,,175540587.85951933,175540587.85951927 
 10/22  17:00:00,,,123550013.41796386,123550013.41796386 
 10/22  18:00:00,,,69873153.2564593,69873153.25645928 
 10/22  19:00:00,,,69856710.68630463,69856710.68630463 
 10/22  20:00:00,,,69583728.70304494,69583728.70304494 
 10/22  21:00:00,,,73466583.39798792,73466583.3979879 
 10/22  22:00:00,,,65582207.95537029,65582207.95537031 
 10/22  23:00:00,,,47554297.46287115,47554297.46287115 
 10/22  24:00:00,,,19656255.18566299,19656255.185662985 
 10/23  01:00:00,,,21058708.7489107,21058708.748910703 
 10/23  02:00:00,,,21201395.106082566,21201395.106082566 
 10/23  03:00:00,,,22655092.809600253,22655092.80960025 
 10/23  04:00:00,,,21285938.12934917,21285938.129349165 
 10/23  05:00:00,,,22634222.506187983,22634222.506187983 
 10/23  06:00:00,,,30794504.355901625,30794504.355901625 
 10/23  07:00:00,,,28202669.18573386,28202669.18573386 
 10/23  08:00:00,,,43947816.128357045,43947816.128357045 
 10/23  09:00:00,,,121861063.44831282,121861063.44831279 
 10/23  10:00:00,,,173127992.31589255,173127992.31589255 
 10/23  11:00:00,,,175302931.2866428,175302931.2866428 
 10/23  12:00:00,,,175401341.21882603,175401341.21882597 
 10/23  13:00:00,,,180207819.48763984,180207819.4876398 
 10/23  14:00:00,,,176280303.86137527,176280303.86137527 
 10/23  15:00:00,,,177434955.88082632,177434955.88082632 
 10/23  16:00:00,,,177531168.9892804,177531168.98928037 
 10/23  17:00:00,,,174432463.57071677,174432463.57071677 
 10/23  18:00:00,,,195510430.75052547,195510430.75052544 
 10/23  19:00:00,,,196202839.1872185,196202839.18721843 
 10/23  20:00:00,,,141488471.51607895,141488471.51607895 
 10/23  21:00:00,,,72602378.78565712,72602378.78565712 
 10/23  22:00:00,,,65742344.68223721,65742344.68223721 
 10/23  23:00:00,,,49185704.57151515,49185704.57151515 
 10/23  24:00:00,,,19790382.30235987,19790382.30235987 
 10/24  01:00:00,,,23517155.79873127,23517155.798731267 
 10/24  02:00:00,,,19826993.196033187,19826993.196033187 
 10/24  03:00:00,,,21110254.608445,21110254.608444996 
 10/24  04:00:00,,,19722321.65352903,19722321.653529033 
 10/24  05:00:00,,,22442962.078432422,22442962.07843242 
 10/24  06:00:00,,,30562413.849989492,30562413.84998949 
 10/24  07:00:00,,,32436641.161011904,32436641.16101191 
 10/24  08:00:00,,,44986601.168127134,44986601.168127134 
 10/24  09:00:00,,,119877391.86020574,119877391.86020577 
 10/24  10:00:00,,,172275656.42415035,172275656.42415035 
 10/24  11:00:00,,,174344447.8544333,174344447.85443327 
 10/24  12:00:00,,,173949622.52851713,173949622.52851713 
 10/24  13:00:00,,,178376165.9976658,178376165.99766576 
 10/24  14:00:00,,,174930389.33737653,174930389.33737653 
 10/24  15:00:00,,,173277616.58618674,173277616.58618674 
 10/24  16:00:00,,,176507993.23570508,176507993.23570508 
 10/24  17:00:00,,,174643995.19337124,174643995.19337124 
 10/24  18:00:00,,,192489193.12663975,192489193.12663972 
 10/24  19:00:00,,,195494919.49234605,195494919.49234602 
 10/24  20:00:00,,,141105273.3187707,141105273.3187707 
 10/24  21:00:00,,,72079792.66000187,72079792.66000187 
 10/24  22:00:00,,,65101088.387724765,65101088.38772476 
 10/24  23:00:00,,,48438866.20840045,48438866.20840046 
 10/24  24:00:00,,,19135704.76788999,19135704.76788999 
 10/25  01:00:00,,,23236673.042032,23236673.042032 
 10/25  02:00:00,,,20830748.08400349,20830748.084003486 
 10/25  03:00:00,,,19784277.404853806,19784277.404853802 
 10/25  04:00:00,,,19903288.19677255,19903288.19677255 
 10/25  05:00:00,,,22331436.256878667,22331436.256878667 
 10/25  06:00:00,,,32269230.58169031,32269230.581690308 
 10/25  07:00:00,,,31579727.856091097,31579727.856091104 
 10/25  08:00:00,,,44877529.63147487,44877529.63147485 
 10/25  09:00:00,,,117571667.10437965,117571667.10437964 
 10/25  10:00:00,,,172141468.3134516,172141468.3134516 
 10/25  11:00:00,,,171956227.1470465,171956227.1470465 
 10/25  12:00:00,,,171964992.2030068,171964992.20300674 
 10/25  13:00:00,,,173808981.15719914,173808981.15719914 
 10/25  14:00:00,,,170885933.59120315,170885933.59120306 
 10/25  15:00:00,,,171898148.23450747,171898148.23450744 
 10/25  16:00:00,,,172103299.2584495,172103299.25844944 
 10/25  17:00:00,,,170218202.02891028,170218202.02891028 
 10/25  18:00:00,,,192646587.1620001,192646587.1620001 
 10/25  19:00:00,,,190790238.30943814,190790238.3094381 
 10/25  20:00:00,,,141842468.5340878,141842468.5340878 
 10/25  21:00:00,,,70533188.37148008,70533188.37148008 
 10/25  22:00:00,,,64849602.84096188,64849602.84096188 
 10/25  23:00:00,,,46691549.89241685,46691549.89241685 
 10/25  24:00:00,,,20206676.780041046,20206676.780041043 
 10/26  01:00:00,,,21329084.66279859,21329084.66279859 
 10/26  02:00:00,,,21351726.028059382,21351726.02805938 
 10/26  03:00:00,,,20161486.795070194,20161486.795070186 
 10/26  04:00:00,,,19176814.874529716,19176814.874529716 
 10/26  05:00:00,,,20605139.28981641,20605139.289816413 
 10/26  06:00:00,,,30230651.565736182,30230651.56573619 
 10/26  07:00:00,,,31825261.41976591,31825261.41976591 
 10/26  08:00:00,,,45146169.949184075,45146169.949184075 
 10/26  09:00:00,,,118750707.1622645,118750707.16226448 
 10/26  10:00:00,,,171114828.3935007,171114828.39350063 
 10/26  11:00:00,,,173956148.36244938,173956148.36244935 
 10/26  12:00:00,,,171394465.6783903,171394465.67839026 
 10/26  13:00:00,,,174127054.62097073,174127054.6209707 
 10/26  14:00:00,,,172148259.27768472,172148259.2776847 
 10/26  15:00:00,,,171985472.27971953,171985472.27971947 
 10/26  16:00:00,,,169435358.17407435,169435358.17407435 
 10/26  17:00:00,,,173322909.62856194,173322909.62856194 
 10/26  18:00:00,,,188177904.10329413,188177904.10329413 
 10/26  19:00:00,,,192334349.16518894,192334349.1651889 
 10/26  20:00:00,,,137850151.55205554,137850151.5520555 
 10/26  21:00:00,,,71467499.65374282,71467499.6537428 
 10/26  22:00:00,,,65710130.70815222,65710130.70815222 
 10/26  23:00:00,,,47548303.17121168,47548303.171211675 
 10/26  24:00:00,,,31533490.296412792,31533490.296412792 
 10/27  01:00:00,,,18907579.908547856,18907579.908547852 
 10/27  02:00:00,,,21303054.506245855,21303054.506245855 
 10/27  03:00:00,,,18816107.742972422,18816107.742972422 
 10/27  04:00:00,,,20062885.45391775,20062885.45391775 
 10/27  05:00:00,,,20099212.510710023,20099212.510710023 
 10/27  06:00:00,,,32126843.566379774,32126843.566379774 
 10/27  07:00:00,,,29803801.4355082,29803801.435508195 
 10/27  08:00:00,,,42435075.28727464,42435075.28727463 
 10/27  09:00:00,,,116513397.04956445,116513397.04956444 
 10/27  10:00:00,,,171777391.10802668,171777391.10802668 
 10/27  11:00:00,,,172325405.29132015,172325405.29132015 
 10/27  12:00:00,,,172575513.3984416,172575513.39844158 
 10/27  13:00:00,,,173501879.6079553,173501879.6079553 
 10/27  14:00:00,,,173487504.08044988,173487504.08044988 
 10/27  15:00:00,,,173445818.10499492,173445818.1049949 
 10/27  16:00:00,,,172522128.3351598,172522128.33515984 
 10/27  17:00:00,,,177599699.61377165,177599699.61377165 
 10/27  18:00:00,,,191146175.80556014,191146175.80556014 
 10/27  19:00:00,,,192699286.3710771,192699286.37107703 
 10/27  20:00:00,,,140938869.0570032,140938869.0570032 
 10/27  21:00:00,,,70210984.41564727,70210984.41564727 
 10/27  22:00:00,,,67279789.65484658,67279789.65484658 
 10/27  23:00:00,,,55359486.91294878,55359486.91294877 
 10/27  24:00:00,,,40122273.4079161,40122273.4079161 
 10/28  01:00:00,,,20202115.019983497,20202115.019983497 
 10/28  02:00:00,,,20173791.226623636,20173791.226623632 
 10/28  03:00:00,,,18942493.675621442,18942493.675621442 
 10/28  04:00:00,,,21657462.39344229,21657462.393442284 
 10/28  05:00:00,,,20469891.880462352,20469891.88046235 
 10/28  06:00:00,,,32596009.892657496,32596009.892657496 
 10/28  07:00:00,,,30210143.809998244,30210143.809998237 
 10/28  08:00:00,,,41494541.122647,41494541.122647 
 10/28  09:00:00,,,117292567.12816903,117292567.12816902 
 10/28  10:00:00,,,174178624.8873208,174178624.88732076 
 10/28  11:00:00,,,172692712.50554037,172692712.50554037 
 10/28  12:00:00,,,175185637.52425694,175185637.52425689 
 10/28  13:00:00,,,177696521.33145875,177696521.33145875 
 10/28  14:00:00,,,176526498.04868698,176526498.04868698 
 10/28  15:00:00,,,175392638.29098594,175392638.29098594 
 10/28  16:00:00,,,176810723.09386003,176810723.09386003 
 10/28  17:00:00,,,178998419.9081346,178998419.90813458 
 10/28  18:00:00,,,143460143.41501218,143460143.41501218 
 10/28  19:00:00,,,68565342.00621001,68565342.00621 
 10/28  20:00:00,,,73298436.51787701,73298436.517877 
 10/28  21:00:00,,,69732960.33953804,69732960.33953804 
 10/28  22:00:00,,,65616296.607397355,65616296.60739735 
 10/28  23:00:00,,,66942768.8902871,66942768.89028711 
 10/28  24:00:00,,,20919182.244448293,20919182.244448293 
 10/29  01:00:00,,,19569193.616074927,19569193.616074927 
 10/29  02:00:00,,,19724762.650700454,19724762.65070045 
 10/29  03:00:00,,,22389731.950458467,22389731.950458463 
 10/29  04:00:00,,,22565126.845682755,22565126.84568275 
 10/29  05:00:00,,,21288092.36810352,21288092.36810352 
 10/29  06:00:00,,,32121782.854795575,32121782.854795568 
 10/29  07:00:00,,,28804615.575378217,28804615.575378213 
 10/29  08:00:00,,,18167115.660696547,18167115.660696547 
 10/29  09:00:00,,,63313275.02455226,63313275.02455226 
 10/29  10:00:00,,,138729121.16915333,138729121.16915333 
 10/29  11:00:00,,,174203202.50903118,174203202.50903115 
 10/29  12:00:00,,,174905313.4152469,174905313.41524687 
 10/29  13:00:00,,,175480871.93364748,175480871.93364748 
 10/29  14:00:00,,,175640748.44666326,175640748.44666326 
 10/29  15:00:00,,,172857070.0966332,172857070.09663317 
 10/29  16:00:00,,,175290180.68671042,175290180.68671042 
 10/29  17:00:00,,,127617079.53580539,127617079.53580539 
 10/29  18:00:00,,,72128483.50815894,72128483.50815894 
 10/29  19:00:00,,,68477457.31632306,68477457.31632304 
 10/29  20:00:00,,,69487361.21157065,69487361.21157065 
 10/29  21:00:00,,,72099345.52177064,72099345.52177064 
 10/29  22:00:00,,,65449974.521005794,65449974.5210058 
 10/29  23:00:00,,,48584647.18226557,48584647.18226557 
 10/29  24:00:00,,,20696351.870761387,20696351.87076139 
 10/30  01:00:00,,,20876916.530396216,20876916.530396216 
 10/30  02:00:00,,,20888599.74174302,20888599.741743017 
 10/30  03:00:00,,,19743291.928206038,19743291.928206038 
 10/30  04:00:00,,,21055338.3905983,21055338.3905983 
 10/30  05:00:00,,,22588302.22315858,22588302.223158576 
 10/30  06:00:00,,,32184619.302146353,32184619.302146353 
 10/30  07:00:00,,,36014829.56828651,36014829.56828651 
 10/30  08:00:00,,,42393223.87626771,42393223.87626771 
 10/30  09:00:00,,,119599857.86115626,119599857.86115623 
 10/30  10:00:00,,,173110573.55588093,173110573.55588093 
 10/30  11:00:00,,,173507280.5179559,173507280.5179559 
 10/30  12:00:00,,,172648669.56039992,172648669.5603999 
 10/30  13:00:00,,,177020609.04964778,177020609.04964775 
 10/30  14:00:00,,,173869661.56367335,173869661.56367332 
 10/30  15:00:00,,,171980230.265705,171980230.26570496 
 10/30  16:00:00,,,173169047.45076576,173169047.45076573 
 10/30  17:00:00,,,174149221.5839559,174149221.5839559 
 10/30  18:00:00,,,191558524.8315188,191558524.83151877 
 10/30  19:00:00,,,193146286.16221946,193146286.16221943 
 10/30  20:00:00,,,140125092.35903794,140125092.3590379 
 10/30  21:00:00,,,70442705.61595426,70442705.61595425 
 10/30  22:00:00,,,64810438.585217044,64810438.58521706 
 10/30  23:00:00,,,48067581.63013358,48067581.63013358 
 10/30  24:00:00,,,20774143.963775117,20774143.963775117 
 10/31  01:00:00,,,23390610.493253265,23390610.493253265 
 10/31  02:00:00,,,19688454.4285897,19688454.4285897 
 10/31  03:00:00,,,20015779.21739912,20015779.21739912 
 10/31  04:00:00,,,20204959.25702542,20204959.25702542 
 10/31  05:00:00,,,22769485.540356487,22769485.540356487 
 10/31  06:00:00,,,32231797.029866006,32231797.02986601 
 10/31  07:00:00,,,36314826.73773299,36314826.73773299 
 10/31  08:00:00,,,45153844.55812872,45153844.55812872 
 10/31  09:00:00,,,118151034.71316311,118151034.71316311 
 10/31  10:00:00,,,175951472.98610282,175951472.9861028 
 10/31  11:00:00,,,174593621.71647516,174593621.71647516 
 10/31  12:00:00,,,178566830.24452573,178566830.2445257 
 10/31  13:00:00,,,179462411.0195015,179462411.01950148 
 10/31  14:00:00,,,178917680.7221677,178917680.72216767 
 10/31  15:00:00,,,178832674.5847385,178832674.5847385 
 10/31  16:00:00,,,177671115.92384747,177671115.92384744 
 10/31  17:00:00,,,181101699.13070706,181101699.13070703 
 10/31  18:00:00,,,195860898.51925948,195860898.51925948 
 10/31  19:00:00,,,195923537.9794735,195923537.97947347 
 10/31  20:00:00,,,143566777.07310203,143566777.07310203 
 10/31  21:00:00,,,72668671.95268312,72668671.9526831 
 10/31  22:00:00,,,66069506.93421517,66069506.93421518 
 10/31  23:00:00,,,49206246.49541534,49206246.49541534 
 10/31  24:00:00,71761626456.79941,101394832566.86699,21447419.88199293,21447419.88199292 
 11/01  01:00:00,,,22673229.853196632,22673229.853196632 
 11/01  02:00:00,,,20155371.954130225,20155371.95413022 
 11/01  03:00:00,,,20175453.54626674,20175453.546266735 
 11/01  04:00:00,,,21485733.036431335,21485733.036431335 
 11/01  05:00:00,,,22760111.346030273,22760111.346030273 
 11/01  06:00:00,,,31014093.563826546,31014093.563826542 
 11/01  07:00:00,,,37360052.19836227,37360052.19836227 
 11/01  08:00:00,,,45046988.60452008,45046988.604520075 
 11/01  09:00:00,,,116279553.32871133,116279553.32871132 
 11/01  10:00:00,,,175234412.49715674,175234412.4971567 
 11/01  11:00:00,,,173786203.20493516,173786203.20493513 
 11/01  12:00:00,,,179000115.52796978,179000115.52796978 
 11/01  13:00:00,,,178673049.34330013,178673049.3433001 
 11/01  14:00:00,,,176571203.9413484,176571203.94134837 
 11/01  15:00:00,,,177485851.65706605,177485851.65706602 
 11/01  16:00:00,,,176363998.13665143,176363998.13665143 
 11/01  17:00:00,,,178465320.41129857,178465320.4112985 
 11/01  18:00:00,,,195992046.8516602,195992046.85166016 
 11/01  19:00:00,,,194776493.6385126,194776493.63851258 
 11/01  20:00:00,,,143305091.84968263,143305091.84968263 
 11/01  21:00:00,,,70250285.72754945,70250285.72754945 
 11/01  22:00:00,,,65637191.80866985,65637191.80866985 
 11/01  23:00:00,,,48670351.5033,48670351.5033 
 11/01  24:00:00,,,21941147.291455496,21941147.291455496 
 11/02  01:00:00,,,20773531.36057153,20773531.360571526 
 11/02  02:00:00,,,20970472.70748063,20970472.70748063 
 11/02  03:00:00,,,20829040.53835108,20829040.53835108 
 11/02  04:00:00,,,20631408.422797583,20631408.422797583 
 11/02  05:00:00,,,19610192.748395003,19610192.748395003 
 11/02  06:00:00,,,31643552.436000675,31643552.436000675 
 11/02  07:00:00,,,35872877.92192961,35872877.92192961 
 11/02  08:00:00,,,46234773.371287204,46234773.371287204 
 11/02  09:00:00,,,117310299.07282192,117310299.07282192 
 11/02  10:00:00,,,173742729.56691673,173742729.56691676 
 11/02  11:00:00,,,173476157.24814546,173476157.24814546 
 11/02  12:00:00,,,179933816.02738595,179933816.02738595 
 11/02  13:00:00,,,174677287.24570787,174677287.2457079 
 11/02  14:00:00,,,177215004.01778772,177215004.0177877 
 11/02  15:00:00,,,178576035.86657482,178576035.86657482 
 11/02  16:00:00,,,174877357.02251485,174877357.02251485 
 11/02  17:00:00,,,182874200.7953094,182874200.7953094 
 11/02  18:00:00,,,197188597.86448488,197188597.86448488 
 11/02  19:00:00,,,193454469.82164258,193454469.82164252 
 11/02  20:00:00,,,145165533.7689199,145165533.7689199 
 11/02  21:00:00,,,69855983.39436533,69855983.39436533 
 11/02  22:00:00,,,65614449.68421945,65614449.68421944 
 11/02  23:00:00,,,47592731.57694668,47592731.57694668 
 11/02  24:00:00,,,32937320.235281743,32937320.235281743 
 11/03  01:00:00,,,22351481.033484302,22351481.033484302 
 11/03  02:00:00,,,19856329.7883837,19856329.7883837 
 11/03  03:00:00,,,22550285.913074672,22550285.913074672 
 11/03  04:00:00,,,22751560.600284394,22751560.600284394 
 11/03  05:00:00,,,20152115.41222302,20152115.41222302 
 11/03  06:00:00,,,30916206.070419185,30916206.070419185 
 11/03  07:00:00,,,36117093.598457664,36117093.598457664 
 11/03  08:00:00,,,44642737.796743535,44642737.79674353 
 11/03  09:00:00,,,117468597.71488602,117468597.71488605 
 11/03  10:00:00,,,173040014.70239085,173040014.70239082 
 11/03  11:00:00,,,175361051.1363765,175361051.1363765 
 11/03  12:00:00,,,178290556.05062994,178290556.05062997 
 11/03  13:00:00,,,178693796.35346034,178693796.35346028 
 11/03  14:00:00,,,178869167.4533967,178869167.4533967 
 11/03  15:00:00,,,176821913.1282816,176821913.1282816 
 11/03  16:00:00,,,176741229.16118413,176741229.16118413 
 11/03  17:00:00,,,184524821.58561704,184524821.58561704 
 11/03  18:00:00,,,194961799.61866888,194961799.61866885 
 11/03  19:00:00,,,196471519.34501338,196471519.3450133 
 11/03  20:00:00,,,141914537.1057628,141914537.10576284 
 11/03  21:00:00,,,71439977.40659751,71439977.40659751 
 11/03  22:00:00,,,66021030.66181706,66021030.66181706 
 11/03  23:00:00,,,57977060.231284216,57977060.231284216 
 11/03  24:00:00,,,42564463.758686356,42564463.75868635 
 11/04  01:00:00,,,21202082.434433848,21202082.434433848 
 11/04  02:00:00,,,21345419.645466343,21345419.645466343 
 11/04  03:00:00,,,21405589.703883335,21405589.703883335 
 11/04  04:00:00,,,21373391.63894042,21373391.63894042 
 11/04  05:00:00,,,20081266.23500275,20081266.23500275 
 11/04  06:00:00,,,33482235.718045272,33482235.718045272 
 11/04  07:00:00,,,36284954.02041248,36284954.02041249 
 11/04  08:00:00,,,43547164.3984572,43547164.3984572 
 11/04  09:00:00,,,118997330.59663215,118997330.59663212 
 11/04  10:00:00,,,173152656.03500217,173152656.03500217 
 11/04  11:00:00,,,176652617.04769364,176652617.04769364 
 11/04  12:00:00,,,176831037.59159482,176831037.5915948 
 11/04  13:00:00,,,176609486.1909571,176609486.1909571 
 11/04  14:00:00,,,179020648.56641132,179020648.56641132 
 11/04  15:00:00,,,177788378.6040996,177788378.6040996 
 11/04  16:00:00,,,175386979.2706171,175386979.27061707 
 11/04  17:00:00,,,185861227.39944035,185861227.39944035 
 11/04  18:00:00,,,142941805.6866172,142941805.68661717 
 11/04  19:00:00,,,71358724.12956963,71358724.12956963 
 11/04  20:00:00,,,70799615.43692185,70799615.43692186 
 11/04  21:00:00,,,71036746.5527975,71036746.55279748 
 11/04  22:00:00,,,65561475.98340137,65561475.98340139 
 11/04  23:00:00,,,64602089.05443573,64602089.05443572 
 11/04  24:00:00,,,22145545.5624125,22145545.5624125 
 11/05  01:00:00,,,20690249.149456516,20690249.149456512 
 11/05  02:00:00,,,20944262.377568368,20944262.377568364 
 11/05  03:00:00,,,19864128.512013026,19864128.512013026 
 11/05  04:00:00,,,23559820.883371945,23559820.88337194 
 11/05  05:00:00,,,19940872.94517736,19940872.94517736 
 11/05  06:00:00,,,30678432.86262978,30678432.86262978 
 11/05  07:00:00,,,33288214.99325482,33288214.993254825 
 11/05  08:00:00,,,22702941.02057941,22702941.020579405 
 11/05  09:00:00,,,63248229.25450834,63248229.25450835 
 11/05  10:00:00,,,137386949.35042393,137386949.3504239 
 11/05  11:00:00,,,171758720.7690596,171758720.76905957 
 11/05  12:00:00,,,178295539.22411796,178295539.22411796 
 11/05  13:00:00,,,174397566.30866608,174397566.30866605 
 11/05  14:00:00,,,178039254.02952993,178039254.0295299 
 11/05  15:00:00,,,174120459.39503944,174120459.3950394 
 11/05  16:00:00,,,178009240.58970112,178009240.58970106 
 11/05  17:00:00,,,130268989.02028513,130268989.02028513 
 11/05  18:00:00,,,72736543.14356458,72736543.14356457 
 11/05  19:00:00,,,71577935.08889551,71577935.08889551 
 11/05  20:00:00,,,70572729.78604697,70572729.78604697 
 11/05  21:00:00,,,69526956.84760426,69526956.84760426 
 11/05  22:00:00,,,67135842.73110245,67135842.73110245 
 11/05  23:00:00,,,47759351.77390347,47759351.77390346 
 11/05  24:00:00,,,20049229.96870105,20049229.96870105 
 11/06  01:00:00,,,22547724.204484798,22547724.204484798 
 11/06  02:00:00,,,22543883.264844954,22543883.264844958 
 11/06  03:00:00,,,21364003.441308662,21364003.441308662 
 11/06  04:00:00,,,21303271.456103735,21303271.456103735 
 11/06  05:00:00,,,21399787.867082424,21399787.867082424 
 11/06  06:00:00,,,20126719.70408314,20126719.70408314 
 11/06  07:00:00,,,30955851.26567163,30955851.26567163 
 11/06  08:00:00,,,19217588.508355357,19217588.508355353 
 11/06  09:00:00,,,46327020.22611378,46327020.22611378 
 11/06  10:00:00,,,118369968.07216616,118369968.07216614 
 11/06  11:00:00,,,171473819.09352452,171473819.09352452 
 11/06  12:00:00,,,173192367.53731385,173192367.53731382 
 11/06  13:00:00,,,175018021.9667866,175018021.96678656 
 11/06  14:00:00,,,174189126.54614308,174189126.54614308 
 11/06  15:00:00,,,174847114.05328363,174847114.05328363 
 11/06  16:00:00,,,173996755.8009856,173996755.80098557 
 11/06  17:00:00,,,178564068.52947503,178564068.52947503 
 11/06  18:00:00,,,193774295.2488862,193774295.2488862 
 11/06  19:00:00,,,195147677.75385883,195147677.7538588 
 11/06  20:00:00,,,192900109.0158621,192900109.01586208 
 11/06  21:00:00,,,142869953.89110503,142869953.89110503 
 11/06  22:00:00,,,70675699.07468817,70675699.07468817 
 11/06  23:00:00,,,63672404.53230704,63672404.53230704 
 11/06  24:00:00,,,48135434.21264847,48135434.21264847 
 11/07  01:00:00,,,20629929.087654155,20629929.08765415 
 11/07  02:00:00,,,21837079.922334325,21837079.922334325 
 11/07  03:00:00,,,19537546.382933773,19537546.38293377 
 11/07  04:00:00,,,21949368.591997884,21949368.591997884 
 11/07  05:00:00,,,20974590.6142063,20974590.6142063 
 11/07  06:00:00,,,20919758.64055515,20919758.64055515 
 11/07  07:00:00,,,30719487.78208459,30719487.78208459 
 11/07  08:00:00,,,19090174.086353876,19090174.086353876 
 11/07  09:00:00,,,44589495.81921435,44589495.81921435 
 11/07  10:00:00,,,117023032.42249835,117023032.42249832 
 11/07  11:00:00,,,170118458.2160218,170118458.21602184 
 11/07  12:00:00,,,171728450.50715935,171728450.50715935 
 11/07  13:00:00,,,173379954.8816495,173379954.8816495 
 11/07  14:00:00,,,172008741.80950624,172008741.8095062 
 11/07  15:00:00,,,173565110.5225414,173565110.52254137 
 11/07  16:00:00,,,171378781.0916909,171378781.09169087 
 11/07  17:00:00,,,179921176.5068919,179921176.5068919 
 11/07  18:00:00,,,192572582.0617702,192572582.06177014 
 11/07  19:00:00,,,192251520.22600365,192251520.22600362 
 11/07  20:00:00,,,192722658.72661224,192722658.72661218 
 11/07  21:00:00,,,141977115.36516294,141977115.36516294 
 11/07  22:00:00,,,69278033.69332342,69278033.69332342 
 11/07  23:00:00,,,64890509.241804205,64890509.241804205 
 11/07  24:00:00,,,49307763.83091583,49307763.83091583 
 11/08  01:00:00,,,20181182.795938645,20181182.79593864 
 11/08  02:00:00,,,19074234.775124077,19074234.775124073 
 11/08  03:00:00,,,20415957.086439874,20415957.086439874 
 11/08  04:00:00,,,21739693.58647937,21739693.58647937 
 11/08  05:00:00,,,20560656.173210107,20560656.173210107 
 11/08  06:00:00,,,19531761.65798446,19531761.65798446 
 11/08  07:00:00,,,31417694.845479533,31417694.845479533 
 11/08  08:00:00,,,20147560.822906025,20147560.822906025 
 11/08  09:00:00,,,43424614.41428733,43424614.41428733 
 11/08  10:00:00,,,118813182.9125061,118813182.9125061 
 11/08  11:00:00,,,169407593.90162748,169407593.90162748 
 11/08  12:00:00,,,173722557.36050934,173722557.36050934 
 11/08  13:00:00,,,172858990.25866252,172858990.2586625 
 11/08  14:00:00,,,173703903.51121044,173703903.51121044 
 11/08  15:00:00,,,173516721.48277673,173516721.4827767 
 11/08  16:00:00,,,174837065.90601394,174837065.90601394 
 11/08  17:00:00,,,180982578.2836767,180982578.28367668 
 11/08  18:00:00,,,193323075.01050436,193323075.01050434 
 11/08  19:00:00,,,192704077.74805915,192704077.7480591 
 11/08  20:00:00,,,190203162.27138352,190203162.27138352 
 11/08  21:00:00,,,140652067.51822835,140652067.51822835 
 11/08  22:00:00,,,70252957.51190895,70252957.51190895 
 11/08  23:00:00,,,64576923.42344915,64576923.42344915 
 11/08  24:00:00,,,47695862.41169405,47695862.41169405 
 11/09  01:00:00,,,18912423.07820935,18912423.07820935 
 11/09  02:00:00,,,21311692.377929874,21311692.37792987 
 11/09  03:00:00,,,21310392.848122768,21310392.848122768 
 11/09  04:00:00,,,18848641.042696852,18848641.04269685 
 11/09  05:00:00,,,20184083.66939859,20184083.669398587 
 11/09  06:00:00,,,21734593.86061039,21734593.860610384 
 11/09  07:00:00,,,30035696.75698346,30035696.75698346 
 11/09  08:00:00,,,16883785.849581588,16883785.849581584 
 11/09  09:00:00,,,44330821.63915836,44330821.63915835 
 11/09  10:00:00,,,118075224.51368977,118075224.51368979 
 11/09  11:00:00,,,170273886.00272393,170273886.0027239 
 11/09  12:00:00,,,173282262.61227447,173282262.61227447 
 11/09  13:00:00,,,171232439.84389445,171232439.84389442 
 11/09  14:00:00,,,173773974.81900546,173773974.8190055 
 11/09  15:00:00,,,174093884.51342815,174093884.51342815 
 11/09  16:00:00,,,174713921.57334805,174713921.57334802 
 11/09  17:00:00,,,181603253.3494284,181603253.3494284 
 11/09  18:00:00,,,194815763.34319538,194815763.34319532 
 11/09  19:00:00,,,191848863.09934694,191848863.09934688 
 11/09  20:00:00,,,193753991.37506342,193753991.3750634 
 11/09  21:00:00,,,142076897.73219258,142076897.73219258 
 11/09  22:00:00,,,73204482.93108888,73204482.93108886 
 11/09  23:00:00,,,65045310.80824026,65045310.80824026 
 11/09  24:00:00,,,48138220.57287675,48138220.572876744 
 11/10  01:00:00,,,31154752.46300759,31154752.463007588 
 11/10  02:00:00,,,20621565.16857761,20621565.16857761 
 11/10  03:00:00,,,20613024.77843307,20613024.77843307 
 11/10  04:00:00,,,20782003.480406947,20782003.48040695 
 11/10  05:00:00,,,22140506.809348416,22140506.809348416 
 11/10  06:00:00,,,20852026.58880694,20852026.58880694 
 11/10  07:00:00,,,31674547.297809232,31674547.29780923 
 11/10  08:00:00,,,17710988.693825126,17710988.693825122 
 11/10  09:00:00,,,43391663.08793653,43391663.08793652 
 11/10  10:00:00,,,118132702.90404406,118132702.90404406 
 11/10  11:00:00,,,172938563.14251468,172938563.14251465 
 11/10  12:00:00,,,173420156.22633663,173420156.2263366 
 11/10  13:00:00,,,175141828.70198876,175141828.70198876 
 11/10  14:00:00,,,173696397.80339628,173696397.80339625 
 11/10  15:00:00,,,177644939.94066823,177644939.94066823 
 11/10  16:00:00,,,173810756.65268505,173810756.65268502 
 11/10  17:00:00,,,183556568.7214754,183556568.7214754 
 11/10  18:00:00,,,195948115.25902697,195948115.25902694 
 11/10  19:00:00,,,195475694.12465,195475694.12465 
 11/10  20:00:00,,,194416213.48497835,194416213.48497832 
 11/10  21:00:00,,,142486360.42813146,142486360.42813146 
 11/10  22:00:00,,,70830705.9176139,70830705.9176139 
 11/10  23:00:00,,,65335355.517307356,65335355.517307356 
 11/10  24:00:00,,,56008943.50558356,56008943.50558357 
 11/11  01:00:00,,,21917860.57908498,21917860.579084978 
 11/11  02:00:00,,,19575203.173010334,19575203.173010334 
 11/11  03:00:00,,,19467819.20805395,19467819.20805395 
 11/11  04:00:00,,,23487139.33863929,23487139.33863929 
 11/11  05:00:00,,,19805336.224566475,19805336.22456647 
 11/11  06:00:00,,,21150692.78213383,21150692.78213383 
 11/11  07:00:00,,,31834849.4550206,31834849.455020603 
 11/11  08:00:00,,,16663838.392676316,16663838.392676316 
 11/11  09:00:00,,,18053413.674758982,18053413.67475898 
 11/11  10:00:00,,,64173631.62879669,64173631.62879668 
 11/11  11:00:00,,,135327702.3674902,135327702.36749017 
 11/11  12:00:00,,,173377883.93736866,173377883.93736866 
 11/11  13:00:00,,,174472966.60946077,174472966.60946077 
 11/11  14:00:00,,,175224645.2696171,175224645.26961708 
 11/11  15:00:00,,,175999989.72536755,175999989.72536755 
 11/11  16:00:00,,,173306506.13792184,173306506.13792187 
 11/11  17:00:00,,,187547261.07596692,187547261.0759669 
 11/11  18:00:00,,,143240148.66034052,143240148.6603405 
 11/11  19:00:00,,,71262107.36319816,71262107.36319816 
 11/11  20:00:00,,,71418442.10904619,71418442.10904619 
 11/11  21:00:00,,,69953913.99779421,69953913.99779421 
 11/11  22:00:00,,,71367965.50351107,71367965.50351109 
 11/11  23:00:00,,,65904809.10993711,65904809.10993711 
 11/11  24:00:00,,,49269449.41328651,49269449.41328649 
 11/12  01:00:00,,,21407402.483108226,21407402.483108226 
 11/12  02:00:00,,,21563693.363449786,21563693.363449786 
 11/12  03:00:00,,,21588908.777170442,21588908.777170442 
 11/12  04:00:00,,,20302111.3806729,20302111.380672894 
 11/12  05:00:00,,,24000167.090166338,24000167.090166334 
 11/12  06:00:00,,,20353437.51681056,20353437.516810562 
 11/12  07:00:00,,,31199705.102653526,31199705.102653526 
 11/12  08:00:00,,,19246205.892187987,19246205.89218799 
 11/12  09:00:00,,,20971050.565401424,20971050.56540142 
 11/12  10:00:00,,,64880344.54230127,64880344.54230127 
 11/12  11:00:00,,,136844112.73386714,136844112.73386714 
 11/12  12:00:00,,,172500957.82318598,172500957.82318598 
 11/12  13:00:00,,,180422920.92667195,180422920.92667192 
 11/12  14:00:00,,,173916447.05908784,173916447.0590878 
 11/12  15:00:00,,,180244786.63524082,180244786.6352408 
 11/12  16:00:00,,,174021584.77863276,174021584.7786327 
 11/12  17:00:00,,,190606747.6161874,190606747.61618736 
 11/12  18:00:00,,,143633896.82645673,143633896.8264567 
 11/12  19:00:00,,,73150936.41086182,73150936.41086182 
 11/12  20:00:00,,,71709354.1769883,71709354.1769883 
 11/12  21:00:00,,,71526828.45449555,71526828.45449555 
 11/12  22:00:00,,,69180121.81671944,69180121.81671944 
 11/12  23:00:00,,,67456278.57586378,67456278.57586376 
 11/12  24:00:00,,,48205440.89221866,48205440.892218664 
 11/13  01:00:00,,,21405186.84273702,21405186.84273702 
 11/13  02:00:00,,,21573570.28197349,21573570.281973496 
 11/13  03:00:00,,,22765403.201092035,22765403.20109204 
 11/13  04:00:00,,,22892894.795520883,22892894.795520887 
 11/13  05:00:00,,,20290310.350430302,20290310.350430302 
 11/13  06:00:00,,,21816565.77720584,21816565.77720584 
 11/13  07:00:00,,,31088590.416232895,31088590.41623289 
 11/13  08:00:00,,,23133111.872036207,23133111.872036207 
 11/13  09:00:00,,,44593832.36743991,44593832.36743991 
 11/13  10:00:00,,,122963179.44607347,122963179.4460735 
 11/13  11:00:00,,,172782426.11291057,172782426.11291057 
 11/13  12:00:00,,,177462086.35381684,177462086.35381684 
 11/13  13:00:00,,,177269507.3060939,177269507.30609387 
 11/13  14:00:00,,,181173688.75866383,181173688.7586638 
 11/13  15:00:00,,,180057383.82297206,180057383.82297203 
 11/13  16:00:00,,,180967383.47195238,180967383.47195235 
 11/13  17:00:00,,,187278704.83485118,187278704.83485115 
 11/13  18:00:00,,,199965519.04471344,199965519.04471344 
 11/13  19:00:00,,,196677023.3914082,196677023.39140818 
 11/13  20:00:00,,,195555385.44838035,195555385.44838032 
 11/13  21:00:00,,,147153435.3244476,147153435.3244476 
 11/13  22:00:00,,,71955449.5573138,71955449.5573138 
 11/13  23:00:00,,,65346577.58344864,65346577.58344865 
 11/13  24:00:00,,,49582258.48512296,49582258.48512295 
 11/14  01:00:00,,,21798947.4842899,21798947.4842899 
 11/14  02:00:00,,,21560683.437633216,21560683.437633216 
 11/14  03:00:00,,,21695560.74268967,21695560.74268966 
 11/14  04:00:00,,,21658548.48762916,21658548.48762916 
 11/14  05:00:00,,,23051369.815944783,23051369.815944783 
 11/14  06:00:00,,,21726239.245136578,21726239.24513658 
 11/14  07:00:00,,,31305757.079082515,31305757.07908251 
 11/14  08:00:00,,,22150979.878896963,22150979.878896963 
 11/14  09:00:00,,,47225469.8953203,47225469.89532029 
 11/14  10:00:00,,,119417275.03807245,119417275.03807245 
 11/14  11:00:00,,,175583520.60029563,175583520.6002956 
 11/14  12:00:00,,,176529582.99282303,176529582.992823 
 11/14  13:00:00,,,179932631.4148191,179932631.4148191 
 11/14  14:00:00,,,180335573.55778083,180335573.55778083 
 11/14  15:00:00,,,180008553.07128528,180008553.07128525 
 11/14  16:00:00,,,179669878.3793997,179669878.3793997 
 11/14  17:00:00,,,188397401.1269711,188397401.12697107 
 11/14  18:00:00,,,198363254.63056394,198363254.6305639 
 11/14  19:00:00,,,197433379.24855322,197433379.24855316 
 11/14  20:00:00,,,194757944.23975807,194757944.239758 
 11/14  21:00:00,,,146115486.6226692,146115486.6226692 
 11/14  22:00:00,,,69277464.8876789,69277464.8876789 
 11/14  23:00:00,,,66595543.60336655,66595543.603366554 
 11/14  24:00:00,,,51975677.61696396,51975677.61696396 
 11/15  01:00:00,,,20487826.838554848,20487826.838554844 
 11/15  02:00:00,,,21541186.456006385,21541186.456006385 
 11/15  03:00:00,,,21737099.44022442,21737099.44022442 
 11/15  04:00:00,,,22929695.529088415,22929695.529088415 
 11/15  05:00:00,,,20554844.425319478,20554844.425319478 
 11/15  06:00:00,,,21765426.73965537,21765426.739655368 
 11/15  07:00:00,,,33612318.81063939,33612318.81063938 
 11/15  08:00:00,,,22451113.321965415,22451113.32196541 
 11/15  09:00:00,,,44759689.679842904,44759689.6798429 
 11/15  10:00:00,,,122173722.27867454,122173722.27867454 
 11/15  11:00:00,,,174563500.97434777,174563500.97434774 
 11/15  12:00:00,,,177672019.1766809,177672019.17668086 
 11/15  13:00:00,,,178528765.68874288,178528765.68874288 
 11/15  14:00:00,,,179114869.85160708,179114869.85160702 
 11/15  15:00:00,,,176269970.91062444,176269970.91062444 
 11/15  16:00:00,,,177959686.92553085,177959686.92553085 
 11/15  17:00:00,,,189707553.06122154,189707553.0612215 
 11/15  18:00:00,,,196191832.98013195,196191832.9801319 
 11/15  19:00:00,,,197159084.55959538,197159084.55959535 
 11/15  20:00:00,,,193877977.59701893,193877977.5970189 
 11/15  21:00:00,,,147046703.025771,147046703.025771 
 11/15  22:00:00,,,71652966.8322976,71652966.8322976 
 11/15  23:00:00,,,66195584.39894313,66195584.39894314 
 11/15  24:00:00,,,47831475.68479823,47831475.68479823 
 11/16  01:00:00,,,21166427.26947361,21166427.26947361 
 11/16  02:00:00,,,23644605.493170403,23644605.493170403 
 11/16  03:00:00,,,20149042.67296818,20149042.67296818 
 11/16  04:00:00,,,22664246.67349493,22664246.673494935 
 11/16  05:00:00,,,20154029.40200583,20154029.40200583 
 11/16  06:00:00,,,21325542.918509275,21325542.91850928 
 11/16  07:00:00,,,30982237.244265195,30982237.244265195 
 11/16  08:00:00,,,23126635.79730349,23126635.79730349 
 11/16  09:00:00,,,45548493.20815762,45548493.208157614 
 11/16  10:00:00,,,121360822.99284144,121360822.99284142 
 11/16  11:00:00,,,172575825.51639608,172575825.51639608 
 11/16  12:00:00,,,178659780.8667007,178659780.8667007 
 11/16  13:00:00,,,178039260.7798865,178039260.77988648 
 11/16  14:00:00,,,179052815.1613585,179052815.16135848 
 11/16  15:00:00,,,180047049.54754642,180047049.5475464 
 11/16  16:00:00,,,178537188.23914117,178537188.23914117 
 11/16  17:00:00,,,189739503.7949598,189739503.7949598 
 11/16  18:00:00,,,199755953.94505113,199755953.9450511 
 11/16  19:00:00,,,199082333.5848666,199082333.5848666 
 11/16  20:00:00,,,194046997.63612267,194046997.63612267 
 11/16  21:00:00,,,147020315.922339,147020315.922339 
 11/16  22:00:00,,,70364305.35138795,70364305.35138795 
 11/16  23:00:00,,,66370842.37660274,66370842.37660274 
 11/16  24:00:00,,,49507723.49117872,49507723.49117873 
 11/17  01:00:00,,,33575741.85013184,33575741.85013184 
 11/17  02:00:00,,,21614379.858325344,21614379.858325344 
 11/17  03:00:00,,,20347177.245505616,20347177.245505616 
 11/17  04:00:00,,,25407160.247055795,25407160.247055795 
 11/17  05:00:00,,,20547469.47511874,20547469.47511874 
 11/17  06:00:00,,,20475390.552891612,20475390.552891612 
 11/17  07:00:00,,,32550056.071490325,32550056.071490325 
 11/17  08:00:00,,,23100282.522730604,23100282.522730604 
 11/17  09:00:00,,,43424906.16420511,43424906.16420511 
 11/17  10:00:00,,,118355552.37589017,118355552.37589012 
 11/17  11:00:00,,,173356181.00474325,173356181.0047432 
 11/17  12:00:00,,,172656441.2297558,172656441.2297558 
 11/17  13:00:00,,,177411162.51754078,177411162.51754075 
 11/17  14:00:00,,,176044418.91582936,176044418.91582936 
 11/17  15:00:00,,,176184788.754001,176184788.754001 
 11/17  16:00:00,,,175057078.29004586,175057078.29004586 
 11/17  17:00:00,,,190219853.1935668,190219853.1935668 
 11/17  18:00:00,,,196068856.61907867,196068856.61907864 
 11/17  19:00:00,,,196104379.36117452,196104379.3611745 
 11/17  20:00:00,,,193784492.54146403,193784492.541464 
 11/17  21:00:00,,,144315955.92701933,144315955.92701933 
 11/17  22:00:00,,,71205156.97771735,71205156.97771734 
 11/17  23:00:00,,,67078254.00668572,67078254.00668571 
 11/17  24:00:00,,,55182068.644128345,55182068.64412834 
 11/18  01:00:00,,,42573843.59467921,42573843.59467921 
 11/18  02:00:00,,,22306140.090955127,22306140.090955127 
 11/18  03:00:00,,,22633746.441218093,22633746.441218086 
 11/18  04:00:00,,,20246425.040877596,20246425.04087759 
 11/18  05:00:00,,,20333834.570714276,20333834.570714276 
 11/18  06:00:00,,,22811461.419467963,22811461.41946796 
 11/18  07:00:00,,,31092697.976449564,31092697.976449564 
 11/18  08:00:00,,,26362752.87230345,26362752.87230345 
 11/18  09:00:00,,,45208190.98526373,45208190.98526371 
 11/18  10:00:00,,,117975743.22491263,117975743.22491261 
 11/18  11:00:00,,,173916723.6293778,173916723.6293778 
 11/18  12:00:00,,,174290435.08730656,174290435.08730653 
 11/18  13:00:00,,,176154006.80595282,176154006.80595282 
 11/18  14:00:00,,,175631392.47454214,175631392.4745421 
 11/18  15:00:00,,,175710588.23025864,175710588.2302586 
 11/18  16:00:00,,,176067860.50479046,176067860.50479043 
 11/18  17:00:00,,,188565901.38137788,188565901.38137785 
 11/18  18:00:00,,,195700492.7906353,195700492.79063523 
 11/18  19:00:00,,,146088294.0417437,146088294.04174367 
 11/18  20:00:00,,,69969442.0273884,69969442.02738838 
 11/18  21:00:00,,,69449897.37829092,69449897.37829094 
 11/18  22:00:00,,,70886187.73933665,70886187.73933667 
 11/18  23:00:00,,,66999013.12201921,66999013.12201921 
 11/18  24:00:00,,,65908027.22041294,65908027.22041294 
 11/19  01:00:00,,,20769122.27413397,20769122.27413397 
 11/19  02:00:00,,,22358753.10495983,22358753.10495983 
 11/19  03:00:00,,,20003499.780634098,20003499.7806341 
 11/19  04:00:00,,,20081966.730488606,20081966.730488602 
 11/19  05:00:00,,,21372271.339476526,21372271.339476526 
 11/19  06:00:00,,,22631012.571776237,22631012.571776237 
 11/19  07:00:00,,,30837836.554844502,30837836.5548445 
 11/19  08:00:00,,,23484774.62304,23484774.623039998 
 11/19  09:00:00,,,18139327.304167278,18139327.304167278 
 11/19  10:00:00,,,63998215.12491023,63998215.12491023 
 11/19  11:00:00,,,135365697.4501042,135365697.45010424 
 11/19  12:00:00,,,173621400.3133177,173621400.3133177 
 11/19  13:00:00,,,176108218.00905502,176108218.00905502 
 11/19  14:00:00,,,174665297.83915696,174665297.83915693 
 11/19  15:00:00,,,176038082.59416065,176038082.59416065 
 11/19  16:00:00,,,176217863.8628294,176217863.86282936 
 11/19  17:00:00,,,188326232.95775875,188326232.95775872 
 11/19  18:00:00,,,145497017.3257604,145497017.32576042 
 11/19  19:00:00,,,70015905.52570054,70015905.52570054 
 11/19  20:00:00,,,71382522.27019064,71382522.27019064 
 11/19  21:00:00,,,69687129.41993035,69687129.41993034 
 11/19  22:00:00,,,69776856.10993242,69776856.10993242 
 11/19  23:00:00,,,65793243.05206774,65793243.05206774 
 11/19  24:00:00,,,50137058.25152676,50137058.25152676 
 11/20  01:00:00,,,22111855.94572591,22111855.94572591 
 11/20  02:00:00,,,19991721.800247047,19991721.800247043 
 11/20  03:00:00,,,22452194.89343725,22452194.89343725 
 11/20  04:00:00,,,20249404.78569854,20249404.78569854 
 11/20  05:00:00,,,20034084.99469328,20034084.994693283 
 11/20  06:00:00,,,20291230.893658005,20291230.893658005 
 11/20  07:00:00,,,34677080.537398934,34677080.53739893 
 11/20  08:00:00,,,26464362.299999334,26464362.29999933 
 11/20  09:00:00,,,44306248.319873735,44306248.319873735 
 11/20  10:00:00,,,120075184.1035964,120075184.10359639 
 11/20  11:00:00,,,176022286.9721324,176022286.9721324 
 11/20  12:00:00,,,175464111.9030582,175464111.90305817 
 11/20  13:00:00,,,178275410.03150773,178275410.03150773 
 11/20  14:00:00,,,181856140.8813204,181856140.88132036 
 11/20  15:00:00,,,178079077.1846292,178079077.1846292 
 11/20  16:00:00,,,179466166.1064025,179466166.10640246 
 11/20  17:00:00,,,192748042.05914527,192748042.05914527 
 11/20  18:00:00,,,198052351.04420814,198052351.04420808 
 11/20  19:00:00,,,196087082.46640033,196087082.46640033 
 11/20  20:00:00,,,197397488.11353123,197397488.1135312 
 11/20  21:00:00,,,142655854.70698306,142655854.7069831 
 11/20  22:00:00,,,71544363.15246007,71544363.15246007 
 11/20  23:00:00,,,67292980.88996412,67292980.88996413 
 11/20  24:00:00,,,49233563.93358998,49233563.93358997 
 11/21  01:00:00,,,22763109.720693387,22763109.720693387 
 11/21  02:00:00,,,21531217.854385182,21531217.854385182 
 11/21  03:00:00,,,20223806.06603898,20223806.06603898 
 11/21  04:00:00,,,20256072.89801792,20256072.898017917 
 11/21  05:00:00,,,22036562.778070834,22036562.77807083 
 11/21  06:00:00,,,22380079.77801896,22380079.77801896 
 11/21  07:00:00,,,30981748.592494965,30981748.592494965 
 11/21  08:00:00,,,28947563.393869415,28947563.393869415 
 11/21  09:00:00,,,44443818.977924086,44443818.977924086 
 11/21  10:00:00,,,117926467.53006943,117926467.53006943 
 11/21  11:00:00,,,177972720.31380552,177972720.31380552 
 11/21  12:00:00,,,175110875.62630692,175110875.6263069 
 11/21  13:00:00,,,180674736.92000026,180674736.92000023 
 11/21  14:00:00,,,177782693.0750894,177782693.07508937 
 11/21  15:00:00,,,180271279.5675106,180271279.56751058 
 11/21  16:00:00,,,177731118.1615469,177731118.16154686 
 11/21  17:00:00,,,191652157.49180642,191652157.49180642 
 11/21  18:00:00,,,198257835.4826575,198257835.48265743 
 11/21  19:00:00,,,197044067.4622025,197044067.4622025 
 11/21  20:00:00,,,195800086.7485396,195800086.74853957 
 11/21  21:00:00,,,143543773.99069,143543773.99068993 
 11/21  22:00:00,,,71451156.95004551,71451156.95004551 
 11/21  23:00:00,,,67375218.32701498,67375218.32701498 
 11/21  24:00:00,,,49279755.65080061,49279755.6508006 
 11/22  01:00:00,,,20255760.896095056,20255760.896095056 
 11/22  02:00:00,,,22331130.209828522,22331130.209828522 
 11/22  03:00:00,,,21912756.084694624,21912756.084694624 
 11/22  04:00:00,,,21588941.733712234,21588941.73371223 
 11/22  05:00:00,,,21557084.576798286,21557084.576798286 
 11/22  06:00:00,,,21033203.46404265,21033203.46404265 
 11/22  07:00:00,,,32894071.097732835,32894071.09773284 
 11/22  08:00:00,,,25215140.004088372,25215140.004088372 
 11/22  09:00:00,,,44067565.78488228,44067565.78488227 
 11/22  10:00:00,,,121549413.76745161,121549413.76745161 
 11/22  11:00:00,,,172528779.1551576,172528779.15515757 
 11/22  12:00:00,,,174617856.31425446,174617856.31425443 
 11/22  13:00:00,,,174399527.55979788,174399527.55979785 
 11/22  14:00:00,,,178989259.99834505,178989259.99834508 
 11/22  15:00:00,,,177633563.07714543,177633563.07714543 
 11/22  16:00:00,,,176681955.45287398,176681955.45287398 
 11/22  17:00:00,,,187849617.71201017,187849617.71201015 
 11/22  18:00:00,,,198537682.36469117,198537682.36469117 
 11/22  19:00:00,,,192151363.25883096,192151363.2588309 
 11/22  20:00:00,,,197374483.83001366,197374483.83001366 
 11/22  21:00:00,,,143919705.3634199,143919705.3634199 
 11/22  22:00:00,,,69945611.8570665,69945611.8570665 
 11/22  23:00:00,,,65637414.763877586,65637414.763877586 
 11/22  24:00:00,,,48878299.639559865,48878299.63955986 
 11/23  01:00:00,,,22468112.206505407,22468112.20650541 
 11/23  02:00:00,,,19884168.76077183,19884168.760771826 
 11/23  03:00:00,,,20034360.611264788,20034360.61126479 
 11/23  04:00:00,,,21312182.42047472,21312182.420474716 
 11/23  05:00:00,,,22622968.679118168,22622968.679118164 
 11/23  06:00:00,,,21387832.84235009,21387832.84235009 
 11/23  07:00:00,,,32154023.730106626,32154023.730106626 
 11/23  08:00:00,,,23463081.3195835,23463081.3195835 
 11/23  09:00:00,,,18064016.455057196,18064016.455057196 
 11/23  10:00:00,,,62010831.91462444,62010831.91462443 
 11/23  11:00:00,,,138678994.94207466,138678994.94207463 
 11/23  12:00:00,,,174145632.60653254,174145632.60653254 
 11/23  13:00:00,,,175526895.73386335,175526895.7338633 
 11/23  14:00:00,,,176448677.21021533,176448677.21021533 
 11/23  15:00:00,,,175075018.1972272,175075018.1972272 
 11/23  16:00:00,,,176691641.7363647,176691641.73636466 
 11/23  17:00:00,,,191387164.11280736,191387164.11280733 
 11/23  18:00:00,,,146663653.19120124,146663653.19120124 
 11/23  19:00:00,,,70616053.52405728,70616053.52405728 
 11/23  20:00:00,,,72176908.06681594,72176908.06681596 
 11/23  21:00:00,,,70351448.71158583,70351448.71158586 
 11/23  22:00:00,,,73990653.89262334,73990653.89262332 
 11/23  23:00:00,,,65177051.06797144,65177051.06797144 
 11/23  24:00:00,,,48242433.35991056,48242433.35991056 
 11/24  01:00:00,,,35025832.52451784,35025832.524517834 
 11/24  02:00:00,,,19992465.333605032,19992465.333605032 
 11/24  03:00:00,,,21787851.163675044,21787851.16367504 
 11/24  04:00:00,,,21280630.602993004,21280630.602993004 
 11/24  05:00:00,,,22857267.476333875,22857267.476333875 
 11/24  06:00:00,,,21308570.971856028,21308570.971856024 
 11/24  07:00:00,,,31231617.82705468,31231617.827054676 
 11/24  08:00:00,,,26423415.598781016,26423415.598781016 
 11/24  09:00:00,,,44539218.7823686,44539218.78236859 
 11/24  10:00:00,,,121564913.91734812,121564913.91734812 
 11/24  11:00:00,,,175674161.71692652,175674161.71692652 
 11/24  12:00:00,,,179086299.93528405,179086299.93528405 
 11/24  13:00:00,,,180007290.48852712,180007290.4885271 
 11/24  14:00:00,,,180897806.3459076,180897806.3459076 
 11/24  15:00:00,,,183552990.8315286,183552990.83152857 
 11/24  16:00:00,,,180218605.96022606,180218605.96022603 
 11/24  17:00:00,,,191809497.38283026,191809497.3828302 
 11/24  18:00:00,,,203701789.18394533,203701789.1839453 
 11/24  19:00:00,,,196193241.93563116,196193241.93563116 
 11/24  20:00:00,,,197724985.28651315,197724985.2865131 
 11/24  21:00:00,,,148383675.39558238,148383675.39558235 
 11/24  22:00:00,,,69687024.11384353,69687024.11384352 
 11/24  23:00:00,,,69619866.22628218,69619866.22628216 
 11/24  24:00:00,,,57568186.509728685,57568186.509728685 
 11/25  01:00:00,,,42704112.897788934,42704112.89778893 
 11/25  02:00:00,,,20530433.166580528,20530433.16658052 
 11/25  03:00:00,,,23158537.35987264,23158537.359872635 
 11/25  04:00:00,,,21854100.956727214,21854100.956727214 
 11/25  05:00:00,,,22191594.391399592,22191594.391399592 
 11/25  06:00:00,,,23377875.35273934,23377875.35273934 
 11/25  07:00:00,,,33259296.32136852,33259296.32136852 
 11/25  08:00:00,,,29044492.942692153,29044492.942692146 
 11/25  09:00:00,,,45418780.666489094,45418780.666489094 
 11/25  10:00:00,,,123075953.28298086,123075953.28298084 
 11/25  11:00:00,,,177750861.5274325,177750861.5274325 
 11/25  12:00:00,,,176884753.52197587,176884753.52197585 
 11/25  13:00:00,,,181477676.82029805,181477676.82029802 
 11/25  14:00:00,,,183629997.59255022,183629997.59255022 
 11/25  15:00:00,,,179461479.1962451,179461479.1962451 
 11/25  16:00:00,,,180559182.75224143,180559182.7522414 
 11/25  17:00:00,,,197419017.0051192,197419017.00511917 
 11/25  18:00:00,,,198446884.5848892,198446884.58488914 
 11/25  19:00:00,,,147977643.9866822,147977643.98668218 
 11/25  20:00:00,,,73783729.31399658,73783729.31399658 
 11/25  21:00:00,,,69295367.55150801,69295367.55150801 
 11/25  22:00:00,,,73155698.33065575,73155698.33065575 
 11/25  23:00:00,,,66514794.45179868,66514794.45179868 
 11/25  24:00:00,,,66603886.04422939,66603886.044229396 
 11/26  01:00:00,,,21515888.158076957,21515888.158076957 
 11/26  02:00:00,,,22932185.929496408,22932185.929496408 
 11/26  03:00:00,,,21430200.37533654,21430200.37533654 
 11/26  04:00:00,,,20419054.50163247,20419054.50163247 
 11/26  05:00:00,,,20202433.261339366,20202433.261339366 
 11/26  06:00:00,,,23002339.653628547,23002339.653628543 
 11/26  07:00:00,,,30997253.975422096,30997253.9754221 
 11/26  08:00:00,,,27140347.01958097,27140347.019580968 
 11/26  09:00:00,,,19985360.17218034,19985360.17218034 
 11/26  10:00:00,,,65094552.323265105,65094552.32326511 
 11/26  11:00:00,,,135852655.74499932,135852655.7449993 
 11/26  12:00:00,,,176689547.95465374,176689547.95465377 
 11/26  13:00:00,,,177353886.22767162,177353886.2276716 
 11/26  14:00:00,,,178559951.924705,178559951.924705 
 11/26  15:00:00,,,177192960.8540797,177192960.85407966 
 11/26  16:00:00,,,178353407.5461287,178353407.5461287 
 11/26  17:00:00,,,193698814.15205848,193698814.15205848 
 11/26  18:00:00,,,148844703.15706265,148844703.15706268 
 11/26  19:00:00,,,70663505.77774756,70663505.77774756 
 11/26  20:00:00,,,71668423.92039178,71668423.92039178 
 11/26  21:00:00,,,68964503.10717331,68964503.10717332 
 11/26  22:00:00,,,70377093.09335274,70377093.09335275 
 11/26  23:00:00,,,67406871.44622529,67406871.44622529 
 11/26  24:00:00,,,50603180.28979174,50603180.28979175 
 11/27  01:00:00,,,20049379.320642363,20049379.320642363 
 11/27  02:00:00,,,21440360.799998555,21440360.79999855 
 11/27  03:00:00,,,22583173.525519688,22583173.525519688 
 11/27  04:00:00,,,20268167.012351163,20268167.012351163 
 11/27  05:00:00,,,21400889.820389226,21400889.820389226 
 11/27  06:00:00,,,21575057.594634347,21575057.594634347 
 11/27  07:00:00,,,33424179.861628033,33424179.861628026 
 11/27  08:00:00,,,28264548.421388466,28264548.421388466 
 11/27  09:00:00,,,44403330.41343987,44403330.41343987 
 11/27  10:00:00,,,121330390.23942922,121330390.23942922 
 11/27  11:00:00,,,176382104.50452703,176382104.504527 
 11/27  12:00:00,,,173578586.92611143,173578586.92611143 
 11/27  13:00:00,,,179174422.4023832,179174422.40238318 
 11/27  14:00:00,,,181638917.38897133,181638917.38897133 
 11/27  15:00:00,,,179247824.9404129,179247824.9404129 
 11/27  16:00:00,,,177108088.2830952,177108088.28309518 
 11/27  17:00:00,,,197738528.02213803,197738528.022138 
 11/27  18:00:00,,,198799564.3864554,198799564.38645542 
 11/27  19:00:00,,,196764598.42484617,196764598.42484614 
 11/27  20:00:00,,,199116430.15664923,199116430.15664917 
 11/27  21:00:00,,,142880140.64276734,142880140.64276734 
 11/27  22:00:00,,,71785805.392764,71785805.392764 
 11/27  23:00:00,,,65333672.45598908,65333672.45598906 
 11/27  24:00:00,,,51968568.408651575,51968568.408651575 
 11/28  01:00:00,,,22991189.734741166,22991189.734741163 
 11/28  02:00:00,,,20286478.517292794,20286478.517292794 
 11/28  03:00:00,,,20511174.068887137,20511174.068887133 
 11/28  04:00:00,,,21670894.62294918,21670894.62294918 
 11/28  05:00:00,,,20554151.509397928,20554151.509397928 
 11/28  06:00:00,,,21775312.671630066,21775312.67163007 
 11/28  07:00:00,,,33583839.52930892,33583839.52930892 
 11/28  08:00:00,,,32839677.66296183,32839677.662961833 
 11/28  09:00:00,,,43490839.918600306,43490839.9186003 
 11/28  10:00:00,,,120877266.42381234,120877266.42381237 
 11/28  11:00:00,,,174422184.3235325,174422184.3235325 
 11/28  12:00:00,,,177479791.81878784,177479791.8187878 
 11/28  13:00:00,,,179732558.48293382,179732558.4829338 
 11/28  14:00:00,,,180366042.64336085,180366042.64336085 
 11/28  15:00:00,,,178536307.78180727,178536307.78180724 
 11/28  16:00:00,,,179697315.5964544,179697315.59645444 
 11/28  17:00:00,,,195525697.88355973,195525697.88355973 
 11/28  18:00:00,,,197899470.0181589,197899470.01815885 
 11/28  19:00:00,,,195983967.01176417,195983967.01176414 
 11/28  20:00:00,,,197031903.1525123,197031903.15251228 
 11/28  21:00:00,,,144001815.4148689,144001815.41486886 
 11/28  22:00:00,,,71478545.59773591,71478545.5977359 
 11/28  23:00:00,,,67401218.75687437,67401218.75687438 
 11/28  24:00:00,,,48113257.44546851,48113257.4454685 
 11/29  01:00:00,,,21557964.66436835,21557964.66436835 
 11/29  02:00:00,,,21559001.171839733,21559001.171839733 
 11/29  03:00:00,,,21572636.58835288,21572636.58835288 
 11/29  04:00:00,,,22893475.471886538,22893475.471886538 
 11/29  05:00:00,,,21620653.504464664,21620653.50446466 
 11/29  06:00:00,,,21663784.315539196,21663784.315539196 
 11/29  07:00:00,,,31171884.87826468,31171884.87826468 
 11/29  08:00:00,,,28579147.486663416,28579147.486663412 
 11/29  09:00:00,,,47011653.01636605,47011653.01636604 
 11/29  10:00:00,,,120701431.28958595,120701431.28958596 
 11/29  11:00:00,,,174489883.4319558,174489883.4319558 
 11/29  12:00:00,,,177852699.55816755,177852699.55816755 
 11/29  13:00:00,,,179670963.98010716,179670963.98010713 
 11/29  14:00:00,,,177867746.5532202,177867746.55322018 
 11/29  15:00:00,,,181506785.88378423,181506785.8837842 
 11/29  16:00:00,,,178931525.5941133,178931525.5941133 
 11/29  17:00:00,,,194011567.09065214,194011567.09065214 
 11/29  18:00:00,,,201982458.89557427,201982458.8955742 
 11/29  19:00:00,,,196311380.20822942,196311380.20822942 
 11/29  20:00:00,,,197767695.78529727,197767695.78529721 
 11/29  21:00:00,,,146751874.61832368,146751874.61832368 
 11/29  22:00:00,,,71805860.29460198,71805860.29460198 
 11/29  23:00:00,,,66570114.07667073,66570114.07667072 
 11/29  24:00:00,,,51199038.704891406,51199038.704891406 
 11/30  01:00:00,,,20414109.670909315,20414109.670909315 
 11/30  02:00:00,,,21733496.19613561,21733496.196135607 
 11/30  03:00:00,,,22937962.39676453,22937962.39676453 
 11/30  04:00:00,,,20600509.339417607,20600509.339417603 
 11/30  05:00:00,,,21657466.8059137,21657466.805913698 
 11/30  06:00:00,,,23118844.609740026,23118844.60974002 
 11/30  07:00:00,,,31361677.691331033,31361677.69133103 
 11/30  08:00:00,,,30134080.903380148,30134080.903380148 
 11/30  09:00:00,,,46926469.505594164,46926469.50559416 
 11/30  10:00:00,,,123070364.86256404,123070364.86256403 
 11/30  11:00:00,,,177185486.41109034,177185486.41109034 
 11/30  12:00:00,,,177800239.1092749,177800239.1092749 
 11/30  13:00:00,,,180925874.0692203,180925874.06922027 
 11/30  14:00:00,,,180014153.31160206,180014153.31160206 
 11/30  15:00:00,,,179517629.79482177,179517629.79482174 
 11/30  16:00:00,,,181186922.29569337,181186922.29569334 
 11/30  17:00:00,,,196083189.05645204,196083189.05645195 
 11/30  18:00:00,,,200499610.15595382,200499610.15595376 
 11/30  19:00:00,,,202375204.21860614,202375204.21860614 
 11/30  20:00:00,,,196258489.8396837,196258489.83968365 
 11/30  21:00:00,,,148763403.71008945,148763403.71008945 
 11/30  22:00:00,,,70671057.20065103,70671057.20065103 
 11/30  23:00:00,,,66654308.61079235,66654308.61079234 
 11/30  24:00:00,71889985623.29765,231420448504.61765,49785421.650455125,49785421.650455125 
 12/01  01:00:00,,,33784474.23131491,33784474.23131491 
 12/01  02:00:00,,,22930384.191272996,22930384.191272996 
 12/01  03:00:00,,,22641809.14457891,22641809.144578908 
 12/01  04:00:00,,,21814189.828053903,21814189.828053903 
 12/01  05:00:00,,,20403181.58803629,20403181.58803629 
 12/01  06:00:00,,,20422838.677418407,20422838.677418403 
 12/01  07:00:00,,,32428765.72432995,32428765.72432994 
 12/01  08:00:00,,,29738966.74145299,29738966.74145299 
 12/01  09:00:00,,,43915774.29402523,43915774.29402521 
 12/01  10:00:00,,,121436847.18333015,121436847.18333013 
 12/01  11:00:00,,,174363028.60212627,174363028.60212624 
 12/01  12:00:00,,,177993485.72872442,177993485.72872442 
 12/01  13:00:00,,,177554768.15075776,177554768.15075776 
 12/01  14:00:00,,,181094994.64384058,181094994.64384055 
 12/01  15:00:00,,,181039362.26980776,181039362.26980773 
 12/01  16:00:00,,,181027350.54933414,181027350.54933414 
 12/01  17:00:00,,,193798017.61207026,193798017.61207026 
 12/01  18:00:00,,,198336218.1051505,198336218.1051505 
 12/01  19:00:00,,,198354837.90187803,198354837.90187803 
 12/01  20:00:00,,,195496475.54879394,195496475.5487939 
 12/01  21:00:00,,,146454933.05392537,146454933.05392534 
 12/01  22:00:00,,,69008995.5621337,69008995.5621337 
 12/01  23:00:00,,,67410202.7318322,67410202.7318322 
 12/01  24:00:00,,,58146325.94456004,58146325.94456004 
 12/02  01:00:00,,,41732269.78113278,41732269.78113278 
 12/02  02:00:00,,,21688440.28367486,21688440.28367486 
 12/02  03:00:00,,,21547720.7163807,21547720.716380697 
 12/02  04:00:00,,,22814289.402578596,22814289.402578596 
 12/02  05:00:00,,,21584051.948979028,21584051.948979028 
 12/02  06:00:00,,,20285656.439180687,20285656.43918069 
 12/02  07:00:00,,,32254827.617226664,32254827.617226668 
 12/02  08:00:00,,,32620191.930767648,32620191.93076764 
 12/02  09:00:00,,,43697853.50232746,43697853.50232746 
 12/02  10:00:00,,,120713472.70028593,120713472.70028593 
 12/02  11:00:00,,,174996547.64459687,174996547.64459687 
 12/02  12:00:00,,,174951256.14775252,174951256.14775252 
 12/02  13:00:00,,,178336997.03351554,178336997.03351554 
 12/02  14:00:00,,,182044680.37942064,182044680.37942064 
 12/02  15:00:00,,,179506218.74232626,179506218.74232626 
 12/02  16:00:00,,,176835944.97650993,176835944.97650993 
 12/02  17:00:00,,,197098519.50941414,197098519.50941408 
 12/02  18:00:00,,,199073771.82643127,199073771.8264312 
 12/02  19:00:00,,,142906050.3010056,142906050.30100563 
 12/02  20:00:00,,,74108150.53001416,74108150.53001416 
 12/02  21:00:00,,,70208848.63981299,70208848.63981299 
 12/02  22:00:00,,,71583482.34735009,71583482.34735009 
 12/02  23:00:00,,,66268693.613636404,66268693.613636404 
 12/02  24:00:00,,,68650929.798285,68650929.798285 
 12/03  01:00:00,,,20145015.60609603,20145015.60609603 
 12/03  02:00:00,,,20010881.79599449,20010881.795994487 
 12/03  03:00:00,,,22434034.398173843,22434034.398173843 
 12/03  04:00:00,,,20288849.694704793,20288849.694704793 
 12/03  05:00:00,,,21432851.133708246,21432851.133708242 
 12/03  06:00:00,,,20181962.810589045,20181962.810589045 
 12/03  07:00:00,,,34744142.906612806,34744142.90661281 
 12/03  08:00:00,,,28834217.20038889,28834217.20038889 
 12/03  09:00:00,,,18191482.008869067,18191482.008869063 
 12/03  10:00:00,,,62852754.38396269,62852754.38396268 
 12/03  11:00:00,,,137955192.5226551,137955192.52265507 
 12/03  12:00:00,,,172336035.35833,172336035.35833004 
 12/03  13:00:00,,,177335984.3110576,177335984.3110576 
 12/03  14:00:00,,,173453551.2709383,173453551.2709383 
 12/03  15:00:00,,,177239439.00552723,177239439.0055272 
 12/03  16:00:00,,,173432456.90717593,173432456.90717593 
 12/03  17:00:00,,,193852774.87762922,193852774.87762922 
 12/03  18:00:00,,,142645178.70453072,142645178.70453072 
 12/03  19:00:00,,,71382891.78266676,71382891.78266676 
 12/03  20:00:00,,,72402139.21563502,72402139.21563502 
 12/03  21:00:00,,,69680003.49599057,69680003.49599057 
 12/03  22:00:00,,,71098438.74007994,71098438.74007994 
 12/03  23:00:00,,,64356732.127563074,64356732.127563074 
 12/03  24:00:00,,,48903483.62231462,48903483.62231462 
 12/04  01:00:00,,,20962524.52278558,20962524.52278558 
 12/04  02:00:00,,,19713415.644779537,19713415.644779537 
 12/04  03:00:00,,,22279344.047484994,22279344.047484994 
 12/04  04:00:00,,,22293505.62137128,22293505.62137128 
 12/04  05:00:00,,,19882956.230410002,19882956.230410002 
 12/04  06:00:00,,,21452554.443134826,21452554.443134826 
 12/04  07:00:00,,,32096093.181163915,32096093.181163915 
 12/04  08:00:00,,,33155362.78810757,33155362.788107563 
 12/04  09:00:00,,,44218395.31027992,44218395.31027992 
 12/04  10:00:00,,,123187992.62415087,123187992.62415086 
 12/04  11:00:00,,,173960348.04946476,173960348.04946473 
 12/04  12:00:00,,,180363003.00507262,180363003.0050726 
 12/04  13:00:00,,,177812523.81588534,177812523.8158853 
 12/04  14:00:00,,,183003101.6817755,183003101.6817755 
 12/04  15:00:00,,,183451502.40880632,183451502.40880626 
 12/04  16:00:00,,,184922862.2399593,184922862.2399593 
 12/04  17:00:00,,,195335081.67781898,195335081.67781895 
 12/04  18:00:00,,,202861851.27182394,202861851.2718239 
 12/04  19:00:00,,,201512766.19403058,201512766.19403052 
 12/04  20:00:00,,,196693616.33598945,196693616.33598942 
 12/04  21:00:00,,,150918867.09158418,150918867.09158418 
 12/04  22:00:00,,,70537889.89568056,70537889.89568056 
 12/04  23:00:00,,,68516518.91249768,68516518.91249767 
 12/04  24:00:00,,,50685867.59894817,50685867.59894817 
 12/05  01:00:00,,,21325437.94007574,21325437.940075733 
 12/05  02:00:00,,,23162375.739605844,23162375.739605837 
 12/05  03:00:00,,,21198220.562913388,21198220.562913388 
 12/05  04:00:00,,,26433564.886955913,26433564.88695591 
 12/05  05:00:00,,,22323073.495458633,22323073.49545863 
 12/05  06:00:00,,,21425083.249208897,21425083.249208897 
 12/05  07:00:00,,,31743419.522558574,31743419.522558577 
 12/05  08:00:00,,,34192393.973524585,34192393.973524585 
 12/05  09:00:00,,,46157381.59386776,46157381.59386775 
 12/05  10:00:00,,,126329227.60764688,126329227.60764687 
 12/05  11:00:00,,,176134738.65235677,176134738.65235677 
 12/05  12:00:00,,,176740638.7896718,176740638.7896718 
 12/05  13:00:00,,,181531574.70806056,181531574.70806056 
 12/05  14:00:00,,,181326344.42290014,181326344.42290014 
 12/05  15:00:00,,,180088787.06780675,180088787.06780675 
 12/05  16:00:00,,,180184954.70492452,180184954.7049245 
 12/05  17:00:00,,,196863756.2492077,196863756.2492077 
 12/05  18:00:00,,,198682808.3545761,198682808.35457602 
 12/05  19:00:00,,,197013845.4036489,197013845.40364888 
 12/05  20:00:00,,,198406861.63024175,198406861.63024175 
 12/05  21:00:00,,,144851010.85508615,144851010.85508612 
 12/05  22:00:00,,,71738113.05496378,71738113.05496378 
 12/05  23:00:00,,,65256846.22775033,65256846.22775033 
 12/05  24:00:00,,,50986835.59072273,50986835.59072273 
 12/06  01:00:00,,,22858811.968541246,22858811.96854125 
 12/06  02:00:00,,,21577164.689358782,21577164.68935878 
 12/06  03:00:00,,,20372087.85277457,20372087.85277457 
 12/06  04:00:00,,,21705444.358254936,21705444.358254932 
 12/06  05:00:00,,,21662724.922242098,21662724.922242094 
 12/06  06:00:00,,,20657750.15665478,20657750.15665478 
 12/06  07:00:00,,,33881799.00964899,33881799.009648986 
 12/06  08:00:00,,,34565396.01904896,34565396.01904896 
 12/06  09:00:00,,,44835574.86912764,44835574.86912763 
 12/06  10:00:00,,,120496837.12966678,120496837.12966679 
 12/06  11:00:00,,,177936941.7269749,177936941.7269749 
 12/06  12:00:00,,,176217849.42546928,176217849.42546925 
 12/06  13:00:00,,,182281746.61416355,182281746.61416352 
 12/06  14:00:00,,,181215584.5230884,181215584.52308837 
 12/06  15:00:00,,,182488838.16615975,182488838.16615975 
 12/06  16:00:00,,,180241695.9115793,180241695.91157928 
 12/06  17:00:00,,,198628609.14824116,198628609.14824116 
 12/06  18:00:00,,,200852951.3407875,200852951.34078747 
 12/06  19:00:00,,,198232553.5140633,198232553.51406327 
 12/06  20:00:00,,,200959542.16415876,200959542.16415873 
 12/06  21:00:00,,,145020532.70796254,145020532.70796257 
 12/06  22:00:00,,,73949712.62490202,73949712.62490202 
 12/06  23:00:00,,,67036987.57008786,67036987.57008786 
 12/06  24:00:00,,,50588657.907697506,50588657.907697506 
 12/07  01:00:00,,,22172833.223921146,22172833.223921146 
 12/07  02:00:00,,,21131091.217414387,21131091.217414387 
 12/07  03:00:00,,,22335548.532221533,22335548.53222153 
 12/07  04:00:00,,,22685058.64248263,22685058.64248263 
 12/07  05:00:00,,,24839075.149397016,24839075.14939701 
 12/07  06:00:00,,,21474860.61976015,21474860.619760152 
 12/07  07:00:00,,,33258569.667679172,33258569.667679172 
 12/07  08:00:00,,,34147530.7210521,34147530.721052095 
 12/07  09:00:00,,,45806515.19299112,45806515.192991115 
 12/07  10:00:00,,,123704625.00115661,123704625.00115663 
 12/07  11:00:00,,,178561785.39594942,178561785.39594945 
 12/07  12:00:00,,,179015090.74666038,179015090.74666035 
 12/07  13:00:00,,,181166885.87119618,181166885.87119618 
 12/07  14:00:00,,,183936157.82829034,183936157.82829034 
 12/07  15:00:00,,,184279741.9428864,184279741.94288638 
 12/07  16:00:00,,,179796251.31802157,179796251.31802154 
 12/07  17:00:00,,,199416581.6132867,199416581.61328664 
 12/07  18:00:00,,,204465251.2398537,204465251.23985368 
 12/07  19:00:00,,,198085116.2434436,198085116.2434436 
 12/07  20:00:00,,,199715765.20530343,199715765.2053034 
 12/07  21:00:00,,,149366821.81545278,149366821.81545278 
 12/07  22:00:00,,,73780355.3028455,73780355.3028455 
 12/07  23:00:00,,,67193473.33619551,67193473.3361955 
 12/07  24:00:00,,,50578621.89558239,50578621.89558238 
 12/08  01:00:00,,,34791499.387198515,34791499.387198515 
 12/08  02:00:00,,,21134950.02929949,21134950.029299486 
 12/08  03:00:00,,,22253759.958568275,22253759.95856827 
 12/08  04:00:00,,,22808717.663286153,22808717.66328615 
 12/08  05:00:00,,,26196505.709112775,26196505.709112775 
 12/08  06:00:00,,,21705458.65515848,21705458.65515848 
 12/08  07:00:00,,,31983056.280950297,31983056.280950297 
 12/08  08:00:00,,,33265780.326790255,33265780.326790255 
 12/08  09:00:00,,,47124810.01809794,47124810.01809794 
 12/08  10:00:00,,,123179356.87975071,123179356.87975071 
 12/08  11:00:00,,,179136301.33927098,179136301.33927095 
 12/08  12:00:00,,,178203671.06997564,178203671.0699756 
 12/08  13:00:00,,,184401615.30028152,184401615.30028152 
 12/08  14:00:00,,,183355657.90126026,183355657.90126023 
 12/08  15:00:00,,,183646352.93730882,183646352.9373088 
 12/08  16:00:00,,,180454795.62220556,180454795.62220556 
 12/08  17:00:00,,,201630557.05553943,201630557.0555394 
 12/08  18:00:00,,,204207468.21497878,204207468.21497875 
 12/08  19:00:00,,,198865663.13221067,198865663.13221067 
 12/08  20:00:00,,,201578999.05854353,201578999.05854353 
 12/08  21:00:00,,,146484937.4525411,146484937.4525411 
 12/08  22:00:00,,,75078568.5677652,75078568.5677652 
 12/08  23:00:00,,,65884682.06392692,65884682.06392692 
 12/08  24:00:00,,,58863004.53803132,58863004.53803132 
 12/09  01:00:00,,,43903110.5128347,43903110.5128347 
 12/09  02:00:00,,,21900720.14185811,21900720.141858105 
 12/09  03:00:00,,,22042893.880428534,22042893.880428534 
 12/09  04:00:00,,,20763782.171383627,20763782.171383627 
 12/09  05:00:00,,,22252323.255867735,22252323.25586773 
 12/09  06:00:00,,,23449155.70919662,23449155.70919662 
 12/09  07:00:00,,,33033750.841184333,33033750.841184326 
 12/09  08:00:00,,,33485544.89517578,33485544.89517578 
 12/09  09:00:00,,,45940395.62221061,45940395.62221061 
 12/09  10:00:00,,,117759190.7098793,117759190.7098793 
 12/09  11:00:00,,,179171636.62271821,179171636.62271821 
 12/09  12:00:00,,,174755794.84975317,174755794.84975314 
 12/09  13:00:00,,,182648221.9575935,182648221.95759347 
 12/09  14:00:00,,,180977886.61186406,180977886.61186406 
 12/09  15:00:00,,,178227809.3030854,178227809.3030854 
 12/09  16:00:00,,,178127973.34427896,178127973.34427896 
 12/09  17:00:00,,,198655883.60256836,198655883.60256836 
 12/09  18:00:00,,,197063584.77687874,197063584.7768787 
 12/09  19:00:00,,,145509003.8500931,145509003.85009307 
 12/09  20:00:00,,,73080964.97722308,73080964.97722308 
 12/09  21:00:00,,,69993598.66766624,69993598.66766623 
 12/09  22:00:00,,,72833540.80224545,72833540.80224545 
 12/09  23:00:00,,,65135715.88081773,65135715.880817726 
 12/09  24:00:00,,,67934919.82702562,67934919.82702562 
 12/10  01:00:00,,,21865141.30561566,21865141.30561566 
 12/10  02:00:00,,,21902770.2455447,21902770.245544698 
 12/10  03:00:00,,,21026748.800636545,21026748.800636545 
 12/10  04:00:00,,,23571515.9645079,23571515.964507896 
 12/10  05:00:00,,,22547070.53201026,22547070.532010257 
 12/10  06:00:00,,,21269452.74395021,21269452.74395021 
 12/10  07:00:00,,,32366694.04027733,32366694.04027733 
 12/10  08:00:00,,,36183581.11572114,36183581.115721144 
 12/10  09:00:00,,,20856710.035648234,20856710.035648234 
 12/10  10:00:00,,,66349446.02329391,66349446.02329391 
 12/10  11:00:00,,,146160060.1920566,146160060.1920566 
 12/10  12:00:00,,,181261463.74491033,181261463.74491033 
 12/10  13:00:00,,,186020835.3935287,186020835.3935287 
 12/10  14:00:00,,,184246266.5143273,184246266.5143273 
 12/10  15:00:00,,,185535985.11761805,185535985.11761805 
 12/10  16:00:00,,,184684519.30084106,184684519.30084103 
 12/10  17:00:00,,,203734302.94225168,203734302.94225162 
 12/10  18:00:00,,,154745210.16509214,154745210.1650921 
 12/10  19:00:00,,,73150489.35109416,73150489.35109416 
 12/10  20:00:00,,,75460907.17580931,75460907.17580931 
 12/10  21:00:00,,,72588687.3832016,72588687.3832016 
 12/10  22:00:00,,,75086575.18130052,75086575.18130052 
 12/10  23:00:00,,,67359429.53038031,67359429.53038031 
 12/10  24:00:00,,,51666094.78091841,51666094.78091841 
 12/11  01:00:00,,,21382298.963261086,21382298.963261083 
 12/11  02:00:00,,,21813243.979345657,21813243.979345653 
 12/11  03:00:00,,,23779282.95728159,23779282.95728159 
 12/11  04:00:00,,,26847952.03096331,26847952.03096331 
 12/11  05:00:00,,,22550027.869692333,22550027.869692337 
 12/11  06:00:00,,,23146271.67186939,23146271.67186939 
 12/11  07:00:00,,,33256365.08232932,33256365.08232932 
 12/11  08:00:00,,,37651322.80237995,37651322.80237995 
 12/11  09:00:00,,,47855583.55105467,47855583.55105467 
 12/11  10:00:00,,,132035846.27278678,132035846.27278677 
 12/11  11:00:00,,,177913171.96675763,177913171.9667576 
 12/11  12:00:00,,,185017658.78262886,185017658.7826288 
 12/11  13:00:00,,,182319253.91148558,182319253.91148555 
 12/11  14:00:00,,,186762680.37204018,186762680.37204015 
 12/11  15:00:00,,,185479532.48617163,185479532.48617163 
 12/11  16:00:00,,,187143303.94653606,187143303.946536 
 12/11  17:00:00,,,200299089.96547043,200299089.96547037 
 12/11  18:00:00,,,207439623.4270708,207439623.42707077 
 12/11  19:00:00,,,204314288.1545186,204314288.1545186 
 12/11  20:00:00,,,202628415.5541753,202628415.55417526 
 12/11  21:00:00,,,154292350.32902882,154292350.3290288 
 12/11  22:00:00,,,70762597.9594045,70762597.95940448 
 12/11  23:00:00,,,67887620.515218,67887620.515218 
 12/11  24:00:00,,,52219149.20385201,52219149.20385203 
 12/12  01:00:00,,,22319780.56264975,22319780.56264974 
 12/12  02:00:00,,,20748734.32061216,20748734.32061216 
 12/12  03:00:00,,,22318217.76488407,22318217.764884066 
 12/12  04:00:00,,,23382232.28849597,23382232.288495965 
 12/12  05:00:00,,,22647637.460122343,22647637.46012234 
 12/12  06:00:00,,,22663202.4964611,22663202.4964611 
 12/12  07:00:00,,,32402829.369753245,32402829.36975325 
 12/12  08:00:00,,,37927607.345939085,37927607.345939085 
 12/12  09:00:00,,,48348467.01664352,48348467.01664351 
 12/12  10:00:00,,,128841536.63765863,128841536.63765861 
 12/12  11:00:00,,,180547045.8571355,180547045.85713547 
 12/12  12:00:00,,,182144708.93877202,182144708.938772 
 12/12  13:00:00,,,187270245.63419145,187270245.63419142 
 12/12  14:00:00,,,189255861.7607752,189255861.76077515 
 12/12  15:00:00,,,185399038.1590414,185399038.1590414 
 12/12  16:00:00,,,187095010.37709993,187095010.3770999 
 12/12  17:00:00,,,204641986.78985184,204641986.78985184 
 12/12  18:00:00,,,208643626.96217352,208643626.96217352 
 12/12  19:00:00,,,202727609.8103923,202727609.81039226 
 12/12  20:00:00,,,206028305.9621615,206028305.9621615 
 12/12  21:00:00,,,149675215.4693506,149675215.46935064 
 12/12  22:00:00,,,74091377.14230545,74091377.14230545 
 12/12  23:00:00,,,68300404.9925151,68300404.99251509 
 12/12  24:00:00,,,53009837.684706956,53009837.684706956 
 12/13  01:00:00,,,24054166.296570633,24054166.29657064 
 12/13  02:00:00,,,21989364.955300637,21989364.955300637 
 12/13  03:00:00,,,21578593.859172575,21578593.859172583 
 12/13  04:00:00,,,24608735.042986363,24608735.042986363 
 12/13  05:00:00,,,21583226.8896255,21583226.8896255 
 12/13  06:00:00,,,23198183.85637845,23198183.856378455 
 12/13  07:00:00,,,33637612.060151435,33637612.06015143 
 12/13  08:00:00,,,40317107.316831425,40317107.316831425 
 12/13  09:00:00,,,45739560.5832049,45739560.5832049 
 12/13  10:00:00,,,127855561.91378884,127855561.91378883 
 12/13  11:00:00,,,179776176.8031085,179776176.80310848 
 12/13  12:00:00,,,183075220.05645448,183075220.05645445 
 12/13  13:00:00,,,184664976.68153355,184664976.68153352 
 12/13  14:00:00,,,185316368.47316468,185316368.47316468 
 12/13  15:00:00,,,185718525.1726889,185718525.1726889 
 12/13  16:00:00,,,186167637.01319328,186167637.01319325 
 12/13  17:00:00,,,200349155.9497415,200349155.94974145 
 12/13  18:00:00,,,203626177.0319239,203626177.03192386 
 12/13  19:00:00,,,202371515.51421326,202371515.51421323 
 12/13  20:00:00,,,201123754.57741755,201123754.57741755 
 12/13  21:00:00,,,148205828.70418036,148205828.70418036 
 12/13  22:00:00,,,74043557.04040815,74043557.04040813 
 12/13  23:00:00,,,65938297.85496229,65938297.85496228 
 12/13  24:00:00,,,50484747.61449914,50484747.61449914 
 12/14  01:00:00,,,21139498.870413303,21139498.870413303 
 12/14  02:00:00,,,22201757.41069906,22201757.41069905 
 12/14  03:00:00,,,24178173.652306635,24178173.652306635 
 12/14  04:00:00,,,24190322.609678984,24190322.609678984 
 12/14  05:00:00,,,23167320.46957851,23167320.46957851 
 12/14  06:00:00,,,21503572.855370652,21503572.855370652 
 12/14  07:00:00,,,33931316.84867265,33931316.84867264 
 12/14  08:00:00,,,36569467.90460037,36569467.90460036 
 12/14  09:00:00,,,47385903.06063443,47385903.060634434 
 12/14  10:00:00,,,130785564.28194073,130785564.28194073 
 12/14  11:00:00,,,179236530.7654851,179236530.7654851 
 12/14  12:00:00,,,184842389.84527758,184842389.84527758 
 12/14  13:00:00,,,183309576.34317452,183309576.3431745 
 12/14  14:00:00,,,189161689.2090698,189161689.2090698 
 12/14  15:00:00,,,186630408.49532896,186630408.49532896 
 12/14  16:00:00,,,189634597.85197294,189634597.85197294 
 12/14  17:00:00,,,201483537.33047307,201483537.330473 
 12/14  18:00:00,,,209848731.21233916,209848731.21233913 
 12/14  19:00:00,,,208226740.3924898,208226740.3924898 
 12/14  20:00:00,,,202367674.13466123,202367674.1346612 
 12/14  21:00:00,,,155266940.8827683,155266940.8827683 
 12/14  22:00:00,,,71283711.98525728,71283711.98525728 
 12/14  23:00:00,,,69734835.26417246,69734835.26417248 
 12/14  24:00:00,,,52196313.54556309,52196313.54556309 
 12/15  01:00:00,,,36562587.02746609,36562587.02746609 
 12/15  02:00:00,,,21273137.71698782,21273137.71698782 
 12/15  03:00:00,,,25003305.662361242,25003305.662361242 
 12/15  04:00:00,,,23893937.05912586,23893937.05912586 
 12/15  05:00:00,,,21671252.732414525,21671252.732414525 
 12/15  06:00:00,,,21872554.11714711,21872554.11714711 
 12/15  07:00:00,,,33695861.9641337,33695861.964133695 
 12/15  08:00:00,,,38125057.85822355,38125057.85822354 
 12/15  09:00:00,,,47581227.18576347,47581227.18576347 
 12/15  10:00:00,,,129741905.04887,129741905.04886997 
 12/15  11:00:00,,,180769707.04254535,180769707.0425453 
 12/15  12:00:00,,,182848469.25686762,182848469.25686762 
 12/15  13:00:00,,,183070463.18818322,183070463.18818322 
 12/15  14:00:00,,,187567298.8187402,187567298.81874016 
 12/15  15:00:00,,,185713914.51131663,185713914.51131663 
 12/15  16:00:00,,,182711260.88596365,182711260.88596365 
 12/15  17:00:00,,,199385894.7947861,199385894.7947861 
 12/15  18:00:00,,,204032599.7218693,204032599.7218693 
 12/15  19:00:00,,,200864702.43781263,200864702.4378126 
 12/15  20:00:00,,,199695563.57159436,199695563.57159433 
 12/15  21:00:00,,,148544590.84073022,148544590.8407302 
 12/15  22:00:00,,,71969320.24678075,71969320.24678075 
 12/15  23:00:00,,,69739860.18232703,69739860.18232702 
 12/15  24:00:00,,,58554359.56767303,58554359.56767303 
 12/16  01:00:00,,,42899139.41957609,42899139.419576086 
 12/16  02:00:00,,,21650679.996982306,21650679.996982306 
 12/16  03:00:00,,,22417219.108702373,22417219.10870237 
 12/16  04:00:00,,,24124989.05946014,24124989.059460133 
 12/16  05:00:00,,,23713577.27656942,23713577.27656942 
 12/16  06:00:00,,,21657463.716417186,21657463.716417186 
 12/16  07:00:00,,,34376621.113373645,34376621.113373645 
 12/16  08:00:00,,,36423296.75707309,36423296.75707309 
 12/16  09:00:00,,,43979804.18393986,43979804.18393986 
 12/16  10:00:00,,,125176756.20547104,125176756.20547101 
 12/16  11:00:00,,,176728939.12663013,176728939.1266301 
 12/16  12:00:00,,,178198133.79947555,178198133.79947555 
 12/16  13:00:00,,,179947563.30948684,179947563.30948684 
 12/16  14:00:00,,,182821760.90736607,182821760.90736604 
 12/16  15:00:00,,,183329734.78852835,183329734.78852832 
 12/16  16:00:00,,,178426109.11553395,178426109.11553395 
 12/16  17:00:00,,,197116407.87286445,197116407.87286445 
 12/16  18:00:00,,,205200107.812907,205200107.812907 
 12/16  19:00:00,,,146979314.8378158,146979314.83781576 
 12/16  20:00:00,,,72582552.59242235,72582552.59242234 
 12/16  21:00:00,,,72321406.54259548,72321406.54259548 
 12/16  22:00:00,,,71827930.99162504,71827930.99162504 
 12/16  23:00:00,,,66828020.72206013,66828020.722060114 
 12/16  24:00:00,,,66887188.37607243,66887188.37607242 
 12/17  01:00:00,,,21926536.05804969,21926536.058049686 
 12/17  02:00:00,,,23186357.88743665,23186357.88743665 
 12/17  03:00:00,,,20810565.527968667,20810565.527968667 
 12/17  04:00:00,,,21983901.861116458,21983901.861116454 
 12/17  05:00:00,,,22100948.909662366,22100948.909662366 
 12/17  06:00:00,,,22075112.951664943,22075112.951664943 
 12/17  07:00:00,,,32766256.265021503,32766256.265021503 
 12/17  08:00:00,,,31397381.31804832,31397381.31804832 
 12/17  09:00:00,,,21284286.515496284,21284286.51549628 
 12/17  10:00:00,,,65406055.15180589,65406055.15180588 
 12/17  11:00:00,,,141882823.53905752,141882823.53905752 
 12/17  12:00:00,,,174463532.18724388,174463532.18724388 
 12/17  13:00:00,,,180746397.8140998,180746397.8140998 
 12/17  14:00:00,,,177126798.6427508,177126798.64275077 
 12/17  15:00:00,,,180473709.66751885,180473709.66751882 
 12/17  16:00:00,,,176880366.3117642,176880366.31176418 
 12/17  17:00:00,,,198661742.06587997,198661742.06587994 
 12/17  18:00:00,,,150910825.41805,150910825.41805 
 12/17  19:00:00,,,72323258.77019115,72323258.77019115 
 12/17  20:00:00,,,69677299.23518881,69677299.23518881 
 12/17  21:00:00,,,73182715.65291046,73182715.65291046 
 12/17  22:00:00,,,69570104.24331659,69570104.24331658 
 12/17  23:00:00,,,65407837.262693,65407837.26269301 
 12/17  24:00:00,,,51458320.201690085,51458320.20169009 
 12/18  01:00:00,,,22591199.80599978,22591199.80599978 
 12/18  02:00:00,,,23075506.60021113,23075506.600211125 
 12/18  03:00:00,,,20387069.54594585,20387069.545945846 
 12/18  04:00:00,,,20661985.32253539,20661985.32253539 
 12/18  05:00:00,,,21697263.972286746,21697263.972286746 
 12/18  06:00:00,,,20778468.02959705,20778468.029597048 
 12/18  07:00:00,,,33821937.75943516,33821937.75943516 
 12/18  08:00:00,,,38099134.5770439,38099134.5770439 
 12/18  09:00:00,,,46350163.481058545,46350163.48105854 
 12/18  10:00:00,,,119303632.76710802,119303632.767108 
 12/18  11:00:00,,,179202119.04827952,179202119.04827952 
 12/18  12:00:00,,,174964619.88399208,174964619.88399208 
 12/18  13:00:00,,,183338716.765018,183338716.76501793 
 12/18  14:00:00,,,180556637.74400756,180556637.74400753 
 12/18  15:00:00,,,180433656.0786037,180433656.0786037 
 12/18  16:00:00,,,181141402.21859804,181141402.218598 
 12/18  17:00:00,,,197419558.9981391,197419558.99813908 
 12/18  18:00:00,,,197675133.10780317,197675133.10780317 
 12/18  19:00:00,,,196796972.84845808,196796972.84845805 
 12/18  20:00:00,,,200638299.35173145,200638299.35173142 
 12/18  21:00:00,,,143261936.46798006,143261936.46798006 
 12/18  22:00:00,,,71750316.85171033,71750316.85171032 
 12/18  23:00:00,,,66381692.833983995,66381692.83398399 
 12/18  24:00:00,,,49560020.052481316,49560020.052481316 
 12/19  01:00:00,,,22915101.888073903,22915101.8880739 
 12/19  02:00:00,,,21658618.543668088,21658618.543668088 
 12/19  03:00:00,,,20575525.20489208,20575525.204892084 
 12/19  04:00:00,,,22351678.805483013,22351678.805483013 
 12/19  05:00:00,,,21366432.026173424,21366432.026173424 
 12/19  06:00:00,,,21884177.164895613,21884177.16489561 
 12/19  07:00:00,,,31461977.643221747,31461977.643221747 
 12/19  08:00:00,,,38936245.71555944,38936245.71555944 
 12/19  09:00:00,,,45468230.4745382,45468230.4745382 
 12/19  10:00:00,,,121965090.11982381,121965090.1198238 
 12/19  11:00:00,,,174420764.33904403,174420764.339044 
 12/19  12:00:00,,,181658794.1210334,181658794.12103337 
 12/19  13:00:00,,,178784299.88827732,178784299.8882773 
 12/19  14:00:00,,,182154512.07310075,182154512.07310075 
 12/19  15:00:00,,,180823889.3038549,180823889.30385488 
 12/19  16:00:00,,,183648415.9803245,183648415.98032448 
 12/19  17:00:00,,,195359708.2412941,195359708.2412941 
 12/19  18:00:00,,,200050020.35455897,200050020.35455894 
 12/19  19:00:00,,,201605771.63077772,201605771.63077766 
 12/19  20:00:00,,,195572277.3633759,195572277.3633759 
 12/19  21:00:00,,,148870195.1640786,148870195.16407862 
 12/19  22:00:00,,,69867422.00693382,69867422.00693382 
 12/19  23:00:00,,,68840004.78309761,68840004.78309761 
 12/19  24:00:00,,,51892243.53275028,51892243.53275027 
 12/20  01:00:00,,,22573142.7762665,22573142.7762665 
 12/20  02:00:00,,,20802390.022560157,20802390.022560157 
 12/20  03:00:00,,,23694692.139254786,23694692.139254786 
 12/20  04:00:00,,,23410324.197321773,23410324.19732177 
 12/20  05:00:00,,,21398574.021698438,21398574.021698438 
 12/20  06:00:00,,,20967287.63613928,20967287.636139274 
 12/20  07:00:00,,,33513934.368865803,33513934.368865803 
 12/20  08:00:00,,,37190304.361954205,37190304.3619542 
 12/20  09:00:00,,,46448163.52180276,46448163.52180276 
 12/20  10:00:00,,,127419717.27959207,127419717.27959205 
 12/20  11:00:00,,,178388116.5305353,178388116.5305353 
 12/20  12:00:00,,,181312022.76754022,181312022.76754022 
 12/20  13:00:00,,,182517044.765582,182517044.76558197 
 12/20  14:00:00,,,186122370.70178884,186122370.70178884 
 12/20  15:00:00,,,183521818.49908406,183521818.49908403 
 12/20  16:00:00,,,183360774.85122317,183360774.85122317 
 12/20  17:00:00,,,199272275.54319593,199272275.5431959 
 12/20  18:00:00,,,202707624.0822897,202707624.08228967 
 12/20  19:00:00,,,200310769.72087342,200310769.7208734 
 12/20  20:00:00,,,200581046.09514794,200581046.09514788 
 12/20  21:00:00,,,146768727.7661107,146768727.76611066 
 12/20  22:00:00,,,71097989.42579795,71097989.42579795 
 12/20  23:00:00,,,69255722.34296378,69255722.34296378 
 12/20  24:00:00,,,51339954.886017196,51339954.88601719 
 12/21  01:00:00,,,20871848.937315986,20871848.937315986 
 12/21  02:00:00,,,20410797.16553231,20410797.165532306 
 12/21  03:00:00,,,22038432.13154053,22038432.131540533 
 12/21  04:00:00,,,20730058.752253927,20730058.752253927 
 12/21  05:00:00,,,23309810.120225854,23309810.120225854 
 12/21  06:00:00,,,22025723.799493834,22025723.799493827 
 12/21  07:00:00,,,34362781.647401504,34362781.647401504 
 12/21  08:00:00,,,36919683.56059519,36919683.56059519 
 12/21  09:00:00,,,44093481.54262106,44093481.54262106 
 12/21  10:00:00,,,123543932.92638192,123543932.9263819 
 12/21  11:00:00,,,178161829.71125004,178161829.71125 
 12/21  12:00:00,,,174682614.42219934,174682614.42219934 
 12/21  13:00:00,,,180034352.19629535,180034352.19629535 
 12/21  14:00:00,,,182216570.8303251,182216570.83032507 
 12/21  15:00:00,,,182366031.30785325,182366031.30785322 
 12/21  16:00:00,,,177111975.7431631,177111975.7431631 
 12/21  17:00:00,,,196796664.10095543,196796664.10095537 
 12/21  18:00:00,,,203523666.95074347,203523666.95074344 
 12/21  19:00:00,,,194787417.54955932,194787417.5495593 
 12/21  20:00:00,,,198295475.99376985,198295475.99376985 
 12/21  21:00:00,,,145790752.8330707,145790752.83307067 
 12/21  22:00:00,,,71969207.12069786,71969207.12069786 
 12/21  23:00:00,,,66218927.87360597,66218927.87360597 
 12/21  24:00:00,,,50640437.674554065,50640437.674554065 
 12/22  01:00:00,,,32183145.266491987,32183145.266491983 
 12/22  02:00:00,,,22863737.508511126,22863737.508511126 
 12/22  03:00:00,,,20226038.46844063,20226038.46844063 
 12/22  04:00:00,,,21620163.77419413,21620163.77419413 
 12/22  05:00:00,,,21628836.909605574,21628836.909605574 
 12/22  06:00:00,,,24132885.630685456,24132885.630685456 
 12/22  07:00:00,,,31108103.303729393,31108103.303729393 
 12/22  08:00:00,,,35326935.5403137,35326935.5403137 
 12/22  09:00:00,,,44056517.935772665,44056517.93577266 
 12/22  10:00:00,,,118844239.33198975,118844239.33198975 
 12/22  11:00:00,,,178050067.52023956,178050067.52023956 
 12/22  12:00:00,,,173980710.88520598,173980710.88520598 
 12/22  13:00:00,,,182112905.7718575,182112905.77185747 
 12/22  14:00:00,,,179225061.20684907,179225061.20684907 
 12/22  15:00:00,,,180825017.6097704,180825017.60977042 
 12/22  16:00:00,,,175977359.47054073,175977359.4705407 
 12/22  17:00:00,,,198400632.1995,198400632.1995 
 12/22  18:00:00,,,198524281.08101353,198524281.0810135 
 12/22  19:00:00,,,194524490.45160457,194524490.45160455 
 12/22  20:00:00,,,197714373.48461416,197714373.48461416 
 12/22  21:00:00,,,143392205.3560293,143392205.35602927 
 12/22  22:00:00,,,73699787.8739008,73699787.8739008 
 12/22  23:00:00,,,66564422.9134595,66564422.9134595 
 12/22  24:00:00,,,58102685.03388535,58102685.03388533 
 12/23  01:00:00,,,44364308.71390263,44364308.71390263 
 12/23  02:00:00,,,20233833.918243814,20233833.91824381 
 12/23  03:00:00,,,20484583.713909134,20484583.713909134 
 12/23  04:00:00,,,20144442.6870165,20144442.6870165 
 12/23  05:00:00,,,23709053.57693677,23709053.57693677 
 12/23  06:00:00,,,23331796.06893003,23331796.06893003 
 12/23  07:00:00,,,31346129.989994198,31346129.989994198 
 12/23  08:00:00,,,35958984.27175625,35958984.27175625 
 12/23  09:00:00,,,47636432.94141925,47636432.94141925 
 12/23  10:00:00,,,117833742.99517643,117833742.99517643 
 12/23  11:00:00,,,178172199.746742,178172199.746742 
 12/23  12:00:00,,,175046112.1644115,175046112.16441146 
 12/23  13:00:00,,,179161829.59451106,179161829.59451106 
 12/23  14:00:00,,,181422549.9942037,181422549.99420366 
 12/23  15:00:00,,,178750967.40701556,178750967.4070156 
 12/23  16:00:00,,,177603961.59526172,177603961.59526172 
 12/23  17:00:00,,,195675613.2166045,195675613.2166045 
 12/23  18:00:00,,,200423670.61360794,200423670.6136079 
 12/23  19:00:00,,,143300539.25288644,143300539.25288644 
 12/23  20:00:00,,,73908942.90575057,73908942.90575056 
 12/23  21:00:00,,,68726670.6795868,68726670.6795868 
 12/23  22:00:00,,,72779780.03531207,72779780.03531207 
 12/23  23:00:00,,,66023620.69873109,66023620.69873108 
 12/23  24:00:00,,,67656977.64469902,67656977.64469904 
 12/24  01:00:00,,,20074568.732422814,20074568.732422814 
 12/24  02:00:00,,,20245268.36828765,20245268.368287653 
 12/24  03:00:00,,,23851883.83280123,23851883.83280123 
 12/24  04:00:00,,,20442165.103089575,20442165.10308957 
 12/24  05:00:00,,,21476213.195954192,21476213.195954196 
 12/24  06:00:00,,,20805208.97242131,20805208.97242131 
 12/24  07:00:00,,,34113080.33226297,34113080.33226297 
 12/24  08:00:00,,,31625051.39515654,31625051.39515654 
 12/24  09:00:00,,,21837914.551549774,21837914.55154977 
 12/24  10:00:00,,,65732400.78362,65732400.78361999 
 12/24  11:00:00,,,140680515.4048136,140680515.4048136 
 12/24  12:00:00,,,173782009.28969195,173782009.28969195 
 12/24  13:00:00,,,182196502.14633214,182196502.14633214 
 12/24  14:00:00,,,176858533.46306586,176858533.46306586 
 12/24  15:00:00,,,180437397.6874649,180437397.68746486 
 12/24  16:00:00,,,176415507.16172734,176415507.16172734 
 12/24  17:00:00,,,196753790.6291059,196753790.62910593 
 12/24  18:00:00,,,145554739.5635988,145554739.5635988 
 12/24  19:00:00,,,75883034.81388953,75883034.81388953 
 12/24  20:00:00,,,69602429.85235572,69602429.85235572 
 12/24  21:00:00,,,71953532.6753424,71953532.6753424 
 12/24  22:00:00,,,69534422.91822767,69534422.91822767 
 12/24  23:00:00,,,66748828.544346556,66748828.54434655 
 12/24  24:00:00,,,49438133.83060313,49438133.83060312 
 12/25  01:00:00,,,23849038.307672657,23849038.307672653 
 12/25  02:00:00,,,23102848.29427091,23102848.29427091 
 12/25  03:00:00,,,22200839.367424835,22200839.367424835 
 12/25  04:00:00,,,20924448.5372975,20924448.5372975 
 12/25  05:00:00,,,21034957.519633904,21034957.519633904 
 12/25  06:00:00,,,22176325.614637885,22176325.614637885 
 12/25  07:00:00,,,31830618.88001103,31830618.88001103 
 12/25  08:00:00,,,35456125.987762436,35456125.98776243 
 12/25  09:00:00,,,22396965.58411247,22396965.584112465 
 12/25  10:00:00,,,67027878.893408194,67027878.89340818 
 12/25  11:00:00,,,137763904.74282894,137763904.74282897 
 12/25  12:00:00,,,174500265.16093847,174500265.16093844 
 12/25  13:00:00,,,180017441.21061587,180017441.21061584 
 12/25  14:00:00,,,177573840.73219448,177573840.73219448 
 12/25  15:00:00,,,179040953.54639387,179040953.54639384 
 12/25  16:00:00,,,177776851.95572147,177776851.95572144 
 12/25  17:00:00,,,195718000.9186207,195718000.91862068 
 12/25  18:00:00,,,148367482.02716273,148367482.02716273 
 12/25  19:00:00,,,73568654.4551783,73568654.45517832 
 12/25  20:00:00,,,69632697.30216333,69632697.30216333 
 12/25  21:00:00,,,70483139.3132246,70483139.31322458 
 12/25  22:00:00,,,73296748.22647294,73296748.22647293 
 12/25  23:00:00,,,65352516.21336936,65352516.213369355 
 12/25  24:00:00,,,49927165.82648005,49927165.82648005 
 12/26  01:00:00,,,22175366.573699463,22175366.57369946 
 12/26  02:00:00,,,24678789.873945773,24678789.873945773 
 12/26  03:00:00,,,21229274.12266972,21229274.12266972 
 12/26  04:00:00,,,21186451.968281977,21186451.968281973 
 12/26  05:00:00,,,22740236.79374309,22740236.79374309 
 12/26  06:00:00,,,22723458.65465906,22723458.65465906 
 12/26  07:00:00,,,33693850.03580874,33693850.03580874 
 12/26  08:00:00,,,37500984.355586246,37500984.35558625 
 12/26  09:00:00,,,52354307.38977476,52354307.38977476 
 12/26  10:00:00,,,124334335.1704985,124334335.17049849 
 12/26  11:00:00,,,179023554.9291947,179023554.9291947 
 12/26  12:00:00,,,182348237.56235623,182348237.56235623 
 12/26  13:00:00,,,184545948.21032518,184545948.21032515 
 12/26  14:00:00,,,185676000.5402398,185676000.5402398 
 12/26  15:00:00,,,187995739.12254125,187995739.12254122 
 12/26  16:00:00,,,187031969.7658114,187031969.7658114 
 12/26  17:00:00,,,201694035.233323,201694035.23332298 
 12/26  18:00:00,,,205389964.58620107,205389964.58620104 
 12/26  19:00:00,,,204332646.66141427,204332646.6614142 
 12/26  20:00:00,,,202429746.23304877,202429746.23304877 
 12/26  21:00:00,,,151367747.47327733,151367747.47327733 
 12/26  22:00:00,,,72978791.23290002,72978791.23290002 
 12/26  23:00:00,,,67315263.36224803,67315263.36224803 
 12/26  24:00:00,,,50404917.25876785,50404917.25876785 
 12/27  01:00:00,,,24082204.244809173,24082204.244809173 
 12/27  02:00:00,,,23537035.759285986,23537035.759285986 
 12/27  03:00:00,,,24083270.32781746,24083270.32781746 
 12/27  04:00:00,,,24699139.196750462,24699139.196750462 
 12/27  05:00:00,,,21776050.520664,21776050.520664 
 12/27  06:00:00,,,22156472.884862762,22156472.88486276 
 12/27  07:00:00,,,32578653.79483558,32578653.794835582 
 12/27  08:00:00,,,39274779.055427566,39274779.055427566 
 12/27  09:00:00,,,51993338.6209478,51993338.62094779 
 12/27  10:00:00,,,128005655.10966115,128005655.10966112 
 12/27  11:00:00,,,181484728.55233207,181484728.55233207 
 12/27  12:00:00,,,185513988.98152712,185513988.98152712 
 12/27  13:00:00,,,187938286.09802407,187938286.09802407 
 12/27  14:00:00,,,190955300.68454337,190955300.68454334 
 12/27  15:00:00,,,186753018.0271026,186753018.0271026 
 12/27  16:00:00,,,189085468.50677907,189085468.50677907 
 12/27  17:00:00,,,203671811.224504,203671811.22450396 
 12/27  18:00:00,,,207151941.19470295,207151941.19470292 
 12/27  19:00:00,,,205320367.92245895,205320367.9224589 
 12/27  20:00:00,,,202680663.02970022,202680663.02970022 
 12/27  21:00:00,,,150197499.7934989,150197499.7934989 
 12/27  22:00:00,,,72698049.14716402,72698049.14716402 
 12/27  23:00:00,,,70543924.0988158,70543924.0988158 
 12/27  24:00:00,,,52651114.87655996,52651114.87655996 
 12/28  01:00:00,,,21420740.80463978,21420740.80463978 
 12/28  02:00:00,,,21797491.314776707,21797491.314776704 
 12/28  03:00:00,,,22756991.807300497,22756991.807300497 
 12/28  04:00:00,,,24500004.564868208,24500004.564868204 
 12/28  05:00:00,,,21645886.268307246,21645886.268307246 
 12/28  06:00:00,,,23352329.41926294,23352329.41926294 
 12/28  07:00:00,,,34902596.5451186,34902596.5451186 
 12/28  08:00:00,,,37779968.87205155,37779968.87205155 
 12/28  09:00:00,,,48547420.56575708,48547420.56575707 
 12/28  10:00:00,,,128098020.63278091,128098020.63278091 
 12/28  11:00:00,,,180401639.23379704,180401639.23379704 
 12/28  12:00:00,,,180840815.14356107,180840815.14356107 
 12/28  13:00:00,,,182744213.15515476,182744213.1551548 
 12/28  14:00:00,,,187709951.24982774,187709951.24982774 
 12/28  15:00:00,,,188143860.3549233,188143860.35492328 
 12/28  16:00:00,,,185718139.41941297,185718139.41941297 
 12/28  17:00:00,,,198556657.6070409,198556657.6070409 
 12/28  18:00:00,,,208444915.35844338,208444915.35844335 
 12/28  19:00:00,,,201455887.5902962,201455887.59029615 
 12/28  20:00:00,,,199925874.50906116,199925874.50906113 
 12/28  21:00:00,,,151824586.74873614,151824586.7487361 
 12/28  22:00:00,,,72179015.39615576,72179015.39615576 
 12/28  23:00:00,,,70491878.73200089,70491878.73200089 
 12/28  24:00:00,,,50427110.08286629,50427110.08286629 
 12/29  01:00:00,,,34053727.39113568,34053727.39113568 
 12/29  02:00:00,,,24409708.196764763,24409708.196764763 
 12/29  03:00:00,,,22862994.570038866,22862994.570038863 
 12/29  04:00:00,,,24741165.177335676,24741165.177335676 
 12/29  05:00:00,,,21621798.481177818,21621798.481177818 
 12/29  06:00:00,,,24775053.36422312,24775053.364223115 
 12/29  07:00:00,,,32500173.455863275,32500173.45586327 
 12/29  08:00:00,,,37046869.29420005,37046869.29420005 
 12/29  09:00:00,,,49599399.26084552,49599399.26084551 
 12/29  10:00:00,,,126760411.55364706,126760411.55364704 
 12/29  11:00:00,,,180474062.0141033,180474062.0141033 
 12/29  12:00:00,,,181060514.21833116,181060514.21833116 
 12/29  13:00:00,,,185464025.12102428,185464025.12102425 
 12/29  14:00:00,,,186206592.8197334,186206592.81973338 
 12/29  15:00:00,,,186120677.90661168,186120677.90661165 
 12/29  16:00:00,,,183615686.23602265,183615686.23602262 
 12/29  17:00:00,,,201496190.7068405,201496190.70684043 
 12/29  18:00:00,,,204807599.2885658,204807599.28856575 
 12/29  19:00:00,,,200180431.55303046,200180431.55303046 
 12/29  20:00:00,,,201294312.15795445,201294312.15795442 
 12/29  21:00:00,,,148686948.00366634,148686948.0036663 
 12/29  22:00:00,,,71674199.23162994,71674199.23162994 
 12/29  23:00:00,,,68405755.8254371,68405755.8254371 
 12/29  24:00:00,,,58369336.82099724,58369336.82099724 
 12/30  01:00:00,,,44143954.97437319,44143954.97437319 
 12/30  02:00:00,,,21292015.57235771,21292015.572357707 
 12/30  03:00:00,,,22129116.47984586,22129116.47984586 
 12/30  04:00:00,,,23881231.35425528,23881231.354255285 
 12/30  05:00:00,,,22702692.80579325,22702692.80579325 
 12/30  06:00:00,,,21969976.843490113,21969976.843490113 
 12/30  07:00:00,,,31677744.685605567,31677744.685605567 
 12/30  08:00:00,,,38756666.04473417,38756666.04473417 
 12/30  09:00:00,,,47222440.62118749,47222440.621187486 
 12/30  10:00:00,,,124892369.04776424,124892369.04776424 
 12/30  11:00:00,,,176237536.26897383,176237536.26897383 
 12/30  12:00:00,,,181766827.9395738,181766827.93957376 
 12/30  13:00:00,,,179197321.90100127,179197321.90100127 
 12/30  14:00:00,,,184421189.2529453,184421189.25294527 
 12/30  15:00:00,,,182805900.73913962,182805900.7391396 
 12/30  16:00:00,,,184532475.45808926,184532475.45808923 
 12/30  17:00:00,,,194323366.36782825,194323366.36782822 
 12/30  18:00:00,,,204245883.106507,204245883.106507 
 12/30  19:00:00,,,150925435.62075382,150925435.62075382 
 12/30  20:00:00,,,71644754.81036574,71644754.81036574 
 12/30  21:00:00,,,72184464.89638163,72184464.89638163 
 12/30  22:00:00,,,71040352.84072122,71040352.84072122 
 12/30  23:00:00,,,68112575.79241695,68112575.79241695 
 12/30  24:00:00,,,66147107.63382984,66147107.63382985 
 12/31  01:00:00,,,20470130.859352108,20470130.85935211 
 12/31  02:00:00,,,25076486.07901132,25076486.07901132 
 12/31  03:00:00,,,20778238.146480903,20778238.146480903 
 12/31  04:00:00,,,23894093.45990531,23894093.459905304 
 12/31  05:00:00,,,22016147.917400263,22016147.917400263 
 12/31  06:00:00,,,22552132.628985323,22552132.62898532 
 12/31  07:00:00,,,31550779.70987632,31550779.70987632 
 12/31  08:00:00,,,32130721.234685015,32130721.23468501 
 12/31  09:00:00,,,24856890.971150488,24856890.971150488 
 12/31  10:00:00,,,68788895.19557184,68788895.19557184 
 12/31  11:00:00,,,136211552.70096853,136211552.70096853 
 12/31  12:00:00,,,178007543.3506461,178007543.35064605 
 12/31  13:00:00,,,179195096.28865674,179195096.28865674 
 12/31  14:00:00,,,180974297.4399404,180974297.4399404 
 12/31  15:00:00,,,180260515.50862834,180260515.5086283 
 12/31  16:00:00,,,184693223.7670428,184693223.76704276 
 12/31  17:00:00,,,197301511.48776734,197301511.4877673 
 12/31  18:00:00,,,155968798.63138402,155968798.63138407 
 12/31  19:00:00,,,71041589.20967482,71041589.20967482 
 12/31  20:00:00,,,73277995.10056815,73277995.10056815 
 12/31  21:00:00,,,70544784.51955618,70544784.51955616 
 12/31  22:00:00,,,71441127.28303131,71441127.28303131 
 12/31  23:00:00,,,70097640.39018513,70097640.39018513 
 12/31  24:00:00,76546585521.80138,421145751573.7151,49535107.82481735,49535107.82481735 
