Program Version,EnergyPlus, Version 22.1.0-ed759b17ee, YMD=2026.07.28 20:30,
   ************* Beginning Zone Sizing Calculations
   ** Warning ** Weather file location will be used rather than entered (IDF) Location object.
   **   ~~~   ** ..Location object=BUFFALO.NIAGARA.INTL.AP_NY_USA WMO=725280
   **   ~~~   ** ..Weather File Location=INTERNATIONAL_FALLS MN USA TMY2-14918 WMO#=727470
   **   ~~~   ** ..due to location differences, Latitude difference=[5.63] degrees, Longitude difference=[14.64] degrees.
   **   ~~~   ** ..Time Zone difference=[1.0] hour(s), Elevation difference=[67.91] percent, [146.00] meters.
   ** Warning ** CheckUsedConstructions: There are 31 nominally unused constructions in input.
   **   ~~~   ** Each Unused construction is shown.
   ************* Construction=AIR_WALL
   ************* Construction=DROPCEILING
   ************* Construction=OPAQUEDOOR
   ************* Construction=EXT_SLAB_8IN_WITH_CARPET
   ************* Construction=EXT_SLAB_8IN
   ************* Construction=EXT_SLAB_6IN_WITH_CARPET
   ************* Construction=EXT_SLAB_6IN
   ************* Construction=INT_SLAB_FLOOR
   ************* Construction=INT_SLAB_CEILING
   ************* Construction=BASEMENT_WALL
   ************* Construction=INT_WOOD_FLOOR
   ************* Construction=EXT_SOFFIT_FLOOR
   ************* Construction=RES_ROOF
   ************* Construction=SEMIHEATED_ROOF
   ************* Construction=RES_ROOF_FLOOR
   ************* Construction=SEMIHEATED_ROOF_FLOOR
   ************* Construction=NONRES_EXT_WALL_MID
   ************* Construction=NONRES_EXT_WALL_TOP
   ************* Construction=RES_EXT_WALL_GRD
   ************* Construction=RES_EXT_WALL_MID
   ************* Construction=RES_EXT_WALL_TOP
   ************* Construction=SEMIHEATED_EXT_WALL_GRD
   ************* Construction=SEMIHEATED_EXT_WALL_MID
   ************* Construction=SEMIHEATED_EXT_WALL_TOP
   ************* Construction=NONRES_FLOOR
   ************* Construction=RES_FLOOR
   ************* Construction=SEMIHEATED_FLOOR
   ************* Construction=NONRES_FLOOR_CEILING
   ************* Construction=RES_FLOOR_CEILING
   ************* Construction=SEMIHEATED_FLOOR_CEILING
   ************* Construction=NONRESWINDOW_U_0.362_SHGC_NORTH_0.379
   ** Warning ** GetDaylightingControls: Fraction of zone or space controlled by the Daylighting reference points is < 1.0.
   **   ~~~   ** ..discovered in Daylighting:Controls="DINING_DAYLCTRL", only 0.760 of the zone or space is controlled.
   ** Warning ** Calculated design heating load for zone=KITCHEN is zero.
   **   ~~~   ** Check Sizing:Zone and ZoneControl:Thermostat inputs.
   ************* Beginning System Sizing Calculations
   ************* Beginning Plant Sizing Calculations
   ************* SizeDXCoil: Potential issue with equipment sizing for Coil:Cooling:DX:MultiSpeed PSZ-AC_1:1 COOLING COIL
   **   ~~~   ** User-Specified Speed 2 Rated Air Flow Rate [m3/s] = 1.57916
   **   ~~~   ** differs from Design Size Speed 2 Rated Air Flow Rate [m3/s] = 0.86215
   **   ~~~   ** This may, or may not, indicate mismatched component sizes.
   **   ~~~   ** Verify that the value entered is intended and is consistent with other components.
   ************* SizeDXCoil: Potential issue with equipment sizing for Coil:Cooling:DX:MultiSpeed PSZ-AC_1:1 COOLING COIL
   **   ~~~   ** User-Specified Speed 1 Rated Air Flow Rate [m3/s] = 1.05277
   **   ~~~   ** differs from Design Size Speed 1 Rated Air Flow Rate [m3/s] = 0.43107
   **   ~~~   ** This may, or may not, indicate mismatched component sizes.
   **   ~~~   ** Verify that the value entered is intended and is consistent with other components.
   ************* SizeDXCoil: Potential issue with equipment sizing for Coil:Cooling:DX:MultiSpeed PSZ-AC_1:1 COOLING COIL
   **   ~~~   ** User-Specified Speed 2 Gross Rated Total Cooling Capacity [W] = 39214.24000
   **   ~~~   ** differs from Design Size Speed 2 Gross Rated Total Cooling Capacity [W] = 26140.70518
   **   ~~~   ** This may, or may not, indicate mismatched component sizes.
   **   ~~~   ** Verify that the value entered is intended and is consistent with other components.
   ************* SizeDXCoil: Potential issue with equipment sizing for Coil:Cooling:DX:MultiSpeed PSZ-AC_1:1 COOLING COIL
   **   ~~~   ** User-Specified Speed 1 Gross Rated Total Cooling Capacity [W] = 19607.12000
   **   ~~~   ** differs from Design Size Speed 1 Gross Rated Total Cooling Capacity [W] = 13070.35259
   **   ~~~   ** This may, or may not, indicate mismatched component sizes.
   **   ~~~   ** Verify that the value entered is intended and is consistent with other components.
   ** Warning ** The Standard Ratings is calculated for Coil:Cooling:DX:MultiSpeed = PSZ-AC_1:1 COOLING COIL but not at the AHRI test condition due to curve out of bound.
   **   ~~~   **  Review the Standard Ratings calculations in the Engineering Reference for this coil type. Also, use Output:Diagnostics, DisplayExtraWarnings for further guidance.
   **   ~~~   ** CheckCurveLimitsForStandardRatings: The max and/or min limits specified in the corresponding curve objects
   **   ~~~   **  do not include the AHRI test conditions required to calculate one or more of the Standard Rating values.
   **   ~~~   ** Coil:Cooling:DX:MultiSpeed=PSZ-AC_1:1 COOLING COIL:  The Seasonal Energy Efficiency Ratio (SEER) calculated is not at the AHRI test condition.
   **   ~~~   **  Check limits in Total Cooling Capacity Function of Temperature Curve, Curve Type = Curve:Biquadratic, Curve Name = LGDX_CAPFT
   **   ~~~   **  Check limits in Energy Input Ratio Function of Temperature Curve, Curve Type = Curve:Biquadratic, Curve Name = LGDX_EIRFT
   ** Warning ** The Standard Ratings is calculated for Coil:Cooling:DX:MultiSpeed = PSZ-AC_1:1 COOLING COIL but not at the AHRI test condition due to curve out of bound.
   **   ~~~   **  Review the Standard Ratings calculations in the Engineering Reference for this coil type. Also, use Output:Diagnostics, DisplayExtraWarnings for further guidance.
   **   ~~~   ** CheckCurveLimitsForStandardRatings: The max and/or min limits specified in the corresponding curve objects
   **   ~~~   **  do not include the AHRI test conditions required to calculate one or more of the Standard Rating values.
   **   ~~~   ** Coil:Cooling:DX:MultiSpeed=PSZ-AC_1:1 COOLING COIL:  The Seasonal Energy Efficiency Ratio (SEER) calculated is not at the AHRI test condition.
   **   ~~~   **  Check limits in Total Cooling Capacity Function of Temperature Curve, Curve Type = Curve:Biquadratic, Curve Name = LGDX_CAPFT
   **   ~~~   **  Check limits in Energy Input Ratio Function of Temperature Curve, Curve Type = Curve:Biquadratic, Curve Name = LGDX_EIRFT
   ************* SizeDXCoil: Potential issue with equipment sizing for Coil:Cooling:DX:MultiSpeed PSZ-AC_2:2 COOLING COIL
   **   ~~~   ** User-Specified Speed 1 Rated Air Flow Rate [m3/s] = 0.76089
   **   ~~~   ** differs from Design Size Speed 1 Rated Air Flow Rate [m3/s] = 0.62136
   **   ~~~   ** This may, or may not, indicate mismatched component sizes.
   **   ~~~   ** Verify that the value entered is intended and is consistent with other components.
   ** Warning ** The Standard Ratings is calculated for Coil:Cooling:DX:MultiSpeed = PSZ-AC_2:2 COOLING COIL but not at the AHRI test condition due to curve out of bound.
   **   ~~~   **  Review the Standard Ratings calculations in the Engineering Reference for this coil type. Also, use Output:Diagnostics, DisplayExtraWarnings for further guidance.
   **   ~~~   ** CheckCurveLimitsForStandardRatings: The max and/or min limits specified in the corresponding curve objects
   **   ~~~   **  do not include the AHRI test conditions required to calculate one or more of the Standard Rating values.
   **   ~~~   ** Coil:Cooling:DX:MultiSpeed=PSZ-AC_2:2 COOLING COIL:  The Seasonal Energy Efficiency Ratio (SEER) calculated is not at the AHRI test condition.
   **   ~~~   **  Check limits in Total Cooling Capacity Function of Temperature Curve, Curve Type = Curve:Biquadratic, Curve Name = LGDX_CAPFT
   **   ~~~   **  Check limits in Energy Input Ratio Function of Temperature Curve, Curve Type = Curve:Biquadratic, Curve Name = LGDX_EIRFT
   ** Warning ** The Standard Ratings is calculated for Coil:Cooling:DX:MultiSpeed = PSZ-AC_2:2 COOLING COIL but not at the AHRI test condition due to curve out of bound.
   **   ~~~   **  Review the Standard Ratings calculations in the Engineering Reference for this coil type. Also, use Output:Diagnostics, DisplayExtraWarnings for further guidance.
   **   ~~~   ** CheckCurveLimitsForStandardRatings: The max and/or min limits specified in the corresponding curve objects
   **   ~~~   **  do not include the AHRI test conditions required to calculate one or more of the Standard Rating values.
   **   ~~~   ** Coil:Cooling:DX:MultiSpeed=PSZ-AC_2:2 COOLING COIL:  The Seasonal Energy Efficiency Ratio (SEER) calculated is not at the AHRI test condition.
   **   ~~~   **  Check limits in Total Cooling Capacity Function of Temperature Curve, Curve Type = Curve:Biquadratic, Curve Name = LGDX_CAPFT
   **   ~~~   **  Check limits in Energy Input Ratio Function of Temperature Curve, Curve Type = Curve:Biquadratic, Curve Name = LGDX_EIRFT
   ** Warning ** For zone=KITCHEN return air cooling by refrigerated cases will be applied to the zone air.
   **   ~~~   **   This zone has no return air or is served by an on/off HVAC system.
   ** Warning ** Output:Meter: invalid Key Name="DISTRICTHEATING:FACILITY" - not found.
   ** Warning ** Output:Meter: invalid Key Name="DISTRICTCOOLING:FACILITY" - not found.
   ** Warning ** Output:Meter:MeterFileOnly: invalid Key Name="GAS:FACILITY" - not found.
   ************* Testing Individual Branch Integrity
   ************* All Branches passed integrity testing
   ************* Testing Individual Supply Air Path Integrity
   ************* All Supply Air Paths passed integrity testing
   ************* Testing Individual Return Air Path Integrity
   ************* All Return Air Paths passed integrity testing
   ************* No node connection errors were found.
   ************* Beginning Simulation
   ** Warning ** In zone KITCHEN there is unbalanced air flow. Load due to induced outdoor air is neglected.
   **   ~~~   **  Environment=RUNPERIOD 1, at Simulation time=01/01 00:00 - 00:10
   **   ~~~   **   Flows [m3/s]: Inlets: 1.037488  Unbalanced exhausts: 1.141334  Returns: 0.000000
   **   ~~~   **   Infiltration: 2.654284E-003  Zone Ventilation: 0.000000  Mixing (incoming): 0.000000
   **   ~~~   **   Imbalance (excess outflow): 0.101192  Total system OA flow (for all airloops serving this zone): 1.242718
   **   ~~~   **   This error will only be reported once per zone.
   ** Warning ** In Output:Table:Monthly 'SpaceGainsMonthly' invalid Variable or Meter Name 'ZONE HOT WATER EQUIPMENT TOTAL HEATING ENERGY'
   ** Warning ** In Output:Table:Monthly 'SpaceGainsMonthly' invalid Variable or Meter Name 'ZONE STEAM EQUIPMENT TOTAL HEATING ENERGY'
   ** Warning ** In Output:Table:Monthly 'SpaceGainsMonthly' invalid Variable or Meter Name 'ZONE OTHER EQUIPMENT TOTAL HEATING ENERGY'
   ** Warning ** In Output:Table:Monthly 'PeakSpaceGainsMonthly' invalid Variable or Meter Name 'ZONE HOT WATER EQUIPMENT TOTAL HEATING ENERGY'
   ** Warning ** In Output:Table:Monthly 'PeakSpaceGainsMonthly' invalid Variable or Meter Name 'ZONE STEAM EQUIPMENT TOTAL HEATING ENERGY'
   ** Warning ** In Output:Table:Monthly 'PeakSpaceGainsMonthly' invalid Variable or Meter Name 'ZONE OTHER EQUIPMENT TOTAL HEATING ENERGY'
   ** Warning ** In Output:Table:Monthly 'SpaceGainComponentsAtCoolingPeakMonthly' invalid Variable or Meter Name 'ZONE HOT WATER EQUIPMENT TOTAL HEATING ENERGY'
   ** Warning ** In Output:Table:Monthly 'SpaceGainComponentsAtCoolingPeakMonthly' invalid Variable or Meter Name 'ZONE STEAM EQUIPMENT TOTAL HEATING ENERGY'
   ** Warning ** In Output:Table:Monthly 'SpaceGainComponentsAtCoolingPeakMonthly' invalid Variable or Meter Name 'ZONE OTHER EQUIPMENT TOTAL HEATING ENERGY'
   ** Warning ** In Output:Table:Monthly 'EnergyConsumptionElectricityGeneratedPropaneMonthly' invalid Variable or Meter Name 'ELECTRICITYPRODUCED:FACILITY'
   ** Warning ** In Output:Table:Monthly 'EnergyConsumptionElectricityGeneratedPropaneMonthly' invalid Variable or Meter Name 'ELECTRICITYPRODUCED:FACILITY'
   ** Warning ** In Output:Table:Monthly 'EnergyConsumptionElectricityGeneratedPropaneMonthly' invalid Variable or Meter Name 'PROPANE:FACILITY'
   ** Warning ** In Output:Table:Monthly 'EnergyConsumptionElectricityGeneratedPropaneMonthly' invalid Variable or Meter Name 'PROPANE:FACILITY'
   ** Warning ** In Output:Table:Monthly 'EnergyConsumptionDieselFuelOilMonthly' invalid Variable or Meter Name 'DIESEL:FACILITY'
   ** Warning ** In Output:Table:Monthly 'EnergyConsumptionDieselFuelOilMonthly' invalid Variable or Meter Name 'DIESEL:FACILITY'
   ** Warning ** In Output:Table:Monthly 'EnergyConsumptionDieselFuelOilMonthly' invalid Variable or Meter Name 'FUELOILNO1:FACILITY'
   ** Warning ** In Output:Table:Monthly 'EnergyConsumptionDieselFuelOilMonthly' invalid Variable or Meter Name 'FUELOILNO1:FACILITY'
   ** Warning ** In Output:Table:Monthly 'EnergyConsumptionDieselFuelOilMonthly' invalid Variable or Meter Name 'FUELOILNO2:FACILITY'
   ** Warning ** In Output:Table:Monthly 'EnergyConsumptionDieselFuelOilMonthly' invalid Variable or Meter Name 'FUELOILNO2:FACILITY'
   ** Warning ** In Output:Table:Monthly 'EnergyConsumptionDistrictHeatingCoolingMonthly' invalid Variable or Meter Name 'DISTRICTCOOLING:FACILITY'
   ** Warning ** In Output:Table:Monthly 'EnergyConsumptionDistrictHeatingCoolingMonthly' invalid Variable or Meter Name 'DISTRICTCOOLING:FACILITY'
   ** Warning ** In Output:Table:Monthly 'EnergyConsumptionDistrictHeatingCoolingMonthly' invalid Variable or Meter Name 'DISTRICTHEATING:FACILITY'
   ** Warning ** In Output:Table:Monthly 'EnergyConsumptionDistrictHeatingCoolingMonthly' invalid Variable or Meter Name 'DISTRICTHEATING:FACILITY'
   ** Warning ** In Output:Table:Monthly 'EnergyConsumptionCoalGasolineMonthly' invalid Variable or Meter Name 'COAL:FACILITY'
   ** Warning ** In Output:Table:Monthly 'EnergyConsumptionCoalGasolineMonthly' invalid Variable or Meter Name 'COAL:FACILITY'
   ** Warning ** In Output:Table:Monthly 'EnergyConsumptionCoalGasolineMonthly' invalid Variable or Meter Name 'GASOLINE:FACILITY'
   ** Warning ** In Output:Table:Monthly 'EnergyConsumptionCoalGasolineMonthly' invalid Variable or Meter Name 'GASOLINE:FACILITY'
   ** Warning ** In Output:Table:Monthly 'EnergyConsumptionOtherFuelsMonthly' invalid Variable or Meter Name 'OTHERFUEL1:FACILITY'
   ** Warning ** In Output:Table:Monthly 'EnergyConsumptionOtherFuelsMonthly' invalid Variable or Meter Name 'OTHERFUEL1:FACILITY'
   ** Warning ** In Output:Table:Monthly 'EnergyConsumptionOtherFuelsMonthly' invalid Variable or Meter Name 'OTHERFUEL2:FACILITY'
   ** Warning ** In Output:Table:Monthly 'EnergyConsumptionOtherFuelsMonthly' invalid Variable or Meter Name 'OTHERFUEL2:FACILITY'
   ** Warning ** In Output:Table:Monthly 'EndUseEnergyConsumptionElectricityMonthly' invalid Variable or Meter Name 'EXTERIOREQUIPMENT:ELECTRICITY'
   ** Warning ** In Output:Table:Monthly 'EndUseEnergyConsumptionElectricityMonthly' invalid Variable or Meter Name 'HEATREJECTION:ELECTRICITY'
   ** Warning ** In Output:Table:Monthly 'EndUseEnergyConsumptionElectricityMonthly' invalid Variable or Meter Name 'HUMIDIFIER:ELECTRICITY'
   ** Warning ** In Output:Table:Monthly 'EndUseEnergyConsumptionElectricityMonthly' invalid Variable or Meter Name 'HEATRECOVERY:ELECTRICITY'
   ** Warning ** In Output:Table:Monthly 'EndUseEnergyConsumptionElectricityMonthly' invalid Variable or Meter Name 'WATERSYSTEMS:ELECTRICITY'
   ** Warning ** In Output:Table:Monthly 'EndUseEnergyConsumptionElectricityMonthly' invalid Variable or Meter Name 'COGENERATION:ELECTRICITY'
   ** Warning ** In Output:Table:Monthly 'EndUseEnergyConsumptionNaturalGasMonthly' invalid Variable or Meter Name 'EXTERIOREQUIPMENT:NATURALGAS'
   ** Warning ** In Output:Table:Monthly 'EndUseEnergyConsumptionNaturalGasMonthly' invalid Variable or Meter Name 'COOLING:NATURALGAS'
   ** Warning ** In Output:Table:Monthly 'EndUseEnergyConsumptionNaturalGasMonthly' invalid Variable or Meter Name 'COGENERATION:NATURALGAS'
   ** Warning ** In Output:Table:Monthly 'EndUseEnergyConsumptionNaturalGasMonthly' invalid Variable or Meter Name 'HUMIDIFIER:NATURALGAS'
   ** Warning ** In Output:Table:Monthly 'EndUseEnergyConsumptionDieselMonthly' invalid Variable or Meter Name 'EXTERIOREQUIPMENT:DIESEL'
   ** Warning ** In Output:Table:Monthly 'EndUseEnergyConsumptionDieselMonthly' invalid Variable or Meter Name 'COOLING:DIESEL'
   ** Warning ** In Output:Table:Monthly 'EndUseEnergyConsumptionDieselMonthly' invalid Variable or Meter Name 'HEATING:DIESEL'
   ** Warning ** In Output:Table:Monthly 'EndUseEnergyConsumptionDieselMonthly' invalid Variable or Meter Name 'WATERSYSTEMS:DIESEL'
   ** Warning ** In Output:Table:Monthly 'EndUseEnergyConsumptionDieselMonthly' invalid Variable or Meter Name 'COGENERATION:DIESEL'
   ** Warning ** In Output:Table:Monthly 'EndUseEnergyConsumptionFuelOilMonthly' invalid Variable or Meter Name 'EXTERIOREQUIPMENT:FUELOILNO1'
   ** Warning ** In Output:Table:Monthly 'EndUseEnergyConsumptionFuelOilMonthly' invalid Variable or Meter Name 'COOLING:FUELOILNO1'
   ** Warning ** In Output:Table:Monthly 'EndUseEnergyConsumptionFuelOilMonthly' invalid Variable or Meter Name 'HEATING:FUELOILNO1'
   ** Warning ** In Output:Table:Monthly 'EndUseEnergyConsumptionFuelOilMonthly' invalid Variable or Meter Name 'WATERSYSTEMS:FUELOILNO1'
   ** Warning ** In Output:Table:Monthly 'EndUseEnergyConsumptionFuelOilMonthly' invalid Variable or Meter Name 'COGENERATION:FUELOILNO1'
   ** Warning ** In Output:Table:Monthly 'EndUseEnergyConsumptionFuelOilMonthly' invalid Variable or Meter Name 'EXTERIOREQUIPMENT:FUELOILNO2'
   ** Warning ** In Output:Table:Monthly 'EndUseEnergyConsumptionFuelOilMonthly' invalid Variable or Meter Name 'COOLING:FUELOILNO2'
   ** Warning ** In Output:Table:Monthly 'EndUseEnergyConsumptionFuelOilMonthly' invalid Variable or Meter Name 'HEATING:FUELOILNO2'
   ** Warning ** In Output:Table:Monthly 'EndUseEnergyConsumptionFuelOilMonthly' invalid Variable or Meter Name 'WATERSYSTEMS:FUELOILNO2'
   ** Warning ** In Output:Table:Monthly 'EndUseEnergyConsumptionFuelOilMonthly' invalid Variable or Meter Name 'COGENERATION:FUELOILNO2'
   ** Warning ** In Output:Table:Monthly 'EndUseEnergyConsumptionCoalMonthly' invalid Variable or Meter Name 'EXTERIOREQUIPMENT:COAL'
   ** Warning ** In Output:Table:Monthly 'EndUseEnergyConsumptionCoalMonthly' invalid Variable or Meter Name 'HEATING:COAL'
   ** Warning ** In Output:Table:Monthly 'EndUseEnergyConsumptionCoalMonthly' invalid Variable or Meter Name 'WATERSYSTEMS:COAL'
   ** Warning ** In Output:Table:Monthly 'EndUseEnergyConsumptionPropaneMonthly' invalid Variable or Meter Name 'EXTERIOREQUIPMENT:PROPANE'
   ** Warning ** In Output:Table:Monthly 'EndUseEnergyConsumptionPropaneMonthly' invalid Variable or Meter Name 'COOLING:PROPANE'
   ** Warning ** In Output:Table:Monthly 'EndUseEnergyConsumptionPropaneMonthly' invalid Variable or Meter Name 'HEATING:PROPANE'
   ** Warning ** In Output:Table:Monthly 'EndUseEnergyConsumptionPropaneMonthly' invalid Variable or Meter Name 'WATERSYSTEMS:PROPANE'
   ** Warning ** In Output:Table:Monthly 'EndUseEnergyConsumptionPropaneMonthly' invalid Variable or Meter Name 'COGENERATION:PROPANE'
   ** Warning ** In Output:Table:Monthly 'EndUseEnergyConsumptionPropaneMonthly' invalid Variable or Meter Name 'HUMIDIFIER:PROPANE'
   ** Warning ** In Output:Table:Monthly 'EndUseEnergyConsumptionGasolineMonthly' invalid Variable or Meter Name 'EXTERIOREQUIPMENT:GASOLINE'
   ** Warning ** In Output:Table:Monthly 'EndUseEnergyConsumptionGasolineMonthly' invalid Variable or Meter Name 'COOLING:GASOLINE'
   ** Warning ** In Output:Table:Monthly 'EndUseEnergyConsumptionGasolineMonthly' invalid Variable or Meter Name 'HEATING:GASOLINE'
   ** Warning ** In Output:Table:Monthly 'EndUseEnergyConsumptionGasolineMonthly' invalid Variable or Meter Name 'WATERSYSTEMS:GASOLINE'
   ** Warning ** In Output:Table:Monthly 'EndUseEnergyConsumptionGasolineMonthly' invalid Variable or Meter Name 'COGENERATION:GASOLINE'
   ** Warning ** In Output:Table:Monthly 'EndUseEnergyConsumptionOtherFuelsMonthly' invalid Variable or Meter Name 'EXTERIOREQUIPMENT:OTHERFUEL1'
   ** Warning ** In Output:Table:Monthly 'EndUseEnergyConsumptionOtherFuelsMonthly' invalid Variable or Meter Name 'COOLING:OTHERFUEL1'
   ** Warning ** In Output:Table:Monthly 'EndUseEnergyConsumptionOtherFuelsMonthly' invalid Variable or Meter Name 'HEATING:OTHERFUEL1'
   ** Warning ** In Output:Table:Monthly 'EndUseEnergyConsumptionOtherFuelsMonthly' invalid Variable or Meter Name 'WATERSYSTEMS:OTHERFUEL1'
   ** Warning ** In Output:Table:Monthly 'EndUseEnergyConsumptionOtherFuelsMonthly' invalid Variable or Meter Name 'COGENERATION:OTHERFUEL1'
   ** Warning ** In Output:Table:Monthly 'EndUseEnergyConsumptionOtherFuelsMonthly' invalid Variable or Meter Name 'EXTERIOREQUIPMENT:OTHERFUEL2'
   ** Warning ** In Output:Table:Monthly 'EndUseEnergyConsumptionOtherFuelsMonthly' invalid Variable or Meter Name 'COOLING:OTHERFUEL2'
   ** Warning ** In Output:Table:Monthly 'EndUseEnergyConsumptionOtherFuelsMonthly' invalid Variable or Meter Name 'HEATING:OTHERFUEL2'
   ** Warning ** In Output:Table:Monthly 'EndUseEnergyConsumptionOtherFuelsMonthly' invalid Variable or Meter Name 'WATERSYSTEMS:OTHERFUEL2'
   ** Warning ** In Output:Table:Monthly 'EndUseEnergyConsumptionOtherFuelsMonthly' invalid Variable or Meter Name 'COGENERATION:OTHERFUEL2'
   ** Warning ** In Output:Table:Monthly 'PeakEnergyEndUseElectricityPart1Monthly' invalid Variable or Meter Name 'EXTERIOREQUIPMENT:ELECTRICITY'
   ** Warning ** In Output:Table:Monthly 'PeakEnergyEndUseElectricityPart2Monthly' invalid Variable or Meter Name 'HEATREJECTION:ELECTRICITY'
   ** Warning ** In Output:Table:Monthly 'PeakEnergyEndUseElectricityPart2Monthly' invalid Variable or Meter Name 'HUMIDIFIER:ELECTRICITY'
   ** Warning ** In Output:Table:Monthly 'PeakEnergyEndUseElectricityPart2Monthly' invalid Variable or Meter Name 'HEATRECOVERY:ELECTRICITY'
   ** Warning ** In Output:Table:Monthly 'PeakEnergyEndUseElectricityPart2Monthly' invalid Variable or Meter Name 'WATERSYSTEMS:ELECTRICITY'
   ** Warning ** In Output:Table:Monthly 'PeakEnergyEndUseElectricityPart2Monthly' invalid Variable or Meter Name 'COGENERATION:ELECTRICITY'
   ** Warning ** In Output:Table:Monthly 'ElectricComponentsOfPeakDemandMonthly' invalid Variable or Meter Name 'EXTERIOREQUIPMENT:ELECTRICITY'
   ** Warning ** In Output:Table:Monthly 'ElectricComponentsOfPeakDemandMonthly' invalid Variable or Meter Name 'HEATREJECTION:ELECTRICITY'
   ** Warning ** In Output:Table:Monthly 'PeakEnergyEndUseNaturalGasMonthly' invalid Variable or Meter Name 'EXTERIOREQUIPMENT:NATURALGAS'
   ** Warning ** In Output:Table:Monthly 'PeakEnergyEndUseNaturalGasMonthly' invalid Variable or Meter Name 'COOLING:NATURALGAS'
   ** Warning ** In Output:Table:Monthly 'PeakEnergyEndUseNaturalGasMonthly' invalid Variable or Meter Name 'COGENERATION:NATURALGAS'
   ** Warning ** In Output:Table:Monthly 'PeakEnergyEndUseDieselMonthly' invalid Variable or Meter Name 'EXTERIOREQUIPMENT:DIESEL'
   ** Warning ** In Output:Table:Monthly 'PeakEnergyEndUseDieselMonthly' invalid Variable or Meter Name 'COOLING:DIESEL'
   ** Warning ** In Output:Table:Monthly 'PeakEnergyEndUseDieselMonthly' invalid Variable or Meter Name 'HEATING:DIESEL'
   ** Warning ** In Output:Table:Monthly 'PeakEnergyEndUseDieselMonthly' invalid Variable or Meter Name 'WATERSYSTEMS:DIESEL'
   ** Warning ** In Output:Table:Monthly 'PeakEnergyEndUseDieselMonthly' invalid Variable or Meter Name 'COGENERATION:DIESEL'
   ** Warning ** In Output:Table:Monthly 'PeakEnergyEndUseFuelOilMonthly' invalid Variable or Meter Name 'EXTERIOREQUIPMENT:FUELOILNO1'
   ** Warning ** In Output:Table:Monthly 'PeakEnergyEndUseFuelOilMonthly' invalid Variable or Meter Name 'COOLING:FUELOILNO1'
   ** Warning ** In Output:Table:Monthly 'PeakEnergyEndUseFuelOilMonthly' invalid Variable or Meter Name 'HEATING:FUELOILNO1'
   ** Warning ** In Output:Table:Monthly 'PeakEnergyEndUseFuelOilMonthly' invalid Variable or Meter Name 'WATERSYSTEMS:FUELOILNO1'
   ** Warning ** In Output:Table:Monthly 'PeakEnergyEndUseFuelOilMonthly' invalid Variable or Meter Name 'COGENERATION:FUELOILNO1'
   ** Warning ** In Output:Table:Monthly 'PeakEnergyEndUseFuelOilMonthly' invalid Variable or Meter Name 'EXTERIOREQUIPMENT:FUELOILNO2'
   ** Warning ** In Output:Table:Monthly 'PeakEnergyEndUseFuelOilMonthly' invalid Variable or Meter Name 'COOLING:FUELOILNO2'
   ** Warning ** In Output:Table:Monthly 'PeakEnergyEndUseFuelOilMonthly' invalid Variable or Meter Name 'HEATING:FUELOILNO2'
   ** Warning ** In Output:Table:Monthly 'PeakEnergyEndUseFuelOilMonthly' invalid Variable or Meter Name 'WATERSYSTEMS:FUELOILNO2'
   ** Warning ** In Output:Table:Monthly 'PeakEnergyEndUseFuelOilMonthly' invalid Variable or Meter Name 'COGENERATION:FUELOILNO2'
   ** Warning ** In Output:Table:Monthly 'PeakEnergyEndUseCoalMonthly' invalid Variable or Meter Name 'EXTERIOREQUIPMENT:COAL'
   ** Warning ** In Output:Table:Monthly 'PeakEnergyEndUseCoalMonthly' invalid Variable or Meter Name 'HEATING:COAL'
   ** Warning ** In Output:Table:Monthly 'PeakEnergyEndUseCoalMonthly' invalid Variable or Meter Name 'WATERSYSTEMS:COAL'
   ** Warning ** In Output:Table:Monthly 'PeakEnergyEndUsePropaneMonthly' invalid Variable or Meter Name 'EXTERIOREQUIPMENT:PROPANE'
   ** Warning ** In Output:Table:Monthly 'PeakEnergyEndUsePropaneMonthly' invalid Variable or Meter Name 'COOLING:PROPANE'
   ** Warning ** In Output:Table:Monthly 'PeakEnergyEndUsePropaneMonthly' invalid Variable or Meter Name 'HEATING:PROPANE'
   ** Warning ** In Output:Table:Monthly 'PeakEnergyEndUsePropaneMonthly' invalid Variable or Meter Name 'WATERSYSTEMS:PROPANE'
   ** Warning ** In Output:Table:Monthly 'PeakEnergyEndUsePropaneMonthly' invalid Variable or Meter Name 'COGENERATION:PROPANE'
   ** Warning ** In Output:Table:Monthly 'PeakEnergyEndUseGasolineMonthly' invalid Variable or Meter Name 'EXTERIOREQUIPMENT:GASOLINE'
   ** Warning ** In Output:Table:Monthly 'PeakEnergyEndUseGasolineMonthly' invalid Variable or Meter Name 'COOLING:GASOLINE'
   ** Warning ** In Output:Table:Monthly 'PeakEnergyEndUseGasolineMonthly' invalid Variable or Meter Name 'HEATING:GASOLINE'
   ** Warning ** In Output:Table:Monthly 'PeakEnergyEndUseGasolineMonthly' invalid Variable or Meter Name 'WATERSYSTEMS:GASOLINE'
   ** Warning ** In Output:Table:Monthly 'PeakEnergyEndUseGasolineMonthly' invalid Variable or Meter Name 'COGENERATION:GASOLINE'
   ** Warning ** In Output:Table:Monthly 'PeakEnergyEndUseOtherFuelsMonthly' invalid Variable or Meter Name 'EXTERIOREQUIPMENT:OTHERFUEL1'
   ** Warning ** In Output:Table:Monthly 'PeakEnergyEndUseOtherFuelsMonthly' invalid Variable or Meter Name 'COOLING:OTHERFUEL1'
   ** Warning ** In Output:Table:Monthly 'PeakEnergyEndUseOtherFuelsMonthly' invalid Variable or Meter Name 'HEATING:OTHERFUEL1'
   ** Warning ** In Output:Table:Monthly 'PeakEnergyEndUseOtherFuelsMonthly' invalid Variable or Meter Name 'WATERSYSTEMS:OTHERFUEL1'
   ** Warning ** In Output:Table:Monthly 'PeakEnergyEndUseOtherFuelsMonthly' invalid Variable or Meter Name 'COGENERATION:OTHERFUEL1'
   ** Warning ** In Output:Table:Monthly 'PeakEnergyEndUseOtherFuelsMonthly' invalid Variable or Meter Name 'EXTERIOREQUIPMENT:OTHERFUEL2'
   ** Warning ** In Output:Table:Monthly 'PeakEnergyEndUseOtherFuelsMonthly' invalid Variable or Meter Name 'COOLING:OTHERFUEL2'
   ** Warning ** In Output:Table:Monthly 'PeakEnergyEndUseOtherFuelsMonthly' invalid Variable or Meter Name 'HEATING:OTHERFUEL2'
   ** Warning ** In Output:Table:Monthly 'PeakEnergyEndUseOtherFuelsMonthly' invalid Variable or Meter Name 'WATERSYSTEMS:OTHERFUEL2'
   ** Warning ** In Output:Table:Monthly 'PeakEnergyEndUseOtherFuelsMonthly' invalid Variable or Meter Name 'COGENERATION:OTHERFUEL2'
   ** Warning ** In Output:Table:Monthly 'UnglazedTranspiredSolarCollectorSummaryMonthly' invalid Variable or Meter Name 'SOLAR COLLECTOR SYSTEM EFFICIENCY'
   ** Warning ** In Output:Table:Monthly 'UnglazedTranspiredSolarCollectorSummaryMonthly' invalid Variable or Meter Name 'SOLAR COLLECTOR SYSTEM EFFICIENCY'
   ** Warning ** In Output:Table:Monthly 'UnglazedTranspiredSolarCollectorSummaryMonthly' invalid Variable or Meter Name 'SOLAR COLLECTOR OUTSIDE FACE SUCTION VELOCITY'
   ** Warning ** In Output:Table:Monthly 'UnglazedTranspiredSolarCollectorSummaryMonthly' invalid Variable or Meter Name 'SOLAR COLLECTOR SENSIBLE HEATING RATE'
   ** Warning ** In Output:Table:Monthly 'ChillerReportMonthly' invalid Variable or Meter Name 'CHILLER ELECTRICITY ENERGY'
   ** Warning ** In Output:Table:Monthly 'ChillerReportMonthly' invalid Variable or Meter Name 'CHILLER ELECTRICITY RATE'
   ** Warning ** In Output:Table:Monthly 'ChillerReportMonthly' invalid Variable or Meter Name 'CHILLER ELECTRICITY ENERGY'
   ** Warning ** In Output:Table:Monthly 'ChillerReportMonthly' invalid Variable or Meter Name 'CHILLER EVAPORATOR COOLING ENERGY'
   ** Warning ** In Output:Table:Monthly 'ChillerReportMonthly' invalid Variable or Meter Name 'CHILLER EVAPORATOR COOLING RATE'
   ** Warning ** In Output:Table:Monthly 'ChillerReportMonthly' invalid Variable or Meter Name 'CHILLER CONDENSER HEAT TRANSFER ENERGY'
   ** Warning ** In Output:Table:Monthly 'ChillerReportMonthly' invalid Variable or Meter Name 'CHILLER COP'
   ** Warning ** In Output:Table:Monthly 'ChillerReportMonthly' invalid Variable or Meter Name 'CHILLER COP'
   ** Warning ** In Output:Table:Monthly 'ChillerReportMonthly' invalid Variable or Meter Name 'CHILLER PART LOAD RATIO'
   ** Warning ** In Output:Table:Monthly 'ChillerReportMonthly' invalid Variable or Meter Name 'CHILLER PART LOAD RATIO'
   ** Warning ** In Output:Table:Monthly 'TowerReportMonthly' invalid Variable or Meter Name 'COOLING TOWER FAN ELECTRICITY ENERGY'
   ** Warning ** In Output:Table:Monthly 'TowerReportMonthly' invalid Variable or Meter Name 'COOLING TOWER FAN ELECTRICITY ENERGY'
   ** Warning ** In Output:Table:Monthly 'TowerReportMonthly' invalid Variable or Meter Name 'COOLING TOWER FAN ELECTRICITY RATE'
   ** Warning ** In Output:Table:Monthly 'TowerReportMonthly' invalid Variable or Meter Name 'COOLING TOWER HEAT TRANSFER RATE'
   ** Warning ** In Output:Table:Monthly 'TowerReportMonthly' invalid Variable or Meter Name 'COOLING TOWER INLET TEMPERATURE'
   ** Warning ** In Output:Table:Monthly 'TowerReportMonthly' invalid Variable or Meter Name 'COOLING TOWER OUTLET TEMPERATURE'
   ** Warning ** In Output:Table:Monthly 'TowerReportMonthly' invalid Variable or Meter Name 'COOLING TOWER MASS FLOW RATE'
   ** Warning ** In Output:Table:Monthly 'BoilerReportMonthly' invalid Variable or Meter Name 'BOILER HEATING ENERGY'
   ** Warning ** In Output:Table:Monthly 'BoilerReportMonthly' invalid Variable or Meter Name 'BOILER GAS CONSUMPTION'
   ** Warning ** In Output:Table:Monthly 'BoilerReportMonthly' invalid Variable or Meter Name 'BOILER HEATING ENERGY'
   ** Warning ** In Output:Table:Monthly 'BoilerReportMonthly' invalid Variable or Meter Name 'BOILER HEATING RATE'
   ** Warning ** In Output:Table:Monthly 'BoilerReportMonthly' invalid Variable or Meter Name 'BOILER GAS CONSUMPTION RATE'
   ** Warning ** In Output:Table:Monthly 'BoilerReportMonthly' invalid Variable or Meter Name 'BOILER INLET TEMPERATURE'
   ** Warning ** In Output:Table:Monthly 'BoilerReportMonthly' invalid Variable or Meter Name 'BOILER OUTLET TEMPERATURE'
   ** Warning ** In Output:Table:Monthly 'BoilerReportMonthly' invalid Variable or Meter Name 'BOILER MASS FLOW RATE'
   ** Warning ** In Output:Table:Monthly 'BoilerReportMonthly' invalid Variable or Meter Name 'BOILER ANCILLARY ELECTRICITY RATE'
   ** Warning ** In Output:Table:Monthly 'BoilerReportMonthly' invalid Variable or Meter Name 'BOILER PART LOAD RATIO'
   ** Warning ** In Output:Table:Monthly 'BoilerReportMonthly' invalid Variable or Meter Name 'BOILER PART LOAD RATIO'
   ** Warning ** In Output:Table:Monthly 'WindowACReportMonthly' invalid Variable or Meter Name 'ZONE WINDOW AIR CONDITIONER TOTAL COOLING ENERGY'
   ** Warning ** In Output:Table:Monthly 'WindowACReportMonthly' invalid Variable or Meter Name 'ZONE WINDOW AIR CONDITIONER ELECTRICITY ENERGY'
   ** Warning ** In Output:Table:Monthly 'WindowACReportMonthly' invalid Variable or Meter Name 'ZONE WINDOW AIR CONDITIONER TOTAL COOLING ENERGY'
   ** Warning ** In Output:Table:Monthly 'WindowACReportMonthly' invalid Variable or Meter Name 'ZONE WINDOW AIR CONDITIONER SENSIBLE COOLING ENERGY'
   ** Warning ** In Output:Table:Monthly 'WindowACReportMonthly' invalid Variable or Meter Name 'ZONE WINDOW AIR CONDITIONER LATENT COOLING ENERGY'
   ** Warning ** In Output:Table:Monthly 'WindowACReportMonthly' invalid Variable or Meter Name 'ZONE WINDOW AIR CONDITIONER TOTAL COOLING RATE'
   ** Warning ** In Output:Table:Monthly 'WindowACReportMonthly' invalid Variable or Meter Name 'ZONE WINDOW AIR CONDITIONER SENSIBLE COOLING RATE'
   ** Warning ** In Output:Table:Monthly 'WindowACReportMonthly' invalid Variable or Meter Name 'ZONE WINDOW AIR CONDITIONER LATENT COOLING RATE'
   ** Warning ** In Output:Table:Monthly 'WindowACReportMonthly' invalid Variable or Meter Name 'ZONE WINDOW AIR CONDITIONER ELECTRICITY RATE'
   ** Warning ** In Output:Table:Monthly 'WaterHeaterReportMonthly' invalid Variable or Meter Name 'WATER HEATER BURNER HEATING ENERGY'
   ** Warning ** In Output:Table:Monthly 'WaterHeaterReportMonthly' invalid Variable or Meter Name 'WATER HEATER GAS CONSUMPTION'
   ** Warning ** In Output:Table:Monthly 'WaterHeaterReportMonthly' invalid Variable or Meter Name 'WATER HEATER LOSS DEMAND ENERGY'
   ** Warning ** In Output:Table:Monthly 'WaterHeaterReportMonthly' invalid Variable or Meter Name 'WATER HEATER HEAT RECOVERY SUPPLY ENERGY'
   ** Warning ** In Output:Table:Monthly 'WaterHeaterReportMonthly' invalid Variable or Meter Name 'WATER HEATER SOURCE ENERGY'
   ** Warning ** In Output:Table:Monthly 'GeneratorReportMonthly' invalid Variable or Meter Name 'GENERATOR PRODUCED AC ELECTRICITY ENERGY'
   ** Warning ** In Output:Table:Monthly 'GeneratorReportMonthly' invalid Variable or Meter Name 'GENERATOR DIESEL CONSUMPTION'
   ** Warning ** In Output:Table:Monthly 'GeneratorReportMonthly' invalid Variable or Meter Name 'GENERATOR GAS CONSUMPTION'
   ** Warning ** In Output:Table:Monthly 'GeneratorReportMonthly' invalid Variable or Meter Name 'GENERATOR PRODUCED AC ELECTRICITY ENERGY'
   ** Warning ** In Output:Table:Monthly 'GeneratorReportMonthly' invalid Variable or Meter Name 'GENERATOR TOTAL HEAT RECOVERY'
   ** Warning ** In Output:Table:Monthly 'GeneratorReportMonthly' invalid Variable or Meter Name 'GENERATOR JACKET HEAT RECOVERY ENERGY'
   ** Warning ** In Output:Table:Monthly 'GeneratorReportMonthly' invalid Variable or Meter Name 'GENERATOR LUBE HEAT RECOVERY'
   ** Warning ** In Output:Table:Monthly 'GeneratorReportMonthly' invalid Variable or Meter Name 'GENERATOR EXHAUST HEAT RECOVERY ENERGY'
   ** Warning ** In Output:Table:Monthly 'GeneratorReportMonthly' invalid Variable or Meter Name 'GENERATOR EXHAUST AIR TEMPERATURE'
   ** Warning ** In Output:Table:Monthly 'CoilReportMonthly' invalid Variable or Meter Name 'COOLING COIL WETTED AREA FRACTION'
   ** Warning ** In Output:Table:Monthly 'AirLoopSystemEnergyAndWaterUseMonthly' invalid Variable or Meter Name 'AIR SYSTEM NATURAL GAS ENERGY'
   ** Warning ** In Output:Table:Monthly 'AirLoopSystemComponentEnergyUseMonthly' invalid Variable or Meter Name 'AIR SYSTEM HEATING COIL NATURAL GAS ENERGY'
   ** Warning ** In Output:Table:Monthly 'AirLoopSystemComponentEnergyUseMonthly' invalid Variable or Meter Name 'AIR SYSTEM HUMIDIFIER NATURAL GAS ENERGY'
   ** Warning ** Processing Monthly Tabular Reports: SpaceGainsMonthly
   **   ~~~   ** ..Variable name=ZONE HOT WATER EQUIPMENT TOTAL HEATING ENERGY not valid for this simulation.
   **   ~~~   ** ..Variables not valid for this simulation will have "[Invalid/Undefined]" in the Units Column of the Table Report.
   ** Warning ** Processing Monthly Tabular Reports: SpaceGainsMonthly
   **   ~~~   ** ..Variable name=ZONE STEAM EQUIPMENT TOTAL HEATING ENERGY not valid for this simulation.
   ** Warning ** Processing Monthly Tabular Reports: SpaceGainsMonthly
   **   ~~~   ** ..Variable name=ZONE OTHER EQUIPMENT TOTAL HEATING ENERGY not valid for this simulation.
   ** Warning ** Processing Monthly Tabular Reports: SpaceGainsMonthly
   **   ~~~   ** ..Variable name=ZONE GAS EQUIPMENT TOTAL HEATING ENERGY not valid for this simulation.
   **   ~~~   ** ..i.e., Variable name=DINING:ZONE GAS EQUIPMENT TOTAL HEATING ENERGY not valid for this simulation.
   ** Warning ** Processing Monthly Tabular Reports: SpaceGainsMonthly
   **   ~~~   ** ..Variable name=ZONE HOT WATER EQUIPMENT TOTAL HEATING ENERGY not valid for this simulation.
   **   ~~~   ** ..i.e., Variable name=DINING:ZONE HOT WATER EQUIPMENT TOTAL HEATING ENERGY not valid for this simulation.
   ** Warning ** Processing Monthly Tabular Reports: SpaceGainsMonthly
   **   ~~~   ** ..Variable name=ZONE STEAM EQUIPMENT TOTAL HEATING ENERGY not valid for this simulation.
   **   ~~~   ** ..i.e., Variable name=DINING:ZONE STEAM EQUIPMENT TOTAL HEATING ENERGY not valid for this simulation.
   ** Warning ** Processing Monthly Tabular Reports: SpaceGainsMonthly
   **   ~~~   ** ..Variable name=ZONE OTHER EQUIPMENT TOTAL HEATING ENERGY not valid for this simulation.
   **   ~~~   ** ..i.e., Variable name=DINING:ZONE OTHER EQUIPMENT TOTAL HEATING ENERGY not valid for this simulation.
   ** Warning ** Processing Monthly Tabular Reports: SpaceGainsMonthly
   **   ~~~   ** ..Variable name=ZONE HOT WATER EQUIPMENT TOTAL HEATING ENERGY not valid for this simulation.
   **   ~~~   ** ..i.e., Variable name=KITCHEN:ZONE HOT WATER EQUIPMENT TOTAL HEATING ENERGY not valid for this simulation.
   ** Warning ** Processing Monthly Tabular Reports: SpaceGainsMonthly
   **   ~~~   ** ..Variable name=ZONE STEAM EQUIPMENT TOTAL HEATING ENERGY not valid for this simulation.
   **   ~~~   ** ..i.e., Variable name=KITCHEN:ZONE STEAM EQUIPMENT TOTAL HEATING ENERGY not valid for this simulation.
   ** Warning ** Processing Monthly Tabular Reports: SpaceGainsMonthly
   **   ~~~   ** ..Variable name=ZONE OTHER EQUIPMENT TOTAL HEATING ENERGY not valid for this simulation.
   **   ~~~   ** ..i.e., Variable name=KITCHEN:ZONE OTHER EQUIPMENT TOTAL HEATING ENERGY not valid for this simulation.
   ** Warning ** Processing Monthly Tabular Reports: SpaceGainsMonthly
   **   ~~~   ** ..Variable name=ZONE PEOPLE TOTAL HEATING ENERGY not valid for this simulation.
   **   ~~~   ** ..i.e., Variable name=ATTIC:ZONE PEOPLE TOTAL HEATING ENERGY not valid for this simulation.
   ** Warning ** Processing Monthly Tabular Reports: SpaceGainsMonthly
   **   ~~~   ** ..Variable name=ZONE LIGHTS TOTAL HEATING ENERGY not valid for this simulation.
   **   ~~~   ** ..i.e., Variable name=ATTIC:ZONE LIGHTS TOTAL HEATING ENERGY not valid for this simulation.
   ** Warning ** Processing Monthly Tabular Reports: SpaceGainsMonthly
   **   ~~~   ** ..Variable name=ZONE ELECTRIC EQUIPMENT TOTAL HEATING ENERGY not valid for this simulation.
   **   ~~~   ** ..i.e., Variable name=ATTIC:ZONE ELECTRIC EQUIPMENT TOTAL HEATING ENERGY not valid for this simulation.
   ** Warning ** Processing Monthly Tabular Reports: SpaceGainsMonthly
   **   ~~~   ** ..Variable name=ZONE GAS EQUIPMENT TOTAL HEATING ENERGY not valid for this simulation.
   **   ~~~   ** ..i.e., Variable name=ATTIC:ZONE GAS EQUIPMENT TOTAL HEATING ENERGY not valid for this simulation.
   ** Warning ** Processing Monthly Tabular Reports: SpaceGainsMonthly
   **   ~~~   ** ..Variable name=ZONE HOT WATER EQUIPMENT TOTAL HEATING ENERGY not valid for this simulation.
   **   ~~~   ** ..i.e., Variable name=ATTIC:ZONE HOT WATER EQUIPMENT TOTAL HEATING ENERGY not valid for this simulation.
   ** Warning ** Processing Monthly Tabular Reports: SpaceGainsMonthly
   **   ~~~   ** ..Variable name=ZONE STEAM EQUIPMENT TOTAL HEATING ENERGY not valid for this simulation.
   **   ~~~   ** ..i.e., Variable name=ATTIC:ZONE STEAM EQUIPMENT TOTAL HEATING ENERGY not valid for this simulation.
   ** Warning ** Processing Monthly Tabular Reports: SpaceGainsMonthly
   **   ~~~   ** ..Variable name=ZONE OTHER EQUIPMENT TOTAL HEATING ENERGY not valid for this simulation.
   **   ~~~   ** ..i.e., Variable name=ATTIC:ZONE OTHER EQUIPMENT TOTAL HEATING ENERGY not valid for this simulation.
   ** Warning ** Processing Monthly Tabular Reports: PeakSpaceGainsMonthly
   **   ~~~   ** ..Variable name=ZONE HOT WATER EQUIPMENT TOTAL HEATING ENERGY not valid for this simulation.
   ** Warning ** Processing Monthly Tabular Reports: PeakSpaceGainsMonthly
   **   ~~~   ** ..Variable name=ZONE STEAM EQUIPMENT TOTAL HEATING ENERGY not valid for this simulation.
   ** Warning ** Processing Monthly Tabular Reports: PeakSpaceGainsMonthly
   **   ~~~   ** ..Variable name=ZONE OTHER EQUIPMENT TOTAL HEATING ENERGY not valid for this simulation.
   ** Warning ** Processing Monthly Tabular Reports: PeakSpaceGainsMonthly
   **   ~~~   ** ..Variable name=ZONE GAS EQUIPMENT TOTAL HEATING ENERGY not valid for this simulation.
   **   ~~~   ** ..i.e., Variable name=DINING:ZONE GAS EQUIPMENT TOTAL HEATING ENERGY not valid for this simulation.
   ** Warning ** Processing Monthly Tabular Reports: PeakSpaceGainsMonthly
   **   ~~~   ** ..Variable name=ZONE HOT WATER EQUIPMENT TOTAL HEATING ENERGY not valid for this simulation.
   **   ~~~   ** ..i.e., Variable name=DINING:ZONE HOT WATER EQUIPMENT TOTAL HEATING ENERGY not valid for this simulation.
   ** Warning ** Processing Monthly Tabular Reports: PeakSpaceGainsMonthly
   **   ~~~   ** ..Variable name=ZONE STEAM EQUIPMENT TOTAL HEATING ENERGY not valid for this simulation.
   **   ~~~   ** ..i.e., Variable name=DINING:ZONE STEAM EQUIPMENT TOTAL HEATING ENERGY not valid for this simulation.
   ** Warning ** Processing Monthly Tabular Reports: PeakSpaceGainsMonthly
   **   ~~~   ** ..Variable name=ZONE OTHER EQUIPMENT TOTAL HEATING ENERGY not valid for this simulation.
   **   ~~~   ** ..i.e., Variable name=DINING:ZONE OTHER EQUIPMENT TOTAL HEATING ENERGY not valid for this simulation.
   ** Warning ** Processing Monthly Tabular Reports: PeakSpaceGainsMonthly
   **   ~~~   ** ..Variable name=ZONE HOT WATER EQUIPMENT TOTAL HEATING ENERGY not valid for this simulation.
   **   ~~~   ** ..i.e., Variable name=KITCHEN:ZONE HOT WATER EQUIPMENT TOTAL HEATING ENERGY not valid for this simulation.
   ** Warning ** Processing Monthly Tabular Reports: PeakSpaceGainsMonthly
   **   ~~~   ** ..Variable name=ZONE STEAM EQUIPMENT TOTAL HEATING ENERGY not valid for this simulation.
   **   ~~~   ** ..i.e., Variable name=KITCHEN:ZONE STEAM EQUIPMENT TOTAL HEATING ENERGY not valid for this simulation.
   ** Warning ** Processing Monthly Tabular Reports: PeakSpaceGainsMonthly
   **   ~~~   ** ..Variable name=ZONE OTHER EQUIPMENT TOTAL HEATING ENERGY not valid for this simulation.
   **   ~~~   ** ..i.e., Variable name=KITCHEN:ZONE OTHER EQUIPMENT TOTAL HEATING ENERGY not valid for this simulation.
   ** Warning ** Processing Monthly Tabular Reports: PeakSpaceGainsMonthly
   **   ~~~   ** ..Variable name=ZONE PEOPLE TOTAL HEATING ENERGY not valid for this simulation.
   **   ~~~   ** ..i.e., Variable name=ATTIC:ZONE PEOPLE TOTAL HEATING ENERGY not valid for this simulation.
   ** Warning ** Processing Monthly Tabular Reports: PeakSpaceGainsMonthly
   **   ~~~   ** ..Variable name=ZONE LIGHTS TOTAL HEATING ENERGY not valid for this simulation.
   **   ~~~   ** ..i.e., Variable name=ATTIC:ZONE LIGHTS TOTAL HEATING ENERGY not valid for this simulation.
   ** Warning ** Processing Monthly Tabular Reports: PeakSpaceGainsMonthly
   **   ~~~   ** ..Variable name=ZONE ELECTRIC EQUIPMENT TOTAL HEATING ENERGY not valid for this simulation.
   **   ~~~   ** ..i.e., Variable name=ATTIC:ZONE ELECTRIC EQUIPMENT TOTAL HEATING ENERGY not valid for this simulation.
   ** Warning ** Processing Monthly Tabular Reports: PeakSpaceGainsMonthly
   **   ~~~   ** ..Variable name=ZONE GAS EQUIPMENT TOTAL HEATING ENERGY not valid for this simulation.
   **   ~~~   ** ..i.e., Variable name=ATTIC:ZONE GAS EQUIPMENT TOTAL HEATING ENERGY not valid for this simulation.
   ** Warning ** Processing Monthly Tabular Reports: PeakSpaceGainsMonthly
   **   ~~~   ** ..Variable name=ZONE HOT WATER EQUIPMENT TOTAL HEATING ENERGY not valid for this simulation.
   **   ~~~   ** ..i.e., Variable name=ATTIC:ZONE HOT WATER EQUIPMENT TOTAL HEATING ENERGY not valid for this simulation.
   ** Warning ** Processing Monthly Tabular Reports: PeakSpaceGainsMonthly
   **   ~~~   ** ..Variable name=ZONE STEAM EQUIPMENT TOTAL HEATING ENERGY not valid for this simulation.
   **   ~~~   ** ..i.e., Variable name=ATTIC:ZONE STEAM EQUIPMENT TOTAL HEATING ENERGY not valid for this simulation.
   ** Warning ** Processing Monthly Tabular Reports: PeakSpaceGainsMonthly
   **   ~~~   ** ..Variable name=ZONE OTHER EQUIPMENT TOTAL HEATING ENERGY not valid for this simulation.
   **   ~~~   ** ..i.e., Variable name=ATTIC:ZONE OTHER EQUIPMENT TOTAL HEATING ENERGY not valid for this simulation.
   ** Warning ** Processing Monthly Tabular Reports: SpaceGainComponentsAtCoolingPeakMonthly
   **   ~~~   ** ..Variable name=ZONE HOT WATER EQUIPMENT TOTAL HEATING ENERGY not valid for this simulation.
   ** Warning ** Processing Monthly Tabular Reports: SpaceGainComponentsAtCoolingPeakMonthly
   **   ~~~   ** ..Variable name=ZONE STEAM EQUIPMENT TOTAL HEATING ENERGY not valid for this simulation.
   ** Warning ** Processing Monthly Tabular Reports: SpaceGainComponentsAtCoolingPeakMonthly
   **   ~~~   ** ..Variable name=ZONE OTHER EQUIPMENT TOTAL HEATING ENERGY not valid for this simulation.
   ** Warning ** Processing Monthly Tabular Reports: SpaceGainComponentsAtCoolingPeakMonthly
   **   ~~~   ** ..Variable name=ZONE GAS EQUIPMENT TOTAL HEATING ENERGY not valid for this simulation.
   **   ~~~   ** ..i.e., Variable name=DINING:ZONE GAS EQUIPMENT TOTAL HEATING ENERGY not valid for this simulation.
   ** Warning ** Processing Monthly Tabular Reports: SpaceGainComponentsAtCoolingPeakMonthly
   **   ~~~   ** ..Variable name=ZONE HOT WATER EQUIPMENT TOTAL HEATING ENERGY not valid for this simulation.
   **   ~~~   ** ..i.e., Variable name=DINING:ZONE HOT WATER EQUIPMENT TOTAL HEATING ENERGY not valid for this simulation.
   ** Warning ** Processing Monthly Tabular Reports: SpaceGainComponentsAtCoolingPeakMonthly
   **   ~~~   ** ..Variable name=ZONE STEAM EQUIPMENT TOTAL HEATING ENERGY not valid for this simulation.
   **   ~~~   ** ..i.e., Variable name=DINING:ZONE STEAM EQUIPMENT TOTAL HEATING ENERGY not valid for this simulation.
   ** Warning ** Processing Monthly Tabular Reports: SpaceGainComponentsAtCoolingPeakMonthly
   **   ~~~   ** ..Variable name=ZONE OTHER EQUIPMENT TOTAL HEATING ENERGY not valid for this simulation.
   **   ~~~   ** ..i.e., Variable name=DINING:ZONE OTHER EQUIPMENT TOTAL HEATING ENERGY not valid for this simulation.
   ** Warning ** Processing Monthly Tabular Reports: SpaceGainComponentsAtCoolingPeakMonthly
   **   ~~~   ** ..Variable name=ZONE HOT WATER EQUIPMENT TOTAL HEATING ENERGY not valid for this simulation.
   **   ~~~   ** ..i.e., Variable name=KITCHEN:ZONE HOT WATER EQUIPMENT TOTAL HEATING ENERGY not valid for this simulation.
   ** Warning ** Processing Monthly Tabular Reports: SpaceGainComponentsAtCoolingPeakMonthly
   **   ~~~   ** ..Variable name=ZONE STEAM EQUIPMENT TOTAL HEATING ENERGY not valid for this simulation.
   **   ~~~   ** ..i.e., Variable name=KITCHEN:ZONE STEAM EQUIPMENT TOTAL HEATING ENERGY not valid for this simulation.
   ** Warning ** Processing Monthly Tabular Reports: SpaceGainComponentsAtCoolingPeakMonthly
   **   ~~~   ** ..Variable name=ZONE OTHER EQUIPMENT TOTAL HEATING ENERGY not valid for this simulation.
   **   ~~~   ** ..i.e., Variable name=KITCHEN:ZONE OTHER EQUIPMENT TOTAL HEATING ENERGY not valid for this simulation.
   ** Warning ** Processing Monthly Tabular Reports: SpaceGainComponentsAtCoolingPeakMonthly
   **   ~~~   ** ..Variable name=ZONE PEOPLE TOTAL HEATING ENERGY not valid for this simulation.
   **   ~~~   ** ..i.e., Variable name=ATTIC:ZONE PEOPLE TOTAL HEATING ENERGY not valid for this simulation.
   ** Warning ** Processing Monthly Tabular Reports: SpaceGainComponentsAtCoolingPeakMonthly
   **   ~~~   ** ..Variable name=ZONE LIGHTS TOTAL HEATING ENERGY not valid for this simulation.
   **   ~~~   ** ..i.e., Variable name=ATTIC:ZONE LIGHTS TOTAL HEATING ENERGY not valid for this simulation.
   ** Warning ** Processing Monthly Tabular Reports: SpaceGainComponentsAtCoolingPeakMonthly
   **   ~~~   ** ..Variable name=ZONE ELECTRIC EQUIPMENT TOTAL HEATING ENERGY not valid for this simulation.
   **   ~~~   ** ..i.e., Variable name=ATTIC:ZONE ELECTRIC EQUIPMENT TOTAL HEATING ENERGY not valid for this simulation.
   ** Warning ** Processing Monthly Tabular Reports: SpaceGainComponentsAtCoolingPeakMonthly
   **   ~~~   ** ..Variable name=ZONE GAS EQUIPMENT TOTAL HEATING ENERGY not valid for this simulation.
   **   ~~~   ** ..i.e., Variable name=ATTIC:ZONE GAS EQUIPMENT TOTAL HEATING ENERGY not valid for this simulation.
   ** Warning ** Processing Monthly Tabular Reports: SpaceGainComponentsAtCoolingPeakMonthly
   **   ~~~   ** ..Variable name=ZONE HOT WATER EQUIPMENT TOTAL HEATING ENERGY not valid for this simulation.
   **   ~~~   ** ..i.e., Variable name=ATTIC:ZONE HOT WATER EQUIPMENT TOTAL HEATING ENERGY not valid for this simulation.
   ** Warning ** Processing Monthly Tabular Reports: SpaceGainComponentsAtCoolingPeakMonthly
   **   ~~~   ** ..Variable name=ZONE STEAM EQUIPMENT TOTAL HEATING ENERGY not valid for this simulation.
   **   ~~~   ** ..i.e., Variable name=ATTIC:ZONE STEAM EQUIPMENT TOTAL HEATING ENERGY not valid for this simulation.
   ** Warning ** Processing Monthly Tabular Reports: SpaceGainComponentsAtCoolingPeakMonthly
   **   ~~~   ** ..Variable name=ZONE OTHER EQUIPMENT TOTAL HEATING ENERGY not valid for this simulation.
   **   ~~~   ** ..i.e., Variable name=ATTIC:ZONE OTHER EQUIPMENT TOTAL HEATING ENERGY not valid for this simulation.
   ** Warning ** Processing Monthly Tabular Reports: EnergyConsumptionElectricityGeneratedPropaneMonthly
   **   ~~~   ** ..Variable name=ELECTRICITYPRODUCED:FACILITY not valid for this simulation.
   ** Warning ** Processing Monthly Tabular Reports: EnergyConsumptionElectricityGeneratedPropaneMonthly
   **   ~~~   ** ..Variable name=ELECTRICITYPRODUCED:FACILITY not valid for this simulation.
   ** Warning ** Processing Monthly Tabular Reports: EnergyConsumptionElectricityGeneratedPropaneMonthly
   **   ~~~   ** ..Variable name=PROPANE:FACILITY not valid for this simulation.
   ** Warning ** Processing Monthly Tabular Reports: EnergyConsumptionElectricityGeneratedPropaneMonthly
   **   ~~~   ** ..Variable name=PROPANE:FACILITY not valid for this simulation.
   ** Warning ** Processing Monthly Tabular Reports: EnergyConsumptionDieselFuelOilMonthly
   **   ~~~   ** ..Variable name=DIESEL:FACILITY not valid for this simulation.
   ** Warning ** Processing Monthly Tabular Reports: EnergyConsumptionDieselFuelOilMonthly
   **   ~~~   ** ..Variable name=DIESEL:FACILITY not valid for this simulation.
   ** Warning ** Processing Monthly Tabular Reports: EnergyConsumptionDieselFuelOilMonthly
   **   ~~~   ** ..Variable name=FUELOILNO1:FACILITY not valid for this simulation.
   ** Warning ** Processing Monthly Tabular Reports: EnergyConsumptionDieselFuelOilMonthly
   **   ~~~   ** ..Variable name=FUELOILNO1:FACILITY not valid for this simulation.
   ** Warning ** Processing Monthly Tabular Reports: EnergyConsumptionDieselFuelOilMonthly
   **   ~~~   ** ..Variable name=FUELOILNO2:FACILITY not valid for this simulation.
   ** Warning ** Processing Monthly Tabular Reports: EnergyConsumptionDieselFuelOilMonthly
   **   ~~~   ** ..Variable name=FUELOILNO2:FACILITY not valid for this simulation.
   ** Warning ** Processing Monthly Tabular Reports: EnergyConsumptionDistrictHeatingCoolingMonthly
   **   ~~~   ** ..Variable name=DISTRICTCOOLING:FACILITY not valid for this simulation.
   ** Warning ** Processing Monthly Tabular Reports: EnergyConsumptionDistrictHeatingCoolingMonthly
   **   ~~~   ** ..Variable name=DISTRICTCOOLING:FACILITY not valid for this simulation.
   ** Warning ** Processing Monthly Tabular Reports: EnergyConsumptionDistrictHeatingCoolingMonthly
   **   ~~~   ** ..Variable name=DISTRICTHEATING:FACILITY not valid for this simulation.
   ** Warning ** Processing Monthly Tabular Reports: EnergyConsumptionDistrictHeatingCoolingMonthly
   **   ~~~   ** ..Variable name=DISTRICTHEATING:FACILITY not valid for this simulation.
   ** Warning ** Processing Monthly Tabular Reports: EnergyConsumptionCoalGasolineMonthly
   **   ~~~   ** ..Variable name=COAL:FACILITY not valid for this simulation.
   ** Warning ** Processing Monthly Tabular Reports: EnergyConsumptionCoalGasolineMonthly
   **   ~~~   ** ..Variable name=COAL:FACILITY not valid for this simulation.
   ** Warning ** Processing Monthly Tabular Reports: EnergyConsumptionCoalGasolineMonthly
   **   ~~~   ** ..Variable name=GASOLINE:FACILITY not valid for this simulation.
   ** Warning ** Processing Monthly Tabular Reports: EnergyConsumptionCoalGasolineMonthly
   **   ~~~   ** ..Variable name=GASOLINE:FACILITY not valid for this simulation.
   ** Warning ** Processing Monthly Tabular Reports: EnergyConsumptionOtherFuelsMonthly
   **   ~~~   ** ..Variable name=OTHERFUEL1:FACILITY not valid for this simulation.
   ** Warning ** Processing Monthly Tabular Reports: EnergyConsumptionOtherFuelsMonthly
   **   ~~~   ** ..Variable name=OTHERFUEL1:FACILITY not valid for this simulation.
   ** Warning ** Processing Monthly Tabular Reports: EnergyConsumptionOtherFuelsMonthly
   **   ~~~   ** ..Variable name=OTHERFUEL2:FACILITY not valid for this simulation.
   ** Warning ** Processing Monthly Tabular Reports: EnergyConsumptionOtherFuelsMonthly
   **   ~~~   ** ..Variable name=OTHERFUEL2:FACILITY not valid for this simulation.
   ** Warning ** Processing Monthly Tabular Reports: EndUseEnergyConsumptionElectricityMonthly
   **   ~~~   ** ..Variable name=EXTERIOREQUIPMENT:ELECTRICITY not valid for this simulation.
   ** Warning ** Processing Monthly Tabular Reports: EndUseEnergyConsumptionElectricityMonthly
   **   ~~~   ** ..Variable name=HEATREJECTION:ELECTRICITY not valid for this simulation.
   ** Warning ** Processing Monthly Tabular Reports: EndUseEnergyConsumptionElectricityMonthly
   **   ~~~   ** ..Variable name=HUMIDIFIER:ELECTRICITY not valid for this simulation.
   ** Warning ** Processing Monthly Tabular Reports: EndUseEnergyConsumptionElectricityMonthly
   **   ~~~   ** ..Variable name=HEATRECOVERY:ELECTRICITY not valid for this simulation.
   ** Warning ** Processing Monthly Tabular Reports: EndUseEnergyConsumptionElectricityMonthly
   **   ~~~   ** ..Variable name=WATERSYSTEMS:ELECTRICITY not valid for this simulation.
   ** Warning ** Processing Monthly Tabular Reports: EndUseEnergyConsumptionElectricityMonthly
   **   ~~~   ** ..Variable name=COGENERATION:ELECTRICITY not valid for this simulation.
   ** Warning ** Processing Monthly Tabular Reports: EndUseEnergyConsumptionElectricityMonthly
   **   ~~~   ** ..Variable name=EXTERIOREQUIPMENT:ELECTRICITY not valid for this simulation.
   **   ~~~   ** ..i.e., Variable name=Meter:EXTERIOREQUIPMENT:ELECTRICITY not valid for this simulation.
   ** Warning ** Processing Monthly Tabular Reports: EndUseEnergyConsumptionElectricityMonthly
   **   ~~~   ** ..Variable name=HEATREJECTION:ELECTRICITY not valid for this simulation.
   **   ~~~   ** ..i.e., Variable name=Meter:HEATREJECTION:ELECTRICITY not valid for this simulation.
   ** Warning ** Processing Monthly Tabular Reports: EndUseEnergyConsumptionElectricityMonthly
   **   ~~~   ** ..Variable name=HUMIDIFIER:ELECTRICITY not valid for this simulation.
   **   ~~~   ** ..i.e., Variable name=Meter:HUMIDIFIER:ELECTRICITY not valid for this simulation.
   ** Warning ** Processing Monthly Tabular Reports: EndUseEnergyConsumptionElectricityMonthly
   **   ~~~   ** ..Variable name=HEATRECOVERY:ELECTRICITY not valid for this simulation.
   **   ~~~   ** ..i.e., Variable name=Meter:HEATRECOVERY:ELECTRICITY not valid for this simulation.
   ** Warning ** Processing Monthly Tabular Reports: EndUseEnergyConsumptionElectricityMonthly
   **   ~~~   ** ..Variable name=WATERSYSTEMS:ELECTRICITY not valid for this simulation.
   **   ~~~   ** ..i.e., Variable name=Meter:WATERSYSTEMS:ELECTRICITY not valid for this simulation.
   ** Warning ** Processing Monthly Tabular Reports: EndUseEnergyConsumptionElectricityMonthly
   **   ~~~   ** ..Variable name=COGENERATION:ELECTRICITY not valid for this simulation.
   **   ~~~   ** ..i.e., Variable name=Meter:COGENERATION:ELECTRICITY not valid for this simulation.
   ** Warning ** Processing Monthly Tabular Reports: EndUseEnergyConsumptionNaturalGasMonthly
   **   ~~~   ** ..Variable name=EXTERIOREQUIPMENT:NATURALGAS not valid for this simulation.
   ** Warning ** Processing Monthly Tabular Reports: EndUseEnergyConsumptionNaturalGasMonthly
   **   ~~~   ** ..Variable name=COOLING:NATURALGAS not valid for this simulation.
   ** Warning ** Processing Monthly Tabular Reports: EndUseEnergyConsumptionNaturalGasMonthly
   **   ~~~   ** ..Variable name=COGENERATION:NATURALGAS not valid for this simulation.
   ** Warning ** Processing Monthly Tabular Reports: EndUseEnergyConsumptionNaturalGasMonthly
   **   ~~~   ** ..Variable name=HUMIDIFIER:NATURALGAS not valid for this simulation.
   ** Warning ** Processing Monthly Tabular Reports: EndUseEnergyConsumptionNaturalGasMonthly
   **   ~~~   ** ..Variable name=EXTERIOREQUIPMENT:NATURALGAS not valid for this simulation.
   **   ~~~   ** ..i.e., Variable name=Meter:EXTERIOREQUIPMENT:NATURALGAS not valid for this simulation.
   ** Warning ** Processing Monthly Tabular Reports: EndUseEnergyConsumptionNaturalGasMonthly
   **   ~~~   ** ..Variable name=COOLING:NATURALGAS not valid for this simulation.
   **   ~~~   ** ..i.e., Variable name=Meter:COOLING:NATURALGAS not valid for this simulation.
   ** Warning ** Processing Monthly Tabular Reports: EndUseEnergyConsumptionNaturalGasMonthly
   **   ~~~   ** ..Variable name=COGENERATION:NATURALGAS not valid for this simulation.
   **   ~~~   ** ..i.e., Variable name=Meter:COGENERATION:NATURALGAS not valid for this simulation.
   ** Warning ** Processing Monthly Tabular Reports: EndUseEnergyConsumptionNaturalGasMonthly
   **   ~~~   ** ..Variable name=HUMIDIFIER:NATURALGAS not valid for this simulation.
   **   ~~~   ** ..i.e., Variable name=Meter:HUMIDIFIER:NATURALGAS not valid for this simulation.
   ** Warning ** Processing Monthly Tabular Reports: EndUseEnergyConsumptionDieselMonthly
   **   ~~~   ** ..Variable name=EXTERIOREQUIPMENT:DIESEL not valid for this simulation.
   ** Warning ** Processing Monthly Tabular Reports: EndUseEnergyConsumptionDieselMonthly
   **   ~~~   ** ..Variable name=COOLING:DIESEL not valid for this simulation.
   ** Warning ** Processing Monthly Tabular Reports: EndUseEnergyConsumptionDieselMonthly
   **   ~~~   ** ..Variable name=HEATING:DIESEL not valid for this simulation.
   ** Warning ** Processing Monthly Tabular Reports: EndUseEnergyConsumptionDieselMonthly
   **   ~~~   ** ..Variable name=WATERSYSTEMS:DIESEL not valid for this simulation.
   ** Warning ** Processing Monthly Tabular Reports: EndUseEnergyConsumptionDieselMonthly
   **   ~~~   ** ..Variable name=COGENERATION:DIESEL not valid for this simulation.
   ** Warning ** Processing Monthly Tabular Reports: EndUseEnergyConsumptionFuelOilMonthly
   **   ~~~   ** ..Variable name=EXTERIOREQUIPMENT:FUELOILNO1 not valid for this simulation.
   ** Warning ** Processing Monthly Tabular Reports: EndUseEnergyConsumptionFuelOilMonthly
   **   ~~~   ** ..Variable name=COOLING:FUELOILNO1 not valid for this simulation.
   ** Warning ** Processing Monthly Tabular Reports: EndUseEnergyConsumptionFuelOilMonthly
   **   ~~~   ** ..Variable name=HEATING:FUELOILNO1 not valid for this simulation.
   ** Warning ** Processing Monthly Tabular Reports: EndUseEnergyConsumptionFuelOilMonthly
   **   ~~~   ** ..Variable name=WATERSYSTEMS:FUELOILNO1 not valid for this simulation.
   ** Warning ** Processing Monthly Tabular Reports: EndUseEnergyConsumptionFuelOilMonthly
   **   ~~~   ** ..Variable name=COGENERATION:FUELOILNO1 not valid for this simulation.
   ** Warning ** Processing Monthly Tabular Reports: EndUseEnergyConsumptionFuelOilMonthly
   **   ~~~   ** ..Variable name=EXTERIOREQUIPMENT:FUELOILNO2 not valid for this simulation.
   ** Warning ** Processing Monthly Tabular Reports: EndUseEnergyConsumptionFuelOilMonthly
   **   ~~~   ** ..Variable name=COOLING:FUELOILNO2 not valid for this simulation.
   ** Warning ** Processing Monthly Tabular Reports: EndUseEnergyConsumptionFuelOilMonthly
   **   ~~~   ** ..Variable name=HEATING:FUELOILNO2 not valid for this simulation.
   ** Warning ** Processing Monthly Tabular Reports: EndUseEnergyConsumptionFuelOilMonthly
   **   ~~~   ** ..Variable name=WATERSYSTEMS:FUELOILNO2 not valid for this simulation.
   ** Warning ** Processing Monthly Tabular Reports: EndUseEnergyConsumptionFuelOilMonthly
   **   ~~~   ** ..Variable name=COGENERATION:FUELOILNO2 not valid for this simulation.
   ** Warning ** Processing Monthly Tabular Reports: EndUseEnergyConsumptionCoalMonthly
   **   ~~~   ** ..Variable name=EXTERIOREQUIPMENT:COAL not valid for this simulation.
   ** Warning ** Processing Monthly Tabular Reports: EndUseEnergyConsumptionCoalMonthly
   **   ~~~   ** ..Variable name=HEATING:COAL not valid for this simulation.
   ** Warning ** Processing Monthly Tabular Reports: EndUseEnergyConsumptionCoalMonthly
   **   ~~~   ** ..Variable name=WATERSYSTEMS:COAL not valid for this simulation.
   ** Warning ** Processing Monthly Tabular Reports: EndUseEnergyConsumptionPropaneMonthly
   **   ~~~   ** ..Variable name=EXTERIOREQUIPMENT:PROPANE not valid for this simulation.
   ** Warning ** Processing Monthly Tabular Reports: EndUseEnergyConsumptionPropaneMonthly
   **   ~~~   ** ..Variable name=COOLING:PROPANE not valid for this simulation.
   ** Warning ** Processing Monthly Tabular Reports: EndUseEnergyConsumptionPropaneMonthly
   **   ~~~   ** ..Variable name=HEATING:PROPANE not valid for this simulation.
   ** Warning ** Processing Monthly Tabular Reports: EndUseEnergyConsumptionPropaneMonthly
   **   ~~~   ** ..Variable name=WATERSYSTEMS:PROPANE not valid for this simulation.
   ** Warning ** Processing Monthly Tabular Reports: EndUseEnergyConsumptionPropaneMonthly
   **   ~~~   ** ..Variable name=COGENERATION:PROPANE not valid for this simulation.
   ** Warning ** Processing Monthly Tabular Reports: EndUseEnergyConsumptionPropaneMonthly
   **   ~~~   ** ..Variable name=HUMIDIFIER:PROPANE not valid for this simulation.
   ** Warning ** Processing Monthly Tabular Reports: EndUseEnergyConsumptionGasolineMonthly
   **   ~~~   ** ..Variable name=EXTERIOREQUIPMENT:GASOLINE not valid for this simulation.
   ** Warning ** Processing Monthly Tabular Reports: EndUseEnergyConsumptionGasolineMonthly
   **   ~~~   ** ..Variable name=COOLING:GASOLINE not valid for this simulation.
   ** Warning ** Processing Monthly Tabular Reports: EndUseEnergyConsumptionGasolineMonthly
   **   ~~~   ** ..Variable name=HEATING:GASOLINE not valid for this simulation.
   ** Warning ** Processing Monthly Tabular Reports: EndUseEnergyConsumptionGasolineMonthly
   **   ~~~   ** ..Variable name=WATERSYSTEMS:GASOLINE not valid for this simulation.
   ** Warning ** Processing Monthly Tabular Reports: EndUseEnergyConsumptionGasolineMonthly
   **   ~~~   ** ..Variable name=COGENERATION:GASOLINE not valid for this simulation.
   ** Warning ** Processing Monthly Tabular Reports: EndUseEnergyConsumptionOtherFuelsMonthly
   **   ~~~   ** ..Variable name=EXTERIOREQUIPMENT:OTHERFUEL1 not valid for this simulation.
   ** Warning ** Processing Monthly Tabular Reports: EndUseEnergyConsumptionOtherFuelsMonthly
   **   ~~~   ** ..Variable name=COOLING:OTHERFUEL1 not valid for this simulation.
   ** Warning ** Processing Monthly Tabular Reports: EndUseEnergyConsumptionOtherFuelsMonthly
   **   ~~~   ** ..Variable name=HEATING:OTHERFUEL1 not valid for this simulation.
   ** Warning ** Processing Monthly Tabular Reports: EndUseEnergyConsumptionOtherFuelsMonthly
   **   ~~~   ** ..Variable name=WATERSYSTEMS:OTHERFUEL1 not valid for this simulation.
   ** Warning ** Processing Monthly Tabular Reports: EndUseEnergyConsumptionOtherFuelsMonthly
   **   ~~~   ** ..Variable name=COGENERATION:OTHERFUEL1 not valid for this simulation.
   ** Warning ** Processing Monthly Tabular Reports: EndUseEnergyConsumptionOtherFuelsMonthly
   **   ~~~   ** ..Variable name=EXTERIOREQUIPMENT:OTHERFUEL2 not valid for this simulation.
   ** Warning ** Processing Monthly Tabular Reports: EndUseEnergyConsumptionOtherFuelsMonthly
   **   ~~~   ** ..Variable name=COOLING:OTHERFUEL2 not valid for this simulation.
   ** Warning ** Processing Monthly Tabular Reports: EndUseEnergyConsumptionOtherFuelsMonthly
   **   ~~~   ** ..Variable name=HEATING:OTHERFUEL2 not valid for this simulation.
   ** Warning ** Processing Monthly Tabular Reports: EndUseEnergyConsumptionOtherFuelsMonthly
   **   ~~~   ** ..Variable name=WATERSYSTEMS:OTHERFUEL2 not valid for this simulation.
   ** Warning ** Processing Monthly Tabular Reports: EndUseEnergyConsumptionOtherFuelsMonthly
   **   ~~~   ** ..Variable name=COGENERATION:OTHERFUEL2 not valid for this simulation.
   ** Warning ** Processing Monthly Tabular Reports: PeakEnergyEndUseElectricityPart1Monthly
   **   ~~~   ** ..Variable name=EXTERIOREQUIPMENT:ELECTRICITY not valid for this simulation.
   ** Warning ** Processing Monthly Tabular Reports: PeakEnergyEndUseElectricityPart1Monthly
   **   ~~~   ** ..Variable name=EXTERIOREQUIPMENT:ELECTRICITY not valid for this simulation.
   **   ~~~   ** ..i.e., Variable name=Meter:EXTERIOREQUIPMENT:ELECTRICITY not valid for this simulation.
   ** Warning ** Processing Monthly Tabular Reports: PeakEnergyEndUseElectricityPart2Monthly
   **   ~~~   ** ..Variable name=HEATREJECTION:ELECTRICITY not valid for this simulation.
   ** Warning ** Processing Monthly Tabular Reports: PeakEnergyEndUseElectricityPart2Monthly
   **   ~~~   ** ..Variable name=HUMIDIFIER:ELECTRICITY not valid for this simulation.
   ** Warning ** Processing Monthly Tabular Reports: PeakEnergyEndUseElectricityPart2Monthly
   **   ~~~   ** ..Variable name=HEATRECOVERY:ELECTRICITY not valid for this simulation.
   ** Warning ** Processing Monthly Tabular Reports: PeakEnergyEndUseElectricityPart2Monthly
   **   ~~~   ** ..Variable name=WATERSYSTEMS:ELECTRICITY not valid for this simulation.
   ** Warning ** Processing Monthly Tabular Reports: PeakEnergyEndUseElectricityPart2Monthly
   **   ~~~   ** ..Variable name=COGENERATION:ELECTRICITY not valid for this simulation.
   ** Warning ** Processing Monthly Tabular Reports: PeakEnergyEndUseElectricityPart2Monthly
   **   ~~~   ** ..Variable name=HEATREJECTION:ELECTRICITY not valid for this simulation.
   **   ~~~   ** ..i.e., Variable name=Meter:HEATREJECTION:ELECTRICITY not valid for this simulation.
   ** Warning ** Processing Monthly Tabular Reports: PeakEnergyEndUseElectricityPart2Monthly
   **   ~~~   ** ..Variable name=HUMIDIFIER:ELECTRICITY not valid for this simulation.
   **   ~~~   ** ..i.e., Variable name=Meter:HUMIDIFIER:ELECTRICITY not valid for this simulation.
   ** Warning ** Processing Monthly Tabular Reports: PeakEnergyEndUseElectricityPart2Monthly
   **   ~~~   ** ..Variable name=HEATRECOVERY:ELECTRICITY not valid for this simulation.
   **   ~~~   ** ..i.e., Variable name=Meter:HEATRECOVERY:ELECTRICITY not valid for this simulation.
   ** Warning ** Processing Monthly Tabular Reports: PeakEnergyEndUseElectricityPart2Monthly
   **   ~~~   ** ..Variable name=WATERSYSTEMS:ELECTRICITY not valid for this simulation.
   **   ~~~   ** ..i.e., Variable name=Meter:WATERSYSTEMS:ELECTRICITY not valid for this simulation.
   ** Warning ** Processing Monthly Tabular Reports: PeakEnergyEndUseElectricityPart2Monthly
   **   ~~~   ** ..Variable name=COGENERATION:ELECTRICITY not valid for this simulation.
   **   ~~~   ** ..i.e., Variable name=Meter:COGENERATION:ELECTRICITY not valid for this simulation.
   ** Warning ** Processing Monthly Tabular Reports: ElectricComponentsOfPeakDemandMonthly
   **   ~~~   ** ..Variable name=EXTERIOREQUIPMENT:ELECTRICITY not valid for this simulation.
   ** Warning ** Processing Monthly Tabular Reports: ElectricComponentsOfPeakDemandMonthly
   **   ~~~   ** ..Variable name=HEATREJECTION:ELECTRICITY not valid for this simulation.
   ** Warning ** Processing Monthly Tabular Reports: ElectricComponentsOfPeakDemandMonthly
   **   ~~~   ** ..Variable name=EXTERIOREQUIPMENT:ELECTRICITY not valid for this simulation.
   **   ~~~   ** ..i.e., Variable name=Meter:EXTERIOREQUIPMENT:ELECTRICITY not valid for this simulation.
   ** Warning ** Processing Monthly Tabular Reports: ElectricComponentsOfPeakDemandMonthly
   **   ~~~   ** ..Variable name=HEATREJECTION:ELECTRICITY not valid for this simulation.
   **   ~~~   ** ..i.e., Variable name=Meter:HEATREJECTION:ELECTRICITY not valid for this simulation.
   ** Warning ** Processing Monthly Tabular Reports: PeakEnergyEndUseNaturalGasMonthly
   **   ~~~   ** ..Variable name=EXTERIOREQUIPMENT:NATURALGAS not valid for this simulation.
   ** Warning ** Processing Monthly Tabular Reports: PeakEnergyEndUseNaturalGasMonthly
   **   ~~~   ** ..Variable name=COOLING:NATURALGAS not valid for this simulation.
   ** Warning ** Processing Monthly Tabular Reports: PeakEnergyEndUseNaturalGasMonthly
   **   ~~~   ** ..Variable name=COGENERATION:NATURALGAS not valid for this simulation.
   ** Warning ** Processing Monthly Tabular Reports: PeakEnergyEndUseNaturalGasMonthly
   **   ~~~   ** ..Variable name=EXTERIOREQUIPMENT:NATURALGAS not valid for this simulation.
   **   ~~~   ** ..i.e., Variable name=Meter:EXTERIOREQUIPMENT:NATURALGAS not valid for this simulation.
   ** Warning ** Processing Monthly Tabular Reports: PeakEnergyEndUseNaturalGasMonthly
   **   ~~~   ** ..Variable name=COOLING:NATURALGAS not valid for this simulation.
   **   ~~~   ** ..i.e., Variable name=Meter:COOLING:NATURALGAS not valid for this simulation.
   ** Warning ** Processing Monthly Tabular Reports: PeakEnergyEndUseNaturalGasMonthly
   **   ~~~   ** ..Variable name=COGENERATION:NATURALGAS not valid for this simulation.
   **   ~~~   ** ..i.e., Variable name=Meter:COGENERATION:NATURALGAS not valid for this simulation.
   ** Warning ** Processing Monthly Tabular Reports: PeakEnergyEndUseDieselMonthly
   **   ~~~   ** ..Variable name=EXTERIOREQUIPMENT:DIESEL not valid for this simulation.
   ** Warning ** Processing Monthly Tabular Reports: PeakEnergyEndUseDieselMonthly
   **   ~~~   ** ..Variable name=COOLING:DIESEL not valid for this simulation.
   ** Warning ** Processing Monthly Tabular Reports: PeakEnergyEndUseDieselMonthly
   **   ~~~   ** ..Variable name=HEATING:DIESEL not valid for this simulation.
   ** Warning ** Processing Monthly Tabular Reports: PeakEnergyEndUseDieselMonthly
   **   ~~~   ** ..Variable name=WATERSYSTEMS:DIESEL not valid for this simulation.
   ** Warning ** Processing Monthly Tabular Reports: PeakEnergyEndUseDieselMonthly
   **   ~~~   ** ..Variable name=COGENERATION:DIESEL not valid for this simulation.
   ** Warning ** Processing Monthly Tabular Reports: PeakEnergyEndUseFuelOilMonthly
   **   ~~~   ** ..Variable name=EXTERIOREQUIPMENT:FUELOILNO1 not valid for this simulation.
   ** Warning ** Processing Monthly Tabular Reports: PeakEnergyEndUseFuelOilMonthly
   **   ~~~   ** ..Variable name=COOLING:FUELOILNO1 not valid for this simulation.
   ** Warning ** Processing Monthly Tabular Reports: PeakEnergyEndUseFuelOilMonthly
   **   ~~~   ** ..Variable name=HEATING:FUELOILNO1 not valid for this simulation.
   ** Warning ** Processing Monthly Tabular Reports: PeakEnergyEndUseFuelOilMonthly
   **   ~~~   ** ..Variable name=WATERSYSTEMS:FUELOILNO1 not valid for this simulation.
   ** Warning ** Processing Monthly Tabular Reports: PeakEnergyEndUseFuelOilMonthly
   **   ~~~   ** ..Variable name=COGENERATION:FUELOILNO1 not valid for this simulation.
   ** Warning ** Processing Monthly Tabular Reports: PeakEnergyEndUseFuelOilMonthly
   **   ~~~   ** ..Variable name=EXTERIOREQUIPMENT:FUELOILNO2 not valid for this simulation.
   ** Warning ** Processing Monthly Tabular Reports: PeakEnergyEndUseFuelOilMonthly
   **   ~~~   ** ..Variable name=COOLING:FUELOILNO2 not valid for this simulation.
   ** Warning ** Processing Monthly Tabular Reports: PeakEnergyEndUseFuelOilMonthly
   **   ~~~   ** ..Variable name=HEATING:FUELOILNO2 not valid for this simulation.
   ** Warning ** Processing Monthly Tabular Reports: PeakEnergyEndUseFuelOilMonthly
   **   ~~~   ** ..Variable name=WATERSYSTEMS:FUELOILNO2 not valid for this simulation.
   ** Warning ** Processing Monthly Tabular Reports: PeakEnergyEndUseFuelOilMonthly
   **   ~~~   ** ..Variable name=COGENERATION:FUELOILNO2 not valid for this simulation.
   ** Warning ** Processing Monthly Tabular Reports: PeakEnergyEndUseCoalMonthly
   **   ~~~   ** ..Variable name=EXTERIOREQUIPMENT:COAL not valid for this simulation.
   ** Warning ** Processing Monthly Tabular Reports: PeakEnergyEndUseCoalMonthly
   **   ~~~   ** ..Variable name=HEATING:COAL not valid for this simulation.
   ** Warning ** Processing Monthly Tabular Reports: PeakEnergyEndUseCoalMonthly
   **   ~~~   ** ..Variable name=WATERSYSTEMS:COAL not valid for this simulation.
   ** Warning ** Processing Monthly Tabular Reports: PeakEnergyEndUsePropaneMonthly
   **   ~~~   ** ..Variable name=EXTERIOREQUIPMENT:PROPANE not valid for this simulation.
   ** Warning ** Processing Monthly Tabular Reports: PeakEnergyEndUsePropaneMonthly
   **   ~~~   ** ..Variable name=COOLING:PROPANE not valid for this simulation.
   ** Warning ** Processing Monthly Tabular Reports: PeakEnergyEndUsePropaneMonthly
   **   ~~~   ** ..Variable name=HEATING:PROPANE not valid for this simulation.
   ** Warning ** Processing Monthly Tabular Reports: PeakEnergyEndUsePropaneMonthly
   **   ~~~   ** ..Variable name=WATERSYSTEMS:PROPANE not valid for this simulation.
   ** Warning ** Processing Monthly Tabular Reports: PeakEnergyEndUsePropaneMonthly
   **   ~~~   ** ..Variable name=COGENERATION:PROPANE not valid for this simulation.
   ** Warning ** Processing Monthly Tabular Reports: PeakEnergyEndUseGasolineMonthly
   **   ~~~   ** ..Variable name=EXTERIOREQUIPMENT:GASOLINE not valid for this simulation.
   ** Warning ** Processing Monthly Tabular Reports: PeakEnergyEndUseGasolineMonthly
   **   ~~~   ** ..Variable name=COOLING:GASOLINE not valid for this simulation.
   ** Warning ** Processing Monthly Tabular Reports: PeakEnergyEndUseGasolineMonthly
   **   ~~~   ** ..Variable name=HEATING:GASOLINE not valid for this simulation.
   ** Warning ** Processing Monthly Tabular Reports: PeakEnergyEndUseGasolineMonthly
   **   ~~~   ** ..Variable name=WATERSYSTEMS:GASOLINE not valid for this simulation.
   ** Warning ** Processing Monthly Tabular Reports: PeakEnergyEndUseGasolineMonthly
   **   ~~~   ** ..Variable name=COGENERATION:GASOLINE not valid for this simulation.
   ** Warning ** Processing Monthly Tabular Reports: PeakEnergyEndUseOtherFuelsMonthly
   **   ~~~   ** ..Variable name=EXTERIOREQUIPMENT:OTHERFUEL1 not valid for this simulation.
   ** Warning ** Processing Monthly Tabular Reports: PeakEnergyEndUseOtherFuelsMonthly
   **   ~~~   ** ..Variable name=COOLING:OTHERFUEL1 not valid for this simulation.
   ** Warning ** Processing Monthly Tabular Reports: PeakEnergyEndUseOtherFuelsMonthly
   **   ~~~   ** ..Variable name=HEATING:OTHERFUEL1 not valid for this simulation.
   ** Warning ** Processing Monthly Tabular Reports: PeakEnergyEndUseOtherFuelsMonthly
   **   ~~~   ** ..Variable name=WATERSYSTEMS:OTHERFUEL1 not valid for this simulation.
   ** Warning ** Processing Monthly Tabular Reports: PeakEnergyEndUseOtherFuelsMonthly
   **   ~~~   ** ..Variable name=COGENERATION:OTHERFUEL1 not valid for this simulation.
   ** Warning ** Processing Monthly Tabular Reports: PeakEnergyEndUseOtherFuelsMonthly
   **   ~~~   ** ..Variable name=EXTERIOREQUIPMENT:OTHERFUEL2 not valid for this simulation.
   ** Warning ** Processing Monthly Tabular Reports: PeakEnergyEndUseOtherFuelsMonthly
   **   ~~~   ** ..Variable name=COOLING:OTHERFUEL2 not valid for this simulation.
   ** Warning ** Processing Monthly Tabular Reports: PeakEnergyEndUseOtherFuelsMonthly
   **   ~~~   ** ..Variable name=HEATING:OTHERFUEL2 not valid for this simulation.
   ** Warning ** Processing Monthly Tabular Reports: PeakEnergyEndUseOtherFuelsMonthly
   **   ~~~   ** ..Variable name=WATERSYSTEMS:OTHERFUEL2 not valid for this simulation.
   ** Warning ** Processing Monthly Tabular Reports: PeakEnergyEndUseOtherFuelsMonthly
   **   ~~~   ** ..Variable name=COGENERATION:OTHERFUEL2 not valid for this simulation.
   ** Warning ** Processing Monthly Tabular Reports: UnglazedTranspiredSolarCollectorSummaryMonthly
   **   ~~~   ** ..Variable name=SOLAR COLLECTOR SYSTEM EFFICIENCY not valid for this simulation.
   ** Warning ** Processing Monthly Tabular Reports: UnglazedTranspiredSolarCollectorSummaryMonthly
   **   ~~~   ** ..Variable name=SOLAR COLLECTOR SYSTEM EFFICIENCY not valid for this simulation.
   ** Warning ** Processing Monthly Tabular Reports: UnglazedTranspiredSolarCollectorSummaryMonthly
   **   ~~~   ** ..Variable name=SOLAR COLLECTOR OUTSIDE FACE SUCTION VELOCITY not valid for this simulation.
   ** Warning ** Processing Monthly Tabular Reports: UnglazedTranspiredSolarCollectorSummaryMonthly
   **   ~~~   ** ..Variable name=SOLAR COLLECTOR SENSIBLE HEATING RATE not valid for this simulation.
   ** Warning ** Processing Monthly Tabular Reports: ChillerReportMonthly
   **   ~~~   ** ..Variable name=CHILLER ELECTRICITY ENERGY not valid for this simulation.
   ** Warning ** Processing Monthly Tabular Reports: ChillerReportMonthly
   **   ~~~   ** ..Variable name=CHILLER ELECTRICITY RATE not valid for this simulation.
   ** Warning ** Processing Monthly Tabular Reports: ChillerReportMonthly
   **   ~~~   ** ..Variable name=CHILLER ELECTRICITY ENERGY not valid for this simulation.
   ** Warning ** Processing Monthly Tabular Reports: ChillerReportMonthly
   **   ~~~   ** ..Variable name=CHILLER EVAPORATOR COOLING ENERGY not valid for this simulation.
   ** Warning ** Processing Monthly Tabular Reports: ChillerReportMonthly
   **   ~~~   ** ..Variable name=CHILLER EVAPORATOR COOLING RATE not valid for this simulation.
   ** Warning ** Processing Monthly Tabular Reports: ChillerReportMonthly
   **   ~~~   ** ..Variable name=CHILLER CONDENSER HEAT TRANSFER ENERGY not valid for this simulation.
   ** Warning ** Processing Monthly Tabular Reports: ChillerReportMonthly
   **   ~~~   ** ..Variable name=CHILLER COP not valid for this simulation.
   ** Warning ** Processing Monthly Tabular Reports: ChillerReportMonthly
   **   ~~~   ** ..Variable name=CHILLER COP not valid for this simulation.
   ** Warning ** Processing Monthly Tabular Reports: ChillerReportMonthly
   **   ~~~   ** ..Variable name=CHILLER PART LOAD RATIO not valid for this simulation.
   ** Warning ** Processing Monthly Tabular Reports: ChillerReportMonthly
   **   ~~~   ** ..Variable name=CHILLER PART LOAD RATIO not valid for this simulation.
   ** Warning ** Processing Monthly Tabular Reports: TowerReportMonthly
   **   ~~~   ** ..Variable name=COOLING TOWER FAN ELECTRICITY ENERGY not valid for this simulation.
   ** Warning ** Processing Monthly Tabular Reports: TowerReportMonthly
   **   ~~~   ** ..Variable name=COOLING TOWER FAN ELECTRICITY ENERGY not valid for this simulation.
   ** Warning ** Processing Monthly Tabular Reports: TowerReportMonthly
   **   ~~~   ** ..Variable name=COOLING TOWER FAN ELECTRICITY RATE not valid for this simulation.
   ** Warning ** Processing Monthly Tabular Reports: TowerReportMonthly
   **   ~~~   ** ..Variable name=COOLING TOWER HEAT TRANSFER RATE not valid for this simulation.
   ** Warning ** Processing Monthly Tabular Reports: TowerReportMonthly
   **   ~~~   ** ..Variable name=COOLING TOWER INLET TEMPERATURE not valid for this simulation.
   ** Warning ** Processing Monthly Tabular Reports: TowerReportMonthly
   **   ~~~   ** ..Variable name=COOLING TOWER OUTLET TEMPERATURE not valid for this simulation.
   ** Warning ** Processing Monthly Tabular Reports: TowerReportMonthly
   **   ~~~   ** ..Variable name=COOLING TOWER MASS FLOW RATE not valid for this simulation.
   ** Warning ** Processing Monthly Tabular Reports: BoilerReportMonthly
   **   ~~~   ** ..Variable name=BOILER HEATING ENERGY not valid for this simulation.
   ** Warning ** Processing Monthly Tabular Reports: BoilerReportMonthly
   **   ~~~   ** ..Variable name=BOILER GAS CONSUMPTION not valid for this simulation.
   ** Warning ** Processing Monthly Tabular Reports: BoilerReportMonthly
   **   ~~~   ** ..Variable name=BOILER HEATING ENERGY not valid for this simulation.
   ** Warning ** Processing Monthly Tabular Reports: BoilerReportMonthly
   **   ~~~   ** ..Variable name=BOILER HEATING RATE not valid for this simulation.
   ** Warning ** Processing Monthly Tabular Reports: BoilerReportMonthly
   **   ~~~   ** ..Variable name=BOILER GAS CONSUMPTION RATE not valid for this simulation.
   ** Warning ** Processing Monthly Tabular Reports: BoilerReportMonthly
   **   ~~~   ** ..Variable name=BOILER INLET TEMPERATURE not valid for this simulation.
   ** Warning ** Processing Monthly Tabular Reports: BoilerReportMonthly
   **   ~~~   ** ..Variable name=BOILER OUTLET TEMPERATURE not valid for this simulation.
   ** Warning ** Processing Monthly Tabular Reports: BoilerReportMonthly
   **   ~~~   ** ..Variable name=BOILER MASS FLOW RATE not valid for this simulation.
   ** Warning ** Processing Monthly Tabular Reports: BoilerReportMonthly
   **   ~~~   ** ..Variable name=BOILER ANCILLARY ELECTRICITY RATE not valid for this simulation.
   ** Warning ** Processing Monthly Tabular Reports: BoilerReportMonthly
   **   ~~~   ** ..Variable name=BOILER PART LOAD RATIO not valid for this simulation.
   ** Warning ** Processing Monthly Tabular Reports: BoilerReportMonthly
   **   ~~~   ** ..Variable name=BOILER PART LOAD RATIO not valid for this simulation.
   ** Warning ** Processing Monthly Tabular Reports: WindowACReportMonthly
   **   ~~~   ** ..Variable name=ZONE WINDOW AIR CONDITIONER TOTAL COOLING ENERGY not valid for this simulation.
   ** Warning ** Processing Monthly Tabular Reports: WindowACReportMonthly
   **   ~~~   ** ..Variable name=ZONE WINDOW AIR CONDITIONER ELECTRICITY ENERGY not valid for this simulation.
   ** Warning ** Processing Monthly Tabular Reports: WindowACReportMonthly
   **   ~~~   ** ..Variable name=ZONE WINDOW AIR CONDITIONER TOTAL COOLING ENERGY not valid for this simulation.
   ** Warning ** Processing Monthly Tabular Reports: WindowACReportMonthly
   **   ~~~   ** ..Variable name=ZONE WINDOW AIR CONDITIONER SENSIBLE COOLING ENERGY not valid for this simulation.
   ** Warning ** Processing Monthly Tabular Reports: WindowACReportMonthly
   **   ~~~   ** ..Variable name=ZONE WINDOW AIR CONDITIONER LATENT COOLING ENERGY not valid for this simulation.
   ** Warning ** Processing Monthly Tabular Reports: WindowACReportMonthly
   **   ~~~   ** ..Variable name=ZONE WINDOW AIR CONDITIONER TOTAL COOLING RATE not valid for this simulation.
   ** Warning ** Processing Monthly Tabular Reports: WindowACReportMonthly
   **   ~~~   ** ..Variable name=ZONE WINDOW AIR CONDITIONER SENSIBLE COOLING RATE not valid for this simulation.
   ** Warning ** Processing Monthly Tabular Reports: WindowACReportMonthly
   **   ~~~   ** ..Variable name=ZONE WINDOW AIR CONDITIONER LATENT COOLING RATE not valid for this simulation.
   ** Warning ** Processing Monthly Tabular Reports: WindowACReportMonthly
   **   ~~~   ** ..Variable name=ZONE WINDOW AIR CONDITIONER ELECTRICITY RATE not valid for this simulation.
   ** Warning ** Processing Monthly Tabular Reports: WaterHeaterReportMonthly
   **   ~~~   ** ..Variable name=WATER HEATER BURNER HEATING ENERGY not valid for this simulation.
   ** Warning ** Processing Monthly Tabular Reports: WaterHeaterReportMonthly
   **   ~~~   ** ..Variable name=WATER HEATER GAS CONSUMPTION not valid for this simulation.
   ** Warning ** Processing Monthly Tabular Reports: WaterHeaterReportMonthly
   **   ~~~   ** ..Variable name=WATER HEATER LOSS DEMAND ENERGY not valid for this simulation.
   ** Warning ** Processing Monthly Tabular Reports: WaterHeaterReportMonthly
   **   ~~~   ** ..Variable name=WATER HEATER HEAT RECOVERY SUPPLY ENERGY not valid for this simulation.
   ** Warning ** Processing Monthly Tabular Reports: WaterHeaterReportMonthly
   **   ~~~   ** ..Variable name=WATER HEATER SOURCE ENERGY not valid for this simulation.
   ** Warning ** Processing Monthly Tabular Reports: WaterHeaterReportMonthly
   **   ~~~   ** ..Variable name=WATER HEATER BURNER HEATING ENERGY not valid for this simulation.
   **   ~~~   ** ..i.e., Variable name=SWHSYS1 WATER HEATER:WATER HEATER BURNER HEATING ENERGY not valid for this simulation.
   ** Warning ** Processing Monthly Tabular Reports: WaterHeaterReportMonthly
   **   ~~~   ** ..Variable name=WATER HEATER GAS CONSUMPTION not valid for this simulation.
   **   ~~~   ** ..i.e., Variable name=SWHSYS1 WATER HEATER:WATER HEATER GAS CONSUMPTION not valid for this simulation.
   ** Warning ** Processing Monthly Tabular Reports: WaterHeaterReportMonthly
   **   ~~~   ** ..Variable name=WATER HEATER LOSS DEMAND ENERGY not valid for this simulation.
   **   ~~~   ** ..i.e., Variable name=SWHSYS1 WATER HEATER:WATER HEATER LOSS DEMAND ENERGY not valid for this simulation.
   ** Warning ** Processing Monthly Tabular Reports: WaterHeaterReportMonthly
   **   ~~~   ** ..Variable name=WATER HEATER HEAT RECOVERY SUPPLY ENERGY not valid for this simulation.
   **   ~~~   ** ..i.e., Variable name=SWHSYS1 WATER HEATER:WATER HEATER HEAT RECOVERY SUPPLY ENERGY not valid for this simulation.
   ** Warning ** Processing Monthly Tabular Reports: WaterHeaterReportMonthly
   **   ~~~   ** ..Variable name=WATER HEATER SOURCE ENERGY not valid for this simulation.
   **   ~~~   ** ..i.e., Variable name=SWHSYS1 WATER HEATER:WATER HEATER SOURCE ENERGY not valid for this simulation.
   ** Warning ** Processing Monthly Tabular Reports: GeneratorReportMonthly
   **   ~~~   ** ..Variable name=GENERATOR PRODUCED AC ELECTRICITY ENERGY not valid for this simulation.
   ** Warning ** Processing Monthly Tabular Reports: GeneratorReportMonthly
   **   ~~~   ** ..Variable name=GENERATOR DIESEL CONSUMPTION not valid for this simulation.
   ** Warning ** Processing Monthly Tabular Reports: GeneratorReportMonthly
   **   ~~~   ** ..Variable name=GENERATOR GAS CONSUMPTION not valid for this simulation.
   ** Warning ** Processing Monthly Tabular Reports: GeneratorReportMonthly
   **   ~~~   ** ..Variable name=GENERATOR PRODUCED AC ELECTRICITY ENERGY not valid for this simulation.
   ** Warning ** Processing Monthly Tabular Reports: GeneratorReportMonthly
   **   ~~~   ** ..Variable name=GENERATOR TOTAL HEAT RECOVERY not valid for this simulation.
   ** Warning ** Processing Monthly Tabular Reports: GeneratorReportMonthly
   **   ~~~   ** ..Variable name=GENERATOR JACKET HEAT RECOVERY ENERGY not valid for this simulation.
   ** Warning ** Processing Monthly Tabular Reports: GeneratorReportMonthly
   **   ~~~   ** ..Variable name=GENERATOR LUBE HEAT RECOVERY not valid for this simulation.
   ** Warning ** Processing Monthly Tabular Reports: GeneratorReportMonthly
   **   ~~~   ** ..Variable name=GENERATOR EXHAUST HEAT RECOVERY ENERGY not valid for this simulation.
   ** Warning ** Processing Monthly Tabular Reports: GeneratorReportMonthly
   **   ~~~   ** ..Variable name=GENERATOR EXHAUST AIR TEMPERATURE not valid for this simulation.
   ** Warning ** Processing Monthly Tabular Reports: CoilReportMonthly
   **   ~~~   ** ..Variable name=COOLING COIL WETTED AREA FRACTION not valid for this simulation.
   ** Warning ** Processing Monthly Tabular Reports: CoilReportMonthly
   **   ~~~   ** ..Variable name=COOLING COIL TOTAL COOLING ENERGY not valid for this simulation.
   **   ~~~   ** ..i.e., Variable name=PSZ-AC_1:1 HEATING COIL:COOLING COIL TOTAL COOLING ENERGY not valid for this simulation.
   ** Warning ** Processing Monthly Tabular Reports: CoilReportMonthly
   **   ~~~   ** ..Variable name=COOLING COIL SENSIBLE COOLING ENERGY not valid for this simulation.
   **   ~~~   ** ..i.e., Variable name=PSZ-AC_1:1 HEATING COIL:COOLING COIL SENSIBLE COOLING ENERGY not valid for this simulation.
   ** Warning ** Processing Monthly Tabular Reports: CoilReportMonthly
   **   ~~~   ** ..Variable name=COOLING COIL TOTAL COOLING RATE not valid for this simulation.
   **   ~~~   ** ..i.e., Variable name=PSZ-AC_1:1 HEATING COIL:COOLING COIL TOTAL COOLING RATE not valid for this simulation.
   ** Warning ** Processing Monthly Tabular Reports: CoilReportMonthly
   **   ~~~   ** ..Variable name=COOLING COIL SENSIBLE COOLING RATE not valid for this simulation.
   **   ~~~   ** ..i.e., Variable name=PSZ-AC_1:1 HEATING COIL:COOLING COIL SENSIBLE COOLING RATE not valid for this simulation.
   ** Warning ** Processing Monthly Tabular Reports: CoilReportMonthly
   **   ~~~   ** ..Variable name=COOLING COIL WETTED AREA FRACTION not valid for this simulation.
   **   ~~~   ** ..i.e., Variable name=PSZ-AC_1:1 HEATING COIL:COOLING COIL WETTED AREA FRACTION not valid for this simulation.
   ** Warning ** Processing Monthly Tabular Reports: CoilReportMonthly
   **   ~~~   ** ..Variable name=COOLING COIL TOTAL COOLING ENERGY not valid for this simulation.
   **   ~~~   ** ..i.e., Variable name=PSZ-AC_2:2 HEATING COIL:COOLING COIL TOTAL COOLING ENERGY not valid for this simulation.
   ** Warning ** Processing Monthly Tabular Reports: CoilReportMonthly
   **   ~~~   ** ..Variable name=COOLING COIL SENSIBLE COOLING ENERGY not valid for this simulation.
   **   ~~~   ** ..i.e., Variable name=PSZ-AC_2:2 HEATING COIL:COOLING COIL SENSIBLE COOLING ENERGY not valid for this simulation.
   ** Warning ** Processing Monthly Tabular Reports: CoilReportMonthly
   **   ~~~   ** ..Variable name=COOLING COIL TOTAL COOLING RATE not valid for this simulation.
   **   ~~~   ** ..i.e., Variable name=PSZ-AC_2:2 HEATING COIL:COOLING COIL TOTAL COOLING RATE not valid for this simulation.
   ** Warning ** Processing Monthly Tabular Reports: CoilReportMonthly
   **   ~~~   ** ..Variable name=COOLING COIL SENSIBLE COOLING RATE not valid for this simulation.
   **   ~~~   ** ..i.e., Variable name=PSZ-AC_2:2 HEATING COIL:COOLING COIL SENSIBLE COOLING RATE not valid for this simulation.
   ** Warning ** Processing Monthly Tabular Reports: CoilReportMonthly
   **   ~~~   ** ..Variable name=COOLING COIL WETTED AREA FRACTION not valid for this simulation.
   **   ~~~   ** ..i.e., Variable name=PSZ-AC_2:2 HEATING COIL:COOLING COIL WETTED AREA FRACTION not valid for this simulation.
   ** Warning ** Processing Monthly Tabular Reports: CoilReportMonthly
   **   ~~~   ** ..Variable name=HEATING COIL HEATING ENERGY not valid for this simulation.
   **   ~~~   ** ..i.e., Variable name=PSZ-AC_1:1 COOLING COIL:HEATING COIL HEATING ENERGY not valid for this simulation.
   ** Warning ** Processing Monthly Tabular Reports: CoilReportMonthly
   **   ~~~   ** ..Variable name=HEATING COIL HEATING RATE not valid for this simulation.
   **   ~~~   ** ..i.e., Variable name=PSZ-AC_1:1 COOLING COIL:HEATING COIL HEATING RATE not valid for this simulation.
   ** Warning ** Processing Monthly Tabular Reports: CoilReportMonthly
   **   ~~~   ** ..Variable name=COOLING COIL WETTED AREA FRACTION not valid for this simulation.
   **   ~~~   ** ..i.e., Variable name=PSZ-AC_1:1 COOLING COIL:COOLING COIL WETTED AREA FRACTION not valid for this simulation.
   ** Warning ** Processing Monthly Tabular Reports: CoilReportMonthly
   **   ~~~   ** ..Variable name=HEATING COIL HEATING ENERGY not valid for this simulation.
   **   ~~~   ** ..i.e., Variable name=PSZ-AC_2:2 COOLING COIL:HEATING COIL HEATING ENERGY not valid for this simulation.
   ** Warning ** Processing Monthly Tabular Reports: CoilReportMonthly
   **   ~~~   ** ..Variable name=HEATING COIL HEATING RATE not valid for this simulation.
   **   ~~~   ** ..i.e., Variable name=PSZ-AC_2:2 COOLING COIL:HEATING COIL HEATING RATE not valid for this simulation.
   ** Warning ** Processing Monthly Tabular Reports: CoilReportMonthly
   **   ~~~   ** ..Variable name=COOLING COIL WETTED AREA FRACTION not valid for this simulation.
   **   ~~~   ** ..i.e., Variable name=PSZ-AC_2:2 COOLING COIL:COOLING COIL WETTED AREA FRACTION not valid for this simulation.
   ** Warning ** Processing Monthly Tabular Reports: ZoneTemperatureOscillationReportMonthly
   **   ~~~   ** ..Variable name=ZONE PEOPLE OCCUPANT COUNT not valid for this simulation.
   **   ~~~   ** ..i.e., Variable name=ATTIC:ZONE PEOPLE OCCUPANT COUNT not valid for this simulation.
   ** Warning ** Processing Monthly Tabular Reports: AirLoopSystemEnergyAndWaterUseMonthly
   **   ~~~   ** ..Variable name=AIR SYSTEM NATURAL GAS ENERGY not valid for this simulation.
   ** Warning ** Processing Monthly Tabular Reports: AirLoopSystemEnergyAndWaterUseMonthly
   **   ~~~   ** ..Variable name=AIR SYSTEM NATURAL GAS ENERGY not valid for this simulation.
   **   ~~~   ** ..i.e., Variable name=PSZ-AC_1:1:AIR SYSTEM NATURAL GAS ENERGY not valid for this simulation.
   ** Warning ** Processing Monthly Tabular Reports: AirLoopSystemEnergyAndWaterUseMonthly
   **   ~~~   ** ..Variable name=AIR SYSTEM NATURAL GAS ENERGY not valid for this simulation.
   **   ~~~   ** ..i.e., Variable name=PSZ-AC_2:2:AIR SYSTEM NATURAL GAS ENERGY not valid for this simulation.
   ** Warning ** Processing Monthly Tabular Reports: AirLoopSystemComponentEnergyUseMonthly
   **   ~~~   ** ..Variable name=AIR SYSTEM HEATING COIL NATURAL GAS ENERGY not valid for this simulation.
   ** Warning ** Processing Monthly Tabular Reports: AirLoopSystemComponentEnergyUseMonthly
   **   ~~~   ** ..Variable name=AIR SYSTEM HUMIDIFIER NATURAL GAS ENERGY not valid for this simulation.
   ** Warning ** Processing Monthly Tabular Reports: AirLoopSystemComponentEnergyUseMonthly
   **   ~~~   ** ..Variable name=AIR SYSTEM HEATING COIL NATURAL GAS ENERGY not valid for this simulation.
   **   ~~~   ** ..i.e., Variable name=PSZ-AC_1:1:AIR SYSTEM HEATING COIL NATURAL GAS ENERGY not valid for this simulation.
   ** Warning ** Processing Monthly Tabular Reports: AirLoopSystemComponentEnergyUseMonthly
   **   ~~~   ** ..Variable name=AIR SYSTEM HUMIDIFIER NATURAL GAS ENERGY not valid for this simulation.
   **   ~~~   ** ..i.e., Variable name=PSZ-AC_1:1:AIR SYSTEM HUMIDIFIER NATURAL GAS ENERGY not valid for this simulation.
   ** Warning ** Processing Monthly Tabular Reports: AirLoopSystemComponentEnergyUseMonthly
   **   ~~~   ** ..Variable name=AIR SYSTEM HEATING COIL NATURAL GAS ENERGY not valid for this simulation.
   **   ~~~   ** ..i.e., Variable name=PSZ-AC_2:2:AIR SYSTEM HEATING COIL NATURAL GAS ENERGY not valid for this simulation.
   ** Warning ** Processing Monthly Tabular Reports: AirLoopSystemComponentEnergyUseMonthly
   **   ~~~   ** ..Variable name=AIR SYSTEM HUMIDIFIER NATURAL GAS ENERGY not valid for this simulation.
   **   ~~~   ** ..i.e., Variable name=PSZ-AC_2:2:AIR SYSTEM HUMIDIFIER NATURAL GAS ENERGY not valid for this simulation.
   ** Warning ** In zone DINING there is unbalanced air flow. Load due to induced outdoor air is neglected.
   **   ~~~   **  Environment=RUNPERIOD 1, at Simulation time=01/01 01:04 - 01:06
   **   ~~~   **   Flows [m3/s]: Inlets: 0.112078  Unbalanced exhausts: 0.416093  Returns: 0.000000
   **   ~~~   **   Infiltration: 1.190166E-002  Zone Ventilation: 0.000000  Mixing (incoming): 0.000000
   **   ~~~   **   Imbalance (excess outflow): 0.292113  Total system OA flow (for all airloops serving this zone): 0.646609
   **   ~~~   **   This error will only be reported once per zone.
   ** Warning ** SimHVAC: Maximum iterations (20) exceeded for all HVAC loops, at RUNPERIOD 1, 01/01 01:04 - 01:06
   **   ~~~   ** The solution for one or more of the Air Loop HVAC systems did not appear to converge
   **   ~~~   ** Air System Named = PSZ-AC_1:1 did not converge for mass flow rate
   **   ~~~   ** Check values should be zero. Most Recent values listed first.
   **   ~~~   ** Demand-to-Supply interface mass flow rate check value iteration history trace: 0.514588,0.514588,0.514588,0.514588,0.514588,0.000000,0.514588,0.514588,0.514588,0.514588,
   **   ~~~   ** Supply-to-demand interface deck 1 mass flow rate check value iteration history trace: 0.865315,0.865315,0.865315,0.865315,0.865315,0.865315,0.865315,0.865315,0.865315,0.865315,
   **   ~~~   ** Air System Named = PSZ-AC_1:1 did not converge for temperature
   **   ~~~   ** Check values should be zero. Most Recent values listed first.
   **   ~~~   ** Demand-to-Supply interface temperature check value iteration history trace: 0.000000,0.000000,0.000000,0.000000,0.000000,0.000000,0.000000,0.000000,0.000000,0.000000,
   **   ~~~   ** Supply-to-demand interface deck 1 temperature check value iteration history trace: 23.526801,23.526801,23.526801,23.526801,0.000000,23.526801,23.526801,23.526801,23.526801,23.526801,
   **   ~~~   ** Air System Named = PSZ-AC_1:1 did not converge for energy
   **   ~~~   ** Check values should be zero. Most Recent values listed first.
   **   ~~~   ** Demand-to-Supply interface energy check value iteration history trace: 10182.468901,10182.468901,10182.468901,10182.468901,10182.468901,0.000000,10182.468901,10182.468901,10182.468901,10182.468901,
   **   ~~~   ** Supply-to-demand interface deck 1 energy check value iteration history trace: 5461.862666,-5461.862666,5461.862666,-5461.862666,8518.583659,5461.862666,-5461.862666,5461.862666,-5461.862666,5461.862666,
   **   ~~~   ** Node named DINING DIRECT AIR INLET NODE shows oscillating humidity ratio across iterations with a repeated value of 2.807408E-004
   **   ~~~   ** Node named DINING DIRECT AIR INLET NODE humidity ratio [kg-water/kg-dryair] iteration history trace (most recent first): 2.807408E-004,3.249504E-004,2.807408E-004,3.249504E-004,2.807408E-004,3.249504E-004,2.807408E-004,3.249504E-004,2.807408E-004,3.249504E-004,
   **   ~~~   ** Node named DINING DIRECT AIR INLET NODE shows oscillating mass flow rate across iterations with a repeated value of 0.994614
   **   ~~~   ** Node named DINING DIRECT AIR INLET NODE mass flow rate [kg/s] iteration history trace (most recent first): 0.994614,0.129299,0.994614,0.129299,0.994614,0.129299,0.994614,0.129299,0.994614,0.129299,
   **   ~~~   ** Node named DINING DIRECT AIR INLET NODE shows oscillating temperatures across iterations with a repeated value of 9.797034
   **   ~~~   ** Node named DINING DIRECT AIR INLET NODE temperature [C] iteration history trace (most recent first): 9.797034,33.323835,9.797034,33.323835,9.797034,33.323835,9.797034,33.323835,9.797034,33.323835,
   ** Severe  ** CheckAirLoopFlowBalance: AirLoopHVAC PSZ-AC_1:1 is unbalanced. Supply is > return plus outdoor air.
   **   ~~~   **  Environment=RUNPERIOD 1, at Simulation time=01/01 01:04 - 01:06
   **   ~~~   **   Flows [m3/s at standard density]: Supply=0.862146  Return=0.446053  Outdoor Air=8.405854E-002
   **   ~~~   **   Imbalance=0.332034
   **   ~~~   **   This error will only be reported once per system.
   ** Warning ** SimHVAC: Maximum iterations (20) exceeded for all HVAC loops, at RUNPERIOD 1, 01/01 01:07 - 01:09
   **   ~~~   ** The solution for one or more of the Air Loop HVAC systems did not appear to converge
   **   ~~~   ** Air System Named = PSZ-AC_1:1 did not converge for mass flow rate
   **   ~~~   ** Check values should be zero. Most Recent values listed first.
   **   ~~~   ** Demand-to-Supply interface mass flow rate check value iteration history trace: 0.514588,0.514588,0.514588,0.514588,0.514588,0.000000,0.514588,0.514588,0.514588,0.514588,
   **   ~~~   ** Supply-to-demand interface deck 1 mass flow rate check value iteration history trace: 0.589327,0.589327,0.589327,0.589327,0.589327,0.589327,0.589327,0.589327,0.589327,0.589327,
   **   ~~~   ** Air System Named = PSZ-AC_1:1 did not converge for temperature
   **   ~~~   ** Check values should be zero. Most Recent values listed first.
   **   ~~~   ** Demand-to-Supply interface temperature check value iteration history trace: 0.000000,0.000000,0.000000,0.000000,0.000000,0.000000,0.000000,0.000000,0.000000,0.000000,
   **   ~~~   ** Supply-to-demand interface deck 1 temperature check value iteration history trace: 23.369566,23.369566,23.369566,23.369566,0.000000,23.369566,23.369566,23.369566,23.369566,23.369566,
   **   ~~~   ** Air System Named = PSZ-AC_1:1 did not converge for energy
   **   ~~~   ** Check values should be zero. Most Recent values listed first.
   **   ~~~   ** Demand-to-Supply interface energy check value iteration history trace: 10025.079077,10025.079077,10025.079077,10025.079077,10025.079077,0.000000,10025.079077,10025.079077,10025.079077,10025.079077,
   **   ~~~   ** Supply-to-demand interface deck 1 energy check value iteration history trace: -3715.619440,3715.619440,-3715.619440,3715.619440,5801.626021,-3715.619440,3715.619440,-3715.619440,3715.619440,-3715.619440,
   **   ~~~   ** Node named DINING DIRECT AIR INLET NODE shows oscillating humidity ratio across iterations with a repeated value of 2.807408E-004
   **   ~~~   ** Node named DINING DIRECT AIR INLET NODE humidity ratio [kg-water/kg-dryair] iteration history trace (most recent first): 2.807408E-004,3.148822E-004,2.807408E-004,3.148822E-004,2.807408E-004,3.148822E-004,2.807408E-004,3.148822E-004,2.807408E-004,3.148822E-004,
   **   ~~~   ** Node named DINING DIRECT AIR INLET NODE shows oscillating mass flow rate across iterations with a repeated value of 0.994614
   **   ~~~   ** Node named DINING DIRECT AIR INLET NODE mass flow rate [kg/s] iteration history trace (most recent first): 0.994614,0.405286,0.994614,0.405286,0.994614,0.405286,0.994614,0.405286,0.994614,0.405286,
   **   ~~~   ** Node named DINING DIRECT AIR INLET NODE shows oscillating temperatures across iterations with a repeated value of 9.797034
   **   ~~~   ** Node named DINING DIRECT AIR INLET NODE temperature [C] iteration history trace (most recent first): 9.797034,33.166600,9.797034,33.166600,9.797034,33.166600,9.797034,33.166600,9.797034,33.166600,
   ** Warning ** SimHVAC: Maximum iterations (20) exceeded for all HVAC loops, at RUNPERIOD 1, 01/01 01:10 - 01:20
   **   ~~~   ** The solution for one or more of the Air Loop HVAC systems did not appear to converge
   **   ~~~   ** Air System Named = PSZ-AC_1:1 did not converge for mass flow rate
   **   ~~~   ** Check values should be zero. Most Recent values listed first.
   **   ~~~   ** Demand-to-Supply interface mass flow rate check value iteration history trace: 0.514588,0.514588,0.514588,0.514588,0.514588,0.000000,0.514588,0.514588,0.514588,0.514588,
   **   ~~~   ** Supply-to-demand interface deck 1 mass flow rate check value iteration history trace: 0.581829,0.581829,0.581829,0.581829,0.581829,0.581829,0.581829,0.581829,0.581829,0.581829,
   **   ~~~   ** Air System Named = PSZ-AC_1:1 did not converge for temperature
   **   ~~~   ** Check values should be zero. Most Recent values listed first.
   **   ~~~   ** Demand-to-Supply interface temperature check value iteration history trace: 0.000000,0.000000,0.000000,0.000000,0.000000,0.000000,0.000000,0.000000,0.000000,0.000000,
   **   ~~~   ** Supply-to-demand interface deck 1 temperature check value iteration history trace: 23.314682,23.314682,23.314682,23.314682,0.000000,23.314682,23.314682,23.314682,23.314682,23.314682,
   **   ~~~   ** Air System Named = PSZ-AC_1:1 did not converge for energy
   **   ~~~   ** Check values should be zero. Most Recent values listed first.
   **   ~~~   ** Demand-to-Supply interface energy check value iteration history trace: 9875.219344,9875.219344,9875.219344,9875.219344,9875.219344,0.000000,9875.219344,9875.219344,9875.219344,9875.219344,
   **   ~~~   ** Supply-to-demand interface deck 1 energy check value iteration history trace: -4049.923036,4049.923036,-4049.923036,4049.923036,5620.634906,-4049.923036,4049.923036,-4049.923036,4049.923036,-4049.923036,
   **   ~~~   ** Node named DINING DIRECT AIR INLET NODE shows oscillating humidity ratio across iterations with a repeated value of 2.804886E-004
   **   ~~~   ** Node named DINING DIRECT AIR INLET NODE humidity ratio [kg-water/kg-dryair] iteration history trace (most recent first): 2.804886E-004,3.063149E-004,2.804886E-004,3.063149E-004,2.804886E-004,3.063149E-004,2.804886E-004,3.063149E-004,2.804886E-004,3.063149E-004,
   **   ~~~   ** Node named DINING DIRECT AIR INLET NODE shows oscillating mass flow rate across iterations with a repeated value of 0.994614
   **   ~~~   ** Node named DINING DIRECT AIR INLET NODE mass flow rate [kg/s] iteration history trace (most recent first): 0.994614,0.412785,0.994614,0.412785,0.994614,0.412785,0.994614,0.412785,0.994614,0.412785,
   **   ~~~   ** Node named DINING DIRECT AIR INLET NODE shows oscillating temperatures across iterations with a repeated value of 9.613717
   **   ~~~   ** Node named DINING DIRECT AIR INLET NODE temperature [C] iteration history trace (most recent first): 9.613717,32.928400,9.613717,32.928400,9.613717,32.928400,9.613717,32.928400,9.613717,32.928400,
   ** Warning ** SimHVAC: Maximum iterations (20) exceeded for all HVAC loops, at RUNPERIOD 1, 01/01 01:12 - 01:13
   **   ~~~   ** The solution for one or more of the Air Loop HVAC systems did not appear to converge
   **   ~~~   ** Air System Named = PSZ-AC_1:1 did not converge for mass flow rate
   **   ~~~   ** Check values should be zero. Most Recent values listed first.
   **   ~~~   ** Demand-to-Supply interface mass flow rate check value iteration history trace: 0.514588,0.514588,0.514588,0.514588,0.514588,0.000000,0.514588,0.514588,0.514588,0.514588,
   **   ~~~   ** Supply-to-demand interface deck 1 mass flow rate check value iteration history trace: 0.707307,0.707307,0.707307,0.707307,0.707307,0.707307,0.707307,0.707307,0.707307,0.707307,
   **   ~~~   ** Air System Named = PSZ-AC_1:1 did not converge for temperature
   **   ~~~   ** Check values should be zero. Most Recent values listed first.
   **   ~~~   ** Demand-to-Supply interface temperature check value iteration history trace: 0.000000,0.000000,0.000000,0.000000,0.000000,0.000000,0.000000,0.000000,0.000000,0.000000,
   **   ~~~   ** Supply-to-demand interface deck 1 temperature check value iteration history trace: 23.809568,23.809568,23.809568,23.809568,0.000000,23.809568,23.809568,23.809568,23.809568,23.809568,
   **   ~~~   ** Air System Named = PSZ-AC_1:1 did not converge for energy
   **   ~~~   ** Check values should be zero. Most Recent values listed first.
   **   ~~~   ** Demand-to-Supply interface energy check value iteration history trace: 10370.058521,10370.058521,10370.058521,10370.058521,10370.058521,0.000000,10370.058521,10370.058521,10370.058521,10370.058521,
   **   ~~~   ** Supply-to-demand interface deck 1 energy check value iteration history trace: -40.985285,40.985285,-40.985285,40.985285,6832.790117,-40.985285,40.985285,-40.985285,40.985285,-40.985285,
   **   ~~~   ** Node named DINING DIRECT AIR INLET NODE shows oscillating humidity ratio across iterations with a repeated value of 2.804886E-004
   **   ~~~   ** Node named DINING DIRECT AIR INLET NODE humidity ratio [kg-water/kg-dryair] iteration history trace (most recent first): 2.804886E-004,3.167078E-004,2.804886E-004,3.167078E-004,2.804886E-004,3.167078E-004,2.804886E-004,3.167078E-004,2.804886E-004,3.167078E-004,
   **   ~~~   ** Node named DINING DIRECT AIR INLET NODE shows oscillating mass flow rate across iterations with a repeated value of 0.994614
   **   ~~~   ** Node named DINING DIRECT AIR INLET NODE mass flow rate [kg/s] iteration history trace (most recent first): 0.994614,0.287306,0.994614,0.287306,0.994614,0.287306,0.994614,0.287306,0.994614,0.287306,
   **   ~~~   ** Node named DINING DIRECT AIR INLET NODE shows oscillating temperatures across iterations with a repeated value of 9.613717
   **   ~~~   ** Node named DINING DIRECT AIR INLET NODE temperature [C] iteration history trace (most recent first): 9.613717,33.423285,9.613717,33.423285,9.613717,33.423285,9.613717,33.423285,9.613717,33.423285,
   ** Warning ** SimHVAC: Maximum iterations (20) exceeded for all HVAC loops, at RUNPERIOD 1, 01/01 01:14 - 01:15
   **   ~~~   ** The solution for one or more of the Air Loop HVAC systems did not appear to converge
   **   ~~~   ** Air System Named = PSZ-AC_1:1 did not converge for mass flow rate
   **   ~~~   ** Check values should be zero. Most Recent values listed first.
   **   ~~~   ** Demand-to-Supply interface mass flow rate check value iteration history trace: 0.197949,0.197949,0.197949,0.197949,0.197949,0.000000,0.197949,0.197949,0.197949,0.197949,
   **   ~~~   ** Supply-to-demand interface deck 1 mass flow rate check value iteration history trace: 0.197949,0.197949,0.197949,0.197949,0.197949,0.197949,0.197949,0.197949,0.197949,0.197949,
   **   ~~~   ** Air System Named = PSZ-AC_1:1 did not converge for temperature
   **   ~~~   ** Check values should be zero. Most Recent values listed first.
   **   ~~~   ** Demand-to-Supply interface temperature check value iteration history trace: 0.000000,0.000000,0.000000,0.000000,0.000000,0.000000,0.000000,0.000000,0.000000,0.000000,
   **   ~~~   ** Supply-to-demand interface deck 1 temperature check value iteration history trace: 5.411566,5.411566,5.411566,5.411566,0.000000,5.411566,5.411566,5.411566,5.411566,5.411566,
   **   ~~~   ** Air System Named = PSZ-AC_1:1 did not converge for energy
   **   ~~~   ** Check values should be zero. Most Recent values listed first.
   **   ~~~   ** Demand-to-Supply interface energy check value iteration history trace: 3811.828386,3811.828386,3811.828386,3811.828386,3811.828386,0.000000,3811.828386,3811.828386,3811.828386,3811.828386,
   **   ~~~   ** Supply-to-demand interface deck 1 energy check value iteration history trace: 1147.963510,-1147.963510,1147.963510,-1147.963510,5480.051748,1147.963510,-1147.963510,1147.963510,-1147.963510,1147.963510,
   **   ~~~   ** Node named DINING DIRECT AIR INLET NODE shows oscillating humidity ratio across iterations with a repeated value of 3.042274E-004
   **   ~~~   ** Node named DINING DIRECT AIR INLET NODE humidity ratio [kg-water/kg-dryair] iteration history trace (most recent first): 3.042274E-004,3.113897E-004,3.042274E-004,3.113897E-004,3.042274E-004,3.113897E-004,3.042274E-004,3.113897E-004,3.042274E-004,3.113897E-004,
   **   ~~~   ** Node named DINING DIRECT AIR INLET NODE shows oscillating mass flow rate across iterations with a repeated value of 0.994614
   **   ~~~   ** Node named DINING DIRECT AIR INLET NODE mass flow rate [kg/s] iteration history trace (most recent first): 0.994614,0.796665,0.994614,0.796665,0.994614,0.796665,0.994614,0.796665,0.994614,0.796665,
   **   ~~~   ** Node named DINING DIRECT AIR INLET NODE shows oscillating temperatures across iterations with a repeated value of 27.550751
   **   ~~~   ** Node named DINING DIRECT AIR INLET NODE temperature [C] iteration history trace (most recent first): 27.550751,32.962318,27.550751,32.962318,27.550751,32.962318,27.550751,32.962318,27.550751,32.962318,
   ** Warning ** SimHVAC: Maximum iterations (20) exceeded for all HVAC loops, at RUNPERIOD 1, 01/01 01:15 - 01:16
   **   ~~~   ** The solution for one or more of the Air Loop HVAC systems did not appear to converge
   **   ~~~   ** Air System Named = PSZ-AC_1:1 did not converge for mass flow rate
   **   ~~~   ** Check values should be zero. Most Recent values listed first.
   **   ~~~   ** Demand-to-Supply interface mass flow rate check value iteration history trace: 0.514588,0.514588,0.514588,0.514588,0.514588,0.000000,0.514588,0.514588,0.514588,0.514588,
   **   ~~~   ** Supply-to-demand interface deck 1 mass flow rate check value iteration history trace: 0.804135,0.804135,0.804135,0.804135,0.804135,0.804135,0.804135,0.804135,0.804135,0.804135,
   **   ~~~   ** Air System Named = PSZ-AC_1:1 did not converge for temperature
   **   ~~~   ** Check values should be zero. Most Recent values listed first.
   **   ~~~   ** Demand-to-Supply interface temperature check value iteration history trace: 0.000000,0.000000,0.000000,0.000000,0.000000,0.000000,0.000000,0.000000,0.000000,0.000000,
   **   ~~~   ** Supply-to-demand interface deck 1 temperature check value iteration history trace: 23.656948,23.656948,23.656948,23.656948,0.000000,23.656948,23.656948,23.656948,23.656948,23.656948,
   **   ~~~   ** Air System Named = PSZ-AC_1:1 did not converge for energy
   **   ~~~   ** Check values should be zero. Most Recent values listed first.
   **   ~~~   ** Demand-to-Supply interface energy check value iteration history trace: 10217.343929,10217.343929,10217.343929,10217.343929,10217.343929,0.000000,10217.343929,10217.343929,10217.343929,10217.343929,
   **   ~~~   ** Supply-to-demand interface deck 1 energy check value iteration history trace: 3240.198295,-3240.198295,3240.198295,-3240.198295,7768.172077,3240.198295,-3240.198295,3240.198295,-3240.198295,3240.198295,
   **   ~~~   ** Node named DINING DIRECT AIR INLET NODE shows oscillating humidity ratio across iterations with a repeated value of 2.804886E-004
   **   ~~~   ** Node named DINING DIRECT AIR INLET NODE humidity ratio [kg-water/kg-dryair] iteration history trace (most recent first): 2.804886E-004,3.090732E-004,2.804886E-004,3.090732E-004,2.804886E-004,3.090732E-004,2.804886E-004,3.090732E-004,2.804886E-004,3.090732E-004,
   **   ~~~   ** Node named DINING DIRECT AIR INLET NODE shows oscillating mass flow rate across iterations with a repeated value of 0.994614
   **   ~~~   ** Node named DINING DIRECT AIR INLET NODE mass flow rate [kg/s] iteration history trace (most recent first): 0.994614,0.190479,0.994614,0.190479,0.994614,0.190479,0.994614,0.190479,0.994614,0.190479,
   **   ~~~   ** Node named DINING DIRECT AIR INLET NODE shows oscillating temperatures across iterations with a repeated value of 9.613717
   **   ~~~   ** Node named DINING DIRECT AIR INLET NODE temperature [C] iteration history trace (most recent first): 9.613717,33.270665,9.613717,33.270665,9.613717,33.270665,9.613717,33.270665,9.613717,33.270665,
   ** Warning ** SimHVAC: Maximum iterations (20) exceeded for all HVAC loops, at RUNPERIOD 1, 01/01 01:17 - 01:18
   **   ~~~   ** The solution for one or more of the Air Loop HVAC systems did not appear to converge
   **   ~~~   ** Air System Named = PSZ-AC_1:1 did not converge for mass flow rate
   **   ~~~   ** Check values should be zero. Most Recent values listed first.
   **   ~~~   ** Demand-to-Supply interface mass flow rate check value iteration history trace: 0.404765,0.404765,0.404765,0.404765,0.404765,0.000000,0.404765,0.404765,0.404765,0.404765,
   **   ~~~   ** Supply-to-demand interface deck 1 mass flow rate check value iteration history trace: 0.404765,0.404765,0.404765,0.404765,0.404765,0.404765,0.404765,0.404765,0.404765,0.404765,
   **   ~~~   ** Air System Named = PSZ-AC_1:1 did not converge for temperature
   **   ~~~   ** Check values should be zero. Most Recent values listed first.
   **   ~~~   ** Demand-to-Supply interface temperature check value iteration history trace: 0.000000,0.000000,0.000000,0.000000,0.000000,0.000000,0.000000,0.000000,0.000000,0.000000,
   **   ~~~   ** Supply-to-demand interface deck 1 temperature check value iteration history trace: 14.442776,14.442776,14.442776,14.442776,0.000000,14.442776,14.442776,14.442776,14.442776,14.442776,
   **   ~~~   ** Air System Named = PSZ-AC_1:1 did not converge for energy
   **   ~~~   ** Check values should be zero. Most Recent values listed first.
   **   ~~~   ** Demand-to-Supply interface energy check value iteration history trace: 7883.230233,7883.230233,7883.230233,7883.230233,7883.230233,0.000000,7883.230233,7883.230233,7883.230233,7883.230233,
   **   ~~~   ** Supply-to-demand interface deck 1 energy check value iteration history trace: -981.926354,981.926354,-981.926354,981.926354,7578.396617,-981.926354,981.926354,-981.926354,981.926354,-981.926354,
   **   ~~~   ** Node named DINING DIRECT AIR INLET NODE shows oscillating humidity ratio across iterations with a repeated value of 2.895346E-004
   **   ~~~   ** Node named DINING DIRECT AIR INLET NODE humidity ratio [kg-water/kg-dryair] iteration history trace (most recent first): 2.895346E-004,3.040212E-004,2.895346E-004,3.040212E-004,2.895346E-004,3.040212E-004,2.895346E-004,3.040212E-004,2.895346E-004,3.040212E-004,
   **   ~~~   ** Node named DINING DIRECT AIR INLET NODE shows oscillating mass flow rate across iterations with a repeated value of 0.994614
   **   ~~~   ** Node named DINING DIRECT AIR INLET NODE mass flow rate [kg/s] iteration history trace (most recent first): 0.994614,0.589849,0.994614,0.589849,0.994614,0.589849,0.994614,0.589849,0.994614,0.589849,
   **   ~~~   ** Node named DINING DIRECT AIR INLET NODE shows oscillating temperatures across iterations with a repeated value of 18.632719
   **   ~~~   ** Node named DINING DIRECT AIR INLET NODE temperature [C] iteration history trace (most recent first): 18.632719,33.075494,18.632719,33.075494,18.632719,33.075494,18.632719,33.075494,18.632719,33.075494,
   ** Warning ** SimHVAC: Maximum iterations (20) exceeded for all HVAC loops, at RUNPERIOD 1, 01/01 01:18 - 01:19
   **   ~~~   ** The solution for one or more of the Air Loop HVAC systems did not appear to converge
   **   ~~~   ** Air System Named = PSZ-AC_1:1 did not converge for mass flow rate
   **   ~~~   ** Check values should be zero. Most Recent values listed first.
   **   ~~~   ** Demand-to-Supply interface mass flow rate check value iteration history trace: 3.973160E-002,3.973160E-002,3.973160E-002,3.973160E-002,3.973160E-002,0.000000,3.973160E-002,3.973160E-002,3.973160E-002,3.973160E-002,
   **   ~~~   ** Supply-to-demand interface deck 1 mass flow rate check value iteration history trace: 3.973160E-002,3.973160E-002,3.973160E-002,3.973160E-002,3.973160E-002,3.973160E-002,3.973160E-002,3.973160E-002,3.973160E-002,3.973160E-002,
   **   ~~~   ** Air System Named = PSZ-AC_1:1 did not converge for temperature
   **   ~~~   ** Check values should be zero. Most Recent values listed first.
   **   ~~~   ** Demand-to-Supply interface temperature check value iteration history trace: 0.000000,0.000000,0.000000,0.000000,0.000000,0.000000,0.000000,0.000000,0.000000,0.000000,
   **   ~~~   ** Supply-to-demand interface deck 1 temperature check value iteration history trace: 0.909938,0.909938,0.909938,0.909938,0.000000,0.909938,0.909938,0.909938,0.909938,0.909938,
   **   ~~~   ** Air System Named = PSZ-AC_1:1 did not converge for energy
   **   ~~~   ** Check values should be zero. Most Recent values listed first.
   **   ~~~   ** Demand-to-Supply interface energy check value iteration history trace: 772.465194,772.465194,772.465194,772.465194,772.465194,0.000000,772.465194,772.465194,772.465194,772.465194,
   **   ~~~   ** Supply-to-demand interface deck 1 energy check value iteration history trace: 410.390616,-410.390616,410.390616,-410.390616,1283.482745,410.390616,-410.390616,410.390616,-410.390616,410.390616,
   **   ~~~   ** Node named DINING DIRECT AIR INLET NODE shows oscillating humidity ratio across iterations with a repeated value of 3.011499E-004
   **   ~~~   ** Node named DINING DIRECT AIR INLET NODE humidity ratio [kg-water/kg-dryair] iteration history trace (most recent first): 3.011499E-004,3.019842E-004,3.011499E-004,3.019842E-004,3.011499E-004,3.019842E-004,3.011499E-004,3.019842E-004,3.011499E-004,3.019842E-004,
   **   ~~~   ** Node named DINING DIRECT AIR INLET NODE shows oscillating mass flow rate across iterations with a repeated value of 0.994614
   **   ~~~   ** Node named DINING DIRECT AIR INLET NODE mass flow rate [kg/s] iteration history trace (most recent first): 0.994614,0.954882,0.994614,0.954882,0.994614,0.954882,0.994614,0.954882,0.994614,0.954882,
   **   ~~~   ** Node named DINING DIRECT AIR INLET NODE shows oscillating temperatures across iterations with a repeated value of 32.148099
   **   ~~~   ** Node named DINING DIRECT AIR INLET NODE temperature [C] iteration history trace (most recent first): 32.148099,33.058037,32.148099,33.058037,32.148099,33.058037,32.148099,33.058037,32.148099,33.058037,
   ** Warning ** SimHVAC: Maximum iterations (20) exceeded for all HVAC loops, at RUNPERIOD 1, 01/01 01:19 - 01:20
   **   ~~~   ** The solution for one or more of the Air Loop HVAC systems did not appear to converge
   **   ~~~   ** Air System Named = PSZ-AC_1:1 did not converge for mass flow rate
   **   ~~~   ** Check values should be zero. Most Recent values listed first.
   **   ~~~   ** Demand-to-Supply interface mass flow rate check value iteration history trace: 0.514588,0.514588,0.514588,0.514588,0.514588,0.000000,0.514588,0.514588,0.514588,0.514588,
   **   ~~~   ** Supply-to-demand interface deck 1 mass flow rate check value iteration history trace: 0.984693,0.984693,0.984693,0.984693,0.984693,0.984693,0.984693,0.984693,0.984693,0.984693,
   **   ~~~   ** Air System Named = PSZ-AC_1:1 did not converge for temperature
   **   ~~~   ** Check values should be zero. Most Recent values listed first.
   **   ~~~   ** Demand-to-Supply interface temperature check value iteration history trace: 0.000000,0.000000,0.000000,0.000000,0.000000,0.000000,0.000000,0.000000,0.000000,0.000000,
   **   ~~~   ** Supply-to-demand interface deck 1 temperature check value iteration history trace: 23.745486,23.745486,23.745486,23.745486,0.000000,23.745486,23.745486,23.745486,23.745486,23.745486,
   **   ~~~   ** Air System Named = PSZ-AC_1:1 did not converge for energy
   **   ~~~   ** Check values should be zero. Most Recent values listed first.
   **   ~~~   ** Demand-to-Supply interface energy check value iteration history trace: 10305.613975,10305.613975,10305.613975,10305.613975,10305.613975,0.000000,10305.613975,10305.613975,10305.613975,10305.613975,
   **   ~~~   ** Supply-to-demand interface deck 1 energy check value iteration history trace: 9275.701248,-9275.701248,9275.701248,-9275.701248,9512.414484,9275.701248,-9275.701248,9275.701248,-9275.701248,9275.701248,
   **   ~~~   ** Node named DINING DIRECT AIR INLET NODE shows oscillating humidity ratio across iterations with a repeated value of 2.804886E-004
   **   ~~~   ** Node named DINING DIRECT AIR INLET NODE humidity ratio [kg-water/kg-dryair] iteration history trace (most recent first): 2.804886E-004,3.004600E-004,2.804886E-004,3.004600E-004,2.804886E-004,3.004600E-004,2.804886E-004,3.004600E-004,2.804886E-004,3.004600E-004,
   **   ~~~   ** Node named DINING DIRECT AIR INLET NODE shows oscillating mass flow rate across iterations with a repeated value of 0.994614
   **   ~~~   ** Node named DINING DIRECT AIR INLET NODE mass flow rate [kg/s] iteration history trace (most recent first): 0.994614,9.920712E-003,0.994614,9.920712E-003,0.994614,9.920712E-003,0.994614,9.920712E-003,0.994614,9.920712E-003,
   **   ~~~   ** Node named DINING DIRECT AIR INLET NODE shows oscillating temperatures across iterations with a repeated value of 9.613717
   **   ~~~   ** Node named DINING DIRECT AIR INLET NODE temperature [C] iteration history trace (most recent first): 9.613717,33.359204,9.613717,33.359204,9.613717,33.359204,9.613717,33.359204,9.613717,33.359204,
   ** Warning ** SimHVAC: Maximum iterations (20) exceeded for all HVAC loops, at RUNPERIOD 1, 01/01 01:20 - 01:30
   **   ~~~   ** The solution for one or more of the Air Loop HVAC systems did not appear to converge
   **   ~~~   ** Air System Named = PSZ-AC_1:1 did not converge for mass flow rate
   **   ~~~   ** Check values should be zero. Most Recent values listed first.
   **   ~~~   ** Demand-to-Supply interface mass flow rate check value iteration history trace: 0.514588,0.514588,0.514588,0.514588,0.514588,0.000000,0.514588,0.514588,0.514588,0.514588,
   **   ~~~   ** Supply-to-demand interface deck 1 mass flow rate check value iteration history trace: 0.677131,0.677131,0.677131,0.677131,0.677131,0.677131,0.677131,0.677131,0.677131,0.677131,
   **   ~~~   ** Air System Named = PSZ-AC_1:1 did not converge for temperature
   **   ~~~   ** Check values should be zero. Most Recent values listed first.
   **   ~~~   ** Demand-to-Supply interface temperature check value iteration history trace: 0.000000,0.000000,0.000000,0.000000,0.000000,0.000000,0.000000,0.000000,0.000000,0.000000,
   **   ~~~   ** Supply-to-demand interface deck 1 temperature check value iteration history trace: 23.501973,23.501973,23.501973,23.501973,0.000000,23.501973,23.501973,23.501973,23.501973,23.501973,
   **   ~~~   ** Air System Named = PSZ-AC_1:1 did not converge for energy
   **   ~~~   ** Check values should be zero. Most Recent values listed first.
   **   ~~~   ** Demand-to-Supply interface energy check value iteration history trace: 9967.405450,9967.405450,9967.405450,9967.405450,9967.405450,0.000000,9967.405450,9967.405450,9967.405450,9967.405450,
   **   ~~~   ** Supply-to-demand interface deck 1 energy check value iteration history trace: -1081.061332,1081.061332,-1081.061332,1081.061332,6416.551259,-1081.061332,1081.061332,-1081.061332,1081.061332,-1081.061332,
   **   ~~~   ** Node named DINING DIRECT AIR INLET NODE shows oscillating humidity ratio across iterations with a repeated value of 2.801442E-004
   **   ~~~   ** Node named DINING DIRECT AIR INLET NODE humidity ratio [kg-water/kg-dryair] iteration history trace (most recent first): 2.801442E-004,2.983882E-004,2.801442E-004,2.983882E-004,2.801442E-004,2.983882E-004,2.801442E-004,2.983882E-004,2.801442E-004,2.983882E-004,
   **   ~~~   ** Node named DINING DIRECT AIR INLET NODE shows oscillating mass flow rate across iterations with a repeated value of 0.994614
   **   ~~~   ** Node named DINING DIRECT AIR INLET NODE mass flow rate [kg/s] iteration history trace (most recent first): 0.994614,0.317483,0.994614,0.317483,0.994614,0.317483,0.994614,0.317483,0.994614,0.317483,
   **   ~~~   ** Node named DINING DIRECT AIR INLET NODE shows oscillating temperatures across iterations with a repeated value of 9.430407
   **   ~~~   ** Node named DINING DIRECT AIR INLET NODE temperature [C] iteration history trace (most recent first): 9.430407,32.932379,9.430407,32.932379,9.430407,32.932379,9.430407,32.932379,9.430407,32.932379,
   ** Warning ** SimHVAC: Maximum iterations (20) exceeded for all HVAC loops, at RUNPERIOD 1, 01/01 01:21 - 01:22
   **   ~~~   ** The solution for one or more of the Air Loop HVAC systems did not appear to converge
   **   ~~~   ** Air System Named = PSZ-AC_1:1 did not converge for mass flow rate
   **   ~~~   ** Check values should be zero. Most Recent values listed first.
   **   ~~~   ** Demand-to-Supply interface mass flow rate check value iteration history trace: 0.494356,0.494356,0.494356,0.494356,0.494356,0.000000,0.494356,0.494356,0.494356,0.494356,
   **   ~~~   ** Supply-to-demand interface deck 1 mass flow rate check value iteration history trace: 0.494356,0.494356,0.494356,0.494356,0.494356,0.494356,0.494356,0.494356,0.494356,0.494356,
   **   ~~~   ** Air System Named = PSZ-AC_1:1 did not converge for temperature
   **   ~~~   ** Check values should be zero. Most Recent values listed first.
   **   ~~~   ** Demand-to-Supply interface temperature check value iteration history trace: 0.000000,0.000000,0.000000,0.000000,0.000000,0.000000,0.000000,0.000000,0.000000,0.000000,
   **   ~~~   ** Supply-to-demand interface deck 1 temperature check value iteration history trace: 21.290815,21.290815,21.290815,21.290815,0.000000,21.290815,21.290815,21.290815,21.290815,21.290815,
   **   ~~~   ** Air System Named = PSZ-AC_1:1 did not converge for energy
   **   ~~~   ** Check values should be zero. Most Recent values listed first.
   **   ~~~   ** Demand-to-Supply interface energy check value iteration history trace: 9696.037302,9696.037302,9696.037302,9696.037302,9696.037302,0.000000,9696.037302,9696.037302,9696.037302,9696.037302,
   **   ~~~   ** Supply-to-demand interface deck 1 energy check value iteration history trace: -4857.159862,4857.159862,-4857.159862,4857.159862,5845.325382,-4857.159862,4857.159862,-4857.159862,4857.159862,-4857.159862,
   **   ~~~   ** Node named DINING DIRECT AIR INLET NODE shows oscillating humidity ratio across iterations with a repeated value of 2.818455E-004
   **   ~~~   ** Node named DINING DIRECT AIR INLET NODE humidity ratio [kg-water/kg-dryair] iteration history trace (most recent first): 2.818455E-004,2.973470E-004,2.818455E-004,2.973470E-004,2.818455E-004,2.973470E-004,2.818455E-004,2.973470E-004,2.818455E-004,2.973470E-004,
   **   ~~~   ** Node named DINING DIRECT AIR INLET NODE shows oscillating mass flow rate across iterations with a repeated value of 0.994614
   **   ~~~   ** Node named DINING DIRECT AIR INLET NODE mass flow rate [kg/s] iteration history trace (most recent first): 0.994614,0.500258,0.994614,0.500258,0.994614,0.500258,0.994614,0.500258,0.994614,0.500258,
   **   ~~~   ** Node named DINING DIRECT AIR INLET NODE shows oscillating temperatures across iterations with a repeated value of 11.767124
   **   ~~~   ** Node named DINING DIRECT AIR INLET NODE temperature [C] iteration history trace (most recent first): 11.767124,33.057938,11.767124,33.057938,11.767124,33.057938,11.767124,33.057938,11.767124,33.057938,
   ** Warning ** SimHVAC: Maximum iterations (20) exceeded for all HVAC loops, at RUNPERIOD 1, 01/01 01:23 - 01:24
   **   ~~~   ** The solution for one or more of the Air Loop HVAC systems did not appear to converge
   **   ~~~   ** Air System Named = PSZ-AC_1:1 did not converge for mass flow rate
   **   ~~~   ** Check values should be zero. Most Recent values listed first.
   **   ~~~   ** Demand-to-Supply interface mass flow rate check value iteration history trace: 0.412700,0.412700,0.412700,0.412700,0.412700,0.000000,0.412700,0.412700,0.412700,0.412700,
   **   ~~~   ** Supply-to-demand interface deck 1 mass flow rate check value iteration history trace: 0.412700,0.412700,0.412700,0.412700,0.412700,0.412700,0.412700,0.412700,0.412700,0.412700,
   **   ~~~   ** Air System Named = PSZ-AC_1:1 did not converge for temperature
   **   ~~~   ** Check values should be zero. Most Recent values listed first.
   **   ~~~   ** Demand-to-Supply interface temperature check value iteration history trace: 0.000000,0.000000,0.000000,0.000000,0.000000,0.000000,0.000000,0.000000,0.000000,0.000000,
   **   ~~~   ** Supply-to-demand interface deck 1 temperature check value iteration history trace: 14.930449,14.930449,14.930449,14.930449,0.000000,14.930449,14.930449,14.930449,14.930449,14.930449,
   **   ~~~   ** Air System Named = PSZ-AC_1:1 did not converge for energy
   **   ~~~   ** Check values should be zero. Most Recent values listed first.
   **   ~~~   ** Demand-to-Supply interface energy check value iteration history trace: 8026.986715,8026.986715,8026.986715,8026.986715,8026.986715,0.000000,8026.986715,8026.986715,8026.986715,8026.986715,
   **   ~~~   ** Supply-to-demand interface deck 1 energy check value iteration history trace: -1247.752436,1247.752436,-1247.752436,1247.752436,7482.560316,-1247.752436,1247.752436,-1247.752436,1247.752436,-1247.752436,
   **   ~~~   ** Node named DINING DIRECT AIR INLET NODE shows oscillating humidity ratio across iterations with a repeated value of 2.855414E-004
   **   ~~~   ** Node named DINING DIRECT AIR INLET NODE humidity ratio [kg-water/kg-dryair] iteration history trace (most recent first): 2.855414E-004,2.948975E-004,2.855414E-004,2.948975E-004,2.855414E-004,2.948975E-004,2.855414E-004,2.948975E-004,2.855414E-004,2.948975E-004,
   **   ~~~   ** Node named DINING DIRECT AIR INLET NODE shows oscillating mass flow rate across iterations with a repeated value of 0.994614
   **   ~~~   ** Node named DINING DIRECT AIR INLET NODE mass flow rate [kg/s] iteration history trace (most recent first): 0.994614,0.581913,0.994614,0.581913,0.994614,0.581913,0.994614,0.581913,0.994614,0.581913,
   **   ~~~   ** Node named DINING DIRECT AIR INLET NODE shows oscillating temperatures across iterations with a repeated value of 18.043338
   **   ~~~   ** Node named DINING DIRECT AIR INLET NODE temperature [C] iteration history trace (most recent first): 18.043338,32.973787,18.043338,32.973787,18.043338,32.973787,18.043338,32.973787,18.043338,32.973787,
   ** Warning ** SimHVAC: Maximum iterations (20) exceeded for all HVAC loops, at RUNPERIOD 1, 01/01 01:25 - 01:26
   **   ~~~   ** The solution for one or more of the Air Loop HVAC systems did not appear to converge
   **   ~~~   ** Air System Named = PSZ-AC_1:1 did not converge for mass flow rate
   **   ~~~   ** Check values should be zero. Most Recent values listed first.
   **   ~~~   ** Demand-to-Supply interface mass flow rate check value iteration history trace: 0.514588,0.514588,0.514588,0.514588,0.514588,0.000000,0.514588,0.514588,0.514588,0.514588,
   **   ~~~   ** Supply-to-demand interface deck 1 mass flow rate check value iteration history trace: 0.992070,0.992070,0.992070,0.992070,0.992070,0.992070,0.992070,0.992070,0.992070,0.992070,
   **   ~~~   ** Air System Named = PSZ-AC_1:1 did not converge for temperature
   **   ~~~   ** Check values should be zero. Most Recent values listed first.
   **   ~~~   ** Demand-to-Supply interface temperature check value iteration history trace: 0.000000,0.000000,0.000000,0.000000,0.000000,0.000000,0.000000,0.000000,0.000000,0.000000,
   **   ~~~   ** Supply-to-demand interface deck 1 temperature check value iteration history trace: 23.841839,23.841839,23.841839,23.841839,0.000000,23.841839,23.841839,23.841839,23.841839,23.841839,
   **   ~~~   ** Air System Named = PSZ-AC_1:1 did not converge for energy
   **   ~~~   ** Check values should be zero. Most Recent values listed first.
   **   ~~~   ** Demand-to-Supply interface energy check value iteration history trace: 10306.931492,10306.931492,10306.931492,10306.931492,10306.931492,0.000000,10306.931492,10306.931492,10306.931492,10306.931492,
   **   ~~~   ** Supply-to-demand interface deck 1 energy check value iteration history trace: 9340.013654,-9340.013654,9340.013654,-9340.013654,9400.944390,9340.013654,-9340.013654,9340.013654,-9340.013654,9340.013654,
   **   ~~~   ** Node named DINING DIRECT AIR INLET NODE shows oscillating humidity ratio across iterations with a repeated value of 2.801442E-004
   **   ~~~   ** Node named DINING DIRECT AIR INLET NODE humidity ratio [kg-water/kg-dryair] iteration history trace (most recent first): 2.801442E-004,2.928671E-004,2.801442E-004,2.928671E-004,2.801442E-004,2.928671E-004,2.801442E-004,2.928671E-004,2.801442E-004,2.928671E-004,
   **   ~~~   ** Node named DINING DIRECT AIR INLET NODE shows oscillating mass flow rate across iterations with a repeated value of 0.994614
   **   ~~~   ** Node named DINING DIRECT AIR INLET NODE mass flow rate [kg/s] iteration history trace (most recent first): 0.994614,2.543303E-003,0.994614,2.543303E-003,0.994614,2.543303E-003,0.994614,2.543303E-003,0.994614,2.543303E-003,
   **   ~~~   ** Node named DINING DIRECT AIR INLET NODE shows oscillating temperatures across iterations with a repeated value of 9.430407
   **   ~~~   ** Node named DINING DIRECT AIR INLET NODE temperature [C] iteration history trace (most recent first): 9.430407,33.272245,9.430407,33.272245,9.430407,33.272245,9.430407,33.272245,9.430407,33.272245,
   ** Warning ** SimHVAC: Maximum iterations (20) exceeded for all HVAC loops, at RUNPERIOD 1, 01/01 01:27 - 01:28
   **   ~~~   ** The solution for one or more of the Air Loop HVAC systems did not appear to converge
   **   ~~~   ** Air System Named = PSZ-AC_1:1 did not converge for mass flow rate
   **   ~~~   ** Check values should be zero. Most Recent values listed first.
   **   ~~~   ** Demand-to-Supply interface mass flow rate check value iteration history trace: 0.483771,0.483771,0.483771,0.483771,0.483771,0.000000,0.483771,0.483771,0.483771,0.483771,
   **   ~~~   ** Supply-to-demand interface deck 1 mass flow rate check value iteration history trace: 0.483771,0.483771,0.483771,0.483771,0.483771,0.483771,0.483771,0.483771,0.483771,0.483771,
   **   ~~~   ** Air System Named = PSZ-AC_1:1 did not converge for temperature
   **   ~~~   ** Check values should be zero. Most Recent values listed first.
   **   ~~~   ** Demand-to-Supply interface temperature check value iteration history trace: 0.000000,0.000000,0.000000,0.000000,0.000000,0.000000,0.000000,0.000000,0.000000,0.000000,
   **   ~~~   ** Supply-to-demand interface deck 1 temperature check value iteration history trace: 20.223984,20.223984,20.223984,20.223984,0.000000,20.223984,20.223984,20.223984,20.223984,20.223984,
   **   ~~~   ** Air System Named = PSZ-AC_1:1 did not converge for energy
   **   ~~~   ** Check values should be zero. Most Recent values listed first.
   **   ~~~   ** Demand-to-Supply interface energy check value iteration history trace: 9484.248729,9484.248729,9484.248729,9484.248729,9484.248729,0.000000,9484.248729,9484.248729,9484.248729,9484.248729,
   **   ~~~   ** Supply-to-demand interface deck 1 energy check value iteration history trace: -4144.622823,4144.622823,-4144.622823,4144.622823,6236.685280,-4144.622823,4144.622823,-4144.622823,4144.622823,-4144.622823,
   **   ~~~   ** Node named DINING DIRECT AIR INLET NODE shows oscillating humidity ratio across iterations with a repeated value of 2.816962E-004
   **   ~~~   ** Node named DINING DIRECT AIR INLET NODE humidity ratio [kg-water/kg-dryair] iteration history trace (most recent first): 2.816962E-004,2.909297E-004,2.816962E-004,2.909297E-004,2.816962E-004,2.909297E-004,2.816962E-004,2.909297E-004,2.816962E-004,2.909297E-004,
   **   ~~~   ** Node named DINING DIRECT AIR INLET NODE shows oscillating mass flow rate across iterations with a repeated value of 0.994614
   **   ~~~   ** Node named DINING DIRECT AIR INLET NODE mass flow rate [kg/s] iteration history trace (most recent first): 0.994614,0.510842,0.994614,0.510842,0.994614,0.510842,0.994614,0.510842,0.994614,0.510842,
   **   ~~~   ** Node named DINING DIRECT AIR INLET NODE shows oscillating temperatures across iterations with a repeated value of 12.829656
   **   ~~~   ** Node named DINING DIRECT AIR INLET NODE temperature [C] iteration history trace (most recent first): 12.829656,33.053640,12.829656,33.053640,12.829656,33.053640,12.829656,33.053640,12.829656,33.053640,
   ** Severe  ** CheckAirLoopFlowBalance: AirLoopHVAC PSZ-AC_2:2 is unbalanced. Supply is > return plus outdoor air.
   **   ~~~   **  Environment=RUNPERIOD 1, at Simulation time=01/01 02:53 - 02:55
   **   ~~~   **   Flows [m3/s at standard density]: Supply=1.242718  Return=0.000000  Outdoor Air=0.000000
   **   ~~~   **   Imbalance=1.242718
   **   ~~~   **   This error will only be reported once per system.
   ** Warning ** CalcEquipmentFlowRates: "KITCHEN WATER EQUIPMENT" - Target water temperature is greater than the hot water temperature (0.97 C)
   **   ~~~   **  Environment=RUNPERIOD 1, at Simulation time=01/01 07:00 - 07:10
   **   ~~~   ** ...target water temperature       = 60.00 C
   **   ~~~   ** ...hot water temperature       = 59.03 C
   **   ~~~   ** ...Note: target water temperature should be less than or equal to the hot water temperature
   **   ~~~   ** ...Target water temperature should be less than or equal to the hot water temperature. Verify temperature setpoints and schedules.
   ** Warning ** Coil control failed for AirLoopHVAC:UnitarySystem:PSZ-AC_2:2_UNITARY_PACKAGE_DX
   **   ~~~   **   sensible part-load ratio determined to be outside the range of 0-1.
   **   ~~~   ** Sensible load to be met = -899.42 (watts), and the simulation continues.
   **   ~~~   **  Environment=RUNPERIOD 1, at Simulation time=01/02 02:17 - 02:18
   ** Warning ** Coil control failed to converge for AirLoopHVAC:UnitarySystem:PSZ-AC_2:2_UNITARY_PACKAGE_DX
   **   ~~~   **   Iteration limit exceeded in calculating system sensible part-load ratio.
   **   ~~~   ** Sensible load to be met = -1094.36 (watts), sensible output = -1096.58 (watts), and the simulation continues.
   **   ~~~   **  Environment=RUNPERIOD 1, at Simulation time=01/02 02:50 - 02:52
   ** Warning ** Temperature out of range [-100. to 200.] (PsyPsatFnTemp)
   **   ~~~   **  Routine=CalcMultiSpeedDXCoilCooling, Environment=RUNPERIOD 1, at Simulation time=01/20 07:30 - 07:40
   **   ~~~   **  Input Temperature=-1535.12
   ** Warning ** WetBulb not converged after 101 iterations(PsyTwbFnTdbWPb)
   **   ~~~   **  Routine=CalcMultiSpeedDXCoilCooling, Environment=RUNPERIOD 1, at Simulation time=03/02 16:35 - 16:38
   **   ~~~   **  Input Temperature = 7.48
   **   ~~~   **  Input Humidity Ratio= 8.661709E-004
   **   ~~~   **  Input Pressure = 98500.00
   **   ~~~   **  Resultant Temperature= 0.50
   ** Warning ** Coil:Cooling:DX:MultiSpeed "PSZ-AC_1:1 COOLING COIL" - Air volume flow rate per watt of rated total cooling capacity is out of range at speed 2.
   **   ~~~   **  Environment=RUNPERIOD 1, at Simulation time=05/21 14:00 - 14:10
   **   ~~~   ** Expected range for VolumeFlowPerRatedTotalCapacity=[2.684E-005--6.713E-005] Current value is 2.251E-005 m3/s/W
   **   ~~~   ** Possible causes include inconsistent air flow rates in system components or
   **   ~~~   ** inconsistent supply air fan operation modes in coil and unitary system objects.
   ************* Simulation Error Summary *************
   ************* There are 21 unused schedules in input.
   ************* Use Output:Diagnostics,DisplayUnusedSchedules; to see them.
   *************
   ************* ===== Recurring Error Summary =====
   ************* The following recurring error messages occurred.
   *************
   *************  ** Warning ** SimHVAC: Exceeding Maximum iterations for all HVAC loops, during RUNPERIOD 1 continues
   *************  **   ~~~   **   This error occurred 6376 total times;
   *************  **   ~~~   **   during Warmup 0 times;
   *************  **   ~~~   **   during Sizing 0 times.
   *************
   *************  ** Warning ** "KITCHEN WATER EQUIPMENT" - Target water temperature should be less than or equal to the hot water temperature error continues...
   *************  **   ~~~   **   This error occurred 894031 total times;
   *************  **   ~~~   **   during Warmup 0 times;
   *************  **   ~~~   **   during Sizing 0 times.
   *************  **   ~~~   **   Max=1.87595  Min=0.235671
   *************
   *************  ** Warning ** AirLoopHVAC:UnitarySystem "PSZ-AC_2:2_UNITARY_PACKAGE_DX" - sensible part-load ratio out of range error continues. Sensible load statistics:
   *************  **   ~~~   **   This error occurred 3058 total times;
   *************  **   ~~~   **   during Warmup 0 times;
   *************  **   ~~~   **   during Sizing 0 times.
   *************  **   ~~~   **   Max=-7.567693  Min=-45828.6795
   *************
   *************  ** Warning ** AirLoopHVAC:UnitarySystem "PSZ-AC_2:2_UNITARY_PACKAGE_DX" - Iteration limit exceeded in calculating sensible part-load ratio error continues. Sensible load statistics:
   *************  **   ~~~   **   This error occurred 855 total times;
   *************  **   ~~~   **   during Warmup 0 times;
   *************  **   ~~~   **   during Sizing 0 times.
   *************  **   ~~~   **   Max=-360.585354  Min=-14612.299336
   *************
   *************  ** Warning ** Temperature out of range [-100. to 200.] (PsyPsatFnTemp)
   *************  **   ~~~   **   This error occurred 28 total times;
   *************  **   ~~~   **   during Warmup 0 times;
   *************  **   ~~~   **   during Sizing 0 times.
   *************  **   ~~~   **   Max=-100.192692 C  Min=-30057.995117 C
   *************
   *************  ** Warning ** WetBulb not converged after max iterations(PsyTwbFnTdbWPb)
   *************  **   ~~~   **   This error occurred 5 total times;
   *************  **   ~~~   **   during Warmup 0 times;
   *************  **   ~~~   **   during Sizing 0 times.
   *************
   *************  ** Warning ** Coil:Cooling:DX:MultiSpeed "PSZ-AC_1:1 COOLING COIL" - Air volume flow rate per watt of rated total cooling capacity is out of range at speed 2 error continues...
   *************  **   ~~~   **   This error occurred 34948 total times;
   *************  **   ~~~   **   during Warmup 0 times;
   *************  **   ~~~   **   during Sizing 0 times.
   *************  **   ~~~   **   Max=2.346228E-005  Min=2.194151E-005
   *************
   *************
   ************* ===== Final Error Summary =====
   ************* The following error categories occurred.  Consider correcting or noting.
   ************* Nominally Unused Constructions
   ************* ..The nominally unused constructions warning is provided to alert you to potential conditions that can cause
   ************* ..extra time during simulation. Each construction is calculated by the algorithm indicated in the HeatBalanceAlgorithm
   ************* ..object. You may remove the constructions indicated (when you use the DisplayExtraWarnings option).
   *************
   ************* EnergyPlus Warmup Error Summary. During Warmup: 0 Warning; 0 Severe Errors.
   ************* EnergyPlus Sizing Error Summary. During Sizing: 4 Warning; 0 Severe Errors.
   ************* EnergyPlus Completed Successfully-- 939797 Warning; 2 Severe Errors; Elapsed Time=00hr 01min 24.40sec
