Program Version:,EnergyPlus, Version 22.1.0-ed759b17ee, YMD=2026.07.28 23:35
Tabular Output Report in Format: ,Comma

Building:,RetailStripmall
Environment:,RUNPERIOD 1 ** BUFFALO NY USA TMY2-14733 WMO#=725280

----------------------------------------------------------------------------------------------------
REPORT:,Annual Building Utility Performance Summary
FOR:,Entire Facility
Values gathered over      8760.00 hours

Site and Source Energy

,,Total Energy [GJ],Energy Per Total Building Area [MJ/m2],Energy Per Conditioned Building Area [MJ/m2]
,Total Site Energy,2126.91,1017.51,1017.51
,Net Site Energy,2126.91,1017.51,1017.51
,Total Source Energy,4181.94,2000.63,2000.63
,Net Source Energy,4181.94,2000.63,2000.63


Site to Source Energy Conversion Factors

,,Site=>Source Conversion Factor
,Electricity,3.167
,Natural Gas,1.084
,District Cooling,1.056
,District Heating,3.613
,Steam,1.200
,Gasoline,1.050
,Diesel,1.050
,Coal,1.050
,Fuel Oil No 1,1.050
,Fuel Oil No 2,1.050
,Propane,1.050
,Other Fuel 1,1.000
,Other Fuel 2,1.000


Building Area

,,Area [m2]
,Total Building Area,2090.32
,Net Conditioned Building Area,2090.32
,Unconditioned Building Area,0.00


End Uses

,,Electricity [GJ],Natural Gas [GJ],Gasoline [GJ],Diesel [GJ],Coal [GJ],Fuel Oil No 1 [GJ],Fuel Oil No 2 [GJ],Propane [GJ],Other Fuel 1 [GJ],Other Fuel 2 [GJ],District Cooling [GJ],District Heating [GJ],Water [m3]
,Heating,0.00,1226.11,0.00,0.00,0.00,0.00,0.00,0.00,0.00,0.00,0.00,0.00,0.00
,Cooling,64.93,0.00,0.00,0.00,0.00,0.00,0.00,0.00,0.00,0.00,0.00,0.00,0.00
,Interior Lighting,338.02,0.00,0.00,0.00,0.00,0.00,0.00,0.00,0.00,0.00,0.00,0.00,0.00
,Exterior Lighting,60.16,0.00,0.00,0.00,0.00,0.00,0.00,0.00,0.00,0.00,0.00,0.00,0.00
,Interior Equipment,298.03,0.00,0.00,0.00,0.00,0.00,0.00,0.00,0.00,0.00,0.00,0.00,0.00
,Exterior Equipment,0.00,0.00,0.00,0.00,0.00,0.00,0.00,0.00,0.00,0.00,0.00,0.00,0.00
,Fans,74.56,0.00,0.00,0.00,0.00,0.00,0.00,0.00,0.00,0.00,0.00,0.00,0.00
,Pumps,0.00,0.00,0.00,0.00,0.00,0.00,0.00,0.00,0.00,0.00,0.00,0.00,0.00
,Heat Rejection,0.00,0.00,0.00,0.00,0.00,0.00,0.00,0.00,0.00,0.00,0.00,0.00,0.00
,Humidification,0.00,0.00,0.00,0.00,0.00,0.00,0.00,0.00,0.00,0.00,0.00,0.00,0.00
,Heat Recovery,0.00,0.00,0.00,0.00,0.00,0.00,0.00,0.00,0.00,0.00,0.00,0.00,0.00
,Water Systems,65.09,0.00,0.00,0.00,0.00,0.00,0.00,0.00,0.00,0.00,0.00,0.00,87.30
,Refrigeration,0.00,0.00,0.00,0.00,0.00,0.00,0.00,0.00,0.00,0.00,0.00,0.00,0.00
,Generators,0.00,0.00,0.00,0.00,0.00,0.00,0.00,0.00,0.00,0.00,0.00,0.00,0.00
,,,,,,,,,,,,,,
,Total End Uses,900.80,1226.11,0.00,0.00,0.00,0.00,0.00,0.00,0.00,0.00,0.00,0.00,87.30
Note: Natural gas appears to be the principal heating source based on energy usage.


End Uses By Subcategory

,,Subcategory,Electricity [GJ],Natural Gas [GJ],Gasoline [GJ],Diesel [GJ],Coal [GJ],Fuel Oil No 1 [GJ],Fuel Oil No 2 [GJ],Propane [GJ],Other Fuel 1 [GJ],Other Fuel 2 [GJ],District Cooling [GJ],District Heating [GJ],Water [m3]
,Heating,General,0.00,1226.11,0.00,0.00,0.00,0.00,0.00,0.00,0.00,0.00,0.00,0.00,0.00
,Cooling,General,64.93,0.00,0.00,0.00,0.00,0.00,0.00,0.00,0.00,0.00,0.00,0.00,0.00
,Interior Lighting,LightsWired,338.02,0.00,0.00,0.00,0.00,0.00,0.00,0.00,0.00,0.00,0.00,0.00,0.00
,Exterior Lighting,General,60.16,0.00,0.00,0.00,0.00,0.00,0.00,0.00,0.00,0.00,0.00,0.00,0.00
,Interior Equipment,MiscPlug,298.03,0.00,0.00,0.00,0.00,0.00,0.00,0.00,0.00,0.00,0.00,0.00,0.00
,Exterior Equipment,General,0.00,0.00,0.00,0.00,0.00,0.00,0.00,0.00,0.00,0.00,0.00,0.00,0.00
,Fans,General,74.56,0.00,0.00,0.00,0.00,0.00,0.00,0.00,0.00,0.00,0.00,0.00,0.00
,Pumps,General,0.00,0.00,0.00,0.00,0.00,0.00,0.00,0.00,0.00,0.00,0.00,0.00,0.00
,Heat Rejection,General,0.00,0.00,0.00,0.00,0.00,0.00,0.00,0.00,0.00,0.00,0.00,0.00,0.00
,Humidification,General,0.00,0.00,0.00,0.00,0.00,0.00,0.00,0.00,0.00,0.00,0.00,0.00,0.00
,Heat Recovery,General,0.00,0.00,0.00,0.00,0.00,0.00,0.00,0.00,0.00,0.00,0.00,0.00,0.00
,Water Systems,Water Heater,65.09,0.00,0.00,0.00,0.00,0.00,0.00,0.00,0.00,0.00,0.00,0.00,87.30
,Refrigeration,General,0.00,0.00,0.00,0.00,0.00,0.00,0.00,0.00,0.00,0.00,0.00,0.00,0.00
,Generators,General,0.00,0.00,0.00,0.00,0.00,0.00,0.00,0.00,0.00,0.00,0.00,0.00,0.00


End Uses By Space Type

,,Space Type,Electricity [GJ],Natural Gas [GJ],Gasoline [GJ],Diesel [GJ],Coal [GJ],Fuel Oil No 1 [GJ],Fuel Oil No 2 [GJ],Propane [GJ],Other Fuel 1 [GJ],Other Fuel 2 [GJ],District Cooling [GJ],District Heating [GJ],Water [m3]
,Heating,Unassigned,0.00,1226.11,0.00,0.00,0.00,0.00,0.00,0.00,0.00,0.00,0.00,0.00,0.00
,Cooling,Unassigned,64.93,0.00,0.00,0.00,0.00,0.00,0.00,0.00,0.00,0.00,0.00,0.00,0.00
,Interior Lighting,GENERAL,338.02,0.00,0.00,0.00,0.00,0.00,0.00,0.00,0.00,0.00,0.00,0.00,0.00
,Exterior Lighting,Unassigned,60.16,0.00,0.00,0.00,0.00,0.00,0.00,0.00,0.00,0.00,0.00,0.00,0.00
,Interior Equipment,GENERAL,298.03,0.00,0.00,0.00,0.00,0.00,0.00,0.00,0.00,0.00,0.00,0.00,0.00
,Exterior Equipment,Unassigned,0.00,0.00,0.00,0.00,0.00,0.00,0.00,0.00,0.00,0.00,0.00,0.00,0.00
,Fans,Unassigned,74.56,0.00,0.00,0.00,0.00,0.00,0.00,0.00,0.00,0.00,0.00,0.00,0.00
,Pumps,Unassigned,0.00,0.00,0.00,0.00,0.00,0.00,0.00,0.00,0.00,0.00,0.00,0.00,0.00
,Heat Rejection,Unassigned,0.00,0.00,0.00,0.00,0.00,0.00,0.00,0.00,0.00,0.00,0.00,0.00,0.00
,Humidification,Unassigned,0.00,0.00,0.00,0.00,0.00,0.00,0.00,0.00,0.00,0.00,0.00,0.00,0.00
,Heat Recovery,Unassigned,0.00,0.00,0.00,0.00,0.00,0.00,0.00,0.00,0.00,0.00,0.00,0.00,0.00
,Water Systems,Unassigned,65.09,0.00,0.00,0.00,0.00,0.00,0.00,0.00,0.00,0.00,0.00,0.00,87.30
,Refrigeration,Unassigned,0.00,0.00,0.00,0.00,0.00,0.00,0.00,0.00,0.00,0.00,0.00,0.00,0.00
,Generators,Unassigned,0.00,0.00,0.00,0.00,0.00,0.00,0.00,0.00,0.00,0.00,0.00,0.00,0.00


Normalized Metrics
Utility Use Per Conditioned Floor Area

,,Electricity Intensity [MJ/m2],Natural Gas Intensity [MJ/m2],Gasoline Intensity [MJ/m2],Diesel Intensity [MJ/m2],Coal Intensity [MJ/m2],Fuel Oil No 1 Intensity [MJ/m2],Fuel Oil No 2 Intensity [MJ/m2],Propane Intensity [MJ/m2],Other Fuel 1 Intensity [MJ/m2],Other Fuel 2 Intensity [MJ/m2],District Cooling Intensity [MJ/m2],District Heating Intensity [MJ/m2],Water Intensity [m3/m2]
,Lighting,190.49,0.00,0.00,0.00,0.00,0.00,0.00,0.00,0.00,0.00,0.00,0.00,0.00
,HVAC,97.87,586.57,0.00,0.00,0.00,0.00,0.00,0.00,0.00,0.00,0.00,0.00,0.04
,Other,142.58,0.00,0.00,0.00,0.00,0.00,0.00,0.00,0.00,0.00,0.00,0.00,0.00
,Total,430.94,586.57,0.00,0.00,0.00,0.00,0.00,0.00,0.00,0.00,0.00,0.00,0.04


Utility Use Per Total Floor Area

,,Electricity Intensity [MJ/m2],Natural Gas Intensity [MJ/m2],Gasoline Intensity [MJ/m2],Diesel Intensity [MJ/m2],Coal Intensity [MJ/m2],Fuel Oil No 1 Intensity [MJ/m2],Fuel Oil No 2 Intensity [MJ/m2],Propane Intensity [MJ/m2],Other Fuel 1 Intensity [MJ/m2],Other Fuel 2 Intensity [MJ/m2],District Cooling Intensity [MJ/m2],District Heating Intensity [MJ/m2],Water Intensity [m3/m2]
,Lighting,190.49,0.00,0.00,0.00,0.00,0.00,0.00,0.00,0.00,0.00,0.00,0.00,0.00
,HVAC,97.87,586.57,0.00,0.00,0.00,0.00,0.00,0.00,0.00,0.00,0.00,0.00,0.04
,Other,142.58,0.00,0.00,0.00,0.00,0.00,0.00,0.00,0.00,0.00,0.00,0.00,0.00
,Total,430.94,586.57,0.00,0.00,0.00,0.00,0.00,0.00,0.00,0.00,0.00,0.00,0.04


Electric Loads Satisfied

,,Electricity [GJ],Percent Electricity [%]
,Fuel-Fired Power Generation,0.000,0.00
,High Temperature Geothermal*,0.000,0.00
,Photovoltaic Power,0.000,0.00
,Wind Power,0.000,0.00
,Power Conversion,0.000,0.00
,Net Decrease in On-Site Storage,0.000,0.00
,Total On-Site Electric Sources,0.000,0.00
,,,
,Electricity Coming From Utility,900.803,100.00
,Surplus Electricity Going To Utility,0.000,0.00
,Net Electricity From Utility,900.803,100.00
,,,
,Total On-Site and Utility Electric Sources,900.803,100.00
,Total Electricity End Uses,900.803,100.00


On-Site Thermal Sources

,,Heat [GJ],Percent Heat [%]
,Water-Side Heat Recovery,0.00,
,Air to Air Heat Recovery for Cooling,0.00,
,Air to Air Heat Recovery for Heating,0.00,
,High-Temperature Geothermal*,0.00,
,Solar Water Thermal,0.00,
,Solar Air Thermal,0.00,
,Total On-Site Thermal Sources,0.00,


Water Source Summary

,,Water [m3],Percent Water [%]
,Rainwater Collection,0.00,0.00
,Condensate Collection,0.00,0.00
,Groundwater Well,0.00,0.00
,Total On Site Water Sources,0.00,0.00
,-,-,-
,Initial Storage,0.00,0.00
,Final Storage,0.00,0.00
,Change in Storage,0.00,0.00
,-,-,-
,Water Supplied by Utility,87.30,100.00
,-,-,-
,Total On Site, Change in Storage, and Utility Water Sources,87.30,100.00
,Total Water End Uses,87.30,100.00


Setpoint Not Met Criteria

,,Degrees [deltaC]
,Tolerance for Zone Heating Setpoint Not Met Time,0.56
,Tolerance for Zone Cooling Setpoint Not Met Time,0.56


Comfort and Setpoint Not Met Summary

,,Facility [Hours]
,Time Setpoint Not Met During Occupied Heating,0.00
,Time Setpoint Not Met During Occupied Cooling,0.00
,Time Not Comfortable Based on Simple ASHRAE 55-2004,2988.50


Note 1: An asterisk (*) indicates that the feature is not yet implemented.
----------------------------------------------------------------------------------------------------
REPORT:,Input Verification and Results Summary
FOR:,Entire Facility
General

,,Value
,Program Version and Build,EnergyPlus, Version 22.1.0-ed759b17ee, YMD=2026.07.28 23:35
,RunPeriod,RUNPERIOD 1
,Weather File,BUFFALO NY USA TMY2-14733 WMO#=725280
,Latitude [deg],42.93
,Longitude [deg],-78.7
,Elevation [m],215.00
,Time Zone,-5.0
,North Axis Angle [deg],0.00
,Rotation for Appendix G [deg],0.00
,Hours Simulated [hrs],8760.00


ENVELOPE
Window-Wall Ratio

,,Total,North (315 to 45 deg),East (45 to 135 deg),South (135 to 225 deg),West (225 to 315 deg)
,Gross Wall Area [m2],1184.15,473.66,118.41,473.66,118.41
,Above Ground Wall Area [m2],1184.15,473.66,118.41,473.66,118.41
,Window Opening Area [m2],124.40,0.00,0.00,124.40,0.00
,Gross Window-Wall Ratio [%],10.51,0.00,0.00,26.26,0.00
,Above Ground Window-Wall Ratio [%],10.51,0.00,0.00,26.26,0.00


Conditioned Window-Wall Ratio

,,Total,North (315 to 45 deg),East (45 to 135 deg),South (135 to 225 deg),West (225 to 315 deg)
,Gross Wall Area [m2],1184.15,473.66,118.41,473.66,118.41
,Above Ground Wall Area [m2],1184.15,473.66,118.41,473.66,118.41
,Window Opening Area [m2],124.40,0.00,0.00,124.40,0.00
,Gross Window-Wall Ratio [%],10.51,0.00,0.00,26.26,0.00
,Above Ground Window-Wall Ratio [%],10.51,0.00,0.00,26.26,0.00


Skylight-Roof Ratio

,,Total
,Gross Roof Area [m2],2090.32
,Skylight Area [m2],0.00
,Skylight-Roof Ratio [%],0.00


PERFORMANCE
Zone Summary

,,Area [m2],Conditioned (Y/N),Part of Total Floor Area (Y/N),Volume [m3],Multipliers,Above Ground Gross Wall Area [m2],Underground Gross Wall Area [m2],Window Glass Area [m2],Opening Area [m2],Lighting [W/m2],People [m2 per person],Plug and Process [W/m2]
,LGSTORE1,348.39,Yes,Yes,1805.20,1.00,276.30,0.00,20.77,20.77,12.0000,15.00,10.0000
,SMSTORE1,174.19,Yes,Yes,902.60,1.00,78.94,0.00,10.38,10.38,12.0000,15.00,10.0000
,SMSTORE2,174.19,Yes,Yes,902.60,1.00,78.94,0.00,10.36,10.36,12.0000,15.00,10.0000
,SMSTORE3,174.19,Yes,Yes,902.60,1.00,78.94,0.00,10.36,10.36,12.0000,15.00,10.0000
,SMSTORE4,174.19,Yes,Yes,902.60,1.00,78.94,0.00,10.36,10.36,12.0000,15.00,10.0000
,LGSTORE2,348.39,Yes,Yes,1805.20,1.00,157.89,0.00,20.72,20.72,12.0000,15.00,10.0000
,SMSTORE5,174.19,Yes,Yes,902.60,1.00,78.94,0.00,10.36,10.36,12.0000,15.00,10.0000
,SMSTORE6,174.19,Yes,Yes,902.60,1.00,78.94,0.00,10.36,10.36,12.0000,15.00,10.0000
,SMSTORE7,174.19,Yes,Yes,902.60,1.00,78.94,0.00,10.36,10.36,12.0000,15.00,10.0000
,SMSTORE8,174.19,Yes,Yes,902.60,1.00,197.36,0.00,10.36,10.36,12.0000,15.00,10.0000
,Total,2090.32,,,10831.20,,1184.15,0.00,124.40,124.40,12.0000,15.00,10.0000
,Conditioned Total,2090.32,,,10831.20,,1184.15,0.00,124.40,124.40,12.0000,15.00,10.0000
,Unconditioned Total,0.00,,,0.00,,0.00,0.00,0.00,0.00,,,
,Not Part of Total,0.00,,,0.00,,0.00,0.00,0.00,0.00,,,


Space Summary

,,Area [m2],Conditioned (Y/N),Part of Total Floor Area (Y/N),Multipliers,Zone Name,Space Type,Radiant/Solar Enclosure Name,Lighting [W/m2],People [m2 per person],Plug and Process [W/m2],Tags
,LGSTORE1,348.39,Yes,Yes,1.00,LGSTORE1,GENERAL,LGSTORE1,12.0000,15.00,10.0000,
,SMSTORE1,174.19,Yes,Yes,1.00,SMSTORE1,GENERAL,SMSTORE1,12.0000,15.00,10.0000,
,SMSTORE2,174.19,Yes,Yes,1.00,SMSTORE2,GENERAL,SMSTORE2,12.0000,15.00,10.0000,
,SMSTORE3,174.19,Yes,Yes,1.00,SMSTORE3,GENERAL,SMSTORE3,12.0000,15.00,10.0000,
,SMSTORE4,174.19,Yes,Yes,1.00,SMSTORE4,GENERAL,SMSTORE4,12.0000,15.00,10.0000,
,LGSTORE2,348.39,Yes,Yes,1.00,LGSTORE2,GENERAL,LGSTORE2,12.0000,15.00,10.0000,
,SMSTORE5,174.19,Yes,Yes,1.00,SMSTORE5,GENERAL,SMSTORE5,12.0000,15.00,10.0000,
,SMSTORE6,174.19,Yes,Yes,1.00,SMSTORE6,GENERAL,SMSTORE6,12.0000,15.00,10.0000,
,SMSTORE7,174.19,Yes,Yes,1.00,SMSTORE7,GENERAL,SMSTORE7,12.0000,15.00,10.0000,
,SMSTORE8,174.19,Yes,Yes,1.00,SMSTORE8,GENERAL,SMSTORE8,12.0000,15.00,10.0000,
,Total,2090.32,,,,,,,12.0000,7.50,10.0000,
,Conditioned Total,2090.32,,,,,,,12.0000,7.50,10.0000,
,Unconditioned Total,0.00,,,,,,,0.0000,0.00,0.0000,
,Not Part of Total,0.00,,,,,,,0.0000,0.00,0.0000,


Space Type Summary

,,Total Area [m2],Conditioned Area [m2],Unconditioned Area [m2],Not Part of Total Area [m2],Lighting [W/m2],People [m2 per person],Plug and Process [W/m2]
,GENERAL,2090.32,2090.32,0.00,0.00,12.0000,15.00,10.0000
,Total,2090.32,2090.32,0.00,0.00,,,


----------------------------------------------------------------------------------------------------
REPORT:,Demand End Use Components Summary
FOR:,Entire Facility
End Uses

,,Electricity [W],Natural Gas [W],Gasoline [W],Diesel [W],Coal [W],Fuel Oil No 1 [W],Fuel Oil No 2 [W],Propane [W],Other Fuel 1 [W],Other Fuel 2 [W],District Cooling [W],Steam [W],Water [m3/s]
,Time of Peak,03-JUL-13:00,01-FEB-17:00,-,-,-,-,-,-,-,-,-,-,06-JAN-13:09
,Heating,0.00,382741.49,0.00,0.00,0.00,0.00,0.00,0.00,0.00,0.00,0.00,0.00,0.00
,Cooling,43036.95,0.00,0.00,0.00,0.00,0.00,0.00,0.00,0.00,0.00,0.00,0.00,0.00
,Interior Lighting,22282.43,0.00,0.00,0.00,0.00,0.00,0.00,0.00,0.00,0.00,0.00,0.00,0.00
,Exterior Lighting,0.00,0.00,0.00,0.00,0.00,0.00,0.00,0.00,0.00,0.00,0.00,0.00,0.00
,Interior Equipment,18743.00,0.00,0.00,0.00,0.00,0.00,0.00,0.00,0.00,0.00,0.00,0.00,0.00
,Exterior Equipment,0.00,0.00,0.00,0.00,0.00,0.00,0.00,0.00,0.00,0.00,0.00,0.00,0.00
,Fans,7259.34,0.00,0.00,0.00,0.00,0.00,0.00,0.00,0.00,0.00,0.00,0.00,0.00
,Pumps,0.00,0.00,0.00,0.00,0.00,0.00,0.00,0.00,0.00,0.00,0.00,0.00,0.00
,Heat Rejection,0.00,0.00,0.00,0.00,0.00,0.00,0.00,0.00,0.00,0.00,0.00,0.00,0.00
,Humidification,0.00,0.00,0.00,0.00,0.00,0.00,0.00,0.00,0.00,0.00,0.00,0.00,0.00
,Heat Recovery,0.00,0.00,0.00,0.00,0.00,0.00,0.00,0.00,0.00,0.00,0.00,0.00,0.00
,Water Systems,5456.71,0.00,0.00,0.00,0.00,0.00,0.00,0.00,0.00,0.00,0.00,0.00,0.00
,Refrigeration,0.00,0.00,0.00,0.00,0.00,0.00,0.00,0.00,0.00,0.00,0.00,0.00,0.00
,Generators,0.00,0.00,0.00,0.00,0.00,0.00,0.00,0.00,0.00,0.00,0.00,0.00,0.00
,,,,,,,,,,,,,,
,Total End Uses,96778.43,382741.49,0.00,0.00,0.00,0.00,0.00,0.00,0.00,0.00,0.00,0.00,0.00


End Uses By Subcategory

,,Subcategory,Electricity [W],Natural Gas [W],Gasoline [W],Diesel [W],Coal [W],Fuel Oil No 1 [W],Fuel Oil No 2 [W],Propane [W],Other Fuel 1 [W],Other Fuel 2 [W],District Cooling [W],Steam [W],Water [m3/s]
,Heating,General,0.00,382741.49,0.00,0.00,0.00,0.00,0.00,0.00,0.00,0.00,0.00,0.00,0.00
,Cooling,General,43036.95,0.00,0.00,0.00,0.00,0.00,0.00,0.00,0.00,0.00,0.00,0.00,0.00
,Interior Lighting,LightsWired,22282.43,0.00,0.00,0.00,0.00,0.00,0.00,0.00,0.00,0.00,0.00,0.00,0.00
,Exterior Lighting,General,0.00,0.00,0.00,0.00,0.00,0.00,0.00,0.00,0.00,0.00,0.00,0.00,0.00
,Interior Equipment,MiscPlug,18743.00,0.00,0.00,0.00,0.00,0.00,0.00,0.00,0.00,0.00,0.00,0.00,0.00
,Exterior Equipment,General,0.00,0.00,0.00,0.00,0.00,0.00,0.00,0.00,0.00,0.00,0.00,0.00,0.00
,Fans,General,7259.34,0.00,0.00,0.00,0.00,0.00,0.00,0.00,0.00,0.00,0.00,0.00,0.00
,Pumps,General,0.00,0.00,0.00,0.00,0.00,0.00,0.00,0.00,0.00,0.00,0.00,0.00,0.00
,Heat Rejection,General,0.00,0.00,0.00,0.00,0.00,0.00,0.00,0.00,0.00,0.00,0.00,0.00,0.00
,Humidification,General,0.00,0.00,0.00,0.00,0.00,0.00,0.00,0.00,0.00,0.00,0.00,0.00,0.00
,Heat Recovery,General,0.00,0.00,0.00,0.00,0.00,0.00,0.00,0.00,0.00,0.00,0.00,0.00,0.00
,Water Systems,Water Heater,5456.71,0.00,0.00,0.00,0.00,0.00,0.00,0.00,0.00,0.00,0.00,0.00,0.00
,Refrigeration,General,0.00,0.00,0.00,0.00,0.00,0.00,0.00,0.00,0.00,0.00,0.00,0.00,0.00
,Generators,General,0.00,0.00,0.00,0.00,0.00,0.00,0.00,0.00,0.00,0.00,0.00,0.00,0.00


----------------------------------------------------------------------------------------------------
REPORT:,Source Energy End Use Components Summary
FOR:,Entire Facility
Values gathered over      8760.00 hours

Source Energy End Use Components Summary

,,Source Electricity [GJ],Source Natural Gas [GJ],Source Gasoline [GJ],Source Diesel [GJ],Source Coal [GJ],Source Fuel Oil No 1 [GJ],Source Fuel Oil No 2 [GJ],Source Propane [GJ],Source Other Fuel 1 [GJ],Source Other Fuel 2 [GJ],Source District Cooling [GJ],Source District Heating [GJ]
,Heating,0.00,1329.10,0.00,0.00,0.00,0.00,0.00,0.00,0.00,0.00,0.00,0.00
,Cooling,205.64,0.00,0.00,0.00,0.00,0.00,0.00,0.00,0.00,0.00,0.00,0.00
,Interior Lighting,1070.51,0.00,0.00,0.00,0.00,0.00,0.00,0.00,0.00,0.00,0.00,0.00
,Exterior Lighting,190.54,0.00,0.00,0.00,0.00,0.00,0.00,0.00,0.00,0.00,0.00,0.00
,Interior Equipment,943.87,0.00,0.00,0.00,0.00,0.00,0.00,0.00,0.00,0.00,0.00,0.00
,Exterior Equipment,0.00,0.00,0.00,0.00,0.00,0.00,0.00,0.00,0.00,0.00,0.00,0.00
,Fans,236.13,0.00,0.00,0.00,0.00,0.00,0.00,0.00,0.00,0.00,0.00,0.00
,Pumps,0.00,0.00,0.00,0.00,0.00,0.00,0.00,0.00,0.00,0.00,0.00,0.00
,Heat Rejection,0.00,0.00,0.00,0.00,0.00,0.00,0.00,0.00,0.00,0.00,0.00,0.00
,Humidification,0.00,0.00,0.00,0.00,0.00,0.00,0.00,0.00,0.00,0.00,0.00,0.00
,Heat Recovery,0.00,0.00,0.00,0.00,0.00,0.00,0.00,0.00,0.00,0.00,0.00,0.00
,Water Systems,206.15,0.00,0.00,0.00,0.00,0.00,0.00,0.00,0.00,0.00,0.00,0.00
,Refrigeration,0.00,0.00,0.00,0.00,0.00,0.00,0.00,0.00,0.00,0.00,0.00,0.00
,Generators,0.00,0.00,0.00,0.00,0.00,0.00,0.00,0.00,0.00,0.00,0.00,0.00
,,,,,,,,,,,,,
,Total Source Energy End Use Components,2852.84,1329.10,0.00,0.00,0.00,0.00,0.00,0.00,0.00,0.00,0.00,0.00


Normalized Metrics
Source Energy End Use Components Per Conditioned Floor Area

,,Source Electricity [MJ/m2],Source Natural Gas [MJ/m2],Source Gasoline [MJ/m2],Source Diesel [MJ/m2],Source Coal [MJ/m2],Source Fuel Oil No 1 [MJ/m2],Source Fuel Oil No 2 [MJ/m2],Source Propane [MJ/m2],Source Other Fuel 1 [MJ/m2],Source Other Fuel 2 [MJ/m2],Source District Cooling [MJ/m2],Source District Heating [MJ/m2]
,Heating,0.00,635.84,0.00,0.00,0.00,0.00,0.00,0.00,0.00,0.00,0.00,0.00
,Cooling,98.38,0.00,0.00,0.00,0.00,0.00,0.00,0.00,0.00,0.00,0.00,0.00
,Interior Lighting,512.13,0.00,0.00,0.00,0.00,0.00,0.00,0.00,0.00,0.00,0.00,0.00
,Exterior Lighting,91.15,0.00,0.00,0.00,0.00,0.00,0.00,0.00,0.00,0.00,0.00,0.00
,Interior Equipment,451.54,0.00,0.00,0.00,0.00,0.00,0.00,0.00,0.00,0.00,0.00,0.00
,Exterior Equipment,0.00,0.00,0.00,0.00,0.00,0.00,0.00,0.00,0.00,0.00,0.00,0.00
,Fans,112.96,0.00,0.00,0.00,0.00,0.00,0.00,0.00,0.00,0.00,0.00,0.00
,Pumps,0.00,0.00,0.00,0.00,0.00,0.00,0.00,0.00,0.00,0.00,0.00,0.00
,Heat Rejection,0.00,0.00,0.00,0.00,0.00,0.00,0.00,0.00,0.00,0.00,0.00,0.00
,Humidification,0.00,0.00,0.00,0.00,0.00,0.00,0.00,0.00,0.00,0.00,0.00,0.00
,Heat Recovery,0.00,0.00,0.00,0.00,0.00,0.00,0.00,0.00,0.00,0.00,0.00,0.00
,Water Systems,98.62,0.00,0.00,0.00,0.00,0.00,0.00,0.00,0.00,0.00,0.00,0.00
,Refrigeration,0.00,0.00,0.00,0.00,0.00,0.00,0.00,0.00,0.00,0.00,0.00,0.00
,Generators,0.00,0.00,0.00,0.00,0.00,0.00,0.00,0.00,0.00,0.00,0.00,0.00
,,,,,,,,,,,,,
,Total Source Energy End Use Components,1364.79,635.84,0.00,0.00,0.00,0.00,0.00,0.00,0.00,0.00,0.00,0.00


Source Energy End Use Components Per Total Floor Area

,,Source Electricity [MJ/m2],Source Natural Gas [MJ/m2],Source Gasoline [MJ/m2],Source Diesel [MJ/m2],Source Coal [MJ/m2],Source Fuel Oil No 1 [MJ/m2],Source Fuel Oil No 2 [MJ/m2],Source Propane [MJ/m2],Source Other Fuel 1 [MJ/m2],Source Other Fuel 2 [MJ/m2],Source District Cooling [MJ/m2],Source District Heating [MJ/m2]
,Heating,0.00,635.84,0.00,0.00,0.00,0.00,0.00,0.00,0.00,0.00,0.00,0.00
,Cooling,98.38,0.00,0.00,0.00,0.00,0.00,0.00,0.00,0.00,0.00,0.00,0.00
,Interior Lighting,512.13,0.00,0.00,0.00,0.00,0.00,0.00,0.00,0.00,0.00,0.00,0.00
,Exterior Lighting,91.15,0.00,0.00,0.00,0.00,0.00,0.00,0.00,0.00,0.00,0.00,0.00
,Interior Equipment,451.54,0.00,0.00,0.00,0.00,0.00,0.00,0.00,0.00,0.00,0.00,0.00
,Exterior Equipment,0.00,0.00,0.00,0.00,0.00,0.00,0.00,0.00,0.00,0.00,0.00,0.00
,Fans,112.96,0.00,0.00,0.00,0.00,0.00,0.00,0.00,0.00,0.00,0.00,0.00
,Pumps,0.00,0.00,0.00,0.00,0.00,0.00,0.00,0.00,0.00,0.00,0.00,0.00
,Heat Rejection,0.00,0.00,0.00,0.00,0.00,0.00,0.00,0.00,0.00,0.00,0.00,0.00
,Humidification,0.00,0.00,0.00,0.00,0.00,0.00,0.00,0.00,0.00,0.00,0.00,0.00
,Heat Recovery,0.00,0.00,0.00,0.00,0.00,0.00,0.00,0.00,0.00,0.00,0.00,0.00
,Water Systems,98.62,0.00,0.00,0.00,0.00,0.00,0.00,0.00,0.00,0.00,0.00,0.00
,Refrigeration,0.00,0.00,0.00,0.00,0.00,0.00,0.00,0.00,0.00,0.00,0.00,0.00
,Generators,0.00,0.00,0.00,0.00,0.00,0.00,0.00,0.00,0.00,0.00,0.00,0.00
,,,,,,,,,,,,,
,Total Source Energy End Use Components,1364.79,635.84,0.00,0.00,0.00,0.00,0.00,0.00,0.00,0.00,0.00,0.00


----------------------------------------------------------------------------------------------------
REPORT:,Component Sizing Summary
FOR:,Entire Facility
AirTerminal:SingleDuct:ConstantVolume:NoReheat

,,Design Size Maximum Air Flow Rate [m3/s]
,LGSTORE1 DIRECT AIR,1.39
,SMSTORE1 DIRECT AIR,0.696773
,SMSTORE2 DIRECT AIR,0.696773
,SMSTORE3 DIRECT AIR,0.696773
,SMSTORE4 DIRECT AIR,0.696773
,LGSTORE2 DIRECT AIR,1.39
,SMSTORE5 DIRECT AIR,0.696773
,SMSTORE6 DIRECT AIR,0.696773
,SMSTORE7 DIRECT AIR,0.696773
,SMSTORE8 DIRECT AIR,0.728634
User-Specified values were used. Design Size values were used if no User-Specified values were provided.


AirLoopHVAC

,,Sum of Air Terminal Maximum Heating Flow Rates [m3/s],Sum of Air Terminal Minimum Heating Flow Rates [m3/s],Sum of Air Terminal Maximum Flow Rates [m3/s],Adjusted Heating Design Air Flow Rate [m3/s],Adjusted Cooling Design Air Flow Rate [m3/s],Adjusted Main Design Air Flow Rate [m3/s],User Heating Air Flow Ratio [],Calculated Heating Air Flow Ratio [],Design Supply Air Flow Rate [m3/s]
,PSZ-AC_1:1,1.39,1.39,1.39,1.39,1.39,1.39,1.00,1.00,1.39
,PSZ-AC_2:2,0.696773,0.696773,0.696773,0.696773,0.696773,0.696773,1.00,1.00,0.696773
,PSZ-AC_3:3,0.696773,0.696773,0.696773,0.696773,0.696773,0.696773,1.00,1.00,0.696773
,PSZ-AC_4:4,0.696773,0.696773,0.696773,0.696773,0.696773,0.696773,1.00,1.00,0.696773
,PSZ-AC_5:5,0.696773,0.696773,0.696773,0.696773,0.696773,0.696773,1.00,1.00,0.696773
,PSZ-AC_6:6,1.39,1.39,1.39,1.39,1.39,1.39,1.00,1.00,1.39
,PSZ-AC_7:7,0.696773,0.696773,0.696773,0.696773,0.696773,0.696773,1.00,1.00,0.696773
,PSZ-AC_8:8,0.696773,0.696773,0.696773,0.696773,0.696773,0.696773,1.00,1.00,0.696773
,PSZ-AC_9:9,0.696773,0.696773,0.696773,0.696773,0.696773,0.696773,1.00,1.00,0.696773
,PSZ-AC_10:10,0.728634,0.728634,0.728634,0.728634,0.728634,0.728634,1.00,1.00,0.728634
User-Specified values were used. Design Size values were used if no User-Specified values were provided.


Controller:OutdoorAir

,,Maximum Outdoor Air Flow Rate [m3/s],Minimum Outdoor Air Flow Rate [m3/s]
,PSZ-AC_1:1_OA_CONTROLLER,1.39,1.39
,PSZ-AC_2:2_OA_CONTROLLER,0.696773,0.696773
,PSZ-AC_3:3_OA_CONTROLLER,0.696773,0.696773
,PSZ-AC_4:4_OA_CONTROLLER,0.696773,0.696773
,PSZ-AC_5:5_OA_CONTROLLER,0.696773,0.696773
,PSZ-AC_6:6_OA_CONTROLLER,1.39,1.39
,PSZ-AC_7:7_OA_CONTROLLER,0.696773,0.696773
,PSZ-AC_8:8_OA_CONTROLLER,0.696773,0.696773
,PSZ-AC_9:9_OA_CONTROLLER,0.696773,0.696773
,PSZ-AC_10:10_OA_CONTROLLER,0.728634,0.696773
User-Specified values were used. Design Size values were used if no User-Specified values were provided.


Fan:SystemModel

,,Design Size Design Maximum Air Flow Rate [m3/s],Design Electric Power Consumption [W]
,PSZ-AC_1:1_ADDAQ_UNITARY_PACKAGE_FAN,1.39,1491.16
,PSZ-AC_2:2_ADDAQ_UNITARY_PACKAGE_FAN,0.696773,771.44
,PSZ-AC_3:3_ADDAQ_UNITARY_PACKAGE_FAN,0.696773,771.44
,PSZ-AC_4:4_ADDAQ_UNITARY_PACKAGE_FAN,0.696773,771.44
,PSZ-AC_5:5_ADDAQ_UNITARY_PACKAGE_FAN,0.696773,771.44
,PSZ-AC_6:6_ADDAQ_UNITARY_PACKAGE_FAN,1.39,1491.16
,PSZ-AC_7:7_ADDAQ_UNITARY_PACKAGE_FAN,0.696773,771.44
,PSZ-AC_8:8_ADDAQ_UNITARY_PACKAGE_FAN,0.696773,771.44
,PSZ-AC_9:9_ADDAQ_UNITARY_PACKAGE_FAN,0.696773,771.44
,PSZ-AC_10:10_ADDAQ_UNITARY_PACKAGE_FAN,0.728634,806.71
User-Specified values were used. Design Size values were used if no User-Specified values were provided.


AirLoopHVAC:UnitarySystem

,,Design Size Supply Air Flow Rate [m3/s],Design Size Heating Supply Air Flow Rate [m3/s],Design Size Cooling Supply Air Flow Rate [m3/s],Design Size No Load Supply Air Flow Rate [m3/s],User-Specified Nominal Cooling Capacity [W],Design Size Nominal Heating Capacity [W],Design Size Maximum Supply Air Temperature [C],Fraction of Supply Air Flow That Goes Through the Controlling Zone
,PSZ-AC_1:1_UNITARY_PACKAGE_DX,1.39,1.39,1.39,0.919740,40181.26,92549.70,40.00,1.00
,PSZ-AC_2:2_UNITARY_PACKAGE_DX,0.696773,0.696773,0.696773,0.459870,21420.44,46274.85,40.00,1.00
,PSZ-AC_3:3_UNITARY_PACKAGE_DX,0.696773,0.696773,0.696773,0.459870,21521.61,46274.85,40.00,1.00
,PSZ-AC_4:4_UNITARY_PACKAGE_DX,0.696773,0.696773,0.696773,0.459870,21580.24,46274.85,40.00,1.00
,PSZ-AC_5:5_UNITARY_PACKAGE_DX,0.696773,0.696773,0.696773,0.459870,21414.15,46274.85,40.00,1.00
,PSZ-AC_6:6_UNITARY_PACKAGE_DX,1.39,1.39,1.39,0.919740,38591.68,92549.70,40.00,1.00
,PSZ-AC_7:7_UNITARY_PACKAGE_DX,0.696773,0.696773,0.696773,0.459870,19962.88,46274.85,40.00,1.00
,PSZ-AC_8:8_UNITARY_PACKAGE_DX,0.696773,0.696773,0.696773,0.459870,19866.44,46274.85,40.00,1.00
,PSZ-AC_9:9_UNITARY_PACKAGE_DX,0.696773,0.696773,0.696773,0.459870,19692.33,46274.85,40.00,1.00
,PSZ-AC_10:10_UNITARY_PACKAGE_DX,0.728634,0.728634,0.728634,0.480898,20616.94,47008.05,40.00,1.00
User-Specified values were used. Design Size values were used if no User-Specified values were provided.


Coil:Cooling:DX:MultiSpeed

,,Design Size Speed 2 Rated Air Flow Rate [m3/s],User-Specified Speed 2 Rated Air Flow Rate [m3/s],Design Size Speed 1 Rated Air Flow Rate [m3/s],User-Specified Speed 1 Rated Air Flow Rate [m3/s],Design Size Speed 2 Gross Rated Total Cooling Capacity [W],User-Specified Speed 2 Gross Rated Total Cooling Capacity [W],Design Size Speed 1 Gross Rated Total Cooling Capacity [W],User-Specified Speed 1 Gross Rated Total Cooling Capacity [W],User-Specified Speed 2 Rated Sensible Heat Ratio,User-Specified Speed 1 Rated Sensible Heat Ratio
,PSZ-AC_1:1 COOLING COIL,1.39,1.86,0.696773,1.24,34605.06,40181.26,17302.53,20090.63,0.748270,0.748270
,PSZ-AC_2:2 COOLING COIL,0.696773,1.01,0.348386,0.675340,17302.53,21420.44,8651.26,10710.22,0.754820,0.754820
,PSZ-AC_3:3 COOLING COIL,0.696773,1.02,0.348386,0.679387,17302.53,21521.61,8651.26,10760.81,0.755180,0.755180
,PSZ-AC_4:4 COOLING COIL,0.696773,1.02,0.348386,0.681780,17302.53,21580.24,8651.26,10790.12,0.755410,0.755410
,PSZ-AC_5:5 COOLING COIL,0.696773,1.01,0.348386,0.674920,17302.53,21414.15,8651.26,10707.08,0.754720,0.754720
,PSZ-AC_6:6 COOLING COIL,1.39,1.78,0.696773,1.18,34605.06,38591.68,17302.53,19295.84,0.744950,0.744950
,PSZ-AC_7:7 COOLING COIL,0.696773,0.921140,0.348386,0.614093,17302.53,19962.88,8651.26,9981.44,0.745820,0.745820
,PSZ-AC_8:8 COOLING COIL,0.696773,0.915110,0.348386,0.610073,17302.53,19866.44,8651.26,9933.22,0.745340,0.745340
,PSZ-AC_9:9 COOLING COIL,0.696773,0.905560,0.348386,0.603707,17302.53,19692.33,8651.26,9846.17,0.744870,0.744870
,PSZ-AC_10:10 COOLING COIL,0.728634,0.961300,0.364317,0.640867,18093.71,20616.94,9046.85,10308.47,0.749770,0.749770
User-Specified values were used. Design Size values were used if no User-Specified values were provided.


Coil:Heating:Fuel

,,Design Size Nominal Capacity [W]
,PSZ-AC_1:1 HEATING COIL,92549.70
,PSZ-AC_2:2 HEATING COIL,46274.85
,PSZ-AC_3:3 HEATING COIL,46274.85
,PSZ-AC_4:4 HEATING COIL,46274.85
,PSZ-AC_5:5 HEATING COIL,46274.85
,PSZ-AC_6:6 HEATING COIL,92549.70
,PSZ-AC_7:7 HEATING COIL,46274.85
,PSZ-AC_8:8 HEATING COIL,46274.85
,PSZ-AC_9:9 HEATING COIL,46274.85
,PSZ-AC_10:10 HEATING COIL,47008.05
User-Specified values were used. Design Size values were used if no User-Specified values were provided.


----------------------------------------------------------------------------------------------------
REPORT:,Surface Shadowing Summary
FOR:,Entire Facility
Surfaces (Walls, Roofs, etc) that may be Shadowed by Other Surfaces

,,None


Subsurfaces (Windows and Doors) that may be Shadowed by Surfaces

,,Possible Shadow Receivers
,LGSTORE1_WALL_3,LGSTORE1_WALL_3_DOOR_1 | LGSTORE1_WALL_3_DOOR_2 |
,LGSTORE1_WALL_1,LGSTORE1_WALL_1_WINDOW_1 | LGSTORE1_WALL_1_WINDOW_2 | LGSTORE1_WALL_1_WINDOW_3 | LGSTORE1_WALL_1_WINDOW_4 | LGSTORE1_WALL_1_DOOR_1 | LGSTORE1_WALL_1_DOOR_2 |
,SMSTORE1_WALL_1,SMSTORE1_WALL_1_WINDOW_1 | SMSTORE1_WALL_1_WINDOW_2 | SMSTORE1_WALL_1_DOOR |
,SMSTORE1_WALL_3,SMSTORE1_WALL_3_DOOR |
,SMSTORE2_WALL_1,SMSTORE2_WALL_1_WINDOW_1 | SMSTORE2_WALL_1_WINDOW_2 | SMSTORE2_WALL_1_DOOR |
,SMSTORE2_WALL_3,SMSTORE2_WALL_3_DOOR |
,SMSTORE3_WALL_1,SMSTORE3_WALL_1_WINDOW_1 | SMSTORE3_WALL_1_WINDOW_2 | SMSTORE3_WALL_1_DOOR |
,SMSTORE3_WALL_3,SMSTORE3_WALL_3_DOOR |
,SMSTORE4_WALL_1,SMSTORE4_WALL_1_WINDOW_1 | SMSTORE4_WALL_1_WINDOW_2 | SMSTORE4_WALL_1_DOOR |
,SMSTORE4_WALL_3,SMSTORE4_WALL_3_DOOR |
,LGSTORE2_WALL_3,LGSTORE2_WALL_3_DOOR_1 | LGSTORE2_WALL_3_DOOR_2 |
,LGSTORE2_WALL_1,LGSTORE2_WALL_1_WINDOW_1 | LGSTORE2_WALL_1_WINDOW_2 | LGSTORE2_WALL_1_WINDOW_3 | LGSTORE2_WALL_1_WINDOW_4 | LGSTORE2_WALL_1_DOOR_1 | LGSTORE2_WALL_1_DOOR_2 |
,SMSTORE5_WALL_1,SMSTORE5_WALL_1_WINDOW_1 | SMSTORE5_WALL_1_WINDOW_2 | SMSTORE5_WALL_1_DOOR |
,SMSTORE5_WALL_3,SMSTORE5_WALL_3_DOOR |
,SMSTORE6_WALL_1,SMSTORE6_WALL_1_WINDOW_1 | SMSTORE6_WALL_1_WINDOW_2 | SMSTORE6_WALL_1_DOOR |
,SMSTORE6_WALL_3,SMSTORE6_WALL_3_DOOR |
,SMSTORE7_WALL_1,SMSTORE7_WALL_1_WINDOW_1 | SMSTORE7_WALL_1_WINDOW_2 | SMSTORE7_WALL_1_DOOR |
,SMSTORE7_WALL_3,SMSTORE7_WALL_3_DOOR |
,SMSTORE8_WALL_1,SMSTORE8_WALL_1_WINDOW_1 | SMSTORE8_WALL_1_WINDOW_2 | SMSTORE8_WALL_1_DOOR |
,SMSTORE8_WALL_3,SMSTORE8_WALL_3_DOOR |


----------------------------------------------------------------------------------------------------
REPORT:,Adaptive Comfort Summary
FOR:,Entire Facility
Time Not Meeting the Adaptive Comfort Models during Occupied Hours

,,ASHRAE55 90% Acceptability Limits [Hours],ASHRAE55 80% Acceptability Limits  [Hours],CEN15251 Category I Acceptability Limits [Hours],CEN15251 Category II Acceptability Limits [Hours],CEN15251 Category III Acceptability Limits [Hours]


----------------------------------------------------------------------------------------------------
REPORT:,Initialization Summary
FOR:,Entire Facility
Version

,,Version ID
,1,22.1


Timesteps per Hour

,,#TimeSteps,Minutes per TimeStep {minutes}
,1,6,10


System Convergence Limits

,,Minimum System TimeStep {minutes},Max HVAC Iterations,Minimum Plant Iterations,Maximum Plant Iterations
,1,1,20,2,8


Simulation Control

,,Do Zone Sizing,Do System Sizing,Do Plant Sizing,Do Design Days,Do Weather Simulation,Do HVAC Sizing Simulation
,1,Yes,Yes,Yes,No,Yes,No


Performance Precision Tradeoffs

,,Use Coil Direct Simulation,Zone Radiant Exchange Algorithm,Override Mode,Number of Timestep In Hour,Force Euler Method,Minimum Number of Warmup Days,Force Suppress All Begin Environment Resets,Minimum System Timestep,MaxZoneTempDiff,MaxAllowedDelTemp
,1,No,ScriptF,Normal,6,No,1,No,1.0,0.300,2.0000E-003


Output Reporting Tolerances

,,Tolerance for Time Heating Setpoint Not Met,Tolerance for Zone Cooling Setpoint Not Met Time
,1,0.556,0.556


Site:GroundTemperature:BuildingSurface

,,Jan{C},Feb{C},Mar{C},Apr{C},May{C},Jun{C},Jul{C},Aug{C},Sep{C},Oct{C},Nov{C},Dec{C}
,1,18.00,18.00,18.00,18.00,18.00,18.00,18.00,18.00,18.00,18.00,18.00,18.00


Site:GroundTemperature:FCfactorMethod

,,Jan{C},Feb{C},Mar{C},Apr{C},May{C},Jun{C},Jul{C},Aug{C},Sep{C},Oct{C},Nov{C},Dec{C}
,1,9.70,6.00,-2.20,-3.40,-4.20,2.70,7.50,13.70,18.60,22.00,20.70,16.50


Site:GroundTemperature:Shallow

,,Jan{C},Feb{C},Mar{C},Apr{C},May{C},Jun{C},Jul{C},Aug{C},Sep{C},Oct{C},Nov{C},Dec{C}
,1,13.00,13.00,13.00,13.00,13.00,13.00,13.00,13.00,13.00,13.00,13.00,13.00


Site:GroundTemperature:Deep

,,Jan{C},Feb{C},Mar{C},Apr{C},May{C},Jun{C},Jul{C},Aug{C},Sep{C},Oct{C},Nov{C},Dec{C}
,1,16.00,16.00,16.00,16.00,16.00,16.00,16.00,16.00,16.00,16.00,16.00,16.00


Site:GroundReflectance

,,Jan{dimensionless},Feb{dimensionless},Mar{dimensionless},Apr{dimensionless},May{dimensionless},Jun{dimensionless},Jul{dimensionless},Aug{dimensionless},Sep{dimensionless},Oct{dimensionless},Nov{dimensionless},Dec{dimensionless}
,1,0.20,0.20,0.20,0.20,0.20,0.20,0.20,0.20,0.20,0.20,0.20,0.20


Site:GroundReflectance:SnowModifier

,,Normal,Daylighting {dimensionless}
,1,1.000,1.000


Site:GroundReflectance:Snow

,,Jan{dimensionless},Feb{dimensionless},Mar{dimensionless},Apr{dimensionless},May{dimensionless},Jun{dimensionless},Jul{dimensionless},Aug{dimensionless},Sep{dimensionless},Oct{dimensionless},Nov{dimensionless},Dec{dimensionless}
,1,0.20,0.20,0.20,0.20,0.20,0.20,0.20,0.20,0.20,0.20,0.20,0.20


Site:GroundReflectance:Snow:Daylighting

,,Jan{dimensionless},Feb{dimensionless},Mar{dimensionless},Apr{dimensionless},May{dimensionless},Jun{dimensionless},Jul{dimensionless},Aug{dimensionless},Sep{dimensionless},Oct{dimensionless},Nov{dimensionless},Dec{dimensionless}
,1,0.20,0.20,0.20,0.20,0.20,0.20,0.20,0.20,0.20,0.20,0.20,0.20


Environment:Weather Station

,,Wind Sensor Height Above Ground {m},Wind Speed Profile Exponent {},Wind Speed Profile Boundary Layer Thickness {m},Air Temperature Sensor Height Above Ground {m},Wind Speed Modifier Coefficient-Internal,Temperature Modifier Coefficient-Internal
,1,10.000,0.140,270.000,1.500,1.586,9.750E-003


Site:Location

,,Location Name,Latitude {N+/S- Deg},Longitude {E+/W- Deg},Time Zone Number {GMT+/-},Elevation {m},Standard Pressure at Elevation {Pa},Standard RhoAir at Elevation
,1,BUFFALO NY USA TMY2-14733 WMO#=725280,42.93,-78.73,-5.00,215.00,98769,1.1739


Site Water Mains Temperature Information

,,Calculation Method{},Water Mains Temperature Schedule Name{},Annual Average Outdoor Air Temperature{C},Maximum Difference In Monthly Average Outdoor Air Temperatures{deltaC},Fixed Default Water Mains Temperature{C}
,1,Correlation,NA,8.97,26.20,NA


Building Information

,,Building Name,North Axis {deg},Terrain,Loads Convergence Tolerance Value,Temperature Convergence Tolerance Value,Solar Distribution,Maximum Number of Warmup Days,Minimum Number of Warmup Days
,1,RetailStripmall,0.000,City,4.00000E-002,0.20000,FullInteriorAndExterior,25,6


Inside Convection Algorithm

,,Algorithm {Simple
,,TARP
,,CeilingDiffuser
,,AdaptiveConvectionAlgorithm}
,1,TARP


Outside Convection Algorithm

,,Algorithm {SimpleCombined
,,TARP
,,MoWitt
,,DOE-2
,,AdaptiveConvectionAlgorithm}
,1,TARP


Sky Radiance Distribution

,,Value {Anisotropic}
,1,Anisotropic


Zone Air Solution Algorithm

,,Value {ThirdOrderBackwardDifference
,,AnalyticalSolution
,,EulerMethod}
,1,ThirdOrderBackwardDifference


Zone Air Carbon Dioxide Balance Simulation

,,Simulation {Yes/No},Carbon Dioxide Concentration
,1,No,N/A


Zone Air Generic Contaminant Balance Simulation

,,Simulation {Yes/No},Generic Contaminant Concentration
,1,No,N/A


Zone Air Mass Flow Balance Simulation

,,Enforce Mass Balance,Adjust Zone Mixing and Return {AdjustMixingOnly,Adjust Zone Infiltration {AddInfiltration,Infiltration Zones {MixingSourceZonesOnly
,,,AdjustReturnOnly,AdjustInfiltration,AllZones}
,,,AdjustMixingThenReturn,None},
,,,AdjustReturnThenMixing,,
,,,None},,
,1,No,N/A,N/A,N/A


HVACSystemRootFindingAlgorithm

,,Value {RegulaFalsi
,,Bisection
,,BisectionThenRegulaFalsi
,,RegulaFalsiThenBisection}
,1,RegulaFalsi


Environment:Site Atmospheric Variation

,,Wind Speed Profile Exponent {},Wind Speed Profile Boundary Layer Thickness {m},Air Temperature Gradient Coefficient {K/m}
,1,0.330,460.000,6.500000E-003


Surface Geometry

,,Starting Corner,Vertex Input Direction,Coordinate System,Daylight Reference Point Coordinate System,Rectangular (Simple) Surface Coordinate System
,1,UpperLeftCorner,Counterclockwise,RelativeCoordinateSystem,RelativeCoordinateSystem,RelativeToZoneOrigin


Surface Heat Transfer Algorithm

,,Value {CTF - ConductionTransferFunction,Inside Surface Max Temperature Limit{C},Surface Convection Coefficient Lower Limit {W/m2-K},Surface Convection Coefficient Upper Limit {W/m2-K}
,,EMPD - MoisturePenetrationDepthConductionTransferFunction,,,
,,CondFD - ConductionFiniteDifference,,,
,,HAMT - CombinedHeatAndMoistureFiniteElement} - Description,,,
,1,CTF - ConductionTransferFunction,200,0.10,1000.0


Shading Summary

,,Number of Fixed Detached Shades,Number of Building Detached Shades,Number of Attached Shades
,1,0,0,0


Zone Summary

,,Number of Zones,Number of Zone Surfaces,Number of SubSurfaces
,1,10,118,48


Zone Information

,,Zone Name,North Axis {deg},Origin X-Coordinate {m},Origin Y-Coordinate {m},Origin Z-Coordinate {m},Centroid X-Coordinate {m},Centroid Y-Coordinate {m},Centroid Z-Coordinate {m},Type,Zone Multiplier,Zone List Multiplier,Minimum X {m},Maximum X {m},Minimum Y {m},Maximum Y {m},Minimum Z {m},Maximum Z {m},Ceiling Height {m},Volume {m3},Zone Inside Convection Algorithm {Simple-Detailed-CeilingDiffuser-TrombeWall},Zone Outside Convection Algorithm {Simple-Detailed-Tarp-MoWitt-DOE-2-BLAST},Floor Area {m2},Exterior Gross Wall Area {m2},Exterior Net Wall Area {m2},Exterior Window Area {m2},Number of Surfaces,Number of SubSurfaces,Number of Shading SubSurfaces,Part of Total Building Area
,1,LGSTORE1,0.0,0.00,0.00,0.00,7.62,11.43,2.59,1,1,1,0.00,15.24,0.00,22.86,0.00,5.18,5.18,1805.20,TARP,TARP,348.39,276.30,247.74,20.77,6,8,0,Yes
,2,SMSTORE1,0.0,0.00,0.00,0.00,19.05,11.43,2.59,1,1,1,15.24,22.86,0.00,22.86,0.00,5.18,5.18,902.60,TARP,TARP,174.19,78.94,64.66,10.38,6,4,0,Yes
,3,SMSTORE2,0.0,0.00,0.00,0.00,26.67,11.43,2.59,1,1,1,22.86,30.48,0.00,22.86,0.00,5.18,5.18,902.60,TARP,TARP,174.19,78.94,64.71,10.36,6,4,0,Yes
,4,SMSTORE3,0.0,0.00,0.00,0.00,34.29,11.43,2.59,1,1,1,30.48,38.10,0.00,22.86,0.00,5.18,5.18,902.60,TARP,TARP,174.19,78.94,64.71,10.36,6,4,0,Yes
,5,SMSTORE4,0.0,0.00,0.00,0.00,41.91,11.43,2.59,1,1,1,38.10,45.72,0.00,22.86,0.00,5.18,5.18,902.60,TARP,TARP,174.19,78.94,64.71,10.36,6,4,0,Yes
,6,LGSTORE2,0.0,0.00,0.00,0.00,53.34,11.43,2.59,1,1,1,45.72,60.96,0.00,22.86,0.00,5.18,5.18,1805.20,TARP,TARP,348.39,157.89,129.41,20.72,6,8,0,Yes
,7,SMSTORE5,0.0,0.00,0.00,0.00,64.77,11.43,2.59,1,1,1,60.96,68.58,0.00,22.86,0.00,5.18,5.18,902.60,TARP,TARP,174.19,78.94,64.71,10.36,6,4,0,Yes
,8,SMSTORE6,0.0,0.00,0.00,0.00,72.39,11.43,2.59,1,1,1,68.58,76.20,0.00,22.86,0.00,5.18,5.18,902.60,TARP,TARP,174.19,78.94,64.71,10.36,6,4,0,Yes
,9,SMSTORE7,0.0,0.00,0.00,0.00,80.01,11.43,2.59,1,1,1,76.20,83.82,0.00,22.86,0.00,5.18,5.18,902.60,TARP,TARP,174.19,78.94,64.71,10.36,6,4,0,Yes
,10,SMSTORE8,0.0,0.00,0.00,0.00,87.63,11.43,2.59,1,1,1,83.82,91.44,0.00,22.86,0.00,5.18,5.18,902.60,TARP,TARP,174.19,197.36,183.12,10.36,6,4,0,Yes


Zone Internal Gains Nominal

,,Zone Name,Floor Area {m2},# Occupants,Area per Occupant {m2/person},Occupant per Area {person/m2},Interior Lighting {W/m2},Electric Load {W/m2},Gas Load {W/m2},Other Load {W/m2},Hot Water Eq {W/m2},Steam Equipment {W/m2},Sum Loads per Area {W/m2},Outdoor Controlled Baseboard Heat
,1,LGSTORE1,348.39,23.2,15.000,6.667E-002,12.000,10.000,0.000,0.000,0.000,0.000,22.000,No
,2,SMSTORE1,174.19,11.6,15.000,6.667E-002,12.000,10.000,0.000,0.000,0.000,0.000,22.000,No
,3,SMSTORE2,174.19,11.6,15.000,6.667E-002,12.000,10.000,0.000,0.000,0.000,0.000,22.000,No
,4,SMSTORE3,174.19,11.6,15.000,6.667E-002,12.000,10.000,0.000,0.000,0.000,0.000,22.000,No
,5,SMSTORE4,174.19,11.6,15.000,6.667E-002,12.000,10.000,0.000,0.000,0.000,0.000,22.000,No
,6,LGSTORE2,348.39,23.2,15.000,6.667E-002,12.000,10.000,0.000,0.000,0.000,0.000,22.000,No
,7,SMSTORE5,174.19,11.6,15.000,6.667E-002,12.000,10.000,0.000,0.000,0.000,0.000,22.000,No
,8,SMSTORE6,174.19,11.6,15.000,6.667E-002,12.000,10.000,0.000,0.000,0.000,0.000,22.000,No
,9,SMSTORE7,174.19,11.6,15.000,6.667E-002,12.000,10.000,0.000,0.000,0.000,0.000,22.000,No
,10,SMSTORE8,174.19,11.6,15.000,6.667E-002,12.000,10.000,0.000,0.000,0.000,0.000,22.000,No


People Internal Gains Nominal

,,Name,Schedule Name,Zone Name,Zone Floor Area {m2},# Zone Occupants,Number of People {},People/Floor Area {person/m2},Floor Area per person {m2/person},Fraction Radiant,Fraction Convected,Sensible Fraction Calculation,Activity level,ASHRAE 55 Warnings,Carbon Dioxide Generation Rate,Nominal Minimum Number of People,Nominal Maximum Number of People,MRT Calculation Type,Work Efficiency,Clothing Insulation Calculation Method,Clothing Insulation Calculation Method Schedule,Clothing,Air Velocity,Fanger Calculation,Pierce Calculation,KSU Calculation,Cooling Effect Calculation,Ankle Draft Calculation
,1,LGSTORE1,TYPE1_OCC_SCH,LGSTORE1,348.39,23.2,23.2,6.667E-002,15.000,0.300,0.700,AutoCalculate,ACTIVITY_SCH,No,3.8200E-008,0,23,Zone Averaged,WORK_EFF_SCH,Clothing Insulation Schedule,N/A,CLOTHING_SCH,AIR_VELO_SCH,Yes,No,No,No,No
,2,SMSTORE1,TYPE1_OCC_SCH,SMSTORE1,174.19,11.6,11.6,6.667E-002,15.000,0.300,0.700,AutoCalculate,ACTIVITY_SCH,No,3.8200E-008,0,12,Zone Averaged,WORK_EFF_SCH,Clothing Insulation Schedule,N/A,CLOTHING_SCH,AIR_VELO_SCH,Yes,No,No,No,No
,3,SMSTORE2,TYPE2_OCC_SCH,SMSTORE2,174.19,11.6,11.6,6.667E-002,15.000,0.300,0.700,AutoCalculate,ACTIVITY_SCH,No,3.8200E-008,0,12,Zone Averaged,WORK_EFF_SCH,Clothing Insulation Schedule,N/A,CLOTHING_SCH,AIR_VELO_SCH,Yes,No,No,No,No
,4,SMSTORE3,TYPE2_OCC_SCH,SMSTORE3,174.19,11.6,11.6,6.667E-002,15.000,0.300,0.700,AutoCalculate,ACTIVITY_SCH,No,3.8200E-008,0,12,Zone Averaged,WORK_EFF_SCH,Clothing Insulation Schedule,N/A,CLOTHING_SCH,AIR_VELO_SCH,Yes,No,No,No,No
,5,SMSTORE4,TYPE2_OCC_SCH,SMSTORE4,174.19,11.6,11.6,6.667E-002,15.000,0.300,0.700,AutoCalculate,ACTIVITY_SCH,No,3.8200E-008,0,12,Zone Averaged,WORK_EFF_SCH,Clothing Insulation Schedule,N/A,CLOTHING_SCH,AIR_VELO_SCH,Yes,No,No,No,No
,6,LGSTORE2,TYPE3_OCC_SCH,LGSTORE2,348.39,23.2,23.2,6.667E-002,15.000,0.300,0.700,AutoCalculate,ACTIVITY_SCH,No,3.8200E-008,0,23,Zone Averaged,WORK_EFF_SCH,Clothing Insulation Schedule,N/A,CLOTHING_SCH,AIR_VELO_SCH,Yes,No,No,No,No
,7,SMSTORE5,TYPE3_OCC_SCH,SMSTORE5,174.19,11.6,11.6,6.667E-002,15.000,0.300,0.700,AutoCalculate,ACTIVITY_SCH,No,3.8200E-008,0,12,Zone Averaged,WORK_EFF_SCH,Clothing Insulation Schedule,N/A,CLOTHING_SCH,AIR_VELO_SCH,Yes,No,No,No,No
,8,SMSTORE6,TYPE3_OCC_SCH,SMSTORE6,174.19,11.6,11.6,6.667E-002,15.000,0.300,0.700,AutoCalculate,ACTIVITY_SCH,No,3.8200E-008,0,12,Zone Averaged,WORK_EFF_SCH,Clothing Insulation Schedule,N/A,CLOTHING_SCH,AIR_VELO_SCH,Yes,No,No,No,No
,9,SMSTORE7,TYPE3_OCC_SCH,SMSTORE7,174.19,11.6,11.6,6.667E-002,15.000,0.300,0.700,AutoCalculate,ACTIVITY_SCH,No,3.8200E-008,0,12,Zone Averaged,WORK_EFF_SCH,Clothing Insulation Schedule,N/A,CLOTHING_SCH,AIR_VELO_SCH,Yes,No,No,No,No
,10,SMSTORE8,TYPE3_OCC_SCH,SMSTORE8,174.19,11.6,11.6,6.667E-002,15.000,0.300,0.700,AutoCalculate,ACTIVITY_SCH,No,3.8200E-008,0,12,Zone Averaged,WORK_EFF_SCH,Clothing Insulation Schedule,N/A,CLOTHING_SCH,AIR_VELO_SCH,Yes,No,No,No,No


Lights Internal Gains Nominal

,,Name,Schedule Name,Zone Name,Zone Floor Area {m2},# Zone Occupants,Lighting Level {W},Lights/Floor Area {W/m2},Lights per person {W/person},Fraction Return Air,Fraction Radiant,Fraction Short Wave,Fraction Convected,Fraction Replaceable,End-Use Category,Nominal Minimum Lighting Level {W},Nominal Maximum Lighting Level {W}
,1,LGSTORE1_LIGHTS,LTG_SCH_BASE_LPD1,LGSTORE1,348.39,23.2,2090.318,6.000,89.999,0.000,0.700,0.200,0.100,1.000,LightsWired,0.000,2090.318
,2,LGSTORE1_LIGHTS_ALLOWANCE,LTG_SCH_DISPLAY_LPD_TYPE3_LGSTORE,LGSTORE1,348.39,23.2,2090.318,6.000,89.999,0.000,0.700,0.200,0.100,1.000,LightsWired,0.000,2090.318
,3,SMSTORE1_LIGHTS,LTG_SCH_BASE_SMALL_LPD1,SMSTORE1,174.19,11.6,1045.159,6.000,89.999,0.000,0.700,0.200,0.100,1.000,LightsWired,0.000,1045.159
,4,SMSTORE1_LIGHTS_ALLOWANCE,LTG_SCH_DISPLAY_LPD_TYPE3_SMSTORE,SMSTORE1,174.19,11.6,1045.159,6.000,89.999,0.000,0.700,0.200,0.100,1.000,LightsWired,0.000,1045.159
,5,SMSTORE2_LIGHTS,LTG_SCH_BASE_SMALL_LPD2_TYPE2,SMSTORE2,174.19,11.6,1045.159,6.000,89.999,0.000,0.700,0.200,0.100,1.000,LightsWired,0.000,1045.159
,6,SMSTORE2_LIGHTS_ALLOWANCE,LTG_SCH_DISPLAY_LPD_TYPE2_SMSTORE,SMSTORE2,174.19,11.6,1045.159,6.000,89.999,0.000,0.700,0.200,0.100,1.000,LightsWired,0.000,1045.159
,7,SMSTORE3_LIGHTS,LTG_SCH_BASE_SMALL_LPD2_TYPE2,SMSTORE3,174.19,11.6,1045.159,6.000,89.999,0.000,0.700,0.200,0.100,1.000,LightsWired,0.000,1045.159
,8,SMSTORE3_LIGHTS_ALLOWANCE,LTG_SCH_DISPLAY_LPD_TYPE2_SMSTORE,SMSTORE3,174.19,11.6,1045.159,6.000,89.999,0.000,0.700,0.200,0.100,1.000,LightsWired,0.000,1045.159
,9,SMSTORE4_LIGHTS,LTG_SCH_BASE_SMALL_LPD2_TYPE2,SMSTORE4,174.19,11.6,1045.159,6.000,89.999,0.000,0.700,0.200,0.100,1.000,LightsWired,0.000,1045.159
,10,SMSTORE4_LIGHTS_ALLOWANCE,LTG_SCH_DISPLAY_LPD_TYPE2_SMSTORE,SMSTORE4,174.19,11.6,1045.159,6.000,89.999,0.000,0.700,0.200,0.100,1.000,LightsWired,0.000,1045.159
,11,LGSTORE2_LIGHTS,LTG_SCH_BASE_LPD2,LGSTORE2,348.39,23.2,2090.318,6.000,89.999,0.000,0.700,0.200,0.100,1.000,LightsWired,0.000,2090.318
,12,LGSTORE2_LIGHTS_ALLOWANCE,LTG_SCH_DISPLAY_LPD_TYPE1_LGSTORE,LGSTORE2,348.39,23.2,2090.318,6.000,89.999,0.000,0.700,0.200,0.100,1.000,LightsWired,0.000,2090.318
,13,SMSTORE5_LIGHTS,LTG_SCH_BASE_SMALL_LPD2_TYPE3,SMSTORE5,174.19,11.6,1045.159,6.000,89.999,0.000,0.700,0.200,0.100,1.000,LightsWired,0.000,1045.159
,14,SMSTORE5_LIGHTS_ALLOWANCE,LTG_SCH_DISPLAY_LPD_TYPE1_SMSTORE,SMSTORE5,174.19,11.6,1045.159,6.000,89.999,0.000,0.700,0.200,0.100,1.000,LightsWired,0.000,1045.159
,15,SMSTORE6_LIGHTS,LTG_SCH_BASE_SMALL_LPD2_TYPE3,SMSTORE6,174.19,11.6,1045.159,6.000,89.999,0.000,0.700,0.200,0.100,1.000,LightsWired,0.000,1045.159
,16,SMSTORE6_LIGHTS_ALLOWANCE,LTG_SCH_DISPLAY_LPD_TYPE1_SMSTORE,SMSTORE6,174.19,11.6,1045.159,6.000,89.999,0.000,0.700,0.200,0.100,1.000,LightsWired,0.000,1045.159
,17,SMSTORE7_LIGHTS,LTG_SCH_BASE_SMALL_LPD2_TYPE3,SMSTORE7,174.19,11.6,1045.159,6.000,89.999,0.000,0.700,0.200,0.100,1.000,LightsWired,0.000,1045.159
,18,SMSTORE7_LIGHTS_ALLOWANCE,LTG_SCH_DISPLAY_LPD_TYPE1_SMSTORE,SMSTORE7,174.19,11.6,1045.159,6.000,89.999,0.000,0.700,0.200,0.100,1.000,LightsWired,0.000,1045.159
,19,SMSTORE8_LIGHTS,LTG_SCH_BASE_SMALL_LPD2_TYPE3,SMSTORE8,174.19,11.6,1045.159,6.000,89.999,0.000,0.700,0.200,0.100,1.000,LightsWired,0.000,1045.159
,20,SMSTORE8_LIGHTS_ALLOWANCE,LTG_SCH_DISPLAY_LPD_TYPE1_SMSTORE,SMSTORE8,174.19,11.6,1045.159,6.000,89.999,0.000,0.700,0.200,0.100,1.000,LightsWired,0.000,1045.159


ElectricEquipment Internal Gains Nominal

,,Name,Schedule Name,Zone Name,Zone Floor Area {m2},# Zone Occupants,Equipment Level {W},Equipment/Floor Area {W/m2},Equipment per person {W/person},Fraction Latent,Fraction Radiant,Fraction Lost,Fraction Convected,End-Use SubCategory,Nominal Minimum Equipment Level {W},Nominal Maximum Equipment Level {W}
,1,LGSTORE1_MISCPLUG_EQUIP,TYPE1_EQUIP_SCH,LGSTORE1,348.39,23.2,3483.860,10.000,149.998,0.000,0.500,0.000,0.500,MiscPlug,0.000,3483.860
,2,SMSTORE1_MISCPLUG_EQUIP,TYPE1_EQUIP_SCH,SMSTORE1,174.19,11.6,1741.930,10.000,149.998,0.000,0.500,0.000,0.500,MiscPlug,0.000,1741.930
,3,SMSTORE2_MISCPLUG_EQUIP,TYPE2_EQUIP_SCH,SMSTORE2,174.19,11.6,1741.930,10.000,149.998,0.000,0.500,0.000,0.500,MiscPlug,0.000,1741.930
,4,SMSTORE3_MISCPLUG_EQUIP,TYPE2_EQUIP_SCH,SMSTORE3,174.19,11.6,1741.930,10.000,149.998,0.000,0.500,0.000,0.500,MiscPlug,0.000,1741.930
,5,SMSTORE4_MISCPLUG_EQUIP,TYPE2_EQUIP_SCH,SMSTORE4,174.19,11.6,1741.930,10.000,149.998,0.000,0.500,0.000,0.500,MiscPlug,0.000,1741.930
,6,LGSTORE2_MISCPLUG_EQUIP,TYPE3_EQUIP_SCH,LGSTORE2,348.39,23.2,3483.860,10.000,149.998,0.000,0.500,0.000,0.500,MiscPlug,0.000,3483.860
,7,SMSTORE5_MISCPLUG_EQUIP,TYPE3_EQUIP_SCH,SMSTORE5,174.19,11.6,1741.930,10.000,149.998,0.000,0.500,0.000,0.500,MiscPlug,0.000,1741.930
,8,SMSTORE6_MISCPLUG_EQUIP,TYPE3_EQUIP_SCH,SMSTORE6,174.19,11.6,1741.930,10.000,149.998,0.000,0.500,0.000,0.500,MiscPlug,0.000,1741.930
,9,SMSTORE7_MISCPLUG_EQUIP,TYPE3_EQUIP_SCH,SMSTORE7,174.19,11.6,1741.930,10.000,149.998,0.000,0.500,0.000,0.500,MiscPlug,0.000,1741.930
,10,SMSTORE8_MISCPLUG_EQUIP,TYPE3_EQUIP_SCH,SMSTORE8,174.19,11.6,1741.930,10.000,149.998,0.000,0.500,0.000,0.500,MiscPlug,0.000,1741.930


Construction CTF

,,Construction Name,Index,#Layers,#CTFs,Time Step {hours},ThermalConductance {w/m2-K},OuterThermalAbsorptance,InnerThermalAbsorptance,OuterSolarAbsorptance,InnerSolarAbsorptance,Roughness
,1,SWINGING DOOR_CON,1,1,1,0.167,2.101,0.900,0.900,0.700,0.700,MediumRough
,2,INTERIORFURNISHINGS,2,1,9,0.167,0.8000,0.900,0.900,0.700,0.700,MediumSmooth
,3,INT_WALL,7,2,4,0.167,6.299,0.900,0.900,0.700,0.700,Smooth
,4,NONRES_ROOF,17,3,3,0.167,0.1864,0.900,0.900,0.770,0.700,Rough
,5,NONRES_EXT_WALL_GRD,20,4,7,0.167,0.5398,0.900,0.900,0.700,0.700,Smooth
,6,LGSTORE1_FLOOR_FFACTOR,36,2,7,0.167,0.1408,0.000,0.900,0.000,0.700,MediumRough
,7,SMSTORE1_FLOOR_FFACTOR,37,2,7,0.167,0.7972E-01,0.000,0.900,0.000,0.700,MediumRough
,8,SMSTORE2_FLOOR_FFACTOR,38,2,7,0.167,0.7972E-01,0.000,0.900,0.000,0.700,MediumRough
,9,SMSTORE3_FLOOR_FFACTOR,39,2,7,0.167,0.7972E-01,0.000,0.900,0.000,0.700,MediumRough
,10,SMSTORE4_FLOOR_FFACTOR,40,2,7,0.167,0.7972E-01,0.000,0.900,0.000,0.700,MediumRough
,11,LGSTORE2_FLOOR_FFACTOR,41,2,7,0.167,0.7972E-01,0.000,0.900,0.000,0.700,MediumRough
,12,SMSTORE5_FLOOR_FFACTOR,42,2,7,0.167,0.7972E-01,0.000,0.900,0.000,0.700,MediumRough
,13,SMSTORE6_FLOOR_FFACTOR,43,2,7,0.167,0.7972E-01,0.000,0.900,0.000,0.700,MediumRough
,14,SMSTORE7_FLOOR_FFACTOR,44,2,7,0.167,0.7972E-01,0.000,0.900,0.000,0.700,MediumRough
,15,SMSTORE8_FLOOR_FFACTOR,45,2,7,0.167,0.2031,0.000,0.900,0.000,0.700,MediumRough


Material CTF Summary

,,Material Name,Thickness {m},Conductivity {w/m-K},Density {kg/m3},Specific Heat {J/kg-K},ThermalResistance {m2-K/w}
,1,OPAQUE DOOR PANEL_CON,0.0000,0.000,0.000,0.000,0.4760
,2,STD WOOD 6INCH,0.1500,0.120,540.000,1210.000,1.250
,3,G01 13MM GYPSUM BOARD,0.0127,0.160,800.000,1090.000,0.7937E-01
,4,G01 13MM GYPSUM BOARD,0.0127,0.160,800.000,1090.000,0.7937E-01
,5,F13 BUILT-UP ROOFING,0.0095,0.160,1120.000,1460.000,0.5938E-01
,6,NONRES_ROOF_INSULATION,0.0000,0.000,0.000,0.000,5.307
,7,F08 METAL SURFACE,0.0008,45.280,7824.000,500.000,0.1767E-04
,8,F07 25MM STUCCO,0.0254,0.720,1856.000,840.000,0.3528E-01
,9,G01 16MM GYPSUM BOARD,0.0159,0.160,800.000,1090.000,0.9938E-01
,10,NONRES_EXTERIOR_WALL_INSULATION_GRD,0.0000,0.000,0.000,0.000,1.619
,11,G01 16MM GYPSUM BOARD,0.0159,0.160,800.000,1090.000,0.9938E-01
,12,~FC_Insulation_1,0.0000,0.000,0.000,0.000,7.024
,13,~FC_Concrete,0.1500,1.950,2240.000,900.000,0.7692E-01
,14,~FC_Insulation_2,0.0000,0.000,0.000,0.000,12.47
,15,~FC_Concrete,0.1500,1.950,2240.000,900.000,0.7692E-01
,16,~FC_Insulation_3,0.0000,0.000,0.000,0.000,12.47
,17,~FC_Concrete,0.1500,1.950,2240.000,900.000,0.7692E-01
,18,~FC_Insulation_4,0.0000,0.000,0.000,0.000,12.47
,19,~FC_Concrete,0.1500,1.950,2240.000,900.000,0.7692E-01
,20,~FC_Insulation_5,0.0000,0.000,0.000,0.000,12.47
,21,~FC_Concrete,0.1500,1.950,2240.000,900.000,0.7692E-01
,22,~FC_Insulation_6,0.0000,0.000,0.000,0.000,12.47
,23,~FC_Concrete,0.1500,1.950,2240.000,900.000,0.7692E-01
,24,~FC_Insulation_7,0.0000,0.000,0.000,0.000,12.47
,25,~FC_Concrete,0.1500,1.950,2240.000,900.000,0.7692E-01
,26,~FC_Insulation_8,0.0000,0.000,0.000,0.000,12.47
,27,~FC_Concrete,0.1500,1.950,2240.000,900.000,0.7692E-01
,28,~FC_Insulation_9,0.0000,0.000,0.000,0.000,12.47
,29,~FC_Concrete,0.1500,1.950,2240.000,900.000,0.7692E-01
,30,~FC_Insulation_10,0.0000,0.000,0.000,0.000,4.847
,31,~FC_Concrete,0.1500,1.950,2240.000,900.000,0.7692E-01


CTF

,,Time,Outside,Cross,Inside,Flux (except final one)
,1,1,0.0000000,0.0000000,-0.0000000,-0.0000000
,2,0,2.1009573,2.1009573,2.1009573,
,3,9,-0.27580628E-02,0.97439125E-12,-0.27580628E-02,0.28516790E-03
,4,8,0.73590997E-01,0.21837543E-08,0.73590997E-01,-0.77836043E-02
,5,7,-0.82599318,0.23162835E-06,-0.82599318,0.89703933E-01
,6,6,5.1113916,0.48671053E-05,5.1113916,-0.57224845
,7,5,-19.214933,0.30163627E-04,-19.214933,2.2266322
,8,4,45.557404,0.63181060E-04,45.557404,-5.4853312
,9,3,-68.275533,0.44785456E-04,-68.275533,8.5710568
,10,2,62.555368,0.93952058E-05,62.555368,-8.2111738
,11,1,-31.904423,0.39200004E-06,-31.904423,4.3886678
,12,0,6.9260389,0.77047546E-09,6.9260389,
,13,4,0.68458728E-09,0.26079551E-09,0.68458728E-09,-0.34507121E-18
,14,3,-0.72180374E-03,0.24295686E-03,-0.72180374E-03,0.69691454E-09
,15,2,0.83054762,0.27682775,0.83054762,-0.35168967E-03
,16,1,-12.650482,3.3590720,-12.650482,0.19281313
,17,0,16.907513,1.4507143,16.907513,
,18,3,-0.62854340E-06,0.84784826E-09,-0.38512804E-05,0.91756347E-17
,19,2,0.78257096,0.11428808E-02,1.0614277,-0.73836085E-06
,20,1,-21.991499,0.76199851E-01,-6.3161914,0.20349372
,21,0,21.357363,0.71091016E-01,5.4032014,
,22,7,-0.34329049E-12,0.74065570E-15,-0.11060681E-12,0.10726285E-15
,23,6,0.31458623E-07,0.15582808E-09,0.71832143E-08,-0.15023289E-12
,24,5,-0.20415818E-03,0.13111101E-05,-0.10480723E-03,0.70917048E-08
,25,4,0.30843928,0.62847427E-03,0.10555000,-0.35885187E-04
,26,3,-7.5886440,0.19208290E-01,-2.4345797,0.30589548E-01
,27,2,41.933758,0.67466625E-01,15.656649,-0.34517733
,28,1,-81.359657,0.30121645E-01,-29.492494,1.0959638
,29,0,46.824334,0.59962785E-03,16.283006,
,30,7,-0.30155247E-08,-0.19705740E-14,0.18469307E-14,-0.46079768E-16
,31,6,0.40551627E-05,0.26926011E-08,0.31944497E-02,-0.26797721E-04
,32,5,-0.28496186E-03,0.15923452E-05,-0.22398486,0.19584477E-02
,33,4,0.65115693E-02,0.72427529E-04,4.8338806,-0.45306652E-01
,34,3,-0.57046066E-01,0.57554694E-03,-38.045903,0.39892442
,35,2,0.20237164,0.95689144E-03,116.53161,-1.4185768
,36,1,-0.29197338,0.29127682E-03,-143.93536,2.0495010
,37,0,0.14232195,0.70641069E-05,60.838472,
,38,7,-0.53597813E-08,-0.10943972E-13,0.15521545E-14,-0.37274179E-16
,39,6,0.25551035E-05,0.15319154E-08,0.31991935E-02,-0.26837516E-04
,40,5,-0.16700335E-03,0.90227195E-06,-0.22425438,0.19608267E-02
,41,4,0.37302439E-02,0.40957222E-04,4.8383675,-0.45349785E-01
,42,3,-0.32401395E-01,0.32489936E-03,-38.071239,0.39920448
,43,2,0.11454695,0.53930964E-03,116.58090,-1.4192362
,44,1,-0.16500402,0.16380141E-03,-143.96437,2.0499779
,45,0,0.80366526E-01,0.39747064E-05,60.838472,
,46,7,-0.53597813E-08,-0.10943972E-13,0.15521547E-14,-0.37274182E-16
,47,6,0.25551035E-05,0.15319154E-08,0.31991935E-02,-0.26837516E-04
,48,5,-0.16700335E-03,0.90227195E-06,-0.22425438,0.19608267E-02
,49,4,0.37302439E-02,0.40957222E-04,4.8383675,-0.45349785E-01
,50,3,-0.32401395E-01,0.32489936E-03,-38.071239,0.39920448
,51,2,0.11454695,0.53930964E-03,116.58090,-1.4192362
,52,1,-0.16500402,0.16380141E-03,-143.96437,2.0499779
,53,0,0.80366526E-01,0.39747064E-05,60.838472,
,54,7,-0.53597813E-08,-0.10943972E-13,0.15521549E-14,-0.37274185E-16
,55,6,0.25551035E-05,0.15319154E-08,0.31991935E-02,-0.26837516E-04
,56,5,-0.16700335E-03,0.90227195E-06,-0.22425438,0.19608267E-02
,57,4,0.37302439E-02,0.40957222E-04,4.8383675,-0.45349785E-01
,58,3,-0.32401395E-01,0.32489936E-03,-38.071239,0.39920448
,59,2,0.11454695,0.53930964E-03,116.58090,-1.4192362
,60,1,-0.16500402,0.16380141E-03,-143.96437,2.0499779
,61,0,0.80366526E-01,0.39747064E-05,60.838472,
,62,7,-0.53597813E-08,-0.10943972E-13,0.15521548E-14,-0.37274183E-16
,63,6,0.25551035E-05,0.15319154E-08,0.31991935E-02,-0.26837516E-04
,64,5,-0.16700335E-03,0.90227195E-06,-0.22425438,0.19608267E-02
,65,4,0.37302439E-02,0.40957222E-04,4.8383675,-0.45349785E-01
,66,3,-0.32401395E-01,0.32489936E-03,-38.071239,0.39920448
,67,2,0.11454695,0.53930964E-03,116.58090,-1.4192362
,68,1,-0.16500402,0.16380141E-03,-143.96437,2.0499779
,69,0,0.80366526E-01,0.39747064E-05,60.838472,
,70,7,-0.53597813E-08,-0.10943972E-13,0.15521547E-14,-0.37274182E-16
,71,6,0.25551035E-05,0.15319154E-08,0.31991935E-02,-0.26837516E-04
,72,5,-0.16700335E-03,0.90227195E-06,-0.22425438,0.19608267E-02
,73,4,0.37302439E-02,0.40957222E-04,4.8383675,-0.45349785E-01
,74,3,-0.32401395E-01,0.32489936E-03,-38.071239,0.39920448
,75,2,0.11454695,0.53930964E-03,116.58090,-1.4192362
,76,1,-0.16500402,0.16380141E-03,-143.96437,2.0499779
,77,0,0.80366526E-01,0.39747064E-05,60.838472,
,78,7,-0.53597813E-08,-0.10943972E-13,0.15521547E-14,-0.37274181E-16
,79,6,0.25551035E-05,0.15319154E-08,0.31991935E-02,-0.26837516E-04
,80,5,-0.16700335E-03,0.90227195E-06,-0.22425438,0.19608267E-02
,81,4,0.37302439E-02,0.40957222E-04,4.8383675,-0.45349785E-01
,82,3,-0.32401395E-01,0.32489936E-03,-38.071239,0.39920448
,83,2,0.11454695,0.53930964E-03,116.58090,-1.4192362
,84,1,-0.16500402,0.16380141E-03,-143.96437,2.0499779
,85,0,0.80366526E-01,0.39747064E-05,60.838472,
,86,7,-0.53597813E-08,-0.10943972E-13,0.15521545E-14,-0.37274179E-16
,87,6,0.25551035E-05,0.15319154E-08,0.31991935E-02,-0.26837516E-04
,88,5,-0.16700335E-03,0.90227195E-06,-0.22425438,0.19608267E-02
,89,4,0.37302439E-02,0.40957222E-04,4.8383675,-0.45349785E-01
,90,3,-0.32401395E-01,0.32489936E-03,-38.071239,0.39920448
,91,2,0.11454695,0.53930964E-03,116.58090,-1.4192362
,92,1,-0.16500402,0.16380141E-03,-143.96437,2.0499779
,93,0,0.80366526E-01,0.39747064E-05,60.838472,
,94,7,-0.53597813E-08,-0.10943972E-13,0.15521547E-14,-0.37274182E-16
,95,6,0.25551035E-05,0.15319154E-08,0.31991935E-02,-0.26837516E-04
,96,5,-0.16700335E-03,0.90227195E-06,-0.22425438,0.19608267E-02
,97,4,0.37302439E-02,0.40957222E-04,4.8383675,-0.45349785E-01
,98,3,-0.32401395E-01,0.32489936E-03,-38.071239,0.39920448
,99,2,0.11454695,0.53930964E-03,116.58090,-1.4192362
,100,1,-0.16500402,0.16380141E-03,-143.96437,2.0499779
,101,0,0.80366526E-01,0.39747064E-05,60.838472,
,102,7,-0.20778300E-08,-0.65167512E-15,0.79548166E-14,-0.12010680E-15
,103,6,0.57088823E-05,0.38884884E-08,0.31895855E-02,-0.26756916E-04
,104,5,-0.40892418E-03,0.23023551E-05,-0.22370841,0.19560076E-02
,105,4,0.93961169E-02,0.10478953E-03,4.8292766,-0.45262394E-01
,106,3,-0.82481111E-01,0.83319714E-03,-38.019897,0.39863696
,107,2,0.29283299,0.13859693E-02,116.48099,-1.4178998
,108,1,-0.42263540,0.42218679E-03,-143.90557,2.0490113
,109,0,0.20604930,0.10232106E-04,60.838472,


WindowConstruction

,,Construction Name,Index,#Layers,Roughness,Conductance {W/m2-K},Conductance (Before Adjusted) {W/m2-K},Convection Coefficient Adjustment Ratio,SHGC,Solar Transmittance at Normal Incidence,Visible Transmittance at Normal Incidence
,1,NONRESWINDOW_U_0.362_SHGC_0.379,35,1,VerySmooth,2.502,2.502,1.000,0.411,,


WindowMaterial:Glazing

,,Material Name,Optical Data Type,Spectral Data Set Name,Thickness {m},Solar Transmittance,Front Solar Reflectance,Back Solar Reflectance,Visible Transmittance,Front Visible Reflectance,Back Visible Reflectance,Infrared Transmittance,Front Thermal Emissivity,Back Thermal Emissivity,Conductivity {W/m-K},Dirt Factor,Solar Diffusing
,1,NONRES WINDOW GLAZING LAYER,SpectralAverage,,2.78794E-002,0.32468,0.46312,0.46312,0.41690,0.13592,0.17539,0.00000,0.84000,0.84000,0.12206,1.00000,No


Shadowing/Sun Position Calculations Annual Simulations

,,Shading Calculation Method,Shading Calculation Update Frequency Method,Shading Calculation Update Frequency {days},Maximum Figures in Shadow Overlap Calculations {},Polygon Clipping Algorithm,Pixel Counting Resolution,Sky Diffuse Modeling Algorithm,Output External Shading Calculation Results,Disable Self-Shading Within Shading Zone Groups,Disable Self-Shading From Shading Zone Groups to Other Zones
,1,PolygonClipping,Periodic,30,15000,SutherlandHodgman,512,SimpleSkyDiffuseModeling,No,No,No


Water Heater Information

,,Type,Name,Volume {m3},Maximum Capacity {W},Standard Rated Recovery Efficiency,Standard Rated Energy Factor
,1,WaterHeater:Mixed,GAS TANK1,0.1514,11722.8,1.020,0.7252
,2,WaterHeater:Mixed,GAS TANK2,0.1514,11722.8,1.020,0.7252
,3,WaterHeater:Mixed,GAS TANK3,0.1514,11722.8,1.020,0.7252
,4,WaterHeater:Mixed,GAS TANK4,0.1514,11722.8,1.020,0.7252
,5,WaterHeater:Mixed,GAS TANK5,0.1514,11722.8,1.020,0.7252
,6,WaterHeater:Mixed,GAS TANK6,0.1514,11722.8,1.020,0.7252
,7,WaterHeater:Mixed,GAS TANK7,0.1514,11722.8,1.020,0.7252


Surface Convection Parameters

,,Surface Name,Outside Model Assignment,Outside Area [m2],Outside Perimeter [m],Outside Height [m],Inside Model Assignment,Inside Height [m],Inside Perimeter Envelope [m],Inside Hydraulic Diameter [m],Window Wall Ratio,Window Location,Near Radiant {Yes/No},Has Active HVAC {Yes/No}
,1,LGSTORE1_WALL_2,0,118.41,56.08,5.18,0,5.18,53.34,18.29,7.52E-002,4,No,No
,2,LGSTORE1_WALL_3,0,473.66,198.87,5.18,0,5.18,53.34,18.29,7.52E-002,4,No,No
,3,LGSTORE1_WALL_3_DOOR_1,0,473.66,198.87,5.18,0,5.18,53.34,18.29,7.52E-002,0,No,No
,4,LGSTORE1_WALL_3_DOOR_2,0,473.66,198.87,5.18,0,5.18,53.34,18.29,7.52E-002,0,No,No
,5,LGSTORE1_WALL_4,0,0.00,0.00,0.00,0,5.18,53.34,18.29,7.52E-002,0,No,No
,6,LGSTORE1_WALL_1,0,473.66,193.24,5.18,0,5.18,53.34,18.29,7.52E-002,4,No,No
,7,LGSTORE1_WALL_1_WINDOW_1,0,473.66,193.24,5.18,0,5.18,53.34,18.29,7.52E-002,2,No,No
,8,LGSTORE1_WALL_1_WINDOW_2,0,473.66,193.24,5.18,0,5.18,53.34,18.29,7.52E-002,2,No,No
,9,LGSTORE1_WALL_1_WINDOW_3,0,473.66,193.24,5.18,0,5.18,53.34,18.29,7.52E-002,2,No,No
,10,LGSTORE1_WALL_1_WINDOW_4,0,473.66,193.24,5.18,0,5.18,53.34,18.29,7.52E-002,2,No,No
,11,LGSTORE1_WALL_1_DOOR_1,0,473.66,193.24,5.18,0,5.18,53.34,18.29,7.52E-002,1,No,No
,12,LGSTORE1_WALL_1_DOOR_2,0,473.66,193.24,5.18,0,5.18,53.34,18.29,7.52E-002,1,No,No
,13,LGSTORE1_FLOOR,0,0.00,0.00,0.00,0,5.18,53.34,18.29,7.52E-002,0,No,No
,14,LGSTORE1_ROOF,0,2090.32,297.18,0.00,0,5.18,53.34,18.29,7.52E-002,0,No,No
,15,LGSTORE1_INTERNALMASS_1,0,0.00,0.00,0.00,0,5.18,53.34,18.29,7.52E-002,0,No,No
,16,SMSTORE1_WALL_1,0,473.66,193.24,5.18,0,5.18,15.24,11.43,0.13,4,No,No
,17,SMSTORE1_WALL_1_WINDOW_1,0,473.66,193.24,5.18,0,5.18,15.24,11.43,0.13,2,No,No
,18,SMSTORE1_WALL_1_WINDOW_2,0,473.66,193.24,5.18,0,5.18,15.24,11.43,0.13,2,No,No
,19,SMSTORE1_WALL_1_DOOR,0,473.66,193.24,5.18,0,5.18,15.24,11.43,0.13,1,No,No
,20,SMSTORE1_WALL_2,0,0.00,0.00,0.00,0,5.18,15.24,11.43,0.13,0,No,No
,21,SMSTORE1_WALL_3,0,473.66,198.87,5.18,0,5.18,15.24,11.43,0.13,4,No,No
,22,SMSTORE1_WALL_3_DOOR,0,473.66,198.87,5.18,0,5.18,15.24,11.43,0.13,0,No,No
,23,SMSTORE1_WALL_4,0,0.00,0.00,0.00,0,5.18,15.24,11.43,0.13,0,No,No
,24,SMSTORE1_FLOOR,0,0.00,0.00,0.00,0,5.18,15.24,11.43,0.13,0,No,No
,25,SMSTORE1_ROOF,0,2090.32,297.18,0.00,0,5.18,15.24,11.43,0.13,0,No,No
,26,SMSTORE1_INTERNALMASS_1,0,0.00,0.00,0.00,0,5.18,15.24,11.43,0.13,0,No,No
,27,SMSTORE2_WALL_1,0,473.66,193.24,5.18,0,5.18,15.24,11.43,0.13,4,No,No
,28,SMSTORE2_WALL_1_WINDOW_1,0,473.66,193.24,5.18,0,5.18,15.24,11.43,0.13,2,No,No
,29,SMSTORE2_WALL_1_WINDOW_2,0,473.66,193.24,5.18,0,5.18,15.24,11.43,0.13,2,No,No
,30,SMSTORE2_WALL_1_DOOR,0,473.66,193.24,5.18,0,5.18,15.24,11.43,0.13,1,No,No
,31,SMSTORE2_WALL_2,0,0.00,0.00,0.00,0,5.18,15.24,11.43,0.13,0,No,No
,32,SMSTORE2_WALL_3,0,473.66,198.87,5.18,0,5.18,15.24,11.43,0.13,4,No,No
,33,SMSTORE2_WALL_3_DOOR,0,473.66,198.87,5.18,0,5.18,15.24,11.43,0.13,0,No,No
,34,SMSTORE2_WALL_4,0,0.00,0.00,0.00,0,5.18,15.24,11.43,0.13,0,No,No
,35,SMSTORE2_FLOOR,0,0.00,0.00,0.00,0,5.18,15.24,11.43,0.13,0,No,No
,36,SMSTORE2_ROOF,0,2090.32,297.18,0.00,0,5.18,15.24,11.43,0.13,0,No,No
,37,SMSTORE2_INTERNALMASS_1,0,0.00,0.00,0.00,0,5.18,15.24,11.43,0.13,0,No,No
,38,SMSTORE3_WALL_1,0,473.66,193.24,5.18,0,5.18,15.24,11.43,0.13,4,No,No
,39,SMSTORE3_WALL_1_WINDOW_1,0,473.66,193.24,5.18,0,5.18,15.24,11.43,0.13,2,No,No
,40,SMSTORE3_WALL_1_WINDOW_2,0,473.66,193.24,5.18,0,5.18,15.24,11.43,0.13,2,No,No
,41,SMSTORE3_WALL_1_DOOR,0,473.66,193.24,5.18,0,5.18,15.24,11.43,0.13,1,No,No
,42,SMSTORE3_WALL_2,0,0.00,0.00,0.00,0,5.18,15.24,11.43,0.13,0,No,No
,43,SMSTORE3_WALL_3,0,473.66,198.87,5.18,0,5.18,15.24,11.43,0.13,4,No,No
,44,SMSTORE3_WALL_3_DOOR,0,473.66,198.87,5.18,0,5.18,15.24,11.43,0.13,0,No,No
,45,SMSTORE3_WALL_4,0,0.00,0.00,0.00,0,5.18,15.24,11.43,0.13,0,No,No
,46,SMSTORE3_FLOOR,0,0.00,0.00,0.00,0,5.18,15.24,11.43,0.13,0,No,No
,47,SMSTORE3_ROOF,0,2090.32,297.18,0.00,0,5.18,15.24,11.43,0.13,0,No,No
,48,SMSTORE3_INTERNALMASS_1,0,0.00,0.00,0.00,0,5.18,15.24,11.43,0.13,0,No,No
,49,SMSTORE4_WALL_1,0,473.66,193.24,5.18,0,5.18,15.24,11.43,0.13,4,No,No
,50,SMSTORE4_WALL_1_WINDOW_1,0,473.66,193.24,5.18,0,5.18,15.24,11.43,0.13,2,No,No
,51,SMSTORE4_WALL_1_WINDOW_2,0,473.66,193.24,5.18,0,5.18,15.24,11.43,0.13,2,No,No
,52,SMSTORE4_WALL_1_DOOR,0,473.66,193.24,5.18,0,5.18,15.24,11.43,0.13,1,No,No
,53,SMSTORE4_WALL_2,0,0.00,0.00,0.00,0,5.18,15.24,11.43,0.13,0,No,No
,54,SMSTORE4_WALL_3,0,473.66,198.87,5.18,0,5.18,15.24,11.43,0.13,3,No,No
,55,SMSTORE4_WALL_3_DOOR,0,473.66,198.87,5.18,0,5.18,15.24,11.43,0.13,0,No,No
,56,SMSTORE4_WALL_4,0,0.00,0.00,0.00,0,5.18,15.24,11.43,0.13,0,No,No
,57,SMSTORE4_FLOOR,0,0.00,0.00,0.00,0,5.18,15.24,11.43,0.13,0,No,No
,58,SMSTORE4_ROOF,0,2090.32,297.18,0.00,0,5.18,15.24,11.43,0.13,0,No,No
,59,SMSTORE4_INTERNALMASS_1,0,0.00,0.00,0.00,0,5.18,15.24,11.43,0.13,0,No,No
,60,LGSTORE2_WALL_2,0,0.00,0.00,0.00,0,5.18,30.48,18.29,0.13,0,No,No
,61,LGSTORE2_WALL_3,0,473.66,198.87,5.18,0,5.18,30.48,18.29,0.13,4,No,No
,62,LGSTORE2_WALL_3_DOOR_1,0,473.66,198.87,5.18,0,5.18,30.48,18.29,0.13,0,No,No
,63,LGSTORE2_WALL_3_DOOR_2,0,473.66,198.87,5.18,0,5.18,30.48,18.29,0.13,0,No,No
,64,LGSTORE2_WALL_4,0,0.00,0.00,0.00,0,5.18,30.48,18.29,0.13,0,No,No
,65,LGSTORE2_WALL_1,0,473.66,193.24,5.18,0,5.18,30.48,18.29,0.13,4,No,No
,66,LGSTORE2_WALL_1_WINDOW_1,0,473.66,193.24,5.18,0,5.18,30.48,18.29,0.13,2,No,No
,67,LGSTORE2_WALL_1_WINDOW_2,0,473.66,193.24,5.18,0,5.18,30.48,18.29,0.13,2,No,No
,68,LGSTORE2_WALL_1_WINDOW_3,0,473.66,193.24,5.18,0,5.18,30.48,18.29,0.13,2,No,No
,69,LGSTORE2_WALL_1_WINDOW_4,0,473.66,193.24,5.18,0,5.18,30.48,18.29,0.13,2,No,No
,70,LGSTORE2_WALL_1_DOOR_1,0,473.66,193.24,5.18,0,5.18,30.48,18.29,0.13,1,No,No
,71,LGSTORE2_WALL_1_DOOR_2,0,473.66,193.24,5.18,0,5.18,30.48,18.29,0.13,1,No,No
,72,LGSTORE2_FLOOR,0,0.00,0.00,0.00,0,5.18,30.48,18.29,0.13,0,No,No
,73,LGSTORE2_ROOF,0,2090.32,297.18,0.00,0,5.18,30.48,18.29,0.13,0,No,No
,74,LGSTORE2_INTERNALMASS_1,0,0.00,0.00,0.00,0,5.18,30.48,18.29,0.13,0,No,No
,75,SMSTORE5_WALL_1,0,473.66,193.24,5.18,0,5.18,15.24,11.43,0.13,4,No,No
,76,SMSTORE5_WALL_1_WINDOW_1,0,473.66,193.24,5.18,0,5.18,15.24,11.43,0.13,2,No,No
,77,SMSTORE5_WALL_1_WINDOW_2,0,473.66,193.24,5.18,0,5.18,15.24,11.43,0.13,2,No,No
,78,SMSTORE5_WALL_1_DOOR,0,473.66,193.24,5.18,0,5.18,15.24,11.43,0.13,1,No,No
,79,SMSTORE5_WALL_2,0,0.00,0.00,0.00,0,5.18,15.24,11.43,0.13,0,No,No
,80,SMSTORE5_WALL_3,0,473.66,198.87,5.18,0,5.18,15.24,11.43,0.13,4,No,No
,81,SMSTORE5_WALL_3_DOOR,0,473.66,198.87,5.18,0,5.18,15.24,11.43,0.13,0,No,No
,82,SMSTORE5_WALL_4,0,0.00,0.00,0.00,0,5.18,15.24,11.43,0.13,0,No,No
,83,SMSTORE5_FLOOR,0,0.00,0.00,0.00,0,5.18,15.24,11.43,0.13,0,No,No
,84,SMSTORE5_ROOF,0,2090.32,297.18,0.00,0,5.18,15.24,11.43,0.13,0,No,No
,85,SMSTORE5_INTERNALMASS_1,0,0.00,0.00,0.00,0,5.18,15.24,11.43,0.13,0,No,No
,86,SMSTORE6_WALL_1,0,473.66,193.24,5.18,0,5.18,15.24,11.43,0.13,4,No,No
,87,SMSTORE6_WALL_1_WINDOW_1,0,473.66,193.24,5.18,0,5.18,15.24,11.43,0.13,2,No,No
,88,SMSTORE6_WALL_1_WINDOW_2,0,473.66,193.24,5.18,0,5.18,15.24,11.43,0.13,2,No,No
,89,SMSTORE6_WALL_1_DOOR,0,473.66,193.24,5.18,0,5.18,15.24,11.43,0.13,1,No,No
,90,SMSTORE6_WALL_2,0,0.00,0.00,0.00,0,5.18,15.24,11.43,0.13,0,No,No
,91,SMSTORE6_WALL_3,0,473.66,198.87,5.18,0,5.18,15.24,11.43,0.13,4,No,No
,92,SMSTORE6_WALL_3_DOOR,0,473.66,198.87,5.18,0,5.18,15.24,11.43,0.13,0,No,No
,93,SMSTORE6_WALL_4,0,0.00,0.00,0.00,0,5.18,15.24,11.43,0.13,0,No,No
,94,SMSTORE6_FLOOR,0,0.00,0.00,0.00,0,5.18,15.24,11.43,0.13,0,No,No
,95,SMSTORE6_ROOF,0,2090.32,297.18,0.00,0,5.18,15.24,11.43,0.13,0,No,No
,96,SMSTORE6_INTERNALMASS_1,0,0.00,0.00,0.00,0,5.18,15.24,11.43,0.13,0,No,No
,97,SMSTORE7_WALL_1,0,473.66,193.24,5.18,0,5.18,15.24,11.43,0.13,4,No,No
,98,SMSTORE7_WALL_1_WINDOW_1,0,473.66,193.24,5.18,0,5.18,15.24,11.43,0.13,2,No,No
,99,SMSTORE7_WALL_1_WINDOW_2,0,473.66,193.24,5.18,0,5.18,15.24,11.43,0.13,2,No,No
,100,SMSTORE7_WALL_1_DOOR,0,473.66,193.24,5.18,0,5.18,15.24,11.43,0.13,1,No,No
,101,SMSTORE7_WALL_2,0,0.00,0.00,0.00,0,5.18,15.24,11.43,0.13,0,No,No
,102,SMSTORE7_WALL_3,0,473.66,198.87,5.18,0,5.18,15.24,11.43,0.13,3,No,No
,103,SMSTORE7_WALL_3_DOOR,0,473.66,198.87,5.18,0,5.18,15.24,11.43,0.13,0,No,No
,104,SMSTORE7_WALL_4,0,0.00,0.00,0.00,0,5.18,15.24,11.43,0.13,0,No,No
,105,SMSTORE7_FLOOR,0,0.00,0.00,0.00,0,5.18,15.24,11.43,0.13,0,No,No
,106,SMSTORE7_ROOF,0,2090.32,297.18,0.00,0,5.18,15.24,11.43,0.13,0,No,No
,107,SMSTORE7_INTERNALMASS_1,0,0.00,0.00,0.00,0,5.18,15.24,11.43,0.13,0,No,No
,108,SMSTORE8_WALL_1,0,473.66,193.24,5.18,0,5.18,38.10,11.43,5.25E-002,4,No,No
,109,SMSTORE8_WALL_1_WINDOW_1,0,473.66,193.24,5.18,0,5.18,38.10,11.43,5.25E-002,2,No,No
,110,SMSTORE8_WALL_1_WINDOW_2,0,473.66,193.24,5.18,0,5.18,38.10,11.43,5.25E-002,2,No,No
,111,SMSTORE8_WALL_1_DOOR,0,473.66,193.24,5.18,0,5.18,38.10,11.43,5.25E-002,1,No,No
,112,SMSTORE8_WALL_2,0,0.00,0.00,0.00,0,5.18,38.10,11.43,5.25E-002,0,No,No
,113,SMSTORE8_WALL_3,0,473.66,198.87,5.18,0,5.18,38.10,11.43,5.25E-002,3,No,No
,114,SMSTORE8_WALL_3_DOOR,0,473.66,198.87,5.18,0,5.18,38.10,11.43,5.25E-002,0,No,No
,115,SMSTORE8_WALL_4,0,118.41,198.87,5.18,0,5.18,38.10,11.43,5.25E-002,3,No,No
,116,SMSTORE8_FLOOR,0,0.00,0.00,0.00,0,5.18,38.10,11.43,5.25E-002,0,No,No
,117,SMSTORE8_ROOF,0,2090.32,297.18,0.00,0,5.18,38.10,11.43,5.25E-002,0,No,No
,118,SMSTORE8_INTERNALMASS_1,0,0.00,0.00,0.00,0,5.18,38.10,11.43,5.25E-002,0,No,No


ZoneInfiltration Airflow Stats Nominal

,,Name,Schedule Name,Zone Name,Zone Floor Area {m2},# Zone Occupants,Design Volume Flow Rate {m3/s},Volume Flow Rate/Floor Area {m3/s-m2},Volume Flow Rate/Exterior Surface Area {m3/s-m2},ACH - Air Changes per Hour,Equation A - Constant Term Coefficient {},Equation B - Temperature Term Coefficient {1/C},Equation C - Velocity Term Coefficient {s/m},Equation D - Velocity Squared Term Coefficient {s2/m2}
,1,LGSTORE1_INFILTRATION,TYPE1_INFIL_SCH,LGSTORE1,348.39,23.2,0.157,4.517E-004,2.488E-004,0.314,0.000,0.000,0.224,0.000
,2,LGSTORE1_DOOR_INFILTRATION,INFIL_DOOR_OPENING_SCH,LGSTORE1,348.39,23.2,0.241,6.922E-004,3.813E-004,0.481,1.000,0.000,0.000,0.000
,3,SMSTORE1_INFILTRATION,TYPE1_INFIL_SCH,SMSTORE1,174.19,11.6,4.496E-002,2.581E-004,1.749E-004,0.179,0.000,0.000,0.224,0.000
,4,SMSTORE1_DOOR_INFILTRATION,INFIL_DOOR_OPENING_SCH,SMSTORE1,174.19,11.6,0.135,7.722E-004,5.233E-004,0.536,1.000,0.000,0.000,0.000
,5,SMSTORE2_INFILTRATION,TYPE2_INFIL_SCH,SMSTORE2,174.19,11.6,4.496E-002,2.581E-004,1.749E-004,0.179,0.000,0.000,0.224,0.000
,6,SMSTORE2_DOOR_INFILTRATION,INFIL_DOOR_OPENING_SCH,SMSTORE2,174.19,11.6,0.135,7.722E-004,5.233E-004,0.536,1.000,0.000,0.000,0.000
,7,SMSTORE3_INFILTRATION,TYPE2_INFIL_SCH,SMSTORE3,174.19,11.6,4.496E-002,2.581E-004,1.749E-004,0.179,0.000,0.000,0.224,0.000
,8,SMSTORE3_DOOR_INFILTRATION,INFIL_DOOR_OPENING_SCH,SMSTORE3,174.19,11.6,0.135,7.722E-004,5.233E-004,0.536,1.000,0.000,0.000,0.000
,9,SMSTORE4_INFILTRATION,TYPE2_INFIL_SCH,SMSTORE4,174.19,11.6,4.496E-002,2.581E-004,1.749E-004,0.179,0.000,0.000,0.224,0.000
,10,SMSTORE4_DOOR_INFILTRATION,INFIL_DOOR_OPENING_SCH,SMSTORE4,174.19,11.6,0.135,7.722E-004,5.233E-004,0.536,1.000,0.000,0.000,0.000
,11,LGSTORE2_INFILTRATION,TYPE3_INFIL_SCH,LGSTORE2,348.39,23.2,8.993E-002,2.581E-004,1.749E-004,0.179,0.000,0.000,0.224,0.000
,12,LGSTORE2_DOOR_INFILTRATION,INFIL_DOOR_OPENING_SCH,LGSTORE2,348.39,23.2,0.241,6.922E-004,4.692E-004,0.481,1.000,0.000,0.000,0.000
,13,SMSTORE5_INFILTRATION,TYPE3_INFIL_SCH,SMSTORE5,174.19,11.6,4.496E-002,2.581E-004,1.749E-004,0.179,0.000,0.000,0.224,0.000
,14,SMSTORE5_DOOR_INFILTRATION,INFIL_DOOR_OPENING_SCH,SMSTORE5,174.19,11.6,0.135,7.722E-004,5.233E-004,0.536,1.000,0.000,0.000,0.000
,15,SMSTORE6_INFILTRATION,TYPE3_INFIL_SCH,SMSTORE6,174.19,11.6,4.496E-002,2.581E-004,1.749E-004,0.179,0.000,0.000,0.224,0.000
,16,SMSTORE6_DOOR_INFILTRATION,INFIL_DOOR_OPENING_SCH,SMSTORE6,174.19,11.6,0.135,7.722E-004,5.233E-004,0.536,1.000,0.000,0.000,0.000
,17,SMSTORE7_INFILTRATION,TYPE3_INFIL_SCH,SMSTORE7,174.19,11.6,4.496E-002,2.581E-004,1.749E-004,0.179,0.000,0.000,0.224,0.000
,18,SMSTORE7_DOOR_INFILTRATION,INFIL_DOOR_OPENING_SCH,SMSTORE7,174.19,11.6,0.135,7.722E-004,5.233E-004,0.536,1.000,0.000,0.000,0.000
,19,SMSTORE8_INFILTRATION,TYPE3_INFIL_SCH,SMSTORE8,174.19,11.6,0.112,6.453E-004,2.994E-004,0.448,0.000,0.000,0.224,0.000
,20,SMSTORE8_DOOR_INFILTRATION,INFIL_DOOR_OPENING_SCH,SMSTORE8,174.19,11.6,0.135,7.722E-004,3.583E-004,0.536,1.000,0.000,0.000,0.000


AirFlow Model

,,Simple
,1,Simple


RoomAir Model

,,Zone Name,Mixing/Mundt/UCSDDV/UCSDCV/UCSDUFI/UCSDUFE/User Defined
,1,LGSTORE1,Mixing/Well-Stirred
,2,SMSTORE1,Mixing/Well-Stirred
,3,SMSTORE2,Mixing/Well-Stirred
,4,SMSTORE3,Mixing/Well-Stirred
,5,SMSTORE4,Mixing/Well-Stirred
,6,LGSTORE2,Mixing/Well-Stirred
,7,SMSTORE5,Mixing/Well-Stirred
,8,SMSTORE6,Mixing/Well-Stirred
,9,SMSTORE7,Mixing/Well-Stirred
,10,SMSTORE8,Mixing/Well-Stirred


AirflowNetwork Model:Control

,,No Multizone or Distribution/Multizone with Distribution/Multizone without Distribution/Multizone with Distribution only during Fan Operation
,1,NoMultizoneOrDistribution


Zone Volume Capacitance Multiplier

,,Sensible Heat Capacity Multiplier,Moisture Capacity Multiplier,Carbon Dioxide Capacity Multiplier,Generic Contaminant Capacity Multiplier
,1,1.000,1.000,1.000,1.000


Load Timesteps in Zone Design Calculation Averaging Window

,,Value
,1,6


Heating Sizing Factor Information

,,Sizing Factor ID,Value
,1,Global,1.2000
,2,Zone LGSTORE1,1.2000
,3,Zone SMSTORE1,1.2000
,4,Zone SMSTORE2,1.2000
,5,Zone SMSTORE3,1.2000
,6,Zone SMSTORE4,1.2000
,7,Zone LGSTORE2,1.2000
,8,Zone SMSTORE5,1.2000
,9,Zone SMSTORE6,1.2000
,10,Zone SMSTORE7,1.2000
,11,Zone SMSTORE8,1.2000


Cooling Sizing Factor Information

,,Sizing Factor ID,Value
,1,Global,1.2000
,2,Zone LGSTORE1,1.2000
,3,Zone SMSTORE1,1.2000
,4,Zone SMSTORE2,1.2000
,5,Zone SMSTORE3,1.2000
,6,Zone SMSTORE4,1.2000
,7,Zone LGSTORE2,1.2000
,8,Zone SMSTORE5,1.2000
,9,Zone SMSTORE6,1.2000
,10,Zone SMSTORE7,1.2000
,11,Zone SMSTORE8,1.2000


Zone Sizing Information

,,Zone Name,Load Type,Calc Des Load {W},User Des Load {W},Calc Des Air Flow Rate {m3/s},User Des Air Flow Rate {m3/s},Design Day Name,Date/Time of Peak,Temperature at Peak {C},Humidity Ratio at Peak {kgWater/kgDryAir},Floor Area {m2},# Occupants,Calc Outdoor Air Flow Rate {m3/s},Calc DOAS Heat Addition Rate {W}
,1,LGSTORE1,Cooling,15250.55809,18300.66971,1.08823,1.39355,BUFFALO.NIAGARA.INTL.AP_NY_USA ANN CLG .4% CONDNS DB=>MWB,7/21 15:10:00,30.20700,1.33668E-002,348.38640,23.22600,1.39355,0.00000
,2,LGSTORE1,Heating,23813.96093,28576.75312,1.01979,1.39355,BUFFALO.NIAGARA.INTL.AP_NY_USA ANN HTG 99.6% CONDNS DB,1/21 18:00:00,-16.30000,9.24091E-004,348.38640,23.22600,1.39355,0.00000
,3,SMSTORE1,Cooling,7705.10245,9246.12294,0.54981,0.69677,BUFFALO.NIAGARA.INTL.AP_NY_USA ANN CLG .4% CONDNS DB=>MWB,7/21 14:40:00,30.30000,1.33670E-002,174.19320,11.61300,0.69677,0.00000
,4,SMSTORE1,Heating,11080.99754,13297.19704,0.47453,0.69677,BUFFALO.NIAGARA.INTL.AP_NY_USA ANN HTG 99.6% CONDNS DB,1/21 18:00:00,-16.30000,9.24091E-004,174.19320,11.61300,0.69677,0.00000
,5,SMSTORE2,Cooling,7657.50829,9189.00995,0.54641,0.69677,BUFFALO.NIAGARA.INTL.AP_NY_USA ANN CLG .4% CONDNS DB=>MWB,7/21 14:40:00,30.30000,1.33670E-002,174.19320,11.61300,0.69677,0.00000
,6,SMSTORE2,Heating,10983.48661,13180.18393,0.47035,0.69677,BUFFALO.NIAGARA.INTL.AP_NY_USA ANN HTG 99.6% CONDNS DB,1/21 18:00:00,-16.30000,9.24091E-004,174.19320,11.61300,0.69677,0.00000
,7,SMSTORE3,Cooling,7657.62533,9189.15039,0.54642,0.69677,BUFFALO.NIAGARA.INTL.AP_NY_USA ANN CLG .4% CONDNS DB=>MWB,7/21 14:40:00,30.30000,1.33670E-002,174.19320,11.61300,0.69677,0.00000
,8,SMSTORE3,Heating,10977.66529,13173.19835,0.47010,0.69677,BUFFALO.NIAGARA.INTL.AP_NY_USA ANN HTG 99.6% CONDNS DB,1/21 18:00:00,-16.30000,9.24091E-004,174.19320,11.61300,0.69677,0.00000
,9,SMSTORE4,Cooling,7662.29289,9194.75147,0.54675,0.69677,BUFFALO.NIAGARA.INTL.AP_NY_USA ANN CLG .4% CONDNS DB=>MWB,7/21 14:40:00,30.30000,1.33670E-002,174.19320,11.61300,0.69677,0.00000
,10,SMSTORE4,Heating,11046.47982,13255.77578,0.47305,0.69677,BUFFALO.NIAGARA.INTL.AP_NY_USA ANN HTG 99.6% CONDNS DB,1/21 18:00:00,-16.30000,9.24091E-004,174.19320,11.61300,0.69677,0.00000
,11,LGSTORE2,Cooling,14900.24920,17880.29904,1.06322,1.39355,BUFFALO.NIAGARA.INTL.AP_NY_USA ANN CLG .4% CONDNS DB=>MWB,7/21 14:30:00,30.30000,1.33670E-002,348.38640,23.22600,1.39355,0.00000
,12,LGSTORE2,Heating,20561.63547,24673.96256,0.88054,1.39355,BUFFALO.NIAGARA.INTL.AP_NY_USA ANN HTG 99.6% CONDNS DB,1/21 18:00:00,-16.30000,9.24091E-004,348.38640,23.22600,1.39355,0.00000
,13,SMSTORE5,Cooling,7705.16109,9246.19331,0.54981,0.69677,BUFFALO.NIAGARA.INTL.AP_NY_USA ANN CLG .4% CONDNS DB=>MWB,7/21 14:40:00,30.30000,1.33670E-002,174.19320,11.61300,0.69677,0.00000
,14,SMSTORE5,Heating,10999.60624,13199.52748,0.47104,0.69677,BUFFALO.NIAGARA.INTL.AP_NY_USA ANN HTG 99.6% CONDNS DB,1/21 18:00:00,-16.30000,9.24091E-004,174.19320,11.61300,0.69677,0.00000
,15,SMSTORE6,Cooling,7659.00057,9190.80068,0.54652,0.69677,BUFFALO.NIAGARA.INTL.AP_NY_USA ANN CLG .4% CONDNS DB=>MWB,7/21 14:40:00,30.30000,1.33670E-002,174.19320,11.61300,0.69677,0.00000
,16,SMSTORE6,Heating,10988.06810,13185.68172,0.47055,0.69677,BUFFALO.NIAGARA.INTL.AP_NY_USA ANN HTG 99.6% CONDNS DB,1/21 18:00:00,-16.30000,9.24091E-004,174.19320,11.61300,0.69677,0.00000
,17,SMSTORE7,Cooling,7641.47320,9169.76784,0.54527,0.69677,BUFFALO.NIAGARA.INTL.AP_NY_USA ANN CLG .4% CONDNS DB=>MWB,7/21 14:30:00,30.30000,1.33670E-002,174.19320,11.61300,0.69677,0.00000
,18,SMSTORE7,Heating,11166.54090,13399.84908,0.47819,0.69677,BUFFALO.NIAGARA.INTL.AP_NY_USA ANN HTG 99.6% CONDNS DB,1/21 18:00:00,-16.30000,9.24091E-004,174.19320,11.61300,0.69677,0.00000
,19,SMSTORE8,Cooling,8299.33504,9959.20205,0.59222,0.71067,BUFFALO.NIAGARA.INTL.AP_NY_USA ANN CLG .4% CONDNS DB=>MWB,7/21 13:50:00,30.22250,1.33668E-002,174.19320,11.61300,0.69677,0.00000
,20,SMSTORE8,Heating,14179.73090,17015.67708,0.60719,0.72863,BUFFALO.NIAGARA.INTL.AP_NY_USA ANN HTG 99.6% CONDNS DB,1/21 18:00:00,-16.30000,9.24091E-004,174.19320,11.61300,0.69677,0.00000


System Sizing Information

,,System Name,Load Type,Peak Load Kind,User Design Capacity,Calc Des Air Flow Rate [m3/s],User Des Air Flow Rate [m3/s],Design Day Name,Date/Time of Peak
,1,PSZ-AC_1:1,Cooling,Sensible,28767.67,1.39355,1.39355,BUFFALO.NIAGARA.INTL.AP_NY_USA ANN CLG .4% CONDNS DB=>MWB,7/21 05:00:00
,2,PSZ-AC_1:1,Heating,Sensible,92549.70,1.39355,1.39355,BUFFALO.NIAGARA.INTL.AP_NY_USA ANN HTG 99.6% CONDNS DB,1/21 00:10:00
,3,PSZ-AC_2:2,Cooling,Sensible,14383.83,0.69677,0.69677,BUFFALO.NIAGARA.INTL.AP_NY_USA ANN CLG .4% CONDNS DB=>MWB,7/21 05:00:00
,4,PSZ-AC_2:2,Heating,Sensible,46274.85,0.69677,0.69677,BUFFALO.NIAGARA.INTL.AP_NY_USA ANN HTG 99.6% CONDNS DB,1/21 01:20:00
,5,PSZ-AC_3:3,Cooling,Sensible,14383.83,0.69677,0.69677,BUFFALO.NIAGARA.INTL.AP_NY_USA ANN CLG .4% CONDNS DB=>MWB,7/21 05:00:00
,6,PSZ-AC_3:3,Heating,Sensible,46274.85,0.69677,0.69677,BUFFALO.NIAGARA.INTL.AP_NY_USA ANN HTG 99.6% CONDNS DB,1/21 00:10:00
,7,PSZ-AC_4:4,Cooling,Sensible,14383.83,0.69677,0.69677,BUFFALO.NIAGARA.INTL.AP_NY_USA ANN CLG .4% CONDNS DB=>MWB,7/21 05:00:00
,8,PSZ-AC_4:4,Heating,Sensible,46274.85,0.69677,0.69677,BUFFALO.NIAGARA.INTL.AP_NY_USA ANN HTG 99.6% CONDNS DB,1/21 00:10:00
,9,PSZ-AC_5:5,Cooling,Sensible,14383.83,0.69677,0.69677,BUFFALO.NIAGARA.INTL.AP_NY_USA ANN CLG .4% CONDNS DB=>MWB,7/21 05:00:00
,10,PSZ-AC_5:5,Heating,Sensible,46274.85,0.69677,0.69677,BUFFALO.NIAGARA.INTL.AP_NY_USA ANN HTG 99.6% CONDNS DB,1/21 01:20:00
,11,PSZ-AC_6:6,Cooling,Sensible,28767.67,1.39355,1.39355,BUFFALO.NIAGARA.INTL.AP_NY_USA ANN CLG .4% CONDNS DB=>MWB,7/21 05:00:00
,12,PSZ-AC_6:6,Heating,Sensible,92549.70,1.39355,1.39355,BUFFALO.NIAGARA.INTL.AP_NY_USA ANN HTG 99.6% CONDNS DB,1/21 00:10:00
,13,PSZ-AC_7:7,Cooling,Sensible,14383.83,0.69677,0.69677,BUFFALO.NIAGARA.INTL.AP_NY_USA ANN CLG .4% CONDNS DB=>MWB,7/21 05:00:00
,14,PSZ-AC_7:7,Heating,Sensible,46274.85,0.69677,0.69677,BUFFALO.NIAGARA.INTL.AP_NY_USA ANN HTG 99.6% CONDNS DB,1/21 00:20:00
,15,PSZ-AC_8:8,Cooling,Sensible,14383.83,0.69677,0.69677,BUFFALO.NIAGARA.INTL.AP_NY_USA ANN CLG .4% CONDNS DB=>MWB,7/21 05:00:00
,16,PSZ-AC_8:8,Heating,Sensible,46274.85,0.69677,0.69677,BUFFALO.NIAGARA.INTL.AP_NY_USA ANN HTG 99.6% CONDNS DB,1/21 00:10:00
,17,PSZ-AC_9:9,Cooling,Sensible,14383.83,0.69677,0.69677,BUFFALO.NIAGARA.INTL.AP_NY_USA ANN CLG .4% CONDNS DB=>MWB,7/21 05:00:00
,18,PSZ-AC_9:9,Heating,Sensible,46274.85,0.69677,0.69677,BUFFALO.NIAGARA.INTL.AP_NY_USA ANN HTG 99.6% CONDNS DB,1/21 00:10:00
,19,PSZ-AC_10:10,Cooling,Sensible,14573.82,0.71067,0.71067,BUFFALO.NIAGARA.INTL.AP_NY_USA ANN CLG .4% CONDNS DB=>MWB,7/21 05:00:00
,20,PSZ-AC_10:10,Heating,Sensible,47008.05,0.72863,0.72863,BUFFALO.NIAGARA.INTL.AP_NY_USA ANN HTG 99.6% CONDNS DB,1/21 18:00:00


Component Sizing Information

,,Component Type,Component Name,Input Field Description,Value
,1,AirTerminal:SingleDuct:ConstantVolume:NoReheat,LGSTORE1 DIRECT AIR,Design Size Maximum Air Flow Rate [m3/s],1.39355
,2,AirTerminal:SingleDuct:ConstantVolume:NoReheat,SMSTORE1 DIRECT AIR,Design Size Maximum Air Flow Rate [m3/s],0.69677
,3,AirTerminal:SingleDuct:ConstantVolume:NoReheat,SMSTORE2 DIRECT AIR,Design Size Maximum Air Flow Rate [m3/s],0.69677
,4,AirTerminal:SingleDuct:ConstantVolume:NoReheat,SMSTORE3 DIRECT AIR,Design Size Maximum Air Flow Rate [m3/s],0.69677
,5,AirTerminal:SingleDuct:ConstantVolume:NoReheat,SMSTORE4 DIRECT AIR,Design Size Maximum Air Flow Rate [m3/s],0.69677
,6,AirTerminal:SingleDuct:ConstantVolume:NoReheat,LGSTORE2 DIRECT AIR,Design Size Maximum Air Flow Rate [m3/s],1.39355
,7,AirTerminal:SingleDuct:ConstantVolume:NoReheat,SMSTORE5 DIRECT AIR,Design Size Maximum Air Flow Rate [m3/s],0.69677
,8,AirTerminal:SingleDuct:ConstantVolume:NoReheat,SMSTORE6 DIRECT AIR,Design Size Maximum Air Flow Rate [m3/s],0.69677
,9,AirTerminal:SingleDuct:ConstantVolume:NoReheat,SMSTORE7 DIRECT AIR,Design Size Maximum Air Flow Rate [m3/s],0.69677
,10,AirTerminal:SingleDuct:ConstantVolume:NoReheat,SMSTORE8 DIRECT AIR,Design Size Maximum Air Flow Rate [m3/s],0.72863
,11,AirLoopHVAC,PSZ-AC_1:1,Sum of Air Terminal Maximum Heating Flow Rates [m3/s],1.39355
,12,AirLoopHVAC,PSZ-AC_1:1,Sum of Air Terminal Minimum Heating Flow Rates [m3/s],1.39355
,13,AirLoopHVAC,PSZ-AC_1:1,Sum of Air Terminal Maximum Flow Rates [m3/s],1.39355
,14,AirLoopHVAC,PSZ-AC_1:1,Adjusted Heating Design Air Flow Rate [m3/s],1.39355
,15,AirLoopHVAC,PSZ-AC_1:1,Adjusted Cooling Design Air Flow Rate [m3/s],1.39355
,16,AirLoopHVAC,PSZ-AC_1:1,Adjusted Main Design Air Flow Rate [m3/s],1.39355
,17,AirLoopHVAC,PSZ-AC_1:1,User Heating Air Flow Ratio [],1.00000
,18,AirLoopHVAC,PSZ-AC_1:1,Calculated Heating Air Flow Ratio [],1.00000
,19,AirLoopHVAC,PSZ-AC_2:2,Sum of Air Terminal Maximum Heating Flow Rates [m3/s],0.69677
,20,AirLoopHVAC,PSZ-AC_2:2,Sum of Air Terminal Minimum Heating Flow Rates [m3/s],0.69677
,21,AirLoopHVAC,PSZ-AC_2:2,Sum of Air Terminal Maximum Flow Rates [m3/s],0.69677
,22,AirLoopHVAC,PSZ-AC_2:2,Adjusted Heating Design Air Flow Rate [m3/s],0.69677
,23,AirLoopHVAC,PSZ-AC_2:2,Adjusted Cooling Design Air Flow Rate [m3/s],0.69677
,24,AirLoopHVAC,PSZ-AC_2:2,Adjusted Main Design Air Flow Rate [m3/s],0.69677
,25,AirLoopHVAC,PSZ-AC_2:2,User Heating Air Flow Ratio [],1.00000
,26,AirLoopHVAC,PSZ-AC_2:2,Calculated Heating Air Flow Ratio [],1.00000
,27,AirLoopHVAC,PSZ-AC_3:3,Sum of Air Terminal Maximum Heating Flow Rates [m3/s],0.69677
,28,AirLoopHVAC,PSZ-AC_3:3,Sum of Air Terminal Minimum Heating Flow Rates [m3/s],0.69677
,29,AirLoopHVAC,PSZ-AC_3:3,Sum of Air Terminal Maximum Flow Rates [m3/s],0.69677
,30,AirLoopHVAC,PSZ-AC_3:3,Adjusted Heating Design Air Flow Rate [m3/s],0.69677
,31,AirLoopHVAC,PSZ-AC_3:3,Adjusted Cooling Design Air Flow Rate [m3/s],0.69677
,32,AirLoopHVAC,PSZ-AC_3:3,Adjusted Main Design Air Flow Rate [m3/s],0.69677
,33,AirLoopHVAC,PSZ-AC_3:3,User Heating Air Flow Ratio [],1.00000
,34,AirLoopHVAC,PSZ-AC_3:3,Calculated Heating Air Flow Ratio [],1.00000
,35,AirLoopHVAC,PSZ-AC_4:4,Sum of Air Terminal Maximum Heating Flow Rates [m3/s],0.69677
,36,AirLoopHVAC,PSZ-AC_4:4,Sum of Air Terminal Minimum Heating Flow Rates [m3/s],0.69677
,37,AirLoopHVAC,PSZ-AC_4:4,Sum of Air Terminal Maximum Flow Rates [m3/s],0.69677
,38,AirLoopHVAC,PSZ-AC_4:4,Adjusted Heating Design Air Flow Rate [m3/s],0.69677
,39,AirLoopHVAC,PSZ-AC_4:4,Adjusted Cooling Design Air Flow Rate [m3/s],0.69677
,40,AirLoopHVAC,PSZ-AC_4:4,Adjusted Main Design Air Flow Rate [m3/s],0.69677
,41,AirLoopHVAC,PSZ-AC_4:4,User Heating Air Flow Ratio [],1.00000
,42,AirLoopHVAC,PSZ-AC_4:4,Calculated Heating Air Flow Ratio [],1.00000
,43,AirLoopHVAC,PSZ-AC_5:5,Sum of Air Terminal Maximum Heating Flow Rates [m3/s],0.69677
,44,AirLoopHVAC,PSZ-AC_5:5,Sum of Air Terminal Minimum Heating Flow Rates [m3/s],0.69677
,45,AirLoopHVAC,PSZ-AC_5:5,Sum of Air Terminal Maximum Flow Rates [m3/s],0.69677
,46,AirLoopHVAC,PSZ-AC_5:5,Adjusted Heating Design Air Flow Rate [m3/s],0.69677
,47,AirLoopHVAC,PSZ-AC_5:5,Adjusted Cooling Design Air Flow Rate [m3/s],0.69677
,48,AirLoopHVAC,PSZ-AC_5:5,Adjusted Main Design Air Flow Rate [m3/s],0.69677
,49,AirLoopHVAC,PSZ-AC_5:5,User Heating Air Flow Ratio [],1.00000
,50,AirLoopHVAC,PSZ-AC_5:5,Calculated Heating Air Flow Ratio [],1.00000
,51,AirLoopHVAC,PSZ-AC_6:6,Sum of Air Terminal Maximum Heating Flow Rates [m3/s],1.39355
,52,AirLoopHVAC,PSZ-AC_6:6,Sum of Air Terminal Minimum Heating Flow Rates [m3/s],1.39355
,53,AirLoopHVAC,PSZ-AC_6:6,Sum of Air Terminal Maximum Flow Rates [m3/s],1.39355
,54,AirLoopHVAC,PSZ-AC_6:6,Adjusted Heating Design Air Flow Rate [m3/s],1.39355
,55,AirLoopHVAC,PSZ-AC_6:6,Adjusted Cooling Design Air Flow Rate [m3/s],1.39355
,56,AirLoopHVAC,PSZ-AC_6:6,Adjusted Main Design Air Flow Rate [m3/s],1.39355
,57,AirLoopHVAC,PSZ-AC_6:6,User Heating Air Flow Ratio [],1.00000
,58,AirLoopHVAC,PSZ-AC_6:6,Calculated Heating Air Flow Ratio [],1.00000
,59,AirLoopHVAC,PSZ-AC_7:7,Sum of Air Terminal Maximum Heating Flow Rates [m3/s],0.69677
,60,AirLoopHVAC,PSZ-AC_7:7,Sum of Air Terminal Minimum Heating Flow Rates [m3/s],0.69677
,61,AirLoopHVAC,PSZ-AC_7:7,Sum of Air Terminal Maximum Flow Rates [m3/s],0.69677
,62,AirLoopHVAC,PSZ-AC_7:7,Adjusted Heating Design Air Flow Rate [m3/s],0.69677
,63,AirLoopHVAC,PSZ-AC_7:7,Adjusted Cooling Design Air Flow Rate [m3/s],0.69677
,64,AirLoopHVAC,PSZ-AC_7:7,Adjusted Main Design Air Flow Rate [m3/s],0.69677
,65,AirLoopHVAC,PSZ-AC_7:7,User Heating Air Flow Ratio [],1.00000
,66,AirLoopHVAC,PSZ-AC_7:7,Calculated Heating Air Flow Ratio [],1.00000
,67,AirLoopHVAC,PSZ-AC_8:8,Sum of Air Terminal Maximum Heating Flow Rates [m3/s],0.69677
,68,AirLoopHVAC,PSZ-AC_8:8,Sum of Air Terminal Minimum Heating Flow Rates [m3/s],0.69677
,69,AirLoopHVAC,PSZ-AC_8:8,Sum of Air Terminal Maximum Flow Rates [m3/s],0.69677
,70,AirLoopHVAC,PSZ-AC_8:8,Adjusted Heating Design Air Flow Rate [m3/s],0.69677
,71,AirLoopHVAC,PSZ-AC_8:8,Adjusted Cooling Design Air Flow Rate [m3/s],0.69677
,72,AirLoopHVAC,PSZ-AC_8:8,Adjusted Main Design Air Flow Rate [m3/s],0.69677
,73,AirLoopHVAC,PSZ-AC_8:8,User Heating Air Flow Ratio [],1.00000
,74,AirLoopHVAC,PSZ-AC_8:8,Calculated Heating Air Flow Ratio [],1.00000
,75,AirLoopHVAC,PSZ-AC_9:9,Sum of Air Terminal Maximum Heating Flow Rates [m3/s],0.69677
,76,AirLoopHVAC,PSZ-AC_9:9,Sum of Air Terminal Minimum Heating Flow Rates [m3/s],0.69677
,77,AirLoopHVAC,PSZ-AC_9:9,Sum of Air Terminal Maximum Flow Rates [m3/s],0.69677
,78,AirLoopHVAC,PSZ-AC_9:9,Adjusted Heating Design Air Flow Rate [m3/s],0.69677
,79,AirLoopHVAC,PSZ-AC_9:9,Adjusted Cooling Design Air Flow Rate [m3/s],0.69677
,80,AirLoopHVAC,PSZ-AC_9:9,Adjusted Main Design Air Flow Rate [m3/s],0.69677
,81,AirLoopHVAC,PSZ-AC_9:9,User Heating Air Flow Ratio [],1.00000
,82,AirLoopHVAC,PSZ-AC_9:9,Calculated Heating Air Flow Ratio [],1.00000
,83,AirLoopHVAC,PSZ-AC_10:10,Sum of Air Terminal Maximum Heating Flow Rates [m3/s],0.72863
,84,AirLoopHVAC,PSZ-AC_10:10,Sum of Air Terminal Minimum Heating Flow Rates [m3/s],0.72863
,85,AirLoopHVAC,PSZ-AC_10:10,Sum of Air Terminal Maximum Flow Rates [m3/s],0.72863
,86,AirLoopHVAC,PSZ-AC_10:10,Adjusted Heating Design Air Flow Rate [m3/s],0.72863
,87,AirLoopHVAC,PSZ-AC_10:10,Adjusted Cooling Design Air Flow Rate [m3/s],0.72863
,88,AirLoopHVAC,PSZ-AC_10:10,Adjusted Main Design Air Flow Rate [m3/s],0.72863
,89,AirLoopHVAC,PSZ-AC_10:10,User Heating Air Flow Ratio [],1.00000
,90,AirLoopHVAC,PSZ-AC_10:10,Calculated Heating Air Flow Ratio [],1.00000
,91,AirLoopHVAC,PSZ-AC_1:1,Design Supply Air Flow Rate [m3/s],1.39355
,92,AirLoopHVAC,PSZ-AC_2:2,Design Supply Air Flow Rate [m3/s],0.69677
,93,AirLoopHVAC,PSZ-AC_3:3,Design Supply Air Flow Rate [m3/s],0.69677
,94,AirLoopHVAC,PSZ-AC_4:4,Design Supply Air Flow Rate [m3/s],0.69677
,95,AirLoopHVAC,PSZ-AC_5:5,Design Supply Air Flow Rate [m3/s],0.69677
,96,AirLoopHVAC,PSZ-AC_6:6,Design Supply Air Flow Rate [m3/s],1.39355
,97,AirLoopHVAC,PSZ-AC_7:7,Design Supply Air Flow Rate [m3/s],0.69677
,98,AirLoopHVAC,PSZ-AC_8:8,Design Supply Air Flow Rate [m3/s],0.69677
,99,AirLoopHVAC,PSZ-AC_9:9,Design Supply Air Flow Rate [m3/s],0.69677
,100,AirLoopHVAC,PSZ-AC_10:10,Design Supply Air Flow Rate [m3/s],0.72863
,101,Controller:OutdoorAir,PSZ-AC_1:1_OA_CONTROLLER,Maximum Outdoor Air Flow Rate [m3/s],1.39355
,102,Controller:OutdoorAir,PSZ-AC_1:1_OA_CONTROLLER,Minimum Outdoor Air Flow Rate [m3/s],1.39355
,103,Fan:SystemModel,PSZ-AC_1:1_ADDAQ_UNITARY_PACKAGE_FAN,Design Size Design Maximum Air Flow Rate [m3/s],1.39355
,104,Fan:SystemModel,PSZ-AC_1:1_ADDAQ_UNITARY_PACKAGE_FAN,Design Electric Power Consumption [W],1491.15967
,105,AirLoopHVAC:UnitarySystem,PSZ-AC_1:1_UNITARY_PACKAGE_DX,Design Size Supply Air Flow Rate [m3/s],1.39355
,106,AirLoopHVAC:UnitarySystem,PSZ-AC_1:1_UNITARY_PACKAGE_DX,Design Size Heating Supply Air Flow Rate [m3/s],1.39355
,107,AirLoopHVAC:UnitarySystem,PSZ-AC_1:1_UNITARY_PACKAGE_DX,Design Size Cooling Supply Air Flow Rate [m3/s],1.39355
,108,AirLoopHVAC:UnitarySystem,PSZ-AC_1:1_UNITARY_PACKAGE_DX,Design Size No Load Supply Air Flow Rate [m3/s],0.91974
,109,Coil:Cooling:DX:MultiSpeed,PSZ-AC_1:1 COOLING COIL,Design Size Speed 2 Rated Air Flow Rate [m3/s],1.39355
,110,Coil:Cooling:DX:MultiSpeed,PSZ-AC_1:1 COOLING COIL,User-Specified Speed 2 Rated Air Flow Rate [m3/s],1.86364
,111,Coil:Cooling:DX:MultiSpeed,PSZ-AC_1:1 COOLING COIL,Design Size Speed 1 Rated Air Flow Rate [m3/s],0.69677
,112,Coil:Cooling:DX:MultiSpeed,PSZ-AC_1:1 COOLING COIL,User-Specified Speed 1 Rated Air Flow Rate [m3/s],1.24243
,113,Coil:Cooling:DX:MultiSpeed,PSZ-AC_1:1 COOLING COIL,Design Size Speed 2 Gross Rated Total Cooling Capacity [W],34605.05587
,114,Coil:Cooling:DX:MultiSpeed,PSZ-AC_1:1 COOLING COIL,User-Specified Speed 2 Gross Rated Total Cooling Capacity [W],40181.26000
,115,Coil:Cooling:DX:MultiSpeed,PSZ-AC_1:1 COOLING COIL,Design Size Speed 1 Gross Rated Total Cooling Capacity [W],17302.52794
,116,Coil:Cooling:DX:MultiSpeed,PSZ-AC_1:1 COOLING COIL,User-Specified Speed 1 Gross Rated Total Cooling Capacity [W],20090.63000
,117,Coil:Cooling:DX:MultiSpeed,PSZ-AC_1:1 COOLING COIL,User-Specified Speed 2 Rated Sensible Heat Ratio,0.74827
,118,Coil:Cooling:DX:MultiSpeed,PSZ-AC_1:1 COOLING COIL,User-Specified Speed 1 Rated Sensible Heat Ratio,0.74827
,119,AirLoopHVAC:UnitarySystem,PSZ-AC_1:1_UNITARY_PACKAGE_DX,User-Specified Nominal Cooling Capacity [W],40181.26000
,120,AirLoopHVAC:UnitarySystem,PSZ-AC_1:1_UNITARY_PACKAGE_DX,Design Size Nominal Heating Capacity [W],92549.69587
,121,AirLoopHVAC:UnitarySystem,PSZ-AC_1:1_UNITARY_PACKAGE_DX,Design Size Maximum Supply Air Temperature [C],40.00000
,122,AirLoopHVAC:UnitarySystem,PSZ-AC_1:1_UNITARY_PACKAGE_DX,Fraction of Supply Air Flow That Goes Through the Controlling Zone,1.00000
,123,Coil:Heating:Fuel,PSZ-AC_1:1 HEATING COIL,Design Size Nominal Capacity [W],92549.69587
,124,Controller:OutdoorAir,PSZ-AC_2:2_OA_CONTROLLER,Maximum Outdoor Air Flow Rate [m3/s],0.69677
,125,Controller:OutdoorAir,PSZ-AC_2:2_OA_CONTROLLER,Minimum Outdoor Air Flow Rate [m3/s],0.69677
,126,Fan:SystemModel,PSZ-AC_2:2_ADDAQ_UNITARY_PACKAGE_FAN,Design Size Design Maximum Air Flow Rate [m3/s],0.69677
,127,Fan:SystemModel,PSZ-AC_2:2_ADDAQ_UNITARY_PACKAGE_FAN,Design Electric Power Consumption [W],771.43809
,128,AirLoopHVAC:UnitarySystem,PSZ-AC_2:2_UNITARY_PACKAGE_DX,Design Size Supply Air Flow Rate [m3/s],0.69677
,129,AirLoopHVAC:UnitarySystem,PSZ-AC_2:2_UNITARY_PACKAGE_DX,Design Size Heating Supply Air Flow Rate [m3/s],0.69677
,130,AirLoopHVAC:UnitarySystem,PSZ-AC_2:2_UNITARY_PACKAGE_DX,Design Size Cooling Supply Air Flow Rate [m3/s],0.69677
,131,AirLoopHVAC:UnitarySystem,PSZ-AC_2:2_UNITARY_PACKAGE_DX,Design Size No Load Supply Air Flow Rate [m3/s],0.45987
,132,Coil:Cooling:DX:MultiSpeed,PSZ-AC_2:2 COOLING COIL,Design Size Speed 2 Rated Air Flow Rate [m3/s],0.69677
,133,Coil:Cooling:DX:MultiSpeed,PSZ-AC_2:2 COOLING COIL,User-Specified Speed 2 Rated Air Flow Rate [m3/s],1.01301
,134,Coil:Cooling:DX:MultiSpeed,PSZ-AC_2:2 COOLING COIL,Design Size Speed 1 Rated Air Flow Rate [m3/s],0.34839
,135,Coil:Cooling:DX:MultiSpeed,PSZ-AC_2:2 COOLING COIL,User-Specified Speed 1 Rated Air Flow Rate [m3/s],0.67534
,136,Coil:Cooling:DX:MultiSpeed,PSZ-AC_2:2 COOLING COIL,Design Size Speed 2 Gross Rated Total Cooling Capacity [W],17302.52794
,137,Coil:Cooling:DX:MultiSpeed,PSZ-AC_2:2 COOLING COIL,User-Specified Speed 2 Gross Rated Total Cooling Capacity [W],21420.44000
,138,Coil:Cooling:DX:MultiSpeed,PSZ-AC_2:2 COOLING COIL,Design Size Speed 1 Gross Rated Total Cooling Capacity [W],8651.26397
,139,Coil:Cooling:DX:MultiSpeed,PSZ-AC_2:2 COOLING COIL,User-Specified Speed 1 Gross Rated Total Cooling Capacity [W],10710.22000
,140,Coil:Cooling:DX:MultiSpeed,PSZ-AC_2:2 COOLING COIL,User-Specified Speed 2 Rated Sensible Heat Ratio,0.75482
,141,Coil:Cooling:DX:MultiSpeed,PSZ-AC_2:2 COOLING COIL,User-Specified Speed 1 Rated Sensible Heat Ratio,0.75482
,142,AirLoopHVAC:UnitarySystem,PSZ-AC_2:2_UNITARY_PACKAGE_DX,User-Specified Nominal Cooling Capacity [W],21420.44000
,143,AirLoopHVAC:UnitarySystem,PSZ-AC_2:2_UNITARY_PACKAGE_DX,Design Size Nominal Heating Capacity [W],46274.84793
,144,AirLoopHVAC:UnitarySystem,PSZ-AC_2:2_UNITARY_PACKAGE_DX,Design Size Maximum Supply Air Temperature [C],40.00000
,145,AirLoopHVAC:UnitarySystem,PSZ-AC_2:2_UNITARY_PACKAGE_DX,Fraction of Supply Air Flow That Goes Through the Controlling Zone,1.00000
,146,Coil:Heating:Fuel,PSZ-AC_2:2 HEATING COIL,Design Size Nominal Capacity [W],46274.84793
,147,Controller:OutdoorAir,PSZ-AC_3:3_OA_CONTROLLER,Maximum Outdoor Air Flow Rate [m3/s],0.69677
,148,Controller:OutdoorAir,PSZ-AC_3:3_OA_CONTROLLER,Minimum Outdoor Air Flow Rate [m3/s],0.69677
,149,Fan:SystemModel,PSZ-AC_3:3_ADDAQ_UNITARY_PACKAGE_FAN,Design Size Design Maximum Air Flow Rate [m3/s],0.69677
,150,Fan:SystemModel,PSZ-AC_3:3_ADDAQ_UNITARY_PACKAGE_FAN,Design Electric Power Consumption [W],771.43809
,151,AirLoopHVAC:UnitarySystem,PSZ-AC_3:3_UNITARY_PACKAGE_DX,Design Size Supply Air Flow Rate [m3/s],0.69677
,152,AirLoopHVAC:UnitarySystem,PSZ-AC_3:3_UNITARY_PACKAGE_DX,Design Size Heating Supply Air Flow Rate [m3/s],0.69677
,153,AirLoopHVAC:UnitarySystem,PSZ-AC_3:3_UNITARY_PACKAGE_DX,Design Size Cooling Supply Air Flow Rate [m3/s],0.69677
,154,AirLoopHVAC:UnitarySystem,PSZ-AC_3:3_UNITARY_PACKAGE_DX,Design Size No Load Supply Air Flow Rate [m3/s],0.45987
,155,Coil:Cooling:DX:MultiSpeed,PSZ-AC_3:3 COOLING COIL,Design Size Speed 2 Rated Air Flow Rate [m3/s],0.69677
,156,Coil:Cooling:DX:MultiSpeed,PSZ-AC_3:3 COOLING COIL,User-Specified Speed 2 Rated Air Flow Rate [m3/s],1.01908
,157,Coil:Cooling:DX:MultiSpeed,PSZ-AC_3:3 COOLING COIL,Design Size Speed 1 Rated Air Flow Rate [m3/s],0.34839
,158,Coil:Cooling:DX:MultiSpeed,PSZ-AC_3:3 COOLING COIL,User-Specified Speed 1 Rated Air Flow Rate [m3/s],0.67939
,159,Coil:Cooling:DX:MultiSpeed,PSZ-AC_3:3 COOLING COIL,Design Size Speed 2 Gross Rated Total Cooling Capacity [W],17302.52794
,160,Coil:Cooling:DX:MultiSpeed,PSZ-AC_3:3 COOLING COIL,User-Specified Speed 2 Gross Rated Total Cooling Capacity [W],21521.61000
,161,Coil:Cooling:DX:MultiSpeed,PSZ-AC_3:3 COOLING COIL,Design Size Speed 1 Gross Rated Total Cooling Capacity [W],8651.26397
,162,Coil:Cooling:DX:MultiSpeed,PSZ-AC_3:3 COOLING COIL,User-Specified Speed 1 Gross Rated Total Cooling Capacity [W],10760.80500
,163,Coil:Cooling:DX:MultiSpeed,PSZ-AC_3:3 COOLING COIL,User-Specified Speed 2 Rated Sensible Heat Ratio,0.75518
,164,Coil:Cooling:DX:MultiSpeed,PSZ-AC_3:3 COOLING COIL,User-Specified Speed 1 Rated Sensible Heat Ratio,0.75518
,165,AirLoopHVAC:UnitarySystem,PSZ-AC_3:3_UNITARY_PACKAGE_DX,User-Specified Nominal Cooling Capacity [W],21521.61000
,166,AirLoopHVAC:UnitarySystem,PSZ-AC_3:3_UNITARY_PACKAGE_DX,Design Size Nominal Heating Capacity [W],46274.84793
,167,AirLoopHVAC:UnitarySystem,PSZ-AC_3:3_UNITARY_PACKAGE_DX,Design Size Maximum Supply Air Temperature [C],40.00000
,168,AirLoopHVAC:UnitarySystem,PSZ-AC_3:3_UNITARY_PACKAGE_DX,Fraction of Supply Air Flow That Goes Through the Controlling Zone,1.00000
,169,Coil:Heating:Fuel,PSZ-AC_3:3 HEATING COIL,Design Size Nominal Capacity [W],46274.84793
,170,Controller:OutdoorAir,PSZ-AC_4:4_OA_CONTROLLER,Maximum Outdoor Air Flow Rate [m3/s],0.69677
,171,Controller:OutdoorAir,PSZ-AC_4:4_OA_CONTROLLER,Minimum Outdoor Air Flow Rate [m3/s],0.69677
,172,Fan:SystemModel,PSZ-AC_4:4_ADDAQ_UNITARY_PACKAGE_FAN,Design Size Design Maximum Air Flow Rate [m3/s],0.69677
,173,Fan:SystemModel,PSZ-AC_4:4_ADDAQ_UNITARY_PACKAGE_FAN,Design Electric Power Consumption [W],771.43809
,174,AirLoopHVAC:UnitarySystem,PSZ-AC_4:4_UNITARY_PACKAGE_DX,Design Size Supply Air Flow Rate [m3/s],0.69677
,175,AirLoopHVAC:UnitarySystem,PSZ-AC_4:4_UNITARY_PACKAGE_DX,Design Size Heating Supply Air Flow Rate [m3/s],0.69677
,176,AirLoopHVAC:UnitarySystem,PSZ-AC_4:4_UNITARY_PACKAGE_DX,Design Size Cooling Supply Air Flow Rate [m3/s],0.69677
,177,AirLoopHVAC:UnitarySystem,PSZ-AC_4:4_UNITARY_PACKAGE_DX,Design Size No Load Supply Air Flow Rate [m3/s],0.45987
,178,Coil:Cooling:DX:MultiSpeed,PSZ-AC_4:4 COOLING COIL,Design Size Speed 2 Rated Air Flow Rate [m3/s],0.69677
,179,Coil:Cooling:DX:MultiSpeed,PSZ-AC_4:4 COOLING COIL,User-Specified Speed 2 Rated Air Flow Rate [m3/s],1.02267
,180,Coil:Cooling:DX:MultiSpeed,PSZ-AC_4:4 COOLING COIL,Design Size Speed 1 Rated Air Flow Rate [m3/s],0.34839
,181,Coil:Cooling:DX:MultiSpeed,PSZ-AC_4:4 COOLING COIL,User-Specified Speed 1 Rated Air Flow Rate [m3/s],0.68178
,182,Coil:Cooling:DX:MultiSpeed,PSZ-AC_4:4 COOLING COIL,Design Size Speed 2 Gross Rated Total Cooling Capacity [W],17302.52794
,183,Coil:Cooling:DX:MultiSpeed,PSZ-AC_4:4 COOLING COIL,User-Specified Speed 2 Gross Rated Total Cooling Capacity [W],21580.24000
,184,Coil:Cooling:DX:MultiSpeed,PSZ-AC_4:4 COOLING COIL,Design Size Speed 1 Gross Rated Total Cooling Capacity [W],8651.26397
,185,Coil:Cooling:DX:MultiSpeed,PSZ-AC_4:4 COOLING COIL,User-Specified Speed 1 Gross Rated Total Cooling Capacity [W],10790.12000
,186,Coil:Cooling:DX:MultiSpeed,PSZ-AC_4:4 COOLING COIL,User-Specified Speed 2 Rated Sensible Heat Ratio,0.75541
,187,Coil:Cooling:DX:MultiSpeed,PSZ-AC_4:4 COOLING COIL,User-Specified Speed 1 Rated Sensible Heat Ratio,0.75541
,188,AirLoopHVAC:UnitarySystem,PSZ-AC_4:4_UNITARY_PACKAGE_DX,User-Specified Nominal Cooling Capacity [W],21580.24000
,189,AirLoopHVAC:UnitarySystem,PSZ-AC_4:4_UNITARY_PACKAGE_DX,Design Size Nominal Heating Capacity [W],46274.84793
,190,AirLoopHVAC:UnitarySystem,PSZ-AC_4:4_UNITARY_PACKAGE_DX,Design Size Maximum Supply Air Temperature [C],40.00000
,191,AirLoopHVAC:UnitarySystem,PSZ-AC_4:4_UNITARY_PACKAGE_DX,Fraction of Supply Air Flow That Goes Through the Controlling Zone,1.00000
,192,Coil:Heating:Fuel,PSZ-AC_4:4 HEATING COIL,Design Size Nominal Capacity [W],46274.84793
,193,Controller:OutdoorAir,PSZ-AC_5:5_OA_CONTROLLER,Maximum Outdoor Air Flow Rate [m3/s],0.69677
,194,Controller:OutdoorAir,PSZ-AC_5:5_OA_CONTROLLER,Minimum Outdoor Air Flow Rate [m3/s],0.69677
,195,Fan:SystemModel,PSZ-AC_5:5_ADDAQ_UNITARY_PACKAGE_FAN,Design Size Design Maximum Air Flow Rate [m3/s],0.69677
,196,Fan:SystemModel,PSZ-AC_5:5_ADDAQ_UNITARY_PACKAGE_FAN,Design Electric Power Consumption [W],771.43809
,197,AirLoopHVAC:UnitarySystem,PSZ-AC_5:5_UNITARY_PACKAGE_DX,Design Size Supply Air Flow Rate [m3/s],0.69677
,198,AirLoopHVAC:UnitarySystem,PSZ-AC_5:5_UNITARY_PACKAGE_DX,Design Size Heating Supply Air Flow Rate [m3/s],0.69677
,199,AirLoopHVAC:UnitarySystem,PSZ-AC_5:5_UNITARY_PACKAGE_DX,Design Size Cooling Supply Air Flow Rate [m3/s],0.69677
,200,AirLoopHVAC:UnitarySystem,PSZ-AC_5:5_UNITARY_PACKAGE_DX,Design Size No Load Supply Air Flow Rate [m3/s],0.45987
,201,Coil:Cooling:DX:MultiSpeed,PSZ-AC_5:5 COOLING COIL,Design Size Speed 2 Rated Air Flow Rate [m3/s],0.69677
,202,Coil:Cooling:DX:MultiSpeed,PSZ-AC_5:5 COOLING COIL,User-Specified Speed 2 Rated Air Flow Rate [m3/s],1.01238
,203,Coil:Cooling:DX:MultiSpeed,PSZ-AC_5:5 COOLING COIL,Design Size Speed 1 Rated Air Flow Rate [m3/s],0.34839
,204,Coil:Cooling:DX:MultiSpeed,PSZ-AC_5:5 COOLING COIL,User-Specified Speed 1 Rated Air Flow Rate [m3/s],0.67492
,205,Coil:Cooling:DX:MultiSpeed,PSZ-AC_5:5 COOLING COIL,Design Size Speed 2 Gross Rated Total Cooling Capacity [W],17302.52794
,206,Coil:Cooling:DX:MultiSpeed,PSZ-AC_5:5 COOLING COIL,User-Specified Speed 2 Gross Rated Total Cooling Capacity [W],21414.15000
,207,Coil:Cooling:DX:MultiSpeed,PSZ-AC_5:5 COOLING COIL,Design Size Speed 1 Gross Rated Total Cooling Capacity [W],8651.26397
,208,Coil:Cooling:DX:MultiSpeed,PSZ-AC_5:5 COOLING COIL,User-Specified Speed 1 Gross Rated Total Cooling Capacity [W],10707.07500
,209,Coil:Cooling:DX:MultiSpeed,PSZ-AC_5:5 COOLING COIL,User-Specified Speed 2 Rated Sensible Heat Ratio,0.75472
,210,Coil:Cooling:DX:MultiSpeed,PSZ-AC_5:5 COOLING COIL,User-Specified Speed 1 Rated Sensible Heat Ratio,0.75472
,211,AirLoopHVAC:UnitarySystem,PSZ-AC_5:5_UNITARY_PACKAGE_DX,User-Specified Nominal Cooling Capacity [W],21414.15000
,212,AirLoopHVAC:UnitarySystem,PSZ-AC_5:5_UNITARY_PACKAGE_DX,Design Size Nominal Heating Capacity [W],46274.84793
,213,AirLoopHVAC:UnitarySystem,PSZ-AC_5:5_UNITARY_PACKAGE_DX,Design Size Maximum Supply Air Temperature [C],40.00000
,214,AirLoopHVAC:UnitarySystem,PSZ-AC_5:5_UNITARY_PACKAGE_DX,Fraction of Supply Air Flow That Goes Through the Controlling Zone,1.00000
,215,Coil:Heating:Fuel,PSZ-AC_5:5 HEATING COIL,Design Size Nominal Capacity [W],46274.84793
,216,Controller:OutdoorAir,PSZ-AC_6:6_OA_CONTROLLER,Maximum Outdoor Air Flow Rate [m3/s],1.39355
,217,Controller:OutdoorAir,PSZ-AC_6:6_OA_CONTROLLER,Minimum Outdoor Air Flow Rate [m3/s],1.39355
,218,Fan:SystemModel,PSZ-AC_6:6_ADDAQ_UNITARY_PACKAGE_FAN,Design Size Design Maximum Air Flow Rate [m3/s],1.39355
,219,Fan:SystemModel,PSZ-AC_6:6_ADDAQ_UNITARY_PACKAGE_FAN,Design Electric Power Consumption [W],1491.15967
,220,AirLoopHVAC:UnitarySystem,PSZ-AC_6:6_UNITARY_PACKAGE_DX,Design Size Supply Air Flow Rate [m3/s],1.39355
,221,AirLoopHVAC:UnitarySystem,PSZ-AC_6:6_UNITARY_PACKAGE_DX,Design Size Heating Supply Air Flow Rate [m3/s],1.39355
,222,AirLoopHVAC:UnitarySystem,PSZ-AC_6:6_UNITARY_PACKAGE_DX,Design Size Cooling Supply Air Flow Rate [m3/s],1.39355
,223,AirLoopHVAC:UnitarySystem,PSZ-AC_6:6_UNITARY_PACKAGE_DX,Design Size No Load Supply Air Flow Rate [m3/s],0.91974
,224,Coil:Cooling:DX:MultiSpeed,PSZ-AC_6:6 COOLING COIL,Design Size Speed 2 Rated Air Flow Rate [m3/s],1.39355
,225,Coil:Cooling:DX:MultiSpeed,PSZ-AC_6:6 COOLING COIL,User-Specified Speed 2 Rated Air Flow Rate [m3/s],1.77518
,226,Coil:Cooling:DX:MultiSpeed,PSZ-AC_6:6 COOLING COIL,Design Size Speed 1 Rated Air Flow Rate [m3/s],0.69677
,227,Coil:Cooling:DX:MultiSpeed,PSZ-AC_6:6 COOLING COIL,User-Specified Speed 1 Rated Air Flow Rate [m3/s],1.18345
,228,Coil:Cooling:DX:MultiSpeed,PSZ-AC_6:6 COOLING COIL,Design Size Speed 2 Gross Rated Total Cooling Capacity [W],34605.05587
,229,Coil:Cooling:DX:MultiSpeed,PSZ-AC_6:6 COOLING COIL,User-Specified Speed 2 Gross Rated Total Cooling Capacity [W],38591.68000
,230,Coil:Cooling:DX:MultiSpeed,PSZ-AC_6:6 COOLING COIL,Design Size Speed 1 Gross Rated Total Cooling Capacity [W],17302.52794
,231,Coil:Cooling:DX:MultiSpeed,PSZ-AC_6:6 COOLING COIL,User-Specified Speed 1 Gross Rated Total Cooling Capacity [W],19295.84000
,232,Coil:Cooling:DX:MultiSpeed,PSZ-AC_6:6 COOLING COIL,User-Specified Speed 2 Rated Sensible Heat Ratio,0.74495
,233,Coil:Cooling:DX:MultiSpeed,PSZ-AC_6:6 COOLING COIL,User-Specified Speed 1 Rated Sensible Heat Ratio,0.74495
,234,AirLoopHVAC:UnitarySystem,PSZ-AC_6:6_UNITARY_PACKAGE_DX,User-Specified Nominal Cooling Capacity [W],38591.68000
,235,AirLoopHVAC:UnitarySystem,PSZ-AC_6:6_UNITARY_PACKAGE_DX,Design Size Nominal Heating Capacity [W],92549.69587
,236,AirLoopHVAC:UnitarySystem,PSZ-AC_6:6_UNITARY_PACKAGE_DX,Design Size Maximum Supply Air Temperature [C],40.00000
,237,AirLoopHVAC:UnitarySystem,PSZ-AC_6:6_UNITARY_PACKAGE_DX,Fraction of Supply Air Flow That Goes Through the Controlling Zone,1.00000
,238,Coil:Heating:Fuel,PSZ-AC_6:6 HEATING COIL,Design Size Nominal Capacity [W],92549.69587
,239,Controller:OutdoorAir,PSZ-AC_7:7_OA_CONTROLLER,Maximum Outdoor Air Flow Rate [m3/s],0.69677
,240,Controller:OutdoorAir,PSZ-AC_7:7_OA_CONTROLLER,Minimum Outdoor Air Flow Rate [m3/s],0.69677
,241,Fan:SystemModel,PSZ-AC_7:7_ADDAQ_UNITARY_PACKAGE_FAN,Design Size Design Maximum Air Flow Rate [m3/s],0.69677
,242,Fan:SystemModel,PSZ-AC_7:7_ADDAQ_UNITARY_PACKAGE_FAN,Design Electric Power Consumption [W],771.43809
,243,AirLoopHVAC:UnitarySystem,PSZ-AC_7:7_UNITARY_PACKAGE_DX,Design Size Supply Air Flow Rate [m3/s],0.69677
,244,AirLoopHVAC:UnitarySystem,PSZ-AC_7:7_UNITARY_PACKAGE_DX,Design Size Heating Supply Air Flow Rate [m3/s],0.69677
,245,AirLoopHVAC:UnitarySystem,PSZ-AC_7:7_UNITARY_PACKAGE_DX,Design Size Cooling Supply Air Flow Rate [m3/s],0.69677
,246,AirLoopHVAC:UnitarySystem,PSZ-AC_7:7_UNITARY_PACKAGE_DX,Design Size No Load Supply Air Flow Rate [m3/s],0.45987
,247,Coil:Cooling:DX:MultiSpeed,PSZ-AC_7:7 COOLING COIL,Design Size Speed 2 Rated Air Flow Rate [m3/s],0.69677
,248,Coil:Cooling:DX:MultiSpeed,PSZ-AC_7:7 COOLING COIL,User-Specified Speed 2 Rated Air Flow Rate [m3/s],0.92114
,249,Coil:Cooling:DX:MultiSpeed,PSZ-AC_7:7 COOLING COIL,Design Size Speed 1 Rated Air Flow Rate [m3/s],0.34839
,250,Coil:Cooling:DX:MultiSpeed,PSZ-AC_7:7 COOLING COIL,User-Specified Speed 1 Rated Air Flow Rate [m3/s],0.61409
,251,Coil:Cooling:DX:MultiSpeed,PSZ-AC_7:7 COOLING COIL,Design Size Speed 2 Gross Rated Total Cooling Capacity [W],17302.52794
,252,Coil:Cooling:DX:MultiSpeed,PSZ-AC_7:7 COOLING COIL,User-Specified Speed 2 Gross Rated Total Cooling Capacity [W],19962.88000
,253,Coil:Cooling:DX:MultiSpeed,PSZ-AC_7:7 COOLING COIL,Design Size Speed 1 Gross Rated Total Cooling Capacity [W],8651.26397
,254,Coil:Cooling:DX:MultiSpeed,PSZ-AC_7:7 COOLING COIL,User-Specified Speed 1 Gross Rated Total Cooling Capacity [W],9981.44000
,255,Coil:Cooling:DX:MultiSpeed,PSZ-AC_7:7 COOLING COIL,User-Specified Speed 2 Rated Sensible Heat Ratio,0.74582
,256,Coil:Cooling:DX:MultiSpeed,PSZ-AC_7:7 COOLING COIL,User-Specified Speed 1 Rated Sensible Heat Ratio,0.74582
,257,AirLoopHVAC:UnitarySystem,PSZ-AC_7:7_UNITARY_PACKAGE_DX,User-Specified Nominal Cooling Capacity [W],19962.88000
,258,AirLoopHVAC:UnitarySystem,PSZ-AC_7:7_UNITARY_PACKAGE_DX,Design Size Nominal Heating Capacity [W],46274.84793
,259,AirLoopHVAC:UnitarySystem,PSZ-AC_7:7_UNITARY_PACKAGE_DX,Design Size Maximum Supply Air Temperature [C],40.00000
,260,AirLoopHVAC:UnitarySystem,PSZ-AC_7:7_UNITARY_PACKAGE_DX,Fraction of Supply Air Flow That Goes Through the Controlling Zone,1.00000
,261,Coil:Heating:Fuel,PSZ-AC_7:7 HEATING COIL,Design Size Nominal Capacity [W],46274.84793
,262,Controller:OutdoorAir,PSZ-AC_8:8_OA_CONTROLLER,Maximum Outdoor Air Flow Rate [m3/s],0.69677
,263,Controller:OutdoorAir,PSZ-AC_8:8_OA_CONTROLLER,Minimum Outdoor Air Flow Rate [m3/s],0.69677
,264,Fan:SystemModel,PSZ-AC_8:8_ADDAQ_UNITARY_PACKAGE_FAN,Design Size Design Maximum Air Flow Rate [m3/s],0.69677
,265,Fan:SystemModel,PSZ-AC_8:8_ADDAQ_UNITARY_PACKAGE_FAN,Design Electric Power Consumption [W],771.43809
,266,AirLoopHVAC:UnitarySystem,PSZ-AC_8:8_UNITARY_PACKAGE_DX,Design Size Supply Air Flow Rate [m3/s],0.69677
,267,AirLoopHVAC:UnitarySystem,PSZ-AC_8:8_UNITARY_PACKAGE_DX,Design Size Heating Supply Air Flow Rate [m3/s],0.69677
,268,AirLoopHVAC:UnitarySystem,PSZ-AC_8:8_UNITARY_PACKAGE_DX,Design Size Cooling Supply Air Flow Rate [m3/s],0.69677
,269,AirLoopHVAC:UnitarySystem,PSZ-AC_8:8_UNITARY_PACKAGE_DX,Design Size No Load Supply Air Flow Rate [m3/s],0.45987
,270,Coil:Cooling:DX:MultiSpeed,PSZ-AC_8:8 COOLING COIL,Design Size Speed 2 Rated Air Flow Rate [m3/s],0.69677
,271,Coil:Cooling:DX:MultiSpeed,PSZ-AC_8:8 COOLING COIL,User-Specified Speed 2 Rated Air Flow Rate [m3/s],0.91511
,272,Coil:Cooling:DX:MultiSpeed,PSZ-AC_8:8 COOLING COIL,Design Size Speed 1 Rated Air Flow Rate [m3/s],0.34839
,273,Coil:Cooling:DX:MultiSpeed,PSZ-AC_8:8 COOLING COIL,User-Specified Speed 1 Rated Air Flow Rate [m3/s],0.61007
,274,Coil:Cooling:DX:MultiSpeed,PSZ-AC_8:8 COOLING COIL,Design Size Speed 2 Gross Rated Total Cooling Capacity [W],17302.52794
,275,Coil:Cooling:DX:MultiSpeed,PSZ-AC_8:8 COOLING COIL,User-Specified Speed 2 Gross Rated Total Cooling Capacity [W],19866.44000
,276,Coil:Cooling:DX:MultiSpeed,PSZ-AC_8:8 COOLING COIL,Design Size Speed 1 Gross Rated Total Cooling Capacity [W],8651.26397
,277,Coil:Cooling:DX:MultiSpeed,PSZ-AC_8:8 COOLING COIL,User-Specified Speed 1 Gross Rated Total Cooling Capacity [W],9933.22000
,278,Coil:Cooling:DX:MultiSpeed,PSZ-AC_8:8 COOLING COIL,User-Specified Speed 2 Rated Sensible Heat Ratio,0.74534
,279,Coil:Cooling:DX:MultiSpeed,PSZ-AC_8:8 COOLING COIL,User-Specified Speed 1 Rated Sensible Heat Ratio,0.74534
,280,AirLoopHVAC:UnitarySystem,PSZ-AC_8:8_UNITARY_PACKAGE_DX,User-Specified Nominal Cooling Capacity [W],19866.44000
,281,AirLoopHVAC:UnitarySystem,PSZ-AC_8:8_UNITARY_PACKAGE_DX,Design Size Nominal Heating Capacity [W],46274.84793
,282,AirLoopHVAC:UnitarySystem,PSZ-AC_8:8_UNITARY_PACKAGE_DX,Design Size Maximum Supply Air Temperature [C],40.00000
,283,AirLoopHVAC:UnitarySystem,PSZ-AC_8:8_UNITARY_PACKAGE_DX,Fraction of Supply Air Flow That Goes Through the Controlling Zone,1.00000
,284,Coil:Heating:Fuel,PSZ-AC_8:8 HEATING COIL,Design Size Nominal Capacity [W],46274.84793
,285,Controller:OutdoorAir,PSZ-AC_9:9_OA_CONTROLLER,Maximum Outdoor Air Flow Rate [m3/s],0.69677
,286,Controller:OutdoorAir,PSZ-AC_9:9_OA_CONTROLLER,Minimum Outdoor Air Flow Rate [m3/s],0.69677
,287,Fan:SystemModel,PSZ-AC_9:9_ADDAQ_UNITARY_PACKAGE_FAN,Design Size Design Maximum Air Flow Rate [m3/s],0.69677
,288,Fan:SystemModel,PSZ-AC_9:9_ADDAQ_UNITARY_PACKAGE_FAN,Design Electric Power Consumption [W],771.43809
,289,AirLoopHVAC:UnitarySystem,PSZ-AC_9:9_UNITARY_PACKAGE_DX,Design Size Supply Air Flow Rate [m3/s],0.69677
,290,AirLoopHVAC:UnitarySystem,PSZ-AC_9:9_UNITARY_PACKAGE_DX,Design Size Heating Supply Air Flow Rate [m3/s],0.69677
,291,AirLoopHVAC:UnitarySystem,PSZ-AC_9:9_UNITARY_PACKAGE_DX,Design Size Cooling Supply Air Flow Rate [m3/s],0.69677
,292,AirLoopHVAC:UnitarySystem,PSZ-AC_9:9_UNITARY_PACKAGE_DX,Design Size No Load Supply Air Flow Rate [m3/s],0.45987
,293,Coil:Cooling:DX:MultiSpeed,PSZ-AC_9:9 COOLING COIL,Design Size Speed 2 Rated Air Flow Rate [m3/s],0.69677
,294,Coil:Cooling:DX:MultiSpeed,PSZ-AC_9:9 COOLING COIL,User-Specified Speed 2 Rated Air Flow Rate [m3/s],0.90556
,295,Coil:Cooling:DX:MultiSpeed,PSZ-AC_9:9 COOLING COIL,Design Size Speed 1 Rated Air Flow Rate [m3/s],0.34839
,296,Coil:Cooling:DX:MultiSpeed,PSZ-AC_9:9 COOLING COIL,User-Specified Speed 1 Rated Air Flow Rate [m3/s],0.60371
,297,Coil:Cooling:DX:MultiSpeed,PSZ-AC_9:9 COOLING COIL,Design Size Speed 2 Gross Rated Total Cooling Capacity [W],17302.52794
,298,Coil:Cooling:DX:MultiSpeed,PSZ-AC_9:9 COOLING COIL,User-Specified Speed 2 Gross Rated Total Cooling Capacity [W],19692.33000
,299,Coil:Cooling:DX:MultiSpeed,PSZ-AC_9:9 COOLING COIL,Design Size Speed 1 Gross Rated Total Cooling Capacity [W],8651.26397
,300,Coil:Cooling:DX:MultiSpeed,PSZ-AC_9:9 COOLING COIL,User-Specified Speed 1 Gross Rated Total Cooling Capacity [W],9846.16500
,301,Coil:Cooling:DX:MultiSpeed,PSZ-AC_9:9 COOLING COIL,User-Specified Speed 2 Rated Sensible Heat Ratio,0.74487
,302,Coil:Cooling:DX:MultiSpeed,PSZ-AC_9:9 COOLING COIL,User-Specified Speed 1 Rated Sensible Heat Ratio,0.74487
,303,AirLoopHVAC:UnitarySystem,PSZ-AC_9:9_UNITARY_PACKAGE_DX,User-Specified Nominal Cooling Capacity [W],19692.33000
,304,AirLoopHVAC:UnitarySystem,PSZ-AC_9:9_UNITARY_PACKAGE_DX,Design Size Nominal Heating Capacity [W],46274.84793
,305,AirLoopHVAC:UnitarySystem,PSZ-AC_9:9_UNITARY_PACKAGE_DX,Design Size Maximum Supply Air Temperature [C],40.00000
,306,AirLoopHVAC:UnitarySystem,PSZ-AC_9:9_UNITARY_PACKAGE_DX,Fraction of Supply Air Flow That Goes Through the Controlling Zone,1.00000
,307,Coil:Heating:Fuel,PSZ-AC_9:9 HEATING COIL,Design Size Nominal Capacity [W],46274.84793
,308,Controller:OutdoorAir,PSZ-AC_10:10_OA_CONTROLLER,Maximum Outdoor Air Flow Rate [m3/s],0.72863
,309,Controller:OutdoorAir,PSZ-AC_10:10_OA_CONTROLLER,Minimum Outdoor Air Flow Rate [m3/s],0.69677
,310,Fan:SystemModel,PSZ-AC_10:10_ADDAQ_UNITARY_PACKAGE_FAN,Design Size Design Maximum Air Flow Rate [m3/s],0.72863
,311,Fan:SystemModel,PSZ-AC_10:10_ADDAQ_UNITARY_PACKAGE_FAN,Design Electric Power Consumption [W],806.71312
,312,AirLoopHVAC:UnitarySystem,PSZ-AC_10:10_UNITARY_PACKAGE_DX,Design Size Supply Air Flow Rate [m3/s],0.72863
,313,AirLoopHVAC:UnitarySystem,PSZ-AC_10:10_UNITARY_PACKAGE_DX,Design Size Heating Supply Air Flow Rate [m3/s],0.72863
,314,AirLoopHVAC:UnitarySystem,PSZ-AC_10:10_UNITARY_PACKAGE_DX,Design Size Cooling Supply Air Flow Rate [m3/s],0.72863
,315,AirLoopHVAC:UnitarySystem,PSZ-AC_10:10_UNITARY_PACKAGE_DX,Design Size No Load Supply Air Flow Rate [m3/s],0.48090
,316,Coil:Cooling:DX:MultiSpeed,PSZ-AC_10:10 COOLING COIL,Design Size Speed 2 Rated Air Flow Rate [m3/s],0.72863
,317,Coil:Cooling:DX:MultiSpeed,PSZ-AC_10:10 COOLING COIL,User-Specified Speed 2 Rated Air Flow Rate [m3/s],0.96130
,318,Coil:Cooling:DX:MultiSpeed,PSZ-AC_10:10 COOLING COIL,Design Size Speed 1 Rated Air Flow Rate [m3/s],0.36432
,319,Coil:Cooling:DX:MultiSpeed,PSZ-AC_10:10 COOLING COIL,User-Specified Speed 1 Rated Air Flow Rate [m3/s],0.64087
,320,Coil:Cooling:DX:MultiSpeed,PSZ-AC_10:10 COOLING COIL,Design Size Speed 2 Gross Rated Total Cooling Capacity [W],18093.70879
,321,Coil:Cooling:DX:MultiSpeed,PSZ-AC_10:10 COOLING COIL,User-Specified Speed 2 Gross Rated Total Cooling Capacity [W],20616.94000
,322,Coil:Cooling:DX:MultiSpeed,PSZ-AC_10:10 COOLING COIL,Design Size Speed 1 Gross Rated Total Cooling Capacity [W],9046.85440
,323,Coil:Cooling:DX:MultiSpeed,PSZ-AC_10:10 COOLING COIL,User-Specified Speed 1 Gross Rated Total Cooling Capacity [W],10308.47000
,324,Coil:Cooling:DX:MultiSpeed,PSZ-AC_10:10 COOLING COIL,User-Specified Speed 2 Rated Sensible Heat Ratio,0.74977
,325,Coil:Cooling:DX:MultiSpeed,PSZ-AC_10:10 COOLING COIL,User-Specified Speed 1 Rated Sensible Heat Ratio,0.74977
,326,AirLoopHVAC:UnitarySystem,PSZ-AC_10:10_UNITARY_PACKAGE_DX,User-Specified Nominal Cooling Capacity [W],20616.94000
,327,AirLoopHVAC:UnitarySystem,PSZ-AC_10:10_UNITARY_PACKAGE_DX,Design Size Nominal Heating Capacity [W],47008.05222
,328,AirLoopHVAC:UnitarySystem,PSZ-AC_10:10_UNITARY_PACKAGE_DX,Design Size Maximum Supply Air Temperature [C],40.00000
,329,AirLoopHVAC:UnitarySystem,PSZ-AC_10:10_UNITARY_PACKAGE_DX,Fraction of Supply Air Flow That Goes Through the Controlling Zone,1.00000
,330,Coil:Heating:Fuel,PSZ-AC_10:10 HEATING COIL,Design Size Nominal Capacity [W],47008.05222


DX Cooling Coil Standard Rating Information

,,Component Type,Component Name,Standard Rating (Net) Cooling Capacity {W},Standard Rated Net COP {W/W},EER {Btu/W-h},SEER User {Btu/W-h},SEER Standard {Btu/W-h},IEER {Btu/W-h}
,1,Coil:Cooling:DX:MultiSpeed,PSZ-AC_1:1 COOLING COIL,38714.8,,,13.43,13.43,
,2,Coil:Cooling:DX:MultiSpeed,PSZ-AC_2:2 COOLING COIL,20623.6,,,13.38,13.38,
,3,Coil:Cooling:DX:MultiSpeed,PSZ-AC_3:3 COOLING COIL,20720.0,,,13.38,13.38,
,4,Coil:Cooling:DX:MultiSpeed,PSZ-AC_4:4 COOLING COIL,20775.8,,,13.38,13.38,
,5,Coil:Cooling:DX:MultiSpeed,PSZ-AC_5:5 COOLING COIL,20617.8,,,13.38,13.38,
,6,Coil:Cooling:DX:MultiSpeed,PSZ-AC_6:6 COOLING COIL,37194.7,,,13.46,13.46,
,7,Coil:Cooling:DX:MultiSpeed,PSZ-AC_7:7 COOLING COIL,19238.0,,,13.45,13.45,
,8,Coil:Cooling:DX:MultiSpeed,PSZ-AC_8:8 COOLING COIL,19146.3,,,13.45,13.45,
,9,Coil:Cooling:DX:MultiSpeed,PSZ-AC_9:9 COOLING COIL,18979.7,,,13.46,13.46,
,10,Coil:Cooling:DX:MultiSpeed,PSZ-AC_10:10 COOLING COIL,19860.6,,,13.42,13.42,


Zone Surfaces

,,Zone Name,# Surfaces
,1,LGSTORE1,15
,2,SMSTORE1,11
,3,SMSTORE2,11
,4,SMSTORE3,11
,5,SMSTORE4,11
,6,LGSTORE2,15
,7,SMSTORE5,11
,8,SMSTORE6,11
,9,SMSTORE7,11
,10,SMSTORE8,11


HeatTransfer Surface

,,Surface Name,Surface Class,Base Surface,Heat Transfer Algorithm,Construction,Nominal U (w/o film coefs) {W/m2-K},Nominal U (with film coefs) {W/m2-K},Solar Diffusing,Area (Net) {m2},Area (Gross) {m2},Area (Sunlit Calc) {m2},Azimuth {deg},Tilt {deg},~Width {m},~Height {m},Reveal {m},ExtBoundCondition,ExtConvCoeffCalc,IntConvCoeffCalc,SunExposure,WindExposure,ViewFactorToGround,ViewFactorToSky,ViewFactorToGround-IR,ViewFactorToSky-IR,#Sides
,1,LGSTORE1_WALL_2,Wall,,CTF - ConductionTransferFunction,NONRES_EXT_WALL_GRD,0.540,0.499,,118.41,118.41,118.41,270.00,90.00,22.86,5.18,0.00,ExternalEnvironment,ASHRAETARP,ASHRAETARP,SunExposed,WindExposed,0.50,0.50,0.50,0.50,4
,2,LGSTORE1_WALL_3,Wall,,CTF - ConductionTransferFunction,NONRES_EXT_WALL_GRD,0.540,0.499,,71.15,78.94,71.15,0.00,90.00,15.24,5.18,0.00,ExternalEnvironment,ASHRAETARP,ASHRAETARP,SunExposed,WindExposed,0.50,0.50,0.50,0.50,4
,3,LGSTORE1_WALL_3_DOOR_1,Door,LGSTORE1_WALL_3,CTF - ConductionTransferFunction,SWINGING DOOR_CON,2.101,2.101,,3.90,3.90,3.90,0.00,90.00,1.83,2.13,0.00,ExternalEnvironment,ASHRAETARP,ASHRAETARP,SunExposed,WindExposed,0.50,0.50,0.50,0.50,4
,4,LGSTORE1_WALL_3_DOOR_2,Door,LGSTORE1_WALL_3,CTF - ConductionTransferFunction,SWINGING DOOR_CON,2.101,2.101,,3.90,3.90,3.90,0.00,90.00,1.83,2.13,0.00,ExternalEnvironment,ASHRAETARP,ASHRAETARP,SunExposed,WindExposed,0.50,0.50,0.50,0.50,4
,5,LGSTORE1_WALL_4,Wall,,CTF - ConductionTransferFunction,INT_WALL,6.299,3.242,,118.41,118.41,118.41,90.00,90.00,22.86,5.18,0.00,SMSTORE1_WALL_2,Other/Same Surface Int Conv,ASHRAETARP,NoSun,NoWind,0.50,0.50,0.50,0.50,4
,6,LGSTORE1_WALL_1,Wall,,CTF - ConductionTransferFunction,NONRES_EXT_WALL_GRD,0.540,0.499,,58.18,78.94,58.18,180.00,90.00,15.24,5.18,0.00,ExternalEnvironment,ASHRAETARP,ASHRAETARP,SunExposed,WindExposed,0.50,0.50,0.50,0.50,4
,7,LGSTORE1_WALL_1_WINDOW_1,Window,LGSTORE1_WALL_1,Window5 Detailed Fenestration,NONRESWINDOW_U_0.362_SHGC_0.379,N/A,2.502,No,3.24,3.24,3.24,180.00,90.00,2.13,1.52,0.00,ExternalEnvironment,ASHRAETARP,ASHRAETARP,SunExposed,WindExposed,0.50,0.50,0.50,0.50,4
,8,LGSTORE1_WALL_1_WINDOW_2,Window,LGSTORE1_WALL_1,Window5 Detailed Fenestration,NONRESWINDOW_U_0.362_SHGC_0.379,N/A,2.502,No,3.24,3.24,3.24,180.00,90.00,2.13,1.52,0.00,ExternalEnvironment,ASHRAETARP,ASHRAETARP,SunExposed,WindExposed,0.50,0.50,0.50,0.50,4
,9,LGSTORE1_WALL_1_WINDOW_3,Window,LGSTORE1_WALL_1,Window5 Detailed Fenestration,NONRESWINDOW_U_0.362_SHGC_0.379,N/A,2.502,No,3.24,3.24,3.24,180.00,90.00,2.13,1.52,0.00,ExternalEnvironment,ASHRAETARP,ASHRAETARP,SunExposed,WindExposed,0.50,0.50,0.50,0.50,4
,10,LGSTORE1_WALL_1_WINDOW_4,Window,LGSTORE1_WALL_1,Window5 Detailed Fenestration,NONRESWINDOW_U_0.362_SHGC_0.379,N/A,2.502,No,3.24,3.24,3.24,180.00,90.00,2.13,1.52,0.00,ExternalEnvironment,ASHRAETARP,ASHRAETARP,SunExposed,WindExposed,0.50,0.50,0.50,0.50,4
,11,LGSTORE1_WALL_1_DOOR_1,Window,LGSTORE1_WALL_1,Window5 Detailed Fenestration,NONRESWINDOW_U_0.362_SHGC_0.379,N/A,2.502,No,3.90,3.90,3.90,180.00,90.00,1.83,2.13,0.00,ExternalEnvironment,ASHRAETARP,ASHRAETARP,SunExposed,WindExposed,0.50,0.50,0.50,0.50,4
,12,LGSTORE1_WALL_1_DOOR_2,Window,LGSTORE1_WALL_1,Window5 Detailed Fenestration,NONRESWINDOW_U_0.362_SHGC_0.379,N/A,2.502,No,3.90,3.90,3.90,180.00,90.00,1.83,2.13,0.00,ExternalEnvironment,ASHRAETARP,ASHRAETARP,SunExposed,WindExposed,0.50,0.50,0.50,0.50,4
,13,LGSTORE1_FLOOR,Floor,,CTF - ConductionTransferFunction,LGSTORE1_FLOOR_FFACTOR,0.141,0.136,,348.39,348.39,348.39,270.00,180.00,22.86,15.24,0.00,FCGround,N/A-FCGround,ASHRAETARP,NoSun,NoWind,1.00,0.00,1.00,0.00,4
,14,LGSTORE1_ROOF,Roof,,CTF - ConductionTransferFunction,NONRES_ROOF,0.186,0.180,,348.39,348.39,348.39,270.00,0.00,22.86,15.24,0.00,ExternalEnvironment,ASHRAETARP,ASHRAETARP,SunExposed,WindExposed,0.00,1.00,0.00,1.00,4
,15,LGSTORE1_INTERNALMASS_1,Internal Mass,,CTF - ConductionTransferFunction,INTERIORFURNISHINGS,0.800,0.800,,696.77,696.77,696.77,0.00,90.00,696.77,1.00,0.00,LGSTORE1_INTERNALMASS_1,Other/Same Surface Int Conv,ASHRAETARP,NoSun,NoWind,0.00,0.50,1.00,0.00,0
,16,SMSTORE1_WALL_1,Wall,,CTF - ConductionTransferFunction,NONRES_EXT_WALL_GRD,0.540,0.499,,29.09,39.47,29.09,180.00,90.00,7.62,5.18,0.00,ExternalEnvironment,ASHRAETARP,ASHRAETARP,SunExposed,WindExposed,0.50,0.50,0.50,0.50,4
,17,SMSTORE1_WALL_1_WINDOW_1,Window,SMSTORE1_WALL_1,Window5 Detailed Fenestration,NONRESWINDOW_U_0.362_SHGC_0.379,N/A,2.502,No,3.24,3.24,3.24,180.00,90.00,2.13,1.52,0.00,ExternalEnvironment,ASHRAETARP,ASHRAETARP,SunExposed,WindExposed,0.50,0.50,0.50,0.50,4
,18,SMSTORE1_WALL_1_WINDOW_2,Window,SMSTORE1_WALL_1,Window5 Detailed Fenestration,NONRESWINDOW_U_0.362_SHGC_0.379,N/A,2.502,No,3.24,3.24,3.24,180.00,90.00,2.13,1.52,0.00,ExternalEnvironment,ASHRAETARP,ASHRAETARP,SunExposed,WindExposed,0.50,0.50,0.50,0.50,4
,19,SMSTORE1_WALL_1_DOOR,Window,SMSTORE1_WALL_1,Window5 Detailed Fenestration,NONRESWINDOW_U_0.362_SHGC_0.379,N/A,2.502,No,3.90,3.90,3.90,180.00,90.00,1.83,2.13,0.00,ExternalEnvironment,ASHRAETARP,ASHRAETARP,SunExposed,WindExposed,0.50,0.50,0.50,0.50,4
,20,SMSTORE1_WALL_2,Wall,,CTF - ConductionTransferFunction,INT_WALL,6.299,3.242,,118.41,118.41,118.41,270.00,90.00,22.86,5.18,0.00,LGSTORE1_WALL_4,Other/Same Surface Int Conv,ASHRAETARP,NoSun,NoWind,0.50,0.50,0.50,0.50,4
,21,SMSTORE1_WALL_3,Wall,,CTF - ConductionTransferFunction,NONRES_EXT_WALL_GRD,0.540,0.499,,35.57,39.47,35.57,0.00,90.00,7.62,5.18,0.00,ExternalEnvironment,ASHRAETARP,ASHRAETARP,SunExposed,WindExposed,0.50,0.50,0.50,0.50,4
,22,SMSTORE1_WALL_3_DOOR,Door,SMSTORE1_WALL_3,CTF - ConductionTransferFunction,SWINGING DOOR_CON,2.101,2.101,,3.90,3.90,3.90,0.00,90.00,1.83,2.13,0.00,ExternalEnvironment,ASHRAETARP,ASHRAETARP,SunExposed,WindExposed,0.50,0.50,0.50,0.50,4
,23,SMSTORE1_WALL_4,Wall,,CTF - ConductionTransferFunction,INT_WALL,6.299,3.242,,118.41,118.41,118.41,90.00,90.00,22.86,5.18,0.00,SMSTORE2_WALL_2,Other/Same Surface Int Conv,ASHRAETARP,NoSun,NoWind,0.50,0.50,0.50,0.50,4
,24,SMSTORE1_FLOOR,Floor,,CTF - ConductionTransferFunction,SMSTORE1_FLOOR_FFACTOR,7.972E-002,7.821E-002,,174.19,174.19,174.19,270.00,180.00,22.86,7.62,0.00,FCGround,N/A-FCGround,ASHRAETARP,NoSun,NoWind,1.00,0.00,1.00,0.00,4
,25,SMSTORE1_ROOF,Roof,,CTF - ConductionTransferFunction,NONRES_ROOF,0.186,0.180,,174.19,174.19,174.19,270.00,0.00,22.86,7.62,0.00,ExternalEnvironment,ASHRAETARP,ASHRAETARP,SunExposed,WindExposed,0.00,1.00,0.00,1.00,4
,26,SMSTORE1_INTERNALMASS_1,Internal Mass,,CTF - ConductionTransferFunction,INTERIORFURNISHINGS,0.800,0.800,,348.39,348.39,348.39,0.00,90.00,348.39,1.00,0.00,SMSTORE1_INTERNALMASS_1,Other/Same Surface Int Conv,ASHRAETARP,NoSun,NoWind,0.00,0.50,1.00,0.00,0
,27,SMSTORE2_WALL_1,Wall,,CTF - ConductionTransferFunction,NONRES_EXT_WALL_GRD,0.540,0.499,,29.11,39.47,29.11,180.00,90.00,7.62,5.18,0.00,ExternalEnvironment,ASHRAETARP,ASHRAETARP,SunExposed,WindExposed,0.50,0.50,0.50,0.50,4
,28,SMSTORE2_WALL_1_WINDOW_1,Window,SMSTORE2_WALL_1,Window5 Detailed Fenestration,NONRESWINDOW_U_0.362_SHGC_0.379,N/A,2.502,No,3.24,3.24,3.24,180.00,90.00,2.13,1.52,0.00,ExternalEnvironment,ASHRAETARP,ASHRAETARP,SunExposed,WindExposed,0.50,0.50,0.50,0.50,4
,29,SMSTORE2_WALL_1_WINDOW_2,Window,SMSTORE2_WALL_1,Window5 Detailed Fenestration,NONRESWINDOW_U_0.362_SHGC_0.379,N/A,2.502,No,3.24,3.24,3.24,180.00,90.00,2.13,1.52,0.00,ExternalEnvironment,ASHRAETARP,ASHRAETARP,SunExposed,WindExposed,0.50,0.50,0.50,0.50,4
,30,SMSTORE2_WALL_1_DOOR,Window,SMSTORE2_WALL_1,Window5 Detailed Fenestration,NONRESWINDOW_U_0.362_SHGC_0.379,N/A,2.502,No,3.88,3.88,3.88,180.00,90.00,1.82,2.13,0.00,ExternalEnvironment,ASHRAETARP,ASHRAETARP,SunExposed,WindExposed,0.50,0.50,0.50,0.50,4
,31,SMSTORE2_WALL_2,Wall,,CTF - ConductionTransferFunction,INT_WALL,6.299,3.242,,118.41,118.41,118.41,270.00,90.00,22.86,5.18,0.00,SMSTORE1_WALL_4,Other/Same Surface Int Conv,ASHRAETARP,NoSun,NoWind,0.50,0.50,0.50,0.50,4
,32,SMSTORE2_WALL_3,Wall,,CTF - ConductionTransferFunction,NONRES_EXT_WALL_GRD,0.540,0.499,,35.60,39.47,35.60,0.00,90.00,7.62,5.18,0.00,ExternalEnvironment,ASHRAETARP,ASHRAETARP,SunExposed,WindExposed,0.50,0.50,0.50,0.50,4
,33,SMSTORE2_WALL_3_DOOR,Door,SMSTORE2_WALL_3,CTF - ConductionTransferFunction,SWINGING DOOR_CON,2.101,2.101,,3.88,3.88,3.88,0.00,90.00,1.82,2.13,0.00,ExternalEnvironment,ASHRAETARP,ASHRAETARP,SunExposed,WindExposed,0.50,0.50,0.50,0.50,4
,34,SMSTORE2_WALL_4,Wall,,CTF - ConductionTransferFunction,INT_WALL,6.299,3.242,,118.41,118.41,118.41,90.00,90.00,22.86,5.18,0.00,SMSTORE3_WALL_2,Other/Same Surface Int Conv,ASHRAETARP,NoSun,NoWind,0.50,0.50,0.50,0.50,4
,35,SMSTORE2_FLOOR,Floor,,CTF - ConductionTransferFunction,SMSTORE2_FLOOR_FFACTOR,7.972E-002,7.821E-002,,174.19,174.19,174.19,270.00,180.00,22.86,7.62,0.00,FCGround,N/A-FCGround,ASHRAETARP,NoSun,NoWind,1.00,0.00,1.00,0.00,4
,36,SMSTORE2_ROOF,Roof,,CTF - ConductionTransferFunction,NONRES_ROOF,0.186,0.180,,174.19,174.19,174.19,270.00,0.00,22.86,7.62,0.00,ExternalEnvironment,ASHRAETARP,ASHRAETARP,SunExposed,WindExposed,0.00,1.00,0.00,1.00,4
,37,SMSTORE2_INTERNALMASS_1,Internal Mass,,CTF - ConductionTransferFunction,INTERIORFURNISHINGS,0.800,0.800,,348.39,348.39,348.39,0.00,90.00,348.39,1.00,0.00,SMSTORE2_INTERNALMASS_1,Other/Same Surface Int Conv,ASHRAETARP,NoSun,NoWind,0.00,0.50,1.00,0.00,0
,38,SMSTORE3_WALL_1,Wall,,CTF - ConductionTransferFunction,NONRES_EXT_WALL_GRD,0.540,0.499,,29.11,39.47,29.11,180.00,90.00,7.62,5.18,0.00,ExternalEnvironment,ASHRAETARP,ASHRAETARP,SunExposed,WindExposed,0.50,0.50,0.50,0.50,4
,39,SMSTORE3_WALL_1_WINDOW_1,Window,SMSTORE3_WALL_1,Window5 Detailed Fenestration,NONRESWINDOW_U_0.362_SHGC_0.379,N/A,2.502,No,3.24,3.24,3.24,180.00,90.00,2.13,1.52,0.00,ExternalEnvironment,ASHRAETARP,ASHRAETARP,SunExposed,WindExposed,0.50,0.50,0.50,0.50,4
,40,SMSTORE3_WALL_1_WINDOW_2,Window,SMSTORE3_WALL_1,Window5 Detailed Fenestration,NONRESWINDOW_U_0.362_SHGC_0.379,N/A,2.502,No,3.24,3.24,3.24,180.00,90.00,2.13,1.52,0.00,ExternalEnvironment,ASHRAETARP,ASHRAETARP,SunExposed,WindExposed,0.50,0.50,0.50,0.50,4
,41,SMSTORE3_WALL_1_DOOR,Window,SMSTORE3_WALL_1,Window5 Detailed Fenestration,NONRESWINDOW_U_0.362_SHGC_0.379,N/A,2.502,No,3.88,3.88,3.88,180.00,90.00,1.82,2.13,0.00,ExternalEnvironment,ASHRAETARP,ASHRAETARP,SunExposed,WindExposed,0.50,0.50,0.50,0.50,4
,42,SMSTORE3_WALL_2,Wall,,CTF - ConductionTransferFunction,INT_WALL,6.299,3.242,,118.41,118.41,118.41,270.00,90.00,22.86,5.18,0.00,SMSTORE2_WALL_4,Other/Same Surface Int Conv,ASHRAETARP,NoSun,NoWind,0.50,0.50,0.50,0.50,4
,43,SMSTORE3_WALL_3,Wall,,CTF - ConductionTransferFunction,NONRES_EXT_WALL_GRD,0.540,0.499,,35.60,39.47,35.60,0.00,90.00,7.62,5.18,0.00,ExternalEnvironment,ASHRAETARP,ASHRAETARP,SunExposed,WindExposed,0.50,0.50,0.50,0.50,4
,44,SMSTORE3_WALL_3_DOOR,Door,SMSTORE3_WALL_3,CTF - ConductionTransferFunction,SWINGING DOOR_CON,2.101,2.101,,3.88,3.88,3.88,0.00,90.00,1.82,2.13,0.00,ExternalEnvironment,ASHRAETARP,ASHRAETARP,SunExposed,WindExposed,0.50,0.50,0.50,0.50,4
,45,SMSTORE3_WALL_4,Wall,,CTF - ConductionTransferFunction,INT_WALL,6.299,3.242,,118.41,118.41,118.41,90.00,90.00,22.86,5.18,0.00,SMSTORE4_WALL_2,Other/Same Surface Int Conv,ASHRAETARP,NoSun,NoWind,0.50,0.50,0.50,0.50,4
,46,SMSTORE3_FLOOR,Floor,,CTF - ConductionTransferFunction,SMSTORE3_FLOOR_FFACTOR,7.972E-002,7.821E-002,,174.19,174.19,174.19,270.00,180.00,22.86,7.62,0.00,FCGround,N/A-FCGround,ASHRAETARP,NoSun,NoWind,1.00,0.00,1.00,0.00,4
,47,SMSTORE3_ROOF,Roof,,CTF - ConductionTransferFunction,NONRES_ROOF,0.186,0.180,,174.19,174.19,174.19,270.00,0.00,22.86,7.62,0.00,ExternalEnvironment,ASHRAETARP,ASHRAETARP,SunExposed,WindExposed,0.00,1.00,0.00,1.00,4
,48,SMSTORE3_INTERNALMASS_1,Internal Mass,,CTF - ConductionTransferFunction,INTERIORFURNISHINGS,0.800,0.800,,348.39,348.39,348.39,0.00,90.00,348.39,1.00,0.00,SMSTORE3_INTERNALMASS_1,Other/Same Surface Int Conv,ASHRAETARP,NoSun,NoWind,0.00,0.50,1.00,0.00,0
,49,SMSTORE4_WALL_1,Wall,,CTF - ConductionTransferFunction,NONRES_EXT_WALL_GRD,0.540,0.499,,29.11,39.47,29.11,180.00,90.00,7.62,5.18,0.00,ExternalEnvironment,ASHRAETARP,ASHRAETARP,SunExposed,WindExposed,0.50,0.50,0.50,0.50,4
,50,SMSTORE4_WALL_1_WINDOW_1,Window,SMSTORE4_WALL_1,Window5 Detailed Fenestration,NONRESWINDOW_U_0.362_SHGC_0.379,N/A,2.502,No,3.24,3.24,3.24,180.00,90.00,2.13,1.52,0.00,ExternalEnvironment,ASHRAETARP,ASHRAETARP,SunExposed,WindExposed,0.50,0.50,0.50,0.50,4
,51,SMSTORE4_WALL_1_WINDOW_2,Window,SMSTORE4_WALL_1,Window5 Detailed Fenestration,NONRESWINDOW_U_0.362_SHGC_0.379,N/A,2.502,No,3.24,3.24,3.24,180.00,90.00,2.13,1.52,0.00,ExternalEnvironment,ASHRAETARP,ASHRAETARP,SunExposed,WindExposed,0.50,0.50,0.50,0.50,4
,52,SMSTORE4_WALL_1_DOOR,Window,SMSTORE4_WALL_1,Window5 Detailed Fenestration,NONRESWINDOW_U_0.362_SHGC_0.379,N/A,2.502,No,3.88,3.88,3.88,180.00,90.00,1.82,2.13,0.00,ExternalEnvironment,ASHRAETARP,ASHRAETARP,SunExposed,WindExposed,0.50,0.50,0.50,0.50,4
,53,SMSTORE4_WALL_2,Wall,,CTF - ConductionTransferFunction,INT_WALL,6.299,3.242,,118.41,118.41,118.41,270.00,90.00,22.86,5.18,0.00,SMSTORE3_WALL_4,Other/Same Surface Int Conv,ASHRAETARP,NoSun,NoWind,0.50,0.50,0.50,0.50,4
,54,SMSTORE4_WALL_3,Wall,,CTF - ConductionTransferFunction,NONRES_EXT_WALL_GRD,0.540,0.499,,35.60,39.47,35.60,0.00,90.00,7.62,5.18,0.00,ExternalEnvironment,ASHRAETARP,ASHRAETARP,SunExposed,WindExposed,0.50,0.50,0.50,0.50,4
,55,SMSTORE4_WALL_3_DOOR,Door,SMSTORE4_WALL_3,CTF - ConductionTransferFunction,SWINGING DOOR_CON,2.101,2.101,,3.88,3.88,3.88,0.00,90.00,1.82,2.13,0.00,ExternalEnvironment,ASHRAETARP,ASHRAETARP,SunExposed,WindExposed,0.50,0.50,0.50,0.50,4
,56,SMSTORE4_WALL_4,Wall,,CTF - ConductionTransferFunction,INT_WALL,6.299,3.242,,118.41,118.41,118.41,90.00,90.00,22.86,5.18,0.00,LGSTORE2_WALL_2,Other/Same Surface Int Conv,ASHRAETARP,NoSun,NoWind,0.50,0.50,0.50,0.50,4
,57,SMSTORE4_FLOOR,Floor,,CTF - ConductionTransferFunction,SMSTORE4_FLOOR_FFACTOR,7.972E-002,7.821E-002,,174.19,174.19,174.19,270.00,180.00,22.86,7.62,0.00,FCGround,N/A-FCGround,ASHRAETARP,NoSun,NoWind,1.00,0.00,1.00,0.00,4
,58,SMSTORE4_ROOF,Roof,,CTF - ConductionTransferFunction,NONRES_ROOF,0.186,0.180,,174.19,174.19,174.19,270.00,0.00,22.86,7.62,0.00,ExternalEnvironment,ASHRAETARP,ASHRAETARP,SunExposed,WindExposed,0.00,1.00,0.00,1.00,4
,59,SMSTORE4_INTERNALMASS_1,Internal Mass,,CTF - ConductionTransferFunction,INTERIORFURNISHINGS,0.800,0.800,,348.39,348.39,348.39,0.00,90.00,348.39,1.00,0.00,SMSTORE4_INTERNALMASS_1,Other/Same Surface Int Conv,ASHRAETARP,NoSun,NoWind,0.00,0.50,1.00,0.00,0
,60,LGSTORE2_WALL_2,Wall,,CTF - ConductionTransferFunction,INT_WALL,6.299,3.242,,118.41,118.41,118.41,270.00,90.00,22.86,5.18,0.00,SMSTORE4_WALL_4,Other/Same Surface Int Conv,ASHRAETARP,NoSun,NoWind,0.50,0.50,0.50,0.50,4
,61,LGSTORE2_WALL_3,Wall,,CTF - ConductionTransferFunction,NONRES_EXT_WALL_GRD,0.540,0.499,,71.19,78.94,71.19,0.00,90.00,15.24,5.18,0.00,ExternalEnvironment,ASHRAETARP,ASHRAETARP,SunExposed,WindExposed,0.50,0.50,0.50,0.50,4
,62,LGSTORE2_WALL_3_DOOR_1,Door,LGSTORE2_WALL_3,CTF - ConductionTransferFunction,SWINGING DOOR_CON,2.101,2.101,,3.88,3.88,3.88,0.00,90.00,1.82,2.13,0.00,ExternalEnvironment,ASHRAETARP,ASHRAETARP,SunExposed,WindExposed,0.50,0.50,0.50,0.50,4
,63,LGSTORE2_WALL_3_DOOR_2,Door,LGSTORE2_WALL_3,CTF - ConductionTransferFunction,SWINGING DOOR_CON,2.101,2.101,,3.88,3.88,3.88,0.00,90.00,1.82,2.13,0.00,ExternalEnvironment,ASHRAETARP,ASHRAETARP,SunExposed,WindExposed,0.50,0.50,0.50,0.50,4
,64,LGSTORE2_WALL_4,Wall,,CTF - ConductionTransferFunction,INT_WALL,6.299,3.242,,118.41,118.41,118.41,90.00,90.00,22.86,5.18,0.00,SMSTORE5_WALL_2,Other/Same Surface Int Conv,ASHRAETARP,NoSun,NoWind,0.50,0.50,0.50,0.50,4
,65,LGSTORE2_WALL_1,Wall,,CTF - ConductionTransferFunction,NONRES_EXT_WALL_GRD,0.540,0.499,,58.22,78.94,58.22,180.00,90.00,15.24,5.18,0.00,ExternalEnvironment,ASHRAETARP,ASHRAETARP,SunExposed,WindExposed,0.50,0.50,0.50,0.50,4
,66,LGSTORE2_WALL_1_WINDOW_1,Window,LGSTORE2_WALL_1,Window5 Detailed Fenestration,NONRESWINDOW_U_0.362_SHGC_0.379,N/A,2.502,No,3.24,3.24,3.24,180.00,90.00,2.13,1.52,0.00,ExternalEnvironment,ASHRAETARP,ASHRAETARP,SunExposed,WindExposed,0.50,0.50,0.50,0.50,4
,67,LGSTORE2_WALL_1_WINDOW_2,Window,LGSTORE2_WALL_1,Window5 Detailed Fenestration,NONRESWINDOW_U_0.362_SHGC_0.379,N/A,2.502,No,3.24,3.24,3.24,180.00,90.00,2.13,1.52,0.00,ExternalEnvironment,ASHRAETARP,ASHRAETARP,SunExposed,WindExposed,0.50,0.50,0.50,0.50,4
,68,LGSTORE2_WALL_1_WINDOW_3,Window,LGSTORE2_WALL_1,Window5 Detailed Fenestration,NONRESWINDOW_U_0.362_SHGC_0.379,N/A,2.502,No,3.24,3.24,3.24,180.00,90.00,2.13,1.52,0.00,ExternalEnvironment,ASHRAETARP,ASHRAETARP,SunExposed,WindExposed,0.50,0.50,0.50,0.50,4
,69,LGSTORE2_WALL_1_WINDOW_4,Window,LGSTORE2_WALL_1,Window5 Detailed Fenestration,NONRESWINDOW_U_0.362_SHGC_0.379,N/A,2.502,No,3.24,3.24,3.24,180.00,90.00,2.13,1.52,0.00,ExternalEnvironment,ASHRAETARP,ASHRAETARP,SunExposed,WindExposed,0.50,0.50,0.50,0.50,4
,70,LGSTORE2_WALL_1_DOOR_1,Window,LGSTORE2_WALL_1,Window5 Detailed Fenestration,NONRESWINDOW_U_0.362_SHGC_0.379,N/A,2.502,No,3.88,3.88,3.88,180.00,90.00,1.82,2.13,0.00,ExternalEnvironment,ASHRAETARP,ASHRAETARP,SunExposed,WindExposed,0.50,0.50,0.50,0.50,4
,71,LGSTORE2_WALL_1_DOOR_2,Window,LGSTORE2_WALL_1,Window5 Detailed Fenestration,NONRESWINDOW_U_0.362_SHGC_0.379,N/A,2.502,No,3.88,3.88,3.88,180.00,90.00,1.82,2.13,0.00,ExternalEnvironment,ASHRAETARP,ASHRAETARP,SunExposed,WindExposed,0.50,0.50,0.50,0.50,4
,72,LGSTORE2_FLOOR,Floor,,CTF - ConductionTransferFunction,LGSTORE2_FLOOR_FFACTOR,7.972E-002,7.821E-002,,348.39,348.39,348.39,270.00,180.00,22.86,15.24,0.00,FCGround,N/A-FCGround,ASHRAETARP,NoSun,NoWind,1.00,0.00,1.00,0.00,4
,73,LGSTORE2_ROOF,Roof,,CTF - ConductionTransferFunction,NONRES_ROOF,0.186,0.180,,348.39,348.39,348.39,270.00,0.00,22.86,15.24,0.00,ExternalEnvironment,ASHRAETARP,ASHRAETARP,SunExposed,WindExposed,0.00,1.00,0.00,1.00,4
,74,LGSTORE2_INTERNALMASS_1,Internal Mass,,CTF - ConductionTransferFunction,INTERIORFURNISHINGS,0.800,0.800,,696.77,696.77,696.77,0.00,90.00,696.77,1.00,0.00,LGSTORE2_INTERNALMASS_1,Other/Same Surface Int Conv,ASHRAETARP,NoSun,NoWind,0.00,0.50,1.00,0.00,0
,75,SMSTORE5_WALL_1,Wall,,CTF - ConductionTransferFunction,NONRES_EXT_WALL_GRD,0.540,0.499,,29.11,39.47,29.11,180.00,90.00,7.62,5.18,0.00,ExternalEnvironment,ASHRAETARP,ASHRAETARP,SunExposed,WindExposed,0.50,0.50,0.50,0.50,4
,76,SMSTORE5_WALL_1_WINDOW_1,Window,SMSTORE5_WALL_1,Window5 Detailed Fenestration,NONRESWINDOW_U_0.362_SHGC_0.379,N/A,2.502,No,3.24,3.24,3.24,180.00,90.00,2.13,1.52,0.00,ExternalEnvironment,ASHRAETARP,ASHRAETARP,SunExposed,WindExposed,0.50,0.50,0.50,0.50,4
,77,SMSTORE5_WALL_1_WINDOW_2,Window,SMSTORE5_WALL_1,Window5 Detailed Fenestration,NONRESWINDOW_U_0.362_SHGC_0.379,N/A,2.502,No,3.24,3.24,3.24,180.00,90.00,2.13,1.52,0.00,ExternalEnvironment,ASHRAETARP,ASHRAETARP,SunExposed,WindExposed,0.50,0.50,0.50,0.50,4
,78,SMSTORE5_WALL_1_DOOR,Window,SMSTORE5_WALL_1,Window5 Detailed Fenestration,NONRESWINDOW_U_0.362_SHGC_0.379,N/A,2.502,No,3.88,3.88,3.88,180.00,90.00,1.82,2.13,0.00,ExternalEnvironment,ASHRAETARP,ASHRAETARP,SunExposed,WindExposed,0.50,0.50,0.50,0.50,4
,79,SMSTORE5_WALL_2,Wall,,CTF - ConductionTransferFunction,INT_WALL,6.299,3.242,,118.41,118.41,118.41,270.00,90.00,22.86,5.18,0.00,LGSTORE2_WALL_4,Other/Same Surface Int Conv,ASHRAETARP,NoSun,NoWind,0.50,0.50,0.50,0.50,4
,80,SMSTORE5_WALL_3,Wall,,CTF - ConductionTransferFunction,NONRES_EXT_WALL_GRD,0.540,0.499,,35.59,39.47,35.59,0.00,90.00,7.62,5.18,0.00,ExternalEnvironment,ASHRAETARP,ASHRAETARP,SunExposed,WindExposed,0.50,0.50,0.50,0.50,4
,81,SMSTORE5_WALL_3_DOOR,Door,SMSTORE5_WALL_3,CTF - ConductionTransferFunction,SWINGING DOOR_CON,2.101,2.101,,3.88,3.88,3.88,0.00,90.00,1.82,2.13,0.00,ExternalEnvironment,ASHRAETARP,ASHRAETARP,SunExposed,WindExposed,0.50,0.50,0.50,0.50,4
,82,SMSTORE5_WALL_4,Wall,,CTF - ConductionTransferFunction,INT_WALL,6.299,3.242,,118.41,118.41,118.41,90.00,90.00,22.86,5.18,0.00,SMSTORE6_WALL_2,Other/Same Surface Int Conv,ASHRAETARP,NoSun,NoWind,0.50,0.50,0.50,0.50,4
,83,SMSTORE5_FLOOR,Floor,,CTF - ConductionTransferFunction,SMSTORE5_FLOOR_FFACTOR,7.972E-002,7.821E-002,,174.19,174.19,174.19,270.00,180.00,22.86,7.62,0.00,FCGround,N/A-FCGround,ASHRAETARP,NoSun,NoWind,1.00,0.00,1.00,0.00,4
,84,SMSTORE5_ROOF,Roof,,CTF - ConductionTransferFunction,NONRES_ROOF,0.186,0.180,,174.19,174.19,174.19,270.00,0.00,22.86,7.62,0.00,ExternalEnvironment,ASHRAETARP,ASHRAETARP,SunExposed,WindExposed,0.00,1.00,0.00,1.00,4
,85,SMSTORE5_INTERNALMASS_1,Internal Mass,,CTF - ConductionTransferFunction,INTERIORFURNISHINGS,0.800,0.800,,348.39,348.39,348.39,0.00,90.00,348.39,1.00,0.00,SMSTORE5_INTERNALMASS_1,Other/Same Surface Int Conv,ASHRAETARP,NoSun,NoWind,0.00,0.50,1.00,0.00,0
,86,SMSTORE6_WALL_1,Wall,,CTF - ConductionTransferFunction,NONRES_EXT_WALL_GRD,0.540,0.499,,29.11,39.47,29.11,180.00,90.00,7.62,5.18,0.00,ExternalEnvironment,ASHRAETARP,ASHRAETARP,SunExposed,WindExposed,0.50,0.50,0.50,0.50,4
,87,SMSTORE6_WALL_1_WINDOW_1,Window,SMSTORE6_WALL_1,Window5 Detailed Fenestration,NONRESWINDOW_U_0.362_SHGC_0.379,N/A,2.502,No,3.24,3.24,3.24,180.00,90.00,2.13,1.52,0.00,ExternalEnvironment,ASHRAETARP,ASHRAETARP,SunExposed,WindExposed,0.50,0.50,0.50,0.50,4
,88,SMSTORE6_WALL_1_WINDOW_2,Window,SMSTORE6_WALL_1,Window5 Detailed Fenestration,NONRESWINDOW_U_0.362_SHGC_0.379,N/A,2.502,No,3.24,3.24,3.24,180.00,90.00,2.13,1.52,0.00,ExternalEnvironment,ASHRAETARP,ASHRAETARP,SunExposed,WindExposed,0.50,0.50,0.50,0.50,4
,89,SMSTORE6_WALL_1_DOOR,Window,SMSTORE6_WALL_1,Window5 Detailed Fenestration,NONRESWINDOW_U_0.362_SHGC_0.379,N/A,2.502,No,3.88,3.88,3.88,180.00,90.00,1.82,2.13,0.00,ExternalEnvironment,ASHRAETARP,ASHRAETARP,SunExposed,WindExposed,0.50,0.50,0.50,0.50,4
,90,SMSTORE6_WALL_2,Wall,,CTF - ConductionTransferFunction,INT_WALL,6.299,3.242,,118.41,118.41,118.41,270.00,90.00,22.86,5.18,0.00,SMSTORE5_WALL_4,Other/Same Surface Int Conv,ASHRAETARP,NoSun,NoWind,0.50,0.50,0.50,0.50,4
,91,SMSTORE6_WALL_3,Wall,,CTF - ConductionTransferFunction,NONRES_EXT_WALL_GRD,0.540,0.499,,35.60,39.47,35.60,0.00,90.00,7.62,5.18,0.00,ExternalEnvironment,ASHRAETARP,ASHRAETARP,SunExposed,WindExposed,0.50,0.50,0.50,0.50,4
,92,SMSTORE6_WALL_3_DOOR,Door,SMSTORE6_WALL_3,CTF - ConductionTransferFunction,SWINGING DOOR_CON,2.101,2.101,,3.88,3.88,3.88,0.00,90.00,1.82,2.13,0.00,ExternalEnvironment,ASHRAETARP,ASHRAETARP,SunExposed,WindExposed,0.50,0.50,0.50,0.50,4
,93,SMSTORE6_WALL_4,Wall,,CTF - ConductionTransferFunction,INT_WALL,6.299,3.242,,118.41,118.41,118.41,90.00,90.00,22.86,5.18,0.00,SMSTORE7_WALL_2,Other/Same Surface Int Conv,ASHRAETARP,NoSun,NoWind,0.50,0.50,0.50,0.50,4
,94,SMSTORE6_FLOOR,Floor,,CTF - ConductionTransferFunction,SMSTORE6_FLOOR_FFACTOR,7.972E-002,7.821E-002,,174.19,174.19,174.19,270.00,180.00,22.86,7.62,0.00,FCGround,N/A-FCGround,ASHRAETARP,NoSun,NoWind,1.00,0.00,1.00,0.00,4
,95,SMSTORE6_ROOF,Roof,,CTF - ConductionTransferFunction,NONRES_ROOF,0.186,0.180,,174.19,174.19,174.19,270.00,0.00,22.86,7.62,0.00,ExternalEnvironment,ASHRAETARP,ASHRAETARP,SunExposed,WindExposed,0.00,1.00,0.00,1.00,4
,96,SMSTORE6_INTERNALMASS_1,Internal Mass,,CTF - ConductionTransferFunction,INTERIORFURNISHINGS,0.800,0.800,,348.39,348.39,348.39,0.00,90.00,348.39,1.00,0.00,SMSTORE6_INTERNALMASS_1,Other/Same Surface Int Conv,ASHRAETARP,NoSun,NoWind,0.00,0.50,1.00,0.00,0
,97,SMSTORE7_WALL_1,Wall,,CTF - ConductionTransferFunction,NONRES_EXT_WALL_GRD,0.540,0.499,,29.11,39.47,29.11,180.00,90.00,7.62,5.18,0.00,ExternalEnvironment,ASHRAETARP,ASHRAETARP,SunExposed,WindExposed,0.50,0.50,0.50,0.50,4
,98,SMSTORE7_WALL_1_WINDOW_1,Window,SMSTORE7_WALL_1,Window5 Detailed Fenestration,NONRESWINDOW_U_0.362_SHGC_0.379,N/A,2.502,No,3.24,3.24,3.24,180.00,90.00,2.13,1.52,0.00,ExternalEnvironment,ASHRAETARP,ASHRAETARP,SunExposed,WindExposed,0.50,0.50,0.50,0.50,4
,99,SMSTORE7_WALL_1_WINDOW_2,Window,SMSTORE7_WALL_1,Window5 Detailed Fenestration,NONRESWINDOW_U_0.362_SHGC_0.379,N/A,2.502,No,3.24,3.24,3.24,180.00,90.00,2.13,1.52,0.00,ExternalEnvironment,ASHRAETARP,ASHRAETARP,SunExposed,WindExposed,0.50,0.50,0.50,0.50,4
,100,SMSTORE7_WALL_1_DOOR,Window,SMSTORE7_WALL_1,Window5 Detailed Fenestration,NONRESWINDOW_U_0.362_SHGC_0.379,N/A,2.502,No,3.88,3.88,3.88,180.00,90.00,1.82,2.13,0.00,ExternalEnvironment,ASHRAETARP,ASHRAETARP,SunExposed,WindExposed,0.50,0.50,0.50,0.50,4
,101,SMSTORE7_WALL_2,Wall,,CTF - ConductionTransferFunction,INT_WALL,6.299,3.242,,118.41,118.41,118.41,270.00,90.00,22.86,5.18,0.00,SMSTORE6_WALL_4,Other/Same Surface Int Conv,ASHRAETARP,NoSun,NoWind,0.50,0.50,0.50,0.50,4
,102,SMSTORE7_WALL_3,Wall,,CTF - ConductionTransferFunction,NONRES_EXT_WALL_GRD,0.540,0.499,,35.59,39.47,35.59,0.00,90.00,7.62,5.18,0.00,ExternalEnvironment,ASHRAETARP,ASHRAETARP,SunExposed,WindExposed,0.50,0.50,0.50,0.50,4
,103,SMSTORE7_WALL_3_DOOR,Door,SMSTORE7_WALL_3,CTF - ConductionTransferFunction,SWINGING DOOR_CON,2.101,2.101,,3.88,3.88,3.88,0.00,90.00,1.82,2.13,0.00,ExternalEnvironment,ASHRAETARP,ASHRAETARP,SunExposed,WindExposed,0.50,0.50,0.50,0.50,4
,104,SMSTORE7_WALL_4,Wall,,CTF - ConductionTransferFunction,INT_WALL,6.299,3.242,,118.41,118.41,118.41,90.00,90.00,22.86,5.18,0.00,SMSTORE8_WALL_2,Other/Same Surface Int Conv,ASHRAETARP,NoSun,NoWind,0.50,0.50,0.50,0.50,4
,105,SMSTORE7_FLOOR,Floor,,CTF - ConductionTransferFunction,SMSTORE7_FLOOR_FFACTOR,7.972E-002,7.821E-002,,174.19,174.19,174.19,270.00,180.00,22.86,7.62,0.00,FCGround,N/A-FCGround,ASHRAETARP,NoSun,NoWind,1.00,0.00,1.00,0.00,4
,106,SMSTORE7_ROOF,Roof,,CTF - ConductionTransferFunction,NONRES_ROOF,0.186,0.180,,174.19,174.19,174.19,270.00,0.00,22.86,7.62,0.00,ExternalEnvironment,ASHRAETARP,ASHRAETARP,SunExposed,WindExposed,0.00,1.00,0.00,1.00,4
,107,SMSTORE7_INTERNALMASS_1,Internal Mass,,CTF - ConductionTransferFunction,INTERIORFURNISHINGS,0.800,0.800,,348.39,348.39,348.39,0.00,90.00,348.39,1.00,0.00,SMSTORE7_INTERNALMASS_1,Other/Same Surface Int Conv,ASHRAETARP,NoSun,NoWind,0.00,0.50,1.00,0.00,0
,108,SMSTORE8_WALL_1,Wall,,CTF - ConductionTransferFunction,NONRES_EXT_WALL_GRD,0.540,0.499,,29.11,39.47,29.11,180.00,90.00,7.62,5.18,0.00,ExternalEnvironment,ASHRAETARP,ASHRAETARP,SunExposed,WindExposed,0.50,0.50,0.50,0.50,4
,109,SMSTORE8_WALL_1_WINDOW_1,Window,SMSTORE8_WALL_1,Window5 Detailed Fenestration,NONRESWINDOW_U_0.362_SHGC_0.379,N/A,2.502,No,3.24,3.24,3.24,180.00,90.00,2.13,1.52,0.00,ExternalEnvironment,ASHRAETARP,ASHRAETARP,SunExposed,WindExposed,0.50,0.50,0.50,0.50,4
,110,SMSTORE8_WALL_1_WINDOW_2,Window,SMSTORE8_WALL_1,Window5 Detailed Fenestration,NONRESWINDOW_U_0.362_SHGC_0.379,N/A,2.502,No,3.24,3.24,3.24,180.00,90.00,2.13,1.52,0.00,ExternalEnvironment,ASHRAETARP,ASHRAETARP,SunExposed,WindExposed,0.50,0.50,0.50,0.50,4
,111,SMSTORE8_WALL_1_DOOR,Window,SMSTORE8_WALL_1,Window5 Detailed Fenestration,NONRESWINDOW_U_0.362_SHGC_0.379,N/A,2.502,No,3.88,3.88,3.88,180.00,90.00,1.82,2.13,0.00,ExternalEnvironment,ASHRAETARP,ASHRAETARP,SunExposed,WindExposed,0.50,0.50,0.50,0.50,4
,112,SMSTORE8_WALL_2,Wall,,CTF - ConductionTransferFunction,INT_WALL,6.299,3.242,,118.41,118.41,118.41,270.00,90.00,22.86,5.18,0.00,SMSTORE7_WALL_4,Other/Same Surface Int Conv,ASHRAETARP,NoSun,NoWind,0.50,0.50,0.50,0.50,4
,113,SMSTORE8_WALL_3,Wall,,CTF - ConductionTransferFunction,NONRES_EXT_WALL_GRD,0.540,0.499,,35.60,39.47,35.60,0.00,90.00,7.62,5.18,0.00,ExternalEnvironment,ASHRAETARP,ASHRAETARP,SunExposed,WindExposed,0.50,0.50,0.50,0.50,4
,114,SMSTORE8_WALL_3_DOOR,Door,SMSTORE8_WALL_3,CTF - ConductionTransferFunction,SWINGING DOOR_CON,2.101,2.101,,3.88,3.88,3.88,0.00,90.00,1.82,2.13,0.00,ExternalEnvironment,ASHRAETARP,ASHRAETARP,SunExposed,WindExposed,0.50,0.50,0.50,0.50,4
,115,SMSTORE8_WALL_4,Wall,,CTF - ConductionTransferFunction,NONRES_EXT_WALL_GRD,0.540,0.499,,118.41,118.41,118.41,90.00,90.00,22.86,5.18,0.00,ExternalEnvironment,ASHRAETARP,ASHRAETARP,SunExposed,WindExposed,0.50,0.50,0.50,0.50,4
,116,SMSTORE8_FLOOR,Floor,,CTF - ConductionTransferFunction,SMSTORE8_FLOOR_FFACTOR,0.203,0.194,,174.19,174.19,174.19,270.00,180.00,22.86,7.62,0.00,FCGround,N/A-FCGround,ASHRAETARP,NoSun,NoWind,1.00,0.00,1.00,0.00,4
,117,SMSTORE8_ROOF,Roof,,CTF - ConductionTransferFunction,NONRES_ROOF,0.186,0.180,,174.19,174.19,174.19,270.00,0.00,22.86,7.62,0.00,ExternalEnvironment,ASHRAETARP,ASHRAETARP,SunExposed,WindExposed,0.00,1.00,0.00,1.00,4
,118,SMSTORE8_INTERNALMASS_1,Internal Mass,,CTF - ConductionTransferFunction,INTERIORFURNISHINGS,0.800,0.800,,348.39,348.39,348.39,0.00,90.00,348.39,1.00,0.00,SMSTORE8_INTERNALMASS_1,Other/Same Surface Int Conv,ASHRAETARP,NoSun,NoWind,0.00,0.50,1.00,0.00,0


Environment

,,Environment Name,Environment Type,Start Date,End Date,Start DayOfWeek,Duration {#days},Source:Start DayOfWeek,Use Daylight Saving,Use Holidays,Apply Weekend Holiday Rule,Use Rain Values,Use Snow Values,Sky Temperature Model
,1,RUNPERIOD 1,WeatherFileRunPeriod,01/01/2017,12/31/2017,Sunday,365,Use RunPeriod Specified Day,No,No,No,Yes,Yes,Clark and Allen


Environment:Special Days

,,Special Day Name,Special Day Type,Source,Start Date,Duration {#days}
,1,NEW YEARS DAY,Holiday,InputFile,01/01,1Environment:Special Days


Environment:Daylight Saving

,,Daylight Saving Indicator,Source,Start Date,End Date
,1,Yes,InputFile,03/12,11/05


Tabular Report

,,Style,Unit Conversion
,1,Commaandhtml,commaandhtml


Warmup Convergence Information

,,Zone Name,Environment Type/Name,Average Warmup Temperature Difference {deltaC},Std Dev Warmup Temperature Difference {deltaC},Max Temperature Pass/Fail Convergence,Min Temperature Pass/Fail Convergence,Average Warmup Load Difference {W},Std Dev Warmup Load Difference {W},Heating Load Pass/Fail Convergence,Cooling Load Pass/Fail Convergence
,1,LGSTORE1,RunPeriod: RUNPERIOD 1,6.9183171339E-002,0.1527796578,Pass,Pass,0.4679759529,0.9998255473,Pass,Pass
,2,SMSTORE1,RunPeriod: RUNPERIOD 1,7.6550170169E-002,0.1294493826,Pass,Pass,0.4470938076,1.4685165902,Pass,Pass
,3,SMSTORE2,RunPeriod: RUNPERIOD 1,0.1097826715,0.1531504674,Pass,Pass,1.1321779052,3.8787295981,Pass,Pass
,4,SMSTORE3,RunPeriod: RUNPERIOD 1,0.1118871443,0.1615928825,Pass,Pass,1.0190400834,3.2449869346,Pass,Pass
,5,SMSTORE4,RunPeriod: RUNPERIOD 1,0.1190256372,0.1715814407,Pass,Pass,0.9763584984,3.2029161506,Pass,Pass
,6,LGSTORE2,RunPeriod: RUNPERIOD 1,0.1366171869,0.1844100214,Pass,Pass,1.2559130501,4.1489835293,Pass,Pass
,7,SMSTORE5,RunPeriod: RUNPERIOD 1,0.1322529247,0.1801437487,Pass,Pass,1.0254848298,2.9120806346,Pass,Pass
,8,SMSTORE6,RunPeriod: RUNPERIOD 1,0.1329107275,0.1810008128,Pass,Pass,1.0668572773,3.0038772078,Pass,Pass
,9,SMSTORE7,RunPeriod: RUNPERIOD 1,0.1463554030,0.1996343544,Pass,Pass,0.7089268861,2.1060606505,Pass,Pass
,10,SMSTORE8,RunPeriod: RUNPERIOD 1,0.2735769808,0.3554496995,Pass,Pass,0.1697786131,0.4555842840,Pass,Pass


----------------------------------------------------------------------------------------------------
REPORT:,Annual Heat Emissions Summary
FOR:,Entire Facility
Heat Emission by Components

,,Envelope Convection,Zone Exfiltration,Zone Exhaust Air,HVAC Relief Air,HVAC Reject Heat,Total
,Heat Emissions [GJ],3938.25,245.77,0.00,967.91,619.90,5771.83


----------------------------------------------------------------------------------------------------
REPORT:,Climatic Data Summary
FOR:,Entire Facility
SizingPeriod:DesignDay

,,Maximum Dry Bulb [C],Daily Temperature Range [deltaC],Humidity Value,Humidity Type,Wind Speed [m/s],Wind Direction
,BUFFALO.NIAGARA.INTL.AP_NY_USA ANN HTG 99.6% CONDNS DB,-16.30,0.00,-16.30,Wetbulb [C],5.10,270.00
,BUFFALO.NIAGARA.INTL.AP_NY_USA ANN CLG .4% CONDNS DB=>MWB,30.30,9.30,21.80,Wetbulb [C],5.70,240.00


Monthly Precipitation Summary

,,Monthly Total Precipitation from .epw [mm],Monthly Total Hours of Rain from .epw,Monthly Total Precipitation in Site:Precipitation [mm],Monthly Total Roof Irrigation Depth [mm],Monthly Total Rain Collection Volume [m3]
,Jan,0.00,0,,,
,Feb,0.00,0,,,
,Mar,0.00,0,,,
,Apr,0.00,0,,,
,May,0.00,0,,,
,Jun,0.00,0,,,
,Jul,0.00,0,,,
,Aug,0.00,0,,,
,Sep,0.00,0,,,
,Oct,0.00,0,,,
,Nov,0.00,0,,,
,Dec,0.00,0,,,


Weather Statistics File

,,Value
,None,


----------------------------------------------------------------------------------------------------
REPORT:,Envelope Summary
FOR:,Entire Facility
Opaque Exterior

,,Construction,Reflectance,U-Factor with Film [W/m2-K],U-Factor no Film [W/m2-K],Gross Area [m2],Net Area [m2],Azimuth [deg],Tilt [deg],Cardinal Direction
,LGSTORE1_WALL_2,NONRES_EXT_WALL_GRD,0.30,0.499,0.540,118.41,118.41,270.00,90.00,W
,LGSTORE1_WALL_3,NONRES_EXT_WALL_GRD,0.30,0.499,0.540,78.94,71.15,0.00,90.00,N
,LGSTORE1_WALL_1,NONRES_EXT_WALL_GRD,0.30,0.499,0.540,78.94,58.18,180.00,90.00,S
,LGSTORE1_FLOOR,LGSTORE1_FLOOR_FFACTOR,1.00,0.138,0.141,348.39,348.39,270.00,180.00,
,LGSTORE1_ROOF,NONRES_ROOF,0.23,0.182,0.186,348.39,348.39,270.00,0.00,
,SMSTORE1_WALL_1,NONRES_EXT_WALL_GRD,0.30,0.499,0.540,39.47,29.09,180.00,90.00,S
,SMSTORE1_WALL_3,NONRES_EXT_WALL_GRD,0.30,0.499,0.540,39.47,35.57,0.00,90.00,N
,SMSTORE1_FLOOR,SMSTORE1_FLOOR_FFACTOR,1.00,0.079,0.080,174.19,174.19,270.00,180.00,
,SMSTORE1_ROOF,NONRES_ROOF,0.23,0.182,0.186,174.19,174.19,270.00,0.00,
,SMSTORE2_WALL_1,NONRES_EXT_WALL_GRD,0.30,0.499,0.540,39.47,29.11,180.00,90.00,S
,SMSTORE2_WALL_3,NONRES_EXT_WALL_GRD,0.30,0.499,0.540,39.47,35.60,0.00,90.00,N
,SMSTORE2_FLOOR,SMSTORE2_FLOOR_FFACTOR,1.00,0.079,0.080,174.19,174.19,270.00,180.00,
,SMSTORE2_ROOF,NONRES_ROOF,0.23,0.182,0.186,174.19,174.19,270.00,0.00,
,SMSTORE3_WALL_1,NONRES_EXT_WALL_GRD,0.30,0.499,0.540,39.47,29.11,180.00,90.00,S
,SMSTORE3_WALL_3,NONRES_EXT_WALL_GRD,0.30,0.499,0.540,39.47,35.59,0.00,90.00,N
,SMSTORE3_FLOOR,SMSTORE3_FLOOR_FFACTOR,1.00,0.079,0.080,174.19,174.19,270.00,180.00,
,SMSTORE3_ROOF,NONRES_ROOF,0.23,0.182,0.186,174.19,174.19,270.00,0.00,
,SMSTORE4_WALL_1,NONRES_EXT_WALL_GRD,0.30,0.499,0.540,39.47,29.11,180.00,90.00,S
,SMSTORE4_WALL_3,NONRES_EXT_WALL_GRD,0.30,0.499,0.540,39.47,35.59,0.00,90.00,N
,SMSTORE4_FLOOR,SMSTORE4_FLOOR_FFACTOR,1.00,0.079,0.080,174.19,174.19,270.00,180.00,
,SMSTORE4_ROOF,NONRES_ROOF,0.23,0.182,0.186,174.19,174.19,270.00,0.00,
,LGSTORE2_WALL_3,NONRES_EXT_WALL_GRD,0.30,0.499,0.540,78.94,71.19,0.00,90.00,N
,LGSTORE2_WALL_1,NONRES_EXT_WALL_GRD,0.30,0.499,0.540,78.94,58.22,180.00,90.00,S
,LGSTORE2_FLOOR,LGSTORE2_FLOOR_FFACTOR,1.00,0.079,0.080,348.39,348.39,270.00,180.00,
,LGSTORE2_ROOF,NONRES_ROOF,0.23,0.182,0.186,348.39,348.39,270.00,0.00,
,SMSTORE5_WALL_1,NONRES_EXT_WALL_GRD,0.30,0.499,0.540,39.47,29.11,180.00,90.00,S
,SMSTORE5_WALL_3,NONRES_EXT_WALL_GRD,0.30,0.499,0.540,39.47,35.59,0.00,90.00,N
,SMSTORE5_FLOOR,SMSTORE5_FLOOR_FFACTOR,1.00,0.079,0.080,174.19,174.19,270.00,180.00,
,SMSTORE5_ROOF,NONRES_ROOF,0.23,0.182,0.186,174.19,174.19,270.00,0.00,
,SMSTORE6_WALL_1,NONRES_EXT_WALL_GRD,0.30,0.499,0.540,39.47,29.11,180.00,90.00,S
,SMSTORE6_WALL_3,NONRES_EXT_WALL_GRD,0.30,0.499,0.540,39.47,35.60,0.00,90.00,N
,SMSTORE6_FLOOR,SMSTORE6_FLOOR_FFACTOR,1.00,0.079,0.080,174.19,174.19,270.00,180.00,
,SMSTORE6_ROOF,NONRES_ROOF,0.23,0.182,0.186,174.19,174.19,270.00,0.00,
,SMSTORE7_WALL_1,NONRES_EXT_WALL_GRD,0.30,0.499,0.540,39.47,29.11,180.00,90.00,S
,SMSTORE7_WALL_3,NONRES_EXT_WALL_GRD,0.30,0.499,0.540,39.47,35.59,0.00,90.00,N
,SMSTORE7_FLOOR,SMSTORE7_FLOOR_FFACTOR,1.00,0.079,0.080,174.19,174.19,270.00,180.00,
,SMSTORE7_ROOF,NONRES_ROOF,0.23,0.182,0.186,174.19,174.19,270.00,0.00,
,SMSTORE8_WALL_1,NONRES_EXT_WALL_GRD,0.30,0.499,0.540,39.47,29.11,180.00,90.00,S
,SMSTORE8_WALL_3,NONRES_EXT_WALL_GRD,0.30,0.499,0.540,39.47,35.60,0.00,90.00,N
,SMSTORE8_WALL_4,NONRES_EXT_WALL_GRD,0.30,0.499,0.540,118.41,118.41,90.00,90.00,E
,SMSTORE8_FLOOR,SMSTORE8_FLOOR_FFACTOR,1.00,0.197,0.203,174.19,174.19,270.00,180.00,
,SMSTORE8_ROOF,NONRES_ROOF,0.23,0.182,0.186,174.19,174.19,270.00,0.00,


Opaque Interior

,,Construction,Reflectance,U-Factor with Film [W/m2-K],U-Factor no Film [W/m2-K],Gross Area [m2],Net Area [m2],Azimuth [deg],Tilt [deg],Cardinal Direction
,LGSTORE1_WALL_4,INT_WALL,0.30,2.511,6.299,118.41,118.41,90.00,90.00,E
,SMSTORE1_WALL_2,INT_WALL,0.30,2.511,6.299,118.41,118.41,270.00,90.00,W
,SMSTORE1_WALL_4,INT_WALL,0.30,2.511,6.299,118.41,118.41,90.00,90.00,E
,SMSTORE2_WALL_2,INT_WALL,0.30,2.511,6.299,118.41,118.41,270.00,90.00,W
,SMSTORE2_WALL_4,INT_WALL,0.30,2.511,6.299,118.41,118.41,90.00,90.00,E
,SMSTORE3_WALL_2,INT_WALL,0.30,2.511,6.299,118.41,118.41,270.00,90.00,W
,SMSTORE3_WALL_4,INT_WALL,0.30,2.511,6.299,118.41,118.41,90.00,90.00,E
,SMSTORE4_WALL_2,INT_WALL,0.30,2.511,6.299,118.41,118.41,270.00,90.00,W
,SMSTORE4_WALL_4,INT_WALL,0.30,2.511,6.299,118.41,118.41,90.00,90.00,E
,LGSTORE2_WALL_2,INT_WALL,0.30,2.511,6.299,118.41,118.41,270.00,90.00,W
,LGSTORE2_WALL_4,INT_WALL,0.30,2.511,6.299,118.41,118.41,90.00,90.00,E
,SMSTORE5_WALL_2,INT_WALL,0.30,2.511,6.299,118.41,118.41,270.00,90.00,W
,SMSTORE5_WALL_4,INT_WALL,0.30,2.511,6.299,118.41,118.41,90.00,90.00,E
,SMSTORE6_WALL_2,INT_WALL,0.30,2.511,6.299,118.41,118.41,270.00,90.00,W
,SMSTORE6_WALL_4,INT_WALL,0.30,2.511,6.299,118.41,118.41,90.00,90.00,E
,SMSTORE7_WALL_2,INT_WALL,0.30,2.511,6.299,118.41,118.41,270.00,90.00,W
,SMSTORE7_WALL_4,INT_WALL,0.30,2.511,6.299,118.41,118.41,90.00,90.00,E
,SMSTORE8_WALL_2,INT_WALL,0.30,2.511,6.299,118.41,118.41,270.00,90.00,W
,LGSTORE1_INTERNALMASS_1,INTERIORFURNISHINGS,0.30,,0.800,696.77,,0.00,90.00,N
,SMSTORE1_INTERNALMASS_1,INTERIORFURNISHINGS,0.30,,0.800,348.39,,0.00,90.00,N
,SMSTORE2_INTERNALMASS_1,INTERIORFURNISHINGS,0.30,,0.800,348.39,,0.00,90.00,N
,SMSTORE3_INTERNALMASS_1,INTERIORFURNISHINGS,0.30,,0.800,348.39,,0.00,90.00,N
,SMSTORE4_INTERNALMASS_1,INTERIORFURNISHINGS,0.30,,0.800,348.39,,0.00,90.00,N
,LGSTORE2_INTERNALMASS_1,INTERIORFURNISHINGS,0.30,,0.800,696.77,,0.00,90.00,N
,SMSTORE5_INTERNALMASS_1,INTERIORFURNISHINGS,0.30,,0.800,348.39,,0.00,90.00,N
,SMSTORE6_INTERNALMASS_1,INTERIORFURNISHINGS,0.30,,0.800,348.39,,0.00,90.00,N
,SMSTORE7_INTERNALMASS_1,INTERIORFURNISHINGS,0.30,,0.800,348.39,,0.00,90.00,N
,SMSTORE8_INTERNALMASS_1,INTERIORFURNISHINGS,0.30,,0.800,348.39,,0.00,90.00,N


Exterior Fenestration

,,Construction,Frame and Divider,Glass Area [m2],Frame Area [m2],Divider Area [m2],Area of One Opening [m2],Area of Multiplied Openings [m2],Glass U-Factor [W/m2-K],Glass SHGC,Glass Visible Transmittance,Frame Conductance [W/m2-K],Divider Conductance [W/m2-K],NFRC Product Type,Assembly U-Factor [W/m2-K],Assembly SHGC,Assembly Visible Transmittance,Shade Control,Parent Surface,Azimuth [deg],Tilt [deg],Cardinal Direction
,LGSTORE1_WALL_1_WINDOW_1,NONRESWINDOW_U_0.362_SHGC_0.379,,3.24,0.00,0.00,3.24,3.24,2.502,0.411,0.418,,,,,,,No,LGSTORE1_WALL_1,180.00,90.00,S
,LGSTORE1_WALL_1_WINDOW_2,NONRESWINDOW_U_0.362_SHGC_0.379,,3.24,0.00,0.00,3.24,3.24,2.502,0.411,0.418,,,,,,,No,LGSTORE1_WALL_1,180.00,90.00,S
,LGSTORE1_WALL_1_WINDOW_3,NONRESWINDOW_U_0.362_SHGC_0.379,,3.24,0.00,0.00,3.24,3.24,2.502,0.411,0.418,,,,,,,No,LGSTORE1_WALL_1,180.00,90.00,S
,LGSTORE1_WALL_1_WINDOW_4,NONRESWINDOW_U_0.362_SHGC_0.379,,3.24,0.00,0.00,3.24,3.24,2.502,0.411,0.418,,,,,,,No,LGSTORE1_WALL_1,180.00,90.00,S
,LGSTORE1_WALL_1_DOOR_1,NONRESWINDOW_U_0.362_SHGC_0.379,,3.90,0.00,0.00,3.90,3.90,2.502,0.411,0.418,,,,,,,No,LGSTORE1_WALL_1,180.00,90.00,S
,LGSTORE1_WALL_1_DOOR_2,NONRESWINDOW_U_0.362_SHGC_0.379,,3.90,0.00,0.00,3.90,3.90,2.502,0.411,0.418,,,,,,,No,LGSTORE1_WALL_1,180.00,90.00,S
,SMSTORE1_WALL_1_WINDOW_1,NONRESWINDOW_U_0.362_SHGC_0.379,,3.24,0.00,0.00,3.24,3.24,2.502,0.411,0.418,,,,,,,No,SMSTORE1_WALL_1,180.00,90.00,S
,SMSTORE1_WALL_1_WINDOW_2,NONRESWINDOW_U_0.362_SHGC_0.379,,3.24,0.00,0.00,3.24,3.24,2.502,0.411,0.418,,,,,,,No,SMSTORE1_WALL_1,180.00,90.00,S
,SMSTORE1_WALL_1_DOOR,NONRESWINDOW_U_0.362_SHGC_0.379,,3.90,0.00,0.00,3.90,3.90,2.502,0.411,0.418,,,,,,,No,SMSTORE1_WALL_1,180.00,90.00,S
,SMSTORE2_WALL_1_WINDOW_1,NONRESWINDOW_U_0.362_SHGC_0.379,,3.24,0.00,0.00,3.24,3.24,2.502,0.411,0.418,,,,,,,No,SMSTORE2_WALL_1,180.00,90.00,S
,SMSTORE2_WALL_1_WINDOW_2,NONRESWINDOW_U_0.362_SHGC_0.379,,3.24,0.00,0.00,3.24,3.24,2.502,0.411,0.418,,,,,,,No,SMSTORE2_WALL_1,180.00,90.00,S
,SMSTORE2_WALL_1_DOOR,NONRESWINDOW_U_0.362_SHGC_0.379,,3.88,0.00,0.00,3.88,3.88,2.502,0.411,0.418,,,,,,,No,SMSTORE2_WALL_1,180.00,90.00,S
,SMSTORE3_WALL_1_WINDOW_1,NONRESWINDOW_U_0.362_SHGC_0.379,,3.24,0.00,0.00,3.24,3.24,2.502,0.411,0.418,,,,,,,No,SMSTORE3_WALL_1,180.00,90.00,S
,SMSTORE3_WALL_1_WINDOW_2,NONRESWINDOW_U_0.362_SHGC_0.379,,3.24,0.00,0.00,3.24,3.24,2.502,0.411,0.418,,,,,,,No,SMSTORE3_WALL_1,180.00,90.00,S
,SMSTORE3_WALL_1_DOOR,NONRESWINDOW_U_0.362_SHGC_0.379,,3.88,0.00,0.00,3.88,3.88,2.502,0.411,0.418,,,,,,,No,SMSTORE3_WALL_1,180.00,90.00,S
,SMSTORE4_WALL_1_WINDOW_1,NONRESWINDOW_U_0.362_SHGC_0.379,,3.24,0.00,0.00,3.24,3.24,2.502,0.411,0.418,,,,,,,No,SMSTORE4_WALL_1,180.00,90.00,S
,SMSTORE4_WALL_1_WINDOW_2,NONRESWINDOW_U_0.362_SHGC_0.379,,3.24,0.00,0.00,3.24,3.24,2.502,0.411,0.418,,,,,,,No,SMSTORE4_WALL_1,180.00,90.00,S
,SMSTORE4_WALL_1_DOOR,NONRESWINDOW_U_0.362_SHGC_0.379,,3.88,0.00,0.00,3.88,3.88,2.502,0.411,0.418,,,,,,,No,SMSTORE4_WALL_1,180.00,90.00,S
,LGSTORE2_WALL_1_WINDOW_1,NONRESWINDOW_U_0.362_SHGC_0.379,,3.24,0.00,0.00,3.24,3.24,2.502,0.411,0.418,,,,,,,No,LGSTORE2_WALL_1,180.00,90.00,S
,LGSTORE2_WALL_1_WINDOW_2,NONRESWINDOW_U_0.362_SHGC_0.379,,3.24,0.00,0.00,3.24,3.24,2.502,0.411,0.418,,,,,,,No,LGSTORE2_WALL_1,180.00,90.00,S
,LGSTORE2_WALL_1_WINDOW_3,NONRESWINDOW_U_0.362_SHGC_0.379,,3.24,0.00,0.00,3.24,3.24,2.502,0.411,0.418,,,,,,,No,LGSTORE2_WALL_1,180.00,90.00,S
,LGSTORE2_WALL_1_WINDOW_4,NONRESWINDOW_U_0.362_SHGC_0.379,,3.24,0.00,0.00,3.24,3.24,2.502,0.411,0.418,,,,,,,No,LGSTORE2_WALL_1,180.00,90.00,S
,LGSTORE2_WALL_1_DOOR_1,NONRESWINDOW_U_0.362_SHGC_0.379,,3.88,0.00,0.00,3.88,3.88,2.502,0.411,0.418,,,,,,,No,LGSTORE2_WALL_1,180.00,90.00,S
,LGSTORE2_WALL_1_DOOR_2,NONRESWINDOW_U_0.362_SHGC_0.379,,3.88,0.00,0.00,3.88,3.88,2.502,0.411,0.418,,,,,,,No,LGSTORE2_WALL_1,180.00,90.00,S
,SMSTORE5_WALL_1_WINDOW_1,NONRESWINDOW_U_0.362_SHGC_0.379,,3.24,0.00,0.00,3.24,3.24,2.502,0.411,0.418,,,,,,,No,SMSTORE5_WALL_1,180.00,90.00,S
,SMSTORE5_WALL_1_WINDOW_2,NONRESWINDOW_U_0.362_SHGC_0.379,,3.24,0.00,0.00,3.24,3.24,2.502,0.411,0.418,,,,,,,No,SMSTORE5_WALL_1,180.00,90.00,S
,SMSTORE5_WALL_1_DOOR,NONRESWINDOW_U_0.362_SHGC_0.379,,3.88,0.00,0.00,3.88,3.88,2.502,0.411,0.418,,,,,,,No,SMSTORE5_WALL_1,180.00,90.00,S
,SMSTORE6_WALL_1_WINDOW_1,NONRESWINDOW_U_0.362_SHGC_0.379,,3.24,0.00,0.00,3.24,3.24,2.502,0.411,0.418,,,,,,,No,SMSTORE6_WALL_1,180.00,90.00,S
,SMSTORE6_WALL_1_WINDOW_2,NONRESWINDOW_U_0.362_SHGC_0.379,,3.24,0.00,0.00,3.24,3.24,2.502,0.411,0.418,,,,,,,No,SMSTORE6_WALL_1,180.00,90.00,S
,SMSTORE6_WALL_1_DOOR,NONRESWINDOW_U_0.362_SHGC_0.379,,3.88,0.00,0.00,3.88,3.88,2.502,0.411,0.418,,,,,,,No,SMSTORE6_WALL_1,180.00,90.00,S
,SMSTORE7_WALL_1_WINDOW_1,NONRESWINDOW_U_0.362_SHGC_0.379,,3.24,0.00,0.00,3.24,3.24,2.502,0.411,0.418,,,,,,,No,SMSTORE7_WALL_1,180.00,90.00,S
,SMSTORE7_WALL_1_WINDOW_2,NONRESWINDOW_U_0.362_SHGC_0.379,,3.24,0.00,0.00,3.24,3.24,2.502,0.411,0.418,,,,,,,No,SMSTORE7_WALL_1,180.00,90.00,S
,SMSTORE7_WALL_1_DOOR,NONRESWINDOW_U_0.362_SHGC_0.379,,3.88,0.00,0.00,3.88,3.88,2.502,0.411,0.418,,,,,,,No,SMSTORE7_WALL_1,180.00,90.00,S
,SMSTORE8_WALL_1_WINDOW_1,NONRESWINDOW_U_0.362_SHGC_0.379,,3.24,0.00,0.00,3.24,3.24,2.502,0.411,0.418,,,,,,,No,SMSTORE8_WALL_1,180.00,90.00,S
,SMSTORE8_WALL_1_WINDOW_2,NONRESWINDOW_U_0.362_SHGC_0.379,,3.24,0.00,0.00,3.24,3.24,2.502,0.411,0.418,,,,,,,No,SMSTORE8_WALL_1,180.00,90.00,S
,SMSTORE8_WALL_1_DOOR,NONRESWINDOW_U_0.362_SHGC_0.379,,3.88,0.00,0.00,3.88,3.88,2.502,0.411,0.418,,,,,,,No,SMSTORE8_WALL_1,180.00,90.00,S
,Total or Average,,,,,,,124.40,2.502,0.411,0.418,,,,,,,,,,,
,North Total or Average,,,,,,,0.00,-,-,-,,,,,,,,,,,
,Non-North Total or Average,,,,,,,124.40,2.502,0.411,0.418,,,,,,,,,,,


Exterior Fenestration Shaded State

,,Frame and Divider,Glass U-Factor [W/m2-K],Glass SHGC,Glass Visible Transmittance,NFRC Product Type,Assembly U-Factor [W/m2-K],Assembly SHGC,Assembly Visible Transmittance
,None,,,,,,,,


Interior Fenestration

,,Construction,Area of One Opening [m2],Area of Openings [m2],Glass U-Factor [W/m2-K],Glass SHGC,Glass Visible Transmittance
,Total or Average,,,0.00,-,-,-


Exterior Door

,,Construction,U-Factor with Film [W/m2-K],U-Factor no Film [W/m2-K],Gross Area [m2],Parent Surface
,LGSTORE1_WALL_3_DOOR_1,SWINGING DOOR_CON,1.598,2.101,3.90,LGSTORE1_WALL_3
,LGSTORE1_WALL_3_DOOR_2,SWINGING DOOR_CON,1.598,2.101,3.90,LGSTORE1_WALL_3
,SMSTORE1_WALL_3_DOOR,SWINGING DOOR_CON,1.598,2.101,3.90,SMSTORE1_WALL_3
,SMSTORE2_WALL_3_DOOR,SWINGING DOOR_CON,1.598,2.101,3.88,SMSTORE2_WALL_3
,SMSTORE3_WALL_3_DOOR,SWINGING DOOR_CON,1.598,2.101,3.88,SMSTORE3_WALL_3
,SMSTORE4_WALL_3_DOOR,SWINGING DOOR_CON,1.598,2.101,3.88,SMSTORE4_WALL_3
,LGSTORE2_WALL_3_DOOR_1,SWINGING DOOR_CON,1.598,2.101,3.88,LGSTORE2_WALL_3
,LGSTORE2_WALL_3_DOOR_2,SWINGING DOOR_CON,1.598,2.101,3.88,LGSTORE2_WALL_3
,SMSTORE5_WALL_3_DOOR,SWINGING DOOR_CON,1.598,2.101,3.88,SMSTORE5_WALL_3
,SMSTORE6_WALL_3_DOOR,SWINGING DOOR_CON,1.598,2.101,3.88,SMSTORE6_WALL_3
,SMSTORE7_WALL_3_DOOR,SWINGING DOOR_CON,1.598,2.101,3.88,SMSTORE7_WALL_3
,SMSTORE8_WALL_3_DOOR,SWINGING DOOR_CON,1.598,2.101,3.88,SMSTORE8_WALL_3


Interior Door

,,Construction,U-Factor with Film [W/m2-K],U-Factor no Film [W/m2-K],Gross Area [m2],Parent Surface
,None,,,,,


----------------------------------------------------------------------------------------------------
REPORT:,Shading Summary
FOR:,Entire Facility
Sunlit Fraction

,,March 21 9am,March 21 noon,March 21 3pm,June 21 9am,June 21 noon,June 21 3pm,December 21 9am,December 21 noon,December 21 3pm
,LGSTORE1_WALL_1_WINDOW_1,1.00,1.00,1.00,1.00,1.00,1.00,1.00,1.00,1.00
,LGSTORE1_WALL_1_WINDOW_2,1.00,1.00,1.00,1.00,1.00,1.00,1.00,1.00,1.00
,LGSTORE1_WALL_1_WINDOW_3,1.00,1.00,1.00,1.00,1.00,1.00,1.00,1.00,1.00
,LGSTORE1_WALL_1_WINDOW_4,1.00,1.00,1.00,1.00,1.00,1.00,1.00,1.00,1.00
,LGSTORE1_WALL_1_DOOR_1,1.00,1.00,1.00,1.00,1.00,1.00,1.00,1.00,1.00
,LGSTORE1_WALL_1_DOOR_2,1.00,1.00,1.00,1.00,1.00,1.00,1.00,1.00,1.00
,SMSTORE1_WALL_1_WINDOW_1,1.00,1.00,1.00,1.00,1.00,1.00,1.00,1.00,1.00
,SMSTORE1_WALL_1_WINDOW_2,1.00,1.00,1.00,1.00,1.00,1.00,1.00,1.00,1.00
,SMSTORE1_WALL_1_DOOR,1.00,1.00,1.00,1.00,1.00,1.00,1.00,1.00,1.00
,SMSTORE2_WALL_1_WINDOW_1,1.00,1.00,1.00,1.00,1.00,1.00,1.00,1.00,1.00
,SMSTORE2_WALL_1_WINDOW_2,1.00,1.00,1.00,1.00,1.00,1.00,1.00,1.00,1.00
,SMSTORE2_WALL_1_DOOR,1.00,1.00,1.00,1.00,1.00,1.00,1.00,1.00,1.00
,SMSTORE3_WALL_1_WINDOW_1,1.00,1.00,1.00,1.00,1.00,1.00,1.00,1.00,1.00
,SMSTORE3_WALL_1_WINDOW_2,1.00,1.00,1.00,1.00,1.00,1.00,1.00,1.00,1.00
,SMSTORE3_WALL_1_DOOR,1.00,1.00,1.00,1.00,1.00,1.00,1.00,1.00,1.00
,SMSTORE4_WALL_1_WINDOW_1,1.00,1.00,1.00,1.00,1.00,1.00,1.00,1.00,1.00
,SMSTORE4_WALL_1_WINDOW_2,1.00,1.00,1.00,1.00,1.00,1.00,1.00,1.00,1.00
,SMSTORE4_WALL_1_DOOR,1.00,1.00,1.00,1.00,1.00,1.00,1.00,1.00,1.00
,LGSTORE2_WALL_1_WINDOW_1,1.00,1.00,1.00,1.00,1.00,1.00,1.00,1.00,1.00
,LGSTORE2_WALL_1_WINDOW_2,1.00,1.00,1.00,1.00,1.00,1.00,1.00,1.00,1.00
,LGSTORE2_WALL_1_WINDOW_3,1.00,1.00,1.00,1.00,1.00,1.00,1.00,1.00,1.00
,LGSTORE2_WALL_1_WINDOW_4,1.00,1.00,1.00,1.00,1.00,1.00,1.00,1.00,1.00
,LGSTORE2_WALL_1_DOOR_1,1.00,1.00,1.00,1.00,1.00,1.00,1.00,1.00,1.00
,LGSTORE2_WALL_1_DOOR_2,1.00,1.00,1.00,1.00,1.00,1.00,1.00,1.00,1.00
,SMSTORE5_WALL_1_WINDOW_1,1.00,1.00,1.00,1.00,1.00,1.00,1.00,1.00,1.00
,SMSTORE5_WALL_1_WINDOW_2,1.00,1.00,1.00,1.00,1.00,1.00,1.00,1.00,1.00
,SMSTORE5_WALL_1_DOOR,1.00,1.00,1.00,1.00,1.00,1.00,1.00,1.00,1.00
,SMSTORE6_WALL_1_WINDOW_1,1.00,1.00,1.00,1.00,1.00,1.00,1.00,1.00,1.00
,SMSTORE6_WALL_1_WINDOW_2,1.00,1.00,1.00,1.00,1.00,1.00,1.00,1.00,1.00
,SMSTORE6_WALL_1_DOOR,1.00,1.00,1.00,1.00,1.00,1.00,1.00,1.00,1.00
,SMSTORE7_WALL_1_WINDOW_1,1.00,1.00,1.00,1.00,1.00,1.00,1.00,1.00,1.00
,SMSTORE7_WALL_1_WINDOW_2,1.00,1.00,1.00,1.00,1.00,1.00,1.00,1.00,1.00
,SMSTORE7_WALL_1_DOOR,1.00,1.00,1.00,1.00,1.00,1.00,1.00,1.00,1.00
,SMSTORE8_WALL_1_WINDOW_1,1.00,1.00,1.00,1.00,1.00,1.00,1.00,1.00,1.00
,SMSTORE8_WALL_1_WINDOW_2,1.00,1.00,1.00,1.00,1.00,1.00,1.00,1.00,1.00
,SMSTORE8_WALL_1_DOOR,1.00,1.00,1.00,1.00,1.00,1.00,1.00,1.00,1.00


Window Control

,,Name,Type,Shaded Construction,Control,Glare Control
,None,,,,,


----------------------------------------------------------------------------------------------------
REPORT:,Lighting Summary
FOR:,Entire Facility
Interior Lighting

,,Zone Name,Space Name,Space Type,Lighting Power Density [W/m2],Space Area [m2],Total Power [W],End Use Subcategory,Schedule Name,Scheduled Hours/Week [hr],Hours/Week > 1% [hr],Full Load Hours/Week [hr],Return Air Fraction,Conditioned (Y/N),Consumption [GJ]
,LGSTORE1_LIGHTS,LGSTORE1,LGSTORE1,GENERAL,6.0000,348.39,2090.32,LightsWired,LTG_SCH_BASE_LPD1,83.91,168.00,83.37,0.0000,Y,32.71
,LGSTORE1_LIGHTS_ALLOWANCE,LGSTORE1,LGSTORE1,GENERAL,6.0000,348.39,2090.32,LightsWired,LTG_SCH_DISPLAY_LPD_TYPE3_LGSTORE,97.50,112.00,94.53,0.0000,Y,37.09
,SMSTORE1_LIGHTS,SMSTORE1,SMSTORE1,GENERAL,6.0000,174.19,1045.16,LightsWired,LTG_SCH_BASE_SMALL_LPD1,85.41,168.00,84.82,0.0000,Y,16.64
,SMSTORE1_LIGHTS_ALLOWANCE,SMSTORE1,SMSTORE1,GENERAL,6.0000,174.19,1045.16,LightsWired,LTG_SCH_DISPLAY_LPD_TYPE3_SMSTORE,97.50,112.00,94.53,0.0000,Y,18.55
,SMSTORE2_LIGHTS,SMSTORE2,SMSTORE2,GENERAL,6.0000,174.19,1045.16,LightsWired,LTG_SCH_BASE_SMALL_LPD2_TYPE2,68.73,168.00,67.10,0.0000,Y,13.16
,SMSTORE2_LIGHTS_ALLOWANCE,SMSTORE2,SMSTORE2,GENERAL,6.0000,174.19,1045.16,LightsWired,LTG_SCH_DISPLAY_LPD_TYPE2_SMSTORE,78.55,84.29,73.25,0.0000,Y,14.37
,SMSTORE3_LIGHTS,SMSTORE3,SMSTORE3,GENERAL,6.0000,174.19,1045.16,LightsWired,LTG_SCH_BASE_SMALL_LPD2_TYPE2,68.73,168.00,67.10,0.0000,Y,13.16
,SMSTORE3_LIGHTS_ALLOWANCE,SMSTORE3,SMSTORE3,GENERAL,6.0000,174.19,1045.16,LightsWired,LTG_SCH_DISPLAY_LPD_TYPE2_SMSTORE,78.55,84.29,73.25,0.0000,Y,14.37
,SMSTORE4_LIGHTS,SMSTORE4,SMSTORE4,GENERAL,6.0000,174.19,1045.16,LightsWired,LTG_SCH_BASE_SMALL_LPD2_TYPE2,68.73,168.00,67.10,0.0000,Y,13.16
,SMSTORE4_LIGHTS_ALLOWANCE,SMSTORE4,SMSTORE4,GENERAL,6.0000,174.19,1045.16,LightsWired,LTG_SCH_DISPLAY_LPD_TYPE2_SMSTORE,78.55,84.29,73.25,0.0000,Y,14.37
,LGSTORE2_LIGHTS,LGSTORE2,LGSTORE2,GENERAL,6.0000,348.39,2090.32,LightsWired,LTG_SCH_BASE_LPD2,62.11,168.00,60.51,0.0000,Y,23.74
,LGSTORE2_LIGHTS_ALLOWANCE,LGSTORE2,LGSTORE2,GENERAL,6.0000,348.39,2090.32,LightsWired,LTG_SCH_DISPLAY_LPD_TYPE1_LGSTORE,72.25,77.29,66.60,0.0000,Y,26.13
,SMSTORE5_LIGHTS,SMSTORE5,SMSTORE5,GENERAL,6.0000,174.19,1045.16,LightsWired,LTG_SCH_BASE_SMALL_LPD2_TYPE3,63.22,168.00,61.53,0.0000,Y,12.07
,SMSTORE5_LIGHTS_ALLOWANCE,SMSTORE5,SMSTORE5,GENERAL,6.0000,174.19,1045.16,LightsWired,LTG_SCH_DISPLAY_LPD_TYPE1_SMSTORE,72.25,77.29,66.60,0.0000,Y,13.07
,SMSTORE6_LIGHTS,SMSTORE6,SMSTORE6,GENERAL,6.0000,174.19,1045.16,LightsWired,LTG_SCH_BASE_SMALL_LPD2_TYPE3,63.22,168.00,61.53,0.0000,Y,12.07
,SMSTORE6_LIGHTS_ALLOWANCE,SMSTORE6,SMSTORE6,GENERAL,6.0000,174.19,1045.16,LightsWired,LTG_SCH_DISPLAY_LPD_TYPE1_SMSTORE,72.25,77.29,66.60,0.0000,Y,13.07
,SMSTORE7_LIGHTS,SMSTORE7,SMSTORE7,GENERAL,6.0000,174.19,1045.16,LightsWired,LTG_SCH_BASE_SMALL_LPD2_TYPE3,63.22,168.00,61.53,0.0000,Y,12.07
,SMSTORE7_LIGHTS_ALLOWANCE,SMSTORE7,SMSTORE7,GENERAL,6.0000,174.19,1045.16,LightsWired,LTG_SCH_DISPLAY_LPD_TYPE1_SMSTORE,72.25,77.29,66.60,0.0000,Y,13.07
,SMSTORE8_LIGHTS,SMSTORE8,SMSTORE8,GENERAL,6.0000,174.19,1045.16,LightsWired,LTG_SCH_BASE_SMALL_LPD2_TYPE3,63.22,168.00,61.53,0.0000,Y,12.07
,SMSTORE8_LIGHTS_ALLOWANCE,SMSTORE8,SMSTORE8,GENERAL,6.0000,174.19,1045.16,LightsWired,LTG_SCH_DISPLAY_LPD_TYPE1_SMSTORE,72.25,77.29,66.60,0.0000,Y,13.07
,Interior Lighting Total,,,,6.0000,4180.64,25083.82,,,,,,,,338.02


Daylighting

,,Zone,Control Name,Daylighting Method,Control Type,Fraction Controlled,Lighting Installed in Zone [W],Lighting Controlled [W]
,None,,,,,,,


Exterior Lighting

,,Total Watts,Astronomical Clock/Schedule,Schedule Name,Scheduled Hours/Week [hr],Hours/Week > 1% [hr],Full Load Hours/Week [hr],Consumption [GJ]
,EXTERIOR_LIGHTS_A,455.59,AstronomicalClock,-,,42.04,42.04,3.60
,EXTERIOR_LIGHTS_B,2744.24,AstronomicalClock,-,,83.67,62.85,32.38
,EXTERIOR_LIGHTS_C,2307.23,AstronomicalClock,-,,83.67,55.85,24.19
,Exterior Lighting Total,5507.06,,,,,,60.16


----------------------------------------------------------------------------------------------------
REPORT:,Equipment Summary
FOR:,Entire Facility
Central Plant

,,Type,Reference Capacity [W],Reference Efficiency [W/W],Rated Capacity [W],Rated Efficiency [W/W],IPLV in SI Units [W/W],IPLV in IP Units [Btu/W-h]
,None,,,,,,,


Cooling Coils

,,Type,Design Coil Load [W],Nominal Total Capacity [W],Nominal Sensible Capacity [W],Nominal Latent Capacity [W],Nominal Sensible Heat Ratio,Nominal Efficiency [W/W],Nominal Coil UA Value [W/C],Nominal Coil Surface Area [m2]
,PSZ-AC_1:1 COOLING COIL,Coil:Cooling:DX:MultiSpeed,,40181.26,30066.43,10114.83,0.75,4.50,,
,PSZ-AC_2:2 COOLING COIL,Coil:Cooling:DX:MultiSpeed,,21420.44,16168.58,5251.86,0.75,4.50,,
,PSZ-AC_3:3 COOLING COIL,Coil:Cooling:DX:MultiSpeed,,21521.61,16252.69,5268.92,0.76,4.50,,
,PSZ-AC_4:4 COOLING COIL,Coil:Cooling:DX:MultiSpeed,,21580.24,16301.93,5278.31,0.76,4.50,,
,PSZ-AC_5:5 COOLING COIL,Coil:Cooling:DX:MultiSpeed,,21414.15,16161.69,5252.46,0.75,4.50,,
,PSZ-AC_6:6 COOLING COIL,Coil:Cooling:DX:MultiSpeed,,38591.68,28748.87,9842.81,0.74,4.50,,
,PSZ-AC_7:7 COOLING COIL,Coil:Cooling:DX:MultiSpeed,,19962.88,14888.72,5074.16,0.75,4.50,,
,PSZ-AC_8:8 COOLING COIL,Coil:Cooling:DX:MultiSpeed,,19866.44,14807.25,5059.19,0.75,4.50,,
,PSZ-AC_9:9 COOLING COIL,Coil:Cooling:DX:MultiSpeed,,19692.33,14668.23,5024.10,0.74,4.50,,
,PSZ-AC_10:10 COOLING COIL,Coil:Cooling:DX:MultiSpeed,,20616.94,15457.96,5158.98,0.75,4.50,,
Nominal values are gross at rated conditions, i.e., the supply air fan heat and electric power NOT accounted for.


DX Cooling Coils

,,DX Cooling Coil Type,Standard Rated Net Cooling Capacity [W],Standard Rated Net COP [W/W],EER [Btu/W-h],SEER User [Btu/W-h],SEER Standard [Btu/W-h],IEER [Btu/W-h]
,PSZ-AC_1:1 COOLING COIL,,38714.8,,,13.43,13.43,
,PSZ-AC_2:2 COOLING COIL,,20623.6,,,13.38,13.38,
,PSZ-AC_3:3 COOLING COIL,,20720.0,,,13.38,13.38,
,PSZ-AC_4:4 COOLING COIL,,20775.8,,,13.38,13.38,
,PSZ-AC_5:5 COOLING COIL,,20617.8,,,13.38,13.38,
,PSZ-AC_6:6 COOLING COIL,,37194.7,,,13.46,13.46,
,PSZ-AC_7:7 COOLING COIL,,19238.0,,,13.45,13.45,
,PSZ-AC_8:8 COOLING COIL,,19146.3,,,13.45,13.45,
,PSZ-AC_9:9 COOLING COIL,,18979.7,,,13.46,13.46,
,PSZ-AC_10:10 COOLING COIL,,19860.6,,,13.42,13.42,
ANSI/AHRI ratings account for supply air fan heat and electric power. SEER User is calculated using user-input PLF curve and cooling coefficient of degradation whereas SEER Standard is calculated using AHRI Std 210/240-2008 default PLF curve and cooling coefficient of degradation.


DX Cooling Coil ASHRAE 127 Standard Ratings Report

,,DX Cooling Coil Type,Rated Net Cooling Capacity Test A [W],Rated Electric Power Test A [W],Rated Net Cooling Capacity Test B [W],Rated Electric Power Test B [W],Rated Net Cooling Capacity Test C [W],Rated Electric Power Test C [W],Rated Net Cooling Capacity Test D [W],Rated Electric Power Test D [W]
,PSZ-AC_1:1 COOLING COIL,Coil:Cooling:DX:MultiSpeed,,,,,,,,
,PSZ-AC_2:2 COOLING COIL,Coil:Cooling:DX:MultiSpeed,,,,,,,,
,PSZ-AC_3:3 COOLING COIL,Coil:Cooling:DX:MultiSpeed,,,,,,,,
,PSZ-AC_4:4 COOLING COIL,Coil:Cooling:DX:MultiSpeed,,,,,,,,
,PSZ-AC_5:5 COOLING COIL,Coil:Cooling:DX:MultiSpeed,,,,,,,,
,PSZ-AC_6:6 COOLING COIL,Coil:Cooling:DX:MultiSpeed,,,,,,,,
,PSZ-AC_7:7 COOLING COIL,Coil:Cooling:DX:MultiSpeed,,,,,,,,
,PSZ-AC_8:8 COOLING COIL,Coil:Cooling:DX:MultiSpeed,,,,,,,,
,PSZ-AC_9:9 COOLING COIL,Coil:Cooling:DX:MultiSpeed,,,,,,,,
,PSZ-AC_10:10 COOLING COIL,Coil:Cooling:DX:MultiSpeed,,,,,,,,


DX Heating Coils

,,DX Heating Coil Type,High Temperature Heating (net) Rating Capacity [W],Low Temperature Heating (net) Rating Capacity [W],HSPF [Btu/W-h],Region Number
,None,,,,,


Heating Coils

,,Type,Design Coil Load [W],Nominal Total Capacity [W],Nominal Efficiency [W/W]
,PSZ-AC_1:1 HEATING COIL,Coil:Heating:Fuel,,92549.70,0.80
,PSZ-AC_2:2 HEATING COIL,Coil:Heating:Fuel,,46274.85,0.80
,PSZ-AC_3:3 HEATING COIL,Coil:Heating:Fuel,,46274.85,0.80
,PSZ-AC_4:4 HEATING COIL,Coil:Heating:Fuel,,46274.85,0.80
,PSZ-AC_5:5 HEATING COIL,Coil:Heating:Fuel,,46274.85,0.80
,PSZ-AC_6:6 HEATING COIL,Coil:Heating:Fuel,,92549.70,0.80
,PSZ-AC_7:7 HEATING COIL,Coil:Heating:Fuel,,46274.85,0.80
,PSZ-AC_8:8 HEATING COIL,Coil:Heating:Fuel,,46274.85,0.80
,PSZ-AC_9:9 HEATING COIL,Coil:Heating:Fuel,,46274.85,0.80
,PSZ-AC_10:10 HEATING COIL,Coil:Heating:Fuel,,47008.05,0.80


Fans

,,Type,Total Efficiency [W/W],Delta Pressure [pa],Max Air Flow Rate [m3/s],Rated Electricity Rate [W],Rated Power Per Max Air Flow Rate [W-s/m3],Motor Heat In Air Fraction,Fan Energy Index,End Use Subcategory,Design Day Name for Fan Sizing Peak,Date/Time for Fan Sizing Peak
,PSZ-AC_1:1_ADDAQ_UNITARY_PACKAGE_FAN,Fan:SystemModel,0.58,622.50,1.39,1491.16,1070.05,1.00,1.38,General,BUFFALO.NIAGARA.INTL.AP_NY_USA ANN HTG 99.6% CONDNS DB,1/21 00:10:00
,PSZ-AC_2:2_ADDAQ_UNITARY_PACKAGE_FAN,Fan:SystemModel,0.56,622.50,0.70,771.44,1107.16,1.00,1.51,General,BUFFALO.NIAGARA.INTL.AP_NY_USA ANN HTG 99.6% CONDNS DB,1/21 01:20:00
,PSZ-AC_3:3_ADDAQ_UNITARY_PACKAGE_FAN,Fan:SystemModel,0.56,622.50,0.70,771.44,1107.16,1.00,1.51,General,BUFFALO.NIAGARA.INTL.AP_NY_USA ANN HTG 99.6% CONDNS DB,1/21 00:10:00
,PSZ-AC_4:4_ADDAQ_UNITARY_PACKAGE_FAN,Fan:SystemModel,0.56,622.50,0.70,771.44,1107.16,1.00,1.51,General,BUFFALO.NIAGARA.INTL.AP_NY_USA ANN HTG 99.6% CONDNS DB,1/21 00:10:00
,PSZ-AC_5:5_ADDAQ_UNITARY_PACKAGE_FAN,Fan:SystemModel,0.56,622.50,0.70,771.44,1107.16,1.00,1.51,General,BUFFALO.NIAGARA.INTL.AP_NY_USA ANN HTG 99.6% CONDNS DB,1/21 01:20:00
,PSZ-AC_6:6_ADDAQ_UNITARY_PACKAGE_FAN,Fan:SystemModel,0.58,622.50,1.39,1491.16,1070.05,1.00,1.38,General,BUFFALO.NIAGARA.INTL.AP_NY_USA ANN HTG 99.6% CONDNS DB,1/21 00:10:00
,PSZ-AC_7:7_ADDAQ_UNITARY_PACKAGE_FAN,Fan:SystemModel,0.56,622.50,0.70,771.44,1107.16,1.00,1.51,General,BUFFALO.NIAGARA.INTL.AP_NY_USA ANN HTG 99.6% CONDNS DB,1/21 00:20:00
,PSZ-AC_8:8_ADDAQ_UNITARY_PACKAGE_FAN,Fan:SystemModel,0.56,622.50,0.70,771.44,1107.16,1.00,1.51,General,BUFFALO.NIAGARA.INTL.AP_NY_USA ANN HTG 99.6% CONDNS DB,1/21 00:10:00
,PSZ-AC_9:9_ADDAQ_UNITARY_PACKAGE_FAN,Fan:SystemModel,0.56,622.50,0.70,771.44,1107.16,1.00,1.51,General,BUFFALO.NIAGARA.INTL.AP_NY_USA ANN HTG 99.6% CONDNS DB,1/21 00:10:00
,PSZ-AC_10:10_ADDAQ_UNITARY_PACKAGE_FAN,Fan:SystemModel,0.56,622.50,0.73,806.71,1107.16,1.00,1.49,General,BUFFALO.NIAGARA.INTL.AP_NY_USA ANN HTG 99.6% CONDNS DB,1/21 18:00:00


Pumps

,,Type,Control,Head [pa],Water Flow [m3/s],Electricity Rate [W],Power Per Water Flow Rate [W-s/m3],Motor Efficiency [W/W],End Use Subcategory
,None,,,,,,,,


Service Water Heating

,,Type,Storage Volume [m3],Input [W],Thermal Efficiency [W/W],Recovery Efficiency [W/W],Energy Factor
,GAS TANK1,WaterHeater:Mixed,0.15,11722.84,1.00,1.02,0.73
,GAS TANK2,WaterHeater:Mixed,0.15,11722.84,1.00,1.02,0.73
,GAS TANK3,WaterHeater:Mixed,0.15,11722.84,1.00,1.02,0.73
,GAS TANK4,WaterHeater:Mixed,0.15,11722.84,1.00,1.02,0.73
,GAS TANK5,WaterHeater:Mixed,0.15,11722.84,1.00,1.02,0.73
,GAS TANK6,WaterHeater:Mixed,0.15,11722.84,1.00,1.02,0.73
,GAS TANK7,WaterHeater:Mixed,0.15,11722.84,1.00,1.02,0.73


----------------------------------------------------------------------------------------------------
REPORT:,HVAC Sizing Summary
FOR:,Entire Facility
Zone Sensible Cooling

,,Calculated Design Load [W],User Design Load [W],User Design Load per Area [W/m2],Calculated Design Air Flow [m3/s],User Design Air Flow [m3/s],Design Day Name,Date/Time Of Peak {TIMESTAMP},Thermostat Setpoint Temperature at Peak Load [C],Indoor Temperature at Peak Load [C],Indoor Humidity Ratio at Peak Load [kgWater/kgDryAir],Outdoor Temperature at Peak Load [C],Outdoor Humidity Ratio at Peak Load [kgWater/kgDryAir],Minimum Outdoor Air Flow Rate [m3/s],Heat Gain Rate from DOAS [W]
,LGSTORE1,15250.56,18300.67,52.53,1.088,1.394,BUFFALO.NIAGARA.INTL.AP_NY_USA ANN CLG .4% CONDNS DB=>MWB,7/21 15:10:00,24.50,24.50,0.00980,30.21,0.01337,1.394,0.00
,SMSTORE1,7705.10,9246.12,53.08,0.550,0.697,BUFFALO.NIAGARA.INTL.AP_NY_USA ANN CLG .4% CONDNS DB=>MWB,7/21 14:40:00,24.50,24.50,0.00980,30.30,0.01337,0.697,0.00
,SMSTORE2,7657.51,9189.01,52.75,0.546,0.697,BUFFALO.NIAGARA.INTL.AP_NY_USA ANN CLG .4% CONDNS DB=>MWB,7/21 14:40:00,24.50,24.50,0.00981,30.30,0.01337,0.697,0.00
,SMSTORE3,7657.63,9189.15,52.75,0.546,0.697,BUFFALO.NIAGARA.INTL.AP_NY_USA ANN CLG .4% CONDNS DB=>MWB,7/21 14:40:00,24.50,24.50,0.00981,30.30,0.01337,0.697,0.00
,SMSTORE4,7662.29,9194.75,52.78,0.547,0.697,BUFFALO.NIAGARA.INTL.AP_NY_USA ANN CLG .4% CONDNS DB=>MWB,7/21 14:40:00,24.50,24.50,0.00981,30.30,0.01337,0.697,0.00
,LGSTORE2,14900.25,17880.30,51.32,1.063,1.394,BUFFALO.NIAGARA.INTL.AP_NY_USA ANN CLG .4% CONDNS DB=>MWB,7/21 14:30:00,24.50,24.50,0.00976,30.30,0.01337,1.394,0.00
,SMSTORE5,7705.16,9246.19,53.08,0.550,0.697,BUFFALO.NIAGARA.INTL.AP_NY_USA ANN CLG .4% CONDNS DB=>MWB,7/21 14:40:00,24.50,24.50,0.00980,30.30,0.01337,0.697,0.00
,SMSTORE6,7659.00,9190.80,52.76,0.547,0.697,BUFFALO.NIAGARA.INTL.AP_NY_USA ANN CLG .4% CONDNS DB=>MWB,7/21 14:40:00,24.50,24.50,0.00981,30.30,0.01337,0.697,0.00
,SMSTORE7,7641.47,9169.77,52.64,0.545,0.697,BUFFALO.NIAGARA.INTL.AP_NY_USA ANN CLG .4% CONDNS DB=>MWB,7/21 14:30:00,24.50,24.50,0.00981,30.30,0.01337,0.697,0.00
,SMSTORE8,8299.34,9959.20,57.17,0.592,0.711,BUFFALO.NIAGARA.INTL.AP_NY_USA ANN CLG .4% CONDNS DB=>MWB,7/21 13:50:00,24.50,24.50,0.00983,30.22,0.01337,0.697,0.00
The Design Load is the zone sensible load only. It does not include any system effects or ventilation loads.


Zone Sensible Heating

,,Calculated Design Load [W],User Design Load [W],User Design Load per Area [W/m2],Calculated Design Air Flow [m3/s],User Design Air Flow [m3/s],Design Day Name,Date/Time Of Peak {TIMESTAMP},Thermostat Setpoint Temperature at Peak Load [C],Indoor Temperature at Peak Load [C],Indoor Humidity Ratio at Peak Load [kgWater/kgDryAir],Outdoor Temperature at Peak Load [C],Outdoor Humidity Ratio at Peak Load [kgWater/kgDryAir],Minimum Outdoor Air Flow Rate [m3/s],Heat Gain Rate from DOAS [W]
,LGSTORE1,23813.96,28576.75,82.03,1.020,1.394,BUFFALO.NIAGARA.INTL.AP_NY_USA ANN HTG 99.6% CONDNS DB,1/21 18:00:00,20.50,20.49,0.00626,-16.30,0.00092,1.394,0.00
,SMSTORE1,11081.00,13297.20,76.34,0.475,0.697,BUFFALO.NIAGARA.INTL.AP_NY_USA ANN HTG 99.6% CONDNS DB,1/21 18:00:00,20.50,20.49,0.00613,-16.30,0.00092,0.697,0.00
,SMSTORE2,10983.49,13180.18,75.66,0.470,0.697,BUFFALO.NIAGARA.INTL.AP_NY_USA ANN HTG 99.6% CONDNS DB,1/21 18:00:00,20.50,20.49,0.00612,-16.30,0.00092,0.697,0.00
,SMSTORE3,10977.67,13173.20,75.62,0.470,0.697,BUFFALO.NIAGARA.INTL.AP_NY_USA ANN HTG 99.6% CONDNS DB,1/21 18:00:00,20.50,20.49,0.00612,-16.30,0.00092,0.697,0.00
,SMSTORE4,11046.48,13255.78,76.10,0.473,0.697,BUFFALO.NIAGARA.INTL.AP_NY_USA ANN HTG 99.6% CONDNS DB,1/21 18:00:00,20.50,20.49,0.00613,-16.30,0.00092,0.697,0.00
,LGSTORE2,20561.64,24673.96,70.82,0.881,1.394,BUFFALO.NIAGARA.INTL.AP_NY_USA ANN HTG 99.6% CONDNS DB,1/21 18:00:00,20.50,20.49,0.00616,-16.30,0.00092,1.394,0.00
,SMSTORE5,10999.61,13199.53,75.78,0.471,0.697,BUFFALO.NIAGARA.INTL.AP_NY_USA ANN HTG 99.6% CONDNS DB,1/21 18:00:00,20.50,20.49,0.00612,-16.30,0.00092,0.697,0.00
,SMSTORE6,10988.07,13185.68,75.70,0.471,0.697,BUFFALO.NIAGARA.INTL.AP_NY_USA ANN HTG 99.6% CONDNS DB,1/21 18:00:00,20.50,20.49,0.00612,-16.30,0.00092,0.697,0.00
,SMSTORE7,11166.54,13399.85,76.93,0.478,0.697,BUFFALO.NIAGARA.INTL.AP_NY_USA ANN HTG 99.6% CONDNS DB,1/21 18:00:00,20.50,20.49,0.00614,-16.30,0.00092,0.697,0.00
,SMSTORE8,14179.73,17015.68,97.68,0.607,0.729,BUFFALO.NIAGARA.INTL.AP_NY_USA ANN HTG 99.6% CONDNS DB,1/21 18:00:00,20.50,20.49,0.00628,-16.30,0.00092,0.697,0.00
The Design Load is the zone sensible load only. It does not include any system effects or ventilation loads.


System Design Air Flow Rates

,,Calculated cooling [m3/s],User cooling [m3/s],Calculated heating [m3/s],User heating [m3/s],Adjusted cooling [m3/s],Adjusted heating [m3/s],Adjusted main [m3/s],Calculated Heating Air Flow Ratio [],User Heating Air Flow Ratio []
,PSZ-AC_1:1,1.39,1.39,1.39,1.39,1.3935,1.3935,1.3935,1.0000,1.0000
,PSZ-AC_2:2,0.70,0.70,0.70,0.70,0.6968,0.6968,0.6968,1.0000,1.0000
,PSZ-AC_3:3,0.70,0.70,0.70,0.70,0.6968,0.6968,0.6968,1.0000,1.0000
,PSZ-AC_4:4,0.70,0.70,0.70,0.70,0.6968,0.6968,0.6968,1.0000,1.0000
,PSZ-AC_5:5,0.70,0.70,0.70,0.70,0.6968,0.6968,0.6968,1.0000,1.0000
,PSZ-AC_6:6,1.39,1.39,1.39,1.39,1.3935,1.3935,1.3935,1.0000,1.0000
,PSZ-AC_7:7,0.70,0.70,0.70,0.70,0.6968,0.6968,0.6968,1.0000,1.0000
,PSZ-AC_8:8,0.70,0.70,0.70,0.70,0.6968,0.6968,0.6968,1.0000,1.0000
,PSZ-AC_9:9,0.70,0.70,0.70,0.70,0.6968,0.6968,0.6968,1.0000,1.0000
,PSZ-AC_10:10,0.71,0.71,0.73,0.73,0.7286,0.7286,0.7286,1.0000,1.0000


Plant Loop Coincident Design Fluid Flow Rate Adjustments

,,Previous Design Volume Flow Rate [m3/s],Algorithm Volume Flow Rate [m3/s],Coincident Design Volume Flow Rate [m3/s],Coincident Size Adjusted,Peak Sizing Period Name,Peak Day into Period {TIMESTAMP}[day],Peak Hour Of Day {TIMESTAMP}[hr],Peak Step Start Minute {TIMESTAMP}[min]
,None,,,,,,,,


Coil Sizing Summary

,,Coil Type,HVAC Type,HVAC Name,Coil Final Gross Total Capacity [W],Coil Final Gross Sensible Capacity [W],Coil Final Reference Air Volume Flow Rate [m3/s],Coil Final Reference Plant Fluid Volume Flow Rate [m3/s],Coil U-value Times Area Value [W/K],Design Day Name at Sensible Ideal Loads Peak,Date/Time at Sensible Ideal Loads Peak,Design Day Name at Air Flow Ideal Loads Peak,Date/Time at Air Flow Ideal Loads Peak,Coil Total Capacity at Ideal Loads Peak [W],Coil Sensible Capacity at Ideal Loads Peak [W],Coil Air Volume Flow Rate at Ideal Loads Peak [m3/s],Coil Entering Air Drybulb at Ideal Loads Peak [C],Coil Entering Air Wetbulb at Ideal Loads Peak [C],Coil Entering Air Humidity Ratio at Ideal Loads Peak [kgWater/kgDryAir],Coil Leaving Air Drybulb at Ideal Loads Peak [C],Coil Leaving Air Wetbulb at Ideal Loads Peak [C],Coil Leaving Air Humidity Ratio at Ideal Loads Peak [kgWater/kgDryAir],Outdoor Air Drybulb at Ideal Loads Peak [C],Outdoor Air Humidity Ratio at Ideal Loads Peak [kgWater/kgDryAir],Outdoor Air Wetbulb at Ideal Loads Peak [C],Outdoor Air Flow Percentage at Ideal Loads Peak [%],Zone Air Drybulb at Ideal Loads Peak [C],Zone Air Humidity Ratio at Ideal Loads Peak [kgWater/kgDryAir],Zone Air Relative Humidity at Ideal Loads Peak [%],Zone Sensible Heat Gain at Ideal Loads Peak [W],Zone Latent Heat Gain at Ideal Loads Peak [W],Coil Total Capacity at Rating Conditions [W],Coil Sensible Capacity at Rating Conditions [W]
,PSZ-AC_1:1 COOLING COIL,Coil:Cooling:DX:MultiSpeed,AirLoopHVAC,PSZ-AC_1:1,40181.260,30066.431,1.863640,-999.0,-999.000,BUFFALO.NIAGARA.INTL.AP_NY_USA ANN CLG .4% CONDNS DB=>MWB,7/21 14:00:00,BUFFALO.NIAGARA.INTL.AP_NY_USA ANN HTG 99.6% CONDNS DB,1/21 00:10:00,20090.63,12470.84,1.242427,31.19,22.08,0.01336696,12.80,11.87,0.00850000,30.30,0.01336696,21.83,112.1632,24.50,0.00981919,49.9148,15006.97,0.00,-999.00,-999.00
,PSZ-AC_1:1 HEATING COIL,Coil:Heating:Fuel,AirLoopHVAC,PSZ-AC_1:1,92549.696,92549.696,-999.0,-999.0,-999.000,BUFFALO.NIAGARA.INTL.AP_NY_USA ANN HTG 99.6% CONDNS DB,1/21 00:10:00,BUFFALO.NIAGARA.INTL.AP_NY_USA ANN HTG 99.6% CONDNS DB,1/21 00:10:00,92549.70,92549.70,1.393546,-16.30,-16.30,0.00092409,40.00,20.89,0.00800000,-16.30,0.00092409,-16.30,100.0000,20.50,0.00725930,47.2415,11815.81,0.00,-999.00,-999.00
,PSZ-AC_2:2 COOLING COIL,Coil:Cooling:DX:MultiSpeed,AirLoopHVAC,PSZ-AC_2:2,21420.440,16168.577,1.013010,-999.0,-999.000,BUFFALO.NIAGARA.INTL.AP_NY_USA ANN CLG .4% CONDNS DB=>MWB,7/21 14:00:00,BUFFALO.NIAGARA.INTL.AP_NY_USA ANN HTG 99.6% CONDNS DB,1/21 00:10:00,10710.22,6651.96,0.675340,31.22,22.09,0.01336696,12.80,11.87,0.00850000,30.30,0.01336696,21.83,103.1736,24.50,0.00980397,49.8382,7660.77,0.00,-999.00,-999.00
,PSZ-AC_2:2 HEATING COIL,Coil:Heating:Fuel,AirLoopHVAC,PSZ-AC_2:2,46274.848,46274.848,-999.0,-999.0,-999.000,BUFFALO.NIAGARA.INTL.AP_NY_USA ANN HTG 99.6% CONDNS DB,1/21 01:20:00,BUFFALO.NIAGARA.INTL.AP_NY_USA ANN HTG 99.6% CONDNS DB,1/21 01:20:00,46274.85,46274.85,0.696773,-16.30,-16.30,0.00092409,40.00,20.89,0.00800000,-16.30,0.00092409,-16.30,100.0000,20.50,0.00741139,48.2175,4387.05,0.00,-999.00,-999.00
,PSZ-AC_3:3 COOLING COIL,Coil:Cooling:DX:MultiSpeed,AirLoopHVAC,PSZ-AC_3:3,21521.610,16252.689,1.019080,-999.0,-999.000,BUFFALO.NIAGARA.INTL.AP_NY_USA ANN CLG .4% CONDNS DB=>MWB,7/21 14:00:00,BUFFALO.NIAGARA.INTL.AP_NY_USA ANN HTG 99.6% CONDNS DB,1/21 00:10:00,10760.81,6683.38,0.679387,31.22,22.09,0.01336696,12.80,11.87,0.00850000,30.30,0.01336696,21.83,102.5591,24.50,0.00981008,49.8688,7615.17,0.00,-999.00,-999.00
,PSZ-AC_3:3 HEATING COIL,Coil:Heating:Fuel,AirLoopHVAC,PSZ-AC_3:3,46274.848,46274.848,-999.0,-999.0,-999.000,BUFFALO.NIAGARA.INTL.AP_NY_USA ANN HTG 99.6% CONDNS DB,1/21 00:10:00,BUFFALO.NIAGARA.INTL.AP_NY_USA ANN HTG 99.6% CONDNS DB,1/21 00:10:00,46274.85,46274.85,0.696773,-16.30,-16.30,0.00092409,40.00,20.89,0.00800000,-16.30,0.00092409,-16.30,100.0000,20.50,0.00738511,48.0487,4292.20,0.00,-999.00,-999.00
,PSZ-AC_4:4 COOLING COIL,Coil:Cooling:DX:MultiSpeed,AirLoopHVAC,PSZ-AC_4:4,21580.240,16301.929,1.022670,-999.0,-999.000,BUFFALO.NIAGARA.INTL.AP_NY_USA ANN CLG .4% CONDNS DB=>MWB,7/21 14:00:00,BUFFALO.NIAGARA.INTL.AP_NY_USA ANN HTG 99.6% CONDNS DB,1/21 00:10:00,10790.12,6701.59,0.681780,31.22,22.09,0.01336696,12.80,11.87,0.00850000,30.30,0.01336696,21.83,102.1991,24.50,0.00981005,49.8687,7615.34,0.00,-999.00,-999.00
,PSZ-AC_4:4 HEATING COIL,Coil:Heating:Fuel,AirLoopHVAC,PSZ-AC_4:4,46274.848,46274.848,-999.0,-999.0,-999.000,BUFFALO.NIAGARA.INTL.AP_NY_USA ANN HTG 99.6% CONDNS DB,1/21 00:10:00,BUFFALO.NIAGARA.INTL.AP_NY_USA ANN HTG 99.6% CONDNS DB,1/21 00:10:00,46274.85,46274.85,0.696773,-16.30,-16.30,0.00092409,40.00,20.89,0.00800000,-16.30,0.00092409,-16.30,100.0000,20.50,0.00738426,48.0432,4286.38,0.00,-999.00,-999.00
,PSZ-AC_5:5 COOLING COIL,Coil:Cooling:DX:MultiSpeed,AirLoopHVAC,PSZ-AC_5:5,21414.150,16161.687,1.012380,-999.0,-999.000,BUFFALO.NIAGARA.INTL.AP_NY_USA ANN CLG .4% CONDNS DB=>MWB,7/21 14:00:00,BUFFALO.NIAGARA.INTL.AP_NY_USA ANN HTG 99.6% CONDNS DB,1/21 00:10:00,10707.08,6650.01,0.674920,31.22,22.09,0.01336696,12.80,11.87,0.00850000,30.30,0.01336696,21.83,103.2378,24.50,0.00980945,49.8657,7619.84,0.00,-999.00,-999.00
,PSZ-AC_5:5 HEATING COIL,Coil:Heating:Fuel,AirLoopHVAC,PSZ-AC_5:5,46274.848,46274.848,-999.0,-999.0,-999.000,BUFFALO.NIAGARA.INTL.AP_NY_USA ANN HTG 99.6% CONDNS DB,1/21 01:20:00,BUFFALO.NIAGARA.INTL.AP_NY_USA ANN HTG 99.6% CONDNS DB,1/21 01:20:00,46274.85,46274.85,0.696773,-16.30,-16.30,0.00092409,40.00,20.89,0.00800000,-16.30,0.00092409,-16.30,100.0000,20.50,0.00740687,48.1885,4352.45,0.00,-999.00,-999.00
,PSZ-AC_6:6 COOLING COIL,Coil:Cooling:DX:MultiSpeed,AirLoopHVAC,PSZ-AC_6:6,38591.680,28748.872,1.775180,-999.0,-999.000,BUFFALO.NIAGARA.INTL.AP_NY_USA ANN CLG .4% CONDNS DB=>MWB,7/21 14:00:00,BUFFALO.NIAGARA.INTL.AP_NY_USA ANN HTG 99.6% CONDNS DB,1/21 00:10:00,19295.84,11977.49,1.183453,31.19,22.08,0.01336696,12.80,11.87,0.00850000,30.30,0.01336696,21.83,117.7525,24.50,0.00976714,49.6537,14829.10,0.00,-999.00,-999.00
,PSZ-AC_6:6 HEATING COIL,Coil:Heating:Fuel,AirLoopHVAC,PSZ-AC_6:6,92549.696,92549.696,-999.0,-999.0,-999.000,BUFFALO.NIAGARA.INTL.AP_NY_USA ANN HTG 99.6% CONDNS DB,1/21 00:10:00,BUFFALO.NIAGARA.INTL.AP_NY_USA ANN HTG 99.6% CONDNS DB,1/21 00:10:00,92549.70,92549.70,1.393546,-16.30,-16.30,0.00092409,40.00,20.89,0.00800000,-16.30,0.00092409,-16.30,100.0000,20.50,0.00738480,48.0468,8563.50,0.00,-999.00,-999.00
,PSZ-AC_7:7 COOLING COIL,Coil:Cooling:DX:MultiSpeed,AirLoopHVAC,PSZ-AC_7:7,19962.880,14888.715,0.921140,-999.0,-999.000,BUFFALO.NIAGARA.INTL.AP_NY_USA ANN CLG .4% CONDNS DB=>MWB,7/21 14:00:00,BUFFALO.NIAGARA.INTL.AP_NY_USA ANN HTG 99.6% CONDNS DB,1/21 00:10:00,9981.44,6199.33,0.614093,31.22,22.09,0.01336696,12.80,11.87,0.00850000,30.30,0.01336696,21.83,113.4637,24.50,0.00980368,49.8368,7662.68,0.00,-999.00,-999.00
,PSZ-AC_7:7 HEATING COIL,Coil:Heating:Fuel,AirLoopHVAC,PSZ-AC_7:7,46274.848,46274.848,-999.0,-999.0,-999.000,BUFFALO.NIAGARA.INTL.AP_NY_USA ANN HTG 99.6% CONDNS DB,1/21 00:20:00,BUFFALO.NIAGARA.INTL.AP_NY_USA ANN HTG 99.6% CONDNS DB,1/21 00:20:00,46274.85,46274.85,0.696773,-16.30,-16.30,0.00092409,40.00,20.89,0.00800000,-16.30,0.00092409,-16.30,100.0000,20.50,0.00739016,48.0811,4307.79,0.00,-999.00,-999.00
,PSZ-AC_8:8 COOLING COIL,Coil:Cooling:DX:MultiSpeed,AirLoopHVAC,PSZ-AC_8:8,19866.440,14807.252,0.915110,-999.0,-999.000,BUFFALO.NIAGARA.INTL.AP_NY_USA ANN CLG .4% CONDNS DB=>MWB,7/21 14:00:00,BUFFALO.NIAGARA.INTL.AP_NY_USA ANN HTG 99.6% CONDNS DB,1/21 00:10:00,9933.22,6169.38,0.610073,31.22,22.09,0.01336696,12.80,11.87,0.00850000,30.30,0.01336696,21.83,114.2113,24.50,0.00980986,49.8677,7616.79,0.00,-999.00,-999.00
,PSZ-AC_8:8 HEATING COIL,Coil:Heating:Fuel,AirLoopHVAC,PSZ-AC_8:8,46274.848,46274.848,-999.0,-999.0,-999.000,BUFFALO.NIAGARA.INTL.AP_NY_USA ANN HTG 99.6% CONDNS DB,1/21 00:10:00,BUFFALO.NIAGARA.INTL.AP_NY_USA ANN HTG 99.6% CONDNS DB,1/21 00:10:00,46274.85,46274.85,0.696773,-16.30,-16.30,0.00092409,40.00,20.89,0.00800000,-16.30,0.00092409,-16.30,100.0000,20.50,0.00738577,48.0529,4296.77,0.00,-999.00,-999.00
,PSZ-AC_9:9 COOLING COIL,Coil:Cooling:DX:MultiSpeed,AirLoopHVAC,PSZ-AC_9:9,19692.330,14668.226,0.905560,-999.0,-999.000,BUFFALO.NIAGARA.INTL.AP_NY_USA ANN CLG .4% CONDNS DB=>MWB,7/21 14:00:00,BUFFALO.NIAGARA.INTL.AP_NY_USA ANN HTG 99.6% CONDNS DB,1/21 00:10:00,9846.17,6115.31,0.603707,31.22,22.09,0.01336696,12.80,11.87,0.00850000,30.30,0.01336696,21.83,115.4158,24.50,0.00981174,49.8771,7602.50,0.00,-999.00,-999.00
,PSZ-AC_9:9 HEATING COIL,Coil:Heating:Fuel,AirLoopHVAC,PSZ-AC_9:9,46274.848,46274.848,-999.0,-999.0,-999.000,BUFFALO.NIAGARA.INTL.AP_NY_USA ANN HTG 99.6% CONDNS DB,1/21 00:10:00,BUFFALO.NIAGARA.INTL.AP_NY_USA ANN HTG 99.6% CONDNS DB,1/21 00:10:00,46274.85,46274.85,0.696773,-16.30,-16.30,0.00092409,40.00,20.89,0.00800000,-16.30,0.00092409,-16.30,100.0000,20.50,0.00741047,48.2117,4475.11,0.00,-999.00,-999.00
,PSZ-AC_10:10 COOLING COIL,Coil:Cooling:DX:MultiSpeed,AirLoopHVAC,PSZ-AC_10:10,20616.940,15457.963,0.961300,-999.0,-999.000,BUFFALO.NIAGARA.INTL.AP_NY_USA ANN CLG .4% CONDNS DB=>MWB,7/21 14:00:00,BUFFALO.NIAGARA.INTL.AP_NY_USA ANN CLG .4% CONDNS DB=>MWB,7/21 13:50:00,10308.47,6423.31,0.640867,31.10,22.01,0.01329852,12.80,11.87,0.00850000,30.30,0.01336696,21.83,108.7235,24.50,0.00983532,49.9961,8297.86,0.00,-999.00,-999.00
,PSZ-AC_10:10 HEATING COIL,Coil:Heating:Fuel,AirLoopHVAC,PSZ-AC_10:10,47008.052,47008.052,-999.0,-999.0,-999.000,BUFFALO.NIAGARA.INTL.AP_NY_USA ANN HTG 99.6% CONDNS DB,1/21 18:00:00,BUFFALO.NIAGARA.INTL.AP_NY_USA ANN HTG 99.6% CONDNS DB,1/21 18:00:00,47008.05,47008.05,0.728634,-14.69,-14.69,0.00115819,40.00,20.89,0.00800000,-16.30,0.00092409,-16.30,95.6273,20.49,0.00627786,40.9355,14179.73,0.00,-999.00,-999.00


----------------------------------------------------------------------------------------------------
REPORT:,Coil Sizing Details
FOR:,Entire Facility
Coils

,,Coil Type,Coil Location,HVAC Type,HVAC Name,Zone Name(s),System Sizing Method Concurrence,System Sizing Method Capacity,System Sizing Method Air Flow,Autosized Coil Capacity?,Autosized Coil Airflow?,Autosized Coil Water Flow?,OA Pretreated prior to coil inlet?,Coil Final Gross Total Capacity [W],Coil Final Gross Sensible Capacity [W],Coil Final Reference Air Volume Flow Rate [m3/s],Coil Final Reference Plant Fluid Volume Flow Rate [m3/s],Coil U-value Times Area Value [W/K],Terminal Unit Reheat Coil Multiplier,DX Coil Capacity Increase Ratio from Too Low Flow/Capacity Ratio,DX Coil Capacity Decrease Ratio from Too High Flow/Capacity Ratio,Moist Air Heat Capacity [J/kg-K],Dry Air Heat Capacity [J/kg-K],Standard Air Density Adjusted for Elevation [kg/m3],Supply Fan Name for Coil,Supply Fan Type for Coil,Supply Fan Maximum Air Volume Flow Rate [m3/s],Supply Fan Maximum Air Mass Flow Rate [kg/s],Plant Name for Coil,Plant Fluid Specific Heat Capacity [J/kg-K],Plant Fluid Density [kg/m3],Plant Maximum Fluid Mass Flow Rate [kg/s],Plant Design Fluid Return Temperature [C],Plant Design Fluid Supply Temperature [C],Plant Design Fluid Temperature Difference [deltaC],Plant Design Capacity [W],Coil Capacity Percentage of Plant Design Capacity [%],Coil Fluid Flow Rate Percentage of Plant Design Flow Rate [%],Design Day Name at Sensible Ideal Loads Peak,Date/Time at Sensible Ideal Loads Peak,Design Day Name at Total Ideal Loads Peak,Date/Time at Total Ideal Loads Peak,Design Day Name at Air Flow Ideal Loads Peak,Date/Time at Air Flow Ideal Loads Peak,Peak Load Type to Size On,Coil Total Capacity at Ideal Loads Peak [W],Coil Sensible Capacity at Ideal Loads Peak [W],Coil Off-Rating Capacity Modifier at Ideal Loads Peak [ ],Coil Air Mass Flow Rate at Ideal Loads Peak [kg/s],Coil Air Volume Flow Rate at Ideal Loads Peak [m3/s],Coil Entering Air Drybulb at Ideal Loads Peak [C],Coil Entering Air Wetbulb at Ideal Loads Peak [C],Coil Entering Air Humidity Ratio at Ideal Loads Peak [kgWater/kgDryAir],Coil Entering Air Enthalpy at Ideal Loads Peak [J/KG-K],Coil Leaving Air Drybulb at Ideal Loads Peak [C],Coil Leaving Air Wetbulb at Ideal Loads Peak [C],Coil Leaving Air Humidity Ratio at Ideal Loads Peak [kgWater/kgDryAir],Coil Leaving Air Enthalpy at Ideal Loads Peak [J/KG-K],Coil Plant Fluid Mass Flow Rate at Ideal Loads Peak [kg/s],Coil Entering Plant Fluid Temperature at Ideal Loads Peak [C],Coil Leaving Plant Fluid Temperature at Ideal Loads Peak [C],Coil Plant Fluid Temperature Difference at Ideal Loads Peak [deltaC],Supply Fan Air Heat Gain at Ideal Loads Peak [W],Coil and Fan Net Total Capacity at Ideal Loads Peak [W],Outdoor Air Drybulb at Ideal Loads Peak [C],Outdoor Air Humidity Ratio at Ideal Loads Peak [kgWater/kgDryAir],Outdoor Air Wetbulb at Ideal Loads Peak [C],Outdoor Air Volume Flow Rate at Ideal Loads Peak [m3/s],Outdoor Air Flow Percentage at Ideal Loads Peak [%],System Return Air Drybulb at Ideal Loads Peak [C],System Return Air Humidity Ratio at Ideal Loads Peak [kgWater/kgDryAir],Zone Air Drybulb at Ideal Loads Peak [C],Zone Air Humidity Ratio at Ideal Loads Peak [kgWater/kgDryAir],Zone Air Relative Humidity at Ideal Loads Peak [%],Zone Sensible Heat Gain at Ideal Loads Peak [W],Zone Latent Heat Gain at Ideal Loads Peak [W],Coil Total Capacity at Rating Conditions [W],Coil Sensible Capacity at Rating Conditions [W],Coil Air Mass Flow Rate at Rating Conditions [kg/s],Coil Entering Air Drybulb at Rating Conditions [C],Coil Entering Air Wetbulb at Rating Conditions [C],Coil Entering Air Humidity Ratio at Rating Conditions [kgWater/kgDryAir],Coil Entering Air Enthalpy at Rating Conditions [J/KG-K],Coil Leaving Air Drybulb at Rating Conditions [C],Coil Leaving Air Wetbulb at Rating Conditions [C],Coil Leaving Air Humidity Ratio at Rating Conditions [kgWater/kgDryAir],Coil Leaving Air Enthalpy at Rating Conditions [J/KG-K]
,PSZ-AC_1:1 COOLING COIL,Coil:Cooling:DX:MultiSpeed,AirLoop,AirLoopHVAC,PSZ-AC_1:1,LGSTORE1,Coincident,CoolingDesignCapacity,N/A,No,No,unknown,No,40181.260,30066.431,1.863640,-999.0,-999.000,-999.0000,1.00000,1.00000,1029.6885,1004.8586,1.1739,PSZ-AC_1:1_ADDAQ_UNITARY_PACKAGE_FAN,Fan:SystemModel,1.393546,1.63591846,,-999.0000,-999.0000,-999.0,-999.00,-999.00,-999.00,-999.00,-999.0000,-999.0,BUFFALO.NIAGARA.INTL.AP_NY_USA ANN CLG .4% CONDNS DB=>MWB,7/21 14:00:00,BUFFALO.NIAGARA.INTL.AP_NY_USA ANN CLG .4% CONDNS DB=>MWB,7/21 14:00:00,BUFFALO.NIAGARA.INTL.AP_NY_USA ANN HTG 99.6% CONDNS DB,1/21 00:10:00,Sensible,20090.63,12470.84,1.0000,1.45851611,1.242427,31.19,22.08,0.01336696,65541.0,12.80,11.87,0.00850000,34322.2,-999.0,-999.00,-999.00,-999.00,0.000,20090.63,30.30,0.01336696,21.83,1.39354560,112.1632,24.50,0.00981919,24.50,0.00981919,49.9148,15006.97,0.00,-999.00,-999.00,-999.0,-999.00,-999.00,-999.0,-999.0,-999.00,-999.00,-999.0,-999.0
,PSZ-AC_1:1 HEATING COIL,Coil:Heating:Fuel,AirLoop,AirLoopHVAC,PSZ-AC_1:1,LGSTORE1,Coincident,HeatingDesignCapacity,N/A,Yes,No,unknown,No,92549.696,92549.696,-999.0,-999.0,-999.000,-999.0000,1.00000,1.00000,1019.7116,1004.8586,1.1739,PSZ-AC_1:1_ADDAQ_UNITARY_PACKAGE_FAN,Fan:SystemModel,1.393546,1.63591846,,-999.0000,-999.0000,-999.0,-999.00,-999.00,-999.00,-999.00,-999.0000,-999.0,BUFFALO.NIAGARA.INTL.AP_NY_USA ANN HTG 99.6% CONDNS DB,1/21 00:10:00,unknown,unknown,BUFFALO.NIAGARA.INTL.AP_NY_USA ANN HTG 99.6% CONDNS DB,1/21 00:10:00,Sensible,92549.70,92549.70,1.0000,1.63591846,1.393546,-16.30,-16.30,0.00092409,-14095.8,40.00,20.89,0.00800000,60796.0,-999.0,-999.00,-999.00,-999.00,0.000,92549.70,-16.30,0.00092409,-16.30,1.39354560,100.0000,20.50,0.00725930,20.50,0.00725930,47.2415,11815.81,0.00,-999.00,-999.00,-999.0,-999.00,-999.00,-999.0,-999.0,-999.00,-999.00,-999.0,-999.0
,PSZ-AC_2:2 COOLING COIL,Coil:Cooling:DX:MultiSpeed,AirLoop,AirLoopHVAC,PSZ-AC_2:2,SMSTORE1,Coincident,CoolingDesignCapacity,N/A,No,No,unknown,No,21420.440,16168.577,1.013010,-999.0,-999.000,-999.0000,1.00000,1.00000,1029.6885,1004.8586,1.1739,PSZ-AC_2:2_ADDAQ_UNITARY_PACKAGE_FAN,Fan:SystemModel,0.696773,0.81795923,,-999.0000,-999.0000,-999.0,-999.00,-999.00,-999.00,-999.00,-999.0000,-999.0,BUFFALO.NIAGARA.INTL.AP_NY_USA ANN CLG .4% CONDNS DB=>MWB,7/21 14:00:00,BUFFALO.NIAGARA.INTL.AP_NY_USA ANN CLG .4% CONDNS DB=>MWB,7/21 14:00:00,BUFFALO.NIAGARA.INTL.AP_NY_USA ANN HTG 99.6% CONDNS DB,1/21 00:10:00,Sensible,10710.22,6651.96,1.0000,0.79279872,0.675340,31.22,22.09,0.01336696,65572.7,12.80,11.87,0.00850000,34322.2,-999.0,-999.00,-999.00,-999.00,0.000,10710.22,30.30,0.01336696,21.83,0.69677280,103.1736,24.50,0.00980397,24.50,0.00980397,49.8382,7660.77,0.00,-999.00,-999.00,-999.0,-999.00,-999.00,-999.0,-999.0,-999.00,-999.00,-999.0,-999.0
,PSZ-AC_2:2 HEATING COIL,Coil:Heating:Fuel,AirLoop,AirLoopHVAC,PSZ-AC_2:2,SMSTORE1,Coincident,HeatingDesignCapacity,N/A,Yes,No,unknown,No,46274.848,46274.848,-999.0,-999.0,-999.000,-999.0000,1.00000,1.00000,1019.7116,1004.8586,1.1739,PSZ-AC_2:2_ADDAQ_UNITARY_PACKAGE_FAN,Fan:SystemModel,0.696773,0.81795923,,-999.0000,-999.0000,-999.0,-999.00,-999.00,-999.00,-999.00,-999.0000,-999.0,BUFFALO.NIAGARA.INTL.AP_NY_USA ANN HTG 99.6% CONDNS DB,1/21 01:20:00,unknown,unknown,BUFFALO.NIAGARA.INTL.AP_NY_USA ANN HTG 99.6% CONDNS DB,1/21 01:20:00,Sensible,46274.85,46274.85,1.0000,0.81795923,0.696773,-16.30,-16.30,0.00092409,-14095.8,40.00,20.89,0.00800000,60796.0,-999.0,-999.00,-999.00,-999.00,0.000,46274.85,-16.30,0.00092409,-16.30,0.69677280,100.0000,20.50,0.00741139,20.50,0.00741139,48.2175,4387.05,0.00,-999.00,-999.00,-999.0,-999.00,-999.00,-999.0,-999.0,-999.00,-999.00,-999.0,-999.0
,PSZ-AC_3:3 COOLING COIL,Coil:Cooling:DX:MultiSpeed,AirLoop,AirLoopHVAC,PSZ-AC_3:3,SMSTORE2,Coincident,CoolingDesignCapacity,N/A,No,No,unknown,No,21521.610,16252.689,1.019080,-999.0,-999.000,-999.0000,1.00000,1.00000,1029.6885,1004.8586,1.1739,PSZ-AC_3:3_ADDAQ_UNITARY_PACKAGE_FAN,Fan:SystemModel,0.696773,0.81795923,,-999.0000,-999.0000,-999.0,-999.00,-999.00,-999.00,-999.00,-999.0000,-999.0,BUFFALO.NIAGARA.INTL.AP_NY_USA ANN CLG .4% CONDNS DB=>MWB,7/21 14:00:00,BUFFALO.NIAGARA.INTL.AP_NY_USA ANN CLG .4% CONDNS DB=>MWB,7/21 14:00:00,BUFFALO.NIAGARA.INTL.AP_NY_USA ANN HTG 99.6% CONDNS DB,1/21 00:10:00,Sensible,10760.81,6683.38,1.0000,0.79754921,0.679387,31.22,22.09,0.01336696,65572.7,12.80,11.87,0.00850000,34322.2,-999.0,-999.00,-999.00,-999.00,0.000,10760.81,30.30,0.01336696,21.83,0.69677280,102.5591,24.50,0.00981008,24.50,0.00981008,49.8688,7615.17,0.00,-999.00,-999.00,-999.0,-999.00,-999.00,-999.0,-999.0,-999.00,-999.00,-999.0,-999.0
,PSZ-AC_3:3 HEATING COIL,Coil:Heating:Fuel,AirLoop,AirLoopHVAC,PSZ-AC_3:3,SMSTORE2,Coincident,HeatingDesignCapacity,N/A,Yes,No,unknown,No,46274.848,46274.848,-999.0,-999.0,-999.000,-999.0000,1.00000,1.00000,1019.7116,1004.8586,1.1739,PSZ-AC_3:3_ADDAQ_UNITARY_PACKAGE_FAN,Fan:SystemModel,0.696773,0.81795923,,-999.0000,-999.0000,-999.0,-999.00,-999.00,-999.00,-999.00,-999.0000,-999.0,BUFFALO.NIAGARA.INTL.AP_NY_USA ANN HTG 99.6% CONDNS DB,1/21 00:10:00,unknown,unknown,BUFFALO.NIAGARA.INTL.AP_NY_USA ANN HTG 99.6% CONDNS DB,1/21 00:10:00,Sensible,46274.85,46274.85,1.0000,0.81795923,0.696773,-16.30,-16.30,0.00092409,-14095.8,40.00,20.89,0.00800000,60796.0,-999.0,-999.00,-999.00,-999.00,0.000,46274.85,-16.30,0.00092409,-16.30,0.69677280,100.0000,20.50,0.00738511,20.50,0.00738511,48.0487,4292.20,0.00,-999.00,-999.00,-999.0,-999.00,-999.00,-999.0,-999.0,-999.00,-999.00,-999.0,-999.0
,PSZ-AC_4:4 COOLING COIL,Coil:Cooling:DX:MultiSpeed,AirLoop,AirLoopHVAC,PSZ-AC_4:4,SMSTORE3,Coincident,CoolingDesignCapacity,N/A,No,No,unknown,No,21580.240,16301.929,1.022670,-999.0,-999.000,-999.0000,1.00000,1.00000,1029.6885,1004.8586,1.1739,PSZ-AC_4:4_ADDAQ_UNITARY_PACKAGE_FAN,Fan:SystemModel,0.696773,0.81795923,,-999.0000,-999.0000,-999.0,-999.00,-999.00,-999.00,-999.00,-999.0000,-999.0,BUFFALO.NIAGARA.INTL.AP_NY_USA ANN CLG .4% CONDNS DB=>MWB,7/21 14:00:00,BUFFALO.NIAGARA.INTL.AP_NY_USA ANN CLG .4% CONDNS DB=>MWB,7/21 14:00:00,BUFFALO.NIAGARA.INTL.AP_NY_USA ANN HTG 99.6% CONDNS DB,1/21 00:10:00,Sensible,10790.12,6701.59,1.0000,0.80035880,0.681780,31.22,22.09,0.01336696,65572.7,12.80,11.87,0.00850000,34322.2,-999.0,-999.00,-999.00,-999.00,0.000,10790.12,30.30,0.01336696,21.83,0.69677280,102.1991,24.50,0.00981005,24.50,0.00981005,49.8687,7615.34,0.00,-999.00,-999.00,-999.0,-999.00,-999.00,-999.0,-999.0,-999.00,-999.00,-999.0,-999.0
,PSZ-AC_4:4 HEATING COIL,Coil:Heating:Fuel,AirLoop,AirLoopHVAC,PSZ-AC_4:4,SMSTORE3,Coincident,HeatingDesignCapacity,N/A,Yes,No,unknown,No,46274.848,46274.848,-999.0,-999.0,-999.000,-999.0000,1.00000,1.00000,1019.7116,1004.8586,1.1739,PSZ-AC_4:4_ADDAQ_UNITARY_PACKAGE_FAN,Fan:SystemModel,0.696773,0.81795923,,-999.0000,-999.0000,-999.0,-999.00,-999.00,-999.00,-999.00,-999.0000,-999.0,BUFFALO.NIAGARA.INTL.AP_NY_USA ANN HTG 99.6% CONDNS DB,1/21 00:10:00,unknown,unknown,BUFFALO.NIAGARA.INTL.AP_NY_USA ANN HTG 99.6% CONDNS DB,1/21 00:10:00,Sensible,46274.85,46274.85,1.0000,0.81795923,0.696773,-16.30,-16.30,0.00092409,-14095.8,40.00,20.89,0.00800000,60796.0,-999.0,-999.00,-999.00,-999.00,0.000,46274.85,-16.30,0.00092409,-16.30,0.69677280,100.0000,20.50,0.00738426,20.50,0.00738426,48.0432,4286.38,0.00,-999.00,-999.00,-999.0,-999.00,-999.00,-999.0,-999.0,-999.00,-999.00,-999.0,-999.0
,PSZ-AC_5:5 COOLING COIL,Coil:Cooling:DX:MultiSpeed,AirLoop,AirLoopHVAC,PSZ-AC_5:5,SMSTORE4,Coincident,CoolingDesignCapacity,N/A,No,No,unknown,No,21414.150,16161.687,1.012380,-999.0,-999.000,-999.0000,1.00000,1.00000,1029.6885,1004.8586,1.1739,PSZ-AC_5:5_ADDAQ_UNITARY_PACKAGE_FAN,Fan:SystemModel,0.696773,0.81795923,,-999.0000,-999.0000,-999.0,-999.00,-999.00,-999.00,-999.00,-999.0000,-999.0,BUFFALO.NIAGARA.INTL.AP_NY_USA ANN CLG .4% CONDNS DB=>MWB,7/21 14:00:00,BUFFALO.NIAGARA.INTL.AP_NY_USA ANN CLG .4% CONDNS DB=>MWB,7/21 14:00:00,BUFFALO.NIAGARA.INTL.AP_NY_USA ANN HTG 99.6% CONDNS DB,1/21 00:10:00,Sensible,10707.08,6650.01,1.0000,0.79230567,0.674920,31.22,22.09,0.01336696,65572.7,12.80,11.87,0.00850000,34322.2,-999.0,-999.00,-999.00,-999.00,0.000,10707.08,30.30,0.01336696,21.83,0.69677280,103.2378,24.50,0.00980945,24.50,0.00980945,49.8657,7619.84,0.00,-999.00,-999.00,-999.0,-999.00,-999.00,-999.0,-999.0,-999.00,-999.00,-999.0,-999.0
,PSZ-AC_5:5 HEATING COIL,Coil:Heating:Fuel,AirLoop,AirLoopHVAC,PSZ-AC_5:5,SMSTORE4,Coincident,HeatingDesignCapacity,N/A,Yes,No,unknown,No,46274.848,46274.848,-999.0,-999.0,-999.000,-999.0000,1.00000,1.00000,1019.7116,1004.8586,1.1739,PSZ-AC_5:5_ADDAQ_UNITARY_PACKAGE_FAN,Fan:SystemModel,0.696773,0.81795923,,-999.0000,-999.0000,-999.0,-999.00,-999.00,-999.00,-999.00,-999.0000,-999.0,BUFFALO.NIAGARA.INTL.AP_NY_USA ANN HTG 99.6% CONDNS DB,1/21 01:20:00,unknown,unknown,BUFFALO.NIAGARA.INTL.AP_NY_USA ANN HTG 99.6% CONDNS DB,1/21 01:20:00,Sensible,46274.85,46274.85,1.0000,0.81795923,0.696773,-16.30,-16.30,0.00092409,-14095.8,40.00,20.89,0.00800000,60796.0,-999.0,-999.00,-999.00,-999.00,0.000,46274.85,-16.30,0.00092409,-16.30,0.69677280,100.0000,20.50,0.00740687,20.50,0.00740687,48.1885,4352.45,0.00,-999.00,-999.00,-999.0,-999.00,-999.00,-999.0,-999.0,-999.00,-999.00,-999.0,-999.0
,PSZ-AC_6:6 COOLING COIL,Coil:Cooling:DX:MultiSpeed,AirLoop,AirLoopHVAC,PSZ-AC_6:6,LGSTORE2,Coincident,CoolingDesignCapacity,N/A,No,No,unknown,No,38591.680,28748.872,1.775180,-999.0,-999.000,-999.0000,1.00000,1.00000,1029.6885,1004.8586,1.1739,PSZ-AC_6:6_ADDAQ_UNITARY_PACKAGE_FAN,Fan:SystemModel,1.393546,1.63591846,,-999.0000,-999.0000,-999.0,-999.00,-999.00,-999.00,-999.00,-999.0000,-999.0,BUFFALO.NIAGARA.INTL.AP_NY_USA ANN CLG .4% CONDNS DB=>MWB,7/21 14:00:00,BUFFALO.NIAGARA.INTL.AP_NY_USA ANN CLG .4% CONDNS DB=>MWB,7/21 14:00:00,BUFFALO.NIAGARA.INTL.AP_NY_USA ANN HTG 99.6% CONDNS DB,1/21 00:10:00,Sensible,19295.84,11977.49,1.0000,1.38928583,1.183453,31.19,22.08,0.01336696,65541.0,12.80,11.87,0.00850000,34322.2,-999.0,-999.00,-999.00,-999.00,0.000,19295.84,30.30,0.01336696,21.83,1.39354560,117.7525,24.50,0.00976714,24.50,0.00976714,49.6537,14829.10,0.00,-999.00,-999.00,-999.0,-999.00,-999.00,-999.0,-999.0,-999.00,-999.00,-999.0,-999.0
,PSZ-AC_6:6 HEATING COIL,Coil:Heating:Fuel,AirLoop,AirLoopHVAC,PSZ-AC_6:6,LGSTORE2,Coincident,HeatingDesignCapacity,N/A,Yes,No,unknown,No,92549.696,92549.696,-999.0,-999.0,-999.000,-999.0000,1.00000,1.00000,1019.7116,1004.8586,1.1739,PSZ-AC_6:6_ADDAQ_UNITARY_PACKAGE_FAN,Fan:SystemModel,1.393546,1.63591846,,-999.0000,-999.0000,-999.0,-999.00,-999.00,-999.00,-999.00,-999.0000,-999.0,BUFFALO.NIAGARA.INTL.AP_NY_USA ANN HTG 99.6% CONDNS DB,1/21 00:10:00,unknown,unknown,BUFFALO.NIAGARA.INTL.AP_NY_USA ANN HTG 99.6% CONDNS DB,1/21 00:10:00,Sensible,92549.70,92549.70,1.0000,1.63591846,1.393546,-16.30,-16.30,0.00092409,-14095.8,40.00,20.89,0.00800000,60796.0,-999.0,-999.00,-999.00,-999.00,0.000,92549.70,-16.30,0.00092409,-16.30,1.39354560,100.0000,20.50,0.00738480,20.50,0.00738480,48.0468,8563.50,0.00,-999.00,-999.00,-999.0,-999.00,-999.00,-999.0,-999.0,-999.00,-999.00,-999.0,-999.0
,PSZ-AC_7:7 COOLING COIL,Coil:Cooling:DX:MultiSpeed,AirLoop,AirLoopHVAC,PSZ-AC_7:7,SMSTORE5,Coincident,CoolingDesignCapacity,N/A,No,No,unknown,No,19962.880,14888.715,0.921140,-999.0,-999.000,-999.0000,1.00000,1.00000,1029.6885,1004.8586,1.1739,PSZ-AC_7:7_ADDAQ_UNITARY_PACKAGE_FAN,Fan:SystemModel,0.696773,0.81795923,,-999.0000,-999.0000,-999.0,-999.00,-999.00,-999.00,-999.00,-999.0000,-999.0,BUFFALO.NIAGARA.INTL.AP_NY_USA ANN CLG .4% CONDNS DB=>MWB,7/21 14:00:00,BUFFALO.NIAGARA.INTL.AP_NY_USA ANN CLG .4% CONDNS DB=>MWB,7/21 14:00:00,BUFFALO.NIAGARA.INTL.AP_NY_USA ANN HTG 99.6% CONDNS DB,1/21 00:10:00,Sensible,9981.44,6199.33,1.0000,0.72089971,0.614093,31.22,22.09,0.01336696,65572.7,12.80,11.87,0.00850000,34322.2,-999.0,-999.00,-999.00,-999.00,0.000,9981.44,30.30,0.01336696,21.83,0.69677280,113.4637,24.50,0.00980368,24.50,0.00980368,49.8368,7662.68,0.00,-999.00,-999.00,-999.0,-999.00,-999.00,-999.0,-999.0,-999.00,-999.00,-999.0,-999.0
,PSZ-AC_7:7 HEATING COIL,Coil:Heating:Fuel,AirLoop,AirLoopHVAC,PSZ-AC_7:7,SMSTORE5,Coincident,HeatingDesignCapacity,N/A,Yes,No,unknown,No,46274.848,46274.848,-999.0,-999.0,-999.000,-999.0000,1.00000,1.00000,1019.7116,1004.8586,1.1739,PSZ-AC_7:7_ADDAQ_UNITARY_PACKAGE_FAN,Fan:SystemModel,0.696773,0.81795923,,-999.0000,-999.0000,-999.0,-999.00,-999.00,-999.00,-999.00,-999.0000,-999.0,BUFFALO.NIAGARA.INTL.AP_NY_USA ANN HTG 99.6% CONDNS DB,1/21 00:20:00,unknown,unknown,BUFFALO.NIAGARA.INTL.AP_NY_USA ANN HTG 99.6% CONDNS DB,1/21 00:20:00,Sensible,46274.85,46274.85,1.0000,0.81795923,0.696773,-16.30,-16.30,0.00092409,-14095.8,40.00,20.89,0.00800000,60796.0,-999.0,-999.00,-999.00,-999.00,0.000,46274.85,-16.30,0.00092409,-16.30,0.69677280,100.0000,20.50,0.00739016,20.50,0.00739016,48.0811,4307.79,0.00,-999.00,-999.00,-999.0,-999.00,-999.00,-999.0,-999.0,-999.00,-999.00,-999.0,-999.0
,PSZ-AC_8:8 COOLING COIL,Coil:Cooling:DX:MultiSpeed,AirLoop,AirLoopHVAC,PSZ-AC_8:8,SMSTORE6,Coincident,CoolingDesignCapacity,N/A,No,No,unknown,No,19866.440,14807.252,0.915110,-999.0,-999.000,-999.0000,1.00000,1.00000,1029.6885,1004.8586,1.1739,PSZ-AC_8:8_ADDAQ_UNITARY_PACKAGE_FAN,Fan:SystemModel,0.696773,0.81795923,,-999.0000,-999.0000,-999.0,-999.00,-999.00,-999.00,-999.00,-999.0000,-999.0,BUFFALO.NIAGARA.INTL.AP_NY_USA ANN CLG .4% CONDNS DB=>MWB,7/21 14:00:00,BUFFALO.NIAGARA.INTL.AP_NY_USA ANN CLG .4% CONDNS DB=>MWB,7/21 14:00:00,BUFFALO.NIAGARA.INTL.AP_NY_USA ANN HTG 99.6% CONDNS DB,1/21 00:10:00,Sensible,9933.22,6169.38,1.0000,0.71618053,0.610073,31.22,22.09,0.01336696,65572.7,12.80,11.87,0.00850000,34322.2,-999.0,-999.00,-999.00,-999.00,0.000,9933.22,30.30,0.01336696,21.83,0.69677280,114.2113,24.50,0.00980986,24.50,0.00980986,49.8677,7616.79,0.00,-999.00,-999.00,-999.0,-999.00,-999.00,-999.0,-999.0,-999.00,-999.00,-999.0,-999.0
,PSZ-AC_8:8 HEATING COIL,Coil:Heating:Fuel,AirLoop,AirLoopHVAC,PSZ-AC_8:8,SMSTORE6,Coincident,HeatingDesignCapacity,N/A,Yes,No,unknown,No,46274.848,46274.848,-999.0,-999.0,-999.000,-999.0000,1.00000,1.00000,1019.7116,1004.8586,1.1739,PSZ-AC_8:8_ADDAQ_UNITARY_PACKAGE_FAN,Fan:SystemModel,0.696773,0.81795923,,-999.0000,-999.0000,-999.0,-999.00,-999.00,-999.00,-999.00,-999.0000,-999.0,BUFFALO.NIAGARA.INTL.AP_NY_USA ANN HTG 99.6% CONDNS DB,1/21 00:10:00,unknown,unknown,BUFFALO.NIAGARA.INTL.AP_NY_USA ANN HTG 99.6% CONDNS DB,1/21 00:10:00,Sensible,46274.85,46274.85,1.0000,0.81795923,0.696773,-16.30,-16.30,0.00092409,-14095.8,40.00,20.89,0.00800000,60796.0,-999.0,-999.00,-999.00,-999.00,0.000,46274.85,-16.30,0.00092409,-16.30,0.69677280,100.0000,20.50,0.00738577,20.50,0.00738577,48.0529,4296.77,0.00,-999.00,-999.00,-999.0,-999.00,-999.00,-999.0,-999.0,-999.00,-999.00,-999.0,-999.0
,PSZ-AC_9:9 COOLING COIL,Coil:Cooling:DX:MultiSpeed,AirLoop,AirLoopHVAC,PSZ-AC_9:9,SMSTORE7,Coincident,CoolingDesignCapacity,N/A,No,No,unknown,No,19692.330,14668.226,0.905560,-999.0,-999.000,-999.0000,1.00000,1.00000,1029.6885,1004.8586,1.1739,PSZ-AC_9:9_ADDAQ_UNITARY_PACKAGE_FAN,Fan:SystemModel,0.696773,0.81795923,,-999.0000,-999.0000,-999.0,-999.00,-999.00,-999.00,-999.00,-999.0000,-999.0,BUFFALO.NIAGARA.INTL.AP_NY_USA ANN CLG .4% CONDNS DB=>MWB,7/21 14:00:00,BUFFALO.NIAGARA.INTL.AP_NY_USA ANN CLG .4% CONDNS DB=>MWB,7/21 14:00:00,BUFFALO.NIAGARA.INTL.AP_NY_USA ANN HTG 99.6% CONDNS DB,1/21 00:10:00,Sensible,9846.17,6115.31,1.0000,0.70870654,0.603707,31.22,22.09,0.01336696,65572.7,12.80,11.87,0.00850000,34322.2,-999.0,-999.00,-999.00,-999.00,0.000,9846.17,30.30,0.01336696,21.83,0.69677280,115.4158,24.50,0.00981174,24.50,0.00981174,49.8771,7602.50,0.00,-999.00,-999.00,-999.0,-999.00,-999.00,-999.0,-999.0,-999.00,-999.00,-999.0,-999.0
,PSZ-AC_9:9 HEATING COIL,Coil:Heating:Fuel,AirLoop,AirLoopHVAC,PSZ-AC_9:9,SMSTORE7,Coincident,HeatingDesignCapacity,N/A,Yes,No,unknown,No,46274.848,46274.848,-999.0,-999.0,-999.000,-999.0000,1.00000,1.00000,1019.7116,1004.8586,1.1739,PSZ-AC_9:9_ADDAQ_UNITARY_PACKAGE_FAN,Fan:SystemModel,0.696773,0.81795923,,-999.0000,-999.0000,-999.0,-999.00,-999.00,-999.00,-999.00,-999.0000,-999.0,BUFFALO.NIAGARA.INTL.AP_NY_USA ANN HTG 99.6% CONDNS DB,1/21 00:10:00,unknown,unknown,BUFFALO.NIAGARA.INTL.AP_NY_USA ANN HTG 99.6% CONDNS DB,1/21 00:10:00,Sensible,46274.85,46274.85,1.0000,0.81795923,0.696773,-16.30,-16.30,0.00092409,-14095.8,40.00,20.89,0.00800000,60796.0,-999.0,-999.00,-999.00,-999.00,0.000,46274.85,-16.30,0.00092409,-16.30,0.69677280,100.0000,20.50,0.00741047,20.50,0.00741047,48.2117,4475.11,0.00,-999.00,-999.00,-999.0,-999.00,-999.00,-999.0,-999.0,-999.00,-999.00,-999.0,-999.0
,PSZ-AC_10:10 COOLING COIL,Coil:Cooling:DX:MultiSpeed,AirLoop,AirLoopHVAC,PSZ-AC_10:10,SMSTORE8,Coincident,CoolingDesignCapacity,N/A,No,No,unknown,No,20616.940,15457.963,0.961300,-999.0,-999.000,-999.0000,1.00000,1.00000,1029.5613,1004.8586,1.1739,PSZ-AC_10:10_ADDAQ_UNITARY_PACKAGE_FAN,Fan:SystemModel,0.728634,0.85536149,,-999.0000,-999.0000,-999.0,-999.00,-999.00,-999.00,-999.00,-999.0000,-999.0,BUFFALO.NIAGARA.INTL.AP_NY_USA ANN CLG .4% CONDNS DB=>MWB,7/21 14:00:00,BUFFALO.NIAGARA.INTL.AP_NY_USA ANN CLG .4% CONDNS DB=>MWB,7/21 14:00:00,BUFFALO.NIAGARA.INTL.AP_NY_USA ANN CLG .4% CONDNS DB=>MWB,7/21 13:50:00,Sensible,10308.47,6423.31,1.0000,0.75232960,0.640867,31.10,22.01,0.01329852,65281.8,12.80,11.87,0.00850000,34322.2,-999.0,-999.00,-999.00,-999.00,0.000,10308.47,30.30,0.01336696,21.83,0.69677280,108.7235,24.50,0.00983532,24.50,0.00983532,49.9961,8297.86,0.00,-999.00,-999.00,-999.0,-999.00,-999.00,-999.0,-999.0,-999.00,-999.00,-999.0,-999.0
,PSZ-AC_10:10 HEATING COIL,Coil:Heating:Fuel,AirLoop,AirLoopHVAC,PSZ-AC_10:10,SMSTORE8,Coincident,HeatingDesignCapacity,N/A,Yes,No,unknown,No,47008.052,47008.052,-999.0,-999.0,-999.000,-999.0000,1.00000,1.00000,1019.7116,1004.8586,1.1739,PSZ-AC_10:10_ADDAQ_UNITARY_PACKAGE_FAN,Fan:SystemModel,0.728634,0.85536149,,-999.0000,-999.0000,-999.0,-999.00,-999.00,-999.00,-999.00,-999.0000,-999.0,BUFFALO.NIAGARA.INTL.AP_NY_USA ANN HTG 99.6% CONDNS DB,1/21 18:00:00,unknown,unknown,BUFFALO.NIAGARA.INTL.AP_NY_USA ANN HTG 99.6% CONDNS DB,1/21 18:00:00,Sensible,47008.05,47008.05,1.0000,0.85536149,0.728634,-14.69,-14.69,0.00115819,-11897.4,40.00,20.89,0.00800000,60796.0,-999.0,-999.00,-999.00,-999.00,0.000,47008.05,-16.30,0.00092409,-16.30,0.69677280,95.6273,20.49,0.00627786,20.49,0.00627786,40.9355,14179.73,0.00,-999.00,-999.00,-999.0,-999.00,-999.00,-999.0,-999.0,-999.00,-999.00,-999.0,-999.0


----------------------------------------------------------------------------------------------------
REPORT:,System Summary
FOR:,Entire Facility
Economizer

,,High Limit Shutoff Control,Minimum Outdoor Air [m3/s],Maximum Outdoor Air [m3/s],Return Air Temp Limit,Return Air Enthalpy Limit,Outdoor Air Temperature Limit [C],Outdoor Air Enthalpy Limit [C]
,PSZ-AC_1:1_OA_CONTROLLER,DifferentialDryBulb,1.39,1.39,-,,,
,PSZ-AC_2:2_OA_CONTROLLER,DifferentialDryBulb,0.70,0.70,-,,,
,PSZ-AC_3:3_OA_CONTROLLER,DifferentialDryBulb,0.70,0.70,-,,,
,PSZ-AC_4:4_OA_CONTROLLER,DifferentialDryBulb,0.70,0.70,-,,,
,PSZ-AC_5:5_OA_CONTROLLER,DifferentialDryBulb,0.70,0.70,-,,,
,PSZ-AC_6:6_OA_CONTROLLER,DifferentialDryBulb,1.39,1.39,-,,,
,PSZ-AC_7:7_OA_CONTROLLER,DifferentialDryBulb,0.70,0.70,-,,,
,PSZ-AC_8:8_OA_CONTROLLER,DifferentialDryBulb,0.70,0.70,-,,,
,PSZ-AC_9:9_OA_CONTROLLER,DifferentialDryBulb,0.70,0.70,-,,,
,PSZ-AC_10:10_OA_CONTROLLER,DifferentialDryBulb,0.70,0.73,-,,,


Demand Controlled Ventilation using Controller:MechanicalVentilation

,,Controller:MechanicalVentilation Name,Outdoor Air Per Person [m3/s-person],Outdoor Air Per Area [m3/s-m2],Outdoor Air Per Zone [m3/s],Outdoor Air ACH [ach],Outdoor Air Method,Outdoor Air Schedule Name,Air Distribution Effectiveness in Cooling Mode,Air Distribution Effectiveness in Heating Mode,Air Distribution Effectiveness Schedule Name
,None,,,,,,,,,,


Time Not Comfortable Based on Simple ASHRAE 55-2004

,,Winter Clothes [hr],Summer Clothes [hr],Summer or Winter Clothes [hr]
,LGSTORE1,4127.00,4240.50,2710.00
,SMSTORE1,3629.50,3966.17,2100.33
,SMSTORE2,3030.83,3153.67,1938.17
,SMSTORE3,3041.50,3173.00,1960.17
,SMSTORE4,3044.33,3184.83,1972.00
,LGSTORE2,2796.50,2874.33,1766.67
,SMSTORE5,2818.67,2873.67,1791.83
,SMSTORE6,2821.00,2887.67,1805.33
,SMSTORE7,2828.83,2926.50,1846.33
,SMSTORE8,2930.83,3005.00,2039.17
,Facility,4486.33,4451.83,2988.50
Aggregated over the RunPeriods for Weather


Time Setpoint Not Met

,,During Heating [hr],During Cooling [hr],During Occupied Heating [hr],During Occupied Cooling [hr]
,LGSTORE1,113.67,3.17,0.00,0.00
,SMSTORE1,18.17,5.33,0.00,0.00
,SMSTORE2,27.83,2.83,0.00,0.00
,SMSTORE3,33.67,2.00,0.00,0.00
,SMSTORE4,40.83,1.00,0.00,0.00
,LGSTORE2,48.83,2.50,0.00,0.00
,SMSTORE5,46.33,2.17,0.00,0.00
,SMSTORE6,48.00,1.33,0.00,0.00
,SMSTORE7,77.67,0.83,0.00,0.00
,SMSTORE8,363.67,1.17,0.00,0.00
,Facility,516.33,11.33,0.00,0.00
Aggregated over the RunPeriods for Weather


----------------------------------------------------------------------------------------------------
REPORT:,Outdoor Air Summary
FOR:,Entire Facility
Average Outdoor Air During Occupied Hours

,,Average Number of Occupants,Nominal Number of Occupants,Zone Volume [m3],Mechanical Ventilation [ach],Infiltration [ach],AFN Infiltration [ach],Simple Ventilation [ach]
,LGSTORE1,6.99,23.23,1805.20,1.404,0.240,0.000,0.000
,SMSTORE1,3.49,11.61,902.60,1.082,0.252,0.000,0.000
,SMSTORE2,2.92,11.61,902.60,1.464,0.327,0.000,0.000
,SMSTORE3,2.92,11.61,902.60,1.465,0.327,0.000,0.000
,SMSTORE4,2.92,11.61,902.60,1.465,0.327,0.000,0.000
,LGSTORE2,10.23,23.23,1805.20,1.464,0.315,0.000,0.000
,SMSTORE5,5.12,11.61,902.60,1.465,0.349,0.000,0.000
,SMSTORE6,5.12,11.61,902.60,1.466,0.349,0.000,0.000
,SMSTORE7,5.12,11.61,902.60,1.467,0.349,0.000,0.000
,SMSTORE8,5.12,11.61,902.60,1.544,0.375,0.000,0.000
Values shown for a single zone without multipliers


Minimum Outdoor Air During Occupied Hours

,,Average Number of Occupants,Nominal Number of Occupants,Zone Volume [m3],Mechanical Ventilation [ach],Infiltration [ach],AFN Infiltration [ach],Simple Ventilation [ach]
,LGSTORE1,6.99,23.23,1805.20,0.000,0.000,0.000,0.000
,SMSTORE1,3.49,11.61,902.60,0.000,0.000,0.000,0.000
,SMSTORE2,2.92,11.61,902.60,1.352,0.000,0.000,0.000
,SMSTORE3,2.92,11.61,902.60,1.358,0.000,0.000,0.000
,SMSTORE4,2.92,11.61,902.60,1.347,0.000,0.000,0.000
,LGSTORE2,10.23,23.23,1805.20,1.352,0.000,0.000,0.000
,SMSTORE5,5.12,11.61,902.60,1.348,0.000,0.000,0.000
,SMSTORE6,5.12,11.61,902.60,1.351,0.000,0.000,0.000
,SMSTORE7,5.12,11.61,902.60,1.347,0.000,0.000,0.000
,SMSTORE8,5.12,11.61,902.60,1.420,0.000,0.000,0.000
Values shown for a single zone without multipliers


----------------------------------------------------------------------------------------------------
REPORT:,Outdoor Air Details
FOR:,Entire Facility
Mechanical Ventilation Parameters by Zone

,,AirLoop Name,Average Number of Occupants,Nominal Number of Occupants,Zone Volume [m3],Zone Area [m2],Design Zone Outdoor Airflow - Voz [m3/s],Minimum Dynamic Target Ventilation - Voz-dyn-min [m3/s]
,LGSTORE1,PSZ-AC_1:1,6.99,23.23,1805.20,348.39,1.3935,1.394
,SMSTORE1,PSZ-AC_2:2,3.49,11.61,902.60,174.19,0.6968,0.697
,SMSTORE2,PSZ-AC_3:3,2.92,11.61,902.60,174.19,0.6968,0.697
,SMSTORE3,PSZ-AC_4:4,2.92,11.61,902.60,174.19,0.6968,0.697
,SMSTORE4,PSZ-AC_5:5,2.92,11.61,902.60,174.19,0.6968,0.697
,LGSTORE2,PSZ-AC_6:6,10.23,23.23,1805.20,348.39,1.3935,1.394
,SMSTORE5,PSZ-AC_7:7,5.12,11.61,902.60,174.19,0.6968,0.697
,SMSTORE6,PSZ-AC_8:8,5.12,11.61,902.60,174.19,0.6968,0.697
,SMSTORE7,PSZ-AC_9:9,5.12,11.61,902.60,174.19,0.6968,0.697
,SMSTORE8,PSZ-AC_10:10,5.12,11.61,902.60,174.19,0.6968,0.697
,Total Facility,,49.96,139.36,10831.20,2090.32,8.3613,8.361


Total Outdoor Air by Zone

,,Mechanical Ventilation [m3],Natural Ventilation [m3],Total Ventilation [m3],Infiltration [m3],Total Ventilation and Infiltration [m3],Dynamic Target Ventilation - Voz-dyn [m3],Time Below Voz-dyn [hr],Time At Voz-dyn [hr],Time Above Voz-dyn [hr],Time Above Zero When Unoccupied [hr]
,LGSTORE1,14685350.64,0.00,14685350.64,2985506.52,17670857.16,43946854.04,8760.00,0.00,0.00,39.28
,SMSTORE1,5675838.86,0.00,5675838.86,1452682.47,7128521.33,21973427.02,8760.00,0.00,0.00,59.64
,SMSTORE2,5828326.20,0.00,5828326.20,1498156.73,7326482.93,21973427.02,8760.00,0.00,0.00,133.21
,SMSTORE3,5823830.36,0.00,5823830.36,1498156.73,7321987.09,21973427.02,8760.00,0.00,0.00,127.31
,SMSTORE4,5819077.21,0.00,5819077.21,1498156.73,7317233.95,21973427.02,8760.00,0.00,0.00,118.71
,LGSTORE2,10707677.35,0.00,10707677.35,2769315.12,13476992.48,43946854.04,8760.00,0.00,0.00,130.48
,SMSTORE5,5357517.36,0.00,5357517.36,1511927.91,6869445.26,21973427.02,8760.00,0.00,0.00,128.76
,SMSTORE6,5353538.86,0.00,5353538.86,1511927.91,6865466.77,21973427.02,8760.00,0.00,0.00,123.98
,SMSTORE7,5342026.93,0.00,5342026.93,1511927.91,6853954.84,21973427.02,8760.00,0.00,0.00,104.64
,SMSTORE8,5587776.93,0.00,5587776.93,1935478.33,7523255.26,21973427.02,8760.00,0.00,0.00,55.69
,Total Facility,70180960.70,0.00,70180960.70,18173236.36,88354197.07,0.26E+09,8760.00,0.00,0.00,325.91


Average Outdoor Air During Occupancy by Zone - Flow Rates

,,Mechanical Ventilation [m3/s],Natural Ventilation [m3/s],Total Ventilation [m3/s],Infiltration [m3/s],Total Ventilation and Infiltration [m3/s],Dynamic Target Ventilation - Voz-dyn [m3/s],Time Below Voz-dyn [hr],Time At Voz-dyn [hr],Time Above Voz-dyn [hr]
,LGSTORE1,0.6954,0.0000,0.6954,0.1185,0.8140,1.3935,5840.00,0.00,0.00
,SMSTORE1,0.2676,0.0000,0.2676,0.0622,0.3298,0.6968,5840.00,0.00,0.00
,SMSTORE2,0.3625,0.0000,0.3625,0.0810,0.4434,0.6968,4395.00,0.00,0.00
,SMSTORE3,0.3626,0.0000,0.3626,0.0810,0.4435,0.6968,4395.00,0.00,0.00
,SMSTORE4,0.3627,0.0000,0.3627,0.0810,0.4437,0.6968,4395.00,0.00,0.00
,LGSTORE2,0.7247,0.0000,0.7247,0.1557,0.8804,1.3935,4030.00,0.00,0.00
,SMSTORE5,0.3626,0.0000,0.3626,0.0863,0.4489,0.6968,4030.00,0.00,0.00
,SMSTORE6,0.3627,0.0000,0.3627,0.0863,0.4490,0.6968,4030.00,0.00,0.00
,SMSTORE7,0.3630,0.0000,0.3630,0.0863,0.4494,0.6968,4030.00,0.00,0.00
,SMSTORE8,0.3823,0.0000,0.3823,0.0928,0.4751,0.6968,4030.00,0.00,0.00
,Total Facility,4.2460,0.0000,4.2460,0.9311,5.1772,8.3613,5943.00,0.00,0.00


Total Outdoor Air by AirLoop

,,Mechanical Ventilation [m3],Natural Ventilation [m3/s],Total Ventilation [m3/s],Sum Zone Dynamic Target Ventilation - Voz-sum-dyn [m3],Time Below Voz-sum-dyn [hr],Time At Voz-sum-dyn [hr],Time Above Voz-sum-dyn [hr],Time Above Zero When Unoccupied [hr]
,PSZ-AC_1:1,20237891.14,0.00,20237891.14,43946854.04,8759.98,0.02,0.00,39.28
,PSZ-AC_2:2,7821877.20,0.00,7821877.20,21973427.02,8760.00,0.00,0.00,59.64
,PSZ-AC_3:3,8032020.08,0.00,8032020.08,21973427.02,8759.97,0.03,0.00,133.21
,PSZ-AC_4:4,8025824.36,0.00,8025824.36,21973427.02,8760.00,0.00,0.00,127.31
,PSZ-AC_5:5,8019274.04,0.00,8019274.04,21973427.02,8760.00,0.00,0.00,118.71
,PSZ-AC_6:6,14756257.03,0.00,14756257.03,43946854.04,8760.00,0.00,0.00,130.32
,PSZ-AC_7:7,7383198.11,0.00,7383198.11,21973427.02,8760.00,0.00,0.00,128.39
,PSZ-AC_8:8,7377715.34,0.00,7377715.34,21973427.02,8759.97,0.03,0.00,123.65
,PSZ-AC_9:9,7361850.75,0.00,7361850.75,21973427.02,8760.00,0.00,0.00,104.64
,PSZ-AC_10:10,7700518.97,0.00,7700518.97,21973427.02,8759.50,0.50,0.00,55.69


Average Outdoor Air During Occupancy by AirLoop

,,Mechanical Ventilation [m3/s],Natural Ventilation [m3/s],Total Ventilation [m3/s],Sum Zone Dynamic Target Ventilation - Voz-sum-dyn [m3/s],Time Below Voz-sum-dyn [hr],Time At Voz-sum-dyn [hr],Time Above Voz-sum-dyn [hr]
,PSZ-AC_1:1,0.9584,0.0000,0.9584,1.3935,5840.00,0.00,0.00
,PSZ-AC_2:2,0.3687,0.0000,0.3687,0.6968,5840.00,0.00,0.00
,PSZ-AC_3:3,0.4995,0.0000,0.4995,0.6968,4394.97,0.03,0.00
,PSZ-AC_4:4,0.4996,0.0000,0.4996,0.6968,4395.00,0.00,0.00
,PSZ-AC_5:5,0.4998,0.0000,0.4998,0.6968,4395.00,0.00,0.00
,PSZ-AC_6:6,0.9987,0.0000,0.9987,1.3935,4030.00,0.00,0.00
,PSZ-AC_7:7,0.4997,0.0000,0.4997,0.6968,4030.00,0.00,0.00
,PSZ-AC_8:8,0.4998,0.0000,0.4998,0.6968,4030.00,0.00,0.00
,PSZ-AC_9:9,0.5003,0.0000,0.5003,0.6968,4030.00,0.00,0.00
,PSZ-AC_10:10,0.5268,0.0000,0.5268,0.6968,4029.50,0.50,0.00


Outdoor Air Controller Limiting Factors by AirLoop

,,No Limiting Factor [hr],Limits and Scheduled Limits [hr],Economizer [hr],Exhaust Flow [hr],Mixed Air Flow [hr],High Humidity [hr],Demand Controlled Ventilation [hr],Night Ventilation [hr],Demand Limiting [hr],Energy Management System [hr]
,PSZ-AC_1:1,0.00,5609.82,54.93,0.00,0.00,0.00,0.00,0.00,0.00,0.00
,PSZ-AC_2:2,0.00,4618.81,74.19,0.00,0.00,0.00,0.00,0.00,0.00,0.00
,PSZ-AC_3:3,0.00,4451.57,76.65,0.00,0.00,0.00,0.00,0.00,0.00,0.00
,PSZ-AC_4:4,0.00,4446.77,75.54,0.00,0.00,0.00,0.00,0.00,0.00,0.00
,PSZ-AC_5:5,0.00,4441.36,72.35,0.00,0.00,0.00,0.00,0.00,0.00,0.00
,PSZ-AC_6:6,0.00,4086.50,73.81,0.00,0.00,0.00,0.00,0.00,0.00,0.00
,PSZ-AC_7:7,0.00,4086.32,72.07,0.00,0.00,0.00,0.00,0.00,0.00,0.00
,PSZ-AC_8:8,0.00,4083.68,69.96,0.00,0.00,0.00,0.00,0.00,0.00,0.00
,PSZ-AC_9:9,0.00,4073.06,61.58,0.00,0.00,0.00,0.00,0.00,0.00,0.00
,PSZ-AC_10:10,0.00,4051.37,34.31,0.00,0.00,0.00,0.00,0.00,0.00,0.00


Average Outdoor Air for Limiting Factors During Occupancy

,,No Limiting Factor [m3/s],Limits and Scheduled Limits [m3/s],Economizer [m3/s],Exhaust Flow [m3/s],Mixed Air Flow [m3/s],High Humidity [m3/s],Demand Controlled Ventilation [m3/s],Night Ventilation [m3/s],Demand Limiting [m3/s],Energy Management System [m3/s]
,PSZ-AC_1:1,0.0000,0.9995,0.3071,0.0000,0.0000,0.0000,0.0000,0.0000,0.0000,0.0000
,PSZ-AC_2:2,0.0000,0.4679,0.1535,0.0000,0.0000,0.0000,0.0000,0.0000,0.0000,0.0000
,PSZ-AC_3:3,0.0000,0.4996,0.0000,0.0000,0.0000,0.0000,0.0000,0.0000,0.0000,0.0000
,PSZ-AC_4:4,0.0000,0.4997,0.0000,0.0000,0.0000,0.0000,0.0000,0.0000,0.0000,0.0000
,PSZ-AC_5:5,0.0000,0.5000,0.0000,0.0000,0.0000,0.0000,0.0000,0.0000,0.0000,0.0000
,PSZ-AC_6:6,0.0000,0.9990,0.0000,0.0000,0.0000,0.0000,0.0000,0.0000,0.0000,0.0000
,PSZ-AC_7:7,0.0000,0.4999,0.0000,0.0000,0.0000,0.0000,0.0000,0.0000,0.0000,0.0000
,PSZ-AC_8:8,0.0000,0.4999,0.0000,0.0000,0.0000,0.0000,0.0000,0.0000,0.0000,0.0000
,PSZ-AC_9:9,0.0000,0.5004,0.0000,0.0000,0.0000,0.0000,0.0000,0.0000,0.0000,0.0000
,PSZ-AC_10:10,0.0000,0.5270,0.0000,0.0000,0.0000,0.0000,0.0000,0.0000,0.0000,0.0000


----------------------------------------------------------------------------------------------------
REPORT:,Object Count Summary
FOR:,Entire Facility
Surfaces by Class

,,Total,Outdoors
,Wall,40,22
,Floor,10,10
,Roof,10,10
,Internal Mass,10,0
,Building Detached Shading,0,0
,Fixed Detached Shading,0,0
,Window,36,36
,Door,12,12
,Glass Door,12,12
,Shading,0,0
,Overhang,0,0
,Fin,0,0
,Tubular Daylighting Device Dome,0,0
,Tubular Daylighting Device Diffuser,0,0


HVAC

,,Count
,HVAC Air Loops,10
,Conditioned Zones,10
,Unconditioned Zones,0
,Supply Plenums,0
,Return Plenums,0


Input Fields

,,Count
,IDF Objects,836
,Defaulted Fields,823
,Fields with Defaults,2690
,Autosized Fields,184
,Autosizable Fields,458
,Autocalculated Fields,128
,Autocalculatable Fields,256


----------------------------------------------------------------------------------------------------
REPORT:,Energy Meters
FOR:,Entire Facility
Annual and Peak Values - Electricity

,,Electricity Annual Value [GJ],Electricity Minimum Value [W],Timestamp of Minimum {TIMESTAMP},Electricity Maximum Value [W],Timestamp of Maximum {TIMESTAMP}
,Electricity:Facility,900.80,2688.52,02-APR-06:10,96778.43,03-JUL-14:00
,Electricity:Building,636.05,1477.52,01-JAN-00:20,41025.43,01-JAN-11:10
,Electricity:Zone:LGSTORE1,130.85,246.25,01-JAN-00:20,6818.78,01-JAN-10:10
,Electricity:SpaceType:GENERAL,636.05,1477.52,01-JAN-00:20,41025.43,01-JAN-11:10
,InteriorLights:Electricity,338.02,450.00,01-JAN-00:20,22282.43,01-JAN-11:10
,InteriorLights:Electricity:Zone:LGSTORE1,69.81,75.00,01-JAN-00:20,3694.95,01-JAN-10:10
,InteriorLights:Electricity:SpaceType:GENERAL,338.02,450.00,01-JAN-00:20,22282.43,01-JAN-11:10
,LightsWired:InteriorLights:Electricity,338.02,450.00,01-JAN-00:20,22282.43,01-JAN-11:10
,LightsWired:InteriorLights:Electricity:Zone:LGSTORE1,69.81,75.00,01-JAN-00:20,3694.95,01-JAN-10:10
,LightsWired:InteriorLights:Electricity:SpaceType:GENERAL,338.02,450.00,01-JAN-00:20,22282.43,01-JAN-11:10
,Electricity:Zone:SMSTORE1,65.71,123.13,01-JAN-00:20,3424.60,01-JAN-10:10
,InteriorLights:Electricity:Zone:SMSTORE1,35.19,37.50,01-JAN-00:20,1862.68,01-JAN-10:10
,LightsWired:InteriorLights:Electricity:Zone:SMSTORE1,35.19,37.50,01-JAN-00:20,1862.68,01-JAN-10:10
,Electricity:Zone:SMSTORE2,51.77,123.13,01-JAN-00:10,3423.61,01-JAN-10:10
,InteriorLights:Electricity:Zone:SMSTORE2,27.53,37.50,01-JAN-00:10,1861.69,01-JAN-10:10
,LightsWired:InteriorLights:Electricity:Zone:SMSTORE2,27.53,37.50,01-JAN-00:10,1861.69,01-JAN-10:10
,Electricity:Zone:SMSTORE3,51.77,123.13,01-JAN-00:10,3423.61,01-JAN-10:10
,InteriorLights:Electricity:Zone:SMSTORE3,27.53,37.50,01-JAN-00:10,1861.69,01-JAN-10:10
,LightsWired:InteriorLights:Electricity:Zone:SMSTORE3,27.53,37.50,01-JAN-00:10,1861.69,01-JAN-10:10
,Electricity:Zone:SMSTORE4,51.77,123.13,01-JAN-00:10,3423.61,01-JAN-10:10
,InteriorLights:Electricity:Zone:SMSTORE4,27.53,37.50,01-JAN-00:10,1861.69,01-JAN-10:10
,LightsWired:InteriorLights:Electricity:Zone:SMSTORE4,27.53,37.50,01-JAN-00:10,1861.69,01-JAN-10:10
,Electricity:Zone:LGSTORE2,94.46,246.25,01-JAN-00:10,6816.80,01-JAN-11:10
,InteriorLights:Electricity:Zone:LGSTORE2,49.87,75.00,01-JAN-00:10,3692.97,01-JAN-11:10
,LightsWired:InteriorLights:Electricity:Zone:LGSTORE2,49.87,75.00,01-JAN-00:10,3692.97,01-JAN-11:10
,Electricity:Zone:SMSTORE5,47.43,123.13,01-JAN-00:10,3423.61,01-JAN-11:10
,InteriorLights:Electricity:Zone:SMSTORE5,25.14,37.50,01-JAN-00:10,1861.69,01-JAN-11:10
,LightsWired:InteriorLights:Electricity:Zone:SMSTORE5,25.14,37.50,01-JAN-00:10,1861.69,01-JAN-11:10
,Electricity:Zone:SMSTORE6,47.43,123.13,01-JAN-00:10,3423.61,01-JAN-11:10
,InteriorLights:Electricity:Zone:SMSTORE6,25.14,37.50,01-JAN-00:10,1861.69,01-JAN-11:10
,LightsWired:InteriorLights:Electricity:Zone:SMSTORE6,25.14,37.50,01-JAN-00:10,1861.69,01-JAN-11:10
,Electricity:Zone:SMSTORE7,47.43,123.13,01-JAN-00:10,3423.61,01-JAN-11:10
,InteriorLights:Electricity:Zone:SMSTORE7,25.14,37.50,01-JAN-00:10,1861.69,01-JAN-11:10
,LightsWired:InteriorLights:Electricity:Zone:SMSTORE7,25.14,37.50,01-JAN-00:10,1861.69,01-JAN-11:10
,Electricity:Zone:SMSTORE8,47.43,123.13,01-JAN-00:10,3423.61,01-JAN-11:10
,InteriorLights:Electricity:Zone:SMSTORE8,25.14,37.50,01-JAN-00:10,1861.69,01-JAN-11:10
,LightsWired:InteriorLights:Electricity:Zone:SMSTORE8,25.14,37.50,01-JAN-00:10,1861.69,01-JAN-11:10
,InteriorEquipment:Electricity,298.03,1027.52,01-JAN-00:10,18743.00,01-JAN-11:10
,InteriorEquipment:Electricity:Zone:LGSTORE1,61.04,171.25,01-JAN-00:10,3123.83,01-JAN-10:10
,InteriorEquipment:Electricity:SpaceType:GENERAL,298.03,1027.52,01-JAN-00:10,18743.00,01-JAN-11:10
,MiscPlug:InteriorEquipment:Electricity,298.03,1027.52,01-JAN-00:10,18743.00,01-JAN-11:10
,MiscPlug:InteriorEquipment:Electricity:Zone:LGSTORE1,61.04,171.25,01-JAN-00:10,3123.83,01-JAN-10:10
,MiscPlug:InteriorEquipment:Electricity:SpaceType:GENERAL,298.03,1027.52,01-JAN-00:10,18743.00,01-JAN-11:10
,InteriorEquipment:Electricity:Zone:SMSTORE1,30.52,85.63,01-JAN-00:10,1561.92,01-JAN-10:10
,MiscPlug:InteriorEquipment:Electricity:Zone:SMSTORE1,30.52,85.63,01-JAN-00:10,1561.92,01-JAN-10:10
,InteriorEquipment:Electricity:Zone:SMSTORE2,24.23,85.63,01-JAN-00:10,1561.92,01-JAN-10:10
,MiscPlug:InteriorEquipment:Electricity:Zone:SMSTORE2,24.23,85.63,01-JAN-00:10,1561.92,01-JAN-10:10
,InteriorEquipment:Electricity:Zone:SMSTORE3,24.23,85.63,01-JAN-00:10,1561.92,01-JAN-10:10
,MiscPlug:InteriorEquipment:Electricity:Zone:SMSTORE3,24.23,85.63,01-JAN-00:10,1561.92,01-JAN-10:10
,InteriorEquipment:Electricity:Zone:SMSTORE4,24.23,85.63,01-JAN-00:10,1561.92,01-JAN-10:10
,MiscPlug:InteriorEquipment:Electricity:Zone:SMSTORE4,24.23,85.63,01-JAN-00:10,1561.92,01-JAN-10:10
,InteriorEquipment:Electricity:Zone:LGSTORE2,44.59,171.25,01-JAN-00:10,3123.83,01-JAN-11:10
,MiscPlug:InteriorEquipment:Electricity:Zone:LGSTORE2,44.59,171.25,01-JAN-00:10,3123.83,01-JAN-11:10
,InteriorEquipment:Electricity:Zone:SMSTORE5,22.29,85.63,01-JAN-00:10,1561.92,01-JAN-11:10
,MiscPlug:InteriorEquipment:Electricity:Zone:SMSTORE5,22.29,85.63,01-JAN-00:10,1561.92,01-JAN-11:10
,InteriorEquipment:Electricity:Zone:SMSTORE6,22.29,85.63,01-JAN-00:10,1561.92,01-JAN-11:10
,MiscPlug:InteriorEquipment:Electricity:Zone:SMSTORE6,22.29,85.63,01-JAN-00:10,1561.92,01-JAN-11:10
,InteriorEquipment:Electricity:Zone:SMSTORE7,22.29,85.63,01-JAN-00:10,1561.92,01-JAN-11:10
,MiscPlug:InteriorEquipment:Electricity:Zone:SMSTORE7,22.29,85.63,01-JAN-00:10,1561.92,01-JAN-11:10
,InteriorEquipment:Electricity:Zone:SMSTORE8,22.29,85.63,01-JAN-00:10,1561.92,01-JAN-11:10
,MiscPlug:InteriorEquipment:Electricity:Zone:SMSTORE8,22.29,85.63,01-JAN-00:10,1561.92,01-JAN-11:10
,ElectricityPurchased:Facility,900.80,2688.52,02-APR-06:10,96778.43,03-JUL-14:00
,ElectricityPurchased:Plant,900.80,2688.52,02-APR-06:10,96778.43,03-JUL-14:00
,Cogeneration:ElectricityPurchased,900.80,2688.52,02-APR-06:10,96778.43,03-JUL-14:00
,General:Cogeneration:ElectricityPurchased,900.80,2688.52,02-APR-06:10,96778.43,03-JUL-14:00
,ElectricitySurplusSold:Facility,0.00,0.00,01-JAN-00:10,0.00,01-JAN-00:10
,ElectricitySurplusSold:Plant,0.00,0.00,01-JAN-00:10,0.00,01-JAN-00:10
,Cogeneration:ElectricitySurplusSold,0.00,0.00,01-JAN-00:10,0.00,01-JAN-00:10
,General:Cogeneration:ElectricitySurplusSold,0.00,0.00,01-JAN-00:10,0.00,01-JAN-00:10
,ElectricityNet:Facility,900.80,2688.52,02-APR-06:10,96778.43,03-JUL-14:00
,ElectricityNet:Plant,900.80,2688.52,02-APR-06:10,96778.43,03-JUL-14:00
,Cogeneration:ElectricityNet,900.80,2688.52,02-APR-06:10,96778.43,03-JUL-14:00
,General:Cogeneration:ElectricityNet,900.80,2688.52,02-APR-06:10,96778.43,03-JUL-14:00
,Electricity:HVAC,139.49,0.00,02-JAN-00:10,50296.29,03-JUL-14:00
,Heating:Electricity,0.00,0.00,01-JAN-00:10,0.00,01-JAN-00:10
,General:Heating:Electricity,0.00,0.00,01-JAN-00:10,0.00,01-JAN-00:10
,Cooling:Electricity,64.93,0.00,01-JAN-00:10,43036.95,03-JUL-14:00
,General:Cooling:Electricity,64.93,0.00,01-JAN-00:10,43036.95,03-JUL-14:00
,Fans:Electricity,74.56,0.00,02-JAN-00:10,7259.34,03-JUL-14:00
,General:Fans:Electricity,74.56,0.00,02-JAN-00:10,7259.34,03-JUL-14:00
,ExteriorLights:Electricity,60.16,0.00,01-JAN-08:00,5507.06,01-JAN-06:10
,General:ExteriorLights:Electricity,60.16,0.00,01-JAN-08:00,5507.06,01-JAN-06:10
,Electricity:Plant,65.09,1211.00,07-JAN-19:10,16060.43,21-MAR-16:40
,WaterSystems:Electricity,65.09,1211.00,07-JAN-19:10,16060.43,21-MAR-16:40
,Water Heater:WaterSystems:Electricity,65.09,1211.00,07-JAN-19:10,16060.43,21-MAR-16:40


Annual and Peak Values - Natural Gas

,,Natural Gas Annual Value [GJ],Natural Gas Minimum Value [W],Timestamp of Minimum {TIMESTAMP},Natural Gas Maximum Value [W],Timestamp of Maximum {TIMESTAMP}
,NaturalGas:Facility,1226.11,0.00,02-JAN-00:10,382741.49,01-FEB-18:00
,NaturalGas:HVAC,1226.11,0.00,02-JAN-00:10,382741.49,01-FEB-18:00
,Heating:NaturalGas,1226.11,0.00,02-JAN-00:10,382741.49,01-FEB-18:00
,General:Heating:NaturalGas,1226.11,0.00,02-JAN-00:10,382741.49,01-FEB-18:00


Annual and Peak Values - Cooling

,,Cooling Annual Value [GJ],Cooling Minimum Value [W],Timestamp of Minimum {TIMESTAMP},Cooling Maximum Value [W],Timestamp of Maximum {TIMESTAMP}
,None,,,,,


Annual and Peak Values - Water

,,Annual Value [m3],Minimum Value [m3/s],Timestamp of Minimum {TIMESTAMP},Maximum Value [m3/s],Timestamp of Maximum {TIMESTAMP}
,Water:Facility,87.30,0.00,01-JAN-00:10,0.00,06-JAN-13:10
,Water:Plant,87.30,0.00,01-JAN-00:10,0.00,06-JAN-13:10
,WaterSystems:Water,87.30,0.00,01-JAN-00:10,0.00,06-JAN-13:10
,Water Heater:WaterSystems:Water,87.30,0.00,01-JAN-00:10,0.00,06-JAN-13:10
,MainsWater:Facility,87.30,0.00,01-JAN-00:10,0.00,06-JAN-13:10
,MainsWater:Plant,87.30,0.00,01-JAN-00:10,0.00,06-JAN-13:10
,WaterSystems:MainsWater,87.30,0.00,01-JAN-00:10,0.00,06-JAN-13:10
,Water Heater:WaterSystems:MainsWater,87.30,0.00,01-JAN-00:10,0.00,06-JAN-13:10


Annual and Peak Values - Other by Weight/Mass

,,Annual Value [kg],Minimum Value [kg/s],Timestamp of Minimum {TIMESTAMP},Maximum Value [kg/s],Timestamp of Maximum {TIMESTAMP}
,Carbon Equivalent:Facility,0.00,0.000,01-JAN-00:10,0.000,01-JAN-00:10
,CarbonEquivalentEmissions:Carbon Equivalent,0.00,0.000,01-JAN-00:10,0.000,01-JAN-00:10


Annual and Peak Values - Other Volumetric

,,Annual Value [m3],Minimum Value [m3/s],Timestamp of Minimum {TIMESTAMP},Maximum Value [m3/s],Timestamp of Maximum {TIMESTAMP}
,None,,,,,


Annual and Peak Values - Other Liquid/Gas

,,Annual Value [L],Minimum Value [L],Timestamp of Minimum {TIMESTAMP},Maximum Value [L],Timestamp of Maximum {TIMESTAMP}
,None,,,,,


Annual and Peak Values - Other

,,Annual Value [GJ],Minimum Value [W],Timestamp of Minimum {TIMESTAMP},Maximum Value [W],Timestamp of Maximum {TIMESTAMP}
,EnergyTransfer:Facility,1854.17,0.00,02-JAN-00:10,381749.79,01-FEB-18:00
,EnergyTransfer:Building,563.53,0.00,02-JAN-00:10,79527.23,02-JUL-14:30
,EnergyTransfer:Zone:LGSTORE1,107.27,0.00,01-JAN-00:10,18377.98,29-JAN-20:10
,Heating:EnergyTransfer,216.47,0.00,01-JAN-18:10,75556.60,01-FEB-18:00
,Heating:EnergyTransfer:Zone:LGSTORE1,36.77,0.00,01-JAN-00:10,15907.23,03-MAR-06:30
,General:Heating:EnergyTransfer,216.47,0.00,01-JAN-18:10,75556.60,01-FEB-18:00
,General:Heating:EnergyTransfer:Zone:LGSTORE1,36.77,0.00,01-JAN-00:10,15907.23,03-MAR-06:30
,Cooling:EnergyTransfer,347.06,0.00,01-JAN-00:10,79527.23,02-JUL-14:30
,Cooling:EnergyTransfer:Zone:LGSTORE1,70.50,0.00,01-JAN-00:10,13310.49,02-JUL-15:00
,General:Cooling:EnergyTransfer,347.06,0.00,01-JAN-00:10,79527.23,02-JUL-14:30
,General:Cooling:EnergyTransfer:Zone:LGSTORE1,70.50,0.00,01-JAN-00:10,13310.49,02-JUL-15:00
,EnergyTransfer:Zone:SMSTORE1,46.60,0.00,01-JAN-00:10,9154.39,23-JAN-18:50
,Heating:EnergyTransfer:Zone:SMSTORE1,12.00,0.00,01-JAN-00:10,6309.11,01-FEB-18:00
,General:Heating:EnergyTransfer:Zone:SMSTORE1,12.00,0.00,01-JAN-00:10,6309.11,01-FEB-18:00
,Cooling:EnergyTransfer:Zone:SMSTORE1,34.59,0.00,01-JAN-00:10,6790.22,25-JUN-17:20
,General:Cooling:EnergyTransfer:Zone:SMSTORE1,34.59,0.00,01-JAN-00:10,6790.22,25-JUN-17:20
,EnergyTransfer:Zone:SMSTORE2,44.73,0.00,01-JAN-00:10,9493.61,10-FEB-10:40
,Heating:EnergyTransfer:Zone:SMSTORE2,15.30,0.00,01-JAN-00:10,6295.06,01-FEB-18:00
,General:Heating:EnergyTransfer:Zone:SMSTORE2,15.30,0.00,01-JAN-00:10,6295.06,01-FEB-18:00
,Cooling:EnergyTransfer:Zone:SMSTORE2,29.43,0.00,01-JAN-00:10,6558.66,02-JUL-14:00
,General:Cooling:EnergyTransfer:Zone:SMSTORE2,29.43,0.00,01-JAN-00:10,6558.66,02-JUL-14:00
,EnergyTransfer:Zone:SMSTORE3,44.77,0.00,01-JAN-00:10,9133.92,08-FEB-19:30
,Heating:EnergyTransfer:Zone:SMSTORE3,15.99,0.00,01-JAN-00:10,6301.88,01-FEB-18:00
,General:Heating:EnergyTransfer:Zone:SMSTORE3,15.99,0.00,01-JAN-00:10,6301.88,01-FEB-18:00
,Cooling:EnergyTransfer:Zone:SMSTORE3,28.77,0.00,01-JAN-00:10,6544.56,02-JUL-14:00
,General:Cooling:EnergyTransfer:Zone:SMSTORE3,28.77,0.00,01-JAN-00:10,6544.56,02-JUL-14:00
,EnergyTransfer:Zone:SMSTORE4,44.70,0.00,01-JAN-00:10,9286.80,12-JAN-20:50
,Heating:EnergyTransfer:Zone:SMSTORE4,16.58,0.00,01-JAN-00:10,6352.10,01-FEB-18:00
,General:Heating:EnergyTransfer:Zone:SMSTORE4,16.58,0.00,01-JAN-00:10,6352.10,01-FEB-18:00
,Cooling:EnergyTransfer:Zone:SMSTORE4,28.12,0.00,01-JAN-00:10,6516.02,02-JUL-14:00
,General:Cooling:EnergyTransfer:Zone:SMSTORE4,28.12,0.00,01-JAN-00:10,6516.02,02-JUL-14:00
,EnergyTransfer:Zone:LGSTORE2,85.02,0.00,01-JAN-00:10,18115.46,16-DEC-11:30
,Heating:EnergyTransfer:Zone:LGSTORE2,31.44,0.00,01-JAN-00:10,11577.96,17-DEC-19:30
,General:Heating:EnergyTransfer:Zone:LGSTORE2,31.44,0.00,01-JAN-00:10,11577.96,17-DEC-19:30
,Cooling:EnergyTransfer:Zone:LGSTORE2,53.58,0.00,01-JAN-00:10,12802.60,02-JUL-14:30
,General:Cooling:EnergyTransfer:Zone:LGSTORE2,53.58,0.00,01-JAN-00:10,12802.60,02-JUL-14:30
,EnergyTransfer:Zone:SMSTORE5,44.07,0.00,01-JAN-00:10,9200.74,04-JAN-10:40
,Heating:EnergyTransfer:Zone:SMSTORE5,16.69,0.00,01-JAN-00:10,6177.86,01-FEB-18:00
,General:Heating:EnergyTransfer:Zone:SMSTORE5,16.69,0.00,01-JAN-00:10,6177.86,01-FEB-18:00
,Cooling:EnergyTransfer:Zone:SMSTORE5,27.38,0.00,01-JAN-00:10,6737.43,02-JUL-14:30
,General:Cooling:EnergyTransfer:Zone:SMSTORE5,27.38,0.00,01-JAN-00:10,6737.43,02-JUL-14:30
,EnergyTransfer:Zone:SMSTORE6,43.81,0.00,01-JAN-00:10,9274.57,12-JAN-21:00
,Heating:EnergyTransfer:Zone:SMSTORE6,16.87,0.00,01-JAN-00:10,6198.50,01-FEB-18:00
,General:Heating:EnergyTransfer:Zone:SMSTORE6,16.87,0.00,01-JAN-00:10,6198.50,01-FEB-18:00
,Cooling:EnergyTransfer:Zone:SMSTORE6,26.94,0.00,01-JAN-00:10,6692.79,02-JUL-14:30
,General:Cooling:EnergyTransfer:Zone:SMSTORE6,26.94,0.00,01-JAN-00:10,6692.79,02-JUL-14:30
,EnergyTransfer:Zone:SMSTORE7,43.88,0.00,01-JAN-00:10,8889.56,08-FEB-18:30
,Heating:EnergyTransfer:Zone:SMSTORE7,18.52,0.00,01-JAN-00:10,6350.28,01-FEB-18:00
,General:Heating:EnergyTransfer:Zone:SMSTORE7,18.52,0.00,01-JAN-00:10,6350.28,01-FEB-18:00
,Cooling:EnergyTransfer:Zone:SMSTORE7,25.36,0.00,01-JAN-00:10,6684.09,02-JUL-14:30
,General:Cooling:EnergyTransfer:Zone:SMSTORE7,25.36,0.00,01-JAN-00:10,6684.09,02-JUL-14:30
,EnergyTransfer:Zone:SMSTORE8,58.70,0.00,01-JAN-00:40,12065.17,02-FEB-02:30
,Heating:EnergyTransfer:Zone:SMSTORE8,36.31,0.00,01-JAN-00:40,12065.17,02-FEB-02:30
,General:Heating:EnergyTransfer:Zone:SMSTORE8,36.31,0.00,01-JAN-00:40,12065.17,02-FEB-02:30
,Cooling:EnergyTransfer:Zone:SMSTORE8,22.39,0.00,01-JAN-00:10,7211.18,02-JUL-14:10
,General:Cooling:EnergyTransfer:Zone:SMSTORE8,22.39,0.00,01-JAN-00:10,7211.18,02-JUL-14:10
,EnergyTransfer:HVAC,1290.63,0.00,02-JAN-00:10,306193.19,01-FEB-18:00
,HeatingCoils:EnergyTransfer,980.89,0.00,02-JAN-00:10,306193.19,01-FEB-18:00
,CoolingCoils:EnergyTransfer,309.75,0.00,01-JAN-00:10,210895.30,03-JUL-14:00
,PlantLoopHeatingDemand:Facility,0.00,0.00,01-JAN-00:10,0.00,01-JAN-00:10
,PlantLoopHeatingDemand:Plant,0.00,0.00,01-JAN-00:10,0.00,01-JAN-00:10
,WaterSystems:PlantLoopHeatingDemand,0.00,0.00,01-JAN-00:10,0.00,01-JAN-00:10
,Water Heater:WaterSystems:PlantLoopHeatingDemand,0.00,0.00,01-JAN-00:10,0.00,01-JAN-00:10


----------------------------------------------------------------------------------------------------
REPORT:,Sensible Heat Gain Summary
FOR:,Entire Facility
Annual Building Sensible Heat Gain Components

,,HVAC Zone Eq & Other Sensible Air Heating [GJ],HVAC Zone Eq & Other Sensible Air Cooling [GJ],HVAC Terminal Unit Sensible Air Heating [GJ],HVAC Terminal Unit Sensible Air Cooling [GJ],HVAC Input Heated Surface Heating [GJ],HVAC Input Cooled Surface Cooling [GJ],People Sensible Heat Addition [GJ],Lights Sensible Heat Addition [GJ],Equipment Sensible Heat Addition [GJ],Window Heat Addition [GJ],Interzone Air Transfer Heat Addition [GJ],Infiltration Heat Addition [GJ],Opaque Surface Conduction and Other Heat Addition [GJ],Equipment Sensible Heat Removal [GJ],Window Heat Removal [GJ],Interzone Air Transfer Heat Removal [GJ],Infiltration Heat Removal [GJ],Opaque Surface Conduction and Other Heat Removal [GJ]
,LGSTORE1,0.000,0.000,36.767,-70.497,0.000,0.000,10.693,69.806,61.044,19.405,0.000,0.945,0.001,0.000,-12.132,0.000,-43.793,-72.239
,SMSTORE1,0.000,0.000,12.004,-34.590,0.000,0.000,5.263,35.187,30.522,9.606,0.000,0.508,0.000,0.000,-6.301,0.000,-20.905,-31.295
,SMSTORE2,0.000,0.000,15.299,-29.429,0.000,0.000,3.209,27.534,24.234,9.611,0.000,0.511,0.001,0.000,-6.201,0.000,-21.571,-23.197
,SMSTORE3,0.000,0.000,15.993,-28.773,0.000,0.000,3.211,27.534,24.234,9.620,0.000,0.511,0.000,0.000,-6.175,0.000,-21.544,-24.612
,SMSTORE4,0.000,0.000,16.582,-28.120,0.000,0.000,3.213,27.534,24.234,9.622,0.000,0.511,0.000,0.000,-6.168,0.000,-21.529,-25.879
,LGSTORE2,0.000,0.000,31.438,-53.579,0.000,0.000,10.995,49.874,44.588,19.306,0.000,0.921,0.001,0.000,-12.272,0.000,-40.149,-51.122
,SMSTORE5,0.000,0.000,16.689,-27.376,0.000,0.000,5.497,25.137,22.294,9.621,0.000,0.511,0.000,0.000,-6.167,0.000,-21.827,-24.379
,SMSTORE6,0.000,0.000,16.870,-26.936,0.000,0.000,5.499,25.137,22.294,9.627,0.000,0.511,0.000,0.000,-6.158,0.000,-21.812,-25.032
,SMSTORE7,0.000,0.000,18.521,-25.360,0.000,0.000,5.506,25.137,22.294,9.646,0.000,0.511,0.000,0.000,-6.122,0.000,-21.762,-28.371
,SMSTORE8,0.000,0.000,36.310,-22.393,0.000,0.000,5.523,25.137,22.294,9.718,0.000,0.545,0.000,0.000,-5.923,0.000,-28.895,-42.315
,Total Facility,0.000,0.000,216.473,-347.054,0.000,0.000,58.610,338.020,298.033,115.781,0.000,5.984,0.005,0.000,-73.620,0.000,-263.787,-348.441


Peak Cooling Sensible Heat Gain Components

,,Time of Peak {TIMESTAMP},HVAC Zone Eq & Other Sensible Air Heating [W],HVAC Zone Eq & Other Sensible Air Cooling [W],HVAC Terminal Unit Sensible Air Heating [W],HVAC Terminal Unit Sensible Air Cooling [W],HVAC Input Heated Surface Heating [W],HVAC Input Cooled Surface Cooling [W],People Sensible Heat Addition [W],Lights Sensible Heat Addition [W],Equipment Sensible Heat Addition [W],Window Heat Addition [W],Interzone Air Transfer Heat Addition [W],Infiltration Heat Addition [W],Opaque Surface Conduction and Other Heat Addition [W],Equipment Sensible Heat Removal [W],Window Heat Removal [W],Interzone Air Transfer Heat Removal [W],Infiltration Heat Removal [W],Opaque Surface Conduction and Other Heat Removal [W]
,LGSTORE1,01-JUL-23:09,0.00,0.00,0.00,-27326.43,0.00,0.00,0.00,194.46,171.25,0.00,0.00,0.00,27314.97,0.00,-261.88,0.00,-92.38,0.00
,SMSTORE1,01-AUG-23:21,0.00,0.00,0.00,-12563.69,0.00,0.00,0.00,37.50,85.63,0.00,0.00,0.00,12571.71,0.00,-98.24,0.00,-32.92,0.00
,SMSTORE2,25-MAY-20:22,0.00,0.00,0.00,-13873.75,0.00,0.00,0.00,37.50,85.63,0.00,0.00,0.00,14071.32,0.00,-243.40,0.00,-77.29,0.00
,SMSTORE3,25-MAY-20:22,0.00,0.00,0.00,-13875.37,0.00,0.00,0.00,37.50,85.63,0.00,0.00,0.00,14071.93,0.00,-242.70,0.00,-76.99,0.00
,SMSTORE4,30-JUL-17:10,0.00,0.00,0.00,-13402.14,0.00,0.00,0.00,97.98,85.63,209.14,0.00,0.00,13027.51,0.00,-0.00,0.00,-18.13,0.00
,LGSTORE2,25-MAY-20:39,0.00,0.00,0.00,-26934.41,0.00,0.00,0.00,75.00,171.25,0.00,0.00,0.00,27342.03,0.00,-493.58,0.00,-160.30,0.00
,SMSTORE5,25-MAY-20:31,0.00,0.00,0.00,-13558.72,0.00,0.00,0.00,37.50,85.63,0.00,0.00,0.00,13757.78,0.00,-243.14,0.00,-79.05,0.00
,SMSTORE6,30-JUL-17:10,0.00,0.00,0.00,-13386.86,0.00,0.00,0.00,97.98,85.63,209.49,0.00,0.00,13011.91,0.00,-0.00,0.00,-18.15,0.00
,SMSTORE7,22-JUL-21:17,0.00,0.00,0.00,-13400.63,0.00,0.00,0.00,37.50,85.63,0.00,0.00,0.00,13441.43,0.00,-124.59,0.00,-39.34,0.00
,SMSTORE8,02-JUL-17:10,0.00,0.00,0.00,-12696.32,0.00,0.00,0.00,97.98,85.63,379.04,0.00,570.22,11563.45,0.00,-0.00,0.00,0.00,0.00
,Total Facility,19-AUG-18:10,0.00,0.00,0.00,-119827.07,0.00,0.00,1169.87,6437.88,5456.39,0.00,0.00,0.00,108300.95,0.00,-221.34,0.00,-1316.68,0.00


Peak Heating Sensible Heat Gain Components

,,Time of Peak {TIMESTAMP},HVAC Zone Eq & Other Sensible Air Heating [W],HVAC Zone Eq & Other Sensible Air Cooling [W],HVAC Terminal Unit Sensible Air Heating [W],HVAC Terminal Unit Sensible Air Cooling [W],HVAC Input Heated Surface Heating [W],HVAC Input Cooled Surface Cooling [W],People Sensible Heat Addition [W],Lights Sensible Heat Addition [W],Equipment Sensible Heat Addition [W],Window Heat Addition [W],Interzone Air Transfer Heat Addition [W],Infiltration Heat Addition [W],Opaque Surface Conduction and Other Heat Addition [W],Equipment Sensible Heat Removal [W],Window Heat Removal [W],Interzone Air Transfer Heat Removal [W],Infiltration Heat Removal [W],Opaque Surface Conduction and Other Heat Removal [W]
,LGSTORE1,03-MAR-07:42,0.00,0.00,69379.84,0.00,0.00,0.00,0.00,75.00,171.25,0.00,0.00,0.00,0.00,0.00,-910.75,0.00,-3723.08,-64992.26
,SMSTORE1,03-MAR-06:22,0.00,0.00,22413.95,0.00,0.00,0.00,0.00,37.50,85.63,0.00,0.00,0.00,0.00,0.00,-704.95,0.00,-1036.63,-20795.50
,SMSTORE2,02-FEB-03:42,0.00,0.00,24561.73,0.00,0.00,0.00,0.00,37.50,85.63,0.00,0.00,0.00,0.00,0.00,-830.92,0.00,-840.91,-23013.02
,SMSTORE3,17-DEC-20:02,0.00,0.00,24830.59,0.00,0.00,0.00,0.00,37.50,85.63,0.00,0.00,0.00,0.00,0.00,-632.52,0.00,-1070.23,-23250.97
,SMSTORE4,17-DEC-20:02,0.00,0.00,25322.16,0.00,0.00,0.00,0.00,37.50,85.63,0.00,0.00,0.00,0.00,0.00,-632.41,0.00,-1070.20,-23742.68
,LGSTORE2,17-DEC-08:22,0.00,0.00,53020.32,0.00,0.00,0.00,0.00,75.00,171.25,0.00,0.00,0.00,0.00,0.00,-810.59,0.00,-2897.76,-49558.23
,SMSTORE5,17-DEC-08:22,0.00,0.00,26853.07,0.00,0.00,0.00,0.00,37.50,85.63,0.00,0.00,0.00,0.00,0.00,-409.22,0.00,-1528.93,-25038.05
,SMSTORE6,17-DEC-08:22,0.00,0.00,26893.56,0.00,0.00,0.00,0.00,37.50,85.63,0.00,0.00,0.00,0.00,0.00,-409.12,0.00,-1528.92,-25078.64
,SMSTORE7,17-DEC-08:22,0.00,0.00,28087.92,0.00,0.00,0.00,0.00,37.50,85.63,0.00,0.00,0.00,0.00,0.00,-407.33,0.00,-1528.82,-26274.90
,SMSTORE8,02-FEB-02:22,0.00,0.00,46664.18,0.00,0.00,0.00,0.00,37.50,85.63,0.00,0.00,0.00,0.00,0.00,-800.62,0.00,-2358.73,-43627.96
,Total Facility,18-DEC-04:02,0.00,0.00,335002.11,0.00,0.00,0.00,0.00,450.00,1027.52,0.00,0.00,0.00,0.00,0.00,-7729.83,0.00,-15682.92,-313066.87


----------------------------------------------------------------------------------------------------
REPORT:,Standard 62.1 Summary
FOR:,Entire Facility
System Ventilation Requirements for Cooling

,,Sum of Zone Primary Air Flow - Vpz-sum [m3/s],System Population - Ps,Sum of Zone Population - Pz-sum,Occupant Diversity - D,Origin of D,Uncorrected Outdoor Air Intake Airflow - Vou [m3/s],System Primary Airflow - Vps [m3/s],Average Outdoor Air Fraction - Xs,System Ventilation Efficiency - Ev,Calculation Method for Ev,Outdoor Air Intake Flow - Vot [m3/s],Percent Outdoor Air - %OA,Environment Name of Peak System Population - Ps,Date and Time of Last Peak System Population - Ps
,PSZ-AC_1:1,1.3935,0.0000,23.2260,1.0000,Calculated from schedules,1.3935,1.3935,1.0000,1.0000,Not calculated,1.3935,1.0000,,
,PSZ-AC_2:2,0.6968,0.0000,11.6130,1.0000,Calculated from schedules,0.6968,0.6968,1.0000,1.0000,Not calculated,0.6968,1.0000,,
,PSZ-AC_3:3,0.6968,0.0000,11.6130,1.0000,Calculated from schedules,0.6968,0.6968,1.0000,1.0000,Not calculated,0.6968,1.0000,,
,PSZ-AC_4:4,0.6968,0.0000,11.6130,1.0000,Calculated from schedules,0.6968,0.6968,1.0000,1.0000,Not calculated,0.6968,1.0000,,
,PSZ-AC_5:5,0.6968,0.0000,11.6130,1.0000,Calculated from schedules,0.6968,0.6968,1.0000,1.0000,Not calculated,0.6968,1.0000,,
,PSZ-AC_6:6,1.3935,0.0000,23.2260,1.0000,Calculated from schedules,1.3935,1.3935,1.0000,1.0000,Not calculated,1.3935,1.0000,,
,PSZ-AC_7:7,0.6968,0.0000,11.6130,1.0000,Calculated from schedules,0.6968,0.6968,1.0000,1.0000,Not calculated,0.6968,1.0000,,
,PSZ-AC_8:8,0.6968,0.0000,11.6130,1.0000,Calculated from schedules,0.6968,0.6968,1.0000,1.0000,Not calculated,0.6968,1.0000,,
,PSZ-AC_9:9,0.6968,0.0000,11.6130,1.0000,Calculated from schedules,0.6968,0.6968,1.0000,1.0000,Not calculated,0.6968,1.0000,,
,PSZ-AC_10:10,0.7286,0.0000,11.6130,1.0000,Calculated from schedules,0.6968,0.7286,0.9804,1.0000,Not calculated,0.6968,0.9563,,


System Ventilation Requirements for Heating

,,Sum of Zone Primary Air Flow - Vpz-sum [m3/s],System Population - Ps,Sum of Zone Population - Pz-sum,Occupant Diversity - D,Origin of D,Uncorrected Outdoor Air Intake Airflow - Vou [m3/s],System Primary Airflow - Vps [m3/s],Average Outdoor Air Fraction - Xs,System Ventilation Efficiency - Ev,Calculation Method for Ev,Outdoor Air Intake Flow Vot [m3/s],Percent Outdoor Air - %OA,Environment Name of Peak System Population - Ps,Date and Time of Last Peak System Population - Ps
,PSZ-AC_1:1,1.3935,0.0000,23.2260,1.0000,Calculated from schedules,1.3935,1.3935,1.0000,1.0000,Not calculated,1.3935,1.0000,,
,PSZ-AC_2:2,0.6968,0.0000,11.6130,1.0000,Calculated from schedules,0.6968,0.6968,1.0000,1.0000,Not calculated,0.6968,1.0000,,
,PSZ-AC_3:3,0.6968,0.0000,11.6130,1.0000,Calculated from schedules,0.6968,0.6968,1.0000,1.0000,Not calculated,0.6968,1.0000,,
,PSZ-AC_4:4,0.6968,0.0000,11.6130,1.0000,Calculated from schedules,0.6968,0.6968,1.0000,1.0000,Not calculated,0.6968,1.0000,,
,PSZ-AC_5:5,0.6968,0.0000,11.6130,1.0000,Calculated from schedules,0.6968,0.6968,1.0000,1.0000,Not calculated,0.6968,1.0000,,
,PSZ-AC_6:6,1.3935,0.0000,23.2260,1.0000,Calculated from schedules,1.3935,1.3935,1.0000,1.0000,Not calculated,1.3935,1.0000,,
,PSZ-AC_7:7,0.6968,0.0000,11.6130,1.0000,Calculated from schedules,0.6968,0.6968,1.0000,1.0000,Not calculated,0.6968,1.0000,,
,PSZ-AC_8:8,0.6968,0.0000,11.6130,1.0000,Calculated from schedules,0.6968,0.6968,1.0000,1.0000,Not calculated,0.6968,1.0000,,
,PSZ-AC_9:9,0.6968,0.0000,11.6130,1.0000,Calculated from schedules,0.6968,0.6968,1.0000,1.0000,Not calculated,0.6968,1.0000,,
,PSZ-AC_10:10,0.7286,0.0000,11.6130,1.0000,Calculated from schedules,0.6968,0.7286,1.0000,1.0000,Not calculated,0.6968,0.9563,,


Zone Ventilation Parameters

,,AirLoop Name,People Outdoor Air Rate - Rp [m3/s-person],Zone Population - Pz,Area Outdoor Air Rate - Ra [m3/s-m2],Zone Floor Area - Az [m2],Breathing Zone Outdoor Airflow - Vbz [m3/s],Cooling Zone Air Distribution Effectiveness - Ez-clg,Cooling Zone Outdoor Airflow - Voz-clg [m3/s],Heating Zone Air Distribution Effectiveness - Ez-htg,Heating Zone Outdoor Airflow - Voz-htg [m3/s]
,LGSTORE1,PSZ-AC_1:1,0.000000,23.2260,0.004000,348.39,1.3935,1.0000,1.3935,1.000,1.3935
,SMSTORE1,PSZ-AC_2:2,0.000000,11.6130,0.004000,174.19,0.6968,1.0000,0.6968,1.000,0.6968
,SMSTORE2,PSZ-AC_3:3,0.000000,11.6130,0.004000,174.19,0.6968,1.0000,0.6968,1.000,0.6968
,SMSTORE3,PSZ-AC_4:4,0.000000,11.6130,0.004000,174.19,0.6968,1.0000,0.6968,1.000,0.6968
,SMSTORE4,PSZ-AC_5:5,0.000000,11.6130,0.004000,174.19,0.6968,1.0000,0.6968,1.000,0.6968
,LGSTORE2,PSZ-AC_6:6,0.000000,23.2260,0.004000,348.39,1.3935,1.0000,1.3935,1.000,1.3935
,SMSTORE5,PSZ-AC_7:7,0.000000,11.6130,0.004000,174.19,0.6968,1.0000,0.6968,1.000,0.6968
,SMSTORE6,PSZ-AC_8:8,0.000000,11.6130,0.004000,174.19,0.6968,1.0000,0.6968,1.000,0.6968
,SMSTORE7,PSZ-AC_9:9,0.000000,11.6130,0.004000,174.19,0.6968,1.0000,0.6968,1.000,0.6968
,SMSTORE8,PSZ-AC_10:10,0.000000,11.6130,0.004000,174.19,0.6968,1.0000,0.6968,1.000,0.6968


System Ventilation Parameters

,,People Outdoor Air Rate - Rp [m3/s-person],Sum of Zone Population - Pz-sum,Area Outdoor Air Rate - Ra [m3/s-m2],Sum of Zone Floor Area - Az-sum [m2],Breathing Zone Outdoor Airflow - Vbz [m3/s],Cooling Zone Outdoor Airflow - Voz-clg [m3/s],Heating Zone Outdoor Airflow - Voz-htg [m3/s]
,PSZ-AC_1:1,0.000000,23.23,0.004000,348.3864,1.3935,1.3935,1.3935
,PSZ-AC_2:2,0.000000,11.61,0.004000,174.1932,0.6968,0.6968,0.6968
,PSZ-AC_3:3,0.000000,11.61,0.004000,174.1932,0.6968,0.6968,0.6968
,PSZ-AC_4:4,0.000000,11.61,0.004000,174.1932,0.6968,0.6968,0.6968
,PSZ-AC_5:5,0.000000,11.61,0.004000,174.1932,0.6968,0.6968,0.6968
,PSZ-AC_6:6,0.000000,23.23,0.004000,348.3864,1.3935,1.3935,1.3935
,PSZ-AC_7:7,0.000000,11.61,0.004000,174.1932,0.6968,0.6968,0.6968
,PSZ-AC_8:8,0.000000,11.61,0.004000,174.1932,0.6968,0.6968,0.6968
,PSZ-AC_9:9,0.000000,11.61,0.004000,174.1932,0.6968,0.6968,0.6968
,PSZ-AC_10:10,0.000000,11.61,0.004000,174.1932,0.6968,0.6968,0.6968


Zone Ventilation Calculations for Cooling Design

,,AirLoop Name,Box Type,Zone Primary Airflow - Vpz [m3/s],Zone Discharge Airflow - Vdz [m3/s],Minimum Zone Primary Airflow - Vpz-min [m3/s],Is Vpz-min calculated using the Standard 62.1 Simplified Procedure?,Zone Outdoor Airflow Cooling - Voz-clg [m3/s],Primary Outdoor Air Fraction - Zpz,Primary Air Fraction - Ep,Secondary Recirculation Fraction- Er,Supply Air Fraction- Fa,Mixed Air Fraction - Fb,Outdoor Air Fraction - Fc,Zone Ventilation Efficiency - Evz
,LGSTORE1,PSZ-AC_1:1,AIRTERMINAL:SINGLEDUCT:CONSTANTVOLUME:NOREHEAT,1.3935,1.3935,1.3935,No,1.3935,0.0000,1.0000,0.0000,0.0000,0.0000,0.0000,1.0000
,SMSTORE1,PSZ-AC_2:2,AIRTERMINAL:SINGLEDUCT:CONSTANTVOLUME:NOREHEAT,0.6968,0.6968,0.6968,No,0.6968,0.0000,1.0000,0.0000,0.0000,0.0000,0.0000,1.0000
,SMSTORE2,PSZ-AC_3:3,AIRTERMINAL:SINGLEDUCT:CONSTANTVOLUME:NOREHEAT,0.6968,0.6968,0.6968,No,0.6968,0.0000,1.0000,0.0000,0.0000,0.0000,0.0000,1.0000
,SMSTORE3,PSZ-AC_4:4,AIRTERMINAL:SINGLEDUCT:CONSTANTVOLUME:NOREHEAT,0.6968,0.6968,0.6968,No,0.6968,0.0000,1.0000,0.0000,0.0000,0.0000,0.0000,1.0000
,SMSTORE4,PSZ-AC_5:5,AIRTERMINAL:SINGLEDUCT:CONSTANTVOLUME:NOREHEAT,0.6968,0.6968,0.6968,No,0.6968,0.0000,1.0000,0.0000,0.0000,0.0000,0.0000,1.0000
,LGSTORE2,PSZ-AC_6:6,AIRTERMINAL:SINGLEDUCT:CONSTANTVOLUME:NOREHEAT,1.3935,1.3935,1.3935,No,1.3935,0.0000,1.0000,0.0000,0.0000,0.0000,0.0000,1.0000
,SMSTORE5,PSZ-AC_7:7,AIRTERMINAL:SINGLEDUCT:CONSTANTVOLUME:NOREHEAT,0.6968,0.6968,0.6968,No,0.6968,0.0000,1.0000,0.0000,0.0000,0.0000,0.0000,1.0000
,SMSTORE6,PSZ-AC_8:8,AIRTERMINAL:SINGLEDUCT:CONSTANTVOLUME:NOREHEAT,0.6968,0.6968,0.6968,No,0.6968,0.0000,1.0000,0.0000,0.0000,0.0000,0.0000,1.0000
,SMSTORE7,PSZ-AC_9:9,AIRTERMINAL:SINGLEDUCT:CONSTANTVOLUME:NOREHEAT,0.6968,0.6968,0.6968,No,0.6968,0.0000,1.0000,0.0000,0.0000,0.0000,0.0000,1.0000
,SMSTORE8,PSZ-AC_10:10,AIRTERMINAL:SINGLEDUCT:CONSTANTVOLUME:NOREHEAT,0.7286,0.7286,0.7286,No,0.6968,0.0000,1.0000,0.0000,0.0000,0.0000,0.0000,1.0000


System Ventilation Calculations for Cooling Design

,,Sum of Zone Primary Airflow - Vpz-sum [m3/s],System Primary Airflow - Vps [m3/s],Sum of Zone Discharge Airflow - Vdz-sum [m3/s],Sum of Min Zone Primary Airflow - Vpz-min [m3/s],Zone Outdoor Airflow Cooling - Voz-clg [m3/s],Zone Ventilation Efficiency - Evz-min
,PSZ-AC_1:1,1.3935,1.3935,1.3935,1.3935,1.3935,1.0000
,PSZ-AC_2:2,0.6968,0.6968,0.6968,0.6968,0.6968,1.0000
,PSZ-AC_3:3,0.6968,0.6968,0.6968,0.6968,0.6968,1.0000
,PSZ-AC_4:4,0.6968,0.6968,0.6968,0.6968,0.6968,1.0000
,PSZ-AC_5:5,0.6968,0.6968,0.6968,0.6968,0.6968,1.0000
,PSZ-AC_6:6,1.3935,1.3935,1.3935,1.3935,1.3935,1.0000
,PSZ-AC_7:7,0.6968,0.6968,0.6968,0.6968,0.6968,1.0000
,PSZ-AC_8:8,0.6968,0.6968,0.6968,0.6968,0.6968,1.0000
,PSZ-AC_9:9,0.6968,0.6968,0.6968,0.6968,0.6968,1.0000
,PSZ-AC_10:10,0.7286,0.7286,0.7286,0.7286,0.6968,1.0000


Zone Ventilation Calculations for Heating Design

,,AirLoop Name,Box Type,Zone Primary Airflow - Vpz [m3/s],Zone Discharge Airflow - Vdz [m3/s],Minimum Zone Primary Airflow - Vpz-min [m3/s],Is Vpz-min calculated using the Standard 62.1 Simplified Procedure?,Zone Outdoor Airflow Heating - Voz-htg [m3/s],Primary Outdoor Air Fraction - Zpz,Primary Air Fraction - Ep,Secondary Recirculation Fraction- Er,Supply Air Fraction- Fa,Mixed Air Fraction - Fb,Outdoor Air Fraction - Fc,Zone Ventilation Efficiency - Evz
,LGSTORE1,PSZ-AC_1:1,AIRTERMINAL:SINGLEDUCT:CONSTANTVOLUME:NOREHEAT,1.3935,1.3935,1.3935,No,1.3935,1.0000,1.0000,0.0000,0.0000,0.0000,0.0000,1.0000
,SMSTORE1,PSZ-AC_2:2,AIRTERMINAL:SINGLEDUCT:CONSTANTVOLUME:NOREHEAT,0.6968,0.6968,0.6968,No,0.6968,1.0000,1.0000,0.0000,0.0000,0.0000,0.0000,1.0000
,SMSTORE2,PSZ-AC_3:3,AIRTERMINAL:SINGLEDUCT:CONSTANTVOLUME:NOREHEAT,0.6968,0.6968,0.6968,No,0.6968,1.0000,1.0000,0.0000,0.0000,0.0000,0.0000,1.0000
,SMSTORE3,PSZ-AC_4:4,AIRTERMINAL:SINGLEDUCT:CONSTANTVOLUME:NOREHEAT,0.6968,0.6968,0.6968,No,0.6968,1.0000,1.0000,0.0000,0.0000,0.0000,0.0000,1.0000
,SMSTORE4,PSZ-AC_5:5,AIRTERMINAL:SINGLEDUCT:CONSTANTVOLUME:NOREHEAT,0.6968,0.6968,0.6968,No,0.6968,1.0000,1.0000,0.0000,0.0000,0.0000,0.0000,1.0000
,LGSTORE2,PSZ-AC_6:6,AIRTERMINAL:SINGLEDUCT:CONSTANTVOLUME:NOREHEAT,1.3935,1.3935,1.3935,No,1.3935,1.0000,1.0000,0.0000,0.0000,0.0000,0.0000,1.0000
,SMSTORE5,PSZ-AC_7:7,AIRTERMINAL:SINGLEDUCT:CONSTANTVOLUME:NOREHEAT,0.6968,0.6968,0.6968,No,0.6968,1.0000,1.0000,0.0000,0.0000,0.0000,0.0000,1.0000
,SMSTORE6,PSZ-AC_8:8,AIRTERMINAL:SINGLEDUCT:CONSTANTVOLUME:NOREHEAT,0.6968,0.6968,0.6968,No,0.6968,1.0000,1.0000,0.0000,0.0000,0.0000,0.0000,1.0000
,SMSTORE7,PSZ-AC_9:9,AIRTERMINAL:SINGLEDUCT:CONSTANTVOLUME:NOREHEAT,0.6968,0.6968,0.6968,No,0.6968,1.0000,1.0000,0.0000,0.0000,0.0000,0.0000,1.0000
,SMSTORE8,PSZ-AC_10:10,AIRTERMINAL:SINGLEDUCT:CONSTANTVOLUME:NOREHEAT,0.7286,0.7286,0.7286,No,0.6968,0.9563,1.0000,0.0000,0.0000,0.0000,0.0000,1.0000


System Ventilation Calculations for Heating Design

,,Sum of Zone Primary Airflow - Vpz-sum [m3/s],System Primary Airflow - Vps [m3/s],Sum of Zone Discharge Airflow - Vdz-sum [m3/s],Sum of Min Zone Primary Airflow - Vpz-min [m3/s],Zone Outdoor Airflow Heating - Voz-htg [m3/s],Zone Ventilation Efficiency - Evz-min
,PSZ-AC_1:1,1.3935,1.3935,1.3935,1.3935,1.3935,1.0000
,PSZ-AC_2:2,0.6968,0.6968,0.6968,0.6968,0.6968,1.0000
,PSZ-AC_3:3,0.6968,0.6968,0.6968,0.6968,0.6968,1.0000
,PSZ-AC_4:4,0.6968,0.6968,0.6968,0.6968,0.6968,1.0000
,PSZ-AC_5:5,0.6968,0.6968,0.6968,0.6968,0.6968,1.0000
,PSZ-AC_6:6,1.3935,1.3935,1.3935,1.3935,1.3935,1.0000
,PSZ-AC_7:7,0.6968,0.6968,0.6968,0.6968,0.6968,1.0000
,PSZ-AC_8:8,0.6968,0.6968,0.6968,0.6968,0.6968,1.0000
,PSZ-AC_9:9,0.6968,0.6968,0.6968,0.6968,0.6968,1.0000
,PSZ-AC_10:10,0.7286,0.7286,0.7286,0.7286,0.6968,1.0000


----------------------------------------------------------------------------------------------------
REPORT:,LEED Summary
FOR:,Entire Facility
Sec1.1A-General Information

,,Data
,Weather File,RUNPERIOD 1 ** BUFFALO NY USA TMY2-14733 WMO#=725280
,Total gross floor area [m2],2090.32
,Principal Heating Source,Natural Gas


EAp2-1. Space Usage Type

,,Space Area [m2],Regularly Occupied Area [m2],Unconditioned Area [m2],Typical Hours/Week in Operation [hr/wk]
,LGSTORE1,348.39,348.39,0.00,112.00
,SMSTORE1,174.19,174.19,0.00,112.00
,SMSTORE2,174.19,174.19,0.00,84.29
,SMSTORE3,174.19,174.19,0.00,84.29
,SMSTORE4,174.19,174.19,0.00,84.29
,LGSTORE2,348.39,348.39,0.00,77.29
,SMSTORE5,174.19,174.19,0.00,77.29
,SMSTORE6,174.19,174.19,0.00,77.29
,SMSTORE7,174.19,174.19,0.00,77.29
,SMSTORE8,174.19,174.19,0.00,77.29
,Totals,2090.32,2090.32,0.00,


EAp2-2. Advisory Messages

,,Data
,Number of hours heating loads not met,0.00
,Number of hours cooling loads not met,0.00
,Number of hours not met,0.00


EAp2-3. Energy Type Summary

,,Utility Rate,Virtual Rate [$/unit energy],Units of Energy,Units of Demand
,None,,,,


EAp2-4/5. Performance Rating Method Compliance

,,Electricity Energy Use [GJ],Electricity Demand [W],Natural Gas Energy Use [GJ],Natural Gas Demand [W],Gasoline Use [GJ],Gasoline Demand [W],Diesel Use [GJ],Diesel Demand [W],Coal Use [GJ],Coal Demand [W],Fuel Oil No 1 Use [GJ],Fuel Oil No 1 Demand [W],Fuel Oil No 2 Use [GJ],Fuel Oil No 2 Demand [W],Propane Use [GJ],Propane Demand [W],Other Fuel 1 Use [GJ],Other Fuel 1 Demand [W],Other Fuel 2 Use [GJ],Other Fuel 2 Demand [W],District Cooling Use [GJ],District Cooling Demand [W],District Heating Use [GJ],District Heating Demand [W]
,Heating -- General,0.00,0.00,1226.11,382741.49,0.00,0.00,0.00,0.00,0.00,0.00,0.00,0.00,0.00,0.00,0.00,0.00,0.00,0.00,0.00,0.00,0.00,0.00,0.00,0.00
,Cooling -- General,64.93,43036.95,0.00,0.00,0.00,0.00,0.00,0.00,0.00,0.00,0.00,0.00,0.00,0.00,0.00,0.00,0.00,0.00,0.00,0.00,0.00,0.00,0.00,0.00
,Interior Lighting -- LightsWired,338.02,22282.43,0.00,0.00,0.00,0.00,0.00,0.00,0.00,0.00,0.00,0.00,0.00,0.00,0.00,0.00,0.00,0.00,0.00,0.00,0.00,0.00,0.00,0.00
,Exterior Lighting -- General,60.16,5507.06,0.00,0.00,0.00,0.00,0.00,0.00,0.00,0.00,0.00,0.00,0.00,0.00,0.00,0.00,0.00,0.00,0.00,0.00,0.00,0.00,0.00,0.00
,Interior Equipment -- MiscPlug,298.03,18743.00,0.00,0.00,0.00,0.00,0.00,0.00,0.00,0.00,0.00,0.00,0.00,0.00,0.00,0.00,0.00,0.00,0.00,0.00,0.00,0.00,0.00,0.00
,Exterior Equipment -- Not Subdivided,0.00,0.00,0.00,0.00,0.00,0.00,0.00,0.00,0.00,0.00,0.00,0.00,0.00,0.00,0.00,0.00,0.00,0.00,0.00,0.00,0.00,0.00,0.00,0.00
,Fans -- General,74.56,7259.34,0.00,0.00,0.00,0.00,0.00,0.00,0.00,0.00,0.00,0.00,0.00,0.00,0.00,0.00,0.00,0.00,0.00,0.00,0.00,0.00,0.00,0.00
,Pumps -- Not Subdivided,0.00,0.00,0.00,0.00,0.00,0.00,0.00,0.00,0.00,0.00,0.00,0.00,0.00,0.00,0.00,0.00,0.00,0.00,0.00,0.00,0.00,0.00,0.00,0.00
,Heat Rejection -- Not Subdivided,0.00,0.00,0.00,0.00,0.00,0.00,0.00,0.00,0.00,0.00,0.00,0.00,0.00,0.00,0.00,0.00,0.00,0.00,0.00,0.00,0.00,0.00,0.00,0.00
,Humidification -- Not Subdivided,0.00,0.00,0.00,0.00,0.00,0.00,0.00,0.00,0.00,0.00,0.00,0.00,0.00,0.00,0.00,0.00,0.00,0.00,0.00,0.00,0.00,0.00,0.00,0.00
,Heat Recovery -- Not Subdivided,0.00,0.00,0.00,0.00,0.00,0.00,0.00,0.00,0.00,0.00,0.00,0.00,0.00,0.00,0.00,0.00,0.00,0.00,0.00,0.00,0.00,0.00,0.00,0.00
,Water Systems -- Water Heater,65.09,16060.43,0.00,0.00,0.00,0.00,0.00,0.00,0.00,0.00,0.00,0.00,0.00,0.00,0.00,0.00,0.00,0.00,0.00,0.00,0.00,0.00,0.00,0.00
,Refrigeration -- Not Subdivided,0.00,0.00,0.00,0.00,0.00,0.00,0.00,0.00,0.00,0.00,0.00,0.00,0.00,0.00,0.00,0.00,0.00,0.00,0.00,0.00,0.00,0.00,0.00,0.00
,Generators -- General,0.00,0.00,0.00,0.00,0.00,0.00,0.00,0.00,0.00,0.00,0.00,0.00,0.00,0.00,0.00,0.00,0.00,0.00,0.00,0.00,0.00,0.00,0.00,0.00


EAp2-6. Energy Use Summary

,,Process Subtotal [GJ],Total Energy Use [GJ]
,Electricity,298.03,900.80
,Natural Gas,0.00,1226.11
,Additional,0.00,0.00
,Total,298.03,2126.91


EAp2-7. Energy Cost Summary

,,Process Subtotal [$],Total Energy Cost [$]
,Electricity,0.00,
,Natural Gas,0.00,
,Additional,0.00,
,Total,0.00,
Process energy cost based on ratio of process to total energy.


L-1. Renewable Energy Source Summary

,,Rated Capacity [kW],Annual Energy Generated [GJ]
,Photovoltaic,0.00,0.00
,Wind,0.00,0.00


EAp2-17a. Energy Use Intensity - Electricity

,,Electricty [MJ/m2]
,Interior Lighting (All),161.71
,Space Heating,0.00
,Space Cooling,31.06
,Fans (All),35.67
,Service Water Heating,31.14
,Receptacle Equipment,142.58
,Miscellaneous (All),430.94
,Subtotal,430.94


EAp2-17b. Energy Use Intensity - Natural Gas

,,Natural Gas [MJ/m2]
,Space Heating,586.57
,Service Water Heating,0.00
,Miscellaneous (All),586.57
,Subtotal,586.57


EAp2-17c. Energy Use Intensity - Additional

,,Additional [MJ/m2]
,Subtotal,0.00
,Miscellaneous,0.00


EAp2-18. End Use Percentage

,,Percent [%]
,Interior Lighting (All),15.89
,Space Heating,57.65
,Space Cooling,3.05
,Fans (All),3.51
,Service Water Heating,3.06
,Receptacle Equipment,14.01
,Miscellaneous,2.83


Schedules-Equivalent Full Load Hours (Schedule Type=Fraction)

,,Equivalent Full Load Hours of Operation Per Year [hr],Hours > 1% [hr]
,TYPE1_OCC_SCH,1630.,5840.
,TYPE2_OCC_SCH,995.,4429.
,TYPE3_OCC_SCH,1709.,4064.
,LTG_SCH_DISPLAY_LPD_TYPE1_SMSTORE,3767.,8760.
,LTG_SCH_BASE_LPD2,3238.,8760.
,LTG_SCH_BASE_SMALL_LPD2_TYPE3,3296.,8760.
,LTG_SCH_DISPLAY_LPD_TYPE3_LGSTORE,5084.,8760.
,LTG_SCH_DISPLAY_LPD_TYPE3_SMSTORE,5084.,8760.
,LTG_SCH_BASE_SMALL_LPD1,4453.,8760.
,LTG_SCH_BASE_LPD1,4376.,8760.
,LTG_SCH_DISPLAY_LPD_TYPE1_LGSTORE,3767.,8760.
,LTG_SCH_BASE_SMALL_LPD2_TYPE2,3584.,8760.
,LTG_SCH_DISPLAY_LPD_TYPE2_SMSTORE,4096.,8760.
,TYPE1_EQUIP_SCH,4868.,8760.
,TYPE2_EQUIP_SCH,3893.,8760.
,TYPE3_EQUIP_SCH,3584.,8760.
,TYPE1_INFIL_SCH,4302.,8760.
,TYPE2_INFIL_SCH,5164.,8760.
,TYPE3_INFIL_SCH,5438.,8760.
,INFIL_DOOR_OPENING_SCH,2477.,4380.
,TYPE1_MINOA_MOTORIZEDDAMPER_SCH,5579.,5579.
,TYPE2_MINOA_MOTORIZEDDAMPER_SCH,4429.,4429.
,TYPE3_MINOA_MOTORIZEDDAMPER_SCH,4064.,4064.
,TYPE1_SWH_SCH,2063.,6048.
,TYPE2_SWH_SCH,1831.,4429.
,TYPE3_SWH_SCH,1733.,4064.
,AVERAGE_SWH_SCH,1863.,6152.
,ALWAYS_ON,8760.,8760.
,EXTERIOR_LGT_ALWAYS_ON,8760.,8760.
,EXTERIOR_LGT_189_1,7118.,8760.
,MINOA_SCHED,8760.,8760.
,WORK_EFF_SCH,0.,0.
,EXTERIOR_LIGHTING_SCHEDULE_A,6570.,6570.
,EXTERIOR_LIGHTING_SCHEDULE_B,8103.,8760.
,EXTERIOR_LIGHTING_SCHEDULE_A_IECC2015,5839.,5839.
,EXTERIOR_LIGHTING_SCHEDULE_B_2016,7665.,8760.
,EXTERIOR_LIGHTING_SCHEDULE_C_2016,7300.,8760.
,SZ_SYSTEM_OA_MAX_FRAC_SCH,6570.,8760.


Schedules-SetPoints (Schedule Type=Temperature)

,,First Object Used,Month Assumed,11am First Wednesday [C],Days with Same 11am Value,11pm First Wednesday [C],Days with Same 11pm Value
,TYPE1_HTGSETP_SCH_NO_OPTIMUM,LGSTORE1 DUAL SP CONTROL,January,20.50,365,20.50,365
,TYPE1_CLGSETP_SCH_NO_OPTIMUM,LGSTORE1 DUAL SP CONTROL,July,24.50,365,24.50,365
,TYPE2_HTGSETP_SCH_NO_OPTIMUM,SMSTORE2 DUAL SP CONTROL,January,20.50,365,20.50,365
,TYPE2_CLGSETP_SCH_NO_OPTIMUM,SMSTORE2 DUAL SP CONTROL,July,24.50,365,24.50,365
,TYPE3_HTGSETP_SCH_NO_OPTIMUM,LGSTORE2 DUAL SP CONTROL,January,20.50,365,20.50,365
,TYPE3_CLGSETP_SCH_NO_OPTIMUM,LGSTORE2 DUAL SP CONTROL,July,24.50,365,24.50,365


----------------------------------------------------------------------------------------------------
REPORT:,Annual Thermal Resilience Summary
FOR:,Entire Facility
Heat Index Hours

,,Safe (≤ 26.7°C) [hr],Caution (> 26.7, ≤ 32.2°C) [hr],Extreme Caution (> 32.2, ≤ 39.4°C) [hr],Danger (> 39.4, ≤ 51.7°C) [hr],Extreme Danger (> 51.7°C) [hr]
,LGSTORE1,8760.00,0.00,0.00,0.00,0.00
,SMSTORE1,8760.00,0.00,0.00,0.00,0.00
,SMSTORE2,8760.00,0.00,0.00,0.00,0.00
,SMSTORE3,8760.00,0.00,0.00,0.00,0.00
,SMSTORE4,8760.00,0.00,0.00,0.00,0.00
,LGSTORE2,8760.00,0.00,0.00,0.00,0.00
,SMSTORE5,8760.00,0.00,0.00,0.00,0.00
,SMSTORE6,8760.00,0.00,0.00,0.00,0.00
,SMSTORE7,8760.00,0.00,0.00,0.00,0.00
,SMSTORE8,8760.00,0.00,0.00,0.00,0.00
,Min,8760.00,0.00,0.00,0.00,0.00
,Max,8760.00,0.00,0.00,0.00,0.00
,Average,8760.00,0.00,0.00,0.00,0.00
,Sum,87600.00,0.00,0.00,0.00,0.00


Heat Index OccupantHours

,,Safe (≤ 26.7°C) [hr],Caution (> 26.7, ≤ 32.2°C) [hr],Extreme Caution (> 32.2, ≤ 39.4°C) [hr],Danger (> 39.4, ≤ 51.7°C) [hr],Extreme Danger (> 51.7°C) [hr]
,LGSTORE1,34749.00,0.00,0.00,0.00,0.00
,SMSTORE1,15570.00,0.00,0.00,0.00,0.00
,SMSTORE2,9487.00,0.00,0.00,0.00,0.00
,SMSTORE3,9487.00,0.00,0.00,0.00,0.00
,SMSTORE4,9487.00,0.00,0.00,0.00,0.00
,LGSTORE2,37042.00,0.00,0.00,0.00,0.00
,SMSTORE5,17948.00,0.00,0.00,0.00,0.00
,SMSTORE6,17948.00,0.00,0.00,0.00,0.00
,SMSTORE7,17948.00,0.00,0.00,0.00,0.00
,SMSTORE8,17948.00,0.00,0.00,0.00,0.00
,Min,9487.00,0.00,0.00,0.00,0.00
,Max,37042.00,0.00,0.00,0.00,0.00
,Average,18761.40,0.00,0.00,0.00,0.00
,Sum,187614.00,0.00,0.00,0.00,0.00


Humidex Hours

,,Little to no Discomfort (≤ 29) [hr],Some Discomfort (> 29, ≤ 40) [hr],Great Discomfort; Avoid Exertion (> 40, ≤ 45) [hr],Dangerous (> 45, ≤ 50) [hr],Heat Stroke Quite Possible (> 50) [hr]
,LGSTORE1,8297.50,462.50,0.00,0.00,0.00
,SMSTORE1,8523.67,236.33,0.00,0.00,0.00
,SMSTORE2,8430.83,329.17,0.00,0.00,0.00
,SMSTORE3,8425.67,334.33,0.00,0.00,0.00
,SMSTORE4,8410.67,349.33,0.00,0.00,0.00
,LGSTORE2,8393.33,366.67,0.00,0.00,0.00
,SMSTORE5,8422.83,337.17,0.00,0.00,0.00
,SMSTORE6,8406.67,353.33,0.00,0.00,0.00
,SMSTORE7,8379.17,380.83,0.00,0.00,0.00
,SMSTORE8,8283.33,476.67,0.00,0.00,0.00
,Min,8283.33,236.33,0.00,0.00,0.00
,Max,8523.67,476.67,0.00,0.00,0.00
,Average,8397.37,362.63,0.00,0.00,0.00
,Sum,83973.67,3626.33,0.00,0.00,0.00


Humidex OccupantHours

,,Little to no Discomfort (≤ 29) [hr],Some Discomfort (> 29, ≤ 40) [hr],Great Discomfort; Avoid Exertion (> 40, ≤ 45) [hr],Dangerous (> 45, ≤ 50) [hr],Heat Stroke Quite Possible (> 50) [hr]
,LGSTORE1,33059.83,1689.17,0.00,0.00,0.00
,SMSTORE1,14961.00,609.00,0.00,0.00,0.00
,SMSTORE2,8975.83,511.17,0.00,0.00,0.00
,SMSTORE3,8974.33,512.67,0.00,0.00,0.00
,SMSTORE4,8967.67,519.33,0.00,0.00,0.00
,LGSTORE2,34891.33,2150.67,0.00,0.00,0.00
,SMSTORE5,16932.50,1015.50,0.00,0.00,0.00
,SMSTORE6,16923.17,1024.83,0.00,0.00,0.00
,SMSTORE7,16894.17,1053.83,0.00,0.00,0.00
,SMSTORE8,16830.67,1117.33,0.00,0.00,0.00
,Min,8967.67,511.17,0.00,0.00,0.00
,Max,34891.33,2150.67,0.00,0.00,0.00
,Average,17741.05,1020.35,0.00,0.00,0.00
,Sum,177410.50,10203.50,0.00,0.00,0.00


Heating SET Hours

,,SET ≤ 12.2°C Hours (°C),SET ≤ 12.2°C OccupantHours (°C),Longest SET ≤ 12.2°C Duration [hr],Start Time of the Longest SET ≤ 12.2°C Duration
,None,,,,


Cooling SET Hours

,,SET > 30°C Hours (°C),SET > 30°C OccupantHours (°C),Longest SET > 30°C Duration [hr],Start Time of the Longest SET > 30°C Duration
,None,,,,


----------------------------------------------------------------------------------------------------
REPORT:,Annual CO2 Resilience Summary
FOR:,Entire Facility
CO2 Level Hours

,,Safe (<= 1000 ppm) [hr],Caution (> 1000, <= 5000 ppm) [hr],Hazard (> 5000 ppm) [hr]
,None,,,


CO2 Level OccupantHours

,,Safe (<= 1000 ppm) [hr],Caution (> 1000, <= 5000 ppm) [hr],Hazard (> 5000 ppm) [hr]
,None,,,


----------------------------------------------------------------------------------------------------
REPORT:,Annual Visual Resilience Summary
FOR:,Entire Facility
Illuminance Level Hours

,,A Bit Dark (<= 100 lux) [hr],Dim (> 100, <= 300 lux) [hr],Adequate (> 300, <= 500 lux) [hr],Bright (>500 lux) [hr]
,None,,,,


Illuminance Level OccupantHours

,,A Bit Dark (<= 100 lux) [hr],Dim (> 100, <= 300 lux) [hr],Adequate (> 300, <= 500 lux) [hr],Bright (>500 lux) [hr]
,None,,,,


----------------------------------------------------------------------------------------------------
REPORT:,NAMEHOLDERMONTHLYSUMMARY TASKPURPOSE PROGRESSINDICATOR
FOR:,Environment
Custom Monthly Report

,,SITE OUTDOOR AIR DRYBULB TEMPERATURE [C]
,January,-3.41
,February,-5.47
,March,2.031
,April,7.599
,May,14.212
,June,18.902
,July,22.153
,August,20.409
,September,16.494
,October,10.983
,November,4.557
,December,-1.52
,,
,Annual Sum or Average,8.997
,Minimum of Months,-5.47
,Maximum of Months,22.153


----------------------------------------------------------------------------------------------------
REPORT:,NAMEHOLDERMONTHLYSUMMARY CODENAME ASHRAE901
FOR:,Environment
Custom Monthly Report

,,SITE OUTDOOR AIR DRYBULB TEMPERATURE [C]
,January,-3.41
,February,-5.47
,March,2.031
,April,7.599
,May,14.212
,June,18.902
,July,22.153
,August,20.409
,September,16.494
,October,10.983
,November,4.557
,December,-1.52
,,
,Annual Sum or Average,8.997
,Minimum of Months,-5.47
,Maximum of Months,22.153


----------------------------------------------------------------------------------------------------
REPORT:,NAMEHOLDERMONTHLYSUMMARY CODEYEAR 2019
FOR:,Environment
Custom Monthly Report

,,SITE OUTDOOR AIR DRYBULB TEMPERATURE [C]
,January,-3.41
,February,-5.47
,March,2.031
,April,7.599
,May,14.212
,June,18.902
,July,22.153
,August,20.409
,September,16.494
,October,10.983
,November,4.557
,December,-1.52
,,
,Annual Sum or Average,8.997
,Minimum of Months,-5.47
,Maximum of Months,22.153


----------------------------------------------------------------------------------------------------
REPORT:,NAMEHOLDERMONTHLYSUMMARY CODEAMENDMENT NONEAMEND
FOR:,Environment
Custom Monthly Report

,,SITE OUTDOOR AIR DRYBULB TEMPERATURE [C]
,January,-3.41
,February,-5.47
,March,2.031
,April,7.599
,May,14.212
,June,18.902
,July,22.153
,August,20.409
,September,16.494
,October,10.983
,November,4.557
,December,-1.52
,,
,Annual Sum or Average,8.997
,Minimum of Months,-5.47
,Maximum of Months,22.153


----------------------------------------------------------------------------------------------------
REPORT:,NAMEHOLDERMONTHLYSUMMARY PROTOTYPENAME RETAILSTRIPMALL
FOR:,Environment
Custom Monthly Report

,,SITE OUTDOOR AIR DRYBULB TEMPERATURE [C]
,January,-3.41
,February,-5.47
,March,2.031
,April,7.599
,May,14.212
,June,18.902
,July,22.153
,August,20.409
,September,16.494
,October,10.983
,November,4.557
,December,-1.52
,,
,Annual Sum or Average,8.997
,Minimum of Months,-5.47
,Maximum of Months,22.153


----------------------------------------------------------------------------------------------------
REPORT:,NAMEHOLDERMONTHLYSUMMARY TASKSCOPE NATIONAL
FOR:,Environment
Custom Monthly Report

,,SITE OUTDOOR AIR DRYBULB TEMPERATURE [C]
,January,-3.41
,February,-5.47
,March,2.031
,April,7.599
,May,14.212
,June,18.902
,July,22.153
,August,20.409
,September,16.494
,October,10.983
,November,4.557
,December,-1.52
,,
,Annual Sum or Average,8.997
,Minimum of Months,-5.47
,Maximum of Months,22.153


----------------------------------------------------------------------------------------------------
REPORT:,NAMEHOLDERMONTHLYSUMMARY STATE NATIONAL
FOR:,Environment
Custom Monthly Report

,,SITE OUTDOOR AIR DRYBULB TEMPERATURE [C]
,January,-3.41
,February,-5.47
,March,2.031
,April,7.599
,May,14.212
,June,18.902
,July,22.153
,August,20.409
,September,16.494
,October,10.983
,November,4.557
,December,-1.52
,,
,Annual Sum or Average,8.997
,Minimum of Months,-5.47
,Maximum of Months,22.153


----------------------------------------------------------------------------------------------------
REPORT:,NAMEHOLDERMONTHLYSUMMARY CLIMATEZONE 5A
FOR:,Environment
Custom Monthly Report

,,SITE OUTDOOR AIR DRYBULB TEMPERATURE [C]
,January,-3.41
,February,-5.47
,March,2.031
,April,7.599
,May,14.212
,June,18.902
,July,22.153
,August,20.409
,September,16.494
,October,10.983
,November,4.557
,December,-1.52
,,
,Annual Sum or Average,8.997
,Minimum of Months,-5.47
,Maximum of Months,22.153


----------------------------------------------------------------------------------------------------
REPORT:,NAMEHOLDERMONTHLYSUMMARY REPRESENTCITY USA_NY_BUFFALO
FOR:,Environment
Custom Monthly Report

,,SITE OUTDOOR AIR DRYBULB TEMPERATURE [C]
,January,-3.41
,February,-5.47
,March,2.031
,April,7.599
,May,14.212
,June,18.902
,July,22.153
,August,20.409
,September,16.494
,October,10.983
,November,4.557
,December,-1.52
,,
,Annual Sum or Average,8.997
,Minimum of Months,-5.47
,Maximum of Months,22.153


----------------------------------------------------------------------------------------------------
REPORT:,ZoneCoolingSummaryMonthly
FOR:,LGSTORE1
Custom Monthly Report

,,ZONE AIR SYSTEM SENSIBLE COOLING ENERGY [J],ZONE AIR SYSTEM SENSIBLE COOLING RATE {Maximum} [W],ZONE AIR SYSTEM SENSIBLE COOLING RATE {TIMESTAMP},SITE OUTDOOR AIR DRYBULB TEMPERATURE {AT MAX/MIN} [C],SITE OUTDOOR AIR WETBULB TEMPERATURE {AT MAX/MIN} [C],ZONE TOTAL INTERNAL LATENT GAIN ENERGY [J],ZONE TOTAL INTERNAL LATENT GAIN RATE {Maximum} [W],ZONE TOTAL INTERNAL LATENT GAIN RATE {TIMESTAMP},SITE OUTDOOR AIR DRYBULB TEMPERATURE {AT MAX/MIN} [C],SITE OUTDOOR AIR WETBULB TEMPERATURE {AT MAX/MIN} [C]
,January,0.475837E+09,21775.52,05-JAN-19:17,-7.4,-8.5,0.411775E+09,492.52,16-JAN-18:40,4.07,1.36
,February,0.324245E+09,22913.34,24-FEB-19:07,-8.8,-9.1,0.371729E+09,492.52,26-FEB-18:40,2.23,1.54
,March,0.235695E+10,19702.52,07-MAR-10:29,-4.8,-6.2,0.413139E+09,640.26,31-MAR-12:30,20.30,13.95
,April,0.410925E+10,8286.20,16-APR-08:62,9.92,7.19,0.417534E+09,736.38,30-APR-17:00,21.10,12.50
,May,0.739240E+10,9984.85,01-MAY-08:62,8.07,7.46,0.505903E+09,736.40,21-MAY-17:49,20.10,16.20
,June,0.987849E+10,23235.57,02-JUN-00:31,22.97,18.34,0.575121E+09,736.43,24-JUN-12:30,26.95,17.62
,July,0.128384E+11,27330.47,01-JUL-23:09,22.12,17.08,0.616692E+09,736.44,02-JUL-17:40,31.67,21.77
,August,0.120439E+11,26268.18,07-AUG-23:10,22.35,17.91,0.606294E+09,736.43,20-AUG-16:19,23.80,16.32
,September,0.100356E+11,22952.47,02-SEP-23:10,18.80,17.06,0.536329E+09,736.43,01-SEP-12:30,18.80,17.06
,October,0.722026E+10,18566.93,04-OCT-23:14,20.83,17.55,0.461259E+09,651.54,15-OCT-12:00,20.60,14.38
,November,0.271001E+10,11546.08,23-NOV-09:42,5.22,2.24,0.401186E+09,540.75,03-NOV-12:00,5.22,2.24
,December,0.111315E+10,23309.39,24-DEC-21:47,-9.3,-10.2,0.413871E+09,492.80,03-DEC-13:00,-9.3,-10.2
,,,,,,,,,,,
,Annual Sum or Average,0.704984E+11,,,,,0.573083E+10,,,,
,Minimum of Months,0.324245E+09,8286.20,,-9.3,-10.2,0.371729E+09,492.52,,-9.3,-10.2
,Maximum of Months,0.128384E+11,27330.47,,22.97,18.34,0.616692E+09,736.44,,31.67,21.77


----------------------------------------------------------------------------------------------------
REPORT:,ZoneCoolingSummaryMonthly
FOR:,SMSTORE1
Custom Monthly Report

,,ZONE AIR SYSTEM SENSIBLE COOLING ENERGY [J],ZONE AIR SYSTEM SENSIBLE COOLING RATE {Maximum} [W],ZONE AIR SYSTEM SENSIBLE COOLING RATE {TIMESTAMP},SITE OUTDOOR AIR DRYBULB TEMPERATURE {AT MAX/MIN} [C],SITE OUTDOOR AIR WETBULB TEMPERATURE {AT MAX/MIN} [C],ZONE TOTAL INTERNAL LATENT GAIN ENERGY [J],ZONE TOTAL INTERNAL LATENT GAIN RATE {Maximum} [W],ZONE TOTAL INTERNAL LATENT GAIN RATE {TIMESTAMP},SITE OUTDOOR AIR DRYBULB TEMPERATURE {AT MAX/MIN} [C],SITE OUTDOOR AIR WETBULB TEMPERATURE {AT MAX/MIN} [C]
,January,0.299603E+09,11866.93,23-JAN-18:41,-9.9,-11.5,0.210397E+09,288.49,16-JAN-18:00,-9.9,-11.5
,February,0.210414E+09,1551.63,04-FEB-18:10,6.28,4.16,0.189413E+09,280.19,26-FEB-18:00,1.70,1.02
,March,0.113368E+10,8961.40,04-MAR-10:09,-2.7,-4.0,0.214592E+09,327.40,31-MAR-12:30,20.30,13.95
,April,0.184322E+10,12023.17,30-APR-17:01,22.02,12.36,0.220597E+09,368.19,30-APR-17:10,22.02,12.36
,May,0.341531E+10,11594.74,25-MAY-20:34,16.13,9.32,0.267314E+09,368.26,29-MAY-17:19,24.27,15.80
,June,0.511610E+10,12097.69,28-JUN-20:40,18.17,12.05,0.290527E+09,368.21,24-JUN-12:30,18.17,12.05
,July,0.668410E+10,12187.94,20-JUL-20:24,17.50,11.81,0.307369E+09,368.23,02-JUL-12:00,17.50,11.81
,August,0.625654E+10,12564.43,01-AUG-23:21,21.40,15.88,0.302623E+09,368.21,05-AUG-12:09,26.88,19.06
,September,0.473972E+10,12068.71,03-SEP-20:05,14.82,11.51,0.278150E+09,368.22,01-SEP-12:30,14.82,11.51
,October,0.318689E+10,10394.31,03-OCT-22:00,17.20,14.81,0.245426E+09,368.18,01-OCT-17:00,17.20,14.81
,November,0.117185E+10,6596.35,17-NOV-09:12,3.13,2.10,0.209796E+09,315.48,11-NOV-18:00,3.13,2.10
,December,0.533581E+09,9753.29,14-DEC-10:11,-4.6,-5.1,0.212436E+09,305.39,03-DEC-18:00,-4.6,-5.1
,,,,,,,,,,,
,Annual Sum or Average,0.345910E+11,,,,,0.294864E+10,,,,
,Minimum of Months,0.210414E+09,1551.63,,-9.9,-11.5,0.189413E+09,280.19,,-9.9,-11.5
,Maximum of Months,0.668410E+10,12564.43,,22.02,15.88,0.307369E+09,368.26,,26.88,19.06


----------------------------------------------------------------------------------------------------
REPORT:,ZoneCoolingSummaryMonthly
FOR:,SMSTORE2
Custom Monthly Report

,,ZONE AIR SYSTEM SENSIBLE COOLING ENERGY [J],ZONE AIR SYSTEM SENSIBLE COOLING RATE {Maximum} [W],ZONE AIR SYSTEM SENSIBLE COOLING RATE {TIMESTAMP},SITE OUTDOOR AIR DRYBULB TEMPERATURE {AT MAX/MIN} [C],SITE OUTDOOR AIR WETBULB TEMPERATURE {AT MAX/MIN} [C],ZONE TOTAL INTERNAL LATENT GAIN ENERGY [J],ZONE TOTAL INTERNAL LATENT GAIN RATE {Maximum} [W],ZONE TOTAL INTERNAL LATENT GAIN RATE {TIMESTAMP},SITE OUTDOOR AIR DRYBULB TEMPERATURE {AT MAX/MIN} [C],SITE OUTDOOR AIR WETBULB TEMPERATURE {AT MAX/MIN} [C]
,January,0.219206E+09,11706.99,23-JAN-18:02,-9.5,-11.1,0.122488E+09,246.26,07-JAN-13:09,-9.5,-11.1
,February,0.147093E+09,13488.62,10-FEB-10:31,-13.9,-14.9,0.111260E+09,246.26,04-FEB-13:39,-13.9,-14.9
,March,0.100773E+10,11278.91,02-MAR-19:01,-8.4,-9.4,0.127890E+09,256.63,31-MAR-16:10,18.68,14.75
,April,0.165577E+10,6566.68,04-APR-13:52,3.20,0.23,0.124897E+09,359.68,15-APR-12:00,20.60,16.68
,May,0.307172E+10,13874.45,25-MAY-20:22,16.40,9.35,0.156223E+09,359.98,20-MAY-12:00,16.40,9.35
,June,0.427718E+10,12115.29,05-JUN-20:31,17.93,12.24,0.177053E+09,368.21,24-JUN-12:30,26.95,17.62
,July,0.545896E+10,12241.01,20-JUL-20:22,17.50,11.81,0.182737E+09,368.20,01-JUL-12:09,17.50,11.81
,August,0.519201E+10,12799.70,19-AUG-18:10,20.75,15.27,0.187036E+09,368.21,05-AUG-12:09,20.75,15.27
,September,0.410312E+10,11593.26,03-SEP-19:25,15.85,12.22,0.162657E+09,368.20,02-SEP-12:09,15.85,12.22
,October,0.289815E+10,9149.37,04-OCT-22:02,20.63,17.37,0.139081E+09,306.84,05-OCT-17:40,17.17,13.17
,November,0.970125E+09,7622.61,16-NOV-08:52,0.60,-1.6,0.119626E+09,246.26,04-NOV-12:20,0.60,-1.6
,December,0.428288E+09,10341.76,14-DEC-20:51,-6.1,-7.2,0.122359E+09,246.26,02-DEC-13:50,-6.1,-7.2
,,,,,,,,,,,
,Annual Sum or Average,0.294294E+11,,,,,0.173331E+10,,,,
,Minimum of Months,0.147093E+09,6566.68,,-13.9,-14.9,0.111260E+09,246.26,,-13.9,-14.9
,Maximum of Months,0.545896E+10,13874.45,,20.75,17.37,0.187036E+09,368.21,,26.95,17.62


----------------------------------------------------------------------------------------------------
REPORT:,ZoneCoolingSummaryMonthly
FOR:,SMSTORE3
Custom Monthly Report

,,ZONE AIR SYSTEM SENSIBLE COOLING ENERGY [J],ZONE AIR SYSTEM SENSIBLE COOLING RATE {Maximum} [W],ZONE AIR SYSTEM SENSIBLE COOLING RATE {TIMESTAMP},SITE OUTDOOR AIR DRYBULB TEMPERATURE {AT MAX/MIN} [C],SITE OUTDOOR AIR WETBULB TEMPERATURE {AT MAX/MIN} [C],ZONE TOTAL INTERNAL LATENT GAIN ENERGY [J],ZONE TOTAL INTERNAL LATENT GAIN RATE {Maximum} [W],ZONE TOTAL INTERNAL LATENT GAIN RATE {TIMESTAMP},SITE OUTDOOR AIR DRYBULB TEMPERATURE {AT MAX/MIN} [C],SITE OUTDOOR AIR WETBULB TEMPERATURE {AT MAX/MIN} [C]
,January,0.209292E+09,11753.92,12-JAN-10:11,-9.6,-12.0,0.122488E+09,246.26,07-JAN-13:30,-9.6,-12.0
,February,0.148306E+09,12885.74,06-FEB-10:41,-12.4,-13.0,0.111260E+09,246.26,04-FEB-13:09,-12.4,-13.0
,March,0.973977E+09,10519.20,03-MAR-19:21,-6.5,-7.7,0.127802E+09,255.65,31-MAR-16:10,18.68,14.75
,April,0.159521E+10,6331.30,19-APR-07:42,3.80,2.11,0.124673E+09,357.67,15-APR-12:00,3.80,2.11
,May,0.297166E+10,13876.07,25-MAY-20:22,16.40,9.35,0.155684E+09,358.10,20-MAY-12:00,16.40,9.35
,June,0.421605E+10,12245.69,28-JUN-20:41,17.98,12.12,0.176927E+09,368.22,24-JUN-12:30,17.98,12.12
,July,0.538765E+10,13251.13,15-JUL-19:01,21.83,13.63,0.182732E+09,368.20,01-JUL-12:09,21.83,13.63
,August,0.512401E+10,12535.35,19-AUG-18:10,20.75,15.27,0.187010E+09,368.21,05-AUG-12:09,20.75,15.27
,September,0.402561E+10,13304.78,03-SEP-17:10,20.32,14.30,0.162185E+09,368.20,02-SEP-12:09,20.32,14.30
,October,0.279075E+10,9936.76,03-OCT-21:05,17.70,14.98,0.138602E+09,306.84,05-OCT-17:40,17.17,13.17
,November,0.926843E+09,6283.79,16-NOV-12:24,3.90,0.17,0.119562E+09,246.26,04-NOV-12:50,3.90,0.17
,December,0.404119E+09,9138.98,30-DEC-18:31,-3.1,-4.5,0.122353E+09,246.26,09-DEC-13:39,-3.1,-4.5
,,,,,,,,,,,
,Annual Sum or Average,0.287735E+11,,,,,0.173128E+10,,,,
,Minimum of Months,0.148306E+09,6283.79,,-12.4,-13.0,0.111260E+09,246.26,,-12.4,-13.0
,Maximum of Months,0.538765E+10,13876.07,,21.83,15.27,0.187010E+09,368.22,,21.83,15.27


----------------------------------------------------------------------------------------------------
REPORT:,ZoneCoolingSummaryMonthly
FOR:,SMSTORE4
Custom Monthly Report

,,ZONE AIR SYSTEM SENSIBLE COOLING ENERGY [J],ZONE AIR SYSTEM SENSIBLE COOLING RATE {Maximum} [W],ZONE AIR SYSTEM SENSIBLE COOLING RATE {TIMESTAMP},SITE OUTDOOR AIR DRYBULB TEMPERATURE {AT MAX/MIN} [C],SITE OUTDOOR AIR WETBULB TEMPERATURE {AT MAX/MIN} [C],ZONE TOTAL INTERNAL LATENT GAIN ENERGY [J],ZONE TOTAL INTERNAL LATENT GAIN RATE {Maximum} [W],ZONE TOTAL INTERNAL LATENT GAIN RATE {TIMESTAMP},SITE OUTDOOR AIR DRYBULB TEMPERATURE {AT MAX/MIN} [C],SITE OUTDOOR AIR WETBULB TEMPERATURE {AT MAX/MIN} [C]
,January,0.201239E+09,11753.95,30-JAN-10:37,-9.6,-10.7,0.122488E+09,246.26,07-JAN-13:00,-9.6,-10.7
,February,0.122570E+09,12814.05,06-FEB-10:51,-12.2,-12.9,0.111260E+09,246.26,04-FEB-13:20,-12.2,-12.9
,March,0.936394E+09,10498.99,07-MAR-09:28,-6.5,-7.5,0.127740E+09,254.90,31-MAR-16:10,18.68,14.75
,April,0.153552E+10,6299.00,04-APR-16:02,3.87,0.33,0.124524E+09,356.14,15-APR-12:00,20.60,16.68
,May,0.289655E+10,13195.65,25-MAY-20:38,16.13,9.32,0.155314E+09,356.57,20-MAY-12:00,16.13,9.32
,June,0.415522E+10,11585.53,12-JUN-22:43,15.78,12.51,0.176832E+09,368.21,24-JUN-12:30,26.95,17.62
,July,0.529413E+10,13403.08,30-JUL-17:10,23.90,14.61,0.182726E+09,368.21,15-JUL-12:00,23.90,14.61
,August,0.504516E+10,13040.71,06-AUG-23:21,21.40,15.74,0.186985E+09,368.21,05-AUG-12:09,21.40,15.74
,September,0.396353E+10,13193.32,03-SEP-17:10,20.32,14.30,0.161924E+09,368.20,02-SEP-12:09,20.32,14.30
,October,0.271085E+10,10268.96,04-OCT-22:08,20.63,17.37,0.138328E+09,306.84,05-OCT-17:40,17.17,13.17
,November,0.874501E+09,5209.96,04-NOV-07:03,7.12,5.31,0.119506E+09,246.26,25-NOV-13:20,-2.4,-3.5
,December,0.384769E+09,10576.30,21-DEC-18:51,-6.7,-8.0,0.122348E+09,246.26,02-DEC-13:09,-6.7,-8.0
,,,,,,,,,,,
,Annual Sum or Average,0.281204E+11,,,,,0.172997E+10,,,,
,Minimum of Months,0.122570E+09,5209.96,,-12.2,-12.9,0.111260E+09,246.26,,-12.2,-12.9
,Maximum of Months,0.529413E+10,13403.08,,23.90,17.37,0.186985E+09,368.21,,26.95,17.62


----------------------------------------------------------------------------------------------------
REPORT:,ZoneCoolingSummaryMonthly
FOR:,LGSTORE2
Custom Monthly Report

,,ZONE AIR SYSTEM SENSIBLE COOLING ENERGY [J],ZONE AIR SYSTEM SENSIBLE COOLING RATE {Maximum} [W],ZONE AIR SYSTEM SENSIBLE COOLING RATE {TIMESTAMP},SITE OUTDOOR AIR DRYBULB TEMPERATURE {AT MAX/MIN} [C],SITE OUTDOOR AIR WETBULB TEMPERATURE {AT MAX/MIN} [C],ZONE TOTAL INTERNAL LATENT GAIN ENERGY [J],ZONE TOTAL INTERNAL LATENT GAIN RATE {Maximum} [W],ZONE TOTAL INTERNAL LATENT GAIN RATE {TIMESTAMP},SITE OUTDOOR AIR DRYBULB TEMPERATURE {AT MAX/MIN} [C],SITE OUTDOOR AIR WETBULB TEMPERATURE {AT MAX/MIN} [C]
,January,0.360647E+09,22795.97,24-JAN-19:37,-8.7,-10.1,0.418768E+09,656.69,14-JAN-15:09,-8.7,-10.1
,February,0.258822E+09,25641.14,07-FEB-11:46,-12.2,-13.2,0.381268E+09,656.69,04-FEB-15:20,-12.2,-13.2
,March,0.183790E+10,6741.69,30-MAR-17:10,11.28,4.68,0.439609E+09,772.66,31-MAR-12:20,20.40,13.99
,April,0.303702E+10,12634.72,06-APR-08:22,3.90,3.77,0.429948E+09,925.29,15-APR-13:09,20.25,16.34
,May,0.544990E+10,26934.40,25-MAY-20:39,16.13,9.32,0.536237E+09,981.83,20-MAY-14:30,16.13,9.32
,June,0.786401E+10,23261.19,28-JUN-20:50,17.98,12.12,0.609886E+09,981.89,24-JUN-14:00,17.98,12.12
,July,0.101125E+11,26235.40,15-JUL-19:01,21.83,13.63,0.626976E+09,981.91,01-JUL-14:00,21.83,13.63
,August,0.963658E+10,24542.75,19-AUG-18:10,20.75,15.27,0.643063E+09,981.84,05-AUG-14:09,20.75,15.27
,September,0.744311E+10,25704.70,03-SEP-17:10,20.32,14.30,0.559320E+09,981.90,02-SEP-14:09,20.32,14.30
,October,0.515395E+10,18778.51,04-OCT-22:02,20.63,17.37,0.475549E+09,871.37,05-OCT-12:09,21.12,17.66
,November,0.169345E+10,8805.90,02-NOV-08:62,9.40,8.48,0.407749E+09,695.18,01-NOV-12:09,9.40,8.48
,December,0.731808E+09,23379.60,16-DEC-11:27,-9.4,-10.2,0.419520E+09,656.69,02-DEC-15:50,-9.4,-10.2
,,,,,,,,,,,
,Annual Sum or Average,0.535797E+11,,,,,0.594789E+10,,,,
,Minimum of Months,0.258822E+09,6741.69,,-12.2,-13.2,0.381268E+09,656.69,,-12.2,-13.2
,Maximum of Months,0.101125E+11,26934.40,,21.83,17.37,0.643063E+09,981.91,,21.83,17.66


----------------------------------------------------------------------------------------------------
REPORT:,ZoneCoolingSummaryMonthly
FOR:,SMSTORE5
Custom Monthly Report

,,ZONE AIR SYSTEM SENSIBLE COOLING ENERGY [J],ZONE AIR SYSTEM SENSIBLE COOLING RATE {Maximum} [W],ZONE AIR SYSTEM SENSIBLE COOLING RATE {TIMESTAMP},SITE OUTDOOR AIR DRYBULB TEMPERATURE {AT MAX/MIN} [C],SITE OUTDOOR AIR WETBULB TEMPERATURE {AT MAX/MIN} [C],ZONE TOTAL INTERNAL LATENT GAIN ENERGY [J],ZONE TOTAL INTERNAL LATENT GAIN RATE {Maximum} [W],ZONE TOTAL INTERNAL LATENT GAIN RATE {TIMESTAMP},SITE OUTDOOR AIR DRYBULB TEMPERATURE {AT MAX/MIN} [C],SITE OUTDOOR AIR WETBULB TEMPERATURE {AT MAX/MIN} [C]
,January,0.186860E+09,11784.71,31-JAN-11:47,-9.7,-11.0,0.209383E+09,328.35,07-JAN-15:09,-9.7,-11.0
,February,0.131058E+09,11359.53,02-FEB-20:41,-8.6,-10.1,0.190634E+09,328.35,04-FEB-15:50,5.50,3.77
,March,0.925615E+09,9468.59,12-MAR-10:43,-3.9,-4.7,0.219827E+09,383.81,31-MAR-12:30,20.30,13.95
,April,0.151365E+10,6492.91,03-APR-08:12,3.43,0.80,0.214953E+09,461.83,15-APR-14:09,18.17,14.33
,May,0.275679E+10,13559.14,25-MAY-20:31,16.13,9.32,0.268178E+09,490.91,20-MAY-14:30,16.13,9.32
,June,0.402577E+10,11814.27,28-JUN-20:41,17.98,12.12,0.305129E+09,490.95,24-JUN-14:00,17.98,12.12
,July,0.523150E+10,12039.12,15-JUL-18:10,22.20,13.67,0.313496E+09,490.96,01-JUL-14:00,22.20,13.67
,August,0.496340E+10,12637.97,19-AUG-18:10,20.75,15.27,0.321595E+09,490.92,05-AUG-14:00,20.75,15.27
,September,0.380583E+10,13289.19,03-SEP-17:10,20.32,14.30,0.279986E+09,490.95,02-SEP-14:09,20.32,14.30
,October,0.261249E+10,9194.85,04-OCT-22:02,20.63,17.37,0.237988E+09,435.69,05-OCT-12:09,21.12,17.66
,November,0.852582E+09,6762.94,17-NOV-10:00,2.80,2.09,0.203910E+09,347.82,01-NOV-12:09,2.80,2.09
,December,0.370872E+09,11679.21,16-DEC-11:41,-9.4,-10.3,0.209776E+09,328.35,02-DEC-15:30,-9.4,-10.3
,,,,,,,,,,,
,Annual Sum or Average,0.273764E+11,,,,,0.297486E+10,,,,
,Minimum of Months,0.131058E+09,6492.91,,-9.7,-11.0,0.190634E+09,328.35,,-9.7,-11.0
,Maximum of Months,0.523150E+10,13559.14,,22.20,17.37,0.321595E+09,490.96,,22.20,17.66


----------------------------------------------------------------------------------------------------
REPORT:,ZoneCoolingSummaryMonthly
FOR:,SMSTORE6
Custom Monthly Report

,,ZONE AIR SYSTEM SENSIBLE COOLING ENERGY [J],ZONE AIR SYSTEM SENSIBLE COOLING RATE {Maximum} [W],ZONE AIR SYSTEM SENSIBLE COOLING RATE {TIMESTAMP},SITE OUTDOOR AIR DRYBULB TEMPERATURE {AT MAX/MIN} [C],SITE OUTDOOR AIR WETBULB TEMPERATURE {AT MAX/MIN} [C],ZONE TOTAL INTERNAL LATENT GAIN ENERGY [J],ZONE TOTAL INTERNAL LATENT GAIN RATE {Maximum} [W],ZONE TOTAL INTERNAL LATENT GAIN RATE {TIMESTAMP},SITE OUTDOOR AIR DRYBULB TEMPERATURE {AT MAX/MIN} [C],SITE OUTDOOR AIR WETBULB TEMPERATURE {AT MAX/MIN} [C]
,January,0.197970E+09,11577.20,24-JAN-10:47,-9.2,-10.8,0.209375E+09,328.35,07-JAN-15:39,-9.2,-10.8
,February,0.122124E+09,10728.07,08-FEB-19:11,-7.1,-7.8,0.190634E+09,328.35,04-FEB-15:09,-7.1,-7.8
,March,0.912350E+09,10615.08,13-MAR-19:51,-6.8,-8.3,0.219749E+09,382.80,31-MAR-12:30,20.30,13.95
,April,0.148283E+10,6293.53,03-APR-14:52,3.90,1.05,0.214750E+09,460.10,15-APR-14:09,18.17,14.33
,May,0.268788E+10,13348.27,25-MAY-20:39,16.13,9.32,0.267474E+09,490.91,20-MAY-14:30,16.13,9.32
,June,0.395193E+10,11481.70,28-JUN-20:56,17.80,12.19,0.304824E+09,490.95,24-JUN-14:00,17.80,12.19
,July,0.516743E+10,13387.66,30-JUL-17:10,23.90,14.61,0.313491E+09,490.96,01-JUL-14:00,23.90,14.61
,August,0.490936E+10,12504.65,19-AUG-18:10,20.75,15.27,0.321558E+09,490.92,05-AUG-14:00,20.75,15.27
,September,0.375814E+10,13114.69,03-SEP-17:10,20.32,14.30,0.279441E+09,490.95,02-SEP-14:09,20.32,14.30
,October,0.255899E+10,8760.64,04-OCT-21:12,20.60,17.34,0.237634E+09,435.69,05-OCT-12:09,21.12,17.66
,November,0.833726E+09,7478.74,16-NOV-09:12,0.97,-1.5,0.203855E+09,346.73,01-NOV-12:09,0.97,-1.5
,December,0.353510E+09,11362.23,21-DEC-11:27,-8.6,-8.9,0.209774E+09,328.35,23-DEC-15:30,-0.9,-2.0
,,,,,,,,,,,
,Annual Sum or Average,0.269362E+11,,,,,0.297256E+10,,,,
,Minimum of Months,0.122124E+09,6293.53,,-9.2,-10.8,0.190634E+09,328.35,,-9.2,-10.8
,Maximum of Months,0.516743E+10,13387.66,,23.90,17.34,0.321558E+09,490.96,,23.90,17.66


----------------------------------------------------------------------------------------------------
REPORT:,ZoneCoolingSummaryMonthly
FOR:,SMSTORE7
Custom Monthly Report

,,ZONE AIR SYSTEM SENSIBLE COOLING ENERGY [J],ZONE AIR SYSTEM SENSIBLE COOLING RATE {Maximum} [W],ZONE AIR SYSTEM SENSIBLE COOLING RATE {TIMESTAMP},SITE OUTDOOR AIR DRYBULB TEMPERATURE {AT MAX/MIN} [C],SITE OUTDOOR AIR WETBULB TEMPERATURE {AT MAX/MIN} [C],ZONE TOTAL INTERNAL LATENT GAIN ENERGY [J],ZONE TOTAL INTERNAL LATENT GAIN RATE {Maximum} [W],ZONE TOTAL INTERNAL LATENT GAIN RATE {TIMESTAMP},SITE OUTDOOR AIR DRYBULB TEMPERATURE {AT MAX/MIN} [C],SITE OUTDOOR AIR WETBULB TEMPERATURE {AT MAX/MIN} [C]
,January,0.129002E+09,10866.61,05-JAN-20:11,-7.4,-8.9,0.209384E+09,328.35,07-JAN-15:20,-1.7,-3.5
,February,91676182.20,11173.09,24-FEB-20:01,-8.1,-8.5,0.190633E+09,328.35,04-FEB-15:09,-8.1,-8.5
,March,0.826164E+09,11054.24,02-MAR-18:11,-7.8,-8.8,0.219509E+09,379.85,31-MAR-12:30,20.30,13.95
,April,0.135599E+10,6312.67,03-APR-08:42,3.93,1.27,0.214105E+09,455.04,15-APR-14:09,18.17,14.33
,May,0.247863E+10,10661.44,24-MAY-20:42,19.08,13.81,0.265290E+09,490.91,20-MAY-14:50,19.08,13.81
,June,0.370870E+10,11715.46,18-JUN-20:40,22.57,17.11,0.303678E+09,490.95,24-JUN-14:00,26.10,17.15
,July,0.498760E+10,13401.30,22-JUL-21:17,21.33,15.37,0.313467E+09,490.96,01-JUL-14:00,21.33,15.37
,August,0.472651E+10,12274.20,06-AUG-23:21,21.40,15.74,0.321384E+09,490.92,05-AUG-14:00,21.40,15.74
,September,0.359763E+10,12814.95,03-SEP-17:10,20.32,14.30,0.277821E+09,490.95,02-SEP-14:09,20.32,14.30
,October,0.240101E+10,9239.06,04-OCT-22:02,20.63,17.37,0.236605E+09,435.69,05-OCT-12:09,21.12,17.66
,November,0.753219E+09,9704.74,26-NOV-11:08,-4.5,-5.7,0.203668E+09,343.38,01-NOV-12:09,-4.5,-5.7
,December,0.304580E+09,9465.22,22-DEC-18:31,-3.9,-5.3,0.209761E+09,328.35,02-DEC-15:39,-3.9,-5.3
,,,,,,,,,,,
,Annual Sum or Average,0.253607E+11,,,,,0.296530E+10,,,,
,Minimum of Months,91676182.20,6312.67,,-8.1,-8.9,0.190633E+09,328.35,,-8.1,-8.5
,Maximum of Months,0.498760E+10,13401.30,,22.57,17.37,0.321384E+09,490.96,,26.10,17.66


----------------------------------------------------------------------------------------------------
REPORT:,ZoneCoolingSummaryMonthly
FOR:,SMSTORE8
Custom Monthly Report

,,ZONE AIR SYSTEM SENSIBLE COOLING ENERGY [J],ZONE AIR SYSTEM SENSIBLE COOLING RATE {Maximum} [W],ZONE AIR SYSTEM SENSIBLE COOLING RATE {TIMESTAMP},SITE OUTDOOR AIR DRYBULB TEMPERATURE {AT MAX/MIN} [C],SITE OUTDOOR AIR WETBULB TEMPERATURE {AT MAX/MIN} [C],ZONE TOTAL INTERNAL LATENT GAIN ENERGY [J],ZONE TOTAL INTERNAL LATENT GAIN RATE {Maximum} [W],ZONE TOTAL INTERNAL LATENT GAIN RATE {TIMESTAMP},SITE OUTDOOR AIR DRYBULB TEMPERATURE {AT MAX/MIN} [C],SITE OUTDOOR AIR WETBULB TEMPERATURE {AT MAX/MIN} [C]
,January,9389107.59,664.73,15-JAN-12:00,4.40,2.52,0.209384E+09,328.35,07-JAN-15:50,4.40,2.52
,February,2352213.84,7273.80,22-FEB-11:42,2.30,1.35,0.190629E+09,328.35,04-FEB-15:20,2.30,1.35
,March,0.479075E+09,9015.55,07-MAR-18:11,-1.9,-4.1,0.218976E+09,374.36,31-MAR-12:30,20.30,13.95
,April,0.921144E+09,6584.04,06-APR-09:52,3.90,3.63,0.212722E+09,449.04,15-APR-13:09,20.25,16.34
,May,0.211485E+10,4752.41,31-MAY-13:00,27.80,20.65,0.260599E+09,490.91,20-MAY-14:00,27.80,20.65
,June,0.343064E+10,11118.85,12-JUN-20:41,18.77,14.13,0.300264E+09,490.95,24-JUN-14:00,26.10,17.15
,July,0.482111E+10,12700.70,02-JUL-17:10,32.52,21.57,0.313337E+09,490.95,01-JUL-14:00,32.52,21.57
,August,0.459450E+10,12165.97,01-AUG-21:29,22.05,16.07,0.320747E+09,490.92,05-AUG-14:00,27.40,19.98
,September,0.340239E+10,11937.30,03-SEP-17:10,20.32,14.30,0.274337E+09,490.96,02-SEP-14:09,20.32,14.30
,October,0.204475E+10,8911.74,04-OCT-20:32,20.60,17.34,0.234785E+09,435.71,05-OCT-16:00,18.50,14.18
,November,0.445043E+09,6359.62,14-NOV-10:42,4.40,1.79,0.203275E+09,338.65,01-NOV-12:09,4.40,1.79
,December,0.128254E+09,7676.81,28-DEC-19:32,1.30,-0.7,0.209735E+09,328.35,02-DEC-15:09,1.30,-0.7
,,,,,,,,,,,
,Annual Sum or Average,0.223935E+11,,,,,0.294879E+10,,,,
,Minimum of Months,2352213.84,664.73,,-1.9,-4.1,0.190629E+09,328.35,,1.30,-0.7
,Maximum of Months,0.482111E+10,12700.70,,32.52,21.57,0.320747E+09,490.96,,32.52,21.57


----------------------------------------------------------------------------------------------------
REPORT:,ZoneHeatingSummaryMonthly
FOR:,LGSTORE1
Custom Monthly Report

,,ZONE AIR SYSTEM SENSIBLE HEATING ENERGY [J],ZONE AIR SYSTEM SENSIBLE HEATING RATE {Maximum} [W],ZONE AIR SYSTEM SENSIBLE HEATING RATE {TIMESTAMP},SITE OUTDOOR AIR DRYBULB TEMPERATURE {AT MAX/MIN} [C]
,January,0.900590E+10,58124.58,24-JAN-06:03,-12.1
,February,0.892011E+10,63269.99,11-FEB-07:02,-19.0
,March,0.539056E+10,69379.77,03-MAR-07:42,-13.6
,April,0.199845E+10,20192.43,07-APR-04:13,0.00
,May,0.249102E+09,13764.85,08-MAY-06:53,6.10
,June,35102143.18,787.30,17-JUN-07:10,21.70
,July,16578610.22,778.86,28-JUL-07:10,21.78
,August,21637609.89,790.99,06-AUG-07:07,19.30
,September,43097591.59,4567.56,18-SEP-07:03,6.15
,October,0.472788E+09,14024.24,28-OCT-05:10,3.08
,November,0.290459E+10,28419.66,26-NOV-07:33,-8.9
,December,0.770930E+10,67459.04,18-DEC-04:02,-10.9
,,,,,
,Annual Sum or Average,0.367672E+11,,,
,Minimum of Months,16578610.22,778.86,,-19.0
,Maximum of Months,0.900590E+10,69379.77,,21.78


----------------------------------------------------------------------------------------------------
REPORT:,ZoneHeatingSummaryMonthly
FOR:,SMSTORE1
Custom Monthly Report

,,ZONE AIR SYSTEM SENSIBLE HEATING ENERGY [J],ZONE AIR SYSTEM SENSIBLE HEATING RATE {Maximum} [W],ZONE AIR SYSTEM SENSIBLE HEATING RATE {TIMESTAMP},SITE OUTDOOR AIR DRYBULB TEMPERATURE {AT MAX/MIN} [C]
,January,0.314014E+10,21480.33,12-JAN-07:42,-9.2
,February,0.316951E+10,21586.75,11-FEB-07:02,-19.0
,March,0.160845E+10,22413.90,03-MAR-06:22,-13.6
,April,0.369875E+09,8625.82,23-APR-14:45,4.40
,May,30050589.59,2001.51,09-MAY-07:05,5.18
,June,15438199.66,507.17,02-JUN-06:25,23.05
,July,6852131.76,509.96,28-JUL-06:05,21.70
,August,6137067.18,415.09,07-AUG-06:17,19.87
,September,19249773.50,508.77,02-SEP-06:25,22.20
,October,58564521.56,8012.28,28-OCT-16:05,5.50
,November,0.835577E+09,12099.40,26-NOV-07:03,-8.1
,December,0.274451E+10,22342.52,18-DEC-04:02,-10.9
,,,,,
,Annual Sum or Average,0.120043E+11,,,
,Minimum of Months,6137067.18,415.09,,-19.0
,Maximum of Months,0.316951E+10,22413.90,,23.05


----------------------------------------------------------------------------------------------------
REPORT:,ZoneHeatingSummaryMonthly
FOR:,SMSTORE2
Custom Monthly Report

,,ZONE AIR SYSTEM SENSIBLE HEATING ENERGY [J],ZONE AIR SYSTEM SENSIBLE HEATING RATE {Maximum} [W],ZONE AIR SYSTEM SENSIBLE HEATING RATE {TIMESTAMP},SITE OUTDOOR AIR DRYBULB TEMPERATURE {AT MAX/MIN} [C]
,January,0.394721E+10,23746.17,24-JAN-05:42,-12.1
,February,0.393508E+10,24561.73,02-FEB-03:42,-18.4
,March,0.202469E+10,17633.58,02-MAR-19:08,-8.4
,April,0.594650E+09,9614.07,04-APR-13:54,3.20
,May,49421939.76,8688.00,09-MAY-07:14,5.37
,June,13875659.32,408.41,18-JUN-07:10,21.70
,July,6673122.01,442.81,19-JUL-06:04,22.88
,August,4989068.12,403.25,06-AUG-07:07,19.30
,September,17322324.12,390.05,02-SEP-06:10,22.20
,October,0.118926E+09,5669.68,29-OCT-06:50,-2.6
,November,0.119537E+10,11848.55,16-NOV-08:53,0.60
,December,0.339033E+10,24133.98,17-DEC-20:02,-10.1
,,,,,
,Annual Sum or Average,0.152985E+11,,,
,Minimum of Months,4989068.12,390.05,,-18.4
,Maximum of Months,0.394721E+10,24561.73,,22.88


----------------------------------------------------------------------------------------------------
REPORT:,ZoneHeatingSummaryMonthly
FOR:,SMSTORE3
Custom Monthly Report

,,ZONE AIR SYSTEM SENSIBLE HEATING ENERGY [J],ZONE AIR SYSTEM SENSIBLE HEATING RATE {Maximum} [W],ZONE AIR SYSTEM SENSIBLE HEATING RATE {TIMESTAMP},SITE OUTDOOR AIR DRYBULB TEMPERATURE {AT MAX/MIN} [C]
,January,0.405118E+10,24029.03,24-JAN-05:42,-12.1
,February,0.403988E+10,24690.04,02-FEB-03:42,-18.4
,March,0.213509E+10,16366.37,03-MAR-19:29,-6.5
,April,0.684403E+09,9726.81,19-APR-07:44,3.80
,May,61400258.17,8584.41,09-MAY-07:24,5.55
,June,14092139.71,513.32,02-JUN-06:05,22.48
,July,7080578.01,438.15,19-JUL-06:04,22.88
,August,5929432.03,395.88,06-AUG-07:07,19.30
,September,18777747.39,1604.98,18-SEP-07:07,6.15
,October,0.150391E+09,5828.23,29-OCT-06:30,-2.3
,November,0.132358E+10,9206.34,16-NOV-12:14,3.90
,December,0.350116E+10,24830.61,17-DEC-20:02,-10.1
,,,,,
,Annual Sum or Average,0.159930E+11,,,
,Minimum of Months,5929432.03,395.88,,-18.4
,Maximum of Months,0.405118E+10,24830.61,,22.88


----------------------------------------------------------------------------------------------------
REPORT:,ZoneHeatingSummaryMonthly
FOR:,SMSTORE4
Custom Monthly Report

,,ZONE AIR SYSTEM SENSIBLE HEATING ENERGY [J],ZONE AIR SYSTEM SENSIBLE HEATING RATE {Maximum} [W],ZONE AIR SYSTEM SENSIBLE HEATING RATE {TIMESTAMP},SITE OUTDOOR AIR DRYBULB TEMPERATURE {AT MAX/MIN} [C]
,January,0.417080E+10,24508.35,24-JAN-05:42,-12.1
,February,0.412613E+10,25174.71,02-FEB-03:42,-18.4
,March,0.222406E+10,16400.66,07-MAR-09:29,-6.5
,April,0.728929E+09,9236.71,04-APR-16:04,3.87
,May,72414750.68,4627.64,15-MAY-03:55,5.00
,June,15003668.03,401.92,02-JUN-06:10,22.48
,July,7363505.40,419.37,19-JUL-06:04,22.88
,August,7285994.33,394.59,08-AUG-06:10,19.83
,September,19611640.21,2557.47,18-SEP-07:07,6.15
,October,0.177443E+09,9043.76,20-OCT-07:44,4.88
,November,0.140118E+10,8039.04,26-NOV-19:33,-6.1
,December,0.363163E+10,25322.18,17-DEC-20:02,-10.1
,,,,,
,Annual Sum or Average,0.165819E+11,,,
,Minimum of Months,7285994.33,394.59,,-18.4
,Maximum of Months,0.417080E+10,25322.18,,22.88


----------------------------------------------------------------------------------------------------
REPORT:,ZoneHeatingSummaryMonthly
FOR:,LGSTORE2
Custom Monthly Report

,,ZONE AIR SYSTEM SENSIBLE HEATING ENERGY [J],ZONE AIR SYSTEM SENSIBLE HEATING RATE {Maximum} [W],ZONE AIR SYSTEM SENSIBLE HEATING RATE {TIMESTAMP},SITE OUTDOOR AIR DRYBULB TEMPERATURE {AT MAX/MIN} [C]
,January,0.791080E+10,49095.02,24-JAN-05:42,-12.1
,February,0.780314E+10,50746.44,02-FEB-03:42,-18.4
,March,0.417868E+10,27767.28,12-MAR-07:53,-3.2
,April,0.149117E+10,19520.38,06-APR-08:24,3.90
,May,0.147323E+09,9240.18,15-MAY-04:00,5.00
,June,31275352.41,785.94,17-JUN-07:10,21.70
,July,12817316.71,1072.14,13-JUL-07:05,22.98
,August,14314706.62,785.75,07-AUG-07:10,20.32
,September,37699103.31,821.63,19-SEP-08:10,10.18
,October,0.345921E+09,14125.53,30-OCT-02:33,2.80
,November,0.264174E+10,16056.88,22-NOV-07:17,-1.1
,December,0.682344E+10,53020.31,17-DEC-08:22,-12.5
,,,,,
,Annual Sum or Average,0.314383E+11,,,
,Minimum of Months,12817316.71,785.75,,-18.4
,Maximum of Months,0.791080E+10,53020.31,,22.98


----------------------------------------------------------------------------------------------------
REPORT:,ZoneHeatingSummaryMonthly
FOR:,SMSTORE5
Custom Monthly Report

,,ZONE AIR SYSTEM SENSIBLE HEATING ENERGY [J],ZONE AIR SYSTEM SENSIBLE HEATING RATE {Maximum} [W],ZONE AIR SYSTEM SENSIBLE HEATING RATE {TIMESTAMP},SITE OUTDOOR AIR DRYBULB TEMPERATURE {AT MAX/MIN} [C]
,January,0.418266E+10,24321.63,24-JAN-05:42,-12.1
,February,0.413793E+10,25012.20,02-FEB-03:42,-18.4
,March,0.223691E+10,14846.84,12-MAR-10:44,-3.9
,April,0.759159E+09,9905.75,03-APR-08:14,3.43
,May,76845968.84,4771.97,15-MAY-05:45,4.50
,June,16575493.86,389.18,17-JUN-07:10,21.70
,July,6774351.84,540.84,13-JUL-07:05,22.98
,August,7767955.70,402.94,19-AUG-07:10,17.92
,September,19548174.17,405.19,07-SEP-07:10,20.68
,October,0.180712E+09,9431.62,26-OCT-14:14,3.57
,November,0.141952E+10,10515.39,17-NOV-09:53,2.80
,December,0.364466E+10,26853.06,17-DEC-08:22,-12.5
,,,,,
,Annual Sum or Average,0.166891E+11,,,
,Minimum of Months,6774351.84,389.18,,-18.4
,Maximum of Months,0.418266E+10,26853.06,,22.98


----------------------------------------------------------------------------------------------------
REPORT:,ZoneHeatingSummaryMonthly
FOR:,SMSTORE6
Custom Monthly Report

,,ZONE AIR SYSTEM SENSIBLE HEATING ENERGY [J],ZONE AIR SYSTEM SENSIBLE HEATING RATE {Maximum} [W],ZONE AIR SYSTEM SENSIBLE HEATING RATE {TIMESTAMP},SITE OUTDOOR AIR DRYBULB TEMPERATURE {AT MAX/MIN} [C]
,January,0.423703E+10,24399.40,24-JAN-05:42,-12.1
,February,0.416707E+10,25101.14,02-FEB-03:42,-18.4
,March,0.226946E+10,16504.04,13-MAR-19:59,-6.8
,April,0.781695E+09,9238.85,03-APR-14:54,3.90
,May,83133819.00,5486.44,10-MAY-06:30,7.75
,June,17227419.01,387.05,18-JUN-08:10,21.32
,July,6458986.91,407.14,28-JUL-07:10,21.78
,August,8712982.89,407.58,07-AUG-07:10,20.32
,September,19777170.20,395.72,07-SEP-07:10,20.68
,October,0.186538E+09,8022.51,28-OCT-15:55,5.60
,November,0.142900E+10,11543.09,16-NOV-09:13,0.97
,December,0.366401E+10,26893.55,17-DEC-08:22,-12.5
,,,,,
,Annual Sum or Average,0.168701E+11,,,
,Minimum of Months,6458986.91,387.05,,-18.4
,Maximum of Months,0.423703E+10,26893.55,,21.78


----------------------------------------------------------------------------------------------------
REPORT:,ZoneHeatingSummaryMonthly
FOR:,SMSTORE7
Custom Monthly Report

,,ZONE AIR SYSTEM SENSIBLE HEATING ENERGY [J],ZONE AIR SYSTEM SENSIBLE HEATING RATE {Maximum} [W],ZONE AIR SYSTEM SENSIBLE HEATING RATE {TIMESTAMP},SITE OUTDOOR AIR DRYBULB TEMPERATURE {AT MAX/MIN} [C]
,January,0.451900E+10,25722.87,24-JAN-05:42,-12.1
,February,0.447683E+10,26678.74,02-FEB-03:42,-18.4
,March,0.259982E+10,24942.17,03-MAR-07:02,-13.8
,April,0.955250E+09,9934.32,03-APR-08:43,3.93
,May,0.113739E+09,6214.67,10-MAY-06:23,7.75
,June,19204670.97,407.13,02-JUN-07:10,24.27
,July,8647424.12,398.65,10-JUL-07:10,23.40
,August,12513227.54,513.92,08-AUG-07:05,20.28
,September,22272630.97,1392.91,19-SEP-08:07,10.18
,October,0.243835E+09,9081.56,29-OCT-07:10,-2.4
,November,0.159144E+10,15148.49,26-NOV-11:09,-4.5
,December,0.395833E+10,28087.91,17-DEC-08:22,-12.5
,,,,,
,Annual Sum or Average,0.185209E+11,,,
,Minimum of Months,8647424.12,398.65,,-18.4
,Maximum of Months,0.451900E+10,28087.91,,24.27


----------------------------------------------------------------------------------------------------
REPORT:,ZoneHeatingSummaryMonthly
FOR:,SMSTORE8
Custom Monthly Report

,,ZONE AIR SYSTEM SENSIBLE HEATING ENERGY [J],ZONE AIR SYSTEM SENSIBLE HEATING RATE {Maximum} [W],ZONE AIR SYSTEM SENSIBLE HEATING RATE {TIMESTAMP},SITE OUTDOOR AIR DRYBULB TEMPERATURE {AT MAX/MIN} [C]
,January,0.828159E+10,46599.30,24-JAN-05:42,-12.1
,February,0.813591E+10,46664.18,02-FEB-02:22,-19.4
,March,0.543230E+10,46597.87,03-MAR-07:42,-13.6
,April,0.251044E+10,17766.12,11-APR-05:33,-3.1
,May,0.516434E+09,8197.40,15-MAY-04:15,5.00
,June,24911644.22,424.60,11-JUN-08:07,25.10
,July,14093457.44,394.71,26-JUL-07:10,23.22
,August,19080039.04,368.09,09-AUG-07:10,23.05
,September,66414229.05,6310.93,19-SEP-07:03,10.00
,October,0.808063E+09,14741.46,29-OCT-07:13,-1.9
,November,0.329265E+10,28057.68,26-NOV-07:03,-8.1
,December,0.720791E+10,46617.13,17-DEC-22:02,-10.6
,,,,,
,Annual Sum or Average,0.363098E+11,,,
,Minimum of Months,14093457.44,368.09,,-19.4
,Maximum of Months,0.828159E+10,46664.18,,25.10


----------------------------------------------------------------------------------------------------
REPORT:,ZoneElectricSummaryMonthly
FOR:,LGSTORE1
Custom Monthly Report

,,ZONE LIGHTS ELECTRICITY ENERGY [J],ZONE LIGHTS ELECTRICITY ENERGY {Maximum} [W],ZONE LIGHTS ELECTRICITY ENERGY {TIMESTAMP},ZONE ELECTRIC EQUIPMENT ELECTRICITY ENERGY [J],ZONE ELECTRIC EQUIPMENT ELECTRICITY ENERGY {Maximum} [W],ZONE ELECTRIC EQUIPMENT ELECTRICITY ENERGY {TIMESTAMP}
,January,0.592536E+10,3694.95,01-JAN-10:09,0.517664E+10,3123.83,01-JAN-10:09
,February,0.535600E+10,3694.95,01-FEB-10:09,0.468390E+10,3123.83,01-FEB-10:09
,March,0.593104E+10,3694.95,01-MAR-10:09,0.519290E+10,3123.83,01-MAR-10:09
,April,0.574047E+10,3694.95,01-APR-09:09,0.501739E+10,3123.83,01-APR-09:09
,May,0.592536E+10,3694.95,01-MAY-09:09,0.517664E+10,3123.83,01-MAY-09:09
,June,0.574119E+10,3694.95,01-JUN-09:09,0.502865E+10,3123.83,01-JUN-09:09
,July,0.593025E+10,3694.95,01-JUL-09:09,0.518163E+10,3123.83,01-JUL-09:09
,August,0.592572E+10,3694.95,01-AUG-09:09,0.518228E+10,3123.83,01-AUG-09:09
,September,0.574572E+10,3694.95,01-SEP-09:09,0.502801E+10,3123.83,01-SEP-09:09
,October,0.592536E+10,3694.95,01-OCT-09:09,0.517664E+10,3123.83,01-OCT-09:09
,November,0.572395E+10,3694.95,01-NOV-09:09,0.500178E+10,3123.83,01-NOV-09:09
,December,0.593586E+10,3694.95,01-DEC-10:09,0.519789E+10,3123.83,01-DEC-10:09
,,,,,,,
,Annual Sum or Average,0.698063E+11,,,0.610443E+11,,
,Minimum of Months,0.535600E+10,3694.95,,0.468390E+10,3123.83,
,Maximum of Months,0.593586E+10,3694.95,,0.519789E+10,3123.83,


----------------------------------------------------------------------------------------------------
REPORT:,ZoneElectricSummaryMonthly
FOR:,SMSTORE1
Custom Monthly Report

,,ZONE LIGHTS ELECTRICITY ENERGY [J],ZONE LIGHTS ELECTRICITY ENERGY {Maximum} [W],ZONE LIGHTS ELECTRICITY ENERGY {TIMESTAMP},ZONE ELECTRIC EQUIPMENT ELECTRICITY ENERGY [J],ZONE ELECTRIC EQUIPMENT ELECTRICITY ENERGY {Maximum} [W],ZONE ELECTRIC EQUIPMENT ELECTRICITY ENERGY {TIMESTAMP}
,January,0.298679E+10,1862.68,01-JAN-10:09,0.258832E+10,1561.92,01-JAN-10:09
,February,0.269980E+10,1862.68,01-FEB-10:09,0.234195E+10,1561.92,01-FEB-10:09
,March,0.298966E+10,1862.68,01-MAR-10:09,0.259645E+10,1561.92,01-MAR-10:09
,April,0.289359E+10,1862.68,01-APR-09:09,0.250869E+10,1561.92,01-APR-09:09
,May,0.298679E+10,1862.68,01-MAY-09:09,0.258832E+10,1561.92,01-MAY-09:09
,June,0.289396E+10,1862.68,01-JUN-09:09,0.251432E+10,1561.92,01-JUN-09:09
,July,0.298926E+10,1862.68,01-JUL-09:09,0.259082E+10,1561.92,01-JUL-09:09
,August,0.298697E+10,1862.68,01-AUG-09:09,0.259114E+10,1561.92,01-AUG-09:09
,September,0.289624E+10,1862.68,01-SEP-09:09,0.251400E+10,1561.92,01-SEP-09:09
,October,0.298679E+10,1862.68,01-OCT-09:09,0.258832E+10,1561.92,01-OCT-09:09
,November,0.288527E+10,1862.68,01-NOV-09:09,0.250089E+10,1561.92,01-NOV-09:09
,December,0.299209E+10,1862.68,01-DEC-10:09,0.259894E+10,1561.92,01-DEC-10:09
,,,,,,,
,Annual Sum or Average,0.351872E+11,,,0.305222E+11,,
,Minimum of Months,0.269980E+10,1862.68,,0.234195E+10,1561.92,
,Maximum of Months,0.299209E+10,1862.68,,0.259894E+10,1561.92,


----------------------------------------------------------------------------------------------------
REPORT:,ZoneElectricSummaryMonthly
FOR:,SMSTORE2
Custom Monthly Report

,,ZONE LIGHTS ELECTRICITY ENERGY [J],ZONE LIGHTS ELECTRICITY ENERGY {Maximum} [W],ZONE LIGHTS ELECTRICITY ENERGY {TIMESTAMP},ZONE ELECTRIC EQUIPMENT ELECTRICITY ENERGY [J],ZONE ELECTRIC EQUIPMENT ELECTRICITY ENERGY {Maximum} [W],ZONE ELECTRIC EQUIPMENT ELECTRICITY ENERGY {TIMESTAMP}
,January,0.232360E+10,1861.69,01-JAN-10:09,0.204616E+10,1561.92,01-JAN-10:09
,February,0.210466E+10,1861.69,01-FEB-09:09,0.185294E+10,1561.92,01-FEB-09:09
,March,0.237613E+10,1861.69,01-MAR-09:09,0.208867E+10,1561.92,01-MAR-09:09
,April,0.225500E+10,1861.69,01-APR-08:09,0.198529E+10,1561.92,01-APR-08:09
,May,0.234986E+10,1861.69,01-MAY-08:09,0.206741E+10,1561.92,01-MAY-08:09
,June,0.229440E+10,1861.69,01-JUN-08:09,0.201718E+10,1561.92,01-JUN-08:09
,July,0.231046E+10,1861.69,01-JUL-08:09,0.203553E+10,1561.92,01-JUL-08:09
,August,0.237613E+10,1861.69,01-AUG-08:09,0.208867E+10,1561.92,01-AUG-08:09
,September,0.225500E+10,1861.69,01-SEP-08:09,0.198529E+10,1561.92,01-SEP-08:09
,October,0.232360E+10,1861.69,01-OCT-09:09,0.204616E+10,1561.92,01-OCT-09:09
,November,0.225500E+10,1861.69,01-NOV-08:09,0.198530E+10,1561.92,01-NOV-08:09
,December,0.231046E+10,1861.69,01-DEC-09:09,0.203553E+10,1561.92,01-DEC-09:09
,,,,,,,
,Annual Sum or Average,0.275343E+11,,,0.242341E+11,,
,Minimum of Months,0.210466E+10,1861.69,,0.185294E+10,1561.92,
,Maximum of Months,0.237613E+10,1861.69,,0.208867E+10,1561.92,


----------------------------------------------------------------------------------------------------
REPORT:,ZoneElectricSummaryMonthly
FOR:,SMSTORE3
Custom Monthly Report

,,ZONE LIGHTS ELECTRICITY ENERGY [J],ZONE LIGHTS ELECTRICITY ENERGY {Maximum} [W],ZONE LIGHTS ELECTRICITY ENERGY {TIMESTAMP},ZONE ELECTRIC EQUIPMENT ELECTRICITY ENERGY [J],ZONE ELECTRIC EQUIPMENT ELECTRICITY ENERGY {Maximum} [W],ZONE ELECTRIC EQUIPMENT ELECTRICITY ENERGY {TIMESTAMP}
,January,0.232360E+10,1861.69,01-JAN-10:09,0.204616E+10,1561.92,01-JAN-10:09
,February,0.210466E+10,1861.69,01-FEB-09:09,0.185294E+10,1561.92,01-FEB-09:09
,March,0.237613E+10,1861.69,01-MAR-09:09,0.208867E+10,1561.92,01-MAR-09:09
,April,0.225500E+10,1861.69,01-APR-08:09,0.198529E+10,1561.92,01-APR-08:09
,May,0.234986E+10,1861.69,01-MAY-08:09,0.206741E+10,1561.92,01-MAY-08:09
,June,0.229440E+10,1861.69,01-JUN-08:09,0.201718E+10,1561.92,01-JUN-08:09
,July,0.231046E+10,1861.69,01-JUL-08:09,0.203553E+10,1561.92,01-JUL-08:09
,August,0.237613E+10,1861.69,01-AUG-08:09,0.208867E+10,1561.92,01-AUG-08:09
,September,0.225500E+10,1861.69,01-SEP-08:09,0.198529E+10,1561.92,01-SEP-08:09
,October,0.232360E+10,1861.69,01-OCT-09:09,0.204616E+10,1561.92,01-OCT-09:09
,November,0.225500E+10,1861.69,01-NOV-08:09,0.198530E+10,1561.92,01-NOV-08:09
,December,0.231046E+10,1861.69,01-DEC-09:09,0.203553E+10,1561.92,01-DEC-09:09
,,,,,,,
,Annual Sum or Average,0.275343E+11,,,0.242341E+11,,
,Minimum of Months,0.210466E+10,1861.69,,0.185294E+10,1561.92,
,Maximum of Months,0.237613E+10,1861.69,,0.208867E+10,1561.92,


----------------------------------------------------------------------------------------------------
REPORT:,ZoneElectricSummaryMonthly
FOR:,SMSTORE4
Custom Monthly Report

,,ZONE LIGHTS ELECTRICITY ENERGY [J],ZONE LIGHTS ELECTRICITY ENERGY {Maximum} [W],ZONE LIGHTS ELECTRICITY ENERGY {TIMESTAMP},ZONE ELECTRIC EQUIPMENT ELECTRICITY ENERGY [J],ZONE ELECTRIC EQUIPMENT ELECTRICITY ENERGY {Maximum} [W],ZONE ELECTRIC EQUIPMENT ELECTRICITY ENERGY {TIMESTAMP}
,January,0.232360E+10,1861.69,01-JAN-10:09,0.204616E+10,1561.92,01-JAN-10:09
,February,0.210466E+10,1861.69,01-FEB-09:09,0.185294E+10,1561.92,01-FEB-09:09
,March,0.237613E+10,1861.69,01-MAR-09:09,0.208867E+10,1561.92,01-MAR-09:09
,April,0.225500E+10,1861.69,01-APR-08:09,0.198529E+10,1561.92,01-APR-08:09
,May,0.234986E+10,1861.69,01-MAY-08:09,0.206741E+10,1561.92,01-MAY-08:09
,June,0.229440E+10,1861.69,01-JUN-08:09,0.201718E+10,1561.92,01-JUN-08:09
,July,0.231046E+10,1861.69,01-JUL-08:09,0.203553E+10,1561.92,01-JUL-08:09
,August,0.237613E+10,1861.69,01-AUG-08:09,0.208867E+10,1561.92,01-AUG-08:09
,September,0.225500E+10,1861.69,01-SEP-08:09,0.198529E+10,1561.92,01-SEP-08:09
,October,0.232360E+10,1861.69,01-OCT-09:09,0.204616E+10,1561.92,01-OCT-09:09
,November,0.225500E+10,1861.69,01-NOV-08:09,0.198530E+10,1561.92,01-NOV-08:09
,December,0.231046E+10,1861.69,01-DEC-09:09,0.203553E+10,1561.92,01-DEC-09:09
,,,,,,,
,Annual Sum or Average,0.275343E+11,,,0.242341E+11,,
,Minimum of Months,0.210466E+10,1861.69,,0.185294E+10,1561.92,
,Maximum of Months,0.237613E+10,1861.69,,0.208867E+10,1561.92,


----------------------------------------------------------------------------------------------------
REPORT:,ZoneElectricSummaryMonthly
FOR:,LGSTORE2
Custom Monthly Report

,,ZONE LIGHTS ELECTRICITY ENERGY [J],ZONE LIGHTS ELECTRICITY ENERGY {Maximum} [W],ZONE LIGHTS ELECTRICITY ENERGY {TIMESTAMP},ZONE ELECTRIC EQUIPMENT ELECTRICITY ENERGY [J],ZONE ELECTRIC EQUIPMENT ELECTRICITY ENERGY {Maximum} [W],ZONE ELECTRIC EQUIPMENT ELECTRICITY ENERGY {TIMESTAMP}
,January,0.420629E+10,3692.97,01-JAN-11:09,0.376276E+10,3123.83,01-JAN-11:09
,February,0.381099E+10,3692.97,01-FEB-10:09,0.340822E+10,3123.83,01-FEB-10:09
,March,0.431049E+10,3692.97,01-MAR-10:09,0.384779E+10,3123.83,01-MAR-10:09
,April,0.408321E+10,3692.97,01-APR-09:09,0.365167E+10,3123.83,01-APR-09:09
,May,0.425839E+10,3692.97,01-MAY-09:09,0.380528E+10,3123.83,01-MAY-09:09
,June,0.416135E+10,3692.97,01-JUN-09:09,0.371544E+10,3123.83,01-JUN-09:09
,July,0.418024E+10,3692.97,01-JUL-09:09,0.374150E+10,3123.83,01-JUL-09:09
,August,0.431049E+10,3692.97,01-AUG-09:09,0.384779E+10,3123.83,01-AUG-09:09
,September,0.408321E+10,3692.97,01-SEP-09:09,0.365167E+10,3123.83,01-SEP-09:09
,October,0.420629E+10,3692.97,01-OCT-10:09,0.376276E+10,3123.83,01-OCT-10:09
,November,0.408321E+10,3692.97,01-NOV-09:09,0.365167E+10,3123.83,01-NOV-09:09
,December,0.418024E+10,3692.97,01-DEC-10:09,0.374150E+10,3123.83,01-DEC-10:09
,,,,,,,
,Annual Sum or Average,0.498744E+11,,,0.445880E+11,,
,Minimum of Months,0.381099E+10,3692.97,,0.340822E+10,3123.83,
,Maximum of Months,0.431049E+10,3692.97,,0.384779E+10,3123.83,


----------------------------------------------------------------------------------------------------
REPORT:,ZoneElectricSummaryMonthly
FOR:,SMSTORE5
Custom Monthly Report

,,ZONE LIGHTS ELECTRICITY ENERGY [J],ZONE LIGHTS ELECTRICITY ENERGY {Maximum} [W],ZONE LIGHTS ELECTRICITY ENERGY {TIMESTAMP},ZONE ELECTRIC EQUIPMENT ELECTRICITY ENERGY [J],ZONE ELECTRIC EQUIPMENT ELECTRICITY ENERGY {Maximum} [W],ZONE ELECTRIC EQUIPMENT ELECTRICITY ENERGY {TIMESTAMP}
,January,0.212002E+10,1861.69,01-JAN-11:09,0.188138E+10,1561.92,01-JAN-11:09
,February,0.192078E+10,1861.69,01-FEB-10:09,0.170411E+10,1561.92,01-FEB-10:09
,March,0.217255E+10,1861.69,01-MAR-10:09,0.192390E+10,1561.92,01-MAR-10:09
,April,0.205798E+10,1861.69,01-APR-09:09,0.182583E+10,1561.92,01-APR-09:09
,May,0.214628E+10,1861.69,01-MAY-09:09,0.190264E+10,1561.92,01-MAY-09:09
,June,0.209739E+10,1861.69,01-JUN-09:09,0.185772E+10,1561.92,01-JUN-09:09
,July,0.210688E+10,1861.69,01-JUL-09:09,0.187075E+10,1561.92,01-JUL-09:09
,August,0.217255E+10,1861.69,01-AUG-09:09,0.192390E+10,1561.92,01-AUG-09:09
,September,0.205798E+10,1861.69,01-SEP-09:09,0.182583E+10,1561.92,01-SEP-09:09
,October,0.212002E+10,1861.69,01-OCT-10:09,0.188138E+10,1561.92,01-OCT-10:09
,November,0.205798E+10,1861.69,01-NOV-09:09,0.182583E+10,1561.92,01-NOV-09:09
,December,0.210688E+10,1861.69,01-DEC-10:09,0.187075E+10,1561.92,01-DEC-10:09
,,,,,,,
,Annual Sum or Average,0.251373E+11,,,0.222940E+11,,
,Minimum of Months,0.192078E+10,1861.69,,0.170411E+10,1561.92,
,Maximum of Months,0.217255E+10,1861.69,,0.192390E+10,1561.92,


----------------------------------------------------------------------------------------------------
REPORT:,ZoneElectricSummaryMonthly
FOR:,SMSTORE6
Custom Monthly Report

,,ZONE LIGHTS ELECTRICITY ENERGY [J],ZONE LIGHTS ELECTRICITY ENERGY {Maximum} [W],ZONE LIGHTS ELECTRICITY ENERGY {TIMESTAMP},ZONE ELECTRIC EQUIPMENT ELECTRICITY ENERGY [J],ZONE ELECTRIC EQUIPMENT ELECTRICITY ENERGY {Maximum} [W],ZONE ELECTRIC EQUIPMENT ELECTRICITY ENERGY {TIMESTAMP}
,January,0.212002E+10,1861.69,01-JAN-11:09,0.188138E+10,1561.92,01-JAN-11:09
,February,0.192078E+10,1861.69,01-FEB-10:09,0.170411E+10,1561.92,01-FEB-10:09
,March,0.217255E+10,1861.69,01-MAR-10:09,0.192390E+10,1561.92,01-MAR-10:09
,April,0.205798E+10,1861.69,01-APR-09:09,0.182583E+10,1561.92,01-APR-09:09
,May,0.214628E+10,1861.69,01-MAY-09:09,0.190264E+10,1561.92,01-MAY-09:09
,June,0.209739E+10,1861.69,01-JUN-09:09,0.185772E+10,1561.92,01-JUN-09:09
,July,0.210688E+10,1861.69,01-JUL-09:09,0.187075E+10,1561.92,01-JUL-09:09
,August,0.217255E+10,1861.69,01-AUG-09:09,0.192390E+10,1561.92,01-AUG-09:09
,September,0.205798E+10,1861.69,01-SEP-09:09,0.182583E+10,1561.92,01-SEP-09:09
,October,0.212002E+10,1861.69,01-OCT-10:09,0.188138E+10,1561.92,01-OCT-10:09
,November,0.205798E+10,1861.69,01-NOV-09:09,0.182583E+10,1561.92,01-NOV-09:09
,December,0.210688E+10,1861.69,01-DEC-10:09,0.187075E+10,1561.92,01-DEC-10:09
,,,,,,,
,Annual Sum or Average,0.251373E+11,,,0.222940E+11,,
,Minimum of Months,0.192078E+10,1861.69,,0.170411E+10,1561.92,
,Maximum of Months,0.217255E+10,1861.69,,0.192390E+10,1561.92,


----------------------------------------------------------------------------------------------------
REPORT:,ZoneElectricSummaryMonthly
FOR:,SMSTORE7
Custom Monthly Report

,,ZONE LIGHTS ELECTRICITY ENERGY [J],ZONE LIGHTS ELECTRICITY ENERGY {Maximum} [W],ZONE LIGHTS ELECTRICITY ENERGY {TIMESTAMP},ZONE ELECTRIC EQUIPMENT ELECTRICITY ENERGY [J],ZONE ELECTRIC EQUIPMENT ELECTRICITY ENERGY {Maximum} [W],ZONE ELECTRIC EQUIPMENT ELECTRICITY ENERGY {TIMESTAMP}
,January,0.212002E+10,1861.69,01-JAN-11:09,0.188138E+10,1561.92,01-JAN-11:09
,February,0.192078E+10,1861.69,01-FEB-10:09,0.170411E+10,1561.92,01-FEB-10:09
,March,0.217255E+10,1861.69,01-MAR-10:09,0.192390E+10,1561.92,01-MAR-10:09
,April,0.205798E+10,1861.69,01-APR-09:09,0.182583E+10,1561.92,01-APR-09:09
,May,0.214628E+10,1861.69,01-MAY-09:09,0.190264E+10,1561.92,01-MAY-09:09
,June,0.209739E+10,1861.69,01-JUN-09:09,0.185772E+10,1561.92,01-JUN-09:09
,July,0.210688E+10,1861.69,01-JUL-09:09,0.187075E+10,1561.92,01-JUL-09:09
,August,0.217255E+10,1861.69,01-AUG-09:09,0.192390E+10,1561.92,01-AUG-09:09
,September,0.205798E+10,1861.69,01-SEP-09:09,0.182583E+10,1561.92,01-SEP-09:09
,October,0.212002E+10,1861.69,01-OCT-10:09,0.188138E+10,1561.92,01-OCT-10:09
,November,0.205798E+10,1861.69,01-NOV-09:09,0.182583E+10,1561.92,01-NOV-09:09
,December,0.210688E+10,1861.69,01-DEC-10:09,0.187075E+10,1561.92,01-DEC-10:09
,,,,,,,
,Annual Sum or Average,0.251373E+11,,,0.222940E+11,,
,Minimum of Months,0.192078E+10,1861.69,,0.170411E+10,1561.92,
,Maximum of Months,0.217255E+10,1861.69,,0.192390E+10,1561.92,


----------------------------------------------------------------------------------------------------
REPORT:,ZoneElectricSummaryMonthly
FOR:,SMSTORE8
Custom Monthly Report

,,ZONE LIGHTS ELECTRICITY ENERGY [J],ZONE LIGHTS ELECTRICITY ENERGY {Maximum} [W],ZONE LIGHTS ELECTRICITY ENERGY {TIMESTAMP},ZONE ELECTRIC EQUIPMENT ELECTRICITY ENERGY [J],ZONE ELECTRIC EQUIPMENT ELECTRICITY ENERGY {Maximum} [W],ZONE ELECTRIC EQUIPMENT ELECTRICITY ENERGY {TIMESTAMP}
,January,0.212002E+10,1861.69,01-JAN-11:09,0.188138E+10,1561.92,01-JAN-11:09
,February,0.192078E+10,1861.69,01-FEB-10:09,0.170411E+10,1561.92,01-FEB-10:09
,March,0.217255E+10,1861.69,01-MAR-10:09,0.192390E+10,1561.92,01-MAR-10:09
,April,0.205798E+10,1861.69,01-APR-09:09,0.182583E+10,1561.92,01-APR-09:09
,May,0.214628E+10,1861.69,01-MAY-09:09,0.190264E+10,1561.92,01-MAY-09:09
,June,0.209739E+10,1861.69,01-JUN-09:09,0.185772E+10,1561.92,01-JUN-09:09
,July,0.210688E+10,1861.69,01-JUL-09:09,0.187075E+10,1561.92,01-JUL-09:09
,August,0.217255E+10,1861.69,01-AUG-09:09,0.192390E+10,1561.92,01-AUG-09:09
,September,0.205798E+10,1861.69,01-SEP-09:09,0.182583E+10,1561.92,01-SEP-09:09
,October,0.212002E+10,1861.69,01-OCT-10:09,0.188138E+10,1561.92,01-OCT-10:09
,November,0.205798E+10,1861.69,01-NOV-09:09,0.182583E+10,1561.92,01-NOV-09:09
,December,0.210688E+10,1861.69,01-DEC-10:09,0.187075E+10,1561.92,01-DEC-10:09
,,,,,,,
,Annual Sum or Average,0.251373E+11,,,0.222940E+11,,
,Minimum of Months,0.192078E+10,1861.69,,0.170411E+10,1561.92,
,Maximum of Months,0.217255E+10,1861.69,,0.192390E+10,1561.92,


----------------------------------------------------------------------------------------------------
REPORT:,SpaceGainsMonthly
FOR:,LGSTORE1
Custom Monthly Report

,,ZONE PEOPLE TOTAL HEATING ENERGY [J],ZONE LIGHTS TOTAL HEATING ENERGY [J],ZONE ELECTRIC EQUIPMENT TOTAL HEATING ENERGY [J],ZONE GAS EQUIPMENT TOTAL HEATING ENERGY [],ZONE HOT WATER EQUIPMENT TOTAL HEATING ENERGY [],ZONE STEAM EQUIPMENT TOTAL HEATING ENERGY [],ZONE OTHER EQUIPMENT TOTAL HEATING ENERGY [],ZONE INFILTRATION SENSIBLE HEAT GAIN ENERGY [J],ZONE INFILTRATION SENSIBLE HEAT LOSS ENERGY [J]
,January,0.139819E+10,0.592536E+10,0.517664E+10,0.00,0.00,0.00,0.00,0.00,0.769039E+10
,February,0.126223E+10,0.535600E+10,0.468390E+10,0.00,0.00,0.00,0.00,0.00,0.724445E+10
,March,0.138615E+10,0.593104E+10,0.519290E+10,0.00,0.00,0.00,0.00,0.00,0.572154E+10
,April,0.135053E+10,0.574047E+10,0.501739E+10,0.00,0.00,0.00,0.00,0.00,0.362735E+10
,May,0.139016E+10,0.592536E+10,0.517664E+10,0.00,0.00,0.00,0.00,75228746.91,0.177956E+10
,June,0.134350E+10,0.574119E+10,0.502865E+10,0.00,0.00,0.00,0.00,0.164676E+09,0.940698E+09
,July,0.140120E+10,0.593025E+10,0.518163E+10,0.00,0.00,0.00,0.00,0.435304E+09,0.421596E+09
,August,0.138263E+10,0.592572E+10,0.518228E+10,0.00,0.00,0.00,0.00,0.190999E+09,0.705344E+09
,September,0.135404E+10,0.574572E+10,0.502801E+10,0.00,0.00,0.00,0.00,78994947.20,0.140499E+10
,October,0.139819E+10,0.592536E+10,0.517664E+10,0.00,0.00,0.00,0.00,0.00,0.273013E+10
,November,0.135203E+10,0.572395E+10,0.500178E+10,0.00,0.00,0.00,0.00,0.00,0.458056E+10
,December,0.140521E+10,0.593586E+10,0.519789E+10,0.00,0.00,0.00,0.00,0.00,0.694648E+10
,,,,,,,,,,
,Annual Sum or Average,0.164241E+11,0.698063E+11,0.610443E+11,0.00,0.00,0.00,0.00,0.945203E+09,0.437931E+11
,Minimum of Months,0.126223E+10,0.535600E+10,0.468390E+10,0.00,0.00,0.00,0.00,0.00,0.421596E+09
,Maximum of Months,0.140521E+10,0.593586E+10,0.519789E+10,0.00,0.00,0.00,0.00,0.435304E+09,0.769039E+10


----------------------------------------------------------------------------------------------------
REPORT:,SpaceGainsMonthly
FOR:,SMSTORE1
Custom Monthly Report

,,ZONE PEOPLE TOTAL HEATING ENERGY [J],ZONE LIGHTS TOTAL HEATING ENERGY [J],ZONE ELECTRIC EQUIPMENT TOTAL HEATING ENERGY [J],ZONE GAS EQUIPMENT TOTAL HEATING ENERGY [],ZONE HOT WATER EQUIPMENT TOTAL HEATING ENERGY [],ZONE STEAM EQUIPMENT TOTAL HEATING ENERGY [],ZONE OTHER EQUIPMENT TOTAL HEATING ENERGY [],ZONE INFILTRATION SENSIBLE HEAT GAIN ENERGY [J],ZONE INFILTRATION SENSIBLE HEAT LOSS ENERGY [J]
,January,0.699093E+09,0.298679E+10,0.258832E+10,0.00,0.00,0.00,0.00,0.00,0.365129E+10
,February,0.631115E+09,0.269980E+10,0.234195E+10,0.00,0.00,0.00,0.00,0.00,0.350046E+10
,March,0.693073E+09,0.298966E+10,0.259645E+10,0.00,0.00,0.00,0.00,0.00,0.269259E+10
,April,0.675263E+09,0.289359E+10,0.250869E+10,0.00,0.00,0.00,0.00,0.00,0.171753E+10
,May,0.695080E+09,0.298679E+10,0.258832E+10,0.00,0.00,0.00,0.00,40817411.76,0.865543E+09
,June,0.671752E+09,0.289396E+10,0.251432E+10,0.00,0.00,0.00,0.00,88636736.39,0.435975E+09
,July,0.700598E+09,0.298926E+10,0.259082E+10,0.00,0.00,0.00,0.00,0.232429E+09,0.173382E+09
,August,0.691317E+09,0.298697E+10,0.259114E+10,0.00,0.00,0.00,0.00,0.103386E+09,0.308787E+09
,September,0.677019E+09,0.289624E+10,0.251400E+10,0.00,0.00,0.00,0.00,42916892.54,0.686893E+09
,October,0.699093E+09,0.298679E+10,0.258832E+10,0.00,0.00,0.00,0.00,0.00,0.131921E+10
,November,0.676016E+09,0.288527E+10,0.250089E+10,0.00,0.00,0.00,0.00,0.00,0.221900E+10
,December,0.702605E+09,0.299209E+10,0.259894E+10,0.00,0.00,0.00,0.00,0.00,0.333426E+10
,,,,,,,,,,
,Annual Sum or Average,0.821203E+10,0.351872E+11,0.305222E+11,0.00,0.00,0.00,0.00,0.508187E+09,0.209049E+11
,Minimum of Months,0.631115E+09,0.269980E+10,0.234195E+10,0.00,0.00,0.00,0.00,0.00,0.173382E+09
,Maximum of Months,0.702605E+09,0.299209E+10,0.259894E+10,0.00,0.00,0.00,0.00,0.232429E+09,0.365129E+10


----------------------------------------------------------------------------------------------------
REPORT:,SpaceGainsMonthly
FOR:,SMSTORE2
Custom Monthly Report

,,ZONE PEOPLE TOTAL HEATING ENERGY [J],ZONE LIGHTS TOTAL HEATING ENERGY [J],ZONE ELECTRIC EQUIPMENT TOTAL HEATING ENERGY [J],ZONE GAS EQUIPMENT TOTAL HEATING ENERGY [],ZONE HOT WATER EQUIPMENT TOTAL HEATING ENERGY [],ZONE STEAM EQUIPMENT TOTAL HEATING ENERGY [],ZONE OTHER EQUIPMENT TOTAL HEATING ENERGY [],ZONE INFILTRATION SENSIBLE HEAT GAIN ENERGY [J],ZONE INFILTRATION SENSIBLE HEAT LOSS ENERGY [J]
,January,0.415894E+09,0.232360E+10,0.204616E+10,0.00,0.00,0.00,0.00,0.00,0.378366E+10
,February,0.377766E+09,0.210466E+10,0.185294E+10,0.00,0.00,0.00,0.00,0.00,0.362811E+10
,March,0.426931E+09,0.237613E+10,0.208867E+10,0.00,0.00,0.00,0.00,0.00,0.278410E+10
,April,0.406362E+09,0.225500E+10,0.198529E+10,0.00,0.00,0.00,0.00,0.00,0.176448E+10
,May,0.421413E+09,0.234986E+10,0.206741E+10,0.00,0.00,0.00,0.00,40820099.27,0.884678E+09
,June,0.412382E+09,0.229440E+10,0.201718E+10,0.00,0.00,0.00,0.00,88725564.24,0.448106E+09
,July,0.415392E+09,0.231046E+10,0.203553E+10,0.00,0.00,0.00,0.00,0.234797E+09,0.180220E+09
,August,0.426931E+09,0.237613E+10,0.208867E+10,0.00,0.00,0.00,0.00,0.103585E+09,0.320754E+09
,September,0.406362E+09,0.225500E+10,0.198529E+10,0.00,0.00,0.00,0.00,42916373.63,0.699585E+09
,October,0.415894E+09,0.232360E+10,0.204616E+10,0.00,0.00,0.00,0.00,0.00,0.134696E+10
,November,0.401847E+09,0.225500E+10,0.198530E+10,0.00,0.00,0.00,0.00,0.00,0.228481E+10
,December,0.415392E+09,0.231046E+10,0.203553E+10,0.00,0.00,0.00,0.00,0.00,0.344579E+10
,,,,,,,,,,
,Annual Sum or Average,0.494257E+10,0.275343E+11,0.242341E+11,0.00,0.00,0.00,0.00,0.510844E+09,0.215713E+11
,Minimum of Months,0.377766E+09,0.210466E+10,0.185294E+10,0.00,0.00,0.00,0.00,0.00,0.180220E+09
,Maximum of Months,0.426931E+09,0.237613E+10,0.208867E+10,0.00,0.00,0.00,0.00,0.234797E+09,0.378366E+10


----------------------------------------------------------------------------------------------------
REPORT:,SpaceGainsMonthly
FOR:,SMSTORE3
Custom Monthly Report

,,ZONE PEOPLE TOTAL HEATING ENERGY [J],ZONE LIGHTS TOTAL HEATING ENERGY [J],ZONE ELECTRIC EQUIPMENT TOTAL HEATING ENERGY [J],ZONE GAS EQUIPMENT TOTAL HEATING ENERGY [],ZONE HOT WATER EQUIPMENT TOTAL HEATING ENERGY [],ZONE STEAM EQUIPMENT TOTAL HEATING ENERGY [],ZONE OTHER EQUIPMENT TOTAL HEATING ENERGY [],ZONE INFILTRATION SENSIBLE HEAT GAIN ENERGY [J],ZONE INFILTRATION SENSIBLE HEAT LOSS ENERGY [J]
,January,0.415894E+09,0.232360E+10,0.204616E+10,0.00,0.00,0.00,0.00,0.00,0.378372E+10
,February,0.377766E+09,0.210466E+10,0.185294E+10,0.00,0.00,0.00,0.00,0.00,0.362812E+10
,March,0.426931E+09,0.237613E+10,0.208867E+10,0.00,0.00,0.00,0.00,0.00,0.278256E+10
,April,0.406362E+09,0.225500E+10,0.198529E+10,0.00,0.00,0.00,0.00,0.00,0.176010E+10
,May,0.421413E+09,0.234986E+10,0.206741E+10,0.00,0.00,0.00,0.00,40820137.46,0.877698E+09
,June,0.412382E+09,0.229440E+10,0.201718E+10,0.00,0.00,0.00,0.00,88719298.47,0.446902E+09
,July,0.415392E+09,0.231046E+10,0.203553E+10,0.00,0.00,0.00,0.00,0.234807E+09,0.180408E+09
,August,0.426931E+09,0.237613E+10,0.208867E+10,0.00,0.00,0.00,0.00,0.103586E+09,0.320801E+09
,September,0.406362E+09,0.225500E+10,0.198529E+10,0.00,0.00,0.00,0.00,42916257.33,0.694302E+09
,October,0.415894E+09,0.232360E+10,0.204616E+10,0.00,0.00,0.00,0.00,0.00,0.133977E+10
,November,0.401847E+09,0.225500E+10,0.198530E+10,0.00,0.00,0.00,0.00,0.00,0.228363E+10
,December,0.415392E+09,0.231046E+10,0.203553E+10,0.00,0.00,0.00,0.00,0.00,0.344556E+10
,,,,,,,,,,
,Annual Sum or Average,0.494257E+10,0.275343E+11,0.242341E+11,0.00,0.00,0.00,0.00,0.510849E+09,0.215436E+11
,Minimum of Months,0.377766E+09,0.210466E+10,0.185294E+10,0.00,0.00,0.00,0.00,0.00,0.180408E+09
,Maximum of Months,0.426931E+09,0.237613E+10,0.208867E+10,0.00,0.00,0.00,0.00,0.234807E+09,0.378372E+10


----------------------------------------------------------------------------------------------------
REPORT:,SpaceGainsMonthly
FOR:,SMSTORE4
Custom Monthly Report

,,ZONE PEOPLE TOTAL HEATING ENERGY [J],ZONE LIGHTS TOTAL HEATING ENERGY [J],ZONE ELECTRIC EQUIPMENT TOTAL HEATING ENERGY [J],ZONE GAS EQUIPMENT TOTAL HEATING ENERGY [],ZONE HOT WATER EQUIPMENT TOTAL HEATING ENERGY [],ZONE STEAM EQUIPMENT TOTAL HEATING ENERGY [],ZONE OTHER EQUIPMENT TOTAL HEATING ENERGY [],ZONE INFILTRATION SENSIBLE HEAT GAIN ENERGY [J],ZONE INFILTRATION SENSIBLE HEAT LOSS ENERGY [J]
,January,0.415894E+09,0.232360E+10,0.204616E+10,0.00,0.00,0.00,0.00,0.00,0.378370E+10
,February,0.377766E+09,0.210466E+10,0.185294E+10,0.00,0.00,0.00,0.00,0.00,0.362821E+10
,March,0.426931E+09,0.237613E+10,0.208867E+10,0.00,0.00,0.00,0.00,0.00,0.278183E+10
,April,0.406362E+09,0.225500E+10,0.198529E+10,0.00,0.00,0.00,0.00,0.00,0.175787E+10
,May,0.421413E+09,0.234986E+10,0.206741E+10,0.00,0.00,0.00,0.00,40821425.02,0.873467E+09
,June,0.412382E+09,0.229440E+10,0.201718E+10,0.00,0.00,0.00,0.00,88714587.53,0.446082E+09
,July,0.415392E+09,0.231046E+10,0.203553E+10,0.00,0.00,0.00,0.00,0.234797E+09,0.180564E+09
,August,0.426931E+09,0.237613E+10,0.208867E+10,0.00,0.00,0.00,0.00,0.103585E+09,0.320926E+09
,September,0.406362E+09,0.225500E+10,0.198529E+10,0.00,0.00,0.00,0.00,42916466.19,0.691644E+09
,October,0.415894E+09,0.232360E+10,0.204616E+10,0.00,0.00,0.00,0.00,0.00,0.133608E+10
,November,0.401847E+09,0.225500E+10,0.198530E+10,0.00,0.00,0.00,0.00,0.00,0.228299E+10
,December,0.415392E+09,0.231046E+10,0.203553E+10,0.00,0.00,0.00,0.00,0.00,0.344537E+10
,,,,,,,,,,
,Annual Sum or Average,0.494257E+10,0.275343E+11,0.242341E+11,0.00,0.00,0.00,0.00,0.510834E+09,0.215287E+11
,Minimum of Months,0.377766E+09,0.210466E+10,0.185294E+10,0.00,0.00,0.00,0.00,0.00,0.180564E+09
,Maximum of Months,0.426931E+09,0.237613E+10,0.208867E+10,0.00,0.00,0.00,0.00,0.234797E+09,0.378370E+10


----------------------------------------------------------------------------------------------------
REPORT:,SpaceGainsMonthly
FOR:,LGSTORE2
Custom Monthly Report

,,ZONE PEOPLE TOTAL HEATING ENERGY [J],ZONE LIGHTS TOTAL HEATING ENERGY [J],ZONE ELECTRIC EQUIPMENT TOTAL HEATING ENERGY [J],ZONE GAS EQUIPMENT TOTAL HEATING ENERGY [],ZONE HOT WATER EQUIPMENT TOTAL HEATING ENERGY [],ZONE STEAM EQUIPMENT TOTAL HEATING ENERGY [],ZONE OTHER EQUIPMENT TOTAL HEATING ENERGY [],ZONE INFILTRATION SENSIBLE HEAT GAIN ENERGY [J],ZONE INFILTRATION SENSIBLE HEAT LOSS ENERGY [J]
,January,0.142187E+10,0.420629E+10,0.376276E+10,0.00,0.00,0.00,0.00,0.00,0.703612E+10
,February,0.129454E+10,0.381099E+10,0.340822E+10,0.00,0.00,0.00,0.00,0.00,0.671792E+10
,March,0.146642E+10,0.431049E+10,0.384779E+10,0.00,0.00,0.00,0.00,0.00,0.519218E+10
,April,0.139668E+10,0.408321E+10,0.365167E+10,0.00,0.00,0.00,0.00,0.00,0.328609E+10
,May,0.144414E+10,0.425839E+10,0.380528E+10,0.00,0.00,0.00,0.00,73439793.65,0.165461E+10
,June,0.141655E+10,0.416135E+10,0.371544E+10,0.00,0.00,0.00,0.00,0.159817E+09,0.852695E+09
,July,0.142427E+10,0.418024E+10,0.374150E+10,0.00,0.00,0.00,0.00,0.423771E+09,0.350826E+09
,August,0.146642E+10,0.431049E+10,0.384779E+10,0.00,0.00,0.00,0.00,0.186455E+09,0.614146E+09
,September,0.139668E+10,0.408321E+10,0.365167E+10,0.00,0.00,0.00,0.00,77195417.96,0.131033E+10
,October,0.142187E+10,0.420629E+10,0.376276E+10,0.00,0.00,0.00,0.00,0.00,0.250517E+10
,November,0.136959E+10,0.408321E+10,0.365167E+10,0.00,0.00,0.00,0.00,0.00,0.423068E+10
,December,0.142427E+10,0.418024E+10,0.374150E+10,0.00,0.00,0.00,0.00,0.00,0.639813E+10
,,,,,,,,,,
,Annual Sum or Average,0.169433E+11,0.498744E+11,0.445880E+11,0.00,0.00,0.00,0.00,0.920678E+09,0.401489E+11
,Minimum of Months,0.129454E+10,0.381099E+10,0.340822E+10,0.00,0.00,0.00,0.00,0.00,0.350826E+09
,Maximum of Months,0.146642E+10,0.431049E+10,0.384779E+10,0.00,0.00,0.00,0.00,0.423771E+09,0.703612E+10


----------------------------------------------------------------------------------------------------
REPORT:,SpaceGainsMonthly
FOR:,SMSTORE5
Custom Monthly Report

,,ZONE PEOPLE TOTAL HEATING ENERGY [J],ZONE LIGHTS TOTAL HEATING ENERGY [J],ZONE ELECTRIC EQUIPMENT TOTAL HEATING ENERGY [J],ZONE GAS EQUIPMENT TOTAL HEATING ENERGY [],ZONE HOT WATER EQUIPMENT TOTAL HEATING ENERGY [],ZONE STEAM EQUIPMENT TOTAL HEATING ENERGY [],ZONE OTHER EQUIPMENT TOTAL HEATING ENERGY [],ZONE INFILTRATION SENSIBLE HEAT GAIN ENERGY [J],ZONE INFILTRATION SENSIBLE HEAT LOSS ENERGY [J]
,January,0.710933E+09,0.212002E+10,0.188138E+10,0.00,0.00,0.00,0.00,0.00,0.382597E+10
,February,0.647270E+09,0.192078E+10,0.170411E+10,0.00,0.00,0.00,0.00,0.00,0.366185E+10
,March,0.733208E+09,0.217255E+10,0.192390E+10,0.00,0.00,0.00,0.00,0.00,0.281861E+10
,April,0.698341E+09,0.205798E+10,0.182583E+10,0.00,0.00,0.00,0.00,0.00,0.178307E+10
,May,0.722070E+09,0.214628E+10,0.190264E+10,0.00,0.00,0.00,0.00,40819038.08,0.895845E+09
,June,0.708274E+09,0.209739E+10,0.185772E+10,0.00,0.00,0.00,0.00,88720390.44,0.460337E+09
,July,0.712137E+09,0.210688E+10,0.187075E+10,0.00,0.00,0.00,0.00,0.234805E+09,0.186814E+09
,August,0.733208E+09,0.217255E+10,0.192390E+10,0.00,0.00,0.00,0.00,0.103585E+09,0.330045E+09
,September,0.698341E+09,0.205798E+10,0.182583E+10,0.00,0.00,0.00,0.00,42915971.85,0.712230E+09
,October,0.710933E+09,0.212002E+10,0.188138E+10,0.00,0.00,0.00,0.00,0.00,0.136145E+10
,November,0.684795E+09,0.205798E+10,0.182583E+10,0.00,0.00,0.00,0.00,0.00,0.230629E+10
,December,0.712137E+09,0.210688E+10,0.187075E+10,0.00,0.00,0.00,0.00,0.00,0.348442E+10
,,,,,,,,,,
,Annual Sum or Average,0.847165E+10,0.251373E+11,0.222940E+11,0.00,0.00,0.00,0.00,0.510846E+09,0.218269E+11
,Minimum of Months,0.647270E+09,0.192078E+10,0.170411E+10,0.00,0.00,0.00,0.00,0.00,0.186814E+09
,Maximum of Months,0.733208E+09,0.217255E+10,0.192390E+10,0.00,0.00,0.00,0.00,0.234805E+09,0.382597E+10


----------------------------------------------------------------------------------------------------
REPORT:,SpaceGainsMonthly
FOR:,SMSTORE6
Custom Monthly Report

,,ZONE PEOPLE TOTAL HEATING ENERGY [J],ZONE LIGHTS TOTAL HEATING ENERGY [J],ZONE ELECTRIC EQUIPMENT TOTAL HEATING ENERGY [J],ZONE GAS EQUIPMENT TOTAL HEATING ENERGY [],ZONE HOT WATER EQUIPMENT TOTAL HEATING ENERGY [],ZONE STEAM EQUIPMENT TOTAL HEATING ENERGY [],ZONE OTHER EQUIPMENT TOTAL HEATING ENERGY [],ZONE INFILTRATION SENSIBLE HEAT GAIN ENERGY [J],ZONE INFILTRATION SENSIBLE HEAT LOSS ENERGY [J]
,January,0.710933E+09,0.212002E+10,0.188138E+10,0.00,0.00,0.00,0.00,0.00,0.382589E+10
,February,0.647270E+09,0.192078E+10,0.170411E+10,0.00,0.00,0.00,0.00,0.00,0.366185E+10
,March,0.733208E+09,0.217255E+10,0.192390E+10,0.00,0.00,0.00,0.00,0.00,0.281805E+10
,April,0.698341E+09,0.205798E+10,0.182583E+10,0.00,0.00,0.00,0.00,0.00,0.178141E+10
,May,0.722070E+09,0.214628E+10,0.190264E+10,0.00,0.00,0.00,0.00,40820197.09,0.891399E+09
,June,0.708274E+09,0.209739E+10,0.185772E+10,0.00,0.00,0.00,0.00,88716091.75,0.458678E+09
,July,0.712137E+09,0.210688E+10,0.187075E+10,0.00,0.00,0.00,0.00,0.234804E+09,0.186941E+09
,August,0.733208E+09,0.217255E+10,0.192390E+10,0.00,0.00,0.00,0.00,0.103586E+09,0.330086E+09
,September,0.698341E+09,0.205798E+10,0.182583E+10,0.00,0.00,0.00,0.00,42915977.25,0.709135E+09
,October,0.710933E+09,0.212002E+10,0.188138E+10,0.00,0.00,0.00,0.00,0.00,0.135868E+10
,November,0.684795E+09,0.205798E+10,0.182583E+10,0.00,0.00,0.00,0.00,0.00,0.230598E+10
,December,0.712137E+09,0.210688E+10,0.187075E+10,0.00,0.00,0.00,0.00,0.00,0.348438E+10
,,,,,,,,,,
,Annual Sum or Average,0.847165E+10,0.251373E+11,0.222940E+11,0.00,0.00,0.00,0.00,0.510842E+09,0.218125E+11
,Minimum of Months,0.647270E+09,0.192078E+10,0.170411E+10,0.00,0.00,0.00,0.00,0.00,0.186941E+09
,Maximum of Months,0.733208E+09,0.217255E+10,0.192390E+10,0.00,0.00,0.00,0.00,0.234804E+09,0.382589E+10


----------------------------------------------------------------------------------------------------
REPORT:,SpaceGainsMonthly
FOR:,SMSTORE7
Custom Monthly Report

,,ZONE PEOPLE TOTAL HEATING ENERGY [J],ZONE LIGHTS TOTAL HEATING ENERGY [J],ZONE ELECTRIC EQUIPMENT TOTAL HEATING ENERGY [J],ZONE GAS EQUIPMENT TOTAL HEATING ENERGY [],ZONE HOT WATER EQUIPMENT TOTAL HEATING ENERGY [],ZONE STEAM EQUIPMENT TOTAL HEATING ENERGY [],ZONE OTHER EQUIPMENT TOTAL HEATING ENERGY [],ZONE INFILTRATION SENSIBLE HEAT GAIN ENERGY [J],ZONE INFILTRATION SENSIBLE HEAT LOSS ENERGY [J]
,January,0.710933E+09,0.212002E+10,0.188138E+10,0.00,0.00,0.00,0.00,0.00,0.382585E+10
,February,0.647270E+09,0.192078E+10,0.170411E+10,0.00,0.00,0.00,0.00,0.00,0.366200E+10
,March,0.733208E+09,0.217255E+10,0.192390E+10,0.00,0.00,0.00,0.00,0.00,0.281644E+10
,April,0.698341E+09,0.205798E+10,0.182583E+10,0.00,0.00,0.00,0.00,0.00,0.177579E+10
,May,0.722070E+09,0.214628E+10,0.190264E+10,0.00,0.00,0.00,0.00,40843398.53,0.876281E+09
,June,0.708274E+09,0.209739E+10,0.185772E+10,0.00,0.00,0.00,0.00,88751225.78,0.451448E+09
,July,0.712137E+09,0.210688E+10,0.187075E+10,0.00,0.00,0.00,0.00,0.234805E+09,0.186926E+09
,August,0.733208E+09,0.217255E+10,0.192390E+10,0.00,0.00,0.00,0.00,0.103586E+09,0.328857E+09
,September,0.698341E+09,0.205798E+10,0.182583E+10,0.00,0.00,0.00,0.00,42915951.73,0.699537E+09
,October,0.710933E+09,0.212002E+10,0.188138E+10,0.00,0.00,0.00,0.00,0.00,0.134983E+10
,November,0.684795E+09,0.205798E+10,0.182583E+10,0.00,0.00,0.00,0.00,0.00,0.230472E+10
,December,0.712137E+09,0.210688E+10,0.187075E+10,0.00,0.00,0.00,0.00,0.00,0.348412E+10
,,,,,,,,,,
,Annual Sum or Average,0.847165E+10,0.251373E+11,0.222940E+11,0.00,0.00,0.00,0.00,0.510902E+09,0.217618E+11
,Minimum of Months,0.647270E+09,0.192078E+10,0.170411E+10,0.00,0.00,0.00,0.00,0.00,0.186926E+09
,Maximum of Months,0.733208E+09,0.217255E+10,0.192390E+10,0.00,0.00,0.00,0.00,0.234805E+09,0.382585E+10


----------------------------------------------------------------------------------------------------
REPORT:,SpaceGainsMonthly
FOR:,SMSTORE8
Custom Monthly Report

,,ZONE PEOPLE TOTAL HEATING ENERGY [J],ZONE LIGHTS TOTAL HEATING ENERGY [J],ZONE ELECTRIC EQUIPMENT TOTAL HEATING ENERGY [J],ZONE GAS EQUIPMENT TOTAL HEATING ENERGY [],ZONE HOT WATER EQUIPMENT TOTAL HEATING ENERGY [],ZONE STEAM EQUIPMENT TOTAL HEATING ENERGY [],ZONE OTHER EQUIPMENT TOTAL HEATING ENERGY [],ZONE INFILTRATION SENSIBLE HEAT GAIN ENERGY [J],ZONE INFILTRATION SENSIBLE HEAT LOSS ENERGY [J]
,January,0.710933E+09,0.212002E+10,0.188138E+10,0.00,0.00,0.00,0.00,0.00,0.509986E+10
,February,0.647270E+09,0.192078E+10,0.170411E+10,0.00,0.00,0.00,0.00,0.00,0.476036E+10
,March,0.733208E+09,0.217255E+10,0.192390E+10,0.00,0.00,0.00,0.00,0.00,0.381341E+10
,April,0.698341E+09,0.205798E+10,0.182583E+10,0.00,0.00,0.00,0.00,0.00,0.240156E+10
,May,0.722070E+09,0.214628E+10,0.190264E+10,0.00,0.00,0.00,0.00,42686392.04,0.115977E+10
,June,0.708274E+09,0.209739E+10,0.185772E+10,0.00,0.00,0.00,0.00,93872337.61,0.611747E+09
,July,0.712137E+09,0.210688E+10,0.187075E+10,0.00,0.00,0.00,0.00,0.254791E+09,0.296391E+09
,August,0.733208E+09,0.217255E+10,0.192390E+10,0.00,0.00,0.00,0.00,0.108869E+09,0.482542E+09
,September,0.698341E+09,0.205798E+10,0.182583E+10,0.00,0.00,0.00,0.00,44712894.99,0.913638E+09
,October,0.710933E+09,0.212002E+10,0.188138E+10,0.00,0.00,0.00,0.00,0.00,0.178987E+10
,November,0.684795E+09,0.205798E+10,0.182583E+10,0.00,0.00,0.00,0.00,0.00,0.299372E+10
,December,0.712137E+09,0.210688E+10,0.187075E+10,0.00,0.00,0.00,0.00,0.00,0.457202E+10
,,,,,,,,,,
,Annual Sum or Average,0.847165E+10,0.251373E+11,0.222940E+11,0.00,0.00,0.00,0.00,0.544931E+09,0.288949E+11
,Minimum of Months,0.647270E+09,0.192078E+10,0.170411E+10,0.00,0.00,0.00,0.00,0.00,0.296391E+09
,Maximum of Months,0.733208E+09,0.217255E+10,0.192390E+10,0.00,0.00,0.00,0.00,0.254791E+09,0.509986E+10


----------------------------------------------------------------------------------------------------
REPORT:,PeakSpaceGainsMonthly
FOR:,LGSTORE1
Custom Monthly Report

,,ZONE PEOPLE TOTAL HEATING ENERGY {Maximum} [W],ZONE PEOPLE TOTAL HEATING ENERGY {TIMESTAMP},ZONE LIGHTS TOTAL HEATING ENERGY {Maximum} [W],ZONE LIGHTS TOTAL HEATING ENERGY {TIMESTAMP},ZONE ELECTRIC EQUIPMENT TOTAL HEATING ENERGY {Maximum} [W],ZONE ELECTRIC EQUIPMENT TOTAL HEATING ENERGY {TIMESTAMP},ZONE GAS EQUIPMENT TOTAL HEATING ENERGY [],ZONE HOT WATER EQUIPMENT TOTAL HEATING ENERGY [],ZONE STEAM EQUIPMENT TOTAL HEATING ENERGY [],ZONE OTHER EQUIPMENT TOTAL HEATING ENERGY [],ZONE INFILTRATION SENSIBLE HEAT GAIN ENERGY {Maximum} [W],ZONE INFILTRATION SENSIBLE HEAT GAIN ENERGY {TIMESTAMP},ZONE INFILTRATION SENSIBLE HEAT LOSS ENERGY {Maximum} [W],ZONE INFILTRATION SENSIBLE HEAT LOSS ENERGY {TIMESTAMP}
,January,1672.27,01-JAN-13:09,3694.95,01-JAN-10:09,3123.83,01-JAN-10:09,0.00,0.00,0.00,0.00,0.00,01-JAN-00:03,11185.13,31-JAN-18:00
,February,1672.27,03-FEB-13:09,3694.95,01-FEB-10:09,3123.83,01-FEB-10:09,0.00,0.00,0.00,0.00,0.00,01-FEB-00:03,12910.84,01-FEB-18:00
,March,1672.27,03-MAR-13:09,3694.95,01-MAR-10:09,3123.83,01-MAR-10:09,0.00,0.00,0.00,0.00,0.00,01-MAR-00:05,10987.69,03-MAR-12:10
,April,1672.27,01-APR-12:09,3694.95,01-APR-09:09,3123.83,01-APR-09:09,0.00,0.00,0.00,0.00,0.00,01-APR-00:03,7017.91,11-APR-11:10
,May,1672.27,05-MAY-12:09,3694.95,01-MAY-09:09,3123.83,01-MAY-09:09,0.00,0.00,0.00,0.00,1851.73,23-MAY-15:00,4065.39,08-MAY-15:00
,June,1672.27,02-JUN-12:09,3694.95,01-JUN-09:09,3123.83,01-JUN-09:09,0.00,0.00,0.00,0.00,1417.40,10-JUN-15:00,2835.62,03-JUN-13:00
,July,1672.27,01-JUL-12:09,3694.95,01-JUL-09:09,3123.83,01-JUL-09:09,0.00,0.00,0.00,0.00,2749.78,02-JUL-14:00,1632.85,27-JUL-11:10
,August,1672.27,04-AUG-12:09,3694.95,01-AUG-09:09,3123.83,01-AUG-09:09,0.00,0.00,0.00,0.00,1922.09,09-AUG-13:00,2418.36,14-AUG-11:10
,September,1672.27,01-SEP-12:09,3694.95,01-SEP-09:09,3123.83,01-SEP-09:09,0.00,0.00,0.00,0.00,1559.40,13-SEP-14:00,3664.75,17-SEP-12:00
,October,1672.27,01-OCT-12:09,3694.95,01-OCT-09:09,3123.83,01-OCT-09:09,0.00,0.00,0.00,0.00,0.00,01-OCT-00:10,5862.47,26-OCT-11:10
,November,1672.27,03-NOV-12:09,3694.95,01-NOV-09:09,3123.83,01-NOV-09:09,0.00,0.00,0.00,0.00,0.00,01-NOV-00:10,8715.23,26-NOV-18:00
,December,1672.27,01-DEC-13:09,3694.95,01-DEC-10:09,3123.83,01-DEC-10:09,0.00,0.00,0.00,0.00,0.00,01-DEC-00:05,11018.74,18-DEC-18:00
,,,,,,,,,,,,,,,
,Annual Sum or Average,,,,,,,0.00,0.00,0.00,0.00,,,,
,Minimum of Months,1672.27,,3694.95,,3123.83,,0.00,0.00,0.00,0.00,0.00,,1632.85,
,Maximum of Months,1672.27,,3694.95,,3123.83,,0.00,0.00,0.00,0.00,2749.78,,12910.84,


----------------------------------------------------------------------------------------------------
REPORT:,PeakSpaceGainsMonthly
FOR:,SMSTORE1
Custom Monthly Report

,,ZONE PEOPLE TOTAL HEATING ENERGY {Maximum} [W],ZONE PEOPLE TOTAL HEATING ENERGY {TIMESTAMP},ZONE LIGHTS TOTAL HEATING ENERGY {Maximum} [W],ZONE LIGHTS TOTAL HEATING ENERGY {TIMESTAMP},ZONE ELECTRIC EQUIPMENT TOTAL HEATING ENERGY {Maximum} [W],ZONE ELECTRIC EQUIPMENT TOTAL HEATING ENERGY {TIMESTAMP},ZONE GAS EQUIPMENT TOTAL HEATING ENERGY [],ZONE HOT WATER EQUIPMENT TOTAL HEATING ENERGY [],ZONE STEAM EQUIPMENT TOTAL HEATING ENERGY [],ZONE OTHER EQUIPMENT TOTAL HEATING ENERGY [],ZONE INFILTRATION SENSIBLE HEAT GAIN ENERGY {Maximum} [W],ZONE INFILTRATION SENSIBLE HEAT GAIN ENERGY {TIMESTAMP},ZONE INFILTRATION SENSIBLE HEAT LOSS ENERGY {Maximum} [W],ZONE INFILTRATION SENSIBLE HEAT LOSS ENERGY {TIMESTAMP}
,January,836.14,01-JAN-13:09,1862.68,01-JAN-10:09,1561.92,01-JAN-10:09,0.00,0.00,0.00,0.00,0.00,01-JAN-00:03,6066.59,31-JAN-18:00
,February,836.14,03-FEB-13:09,1862.68,01-FEB-10:09,1561.92,01-FEB-10:09,0.00,0.00,0.00,0.00,0.00,01-FEB-00:03,7072.93,01-FEB-18:00
,March,836.14,03-MAR-13:09,1862.68,01-MAR-10:09,1561.92,01-MAR-10:09,0.00,0.00,0.00,0.00,0.00,01-MAR-00:05,5843.06,03-MAR-12:10
,April,836.14,01-APR-12:09,1862.68,01-APR-09:09,1561.92,01-APR-09:09,0.00,0.00,0.00,0.00,0.00,01-APR-00:03,3801.33,11-APR-11:10
,May,836.14,05-MAY-12:09,1862.68,01-MAY-09:09,1561.92,01-MAY-09:09,0.00,0.00,0.00,0.00,1021.91,23-MAY-15:00,2184.72,08-MAY-15:00
,June,836.14,02-JUN-12:09,1862.68,01-JUN-09:09,1561.92,01-JUN-09:09,0.00,0.00,0.00,0.00,772.76,10-JUN-15:00,1590.79,03-JUN-13:00
,July,836.14,01-JUL-12:09,1862.68,01-JUL-09:09,1561.92,01-JUL-09:09,0.00,0.00,0.00,0.00,1484.31,02-JUL-14:00,898.11,27-JUL-11:10
,August,836.14,04-AUG-12:09,1862.68,01-AUG-09:09,1561.92,01-AUG-09:09,0.00,0.00,0.00,0.00,1042.33,09-AUG-13:00,1359.67,14-AUG-11:10
,September,836.14,01-SEP-12:09,1862.68,01-SEP-09:09,1561.92,01-SEP-09:09,0.00,0.00,0.00,0.00,860.60,13-SEP-14:00,1992.37,17-SEP-12:00
,October,836.14,01-OCT-12:09,1862.68,01-OCT-09:09,1561.92,01-OCT-09:09,0.00,0.00,0.00,0.00,0.00,01-OCT-00:10,3111.20,26-OCT-11:10
,November,836.14,03-NOV-12:09,1862.68,01-NOV-09:09,1561.92,01-NOV-09:09,0.00,0.00,0.00,0.00,0.00,01-NOV-00:10,4786.06,26-NOV-18:00
,December,836.14,01-DEC-13:09,1862.68,01-DEC-10:09,1561.92,01-DEC-10:09,0.00,0.00,0.00,0.00,0.00,01-DEC-00:05,6099.04,18-DEC-18:00
,,,,,,,,,,,,,,,
,Annual Sum or Average,,,,,,,0.00,0.00,0.00,0.00,,,,
,Minimum of Months,836.14,,1862.68,,1561.92,,0.00,0.00,0.00,0.00,0.00,,898.11,
,Maximum of Months,836.14,,1862.68,,1561.92,,0.00,0.00,0.00,0.00,1484.31,,7072.93,


----------------------------------------------------------------------------------------------------
REPORT:,PeakSpaceGainsMonthly
FOR:,SMSTORE2
Custom Monthly Report

,,ZONE PEOPLE TOTAL HEATING ENERGY {Maximum} [W],ZONE PEOPLE TOTAL HEATING ENERGY {TIMESTAMP},ZONE LIGHTS TOTAL HEATING ENERGY {Maximum} [W],ZONE LIGHTS TOTAL HEATING ENERGY {TIMESTAMP},ZONE ELECTRIC EQUIPMENT TOTAL HEATING ENERGY {Maximum} [W],ZONE ELECTRIC EQUIPMENT TOTAL HEATING ENERGY {TIMESTAMP},ZONE GAS EQUIPMENT TOTAL HEATING ENERGY [],ZONE HOT WATER EQUIPMENT TOTAL HEATING ENERGY [],ZONE STEAM EQUIPMENT TOTAL HEATING ENERGY [],ZONE OTHER EQUIPMENT TOTAL HEATING ENERGY [],ZONE INFILTRATION SENSIBLE HEAT GAIN ENERGY {Maximum} [W],ZONE INFILTRATION SENSIBLE HEAT GAIN ENERGY {TIMESTAMP},ZONE INFILTRATION SENSIBLE HEAT LOSS ENERGY {Maximum} [W],ZONE INFILTRATION SENSIBLE HEAT LOSS ENERGY {TIMESTAMP}
,January,836.14,07-JAN-13:09,1861.69,01-JAN-10:09,1561.92,01-JAN-10:09,0.00,0.00,0.00,0.00,0.00,01-JAN-00:03,6066.59,31-JAN-18:00
,February,836.14,04-FEB-13:09,1861.69,01-FEB-09:09,1561.92,01-FEB-09:09,0.00,0.00,0.00,0.00,0.00,01-FEB-00:03,7072.93,01-FEB-18:00
,March,836.14,04-MAR-13:09,1861.69,01-MAR-09:09,1561.92,01-MAR-09:09,0.00,0.00,0.00,0.00,0.00,01-MAR-00:05,5843.06,03-MAR-12:10
,April,836.14,01-APR-12:09,1861.69,01-APR-08:09,1561.92,01-APR-08:09,0.00,0.00,0.00,0.00,0.00,01-APR-00:03,3801.33,11-APR-11:10
,May,836.14,06-MAY-12:09,1861.69,01-MAY-08:09,1561.92,01-MAY-08:09,0.00,0.00,0.00,0.00,1021.90,23-MAY-15:00,2184.72,08-MAY-15:00
,June,836.14,03-JUN-12:09,1861.69,01-JUN-08:09,1561.92,01-JUN-08:09,0.00,0.00,0.00,0.00,772.76,10-JUN-15:00,1586.09,03-JUN-13:00
,July,836.14,01-JUL-12:09,1861.69,01-JUL-08:09,1561.92,01-JUL-08:09,0.00,0.00,0.00,0.00,1484.32,02-JUL-14:00,897.89,27-JUL-11:10
,August,836.14,05-AUG-12:09,1861.69,01-AUG-08:09,1561.92,01-AUG-08:09,0.00,0.00,0.00,0.00,1042.34,09-AUG-13:00,1343.75,14-AUG-11:10
,September,836.14,02-SEP-12:09,1861.69,01-SEP-08:09,1561.92,01-SEP-08:09,0.00,0.00,0.00,0.00,860.61,13-SEP-14:00,1992.37,17-SEP-12:00
,October,836.14,07-OCT-12:09,1861.69,01-OCT-09:09,1561.92,01-OCT-09:09,0.00,0.00,0.00,0.00,0.00,01-OCT-00:10,3111.20,26-OCT-11:10
,November,836.14,04-NOV-12:09,1861.69,01-NOV-08:09,1561.92,01-NOV-08:09,0.00,0.00,0.00,0.00,0.00,01-NOV-00:10,4786.06,26-NOV-18:00
,December,836.14,02-DEC-13:09,1861.69,01-DEC-09:09,1561.92,01-DEC-09:09,0.00,0.00,0.00,0.00,0.00,01-DEC-00:05,6099.04,18-DEC-18:00
,,,,,,,,,,,,,,,
,Annual Sum or Average,,,,,,,0.00,0.00,0.00,0.00,,,,
,Minimum of Months,836.14,,1861.69,,1561.92,,0.00,0.00,0.00,0.00,0.00,,897.89,
,Maximum of Months,836.14,,1861.69,,1561.92,,0.00,0.00,0.00,0.00,1484.32,,7072.93,


----------------------------------------------------------------------------------------------------
REPORT:,PeakSpaceGainsMonthly
FOR:,SMSTORE3
Custom Monthly Report

,,ZONE PEOPLE TOTAL HEATING ENERGY {Maximum} [W],ZONE PEOPLE TOTAL HEATING ENERGY {TIMESTAMP},ZONE LIGHTS TOTAL HEATING ENERGY {Maximum} [W],ZONE LIGHTS TOTAL HEATING ENERGY {TIMESTAMP},ZONE ELECTRIC EQUIPMENT TOTAL HEATING ENERGY {Maximum} [W],ZONE ELECTRIC EQUIPMENT TOTAL HEATING ENERGY {TIMESTAMP},ZONE GAS EQUIPMENT TOTAL HEATING ENERGY [],ZONE HOT WATER EQUIPMENT TOTAL HEATING ENERGY [],ZONE STEAM EQUIPMENT TOTAL HEATING ENERGY [],ZONE OTHER EQUIPMENT TOTAL HEATING ENERGY [],ZONE INFILTRATION SENSIBLE HEAT GAIN ENERGY {Maximum} [W],ZONE INFILTRATION SENSIBLE HEAT GAIN ENERGY {TIMESTAMP},ZONE INFILTRATION SENSIBLE HEAT LOSS ENERGY {Maximum} [W],ZONE INFILTRATION SENSIBLE HEAT LOSS ENERGY {TIMESTAMP}
,January,836.14,07-JAN-13:09,1861.69,01-JAN-10:09,1561.92,01-JAN-10:09,0.00,0.00,0.00,0.00,0.00,01-JAN-00:03,6066.59,31-JAN-18:00
,February,836.14,04-FEB-13:09,1861.69,01-FEB-09:09,1561.92,01-FEB-09:09,0.00,0.00,0.00,0.00,0.00,01-FEB-00:03,7072.93,01-FEB-18:00
,March,836.14,04-MAR-13:09,1861.69,01-MAR-09:09,1561.92,01-MAR-09:09,0.00,0.00,0.00,0.00,0.00,01-MAR-00:05,5843.06,03-MAR-12:10
,April,836.14,01-APR-12:09,1861.69,01-APR-08:09,1561.92,01-APR-08:09,0.00,0.00,0.00,0.00,0.00,01-APR-00:03,3801.33,11-APR-11:10
,May,836.14,06-MAY-12:09,1861.69,01-MAY-08:09,1561.92,01-MAY-08:09,0.00,0.00,0.00,0.00,1021.90,23-MAY-15:00,2184.72,08-MAY-15:00
,June,836.14,03-JUN-12:09,1861.69,01-JUN-08:09,1561.92,01-JUN-08:09,0.00,0.00,0.00,0.00,772.76,10-JUN-15:00,1584.75,03-JUN-13:00
,July,836.14,01-JUL-12:09,1861.69,01-JUL-08:09,1561.92,01-JUL-08:09,0.00,0.00,0.00,0.00,1484.32,02-JUL-14:00,898.11,27-JUL-11:10
,August,836.14,05-AUG-12:09,1861.69,01-AUG-08:09,1561.92,01-AUG-08:09,0.00,0.00,0.00,0.00,1042.34,09-AUG-13:00,1338.35,14-AUG-11:10
,September,836.14,02-SEP-12:09,1861.69,01-SEP-08:09,1561.92,01-SEP-08:09,0.00,0.00,0.00,0.00,860.61,13-SEP-14:00,1992.37,17-SEP-12:00
,October,836.14,07-OCT-12:09,1861.69,01-OCT-09:09,1561.92,01-OCT-09:09,0.00,0.00,0.00,0.00,0.00,01-OCT-00:10,3111.20,26-OCT-11:10
,November,836.14,04-NOV-12:09,1861.69,01-NOV-08:09,1561.92,01-NOV-08:09,0.00,0.00,0.00,0.00,0.00,01-NOV-00:10,4786.06,26-NOV-18:00
,December,836.14,02-DEC-13:09,1861.69,01-DEC-09:09,1561.92,01-DEC-09:09,0.00,0.00,0.00,0.00,0.00,01-DEC-00:05,6099.04,18-DEC-18:00
,,,,,,,,,,,,,,,
,Annual Sum or Average,,,,,,,0.00,0.00,0.00,0.00,,,,
,Minimum of Months,836.14,,1861.69,,1561.92,,0.00,0.00,0.00,0.00,0.00,,898.11,
,Maximum of Months,836.14,,1861.69,,1561.92,,0.00,0.00,0.00,0.00,1484.32,,7072.93,


----------------------------------------------------------------------------------------------------
REPORT:,PeakSpaceGainsMonthly
FOR:,SMSTORE4
Custom Monthly Report

,,ZONE PEOPLE TOTAL HEATING ENERGY {Maximum} [W],ZONE PEOPLE TOTAL HEATING ENERGY {TIMESTAMP},ZONE LIGHTS TOTAL HEATING ENERGY {Maximum} [W],ZONE LIGHTS TOTAL HEATING ENERGY {TIMESTAMP},ZONE ELECTRIC EQUIPMENT TOTAL HEATING ENERGY {Maximum} [W],ZONE ELECTRIC EQUIPMENT TOTAL HEATING ENERGY {TIMESTAMP},ZONE GAS EQUIPMENT TOTAL HEATING ENERGY [],ZONE HOT WATER EQUIPMENT TOTAL HEATING ENERGY [],ZONE STEAM EQUIPMENT TOTAL HEATING ENERGY [],ZONE OTHER EQUIPMENT TOTAL HEATING ENERGY [],ZONE INFILTRATION SENSIBLE HEAT GAIN ENERGY {Maximum} [W],ZONE INFILTRATION SENSIBLE HEAT GAIN ENERGY {TIMESTAMP},ZONE INFILTRATION SENSIBLE HEAT LOSS ENERGY {Maximum} [W],ZONE INFILTRATION SENSIBLE HEAT LOSS ENERGY {TIMESTAMP}
,January,836.14,07-JAN-13:09,1861.69,01-JAN-10:09,1561.92,01-JAN-10:09,0.00,0.00,0.00,0.00,0.00,01-JAN-00:03,6066.59,31-JAN-18:00
,February,836.14,04-FEB-13:09,1861.69,01-FEB-09:09,1561.92,01-FEB-09:09,0.00,0.00,0.00,0.00,0.00,01-FEB-00:03,7072.93,01-FEB-18:00
,March,836.14,04-MAR-13:09,1861.69,01-MAR-09:09,1561.92,01-MAR-09:09,0.00,0.00,0.00,0.00,0.00,01-MAR-00:05,5843.06,03-MAR-12:10
,April,836.14,01-APR-12:09,1861.69,01-APR-08:09,1561.92,01-APR-08:09,0.00,0.00,0.00,0.00,0.00,01-APR-00:03,3801.33,11-APR-11:10
,May,836.14,06-MAY-12:09,1861.69,01-MAY-08:09,1561.92,01-MAY-08:09,0.00,0.00,0.00,0.00,1021.90,23-MAY-15:00,2184.72,08-MAY-15:00
,June,836.14,03-JUN-12:09,1861.69,01-JUN-08:09,1561.92,01-JUN-08:09,0.00,0.00,0.00,0.00,772.76,10-JUN-15:00,1583.89,03-JUN-13:00
,July,836.14,01-JUL-12:09,1861.69,01-JUL-08:09,1561.92,01-JUL-08:09,0.00,0.00,0.00,0.00,1484.32,02-JUL-14:00,897.29,27-JUL-11:10
,August,836.14,05-AUG-12:09,1861.69,01-AUG-08:09,1561.92,01-AUG-08:09,0.00,0.00,0.00,0.00,1042.34,09-AUG-13:00,1333.08,14-AUG-11:10
,September,836.14,02-SEP-12:09,1861.69,01-SEP-08:09,1561.92,01-SEP-08:09,0.00,0.00,0.00,0.00,860.61,13-SEP-14:00,1992.37,17-SEP-12:00
,October,836.14,07-OCT-12:09,1861.69,01-OCT-09:09,1561.92,01-OCT-09:09,0.00,0.00,0.00,0.00,0.00,01-OCT-00:10,3111.20,26-OCT-11:10
,November,836.14,04-NOV-12:09,1861.69,01-NOV-08:09,1561.92,01-NOV-08:09,0.00,0.00,0.00,0.00,0.00,01-NOV-00:10,4786.06,26-NOV-18:00
,December,836.14,02-DEC-13:09,1861.69,01-DEC-09:09,1561.92,01-DEC-09:09,0.00,0.00,0.00,0.00,0.00,01-DEC-00:05,6099.04,18-DEC-18:00
,,,,,,,,,,,,,,,
,Annual Sum or Average,,,,,,,0.00,0.00,0.00,0.00,,,,
,Minimum of Months,836.14,,1861.69,,1561.92,,0.00,0.00,0.00,0.00,0.00,,897.29,
,Maximum of Months,836.14,,1861.69,,1561.92,,0.00,0.00,0.00,0.00,1484.32,,7072.93,


----------------------------------------------------------------------------------------------------
REPORT:,PeakSpaceGainsMonthly
FOR:,LGSTORE2
Custom Monthly Report

,,ZONE PEOPLE TOTAL HEATING ENERGY {Maximum} [W],ZONE PEOPLE TOTAL HEATING ENERGY {TIMESTAMP},ZONE LIGHTS TOTAL HEATING ENERGY {Maximum} [W],ZONE LIGHTS TOTAL HEATING ENERGY {TIMESTAMP},ZONE ELECTRIC EQUIPMENT TOTAL HEATING ENERGY {Maximum} [W],ZONE ELECTRIC EQUIPMENT TOTAL HEATING ENERGY {TIMESTAMP},ZONE GAS EQUIPMENT TOTAL HEATING ENERGY [],ZONE HOT WATER EQUIPMENT TOTAL HEATING ENERGY [],ZONE STEAM EQUIPMENT TOTAL HEATING ENERGY [],ZONE OTHER EQUIPMENT TOTAL HEATING ENERGY [],ZONE INFILTRATION SENSIBLE HEAT GAIN ENERGY {Maximum} [W],ZONE INFILTRATION SENSIBLE HEAT GAIN ENERGY {TIMESTAMP},ZONE INFILTRATION SENSIBLE HEAT LOSS ENERGY {Maximum} [W],ZONE INFILTRATION SENSIBLE HEAT LOSS ENERGY {TIMESTAMP}
,January,2229.70,07-JAN-15:09,3692.97,01-JAN-11:09,3123.83,01-JAN-11:09,0.00,0.00,0.00,0.00,0.00,01-JAN-00:03,10914.62,31-JAN-18:00
,February,2229.70,04-FEB-15:09,3692.97,01-FEB-10:09,3123.83,01-FEB-10:09,0.00,0.00,0.00,0.00,0.00,01-FEB-00:03,12709.44,01-FEB-18:00
,March,2229.70,04-MAR-15:09,3692.97,01-MAR-10:09,3123.83,01-MAR-10:09,0.00,0.00,0.00,0.00,0.00,01-MAR-00:05,10538.50,03-MAR-12:10
,April,2229.70,01-APR-14:09,3692.97,01-APR-09:09,3123.83,01-APR-09:09,0.00,0.00,0.00,0.00,0.00,01-APR-00:03,6840.24,11-APR-11:10
,May,2229.70,06-MAY-14:09,3692.97,01-MAY-09:09,3123.83,01-MAY-09:09,0.00,0.00,0.00,0.00,1834.65,23-MAY-15:00,3935.15,08-MAY-15:00
,June,2229.70,03-JUN-14:09,3692.97,01-JUN-09:09,3123.83,01-JUN-09:09,0.00,0.00,0.00,0.00,1389.47,10-JUN-15:00,2858.17,03-JUN-11:10
,July,2229.70,01-JUL-14:09,3692.97,01-JUL-09:09,3123.83,01-JUL-09:09,0.00,0.00,0.00,0.00,2672.38,02-JUL-14:00,1617.90,27-JUL-11:10
,August,2229.70,05-AUG-14:09,3692.97,01-AUG-09:09,3123.83,01-AUG-09:09,0.00,0.00,0.00,0.00,1875.61,09-AUG-13:00,2407.90,14-AUG-11:10
,September,2229.70,02-SEP-14:09,3692.97,01-SEP-09:09,3123.83,01-SEP-09:09,0.00,0.00,0.00,0.00,1544.95,13-SEP-14:00,3583.49,17-SEP-12:00
,October,2229.70,07-OCT-14:09,3692.97,01-OCT-10:09,3123.83,01-OCT-10:09,0.00,0.00,0.00,0.00,0.00,01-OCT-00:10,5612.78,26-OCT-11:10
,November,2229.70,04-NOV-14:09,3692.97,01-NOV-09:09,3123.83,01-NOV-09:09,0.00,0.00,0.00,0.00,0.00,01-NOV-00:10,8597.56,26-NOV-18:00
,December,2229.70,02-DEC-15:09,3692.97,01-DEC-10:09,3123.83,01-DEC-10:09,0.00,0.00,0.00,0.00,0.00,01-DEC-00:05,10945.57,18-DEC-18:00
,,,,,,,,,,,,,,,
,Annual Sum or Average,,,,,,,0.00,0.00,0.00,0.00,,,,
,Minimum of Months,2229.70,,3692.97,,3123.83,,0.00,0.00,0.00,0.00,0.00,,1617.90,
,Maximum of Months,2229.70,,3692.97,,3123.83,,0.00,0.00,0.00,0.00,2672.38,,12709.44,


----------------------------------------------------------------------------------------------------
REPORT:,PeakSpaceGainsMonthly
FOR:,SMSTORE5
Custom Monthly Report

,,ZONE PEOPLE TOTAL HEATING ENERGY {Maximum} [W],ZONE PEOPLE TOTAL HEATING ENERGY {TIMESTAMP},ZONE LIGHTS TOTAL HEATING ENERGY {Maximum} [W],ZONE LIGHTS TOTAL HEATING ENERGY {TIMESTAMP},ZONE ELECTRIC EQUIPMENT TOTAL HEATING ENERGY {Maximum} [W],ZONE ELECTRIC EQUIPMENT TOTAL HEATING ENERGY {TIMESTAMP},ZONE GAS EQUIPMENT TOTAL HEATING ENERGY [],ZONE HOT WATER EQUIPMENT TOTAL HEATING ENERGY [],ZONE STEAM EQUIPMENT TOTAL HEATING ENERGY [],ZONE OTHER EQUIPMENT TOTAL HEATING ENERGY [],ZONE INFILTRATION SENSIBLE HEAT GAIN ENERGY {Maximum} [W],ZONE INFILTRATION SENSIBLE HEAT GAIN ENERGY {TIMESTAMP},ZONE INFILTRATION SENSIBLE HEAT LOSS ENERGY {Maximum} [W],ZONE INFILTRATION SENSIBLE HEAT LOSS ENERGY {TIMESTAMP}
,January,1114.85,07-JAN-15:09,1861.69,01-JAN-11:09,1561.92,01-JAN-11:09,0.00,0.00,0.00,0.00,0.00,01-JAN-00:03,6066.59,31-JAN-18:00
,February,1114.85,04-FEB-15:09,1861.69,01-FEB-10:09,1561.92,01-FEB-10:09,0.00,0.00,0.00,0.00,0.00,01-FEB-00:03,7072.93,01-FEB-18:00
,March,1114.85,04-MAR-15:09,1861.69,01-MAR-10:09,1561.92,01-MAR-10:09,0.00,0.00,0.00,0.00,0.00,01-MAR-00:05,5843.06,03-MAR-12:10
,April,1114.85,01-APR-14:09,1861.69,01-APR-09:09,1561.92,01-APR-09:09,0.00,0.00,0.00,0.00,0.00,01-APR-00:03,3801.33,11-APR-11:10
,May,1114.85,06-MAY-14:09,1861.69,01-MAY-09:09,1561.92,01-MAY-09:09,0.00,0.00,0.00,0.00,1021.93,23-MAY-15:00,2184.72,08-MAY-15:00
,June,1114.85,03-JUN-14:09,1861.69,01-JUN-09:09,1561.92,01-JUN-09:09,0.00,0.00,0.00,0.00,772.80,10-JUN-15:00,1599.08,03-JUN-13:00
,July,1114.85,01-JUL-14:09,1861.69,01-JUL-09:09,1561.92,01-JUL-09:09,0.00,0.00,0.00,0.00,1484.51,02-JUL-14:00,901.02,27-JUL-11:10
,August,1114.85,05-AUG-14:09,1861.69,01-AUG-09:09,1561.92,01-AUG-09:09,0.00,0.00,0.00,0.00,1042.50,09-AUG-13:00,1349.07,14-AUG-11:10
,September,1114.85,02-SEP-14:09,1861.69,01-SEP-09:09,1561.92,01-SEP-09:09,0.00,0.00,0.00,0.00,860.54,13-SEP-14:00,1992.37,17-SEP-12:00
,October,1114.85,07-OCT-14:09,1861.69,01-OCT-10:09,1561.92,01-OCT-10:09,0.00,0.00,0.00,0.00,0.00,01-OCT-00:10,3111.20,26-OCT-11:10
,November,1114.85,04-NOV-14:09,1861.69,01-NOV-09:09,1561.92,01-NOV-09:09,0.00,0.00,0.00,0.00,0.00,01-NOV-00:10,4786.06,26-NOV-18:00
,December,1114.85,02-DEC-15:09,1861.69,01-DEC-10:09,1561.92,01-DEC-10:09,0.00,0.00,0.00,0.00,0.00,01-DEC-00:05,6099.04,18-DEC-18:00
,,,,,,,,,,,,,,,
,Annual Sum or Average,,,,,,,0.00,0.00,0.00,0.00,,,,
,Minimum of Months,1114.85,,1861.69,,1561.92,,0.00,0.00,0.00,0.00,0.00,,901.02,
,Maximum of Months,1114.85,,1861.69,,1561.92,,0.00,0.00,0.00,0.00,1484.51,,7072.93,


----------------------------------------------------------------------------------------------------
REPORT:,PeakSpaceGainsMonthly
FOR:,SMSTORE6
Custom Monthly Report

,,ZONE PEOPLE TOTAL HEATING ENERGY {Maximum} [W],ZONE PEOPLE TOTAL HEATING ENERGY {TIMESTAMP},ZONE LIGHTS TOTAL HEATING ENERGY {Maximum} [W],ZONE LIGHTS TOTAL HEATING ENERGY {TIMESTAMP},ZONE ELECTRIC EQUIPMENT TOTAL HEATING ENERGY {Maximum} [W],ZONE ELECTRIC EQUIPMENT TOTAL HEATING ENERGY {TIMESTAMP},ZONE GAS EQUIPMENT TOTAL HEATING ENERGY [],ZONE HOT WATER EQUIPMENT TOTAL HEATING ENERGY [],ZONE STEAM EQUIPMENT TOTAL HEATING ENERGY [],ZONE OTHER EQUIPMENT TOTAL HEATING ENERGY [],ZONE INFILTRATION SENSIBLE HEAT GAIN ENERGY {Maximum} [W],ZONE INFILTRATION SENSIBLE HEAT GAIN ENERGY {TIMESTAMP},ZONE INFILTRATION SENSIBLE HEAT LOSS ENERGY {Maximum} [W],ZONE INFILTRATION SENSIBLE HEAT LOSS ENERGY {TIMESTAMP}
,January,1114.85,07-JAN-15:09,1861.69,01-JAN-11:09,1561.92,01-JAN-11:09,0.00,0.00,0.00,0.00,0.00,01-JAN-00:03,6066.59,31-JAN-18:00
,February,1114.85,04-FEB-15:09,1861.69,01-FEB-10:09,1561.92,01-FEB-10:09,0.00,0.00,0.00,0.00,0.00,01-FEB-00:03,7072.93,01-FEB-18:00
,March,1114.85,04-MAR-15:09,1861.69,01-MAR-10:09,1561.92,01-MAR-10:09,0.00,0.00,0.00,0.00,0.00,01-MAR-00:05,5843.06,03-MAR-12:10
,April,1114.85,01-APR-14:09,1861.69,01-APR-09:09,1561.92,01-APR-09:09,0.00,0.00,0.00,0.00,0.00,01-APR-00:03,3801.33,11-APR-11:10
,May,1114.85,06-MAY-14:09,1861.69,01-MAY-09:09,1561.92,01-MAY-09:09,0.00,0.00,0.00,0.00,1021.92,23-MAY-15:00,2184.72,08-MAY-15:00
,June,1114.85,03-JUN-14:09,1861.69,01-JUN-09:09,1561.92,01-JUN-09:09,0.00,0.00,0.00,0.00,772.80,10-JUN-15:00,1595.81,03-JUN-11:10
,July,1114.85,01-JUL-14:09,1861.69,01-JUL-09:09,1561.92,01-JUL-09:09,0.00,0.00,0.00,0.00,1484.51,02-JUL-14:00,900.20,27-JUL-11:10
,August,1114.85,05-AUG-14:09,1861.69,01-AUG-09:09,1561.92,01-AUG-09:09,0.00,0.00,0.00,0.00,1042.50,09-AUG-13:00,1344.59,14-AUG-11:10
,September,1114.85,02-SEP-14:09,1861.69,01-SEP-09:09,1561.92,01-SEP-09:09,0.00,0.00,0.00,0.00,860.54,13-SEP-14:00,1992.37,17-SEP-12:00
,October,1114.85,07-OCT-14:09,1861.69,01-OCT-10:09,1561.92,01-OCT-10:09,0.00,0.00,0.00,0.00,0.00,01-OCT-00:10,3111.20,26-OCT-11:10
,November,1114.85,04-NOV-14:09,1861.69,01-NOV-09:09,1561.92,01-NOV-09:09,0.00,0.00,0.00,0.00,0.00,01-NOV-00:10,4786.06,26-NOV-18:00
,December,1114.85,02-DEC-15:09,1861.69,01-DEC-10:09,1561.92,01-DEC-10:09,0.00,0.00,0.00,0.00,0.00,01-DEC-00:05,6099.04,18-DEC-18:00
,,,,,,,,,,,,,,,
,Annual Sum or Average,,,,,,,0.00,0.00,0.00,0.00,,,,
,Minimum of Months,1114.85,,1861.69,,1561.92,,0.00,0.00,0.00,0.00,0.00,,900.20,
,Maximum of Months,1114.85,,1861.69,,1561.92,,0.00,0.00,0.00,0.00,1484.51,,7072.93,


----------------------------------------------------------------------------------------------------
REPORT:,PeakSpaceGainsMonthly
FOR:,SMSTORE7
Custom Monthly Report

,,ZONE PEOPLE TOTAL HEATING ENERGY {Maximum} [W],ZONE PEOPLE TOTAL HEATING ENERGY {TIMESTAMP},ZONE LIGHTS TOTAL HEATING ENERGY {Maximum} [W],ZONE LIGHTS TOTAL HEATING ENERGY {TIMESTAMP},ZONE ELECTRIC EQUIPMENT TOTAL HEATING ENERGY {Maximum} [W],ZONE ELECTRIC EQUIPMENT TOTAL HEATING ENERGY {TIMESTAMP},ZONE GAS EQUIPMENT TOTAL HEATING ENERGY [],ZONE HOT WATER EQUIPMENT TOTAL HEATING ENERGY [],ZONE STEAM EQUIPMENT TOTAL HEATING ENERGY [],ZONE OTHER EQUIPMENT TOTAL HEATING ENERGY [],ZONE INFILTRATION SENSIBLE HEAT GAIN ENERGY {Maximum} [W],ZONE INFILTRATION SENSIBLE HEAT GAIN ENERGY {TIMESTAMP},ZONE INFILTRATION SENSIBLE HEAT LOSS ENERGY {Maximum} [W],ZONE INFILTRATION SENSIBLE HEAT LOSS ENERGY {TIMESTAMP}
,January,1114.85,07-JAN-15:09,1861.69,01-JAN-11:09,1561.92,01-JAN-11:09,0.00,0.00,0.00,0.00,0.00,01-JAN-00:03,6066.59,31-JAN-18:00
,February,1114.85,04-FEB-15:09,1861.69,01-FEB-10:09,1561.92,01-FEB-10:09,0.00,0.00,0.00,0.00,0.00,01-FEB-00:03,7072.93,01-FEB-18:00
,March,1114.85,04-MAR-15:09,1861.69,01-MAR-10:09,1561.92,01-MAR-10:09,0.00,0.00,0.00,0.00,0.00,01-MAR-00:05,5843.06,03-MAR-12:10
,April,1114.85,01-APR-14:09,1861.69,01-APR-09:09,1561.92,01-APR-09:09,0.00,0.00,0.00,0.00,0.00,01-APR-00:03,3801.33,11-APR-11:10
,May,1114.85,06-MAY-14:09,1861.69,01-MAY-09:09,1561.92,01-MAY-09:09,0.00,0.00,0.00,0.00,1021.92,23-MAY-15:00,2184.72,08-MAY-15:00
,June,1114.85,03-JUN-14:09,1861.69,01-JUN-09:09,1561.92,01-JUN-09:09,0.00,0.00,0.00,0.00,772.80,10-JUN-15:00,1579.64,03-JUN-13:00
,July,1114.85,01-JUL-14:09,1861.69,01-JUL-09:09,1561.92,01-JUL-09:09,0.00,0.00,0.00,0.00,1484.51,02-JUL-14:00,896.72,27-JUL-11:10
,August,1114.85,05-AUG-14:09,1861.69,01-AUG-09:09,1561.92,01-AUG-09:09,0.00,0.00,0.00,0.00,1042.50,09-AUG-13:00,1322.90,14-AUG-11:10
,September,1114.85,02-SEP-14:09,1861.69,01-SEP-09:09,1561.92,01-SEP-09:09,0.00,0.00,0.00,0.00,860.54,13-SEP-14:00,1992.37,17-SEP-12:00
,October,1114.85,07-OCT-14:09,1861.69,01-OCT-10:09,1561.92,01-OCT-10:09,0.00,0.00,0.00,0.00,0.00,01-OCT-00:10,3111.20,26-OCT-11:10
,November,1114.85,04-NOV-14:09,1861.69,01-NOV-09:09,1561.92,01-NOV-09:09,0.00,0.00,0.00,0.00,0.00,01-NOV-00:10,4786.06,26-NOV-18:00
,December,1114.85,02-DEC-15:09,1861.69,01-DEC-10:09,1561.92,01-DEC-10:09,0.00,0.00,0.00,0.00,0.00,01-DEC-00:05,6099.04,18-DEC-18:00
,,,,,,,,,,,,,,,
,Annual Sum or Average,,,,,,,0.00,0.00,0.00,0.00,,,,
,Minimum of Months,1114.85,,1861.69,,1561.92,,0.00,0.00,0.00,0.00,0.00,,896.72,
,Maximum of Months,1114.85,,1861.69,,1561.92,,0.00,0.00,0.00,0.00,1484.51,,7072.93,


----------------------------------------------------------------------------------------------------
REPORT:,PeakSpaceGainsMonthly
FOR:,SMSTORE8
Custom Monthly Report

,,ZONE PEOPLE TOTAL HEATING ENERGY {Maximum} [W],ZONE PEOPLE TOTAL HEATING ENERGY {TIMESTAMP},ZONE LIGHTS TOTAL HEATING ENERGY {Maximum} [W],ZONE LIGHTS TOTAL HEATING ENERGY {TIMESTAMP},ZONE ELECTRIC EQUIPMENT TOTAL HEATING ENERGY {Maximum} [W],ZONE ELECTRIC EQUIPMENT TOTAL HEATING ENERGY {TIMESTAMP},ZONE GAS EQUIPMENT TOTAL HEATING ENERGY [],ZONE HOT WATER EQUIPMENT TOTAL HEATING ENERGY [],ZONE STEAM EQUIPMENT TOTAL HEATING ENERGY [],ZONE OTHER EQUIPMENT TOTAL HEATING ENERGY [],ZONE INFILTRATION SENSIBLE HEAT GAIN ENERGY {Maximum} [W],ZONE INFILTRATION SENSIBLE HEAT GAIN ENERGY {TIMESTAMP},ZONE INFILTRATION SENSIBLE HEAT LOSS ENERGY {Maximum} [W],ZONE INFILTRATION SENSIBLE HEAT LOSS ENERGY {TIMESTAMP}
,January,1114.85,07-JAN-15:09,1861.69,01-JAN-11:09,1561.92,01-JAN-11:09,0.00,0.00,0.00,0.00,0.00,01-JAN-00:03,6337.10,31-JAN-18:00
,February,1114.85,04-FEB-15:09,1861.69,01-FEB-10:09,1561.92,01-FEB-10:09,0.00,0.00,0.00,0.00,0.00,01-FEB-00:03,7274.33,01-FEB-18:00
,March,1114.85,04-MAR-15:09,1861.69,01-MAR-10:09,1561.92,01-MAR-10:09,0.00,0.00,0.00,0.00,0.00,01-MAR-00:05,6292.25,03-MAR-12:10
,April,1114.85,01-APR-14:09,1861.69,01-APR-09:09,1561.92,01-APR-09:09,0.00,0.00,0.00,0.00,0.00,01-APR-00:03,3979.00,11-APR-11:10
,May,1114.85,06-MAY-14:09,1861.69,01-MAY-09:09,1561.92,01-MAY-09:09,0.00,0.00,0.00,0.00,1039.01,23-MAY-15:00,2314.97,08-MAY-15:00
,June,1114.85,03-JUN-14:09,1861.69,01-JUN-09:09,1561.92,01-JUN-09:09,0.00,0.00,0.00,0.00,800.76,10-JUN-15:00,1548.76,03-JUN-11:10
,July,1114.85,01-JUL-14:09,1861.69,01-JUL-09:09,1561.92,01-JUL-09:09,0.00,0.00,0.00,0.00,1561.91,02-JUL-14:00,896.78,27-JUL-11:10
,August,1114.85,05-AUG-14:09,1861.69,01-AUG-09:09,1561.92,01-AUG-09:09,0.00,0.00,0.00,0.00,1088.99,09-AUG-13:00,1285.44,14-AUG-11:10
,September,1114.85,02-SEP-14:09,1861.69,01-SEP-09:09,1561.92,01-SEP-09:09,0.00,0.00,0.00,0.00,874.95,13-SEP-14:00,2073.62,17-SEP-12:00
,October,1114.85,07-OCT-14:09,1861.69,01-OCT-10:09,1561.92,01-OCT-10:09,0.00,0.00,0.00,0.00,0.00,01-OCT-00:10,3360.89,26-OCT-11:10
,November,1114.85,04-NOV-14:09,1861.69,01-NOV-09:09,1561.92,01-NOV-09:09,0.00,0.00,0.00,0.00,0.00,01-NOV-00:10,4903.72,26-NOV-18:00
,December,1114.85,02-DEC-15:09,1861.69,01-DEC-10:09,1561.92,01-DEC-10:09,0.00,0.00,0.00,0.00,0.00,01-DEC-00:05,6172.21,18-DEC-18:00
,,,,,,,,,,,,,,,
,Annual Sum or Average,,,,,,,0.00,0.00,0.00,0.00,,,,
,Minimum of Months,1114.85,,1861.69,,1561.92,,0.00,0.00,0.00,0.00,0.00,,896.78,
,Maximum of Months,1114.85,,1861.69,,1561.92,,0.00,0.00,0.00,0.00,1561.91,,7274.33,


----------------------------------------------------------------------------------------------------
REPORT:,SpaceGainComponentsAtCoolingPeakMonthly
FOR:,LGSTORE1
Custom Monthly Report

,,ZONE AIR SYSTEM SENSIBLE COOLING RATE {Maximum} [W],ZONE AIR SYSTEM SENSIBLE COOLING RATE {TIMESTAMP},ZONE PEOPLE TOTAL HEATING ENERGY {AT MAX/MIN} [W],ZONE LIGHTS TOTAL HEATING ENERGY {AT MAX/MIN} [W],ZONE ELECTRIC EQUIPMENT TOTAL HEATING ENERGY {AT MAX/MIN} [W],ZONE GAS EQUIPMENT TOTAL HEATING ENERGY [],ZONE HOT WATER EQUIPMENT TOTAL HEATING ENERGY [],ZONE STEAM EQUIPMENT TOTAL HEATING ENERGY [],ZONE OTHER EQUIPMENT TOTAL HEATING ENERGY [],ZONE INFILTRATION SENSIBLE HEAT GAIN ENERGY {AT MAX/MIN} [W],ZONE INFILTRATION SENSIBLE HEAT LOSS ENERGY {AT MAX/MIN} [W]
,January,21775.52,05-JAN-19:17,12542.04,33254.56,28114.50,0.00,0.00,0.00,0.00,0.00,1376.06
,February,22913.34,24-FEB-19:07,12542.04,33254.56,28114.50,0.00,0.00,0.00,0.00,0.00,1240.51
,March,19702.52,07-MAR-10:29,2229.70,29559.61,24990.67,0.00,0.00,0.00,0.00,0.00,1343.22
,April,8286.20,16-APR-08:62,557.42,7778.83,6941.85,0.00,0.00,0.00,0.00,0.00,510.63
,May,9984.85,01-MAY-08:62,557.42,7778.83,6941.85,0.00,0.00,0.00,0.00,0.00,637.14
,June,23235.57,02-JUN-00:31,0.00,525.00,1198.77,0.00,0.00,0.00,0.00,0.00,75.97
,July,27330.47,01-JUL-23:09,0.00,1361.24,1198.77,0.00,0.00,0.00,0.00,0.00,92.38
,August,26268.18,07-AUG-23:10,0.00,1166.77,1027.52,0.00,0.00,0.00,0.00,0.00,75.09
,September,22952.47,02-SEP-23:10,0.00,972.31,856.27,0.00,0.00,0.00,0.00,0.00,151.74
,October,18566.93,04-OCT-23:14,0.00,375.00,856.27,0.00,0.00,0.00,0.00,0.00,295.60
,November,11546.08,23-NOV-09:42,696.78,9723.53,8677.32,0.00,0.00,0.00,0.00,0.00,949.65
,December,23309.39,24-DEC-21:47,7525.22,33254.56,28114.50,0.00,0.00,0.00,0.00,0.00,713.98
,,,,,,,,,,,,
,Annual Sum or Average,,,,,,0.00,0.00,0.00,0.00,,
,Minimum of Months,8286.20,,0.00,375.00,856.27,0.00,0.00,0.00,0.00,0.00,75.09
,Maximum of Months,27330.47,,12542.04,33254.56,28114.50,0.00,0.00,0.00,0.00,0.00,1376.06


----------------------------------------------------------------------------------------------------
REPORT:,SpaceGainComponentsAtCoolingPeakMonthly
FOR:,SMSTORE1
Custom Monthly Report

,,ZONE AIR SYSTEM SENSIBLE COOLING RATE {Maximum} [W],ZONE AIR SYSTEM SENSIBLE COOLING RATE {TIMESTAMP},ZONE PEOPLE TOTAL HEATING ENERGY {AT MAX/MIN} [W],ZONE LIGHTS TOTAL HEATING ENERGY {AT MAX/MIN} [W],ZONE ELECTRIC EQUIPMENT TOTAL HEATING ENERGY {AT MAX/MIN} [W],ZONE GAS EQUIPMENT TOTAL HEATING ENERGY [],ZONE HOT WATER EQUIPMENT TOTAL HEATING ENERGY [],ZONE STEAM EQUIPMENT TOTAL HEATING ENERGY [],ZONE OTHER EQUIPMENT TOTAL HEATING ENERGY [],ZONE INFILTRATION SENSIBLE HEAT GAIN ENERGY {AT MAX/MIN} [W],ZONE INFILTRATION SENSIBLE HEAT LOSS ENERGY {AT MAX/MIN} [W]
,January,11866.93,23-JAN-18:41,6271.02,16764.14,14057.25,0.00,0.00,0.00,0.00,0.00,896.90
,February,1551.63,04-FEB-18:10,696.78,1862.68,1561.92,0.00,0.00,0.00,0.00,0.00,367.11
,March,8961.40,04-MAR-10:09,975.49,13038.78,10933.42,0.00,0.00,0.00,0.00,0.00,777.96
,April,12023.17,30-APR-17:01,6689.09,14901.46,12495.33,0.00,0.00,0.00,0.00,0.00,50.36
,May,11594.74,25-MAY-20:34,3344.54,14901.46,12495.33,0.00,0.00,0.00,0.00,0.00,19.35
,June,12097.69,28-JUN-20:40,2508.41,11176.10,9371.50,0.00,0.00,0.00,0.00,0.00,19.49
,July,12187.94,20-JUL-20:24,2090.34,9313.41,7809.58,0.00,0.00,0.00,0.00,0.00,17.59
,August,12564.43,01-AUG-23:21,0.00,262.50,599.39,0.00,0.00,0.00,0.00,0.00,32.92
,September,12068.71,03-SEP-20:05,836.14,3725.37,3123.83,0.00,0.00,0.00,0.00,0.00,22.77
,October,10394.31,03-OCT-22:00,1254.20,5588.05,4685.75,0.00,0.00,0.00,0.00,0.00,21.14
,November,6596.35,17-NOV-09:12,348.39,4901.80,4338.66,0.00,0.00,0.00,0.00,0.00,454.90
,December,9753.29,14-DEC-10:11,1114.85,14901.46,12495.33,0.00,0.00,0.00,0.00,0.00,687.10
,,,,,,,,,,,,
,Annual Sum or Average,,,,,,0.00,0.00,0.00,0.00,,
,Minimum of Months,1551.63,,0.00,262.50,599.39,0.00,0.00,0.00,0.00,0.00,17.59
,Maximum of Months,12564.43,,6689.09,16764.14,14057.25,0.00,0.00,0.00,0.00,0.00,896.90


----------------------------------------------------------------------------------------------------
REPORT:,SpaceGainComponentsAtCoolingPeakMonthly
FOR:,SMSTORE2
Custom Monthly Report

,,ZONE AIR SYSTEM SENSIBLE COOLING RATE {Maximum} [W],ZONE AIR SYSTEM SENSIBLE COOLING RATE {TIMESTAMP},ZONE PEOPLE TOTAL HEATING ENERGY {AT MAX/MIN} [W],ZONE LIGHTS TOTAL HEATING ENERGY {AT MAX/MIN} [W],ZONE ELECTRIC EQUIPMENT TOTAL HEATING ENERGY {AT MAX/MIN} [W],ZONE GAS EQUIPMENT TOTAL HEATING ENERGY [],ZONE HOT WATER EQUIPMENT TOTAL HEATING ENERGY [],ZONE STEAM EQUIPMENT TOTAL HEATING ENERGY [],ZONE OTHER EQUIPMENT TOTAL HEATING ENERGY [],ZONE INFILTRATION SENSIBLE HEAT GAIN ENERGY {AT MAX/MIN} [W],ZONE INFILTRATION SENSIBLE HEAT LOSS ENERGY {AT MAX/MIN} [W]
,January,11706.99,23-JAN-18:02,6271.02,16755.21,14057.25,0.00,0.00,0.00,0.00,0.00,865.27
,February,13488.62,10-FEB-10:31,1393.56,18616.90,15619.17,0.00,0.00,0.00,0.00,0.00,976.35
,March,11278.91,02-MAR-19:01,2508.41,16755.21,14057.25,0.00,0.00,0.00,0.00,0.00,884.11
,April,6566.68,04-APR-13:52,2090.34,9308.45,7809.58,0.00,0.00,0.00,0.00,0.00,3024.14
,May,13874.45,25-MAY-20:22,0.00,225.00,513.76,0.00,0.00,0.00,0.00,0.00,77.29
,June,12115.29,05-JUN-20:31,0.00,262.50,599.39,0.00,0.00,0.00,0.00,0.00,137.68
,July,12241.01,20-JUL-20:22,0.00,187.50,428.13,0.00,0.00,0.00,0.00,0.00,71.44
,August,12799.70,19-AUG-18:10,0.00,489.92,428.13,0.00,0.00,0.00,0.00,0.00,113.93
,September,11593.26,03-SEP-19:25,0.00,75.00,171.25,0.00,0.00,0.00,0.00,0.00,84.85
,October,9149.37,04-OCT-22:02,0.00,225.00,513.76,0.00,0.00,0.00,0.00,0.00,86.64
,November,7622.61,16-NOV-08:52,418.07,5879.02,5206.39,0.00,0.00,0.00,0.00,0.00,586.88
,December,10341.76,14-DEC-20:51,557.42,7838.69,6941.85,0.00,0.00,0.00,0.00,0.00,88.89
,,,,,,,,,,,,
,Annual Sum or Average,,,,,,0.00,0.00,0.00,0.00,,
,Minimum of Months,6566.68,,0.00,75.00,171.25,0.00,0.00,0.00,0.00,0.00,71.44
,Maximum of Months,13874.45,,6271.02,18616.90,15619.17,0.00,0.00,0.00,0.00,0.00,3024.14


----------------------------------------------------------------------------------------------------
REPORT:,SpaceGainComponentsAtCoolingPeakMonthly
FOR:,SMSTORE3
Custom Monthly Report

,,ZONE AIR SYSTEM SENSIBLE COOLING RATE {Maximum} [W],ZONE AIR SYSTEM SENSIBLE COOLING RATE {TIMESTAMP},ZONE PEOPLE TOTAL HEATING ENERGY {AT MAX/MIN} [W],ZONE LIGHTS TOTAL HEATING ENERGY {AT MAX/MIN} [W],ZONE ELECTRIC EQUIPMENT TOTAL HEATING ENERGY {AT MAX/MIN} [W],ZONE GAS EQUIPMENT TOTAL HEATING ENERGY [],ZONE HOT WATER EQUIPMENT TOTAL HEATING ENERGY [],ZONE STEAM EQUIPMENT TOTAL HEATING ENERGY [],ZONE OTHER EQUIPMENT TOTAL HEATING ENERGY [],ZONE INFILTRATION SENSIBLE HEAT GAIN ENERGY {AT MAX/MIN} [W],ZONE INFILTRATION SENSIBLE HEAT LOSS ENERGY {AT MAX/MIN} [W]
,January,11753.92,12-JAN-10:11,1254.20,16755.21,14057.25,0.00,0.00,0.00,0.00,0.00,1067.65
,February,12885.74,06-FEB-10:41,1393.56,18616.90,15619.17,0.00,0.00,0.00,0.00,0.00,860.96
,March,10519.20,03-MAR-19:21,2229.70,14893.52,12495.33,0.00,0.00,0.00,0.00,0.00,806.03
,April,6331.30,19-APR-07:42,348.39,4899.18,4338.66,0.00,0.00,0.00,0.00,0.00,462.80
,May,13876.07,25-MAY-20:22,0.00,225.00,513.76,0.00,0.00,0.00,0.00,0.00,76.99
,June,12245.69,28-JUN-20:41,0.00,262.50,599.39,0.00,0.00,0.00,0.00,0.00,82.43
,July,13251.13,15-JUL-19:01,0.00,300.00,685.01,0.00,0.00,0.00,0.00,0.00,33.66
,August,12535.35,19-AUG-18:10,0.00,489.92,428.13,0.00,0.00,0.00,0.00,0.00,113.90
,September,13304.78,03-SEP-17:10,0.00,489.92,428.13,0.00,0.00,0.00,0.00,0.00,141.43
,October,9936.76,03-OCT-21:05,0.00,75.00,171.25,0.00,0.00,0.00,0.00,0.00,89.96
,November,6283.79,16-NOV-12:24,1393.56,9308.45,7809.58,0.00,0.00,0.00,0.00,0.00,2877.36
,December,9138.98,30-DEC-18:31,487.75,6858.86,6074.12,0.00,0.00,0.00,0.00,0.00,624.80
,,,,,,,,,,,,
,Annual Sum or Average,,,,,,0.00,0.00,0.00,0.00,,
,Minimum of Months,6283.79,,0.00,75.00,171.25,0.00,0.00,0.00,0.00,0.00,33.66
,Maximum of Months,13876.07,,2229.70,18616.90,15619.17,0.00,0.00,0.00,0.00,0.00,2877.36


----------------------------------------------------------------------------------------------------
REPORT:,SpaceGainComponentsAtCoolingPeakMonthly
FOR:,SMSTORE4
Custom Monthly Report

,,ZONE AIR SYSTEM SENSIBLE COOLING RATE {Maximum} [W],ZONE AIR SYSTEM SENSIBLE COOLING RATE {TIMESTAMP},ZONE PEOPLE TOTAL HEATING ENERGY {AT MAX/MIN} [W],ZONE LIGHTS TOTAL HEATING ENERGY {AT MAX/MIN} [W],ZONE ELECTRIC EQUIPMENT TOTAL HEATING ENERGY {AT MAX/MIN} [W],ZONE GAS EQUIPMENT TOTAL HEATING ENERGY [],ZONE HOT WATER EQUIPMENT TOTAL HEATING ENERGY [],ZONE STEAM EQUIPMENT TOTAL HEATING ENERGY [],ZONE OTHER EQUIPMENT TOTAL HEATING ENERGY [],ZONE INFILTRATION SENSIBLE HEAT GAIN ENERGY {AT MAX/MIN} [W],ZONE INFILTRATION SENSIBLE HEAT LOSS ENERGY {AT MAX/MIN} [W]
,January,11753.95,30-JAN-10:37,1254.20,16755.21,14057.25,0.00,0.00,0.00,0.00,0.00,866.06
,February,12814.05,06-FEB-10:51,1393.56,18616.90,15619.17,0.00,0.00,0.00,0.00,0.00,853.06
,March,10498.99,07-MAR-09:28,1114.85,14893.52,12495.33,0.00,0.00,0.00,0.00,0.00,708.59
,April,6299.00,04-APR-16:02,3483.90,9308.45,7809.58,0.00,0.00,0.00,0.00,0.00,2852.66
,May,13195.65,25-MAY-20:38,0.00,300.00,685.01,0.00,0.00,0.00,0.00,0.00,80.14
,June,11585.53,12-JUN-22:43,0.00,112.50,256.88,0.00,0.00,0.00,0.00,0.00,49.72
,July,13403.08,30-JUL-17:10,0.00,489.92,428.13,0.00,0.00,0.00,0.00,0.00,18.13
,August,13040.71,06-AUG-23:21,0.00,300.00,685.01,0.00,0.00,0.00,0.00,0.00,40.90
,September,13193.32,03-SEP-17:10,0.00,489.92,428.13,0.00,0.00,0.00,0.00,0.00,141.42
,October,10268.96,04-OCT-22:08,0.00,225.00,513.76,0.00,0.00,0.00,0.00,0.00,89.08
,November,5209.96,04-NOV-07:03,209.03,112.50,2603.19,0.00,0.00,0.00,0.00,0.00,357.55
,December,10576.30,21-DEC-18:51,5574.24,14893.52,12495.33,0.00,0.00,0.00,0.00,0.00,842.52
,,,,,,,,,,,,
,Annual Sum or Average,,,,,,0.00,0.00,0.00,0.00,,
,Minimum of Months,5209.96,,0.00,112.50,256.88,0.00,0.00,0.00,0.00,0.00,18.13
,Maximum of Months,13403.08,,5574.24,18616.90,15619.17,0.00,0.00,0.00,0.00,0.00,2852.66


----------------------------------------------------------------------------------------------------
REPORT:,SpaceGainComponentsAtCoolingPeakMonthly
FOR:,LGSTORE2
Custom Monthly Report

,,ZONE AIR SYSTEM SENSIBLE COOLING RATE {Maximum} [W],ZONE AIR SYSTEM SENSIBLE COOLING RATE {TIMESTAMP},ZONE PEOPLE TOTAL HEATING ENERGY {AT MAX/MIN} [W],ZONE LIGHTS TOTAL HEATING ENERGY {AT MAX/MIN} [W],ZONE ELECTRIC EQUIPMENT TOTAL HEATING ENERGY {AT MAX/MIN} [W],ZONE GAS EQUIPMENT TOTAL HEATING ENERGY [],ZONE HOT WATER EQUIPMENT TOTAL HEATING ENERGY [],ZONE STEAM EQUIPMENT TOTAL HEATING ENERGY [],ZONE OTHER EQUIPMENT TOTAL HEATING ENERGY [],ZONE INFILTRATION SENSIBLE HEAT GAIN ENERGY {AT MAX/MIN} [W],ZONE INFILTRATION SENSIBLE HEAT LOSS ENERGY {AT MAX/MIN} [W]
,January,22795.97,24-JAN-19:37,6521.86,33236.69,28114.50,0.00,0.00,0.00,0.00,0.00,1350.17
,February,25641.14,07-FEB-11:46,11984.62,36929.66,31238.34,0.00,0.00,0.00,0.00,0.00,2141.76
,March,6741.69,30-MAR-17:10,947.62,3692.97,3123.83,0.00,0.00,0.00,0.00,0.00,437.45
,April,12634.72,06-APR-08:22,1532.92,9718.31,8677.32,0.00,0.00,0.00,0.00,0.00,876.74
,May,26934.40,25-MAY-20:39,0.00,600.00,1370.03,0.00,0.00,0.00,0.00,0.00,160.30
,June,23261.19,28-JUN-20:50,0.00,525.00,1198.77,0.00,0.00,0.00,0.00,0.00,166.60
,July,26235.40,15-JUL-19:01,0.00,600.00,1370.03,0.00,0.00,0.00,0.00,0.00,67.34
,August,24542.75,19-AUG-18:10,0.00,971.79,856.27,0.00,0.00,0.00,0.00,0.00,211.46
,September,25704.70,03-SEP-17:10,0.00,971.79,856.27,0.00,0.00,0.00,0.00,0.00,264.44
,October,18778.51,04-OCT-22:02,0.00,450.00,1027.52,0.00,0.00,0.00,0.00,0.00,178.13
,November,8805.90,02-NOV-08:62,1226.33,300.00,6941.85,0.00,0.00,0.00,0.00,0.00,579.15
,December,23379.60,16-DEC-11:27,14548.77,33236.69,28114.50,0.00,0.00,0.00,0.00,0.00,1545.16
,,,,,,,,,,,,
,Annual Sum or Average,,,,,,0.00,0.00,0.00,0.00,,
,Minimum of Months,6741.69,,0.00,300.00,856.27,0.00,0.00,0.00,0.00,0.00,67.34
,Maximum of Months,26934.40,,14548.77,36929.66,31238.34,0.00,0.00,0.00,0.00,0.00,2141.76


----------------------------------------------------------------------------------------------------
REPORT:,SpaceGainComponentsAtCoolingPeakMonthly
FOR:,SMSTORE5
Custom Monthly Report

,,ZONE AIR SYSTEM SENSIBLE COOLING RATE {Maximum} [W],ZONE AIR SYSTEM SENSIBLE COOLING RATE {TIMESTAMP},ZONE PEOPLE TOTAL HEATING ENERGY {AT MAX/MIN} [W],ZONE LIGHTS TOTAL HEATING ENERGY {AT MAX/MIN} [W],ZONE ELECTRIC EQUIPMENT TOTAL HEATING ENERGY {AT MAX/MIN} [W],ZONE GAS EQUIPMENT TOTAL HEATING ENERGY [],ZONE HOT WATER EQUIPMENT TOTAL HEATING ENERGY [],ZONE STEAM EQUIPMENT TOTAL HEATING ENERGY [],ZONE OTHER EQUIPMENT TOTAL HEATING ENERGY [],ZONE INFILTRATION SENSIBLE HEAT GAIN ENERGY {AT MAX/MIN} [W],ZONE INFILTRATION SENSIBLE HEAT LOSS ENERGY {AT MAX/MIN} [W]
,January,11784.71,31-JAN-11:47,5393.08,16755.21,14057.25,0.00,0.00,0.00,0.00,0.00,856.31
,February,11359.53,02-FEB-20:41,1379.62,8818.53,7809.58,0.00,0.00,0.00,0.00,0.00,46.09
,March,9468.59,12-MAR-10:43,1226.33,14893.52,12495.33,0.00,0.00,0.00,0.00,0.00,731.23
,April,6492.91,03-APR-08:12,766.46,4899.18,4338.66,0.00,0.00,0.00,0.00,0.00,473.34
,May,13559.14,25-MAY-20:31,0.00,300.00,685.01,0.00,0.00,0.00,0.00,0.00,79.05
,June,11814.27,28-JUN-20:41,0.00,262.50,599.39,0.00,0.00,0.00,0.00,0.00,82.00
,July,12039.12,15-JUL-18:10,0.00,489.92,428.13,0.00,0.00,0.00,0.00,0.00,81.04
,August,12637.97,19-AUG-18:10,0.00,489.92,428.13,0.00,0.00,0.00,0.00,0.00,113.93
,September,13289.19,03-SEP-17:10,0.00,489.92,428.13,0.00,0.00,0.00,0.00,0.00,141.45
,October,9194.85,04-OCT-22:02,0.00,225.00,513.76,0.00,0.00,0.00,0.00,0.00,89.04
,November,6762.94,17-NOV-10:00,919.75,5879.02,5206.39,0.00,0.00,0.00,0.00,0.00,459.41
,December,11679.21,16-DEC-11:41,7274.38,16755.21,14057.25,0.00,0.00,0.00,0.00,0.00,848.40
,,,,,,,,,,,,
,Annual Sum or Average,,,,,,0.00,0.00,0.00,0.00,,
,Minimum of Months,6492.91,,0.00,225.00,428.13,0.00,0.00,0.00,0.00,0.00,46.09
,Maximum of Months,13559.14,,7274.38,16755.21,14057.25,0.00,0.00,0.00,0.00,0.00,856.31


----------------------------------------------------------------------------------------------------
REPORT:,SpaceGainComponentsAtCoolingPeakMonthly
FOR:,SMSTORE6
Custom Monthly Report

,,ZONE AIR SYSTEM SENSIBLE COOLING RATE {Maximum} [W],ZONE AIR SYSTEM SENSIBLE COOLING RATE {TIMESTAMP},ZONE PEOPLE TOTAL HEATING ENERGY {AT MAX/MIN} [W],ZONE LIGHTS TOTAL HEATING ENERGY {AT MAX/MIN} [W],ZONE ELECTRIC EQUIPMENT TOTAL HEATING ENERGY {AT MAX/MIN} [W],ZONE GAS EQUIPMENT TOTAL HEATING ENERGY [],ZONE HOT WATER EQUIPMENT TOTAL HEATING ENERGY [],ZONE STEAM EQUIPMENT TOTAL HEATING ENERGY [],ZONE OTHER EQUIPMENT TOTAL HEATING ENERGY [],ZONE INFILTRATION SENSIBLE HEAT GAIN ENERGY {AT MAX/MIN} [W],ZONE INFILTRATION SENSIBLE HEAT LOSS ENERGY {AT MAX/MIN} [W]
,January,11577.20,24-JAN-10:47,1379.62,16755.21,14057.25,0.00,0.00,0.00,0.00,0.00,859.18
,February,10728.07,08-FEB-19:11,2898.60,14893.52,12495.33,0.00,0.00,0.00,0.00,0.00,684.15
,March,10615.08,13-MAR-19:51,1226.33,7838.69,6941.85,0.00,0.00,0.00,0.00,0.00,236.54
,April,6293.53,03-APR-14:52,4807.78,9308.45,7809.58,0.00,0.00,0.00,0.00,0.00,2890.14
,May,13348.27,25-MAY-20:39,0.00,300.00,685.01,0.00,0.00,0.00,0.00,0.00,80.14
,June,11481.70,28-JUN-20:56,0.00,262.50,599.39,0.00,0.00,0.00,0.00,0.00,83.75
,July,13387.66,30-JUL-17:10,0.00,489.92,428.13,0.00,0.00,0.00,0.00,0.00,18.15
,August,12504.65,19-AUG-18:10,0.00,489.92,428.13,0.00,0.00,0.00,0.00,0.00,113.92
,September,13114.69,03-SEP-17:10,0.00,489.92,428.13,0.00,0.00,0.00,0.00,0.00,141.43
,October,8760.64,04-OCT-21:12,0.00,225.00,513.76,0.00,0.00,0.00,0.00,0.00,88.29
,November,7478.74,16-NOV-09:12,919.75,5879.02,5206.39,0.00,0.00,0.00,0.00,0.00,575.57
,December,11362.23,21-DEC-11:27,5393.08,16755.21,14057.25,0.00,0.00,0.00,0.00,0.00,844.92
,,,,,,,,,,,,
,Annual Sum or Average,,,,,,0.00,0.00,0.00,0.00,,
,Minimum of Months,6293.53,,0.00,225.00,428.13,0.00,0.00,0.00,0.00,0.00,18.15
,Maximum of Months,13387.66,,5393.08,16755.21,14057.25,0.00,0.00,0.00,0.00,0.00,2890.14


----------------------------------------------------------------------------------------------------
REPORT:,SpaceGainComponentsAtCoolingPeakMonthly
FOR:,SMSTORE7
Custom Monthly Report

,,ZONE AIR SYSTEM SENSIBLE COOLING RATE {Maximum} [W],ZONE AIR SYSTEM SENSIBLE COOLING RATE {TIMESTAMP},ZONE PEOPLE TOTAL HEATING ENERGY {AT MAX/MIN} [W],ZONE LIGHTS TOTAL HEATING ENERGY {AT MAX/MIN} [W],ZONE ELECTRIC EQUIPMENT TOTAL HEATING ENERGY {AT MAX/MIN} [W],ZONE GAS EQUIPMENT TOTAL HEATING ENERGY [],ZONE HOT WATER EQUIPMENT TOTAL HEATING ENERGY [],ZONE STEAM EQUIPMENT TOTAL HEATING ENERGY [],ZONE OTHER EQUIPMENT TOTAL HEATING ENERGY [],ZONE INFILTRATION SENSIBLE HEAT GAIN ENERGY {AT MAX/MIN} [W],ZONE INFILTRATION SENSIBLE HEAT LOSS ENERGY {AT MAX/MIN} [W]
,January,10866.61,05-JAN-20:11,1226.33,7838.69,6941.85,0.00,0.00,0.00,0.00,0.00,67.75
,February,11173.09,24-FEB-20:01,1379.62,8818.53,7809.58,0.00,0.00,0.00,0.00,0.00,45.69
,March,11054.24,02-MAR-18:11,4264.29,16755.21,14057.25,0.00,0.00,0.00,0.00,0.00,872.48
,April,6312.67,03-APR-08:42,919.75,5879.02,5206.39,0.00,0.00,0.00,0.00,0.00,463.82
,May,10661.44,24-MAY-20:42,0.00,225.00,513.76,0.00,0.00,0.00,0.00,0.00,66.48
,June,11715.46,18-JUN-20:40,0.00,262.50,599.39,0.00,0.00,0.00,0.00,0.00,43.28
,July,13401.30,22-JUL-21:17,0.00,300.00,685.01,0.00,0.00,0.00,0.00,0.00,39.34
,August,12274.20,06-AUG-23:21,0.00,300.00,685.01,0.00,0.00,0.00,0.00,0.00,40.89
,September,12814.95,03-SEP-17:10,0.00,489.92,428.13,0.00,0.00,0.00,0.00,0.00,141.40
,October,9239.06,04-OCT-22:02,0.00,225.00,513.76,0.00,0.00,0.00,0.00,0.00,89.05
,November,9704.74,26-NOV-11:08,1226.33,14893.52,12495.33,0.00,0.00,0.00,0.00,0.00,757.23
,December,9465.22,22-DEC-18:31,3790.48,14893.52,12495.33,0.00,0.00,0.00,0.00,0.00,735.48
,,,,,,,,,,,,
,Annual Sum or Average,,,,,,0.00,0.00,0.00,0.00,,
,Minimum of Months,6312.67,,0.00,225.00,428.13,0.00,0.00,0.00,0.00,0.00,39.34
,Maximum of Months,13401.30,,4264.29,16755.21,14057.25,0.00,0.00,0.00,0.00,0.00,872.48


----------------------------------------------------------------------------------------------------
REPORT:,SpaceGainComponentsAtCoolingPeakMonthly
FOR:,SMSTORE8
Custom Monthly Report

,,ZONE AIR SYSTEM SENSIBLE COOLING RATE {Maximum} [W],ZONE AIR SYSTEM SENSIBLE COOLING RATE {TIMESTAMP},ZONE PEOPLE TOTAL HEATING ENERGY {AT MAX/MIN} [W],ZONE LIGHTS TOTAL HEATING ENERGY {AT MAX/MIN} [W],ZONE ELECTRIC EQUIPMENT TOTAL HEATING ENERGY {AT MAX/MIN} [W],ZONE GAS EQUIPMENT TOTAL HEATING ENERGY [],ZONE HOT WATER EQUIPMENT TOTAL HEATING ENERGY [],ZONE STEAM EQUIPMENT TOTAL HEATING ENERGY [],ZONE OTHER EQUIPMENT TOTAL HEATING ENERGY [],ZONE INFILTRATION SENSIBLE HEAT GAIN ENERGY {AT MAX/MIN} [W],ZONE INFILTRATION SENSIBLE HEAT LOSS ENERGY {AT MAX/MIN} [W]
,January,664.73,15-JAN-12:00,153.29,1861.69,1561.92,0.00,0.00,0.00,0.00,0.00,588.02
,February,7273.80,22-FEB-11:42,3595.38,11170.14,9371.50,0.00,0.00,0.00,0.00,0.00,746.34
,March,9015.55,07-MAR-18:11,3316.67,13031.83,10933.42,0.00,0.00,0.00,0.00,0.00,729.80
,April,6584.04,06-APR-09:52,766.46,9308.45,7809.58,0.00,0.00,0.00,0.00,0.00,634.27
,May,4752.41,31-MAY-13:00,989.43,1861.69,1561.92,0.00,0.00,0.00,0.00,572.06,0.00
,June,11118.85,12-JUN-20:41,0.00,262.50,599.39,0.00,0.00,0.00,0.00,0.00,12.25
,July,12700.70,02-JUL-17:10,0.00,293.95,256.88,0.00,0.00,0.00,0.00,570.22,0.00
,August,12165.97,01-AUG-21:29,0.00,262.50,599.39,0.00,0.00,0.00,0.00,0.00,72.43
,September,11937.30,03-SEP-17:10,0.00,489.92,428.13,0.00,0.00,0.00,0.00,0.00,220.06
,October,8911.74,04-OCT-20:32,0.00,187.50,428.13,0.00,0.00,0.00,0.00,0.00,208.80
,November,6359.62,14-NOV-10:42,766.46,9308.45,7809.58,0.00,0.00,0.00,0.00,0.00,673.45
,December,7676.81,28-DEC-19:32,2173.95,11170.14,9371.50,0.00,0.00,0.00,0.00,0.00,574.23
,,,,,,,,,,,,
,Annual Sum or Average,,,,,,0.00,0.00,0.00,0.00,,
,Minimum of Months,664.73,,0.00,187.50,256.88,0.00,0.00,0.00,0.00,0.00,0.00
,Maximum of Months,12700.70,,3595.38,13031.83,10933.42,0.00,0.00,0.00,0.00,572.06,746.34


----------------------------------------------------------------------------------------------------
REPORT:,EnergyConsumptionElectricityNaturalGasMonthly
FOR:,Meter
Custom Monthly Report

,,ELECTRICITY:FACILITY [J],ELECTRICITY:FACILITY {Maximum} [W],ELECTRICITY:FACILITY {TIMESTAMP},NATURALGAS:FACILITY [J],NATURALGAS:FACILITY {Maximum} [W],NATURALGAS:FACILITY {TIMESTAMP}
,January,0.739438E+11,64048.69,03-JAN-17:49,0.271929E+12,319367.49,31-JAN-17:00
,February,0.665425E+11,64249.28,10-FEB-18:40,0.271847E+12,382741.49,01-FEB-17:00
,March,0.725879E+11,64557.47,08-MAR-18:10,0.174776E+12,298613.22,03-MAR-12:09
,April,0.677324E+11,61514.39,06-APR-18:49,0.825905E+11,169563.88,04-APR-08:09
,May,0.719543E+11,75746.40,31-MAY-13:20,0.128205E+11,85811.92,09-MAY-08:09
,June,0.782681E+11,82990.45,17-JUN-14:50,109326.15,182.21,21-JUN-08:30
,July,0.916294E+11,96778.43,03-JUL-13:00,0.00,0.00,01-JUL-00:10
,August,0.872558E+11,83919.79,09-AUG-12:30,0.00,0.00,01-AUG-00:10
,September,0.752075E+11,76540.80,13-SEP-14:20,0.228302E+10,41350.72,18-SEP-08:09
,October,0.719427E+11,67200.89,04-OCT-15:50,0.358445E+11,122342.88,26-OCT-11:09
,November,0.701166E+11,61059.52,27-NOV-18:40,0.133429E+12,245266.70,26-NOV-17:00
,December,0.736220E+11,60287.31,30-DEC-16:49,0.240588E+12,327211.85,18-DEC-17:00
,,,,,,,
,Annual Sum or Average,0.900803E+12,,,0.122611E+13,,
,Minimum of Months,0.665425E+11,60287.31,,0.00,0.00,
,Maximum of Months,0.916294E+11,96778.43,,0.271929E+12,382741.49,


----------------------------------------------------------------------------------------------------
REPORT:,EndUseEnergyConsumptionElectricityMonthly
FOR:,Meter
Custom Monthly Report

,,INTERIORLIGHTS:ELECTRICITY [J],EXTERIORLIGHTS:ELECTRICITY [J],INTERIOREQUIPMENT:ELECTRICITY [J],EXTERIOREQUIPMENT:ELECTRICITY [],FANS:ELECTRICITY [J],PUMPS:ELECTRICITY [],HEATING:ELECTRICITY [J],COOLING:ELECTRICITY [J],HEATREJECTION:ELECTRICITY [],HUMIDIFIER:ELECTRICITY [],HEATRECOVERY:ELECTRICITY [],WATERSYSTEMS:ELECTRICITY [J],COGENERATION:ELECTRICITY []
,January,0.285693E+11,0.682956E+10,0.251917E+11,0.00,0.765484E+10,0.00,0.00,0.00,0.00,0.00,0.00,0.569838E+10,0.00
,February,0.258639E+11,0.554424E+10,0.228093E+11,0.00,0.714674E+10,0.00,0.00,0.00,0.00,0.00,0.00,0.517827E+10,0.00
,March,0.290498E+11,0.527657E+10,0.255987E+11,0.00,0.691047E+10,0.00,0.00,0.00,0.00,0.00,0.00,0.575231E+10,0.00
,April,0.277142E+11,0.423575E+10,0.244370E+11,0.00,0.586199E+10,0.00,0.00,19048055.66,0.00,0.00,0.00,0.546441E+10,0.00
,May,0.288053E+11,0.365953E+10,0.253830E+11,0.00,0.548095E+10,0.00,0.00,0.309386E+10,0.00,0.00,0.00,0.553162E+10,0.00
,June,0.280692E+11,0.323285E+10,0.247408E+11,0.00,0.538627E+10,0.00,0.00,0.115937E+11,0.00,0.00,0.00,0.524517E+10,0.00
,July,0.284587E+11,0.343030E+10,0.251035E+11,0.00,0.585570E+10,0.00,0.00,0.234808E+11,0.00,0.00,0.00,0.530030E+10,0.00
,August,0.290418E+11,0.403418E+10,0.255828E+11,0.00,0.569979E+10,0.00,0.00,0.175718E+11,0.00,0.00,0.00,0.532539E+10,0.00
,September,0.277221E+11,0.473138E+10,0.244529E+11,0.00,0.530638E+10,0.00,0.00,0.782917E+10,0.00,0.00,0.00,0.516559E+10,0.00
,October,0.285693E+11,0.578212E+10,0.251917E+11,0.00,0.562073E+10,0.00,0.00,0.134421E+10,0.00,0.00,0.00,0.543460E+10,0.00
,November,0.276894E+11,0.637028E+10,0.244136E+11,0.00,0.627496E+10,0.00,0.00,0.00,0.00,0.00,0.00,0.536848E+10,0.00
,December,0.284671E+11,0.703773E+10,0.251279E+11,0.00,0.735987E+10,0.00,0.00,0.00,0.00,0.00,0.00,0.562937E+10,0.00
,,,,,,,,,,,,,,
,Annual Sum or Average,0.338020E+12,0.601645E+11,0.298033E+12,0.00,0.745587E+11,0.00,0.00,0.649327E+11,0.00,0.00,0.00,0.650939E+11,0.00
,Minimum of Months,0.258639E+11,0.323285E+10,0.228093E+11,0.00,0.530638E+10,0.00,0.00,0.00,0.00,0.00,0.00,0.516559E+10,0.00
,Maximum of Months,0.290498E+11,0.703773E+10,0.255987E+11,0.00,0.765484E+10,0.00,0.00,0.234808E+11,0.00,0.00,0.00,0.575231E+10,0.00


----------------------------------------------------------------------------------------------------
REPORT:,EndUseEnergyConsumptionNaturalGasMonthly
FOR:,Meter
Custom Monthly Report

,,INTERIOREQUIPMENT:NATURALGAS [],EXTERIOREQUIPMENT:NATURALGAS [],HEATING:NATURALGAS [J],COOLING:NATURALGAS [],WATERSYSTEMS:NATURALGAS [],COGENERATION:NATURALGAS [],HUMIDIFIER:NATURALGAS []
,January,0.00,0.00,0.271929E+12,0.00,0.00,0.00,0.00
,February,0.00,0.00,0.271847E+12,0.00,0.00,0.00,0.00
,March,0.00,0.00,0.174776E+12,0.00,0.00,0.00,0.00
,April,0.00,0.00,0.825905E+11,0.00,0.00,0.00,0.00
,May,0.00,0.00,0.128205E+11,0.00,0.00,0.00,0.00
,June,0.00,0.00,109326.15,0.00,0.00,0.00,0.00
,July,0.00,0.00,0.00,0.00,0.00,0.00,0.00
,August,0.00,0.00,0.00,0.00,0.00,0.00,0.00
,September,0.00,0.00,0.228302E+10,0.00,0.00,0.00,0.00
,October,0.00,0.00,0.358445E+11,0.00,0.00,0.00,0.00
,November,0.00,0.00,0.133429E+12,0.00,0.00,0.00,0.00
,December,0.00,0.00,0.240588E+12,0.00,0.00,0.00,0.00
,,,,,,,,
,Annual Sum or Average,0.00,0.00,0.122611E+13,0.00,0.00,0.00,0.00
,Minimum of Months,0.00,0.00,0.00,0.00,0.00,0.00,0.00
,Maximum of Months,0.00,0.00,0.271929E+12,0.00,0.00,0.00,0.00


----------------------------------------------------------------------------------------------------
REPORT:,PeakEnergyEndUseElectricityPart1Monthly
FOR:,Meter
Custom Monthly Report

,,INTERIORLIGHTS:ELECTRICITY {Maximum} [W],INTERIORLIGHTS:ELECTRICITY {TIMESTAMP},EXTERIORLIGHTS:ELECTRICITY {Maximum} [W],EXTERIORLIGHTS:ELECTRICITY {TIMESTAMP},INTERIOREQUIPMENT:ELECTRICITY {Maximum} [W],INTERIOREQUIPMENT:ELECTRICITY {TIMESTAMP},EXTERIOREQUIPMENT:ELECTRICITY [],FANS:ELECTRICITY {Maximum} [W],FANS:ELECTRICITY {TIMESTAMP},PUMPS:ELECTRICITY [],HEATING:ELECTRICITY {Maximum} [W],HEATING:ELECTRICITY {TIMESTAMP}
,January,22282.43,01-JAN-11:09,5507.06,01-JAN-06:10,18743.00,01-JAN-11:09,0.00,6210.19,31-JAN-17:00,0.00,0.00,01-JAN-00:10
,February,22282.43,01-FEB-10:09,5507.06,01-FEB-06:10,18743.00,01-FEB-10:09,0.00,6713.23,01-FEB-17:00,0.00,0.00,01-FEB-00:10
,March,22282.43,01-MAR-10:09,5507.06,01-MAR-06:10,18743.00,01-MAR-10:09,0.00,6045.40,03-MAR-12:09,0.00,0.00,01-MAR-00:10
,April,22282.43,01-APR-09:09,5507.06,01-APR-05:10,18743.00,01-APR-09:09,0.00,5021.08,04-APR-08:09,0.00,0.00,01-APR-00:10
,May,22282.43,01-MAY-09:09,5507.06,01-MAY-05:10,18743.00,01-MAY-09:09,0.00,4356.55,09-MAY-08:09,0.00,0.00,01-MAY-00:10
,June,22282.43,01-JUN-09:09,5507.06,01-JUN-19:49,18743.00,01-JUN-09:09,0.00,5004.01,17-JUN-13:00,0.00,0.00,01-JUN-00:10
,July,22282.43,01-JUL-09:09,5507.06,01-JUL-19:00,18743.00,01-JUL-09:09,0.00,7259.34,03-JUL-13:00,0.00,0.00,01-JUL-00:10
,August,22282.43,01-AUG-09:09,5507.06,01-AUG-19:40,18743.00,01-AUG-09:09,0.00,5333.13,09-AUG-12:00,0.00,0.00,01-AUG-00:10
,September,22282.43,01-SEP-09:09,5507.06,01-SEP-05:10,18743.00,01-SEP-09:09,0.00,4289.44,02-SEP-13:00,0.00,0.00,01-SEP-00:10
,October,22282.43,01-OCT-10:09,5507.06,01-OCT-05:10,18743.00,01-OCT-10:09,0.00,4646.60,26-OCT-11:09,0.00,0.00,01-OCT-00:10
,November,22282.43,01-NOV-09:09,5507.06,01-NOV-05:10,18743.00,01-NOV-09:09,0.00,5622.69,26-NOV-17:00,0.00,0.00,01-NOV-00:10
,December,22282.43,01-DEC-10:09,5507.06,01-DEC-06:10,18743.00,01-DEC-10:09,0.00,6272.43,18-DEC-17:00,0.00,0.00,01-DEC-00:10
,,,,,,,,,,,,,
,Annual Sum or Average,,,,,,,0.00,,,0.00,,
,Minimum of Months,22282.43,,5507.06,,18743.00,,0.00,4289.44,,0.00,0.00,
,Maximum of Months,22282.43,,5507.06,,18743.00,,0.00,7259.34,,0.00,0.00,


----------------------------------------------------------------------------------------------------
REPORT:,PeakEnergyEndUseElectricityPart2Monthly
FOR:,Meter
Custom Monthly Report

,,COOLING:ELECTRICITY {Maximum} [W],COOLING:ELECTRICITY {TIMESTAMP},HEATREJECTION:ELECTRICITY [],HUMIDIFIER:ELECTRICITY [],HEATRECOVERY:ELECTRICITY [],WATERSYSTEMS:ELECTRICITY {Maximum} [W],WATERSYSTEMS:ELECTRICITY {TIMESTAMP},COGENERATION:ELECTRICITY []
,January,0.00,01-JAN-00:10,0.00,0.00,0.00,15814.10,01-JAN-07:30,0.00
,February,0.00,01-FEB-00:10,0.00,0.00,0.00,14006.64,04-FEB-13:09,0.00
,March,0.00,01-MAR-00:10,0.00,0.00,0.00,16060.43,21-MAR-16:40,0.00
,April,2128.29,30-APR-15:00,0.00,0.00,0.00,13949.35,10-APR-14:50,0.00
,May,23472.77,31-MAY-12:30,0.00,0.00,0.00,11849.55,18-MAY-12:30,0.00
,June,30659.49,17-JUN-13:00,0.00,0.00,0.00,9709.12,19-JUN-12:30,0.00
,July,43036.95,03-JUL-13:00,0.00,0.00,0.00,8664.88,06-JUL-16:10,0.00
,August,33241.49,09-AUG-12:00,0.00,0.00,0.00,9667.25,21-AUG-14:30,0.00
,September,27256.35,02-SEP-13:00,0.00,0.00,0.00,8729.91,15-SEP-18:49,0.00
,October,17270.12,04-OCT-14:00,0.00,0.00,0.00,9713.74,18-OCT-12:30,0.00
,November,0.00,01-NOV-00:10,0.00,0.00,0.00,9685.02,27-NOV-18:40,0.00
,December,0.00,01-DEC-00:10,0.00,0.00,0.00,10482.41,27-DEC-13:20,0.00
,,,,,,,,,
,Annual Sum or Average,,,0.00,0.00,0.00,,,0.00
,Minimum of Months,0.00,,0.00,0.00,0.00,8664.88,,0.00
,Maximum of Months,43036.95,,0.00,0.00,0.00,16060.43,,0.00


----------------------------------------------------------------------------------------------------
REPORT:,ElectricComponentsOfPeakDemandMonthly
FOR:,Meter
Custom Monthly Report

,,ELECTRICITY:FACILITY {Maximum} [W],ELECTRICITY:FACILITY {TIMESTAMP},INTERIORLIGHTS:ELECTRICITY {AT MAX/MIN} [W],INTERIOREQUIPMENT:ELECTRICITY {AT MAX/MIN} [W],EXTERIORLIGHTS:ELECTRICITY {AT MAX/MIN} [W],EXTERIOREQUIPMENT:ELECTRICITY [],FANS:ELECTRICITY {AT MAX/MIN} [W],PUMPS:ELECTRICITY [],HEATING:ELECTRICITY {AT MAX/MIN} [W],COOLING:ELECTRICITY {AT MAX/MIN} [W],HEATREJECTION:ELECTRICITY []
,January,64048.69,03-JAN-17:49,22282.43,18743.00,5507.06,0.00,5704.58,0.00,0.00,0.00,0.00
,February,64249.28,10-FEB-18:40,22282.43,18743.00,5507.06,0.00,5896.39,0.00,0.00,0.00,0.00
,March,64557.47,08-MAR-18:10,22282.43,18743.00,5507.06,0.00,4259.43,0.00,0.00,0.00,0.00
,April,61514.39,06-APR-18:49,22282.43,18743.00,5507.06,0.00,4521.71,0.00,0.00,0.00,0.00
,May,75746.40,31-MAY-13:20,22282.43,18743.00,0.00,0.00,3675.64,0.00,0.00,23113.78,0.00
,June,82990.45,17-JUN-14:50,22282.43,18743.00,0.00,0.00,4800.01,0.00,0.00,29601.20,0.00
,July,96778.43,03-JUL-13:00,22282.43,18743.00,0.00,0.00,7259.34,0.00,0.00,43036.95,0.00
,August,83919.79,09-AUG-12:30,22282.43,18743.00,0.00,0.00,5012.05,0.00,0.00,31491.13,0.00
,September,76540.80,13-SEP-14:20,22282.43,18743.00,0.00,0.00,3964.82,0.00,0.00,26108.87,0.00
,October,67200.89,04-OCT-15:50,22282.43,18743.00,0.00,0.00,3675.64,0.00,0.00,17062.49,0.00
,November,61059.52,27-NOV-18:40,22282.43,18743.00,5507.06,0.00,4842.01,0.00,0.00,0.00,0.00
,December,60287.31,30-DEC-16:49,22282.43,18743.00,5507.06,0.00,5204.71,0.00,0.00,0.00,0.00
,,,,,,,,,,,,
,Annual Sum or Average,,,,,,0.00,,0.00,,,0.00
,Minimum of Months,60287.31,,22282.43,18743.00,0.00,0.00,3675.64,0.00,0.00,0.00,0.00
,Maximum of Months,96778.43,,22282.43,18743.00,5507.06,0.00,7259.34,0.00,0.00,43036.95,0.00


----------------------------------------------------------------------------------------------------
REPORT:,PeakEnergyEndUseNaturalGasMonthly
FOR:,Meter
Custom Monthly Report

,,INTERIOREQUIPMENT:NATURALGAS [],EXTERIOREQUIPMENT:NATURALGAS [],HEATING:NATURALGAS {Maximum} [W],HEATING:NATURALGAS {TIMESTAMP},COOLING:NATURALGAS [],WATERSYSTEMS:NATURALGAS [],COGENERATION:NATURALGAS []
,January,0.00,0.00,319367.49,31-JAN-17:00,0.00,0.00,0.00
,February,0.00,0.00,382741.49,01-FEB-17:00,0.00,0.00,0.00
,March,0.00,0.00,298613.22,03-MAR-12:09,0.00,0.00,0.00
,April,0.00,0.00,169563.88,04-APR-08:09,0.00,0.00,0.00
,May,0.00,0.00,85811.92,09-MAY-08:09,0.00,0.00,0.00
,June,0.00,0.00,182.21,21-JUN-08:30,0.00,0.00,0.00
,July,0.00,0.00,0.00,01-JUL-00:10,0.00,0.00,0.00
,August,0.00,0.00,0.00,01-AUG-00:10,0.00,0.00,0.00
,September,0.00,0.00,41350.72,18-SEP-08:09,0.00,0.00,0.00
,October,0.00,0.00,122342.88,26-OCT-11:09,0.00,0.00,0.00
,November,0.00,0.00,245266.70,26-NOV-17:00,0.00,0.00,0.00
,December,0.00,0.00,327211.85,18-DEC-17:00,0.00,0.00,0.00
,,,,,,,,
,Annual Sum or Average,0.00,0.00,,,0.00,0.00,0.00
,Minimum of Months,0.00,0.00,0.00,,0.00,0.00,0.00
,Maximum of Months,0.00,0.00,382741.49,,0.00,0.00,0.00


----------------------------------------------------------------------------------------------------
REPORT:,SetpointsNotMetWithTemperaturesMonthly
FOR:,LGSTORE1
Custom Monthly Report

,,ZONE HEATING SETPOINT NOT MET TIME {HOURS NON-ZERO} [HOURS],ZONE MEAN AIR TEMPERATURE {FOR HOURS SHOWN} [C],ZONE HEATING SETPOINT NOT MET WHILE OCCUPIED TIME {HOURS NON-ZERO} [HOURS],ZONE MEAN AIR TEMPERATURE {FOR HOURS SHOWN} [C],ZONE COOLING SETPOINT NOT MET TIME {HOURS NON-ZERO} [HOURS],ZONE MEAN AIR TEMPERATURE {FOR HOURS SHOWN} [C],ZONE COOLING SETPOINT NOT MET WHILE OCCUPIED TIME {HOURS NON-ZERO} [HOURS],ZONE MEAN AIR TEMPERATURE {FOR HOURS SHOWN} [C]
,January,34.67,19.79,0.00,19.79,0.00,19.79,0.00,19.79
,February,34.83,19.76,0.00,19.76,0.00,19.76,0.00,19.76
,March,17.67,19.77,0.00,19.77,0.00,19.77,0.00,19.77
,April,1.17,19.90,0.00,19.90,0.00,19.90,0.00,19.90
,May,0.50,19.88,0.00,19.88,0.00,19.88,0.00,19.88
,June,0.00,0.00,0.00,0.00,0.67,25.10,0.00,25.10
,July,0.00,0.00,0.00,0.00,1.33,25.09,0.00,25.09
,August,0.00,0.00,0.00,0.00,0.83,25.09,0.00,25.09
,September,0.00,0.00,0.00,0.00,0.33,25.07,0.00,25.07
,October,0.50,19.91,0.00,19.91,0.00,19.91,0.00,19.91
,November,2.83,19.88,0.00,19.88,0.00,19.88,0.00,19.88
,December,21.50,19.76,0.00,19.76,0.00,19.76,0.00,19.76
,,,,,,,,,
,Annual Sum or Average,113.67,19.78,0.00,19.78,3.17,19.92,0.00,19.92
,Minimum of Months,0.00,0.00,0.00,0.00,0.00,19.76,0.00,19.76
,Maximum of Months,34.83,19.91,0.00,19.91,1.33,25.10,0.00,25.10


----------------------------------------------------------------------------------------------------
REPORT:,SetpointsNotMetWithTemperaturesMonthly
FOR:,SMSTORE1
Custom Monthly Report

,,ZONE HEATING SETPOINT NOT MET TIME {HOURS NON-ZERO} [HOURS],ZONE MEAN AIR TEMPERATURE {FOR HOURS SHOWN} [C],ZONE HEATING SETPOINT NOT MET WHILE OCCUPIED TIME {HOURS NON-ZERO} [HOURS],ZONE MEAN AIR TEMPERATURE {FOR HOURS SHOWN} [C],ZONE COOLING SETPOINT NOT MET TIME {HOURS NON-ZERO} [HOURS],ZONE MEAN AIR TEMPERATURE {FOR HOURS SHOWN} [C],ZONE COOLING SETPOINT NOT MET WHILE OCCUPIED TIME {HOURS NON-ZERO} [HOURS],ZONE MEAN AIR TEMPERATURE {FOR HOURS SHOWN} [C]
,January,3.50,19.88,0.00,19.88,0.00,19.88,0.00,19.88
,February,6.33,19.87,0.00,19.87,0.00,19.87,0.00,19.87
,March,2.67,19.87,0.00,19.87,0.00,19.87,0.00,19.87
,April,0.17,19.93,0.00,19.93,0.00,19.93,0.00,19.93
,May,0.00,0.00,0.00,0.00,0.17,25.06,0.00,25.06
,June,0.00,0.00,0.00,0.00,0.50,25.09,0.00,25.09
,July,0.00,0.00,0.00,0.00,2.50,25.10,0.00,25.10
,August,0.00,0.00,0.00,0.00,1.50,25.09,0.00,25.09
,September,0.00,0.00,0.00,0.00,0.50,25.09,0.00,25.09
,October,0.00,0.00,0.00,0.00,0.17,25.08,0.00,25.08
,November,0.00,0.00,0.00,0.00,0.00,0.00,0.00,0.00
,December,5.50,19.89,0.00,19.89,0.00,19.89,0.00,19.89
,,,,,,,,,
,Annual Sum or Average,18.17,19.88,0.00,19.88,5.33,21.06,0.00,21.06
,Minimum of Months,0.00,0.00,0.00,0.00,0.00,0.00,0.00,0.00
,Maximum of Months,6.33,19.93,0.00,19.93,2.50,25.10,0.00,25.10


----------------------------------------------------------------------------------------------------
REPORT:,SetpointsNotMetWithTemperaturesMonthly
FOR:,SMSTORE2
Custom Monthly Report

,,ZONE HEATING SETPOINT NOT MET TIME {HOURS NON-ZERO} [HOURS],ZONE MEAN AIR TEMPERATURE {FOR HOURS SHOWN} [C],ZONE HEATING SETPOINT NOT MET WHILE OCCUPIED TIME {HOURS NON-ZERO} [HOURS],ZONE MEAN AIR TEMPERATURE {FOR HOURS SHOWN} [C],ZONE COOLING SETPOINT NOT MET TIME {HOURS NON-ZERO} [HOURS],ZONE MEAN AIR TEMPERATURE {FOR HOURS SHOWN} [C],ZONE COOLING SETPOINT NOT MET WHILE OCCUPIED TIME {HOURS NON-ZERO} [HOURS],ZONE MEAN AIR TEMPERATURE {FOR HOURS SHOWN} [C]
,January,6.00,19.88,0.00,19.88,0.00,19.88,0.00,19.88
,February,9.50,19.88,0.00,19.88,0.00,19.88,0.00,19.88
,March,2.50,19.87,0.00,19.87,0.00,19.87,0.00,19.87
,April,0.83,19.93,0.00,19.93,0.00,19.93,0.00,19.93
,May,0.00,0.00,0.00,0.00,0.17,25.12,0.00,25.12
,June,0.00,0.00,0.00,0.00,0.17,25.08,0.00,25.08
,July,0.00,0.00,0.00,0.00,1.33,25.08,0.00,25.08
,August,0.00,0.00,0.00,0.00,0.83,25.11,0.00,25.11
,September,0.00,0.00,0.00,0.00,0.33,25.09,0.00,25.09
,October,0.00,0.00,0.00,0.00,0.00,0.00,0.00,0.00
,November,0.50,19.92,0.00,19.92,0.00,19.92,0.00,19.92
,December,8.50,19.86,0.00,19.86,0.00,19.86,0.00,19.86
,,,,,,,,,
,Annual Sum or Average,27.83,19.88,0.00,19.88,2.83,20.36,0.00,20.36
,Minimum of Months,0.00,0.00,0.00,0.00,0.00,0.00,0.00,0.00
,Maximum of Months,9.50,19.93,0.00,19.93,1.33,25.12,0.00,25.12


----------------------------------------------------------------------------------------------------
REPORT:,SetpointsNotMetWithTemperaturesMonthly
FOR:,SMSTORE3
Custom Monthly Report

,,ZONE HEATING SETPOINT NOT MET TIME {HOURS NON-ZERO} [HOURS],ZONE MEAN AIR TEMPERATURE {FOR HOURS SHOWN} [C],ZONE HEATING SETPOINT NOT MET WHILE OCCUPIED TIME {HOURS NON-ZERO} [HOURS],ZONE MEAN AIR TEMPERATURE {FOR HOURS SHOWN} [C],ZONE COOLING SETPOINT NOT MET TIME {HOURS NON-ZERO} [HOURS],ZONE MEAN AIR TEMPERATURE {FOR HOURS SHOWN} [C],ZONE COOLING SETPOINT NOT MET WHILE OCCUPIED TIME {HOURS NON-ZERO} [HOURS],ZONE MEAN AIR TEMPERATURE {FOR HOURS SHOWN} [C]
,January,7.50,19.89,0.00,19.89,0.00,19.89,0.00,19.89
,February,12.00,19.88,0.00,19.88,0.00,19.88,0.00,19.88
,March,3.33,19.88,0.00,19.88,0.00,19.88,0.00,19.88
,April,1.83,19.93,0.00,19.93,0.00,19.93,0.00,19.93
,May,0.00,0.00,0.00,0.00,0.17,25.06,0.00,25.06
,June,0.00,0.00,0.00,0.00,0.50,25.06,0.00,25.06
,July,0.00,0.00,0.00,0.00,0.67,25.10,0.00,25.10
,August,0.00,0.00,0.00,0.00,0.50,25.09,0.00,25.09
,September,0.00,0.00,0.00,0.00,0.17,25.07,0.00,25.07
,October,0.00,0.00,0.00,0.00,0.00,0.00,0.00,0.00
,November,0.50,19.91,0.00,19.91,0.00,19.91,0.00,19.91
,December,8.50,19.84,0.00,19.84,0.00,19.84,0.00,19.84
,,,,,,,,,
,Annual Sum or Average,33.67,19.88,0.00,19.88,2.00,20.17,0.00,20.17
,Minimum of Months,0.00,0.00,0.00,0.00,0.00,0.00,0.00,0.00
,Maximum of Months,12.00,19.93,0.00,19.93,0.67,25.10,0.00,25.10


----------------------------------------------------------------------------------------------------
REPORT:,SetpointsNotMetWithTemperaturesMonthly
FOR:,SMSTORE4
Custom Monthly Report

,,ZONE HEATING SETPOINT NOT MET TIME {HOURS NON-ZERO} [HOURS],ZONE MEAN AIR TEMPERATURE {FOR HOURS SHOWN} [C],ZONE HEATING SETPOINT NOT MET WHILE OCCUPIED TIME {HOURS NON-ZERO} [HOURS],ZONE MEAN AIR TEMPERATURE {FOR HOURS SHOWN} [C],ZONE COOLING SETPOINT NOT MET TIME {HOURS NON-ZERO} [HOURS],ZONE MEAN AIR TEMPERATURE {FOR HOURS SHOWN} [C],ZONE COOLING SETPOINT NOT MET WHILE OCCUPIED TIME {HOURS NON-ZERO} [HOURS],ZONE MEAN AIR TEMPERATURE {FOR HOURS SHOWN} [C]
,January,8.67,19.88,0.00,19.88,0.00,19.88,0.00,19.88
,February,13.33,19.88,0.00,19.88,0.00,19.88,0.00,19.88
,March,5.17,19.89,0.00,19.89,0.00,19.89,0.00,19.89
,April,2.17,19.91,0.00,19.91,0.00,19.91,0.00,19.91
,May,0.00,0.00,0.00,0.00,0.00,0.00,0.00,0.00
,June,0.00,0.00,0.00,0.00,0.00,0.00,0.00,0.00
,July,0.00,0.00,0.00,0.00,0.50,25.09,0.00,25.09
,August,0.00,0.00,0.00,0.00,0.50,25.07,0.00,25.07
,September,0.00,0.00,0.00,0.00,0.00,0.00,0.00,0.00
,October,0.50,19.90,0.00,19.90,0.00,19.90,0.00,19.90
,November,1.17,19.91,0.00,19.91,0.00,19.91,0.00,19.91
,December,9.83,19.85,0.00,19.85,0.00,19.85,0.00,19.85
,,,,,,,,,
,Annual Sum or Average,40.83,19.88,0.00,19.88,1.00,20.00,0.00,20.00
,Minimum of Months,0.00,0.00,0.00,0.00,0.00,0.00,0.00,0.00
,Maximum of Months,13.33,19.91,0.00,19.91,0.50,25.09,0.00,25.09


----------------------------------------------------------------------------------------------------
REPORT:,SetpointsNotMetWithTemperaturesMonthly
FOR:,LGSTORE2
Custom Monthly Report

,,ZONE HEATING SETPOINT NOT MET TIME {HOURS NON-ZERO} [HOURS],ZONE MEAN AIR TEMPERATURE {FOR HOURS SHOWN} [C],ZONE HEATING SETPOINT NOT MET WHILE OCCUPIED TIME {HOURS NON-ZERO} [HOURS],ZONE MEAN AIR TEMPERATURE {FOR HOURS SHOWN} [C],ZONE COOLING SETPOINT NOT MET TIME {HOURS NON-ZERO} [HOURS],ZONE MEAN AIR TEMPERATURE {FOR HOURS SHOWN} [C],ZONE COOLING SETPOINT NOT MET WHILE OCCUPIED TIME {HOURS NON-ZERO} [HOURS],ZONE MEAN AIR TEMPERATURE {FOR HOURS SHOWN} [C]
,January,11.33,19.88,0.00,19.88,0.00,19.88,0.00,19.88
,February,15.17,19.87,0.00,19.87,0.00,19.87,0.00,19.87
,March,5.33,19.88,0.00,19.88,0.00,19.88,0.00,19.88
,April,1.67,19.90,0.00,19.90,0.00,19.90,0.00,19.90
,May,0.00,0.00,0.00,0.00,0.00,0.00,0.00,0.00
,June,0.00,0.00,0.00,0.00,0.00,0.00,0.00,0.00
,July,0.00,0.00,0.00,0.00,1.00,25.09,0.00,25.09
,August,0.00,0.00,0.00,0.00,0.83,25.09,0.00,25.09
,September,0.00,0.00,0.00,0.00,0.67,25.07,0.00,25.07
,October,0.83,19.91,0.00,19.91,0.00,19.91,0.00,19.91
,November,2.67,19.92,0.00,19.92,0.00,19.92,0.00,19.92
,December,11.83,19.85,0.00,19.85,0.00,19.85,0.00,19.85
,,,,,,,,,
,Annual Sum or Average,48.83,19.87,0.00,19.87,2.50,20.13,0.00,20.13
,Minimum of Months,0.00,0.00,0.00,0.00,0.00,0.00,0.00,0.00
,Maximum of Months,15.17,19.92,0.00,19.92,1.00,25.09,0.00,25.09


----------------------------------------------------------------------------------------------------
REPORT:,SetpointsNotMetWithTemperaturesMonthly
FOR:,SMSTORE5
Custom Monthly Report

,,ZONE HEATING SETPOINT NOT MET TIME {HOURS NON-ZERO} [HOURS],ZONE MEAN AIR TEMPERATURE {FOR HOURS SHOWN} [C],ZONE HEATING SETPOINT NOT MET WHILE OCCUPIED TIME {HOURS NON-ZERO} [HOURS],ZONE MEAN AIR TEMPERATURE {FOR HOURS SHOWN} [C],ZONE COOLING SETPOINT NOT MET TIME {HOURS NON-ZERO} [HOURS],ZONE MEAN AIR TEMPERATURE {FOR HOURS SHOWN} [C],ZONE COOLING SETPOINT NOT MET WHILE OCCUPIED TIME {HOURS NON-ZERO} [HOURS],ZONE MEAN AIR TEMPERATURE {FOR HOURS SHOWN} [C]
,January,10.50,19.88,0.00,19.88,0.00,19.88,0.00,19.88
,February,15.83,19.87,0.00,19.87,0.00,19.87,0.00,19.87
,March,4.83,19.87,0.00,19.87,0.00,19.87,0.00,19.87
,April,1.17,19.92,0.00,19.92,0.00,19.92,0.00,19.92
,May,0.17,19.94,0.00,19.94,0.00,19.94,0.00,19.94
,June,0.00,0.00,0.00,0.00,0.33,25.07,0.00,25.07
,July,0.00,0.00,0.00,0.00,0.83,25.09,0.00,25.09
,August,0.00,0.00,0.00,0.00,0.67,25.08,0.00,25.08
,September,0.00,0.00,0.00,0.00,0.33,25.07,0.00,25.07
,October,0.33,19.89,0.00,19.89,0.00,19.89,0.00,19.89
,November,1.67,19.92,0.00,19.92,0.00,19.92,0.00,19.92
,December,11.83,19.85,0.00,19.85,0.00,19.85,0.00,19.85
,,,,,,,,,
,Annual Sum or Average,46.33,19.87,0.00,19.87,2.17,20.10,0.00,20.10
,Minimum of Months,0.00,0.00,0.00,0.00,0.00,19.85,0.00,19.85
,Maximum of Months,15.83,19.94,0.00,19.94,0.83,25.09,0.00,25.09


----------------------------------------------------------------------------------------------------
REPORT:,SetpointsNotMetWithTemperaturesMonthly
FOR:,SMSTORE6
Custom Monthly Report

,,ZONE HEATING SETPOINT NOT MET TIME {HOURS NON-ZERO} [HOURS],ZONE MEAN AIR TEMPERATURE {FOR HOURS SHOWN} [C],ZONE HEATING SETPOINT NOT MET WHILE OCCUPIED TIME {HOURS NON-ZERO} [HOURS],ZONE MEAN AIR TEMPERATURE {FOR HOURS SHOWN} [C],ZONE COOLING SETPOINT NOT MET TIME {HOURS NON-ZERO} [HOURS],ZONE MEAN AIR TEMPERATURE {FOR HOURS SHOWN} [C],ZONE COOLING SETPOINT NOT MET WHILE OCCUPIED TIME {HOURS NON-ZERO} [HOURS],ZONE MEAN AIR TEMPERATURE {FOR HOURS SHOWN} [C]
,January,11.17,19.88,0.00,19.88,0.00,19.88,0.00,19.88
,February,15.83,19.87,0.00,19.87,0.00,19.87,0.00,19.87
,March,5.67,19.88,0.00,19.88,0.00,19.88,0.00,19.88
,April,1.33,19.91,0.00,19.91,0.00,19.91,0.00,19.91
,May,0.00,0.00,0.00,0.00,0.00,0.00,0.00,0.00
,June,0.00,0.00,0.00,0.00,0.17,25.08,0.00,25.08
,July,0.00,0.00,0.00,0.00,0.50,25.09,0.00,25.09
,August,0.00,0.00,0.00,0.00,0.67,25.08,0.00,25.08
,September,0.00,0.00,0.00,0.00,0.00,0.00,0.00,0.00
,October,1.00,19.92,0.00,19.92,0.00,19.92,0.00,19.92
,November,1.67,19.91,0.00,19.91,0.00,19.91,0.00,19.91
,December,11.33,19.84,0.00,19.84,0.00,19.84,0.00,19.84
,,,,,,,,,
,Annual Sum or Average,48.00,19.87,0.00,19.87,1.33,20.01,0.00,20.01
,Minimum of Months,0.00,0.00,0.00,0.00,0.00,0.00,0.00,0.00
,Maximum of Months,15.83,19.92,0.00,19.92,0.67,25.09,0.00,25.09


----------------------------------------------------------------------------------------------------
REPORT:,SetpointsNotMetWithTemperaturesMonthly
FOR:,SMSTORE7
Custom Monthly Report

,,ZONE HEATING SETPOINT NOT MET TIME {HOURS NON-ZERO} [HOURS],ZONE MEAN AIR TEMPERATURE {FOR HOURS SHOWN} [C],ZONE HEATING SETPOINT NOT MET WHILE OCCUPIED TIME {HOURS NON-ZERO} [HOURS],ZONE MEAN AIR TEMPERATURE {FOR HOURS SHOWN} [C],ZONE COOLING SETPOINT NOT MET TIME {HOURS NON-ZERO} [HOURS],ZONE MEAN AIR TEMPERATURE {FOR HOURS SHOWN} [C],ZONE COOLING SETPOINT NOT MET WHILE OCCUPIED TIME {HOURS NON-ZERO} [HOURS],ZONE MEAN AIR TEMPERATURE {FOR HOURS SHOWN} [C]
,January,21.00,19.88,0.00,19.88,0.00,19.88,0.00,19.88
,February,24.17,19.86,0.00,19.86,0.00,19.86,0.00,19.86
,March,12.17,19.89,0.00,19.89,0.00,19.89,0.00,19.89
,April,0.67,19.94,0.00,19.94,0.00,19.94,0.00,19.94
,May,0.17,19.89,0.00,19.89,0.00,19.89,0.00,19.89
,June,0.00,0.00,0.00,0.00,0.00,0.00,0.00,0.00
,July,0.00,0.00,0.00,0.00,0.50,25.08,0.00,25.08
,August,0.00,0.00,0.00,0.00,0.33,25.08,0.00,25.08
,September,0.00,0.00,0.00,0.00,0.00,0.00,0.00,0.00
,October,0.50,19.91,0.00,19.91,0.00,19.91,0.00,19.91
,November,2.33,19.92,0.00,19.92,0.00,19.92,0.00,19.92
,December,16.67,19.84,0.00,19.84,0.00,19.84,0.00,19.84
,,,,,,,,,
,Annual Sum or Average,77.67,19.87,0.00,19.87,0.83,19.92,0.00,19.92
,Minimum of Months,0.00,0.00,0.00,0.00,0.00,0.00,0.00,0.00
,Maximum of Months,24.17,19.94,0.00,19.94,0.50,25.08,0.00,25.08


----------------------------------------------------------------------------------------------------
REPORT:,SetpointsNotMetWithTemperaturesMonthly
FOR:,SMSTORE8
Custom Monthly Report

,,ZONE HEATING SETPOINT NOT MET TIME {HOURS NON-ZERO} [HOURS],ZONE MEAN AIR TEMPERATURE {FOR HOURS SHOWN} [C],ZONE HEATING SETPOINT NOT MET WHILE OCCUPIED TIME {HOURS NON-ZERO} [HOURS],ZONE MEAN AIR TEMPERATURE {FOR HOURS SHOWN} [C],ZONE COOLING SETPOINT NOT MET TIME {HOURS NON-ZERO} [HOURS],ZONE MEAN AIR TEMPERATURE {FOR HOURS SHOWN} [C],ZONE COOLING SETPOINT NOT MET WHILE OCCUPIED TIME {HOURS NON-ZERO} [HOURS],ZONE MEAN AIR TEMPERATURE {FOR HOURS SHOWN} [C]
,January,85.33,19.60,0.00,19.60,0.00,19.60,0.00,19.60
,February,79.00,19.56,0.00,19.56,0.00,19.56,0.00,19.56
,March,55.83,19.62,0.00,19.62,0.00,19.62,0.00,19.62
,April,30.50,19.84,0.00,19.84,0.00,19.84,0.00,19.84
,May,5.33,19.87,0.00,19.87,0.00,19.87,0.00,19.87
,June,0.00,0.00,0.00,0.00,0.00,0.00,0.00,0.00
,July,0.00,0.00,0.00,0.00,0.67,25.12,0.00,25.12
,August,0.00,0.00,0.00,0.00,0.17,25.09,0.00,25.09
,September,0.50,19.93,0.00,19.93,0.33,21.99,0.00,21.99
,October,6.67,19.89,0.00,19.89,0.00,19.89,0.00,19.89
,November,28.17,19.82,0.00,19.82,0.00,19.82,0.00,19.82
,December,72.33,19.65,0.00,19.65,0.00,19.65,0.00,19.65
,,,,,,,,,
,Annual Sum or Average,363.67,19.65,0.00,19.65,1.17,19.67,0.00,19.67
,Minimum of Months,0.00,0.00,0.00,0.00,0.00,0.00,0.00,0.00
,Maximum of Months,85.33,19.93,0.00,19.93,0.67,25.12,0.00,25.12


----------------------------------------------------------------------------------------------------
REPORT:,ComfortReportSimple55Monthly
FOR:,LGSTORE1
Custom Monthly Report

,,ZONE THERMAL COMFORT ASHRAE 55 SIMPLE MODEL SUMMER CLOTHES NOT COMFORTABLE TIME {HOURS NON-ZERO} [HOURS],ZONE MEAN AIR TEMPERATURE {FOR HOURS SHOWN} [C],ZONE THERMAL COMFORT ASHRAE 55 SIMPLE MODEL WINTER CLOTHES NOT COMFORTABLE TIME {HOURS NON-ZERO} [HOURS],ZONE MEAN AIR TEMPERATURE {FOR HOURS SHOWN} [C],ZONE THERMAL COMFORT ASHRAE 55 SIMPLE MODEL SUMMER OR WINTER CLOTHES NOT COMFORTABLE TIME {HOURS NON-ZERO} [HOURS],ZONE MEAN AIR TEMPERATURE {FOR HOURS SHOWN} [C]
,January,496.00,20.50,489.50,20.50,489.50,20.50
,February,448.00,20.50,448.00,20.50,448.00,20.50
,March,497.00,20.58,388.00,20.55,388.00,20.53
,April,472.67,20.77,271.67,20.67,270.83,20.63
,May,374.83,21.49,124.83,21.99,33.50,21.92
,June,140.83,23.20,320.83,24.08,38.67,24.11
,July,115.17,24.46,479.83,24.48,112.17,24.49
,August,49.83,24.20,466.17,24.43,41.00,24.43
,September,249.17,22.23,238.17,23.28,48.33,23.38
,October,421.00,20.92,144.17,21.23,84.17,21.14
,November,480.00,20.56,304.00,20.54,304.00,20.53
,December,496.00,20.50,451.83,20.50,451.83,20.50
,,,,,,,
,Annual Sum or Average,4240.50,21.02,4127.00,21.55,2710.00,21.38
,Minimum of Months,49.83,20.50,124.83,20.50,33.50,20.50
,Maximum of Months,497.00,24.46,489.50,24.48,489.50,24.49


----------------------------------------------------------------------------------------------------
REPORT:,ComfortReportSimple55Monthly
FOR:,SMSTORE1
Custom Monthly Report

,,ZONE THERMAL COMFORT ASHRAE 55 SIMPLE MODEL SUMMER CLOTHES NOT COMFORTABLE TIME {HOURS NON-ZERO} [HOURS],ZONE MEAN AIR TEMPERATURE {FOR HOURS SHOWN} [C],ZONE THERMAL COMFORT ASHRAE 55 SIMPLE MODEL WINTER CLOTHES NOT COMFORTABLE TIME {HOURS NON-ZERO} [HOURS],ZONE MEAN AIR TEMPERATURE {FOR HOURS SHOWN} [C],ZONE THERMAL COMFORT ASHRAE 55 SIMPLE MODEL SUMMER OR WINTER CLOTHES NOT COMFORTABLE TIME {HOURS NON-ZERO} [HOURS],ZONE MEAN AIR TEMPERATURE {FOR HOURS SHOWN} [C]
,January,496.00,20.70,435.17,20.66,435.17,20.64
,February,448.00,20.67,417.33,20.64,417.33,20.63
,March,497.00,20.96,289.83,20.82,289.83,20.75
,April,456.50,21.23,160.67,21.08,156.00,20.96
,May,330.50,22.16,108.17,22.66,8.33,22.63
,June,75.50,23.45,333.17,24.27,20.17,24.28
,July,92.33,24.50,459.50,24.47,92.33,24.47
,August,31.17,24.31,458.67,24.43,27.33,24.44
,September,175.17,22.56,262.00,23.66,24.50,23.71
,October,388.00,21.50,109.00,21.88,33.33,21.80
,November,480.00,21.01,201.33,20.88,201.33,20.80
,December,496.00,20.76,394.67,20.67,394.67,20.64
,,,,,,,
,Annual Sum or Average,3966.17,21.29,3629.50,21.81,2100.33,21.61
,Minimum of Months,31.17,20.67,108.17,20.64,8.33,20.63
,Maximum of Months,497.00,24.50,459.50,24.47,435.17,24.47


----------------------------------------------------------------------------------------------------
REPORT:,ComfortReportSimple55Monthly
FOR:,SMSTORE2
Custom Monthly Report

,,ZONE THERMAL COMFORT ASHRAE 55 SIMPLE MODEL SUMMER CLOTHES NOT COMFORTABLE TIME {HOURS NON-ZERO} [HOURS],ZONE MEAN AIR TEMPERATURE {FOR HOURS SHOWN} [C],ZONE THERMAL COMFORT ASHRAE 55 SIMPLE MODEL WINTER CLOTHES NOT COMFORTABLE TIME {HOURS NON-ZERO} [HOURS],ZONE MEAN AIR TEMPERATURE {FOR HOURS SHOWN} [C],ZONE THERMAL COMFORT ASHRAE 55 SIMPLE MODEL SUMMER OR WINTER CLOTHES NOT COMFORTABLE TIME {HOURS NON-ZERO} [HOURS],ZONE MEAN AIR TEMPERATURE {FOR HOURS SHOWN} [C]
,January,371.00,20.50,356.17,20.50,356.17,20.50
,February,336.00,20.50,332.17,20.50,332.17,20.50
,March,379.00,20.62,274.50,20.57,274.50,20.55
,April,354.83,20.77,182.33,20.69,180.33,20.64
,May,270.33,21.64,91.50,22.20,16.00,22.14
,June,91.33,23.28,255.83,24.16,25.67,24.18
,July,100.67,24.44,355.50,24.48,96.33,24.48
,August,44.00,24.09,354.17,24.42,32.50,24.42
,September,172.17,22.31,185.67,23.38,33.67,23.47
,October,305.33,20.94,99.17,21.33,47.00,21.25
,November,360.00,20.58,208.50,20.55,208.50,20.54
,December,369.00,20.50,335.33,20.50,335.33,20.50
,,,,,,,
,Annual Sum or Average,3153.67,21.05,3030.83,21.60,1938.17,21.43
,Minimum of Months,44.00,20.50,91.50,20.50,16.00,20.50
,Maximum of Months,379.00,24.44,356.17,24.48,356.17,24.48


----------------------------------------------------------------------------------------------------
REPORT:,ComfortReportSimple55Monthly
FOR:,SMSTORE3
Custom Monthly Report

,,ZONE THERMAL COMFORT ASHRAE 55 SIMPLE MODEL SUMMER CLOTHES NOT COMFORTABLE TIME {HOURS NON-ZERO} [HOURS],ZONE MEAN AIR TEMPERATURE {FOR HOURS SHOWN} [C],ZONE THERMAL COMFORT ASHRAE 55 SIMPLE MODEL WINTER CLOTHES NOT COMFORTABLE TIME {HOURS NON-ZERO} [HOURS],ZONE MEAN AIR TEMPERATURE {FOR HOURS SHOWN} [C],ZONE THERMAL COMFORT ASHRAE 55 SIMPLE MODEL SUMMER OR WINTER CLOTHES NOT COMFORTABLE TIME {HOURS NON-ZERO} [HOURS],ZONE MEAN AIR TEMPERATURE {FOR HOURS SHOWN} [C]
,January,371.00,20.50,357.00,20.50,357.00,20.50
,February,336.00,20.50,332.50,20.50,332.50,20.50
,March,379.00,20.61,277.50,20.56,277.50,20.55
,April,356.17,20.77,188.17,20.69,186.50,20.64
,May,273.83,21.63,90.83,22.17,17.33,22.11
,June,93.67,23.25,253.17,24.14,25.83,24.17
,July,101.17,24.44,355.17,24.48,96.83,24.48
,August,43.83,24.07,354.50,24.41,32.00,24.41
,September,178.33,22.30,184.17,23.35,35.17,23.44
,October,311.00,20.95,100.00,21.31,51.00,21.22
,November,360.00,20.58,212.83,20.55,212.83,20.54
,December,369.00,20.50,335.67,20.50,335.67,20.50
,,,,,,,
,Annual Sum or Average,3173.00,21.05,3041.50,21.59,1960.17,21.42
,Minimum of Months,43.83,20.50,90.83,20.50,17.33,20.50
,Maximum of Months,379.00,24.44,357.00,24.48,357.00,24.48


----------------------------------------------------------------------------------------------------
REPORT:,ComfortReportSimple55Monthly
FOR:,SMSTORE4
Custom Monthly Report

,,ZONE THERMAL COMFORT ASHRAE 55 SIMPLE MODEL SUMMER CLOTHES NOT COMFORTABLE TIME {HOURS NON-ZERO} [HOURS],ZONE MEAN AIR TEMPERATURE {FOR HOURS SHOWN} [C],ZONE THERMAL COMFORT ASHRAE 55 SIMPLE MODEL WINTER CLOTHES NOT COMFORTABLE TIME {HOURS NON-ZERO} [HOURS],ZONE MEAN AIR TEMPERATURE {FOR HOURS SHOWN} [C],ZONE THERMAL COMFORT ASHRAE 55 SIMPLE MODEL SUMMER OR WINTER CLOTHES NOT COMFORTABLE TIME {HOURS NON-ZERO} [HOURS],ZONE MEAN AIR TEMPERATURE {FOR HOURS SHOWN} [C]
,January,371.00,20.50,357.00,20.50,357.00,20.50
,February,336.00,20.50,332.50,20.50,332.50,20.50
,March,379.00,20.61,278.33,20.56,278.33,20.54
,April,356.33,20.76,189.50,20.68,188.17,20.63
,May,275.50,21.61,91.00,22.14,18.83,22.09
,June,95.67,23.25,252.17,24.13,26.50,24.16
,July,102.83,24.44,355.33,24.48,98.50,24.48
,August,45.17,24.07,354.33,24.41,33.17,24.41
,September,181.33,22.30,183.50,23.34,36.00,23.43
,October,313.00,20.95,100.33,21.29,52.67,21.20
,November,360.00,20.58,214.50,20.55,214.50,20.53
,December,369.00,20.50,335.83,20.50,335.83,20.50
,,,,,,,
,Annual Sum or Average,3184.83,21.05,3044.33,21.59,1972.00,21.42
,Minimum of Months,45.17,20.50,91.00,20.50,18.83,20.50
,Maximum of Months,379.00,24.44,357.00,24.48,357.00,24.48


----------------------------------------------------------------------------------------------------
REPORT:,ComfortReportSimple55Monthly
FOR:,LGSTORE2
Custom Monthly Report

,,ZONE THERMAL COMFORT ASHRAE 55 SIMPLE MODEL SUMMER CLOTHES NOT COMFORTABLE TIME {HOURS NON-ZERO} [HOURS],ZONE MEAN AIR TEMPERATURE {FOR HOURS SHOWN} [C],ZONE THERMAL COMFORT ASHRAE 55 SIMPLE MODEL WINTER CLOTHES NOT COMFORTABLE TIME {HOURS NON-ZERO} [HOURS],ZONE MEAN AIR TEMPERATURE {FOR HOURS SHOWN} [C],ZONE THERMAL COMFORT ASHRAE 55 SIMPLE MODEL SUMMER OR WINTER CLOTHES NOT COMFORTABLE TIME {HOURS NON-ZERO} [HOURS],ZONE MEAN AIR TEMPERATURE {FOR HOURS SHOWN} [C]
,January,340.00,20.50,327.00,20.50,327.00,20.50
,February,308.00,20.50,304.83,20.50,304.83,20.50
,March,348.00,20.62,243.17,20.57,243.17,20.55
,April,324.00,20.77,158.00,20.70,156.00,20.65
,May,245.50,21.70,85.83,22.28,13.50,22.23
,June,73.00,23.41,249.83,24.23,24.67,24.25
,July,99.83,24.49,332.50,24.50,99.33,24.50
,August,33.67,24.29,334.67,24.45,29.83,24.45
,September,154.33,22.34,176.83,23.43,31.83,23.52
,October,280.00,20.94,86.67,21.34,39.33,21.26
,November,330.00,20.58,190.17,20.55,190.17,20.54
,December,338.00,20.50,307.00,20.50,307.00,20.50
,,,,,,,
,Annual Sum or Average,2874.33,21.06,2796.50,21.63,1766.67,21.46
,Minimum of Months,33.67,20.50,85.83,20.50,13.50,20.50
,Maximum of Months,348.00,24.49,334.67,24.50,327.00,24.50


----------------------------------------------------------------------------------------------------
REPORT:,ComfortReportSimple55Monthly
FOR:,SMSTORE5
Custom Monthly Report

,,ZONE THERMAL COMFORT ASHRAE 55 SIMPLE MODEL SUMMER CLOTHES NOT COMFORTABLE TIME {HOURS NON-ZERO} [HOURS],ZONE MEAN AIR TEMPERATURE {FOR HOURS SHOWN} [C],ZONE THERMAL COMFORT ASHRAE 55 SIMPLE MODEL WINTER CLOTHES NOT COMFORTABLE TIME {HOURS NON-ZERO} [HOURS],ZONE MEAN AIR TEMPERATURE {FOR HOURS SHOWN} [C],ZONE THERMAL COMFORT ASHRAE 55 SIMPLE MODEL SUMMER OR WINTER CLOTHES NOT COMFORTABLE TIME {HOURS NON-ZERO} [HOURS],ZONE MEAN AIR TEMPERATURE {FOR HOURS SHOWN} [C]
,January,340.00,20.50,327.00,20.50,327.00,20.50
,February,308.00,20.50,305.00,20.50,305.00,20.50
,March,348.00,20.62,251.50,20.57,251.50,20.55
,April,324.83,20.78,170.17,20.70,168.33,20.65
,May,247.00,21.73,86.00,22.27,15.67,22.22
,June,73.83,23.44,245.33,24.24,24.00,24.25
,July,96.00,24.49,331.67,24.50,95.33,24.50
,August,33.83,24.30,334.00,24.45,30.00,24.45
,September,153.67,22.35,176.67,23.45,30.50,23.53
,October,280.50,20.96,90.33,21.35,43.50,21.26
,November,330.00,20.58,193.83,20.55,193.83,20.54
,December,338.00,20.50,307.17,20.50,307.17,20.50
,,,,,,,
,Annual Sum or Average,2873.67,21.06,2818.67,21.62,1791.83,21.45
,Minimum of Months,33.83,20.50,86.00,20.50,15.67,20.50
,Maximum of Months,348.00,24.49,334.00,24.50,327.00,24.50


----------------------------------------------------------------------------------------------------
REPORT:,ComfortReportSimple55Monthly
FOR:,SMSTORE6
Custom Monthly Report

,,ZONE THERMAL COMFORT ASHRAE 55 SIMPLE MODEL SUMMER CLOTHES NOT COMFORTABLE TIME {HOURS NON-ZERO} [HOURS],ZONE MEAN AIR TEMPERATURE {FOR HOURS SHOWN} [C],ZONE THERMAL COMFORT ASHRAE 55 SIMPLE MODEL WINTER CLOTHES NOT COMFORTABLE TIME {HOURS NON-ZERO} [HOURS],ZONE MEAN AIR TEMPERATURE {FOR HOURS SHOWN} [C],ZONE THERMAL COMFORT ASHRAE 55 SIMPLE MODEL SUMMER OR WINTER CLOTHES NOT COMFORTABLE TIME {HOURS NON-ZERO} [HOURS],ZONE MEAN AIR TEMPERATURE {FOR HOURS SHOWN} [C]
,January,340.00,20.50,327.50,20.50,327.50,20.50
,February,308.00,20.50,305.17,20.50,305.17,20.50
,March,348.00,20.62,252.17,20.57,252.17,20.55
,April,325.50,20.78,173.50,20.69,172.00,20.64
,May,249.33,21.71,85.67,22.24,17.33,22.18
,June,78.00,23.41,240.83,24.22,24.17,24.23
,July,96.67,24.49,331.67,24.50,95.83,24.50
,August,34.00,24.29,333.83,24.45,30.00,24.45
,September,158.33,22.37,175.33,23.43,32.00,23.52
,October,281.83,20.96,91.50,21.33,45.33,21.24
,November,330.00,20.58,196.50,20.55,196.50,20.54
,December,338.00,20.50,307.33,20.50,307.33,20.50
,,,,,,,
,Annual Sum or Average,2887.67,21.06,2821.00,21.62,1805.33,21.45
,Minimum of Months,34.00,20.50,85.67,20.50,17.33,20.50
,Maximum of Months,348.00,24.49,333.83,24.50,327.50,24.50


----------------------------------------------------------------------------------------------------
REPORT:,ComfortReportSimple55Monthly
FOR:,SMSTORE7
Custom Monthly Report

,,ZONE THERMAL COMFORT ASHRAE 55 SIMPLE MODEL SUMMER CLOTHES NOT COMFORTABLE TIME {HOURS NON-ZERO} [HOURS],ZONE MEAN AIR TEMPERATURE {FOR HOURS SHOWN} [C],ZONE THERMAL COMFORT ASHRAE 55 SIMPLE MODEL WINTER CLOTHES NOT COMFORTABLE TIME {HOURS NON-ZERO} [HOURS],ZONE MEAN AIR TEMPERATURE {FOR HOURS SHOWN} [C],ZONE THERMAL COMFORT ASHRAE 55 SIMPLE MODEL SUMMER OR WINTER CLOTHES NOT COMFORTABLE TIME {HOURS NON-ZERO} [HOURS],ZONE MEAN AIR TEMPERATURE {FOR HOURS SHOWN} [C]
,January,340.00,20.50,332.17,20.50,332.17,20.50
,February,308.00,20.50,306.33,20.50,306.33,20.50
,March,348.00,20.61,258.33,20.56,258.33,20.55
,April,327.00,20.77,180.67,20.68,179.83,20.63
,May,255.67,21.67,83.17,22.15,20.17,22.09
,June,90.17,23.30,227.83,24.15,25.50,24.17
,July,99.67,24.48,330.50,24.49,98.17,24.49
,August,36.83,24.22,332.50,24.44,31.00,24.44
,September,166.67,22.34,171.50,23.37,33.17,23.47
,October,286.50,20.96,94.67,21.30,50.50,21.21
,November,330.00,20.57,203.50,20.55,203.50,20.53
,December,338.00,20.50,307.67,20.50,307.67,20.50
,,,,,,,
,Annual Sum or Average,2926.50,21.07,2828.83,21.60,1846.33,21.43
,Minimum of Months,36.83,20.50,83.17,20.50,20.17,20.50
,Maximum of Months,348.00,24.48,332.50,24.49,332.17,24.49


----------------------------------------------------------------------------------------------------
REPORT:,ComfortReportSimple55Monthly
FOR:,SMSTORE8
Custom Monthly Report

,,ZONE THERMAL COMFORT ASHRAE 55 SIMPLE MODEL SUMMER CLOTHES NOT COMFORTABLE TIME {HOURS NON-ZERO} [HOURS],ZONE MEAN AIR TEMPERATURE {FOR HOURS SHOWN} [C],ZONE THERMAL COMFORT ASHRAE 55 SIMPLE MODEL WINTER CLOTHES NOT COMFORTABLE TIME {HOURS NON-ZERO} [HOURS],ZONE MEAN AIR TEMPERATURE {FOR HOURS SHOWN} [C],ZONE THERMAL COMFORT ASHRAE 55 SIMPLE MODEL SUMMER OR WINTER CLOTHES NOT COMFORTABLE TIME {HOURS NON-ZERO} [HOURS],ZONE MEAN AIR TEMPERATURE {FOR HOURS SHOWN} [C]
,January,340.00,20.50,336.00,20.50,336.00,20.50
,February,308.00,20.50,308.00,20.50,308.00,20.50
,March,348.00,20.59,285.67,20.55,285.67,20.54
,April,327.83,20.72,223.67,20.63,223.67,20.59
,May,269.00,21.56,87.17,21.87,39.67,21.77
,June,112.67,23.03,199.50,23.95,29.67,23.99
,July,100.83,24.45,327.50,24.48,97.83,24.48
,August,49.83,24.04,325.17,24.40,38.83,24.40
,September,188.83,22.28,157.50,23.23,39.17,23.32
,October,292.00,20.92,120.17,21.18,80.17,21.07
,November,330.00,20.56,249.50,20.53,249.50,20.52
,December,338.00,20.50,311.00,20.50,311.00,20.50
,,,,,,,
,Annual Sum or Average,3005.00,21.07,2930.83,21.53,2039.17,21.37
,Minimum of Months,49.83,20.50,87.17,20.50,29.67,20.50
,Maximum of Months,348.00,24.45,336.00,24.48,336.00,24.48


----------------------------------------------------------------------------------------------------
REPORT:,OccupantComfortDataSummaryMonthly
FOR:,LGSTORE1
Custom Monthly Report

,,PEOPLE OCCUPANT COUNT {HOURS NON-ZERO} [HOURS],PEOPLE AIR TEMPERATURE {FOR HOURS SHOWN} [C],PEOPLE AIR RELATIVE HUMIDITY {FOR HOURS SHOWN} [%],ZONE THERMAL COMFORT FANGER MODEL PMV {FOR HOURS SHOWN} [],ZONE THERMAL COMFORT FANGER MODEL PPD {FOR HOURS SHOWN} [%]
,January,496.00000,20.49976,15.31779,-0.7554,17.15265
,February,448.00000,20.50007,14.50697,-0.7640,17.42474
,March,497.00000,20.58150,24.04535,-0.6268,13.77806
,April,479.00000,20.81174,29.68196,-0.4928,11.33825
,May,496.00000,22.20267,39.54726,-1.1267,36.36966
,June,481.00000,24.03786,45.68557,-0.4084,10.29613
,July,495.00000,24.47340,50.92553,-0.1829,5.99975
,August,497.00000,24.40336,50.42967,-0.2174,6.39734
,September,479.00000,23.18605,48.75690,-0.6661,20.03103
,October,496.00000,21.42899,37.68032,-0.2481,9.55307
,November,480.00000,20.56097,29.37038,-0.5813,12.49233
,December,496.00000,20.50135,20.04797,-0.7111,15.88418
,,,,,,
,Annual Sum or Average,5840.00000,21.94180,33.94048,-0.5637,14.71608
,Minimum of Months,448.00000,20.49976,14.50697,-1.1267,5.99975
,Maximum of Months,497.00000,24.47340,50.92553,-0.1829,36.36966


----------------------------------------------------------------------------------------------------
REPORT:,OccupantComfortDataSummaryMonthly
FOR:,SMSTORE1
Custom Monthly Report

,,PEOPLE OCCUPANT COUNT {HOURS NON-ZERO} [HOURS],PEOPLE AIR TEMPERATURE {FOR HOURS SHOWN} [C],PEOPLE AIR RELATIVE HUMIDITY {FOR HOURS SHOWN} [%],ZONE THERMAL COMFORT FANGER MODEL PMV {FOR HOURS SHOWN} [],ZONE THERMAL COMFORT FANGER MODEL PPD {FOR HOURS SHOWN} [%]
,January,496.00000,20.70200,16.14205,-0.6699,14.67559
,February,448.00000,20.67351,15.18972,-0.6831,15.02077
,March,497.00000,20.95809,24.41800,-0.5236,11.60142
,April,479.00000,21.37901,29.44978,-0.3689,9.70804
,May,496.00000,22.91438,38.20760,-0.9241,27.28725
,June,481.00000,24.24070,43.31478,-0.3685,8.70316
,July,495.00000,24.44024,48.82862,-0.2262,6.39092
,August,497.00000,24.40516,48.04637,-0.2493,6.63505
,September,479.00000,23.67004,46.31513,-0.5556,15.17766
,October,496.00000,22.12248,36.75806,-0.1141,8.51071
,November,480.00000,21.01097,29.42438,-0.4784,10.59664
,December,496.00000,20.75817,20.47906,-0.6263,13.68162
,,,,,,
,Annual Sum or Average,5840.00000,22.28275,33.14837,-0.4811,12.32366
,Minimum of Months,448.00000,20.67351,15.18972,-0.9241,6.39092
,Maximum of Months,497.00000,24.44024,48.82862,-0.1141,27.28725


----------------------------------------------------------------------------------------------------
REPORT:,OccupantComfortDataSummaryMonthly
FOR:,SMSTORE2
Custom Monthly Report

,,PEOPLE OCCUPANT COUNT {HOURS NON-ZERO} [HOURS],PEOPLE AIR TEMPERATURE {FOR HOURS SHOWN} [C],PEOPLE AIR RELATIVE HUMIDITY {FOR HOURS SHOWN} [%],ZONE THERMAL COMFORT FANGER MODEL PMV {FOR HOURS SHOWN} [],ZONE THERMAL COMFORT FANGER MODEL PPD {FOR HOURS SHOWN} [%]
,January,371.00000,20.49969,15.22557,-0.7097,15.71307
,February,336.00000,20.49987,14.35105,-0.7153,15.86713
,March,379.00000,20.61768,23.92435,-0.5835,12.70305
,April,360.00000,20.81677,29.20953,-0.4731,10.93072
,May,375.00000,22.41898,39.04501,-1.0425,32.69115
,June,366.00000,24.11516,44.85577,-0.3856,9.48957
,July,369.00000,24.46321,51.50459,-0.1979,6.13206
,August,379.00000,24.38693,50.56123,-0.2314,6.54914
,September,360.00000,23.30943,48.47209,-0.6288,18.32728
,October,371.00000,21.52667,37.38170,-0.2164,9.37873
,November,360.00000,20.58376,29.39868,-0.5576,11.93905
,December,369.00000,20.50103,19.99340,-0.6750,14.77656
,,,,,,
,Annual Sum or Average,4395.00000,21.99253,33.80206,-0.5334,13.70093
,Minimum of Months,336.00000,20.49969,14.35105,-1.0425,6.13206
,Maximum of Months,379.00000,24.46321,51.50459,-0.1979,32.69115


----------------------------------------------------------------------------------------------------
REPORT:,OccupantComfortDataSummaryMonthly
FOR:,SMSTORE3
Custom Monthly Report

,,PEOPLE OCCUPANT COUNT {HOURS NON-ZERO} [HOURS],PEOPLE AIR TEMPERATURE {FOR HOURS SHOWN} [C],PEOPLE AIR RELATIVE HUMIDITY {FOR HOURS SHOWN} [%],ZONE THERMAL COMFORT FANGER MODEL PMV {FOR HOURS SHOWN} [],ZONE THERMAL COMFORT FANGER MODEL PPD {FOR HOURS SHOWN} [%]
,January,371.00000,20.49974,15.22543,-0.7115,15.76557
,February,336.00000,20.49974,14.35111,-0.7167,15.90904
,March,379.00000,20.61250,23.93593,-0.5869,12.76759
,April,360.00000,20.80172,29.25150,-0.4800,11.01685
,May,375.00000,22.38323,39.14888,-1.0598,33.43367
,June,366.00000,24.10405,44.91495,-0.3907,9.62749
,July,369.00000,24.46235,51.52613,-0.1985,6.14213
,August,379.00000,24.38437,50.58537,-0.2330,6.57447
,September,360.00000,23.27536,48.59825,-0.6429,18.84851
,October,371.00000,21.49278,37.48956,-0.2287,9.44281
,November,360.00000,20.57939,29.41139,-0.5619,12.02309
,December,369.00000,20.50067,19.99451,-0.6772,14.83165
,,,,,,
,Annual Sum or Average,4395.00000,21.98053,33.84474,-0.5393,13.85867
,Minimum of Months,336.00000,20.49974,14.35111,-1.0598,6.14213
,Maximum of Months,379.00000,24.46235,51.52613,-0.1985,33.43367


----------------------------------------------------------------------------------------------------
REPORT:,OccupantComfortDataSummaryMonthly
FOR:,SMSTORE4
Custom Monthly Report

,,PEOPLE OCCUPANT COUNT {HOURS NON-ZERO} [HOURS],PEOPLE AIR TEMPERATURE {FOR HOURS SHOWN} [C],PEOPLE AIR RELATIVE HUMIDITY {FOR HOURS SHOWN} [%],ZONE THERMAL COMFORT FANGER MODEL PMV {FOR HOURS SHOWN} [],ZONE THERMAL COMFORT FANGER MODEL PPD {FOR HOURS SHOWN} [%]
,January,371.00000,20.49949,15.22542,-0.7126,15.80069
,February,336.00000,20.49987,14.35082,-0.7177,15.93961
,March,379.00000,20.60871,23.94409,-0.5885,12.79882
,April,360.00000,20.79171,29.27952,-0.4830,11.04994
,May,375.00000,22.35777,39.23405,-1.0686,33.82183
,June,366.00000,24.09491,44.99417,-0.3921,9.68634
,July,369.00000,24.46136,51.63169,-0.1970,6.13312
,August,379.00000,24.38138,50.68723,-0.2318,6.57311
,September,360.00000,23.25588,48.70917,-0.6480,19.05555
,October,371.00000,21.47317,37.55750,-0.2339,9.46958
,November,360.00000,20.57554,29.42262,-0.5637,12.05469
,December,369.00000,20.50014,19.99517,-0.6784,14.86616
,,,,,,
,Annual Sum or Average,4395.00000,21.97249,33.89502,-0.5416,13.93122
,Minimum of Months,336.00000,20.49949,14.35082,-1.0686,6.13312
,Maximum of Months,379.00000,24.46136,51.63169,-0.1970,33.82183


----------------------------------------------------------------------------------------------------
REPORT:,OccupantComfortDataSummaryMonthly
FOR:,LGSTORE2
Custom Monthly Report

,,PEOPLE OCCUPANT COUNT {HOURS NON-ZERO} [HOURS],PEOPLE AIR TEMPERATURE {FOR HOURS SHOWN} [C],PEOPLE AIR RELATIVE HUMIDITY {FOR HOURS SHOWN} [%],ZONE THERMAL COMFORT FANGER MODEL PMV {FOR HOURS SHOWN} [],ZONE THERMAL COMFORT FANGER MODEL PPD {FOR HOURS SHOWN} [%]
,January,340.00000,20.49981,15.68543,-0.7124,15.79134
,February,308.00000,20.49977,14.72716,-0.7169,15.91298
,March,348.00000,20.62323,24.46306,-0.5773,12.56667
,April,330.00000,20.82571,29.65123,-0.4653,10.78659
,May,344.00000,22.47809,39.47367,-1.0176,31.77744
,June,336.00000,24.17460,45.11180,-0.3476,8.71775
,July,338.00000,24.48731,52.03654,-0.1637,5.79112
,August,348.00000,24.42310,51.06067,-0.1943,6.11880
,September,330.00000,23.35405,48.85682,-0.5990,17.63106
,October,340.00000,21.53153,37.93620,-0.2093,9.36644
,November,330.00000,20.58137,29.83277,-0.5579,11.94070
,December,338.00000,20.50038,20.43439,-0.6780,14.86192
,,,,,,
,Annual Sum or Average,4030.00000,22.01311,34.25155,-0.5185,13.42853
,Minimum of Months,308.00000,20.49977,14.72716,-1.0176,5.79112
,Maximum of Months,348.00000,24.48731,52.03654,-0.1637,31.77744


----------------------------------------------------------------------------------------------------
REPORT:,OccupantComfortDataSummaryMonthly
FOR:,SMSTORE5
Custom Monthly Report

,,PEOPLE OCCUPANT COUNT {HOURS NON-ZERO} [HOURS],PEOPLE AIR TEMPERATURE {FOR HOURS SHOWN} [C],PEOPLE AIR RELATIVE HUMIDITY {FOR HOURS SHOWN} [%],ZONE THERMAL COMFORT FANGER MODEL PMV {FOR HOURS SHOWN} [],ZONE THERMAL COMFORT FANGER MODEL PPD {FOR HOURS SHOWN} [%]
,January,340.00000,20.49966,15.66845,-0.7090,15.68508
,February,308.00000,20.49972,14.70988,-0.7142,15.82582
,March,348.00000,20.62490,24.44298,-0.5795,12.60870
,April,330.00000,20.82751,29.62699,-0.4711,10.89275
,May,344.00000,22.48884,39.39915,-1.0276,32.09669
,June,336.00000,24.18643,44.95409,-0.3611,8.85663
,July,338.00000,24.48819,51.80098,-0.1826,5.91551
,August,348.00000,24.42805,50.83780,-0.2114,6.23520
,September,330.00000,23.37363,48.68437,-0.6091,17.78482
,October,340.00000,21.54565,37.86416,-0.2145,9.39762
,November,330.00000,20.58304,29.80969,-0.5597,11.97611
,December,338.00000,20.50084,20.41623,-0.6755,14.77931
,,,,,,
,Annual Sum or Average,4030.00000,22.01876,34.16295,-0.5249,13.49573
,Minimum of Months,308.00000,20.49966,14.70988,-1.0276,5.91551
,Maximum of Months,348.00000,24.48819,51.80098,-0.1826,32.09669


----------------------------------------------------------------------------------------------------
REPORT:,OccupantComfortDataSummaryMonthly
FOR:,SMSTORE6
Custom Monthly Report

,,PEOPLE OCCUPANT COUNT {HOURS NON-ZERO} [HOURS],PEOPLE AIR TEMPERATURE {FOR HOURS SHOWN} [C],PEOPLE AIR RELATIVE HUMIDITY {FOR HOURS SHOWN} [%],ZONE THERMAL COMFORT FANGER MODEL PMV {FOR HOURS SHOWN} [],ZONE THERMAL COMFORT FANGER MODEL PPD {FOR HOURS SHOWN} [%]
,January,340.00000,20.49914,15.66889,-0.7106,15.73260
,February,308.00000,20.49979,14.70970,-0.7158,15.87250
,March,348.00000,20.62209,24.44897,-0.5819,12.65635
,April,330.00000,20.81953,29.64869,-0.4750,10.94226
,May,344.00000,22.46159,39.48670,-1.0405,32.60654
,June,336.00000,24.17247,45.04832,-0.3688,9.03142
,July,338.00000,24.48771,51.87350,-0.1843,5.93100
,August,348.00000,24.42587,50.90965,-0.2137,6.26212
,September,330.00000,23.35205,48.78921,-0.6185,18.09532
,October,340.00000,21.53083,37.92098,-0.2200,9.42112
,November,330.00000,20.58095,29.81592,-0.5616,12.01478
,December,338.00000,20.50093,20.41620,-0.6769,14.81865
,,,,,,
,Annual Sum or Average,4030.00000,22.01093,34.20677,-0.5292,13.60707
,Minimum of Months,308.00000,20.49914,14.70970,-1.0405,5.93100
,Maximum of Months,348.00000,24.48771,51.87350,-0.1843,32.60654


----------------------------------------------------------------------------------------------------
REPORT:,OccupantComfortDataSummaryMonthly
FOR:,SMSTORE7
Custom Monthly Report

,,PEOPLE OCCUPANT COUNT {HOURS NON-ZERO} [HOURS],PEOPLE AIR TEMPERATURE {FOR HOURS SHOWN} [C],PEOPLE AIR RELATIVE HUMIDITY {FOR HOURS SHOWN} [%],ZONE THERMAL COMFORT FANGER MODEL PMV {FOR HOURS SHOWN} [],ZONE THERMAL COMFORT FANGER MODEL PPD {FOR HOURS SHOWN} [%]
,January,340.00000,20.49985,15.66711,-0.7189,15.98528
,February,308.00000,20.49958,14.70899,-0.7246,16.14420
,March,348.00000,20.61342,24.46758,-0.5908,12.86119
,April,330.00000,20.79424,29.71871,-0.4865,11.10267
,May,344.00000,22.37505,39.76041,-1.0785,34.14185
,June,336.00000,24.11797,45.37447,-0.3934,9.66730
,July,338.00000,24.48509,52.03824,-0.1861,5.96174
,August,348.00000,24.41483,51.11457,-0.2187,6.35252
,September,330.00000,23.28644,49.08780,-0.6434,18.98696
,October,340.00000,21.48625,38.08439,-0.2347,9.49986
,November,330.00000,20.57329,29.83746,-0.5682,12.15187
,December,338.00000,20.50045,20.41618,-0.6842,15.03267
,,,,,,
,Annual Sum or Average,4030.00000,21.98525,34.33597,-0.5426,13.98326
,Minimum of Months,308.00000,20.49958,14.70899,-1.0785,5.96174
,Maximum of Months,348.00000,24.48509,52.03824,-0.1861,34.14185


----------------------------------------------------------------------------------------------------
REPORT:,OccupantComfortDataSummaryMonthly
FOR:,SMSTORE8
Custom Monthly Report

,,PEOPLE OCCUPANT COUNT {HOURS NON-ZERO} [HOURS],PEOPLE AIR TEMPERATURE {FOR HOURS SHOWN} [C],PEOPLE AIR RELATIVE HUMIDITY {FOR HOURS SHOWN} [%],ZONE THERMAL COMFORT FANGER MODEL PMV {FOR HOURS SHOWN} [],ZONE THERMAL COMFORT FANGER MODEL PPD {FOR HOURS SHOWN} [%]
,January,340.00000,20.50000,15.59434,-0.7845,18.09996
,February,308.00000,20.49990,14.65742,-0.7942,18.40817
,March,348.00000,20.59353,24.44794,-0.6492,14.44050
,April,330.00000,20.73966,29.77455,-0.5368,12.11904
,May,344.00000,22.18087,40.28099,-1.1723,38.20459
,June,336.00000,23.95351,46.09631,-0.4619,11.73436
,July,338.00000,24.47387,52.53812,-0.1857,6.02329
,August,348.00000,24.37509,51.59664,-0.2273,6.63949
,September,330.00000,23.13652,49.71159,-0.6979,21.15327
,October,340.00000,21.40379,38.28780,-0.2704,9.92126
,November,330.00000,20.55738,29.82278,-0.6085,13.17674
,December,338.00000,20.49979,20.35850,-0.7402,16.77067
,,,,,,
,Annual Sum or Average,4030.00000,21.92385,34.57914,-0.5926,15.54601
,Minimum of Months,308.00000,20.49979,14.65742,-1.1723,6.02329
,Maximum of Months,348.00000,24.47387,52.53812,-0.1857,38.20459


----------------------------------------------------------------------------------------------------
REPORT:,DXReportMonthly
FOR:,PSZ-AC_1:1 COOLING COIL
Custom Monthly Report

,,COOLING COIL TOTAL COOLING ENERGY [J],COOLING COIL ELECTRICITY ENERGY [J],COOLING COIL TOTAL COOLING ENERGY {HOURS NON-ZERO} [HOURS],COOLING COIL SENSIBLE COOLING ENERGY [J],COOLING COIL LATENT COOLING ENERGY [J],COOLING COIL CRANKCASE HEATER ELECTRICITY ENERGY [J],COOLING COIL RUNTIME FRACTION {Maximum} [],COOLING COIL RUNTIME FRACTION {TIMESTAMP},COOLING COIL RUNTIME FRACTION {MINIMUM} [],COOLING COIL RUNTIME FRACTION {TIMESTAMP},COOLING COIL TOTAL COOLING RATE {Maximum} [W],COOLING COIL TOTAL COOLING RATE {TIMESTAMP},COOLING COIL SENSIBLE COOLING RATE {Maximum} [W],COOLING COIL SENSIBLE COOLING RATE {TIMESTAMP},COOLING COIL LATENT COOLING RATE {Maximum} [W],COOLING COIL LATENT COOLING RATE {TIMESTAMP},COOLING COIL ELECTRICITY RATE {Maximum} [W],COOLING COIL ELECTRICITY RATE {TIMESTAMP},COOLING COIL CRANKCASE HEATER ELECTRICITY RATE {Maximum} [W],COOLING COIL CRANKCASE HEATER ELECTRICITY RATE {TIMESTAMP}
,January,0.00,0.00,0.00,0.00,0.00,0.00,0.00,01-JAN-00:03,0.00,01-JAN-00:03,0.00,01-JAN-00:03,0.00,01-JAN-00:03,0.00,01-JAN-00:03,0.00,01-JAN-00:03,0.00,01-JAN-00:03
,February,0.00,0.00,0.00,0.00,0.00,0.00,0.00,01-FEB-00:03,0.00,01-FEB-00:03,0.00,01-FEB-00:03,0.00,01-FEB-00:03,0.00,01-FEB-00:03,0.00,01-FEB-00:03,0.00,01-FEB-00:03
,March,0.00,0.00,0.00,0.00,0.00,0.00,0.00,01-MAR-00:05,0.00,01-MAR-00:05,0.00,01-MAR-00:05,0.00,01-MAR-00:05,0.00,01-MAR-00:05,0.00,01-MAR-00:05,0.00,01-MAR-00:05
,April,19401152.22,4800330.35,4.17,19290195.40,110956.82,0.00,0.15,30-APR-16:10,0.00,01-APR-00:03,2118.59,30-APR-16:10,2118.59,30-APR-16:10,40.25,30-APR-17:40,522.25,30-APR-16:10,0.00,01-APR-00:03
,May,0.233944E+10,0.518341E+09,93.50,0.176635E+10,0.573096E+09,0.00,0.93,31-MAY-12:40,0.00,01-MAY-00:10,18687.09,31-MAY-12:30,15357.09,23-MAY-15:00,6608.62,31-MAY-12:10,3779.74,23-MAY-15:00,0.00,01-MAY-00:10
,June,0.945731E+10,0.202500E+10,304.30,0.643105E+10,0.302626E+10,0.00,1.00,02-JUN-00:31,0.00,01-JUN-00:05,40833.79,17-JUN-00:32,25178.90,10-JUN-23:29,22138.99,17-JUN-23:22,7592.95,02-JUN-06:35,0.00,01-JUN-00:05
,July,0.206802E+11,0.430144E+10,474.43,0.135280E+11,0.715214E+10,0.00,1.00,01-JUL-13:50,0.00,01-JUL-00:05,42078.10,11-JUL-23:22,29508.51,01-JUL-23:09,24281.43,12-JUL-00:55,7726.21,19-JUL-01:22,0.00,01-JUL-00:05
,August,0.148907E+11,0.311902E+10,417.44,0.972307E+10,0.516765E+10,0.00,1.00,01-AUG-23:21,0.00,01-AUG-00:05,42112.53,22-AUG-23:30,28541.56,07-AUG-23:10,25357.66,23-AUG-00:22,7715.16,08-AUG-23:15,0.00,01-AUG-00:05
,September,0.650648E+10,0.137764E+10,189.10,0.418858E+10,0.231791E+10,0.00,1.00,01-SEP-01:25,0.00,01-SEP-00:05,41467.34,02-SEP-06:35,24989.32,02-SEP-23:10,23081.69,10-SEP-23:35,7622.16,02-SEP-00:15,0.00,01-SEP-00:05
,October,0.101481E+10,0.222152E+09,44.82,0.661736E+09,0.353075E+09,0.00,1.00,04-OCT-23:14,0.00,01-OCT-00:10,39684.55,05-OCT-01:25,22801.00,05-OCT-03:25,16989.09,05-OCT-00:15,7338.81,05-OCT-01:25,0.00,01-OCT-00:10
,November,0.00,0.00,0.00,0.00,0.00,0.00,0.00,01-NOV-00:10,0.00,01-NOV-00:10,0.00,01-NOV-00:10,0.00,01-NOV-00:10,0.00,01-NOV-00:10,0.00,01-NOV-00:10,0.00,01-NOV-00:10
,December,0.00,0.00,0.00,0.00,0.00,0.00,0.00,01-DEC-00:05,0.00,01-DEC-00:05,0.00,01-DEC-00:05,0.00,01-DEC-00:05,0.00,01-DEC-00:05,0.00,01-DEC-00:05,0.00,01-DEC-00:05
,,,,,,,,,,,,,,,,,,,,,
,Annual Sum or Average,0.549083E+11,0.115684E+11,1527.77,0.363181E+11,0.185902E+11,0.00,,,,,,,,,,,,,,
,Minimum of Months,0.00,0.00,0.00,0.00,0.00,0.00,0.00,,0.00,,0.00,,0.00,,0.00,,0.00,,0.00,
,Maximum of Months,0.206802E+11,0.430144E+10,474.43,0.135280E+11,0.715214E+10,0.00,1.00,,0.00,,42112.53,,29508.51,,25357.66,,7726.21,,0.00,


----------------------------------------------------------------------------------------------------
REPORT:,DXReportMonthly
FOR:,PSZ-AC_2:2 COOLING COIL
Custom Monthly Report

,,COOLING COIL TOTAL COOLING ENERGY [J],COOLING COIL ELECTRICITY ENERGY [J],COOLING COIL TOTAL COOLING ENERGY {HOURS NON-ZERO} [HOURS],COOLING COIL SENSIBLE COOLING ENERGY [J],COOLING COIL LATENT COOLING ENERGY [J],COOLING COIL CRANKCASE HEATER ELECTRICITY ENERGY [J],COOLING COIL RUNTIME FRACTION {Maximum} [],COOLING COIL RUNTIME FRACTION {TIMESTAMP},COOLING COIL RUNTIME FRACTION {MINIMUM} [],COOLING COIL RUNTIME FRACTION {TIMESTAMP},COOLING COIL TOTAL COOLING RATE {Maximum} [W],COOLING COIL TOTAL COOLING RATE {TIMESTAMP},COOLING COIL SENSIBLE COOLING RATE {Maximum} [W],COOLING COIL SENSIBLE COOLING RATE {TIMESTAMP},COOLING COIL LATENT COOLING RATE {Maximum} [W],COOLING COIL LATENT COOLING RATE {TIMESTAMP},COOLING COIL ELECTRICITY RATE {Maximum} [W],COOLING COIL ELECTRICITY RATE {TIMESTAMP},COOLING COIL CRANKCASE HEATER ELECTRICITY RATE {Maximum} [W],COOLING COIL CRANKCASE HEATER ELECTRICITY RATE {TIMESTAMP}
,January,0.00,0.00,0.00,0.00,0.00,0.00,0.00,01-JAN-00:03,0.00,01-JAN-00:03,0.00,01-JAN-00:03,0.00,01-JAN-00:03,0.00,01-JAN-00:03,0.00,01-JAN-00:03,0.00,01-JAN-00:03
,February,0.00,0.00,0.00,0.00,0.00,0.00,0.00,01-FEB-00:03,0.00,01-FEB-00:03,0.00,01-FEB-00:03,0.00,01-FEB-00:03,0.00,01-FEB-00:03,0.00,01-FEB-00:03,0.00,01-FEB-00:03
,March,0.00,0.00,0.00,0.00,0.00,0.00,0.00,01-MAR-00:05,0.00,01-MAR-00:05,0.00,01-MAR-00:05,0.00,01-MAR-00:05,0.00,01-MAR-00:05,0.00,01-MAR-00:05,0.00,01-MAR-00:05
,April,31069463.35,7453123.07,12.08,28075999.63,2993463.73,0.00,1.00,30-APR-17:01,0.00,01-APR-00:03,18875.16,30-APR-17:32,17454.69,30-APR-17:01,1836.55,30-APR-17:32,3565.27,30-APR-17:01,0.00,01-APR-00:03
,May,0.161503E+10,0.352969E+09,124.29,0.120221E+10,0.412827E+09,0.00,1.00,21-MAY-17:02,0.00,01-MAY-00:10,21353.74,30-MAY-20:42,15712.64,29-MAY-17:20,10209.49,31-MAY-00:15,4098.93,30-MAY-20:42,0.00,01-MAY-00:10
,June,0.616392E+10,0.129634E+10,324.94,0.413982E+10,0.202410E+10,0.00,1.00,01-JUN-20:50,0.00,01-JUN-00:05,21969.38,17-JUN-20:32,15507.81,04-JUN-17:08,12201.32,17-JUN-21:53,4100.88,17-JUN-20:32,0.00,01-JUN-00:05
,July,0.118120E+11,0.244150E+10,459.22,0.765256E+10,0.415939E+10,0.00,1.00,01-JUL-00:35,0.00,01-JUL-00:05,22004.34,11-JUL-21:02,16628.61,30-JUL-18:00,12376.55,27-JUL-20:03,4124.91,25-JUL-20:43,0.00,01-JUL-00:05
,August,0.906504E+10,0.187830E+10,415.75,0.584640E+10,0.321864E+10,0.00,1.00,01-AUG-00:45,0.00,01-AUG-00:05,21998.39,22-AUG-23:30,16901.68,06-AUG-19:57,12779.66,23-AUG-00:28,4108.80,08-AUG-22:42,0.00,01-AUG-00:05
,September,0.422919E+10,0.881409E+09,216.57,0.265108E+10,0.157811E+10,0.00,1.00,01-SEP-00:25,0.00,01-SEP-00:05,21774.44,02-SEP-05:32,14550.05,03-SEP-17:08,12104.24,05-SEP-20:03,4056.26,01-SEP-20:03,0.00,01-SEP-00:05
,October,0.745597E+09,0.160790E+09,61.51,0.479060E+09,0.266537E+09,0.00,1.00,02-OCT-20:14,0.00,01-OCT-00:10,20740.64,05-OCT-01:25,12511.93,02-OCT-21:54,8882.05,04-OCT-20:03,3875.40,05-OCT-01:25,0.00,01-OCT-00:10
,November,0.00,0.00,0.00,0.00,0.00,0.00,0.00,01-NOV-00:10,0.00,01-NOV-00:10,0.00,01-NOV-00:10,0.00,01-NOV-00:10,0.00,01-NOV-00:10,0.00,01-NOV-00:10,0.00,01-NOV-00:10
,December,0.00,0.00,0.00,0.00,0.00,0.00,0.00,01-DEC-00:05,0.00,01-DEC-00:05,0.00,01-DEC-00:05,0.00,01-DEC-00:05,0.00,01-DEC-00:05,0.00,01-DEC-00:05,0.00,01-DEC-00:05
,,,,,,,,,,,,,,,,,,,,,
,Annual Sum or Average,0.336618E+11,0.701876E+10,1614.37,0.219992E+11,0.116626E+11,0.00,,,,,,,,,,,,,,
,Minimum of Months,0.00,0.00,0.00,0.00,0.00,0.00,0.00,,0.00,,0.00,,0.00,,0.00,,0.00,,0.00,
,Maximum of Months,0.118120E+11,0.244150E+10,459.22,0.765256E+10,0.415939E+10,0.00,1.00,,0.00,,22004.34,,17454.69,,12779.66,,4124.91,,0.00,


----------------------------------------------------------------------------------------------------
REPORT:,DXReportMonthly
FOR:,PSZ-AC_3:3 COOLING COIL
Custom Monthly Report

,,COOLING COIL TOTAL COOLING ENERGY [J],COOLING COIL ELECTRICITY ENERGY [J],COOLING COIL TOTAL COOLING ENERGY {HOURS NON-ZERO} [HOURS],COOLING COIL SENSIBLE COOLING ENERGY [J],COOLING COIL LATENT COOLING ENERGY [J],COOLING COIL CRANKCASE HEATER ELECTRICITY ENERGY [J],COOLING COIL RUNTIME FRACTION {Maximum} [],COOLING COIL RUNTIME FRACTION {TIMESTAMP},COOLING COIL RUNTIME FRACTION {MINIMUM} [],COOLING COIL RUNTIME FRACTION {TIMESTAMP},COOLING COIL TOTAL COOLING RATE {Maximum} [W],COOLING COIL TOTAL COOLING RATE {TIMESTAMP},COOLING COIL SENSIBLE COOLING RATE {Maximum} [W],COOLING COIL SENSIBLE COOLING RATE {TIMESTAMP},COOLING COIL LATENT COOLING RATE {Maximum} [W],COOLING COIL LATENT COOLING RATE {TIMESTAMP},COOLING COIL ELECTRICITY RATE {Maximum} [W],COOLING COIL ELECTRICITY RATE {TIMESTAMP},COOLING COIL CRANKCASE HEATER ELECTRICITY RATE {Maximum} [W],COOLING COIL CRANKCASE HEATER ELECTRICITY RATE {TIMESTAMP}
,January,0.00,0.00,0.00,0.00,0.00,0.00,0.00,01-JAN-00:03,0.00,01-JAN-00:03,0.00,01-JAN-00:03,0.00,01-JAN-00:03,0.00,01-JAN-00:03,0.00,01-JAN-00:03,0.00,01-JAN-00:03
,February,0.00,0.00,0.00,0.00,0.00,0.00,0.00,01-FEB-00:03,0.00,01-FEB-00:03,0.00,01-FEB-00:03,0.00,01-FEB-00:03,0.00,01-FEB-00:03,0.00,01-FEB-00:03,0.00,01-FEB-00:03
,March,0.00,0.00,0.00,0.00,0.00,0.00,0.00,01-MAR-00:05,0.00,01-MAR-00:05,0.00,01-MAR-00:05,0.00,01-MAR-00:05,0.00,01-MAR-00:05,0.00,01-MAR-00:05,0.00,01-MAR-00:05
,April,3877286.12,981385.98,2.33,3877286.12,0.00,0.00,0.10,30-APR-16:00,0.00,01-APR-00:03,746.02,30-APR-16:00,746.02,30-APR-16:00,0.00,30-APR-14:20,188.64,30-APR-16:00,0.00,01-APR-00:03
,May,0.122998E+10,0.272882E+09,86.83,0.923238E+09,0.306740E+09,0.00,1.00,23-MAY-20:12,0.00,01-MAY-00:10,21477.58,30-MAY-21:02,16724.02,25-MAY-20:22,9551.81,30-MAY-22:15,4111.51,30-MAY-21:02,0.00,01-MAY-00:10
,June,0.462323E+10,0.993060E+09,268.12,0.318003E+10,0.144320E+10,0.00,1.00,01-JUN-20:15,0.00,01-JUN-00:05,22012.77,17-JUN-20:32,15006.73,28-JUN-20:41,12154.82,17-JUN-21:42,4124.78,01-JUN-20:15,0.00,01-JUN-00:05
,July,0.940369E+10,0.197120E+10,408.93,0.609706E+10,0.330662E+10,0.00,1.00,01-JUL-13:50,0.00,01-JUL-00:05,22143.08,10-JUL-20:13,16709.55,30-JUL-17:51,12415.00,27-JUL-20:30,4161.39,25-JUL-20:15,0.00,01-JUL-00:05
,August,0.698309E+10,0.147436E+10,364.38,0.456121E+10,0.242188E+10,0.00,1.00,01-AUG-20:12,0.00,01-AUG-00:05,22122.28,22-AUG-23:22,16927.96,06-AUG-19:51,12964.40,23-AUG-00:15,4117.57,05-AUG-18:15,0.00,01-AUG-00:05
,September,0.310497E+10,0.659934E+09,165.31,0.201531E+10,0.108967E+10,0.00,1.00,01-SEP-01:55,0.00,01-SEP-00:05,21817.77,10-SEP-18:02,14491.38,03-SEP-17:20,12337.89,05-SEP-20:25,4069.11,10-SEP-17:23,0.00,01-SEP-00:05
,October,0.529732E+09,0.116190E+09,39.01,0.345117E+09,0.184615E+09,0.00,1.00,03-OCT-20:45,0.00,01-OCT-00:10,20905.30,05-OCT-01:35,12046.05,05-OCT-01:35,8989.73,04-OCT-20:12,3904.54,05-OCT-01:35,0.00,01-OCT-00:10
,November,0.00,0.00,0.00,0.00,0.00,0.00,0.00,01-NOV-00:10,0.00,01-NOV-00:10,0.00,01-NOV-00:10,0.00,01-NOV-00:10,0.00,01-NOV-00:10,0.00,01-NOV-00:10,0.00,01-NOV-00:10
,December,0.00,0.00,0.00,0.00,0.00,0.00,0.00,01-DEC-00:05,0.00,01-DEC-00:05,0.00,01-DEC-00:05,0.00,01-DEC-00:05,0.00,01-DEC-00:05,0.00,01-DEC-00:05,0.00,01-DEC-00:05
,,,,,,,,,,,,,,,,,,,,,
,Annual Sum or Average,0.258786E+11,0.548861E+10,1334.92,0.171258E+11,0.875273E+10,0.00,,,,,,,,,,,,,,
,Minimum of Months,0.00,0.00,0.00,0.00,0.00,0.00,0.00,,0.00,,0.00,,0.00,,0.00,,0.00,,0.00,
,Maximum of Months,0.940369E+10,0.197120E+10,408.93,0.609706E+10,0.330662E+10,0.00,1.00,,0.00,,22143.08,,16927.96,,12964.40,,4161.39,,0.00,


----------------------------------------------------------------------------------------------------
REPORT:,DXReportMonthly
FOR:,PSZ-AC_4:4 COOLING COIL
Custom Monthly Report

,,COOLING COIL TOTAL COOLING ENERGY [J],COOLING COIL ELECTRICITY ENERGY [J],COOLING COIL TOTAL COOLING ENERGY {HOURS NON-ZERO} [HOURS],COOLING COIL SENSIBLE COOLING ENERGY [J],COOLING COIL LATENT COOLING ENERGY [J],COOLING COIL CRANKCASE HEATER ELECTRICITY ENERGY [J],COOLING COIL RUNTIME FRACTION {Maximum} [],COOLING COIL RUNTIME FRACTION {TIMESTAMP},COOLING COIL RUNTIME FRACTION {MINIMUM} [],COOLING COIL RUNTIME FRACTION {TIMESTAMP},COOLING COIL TOTAL COOLING RATE {Maximum} [W],COOLING COIL TOTAL COOLING RATE {TIMESTAMP},COOLING COIL SENSIBLE COOLING RATE {Maximum} [W],COOLING COIL SENSIBLE COOLING RATE {TIMESTAMP},COOLING COIL LATENT COOLING RATE {Maximum} [W],COOLING COIL LATENT COOLING RATE {TIMESTAMP},COOLING COIL ELECTRICITY RATE {Maximum} [W],COOLING COIL ELECTRICITY RATE {TIMESTAMP},COOLING COIL CRANKCASE HEATER ELECTRICITY RATE {Maximum} [W],COOLING COIL CRANKCASE HEATER ELECTRICITY RATE {TIMESTAMP}
,January,0.00,0.00,0.00,0.00,0.00,0.00,0.00,01-JAN-00:03,0.00,01-JAN-00:03,0.00,01-JAN-00:03,0.00,01-JAN-00:03,0.00,01-JAN-00:03,0.00,01-JAN-00:03,0.00,01-JAN-00:03
,February,0.00,0.00,0.00,0.00,0.00,0.00,0.00,01-FEB-00:03,0.00,01-FEB-00:03,0.00,01-FEB-00:03,0.00,01-FEB-00:03,0.00,01-FEB-00:03,0.00,01-FEB-00:03,0.00,01-FEB-00:03
,March,0.00,0.00,0.00,0.00,0.00,0.00,0.00,01-MAR-00:05,0.00,01-MAR-00:05,0.00,01-MAR-00:05,0.00,01-MAR-00:05,0.00,01-MAR-00:05,0.00,01-MAR-00:05,0.00,01-MAR-00:05
,April,2837138.21,720838.01,1.83,2837138.21,0.00,0.00,0.09,30-APR-16:00,0.00,01-APR-00:03,637.14,30-APR-16:00,637.14,30-APR-16:00,0.00,30-APR-15:40,161.78,30-APR-16:00,0.00,01-APR-00:03
,May,0.119091E+10,0.265104E+09,85.14,0.894145E+09,0.296765E+09,0.00,1.00,23-MAY-20:14,0.00,01-MAY-00:10,21538.68,30-MAY-21:02,16745.06,25-MAY-20:22,9596.41,30-MAY-22:12,4123.02,30-MAY-21:02,0.00,01-MAY-00:10
,June,0.452854E+10,0.975142E+09,264.83,0.311486E+10,0.141368E+10,0.00,1.00,01-JUN-20:15,0.00,01-JUN-00:05,22065.48,17-JUN-20:32,15063.32,28-JUN-20:41,12156.01,17-JUN-22:03,4135.33,01-JUN-20:15,0.00,01-JUN-00:05
,July,0.926534E+10,0.194530E+10,405.54,0.600442E+10,0.326092E+10,0.00,1.00,01-JUL-13:50,0.00,01-JUL-00:05,22192.87,10-JUL-20:13,16729.11,30-JUL-17:51,12470.94,12-JUL-01:50,4171.97,25-JUL-20:15,0.00,01-JUL-00:05
,August,0.689233E+10,0.145767E+10,362.85,0.449877E+10,0.239356E+10,0.00,1.00,01-AUG-20:12,0.00,01-AUG-00:05,22178.35,22-AUG-23:22,16943.02,06-AUG-19:51,13036.63,23-AUG-00:34,4128.05,05-AUG-18:15,0.00,01-AUG-00:05
,September,0.304088E+10,0.647544E+09,160.97,0.197333E+10,0.106755E+10,0.00,1.00,01-SEP-00:05,0.00,01-SEP-00:10,21878.08,10-SEP-18:02,14521.76,03-SEP-17:12,12375.04,05-SEP-20:25,4080.58,10-SEP-17:13,0.00,01-SEP-00:05
,October,0.514688E+09,0.113216E+09,38.17,0.335226E+09,0.179462E+09,0.00,1.00,03-OCT-21:05,0.00,01-OCT-00:10,20955.85,05-OCT-03:43,12048.36,05-OCT-03:43,9024.71,04-OCT-20:12,3915.12,05-OCT-03:43,0.00,01-OCT-00:10
,November,0.00,0.00,0.00,0.00,0.00,0.00,0.00,01-NOV-00:10,0.00,01-NOV-00:10,0.00,01-NOV-00:10,0.00,01-NOV-00:10,0.00,01-NOV-00:10,0.00,01-NOV-00:10,0.00,01-NOV-00:10
,December,0.00,0.00,0.00,0.00,0.00,0.00,0.00,01-DEC-00:05,0.00,01-DEC-00:05,0.00,01-DEC-00:05,0.00,01-DEC-00:05,0.00,01-DEC-00:05,0.00,01-DEC-00:05,0.00,01-DEC-00:05
,,,,,,,,,,,,,,,,,,,,,
,Annual Sum or Average,0.254355E+11,0.540470E+10,1319.33,0.168236E+11,0.861194E+10,0.00,,,,,,,,,,,,,,
,Minimum of Months,0.00,0.00,0.00,0.00,0.00,0.00,0.00,,0.00,,0.00,,0.00,,0.00,,0.00,,0.00,
,Maximum of Months,0.926534E+10,0.194530E+10,405.54,0.600442E+10,0.326092E+10,0.00,1.00,,0.00,,22192.87,,16943.02,,13036.63,,4171.97,,0.00,


----------------------------------------------------------------------------------------------------
REPORT:,DXReportMonthly
FOR:,PSZ-AC_5:5 COOLING COIL
Custom Monthly Report

,,COOLING COIL TOTAL COOLING ENERGY [J],COOLING COIL ELECTRICITY ENERGY [J],COOLING COIL TOTAL COOLING ENERGY {HOURS NON-ZERO} [HOURS],COOLING COIL SENSIBLE COOLING ENERGY [J],COOLING COIL LATENT COOLING ENERGY [J],COOLING COIL CRANKCASE HEATER ELECTRICITY ENERGY [J],COOLING COIL RUNTIME FRACTION {Maximum} [],COOLING COIL RUNTIME FRACTION {TIMESTAMP},COOLING COIL RUNTIME FRACTION {MINIMUM} [],COOLING COIL RUNTIME FRACTION {TIMESTAMP},COOLING COIL TOTAL COOLING RATE {Maximum} [W],COOLING COIL TOTAL COOLING RATE {TIMESTAMP},COOLING COIL SENSIBLE COOLING RATE {Maximum} [W],COOLING COIL SENSIBLE COOLING RATE {TIMESTAMP},COOLING COIL LATENT COOLING RATE {Maximum} [W],COOLING COIL LATENT COOLING RATE {TIMESTAMP},COOLING COIL ELECTRICITY RATE {Maximum} [W],COOLING COIL ELECTRICITY RATE {TIMESTAMP},COOLING COIL CRANKCASE HEATER ELECTRICITY RATE {Maximum} [W],COOLING COIL CRANKCASE HEATER ELECTRICITY RATE {TIMESTAMP}
,January,0.00,0.00,0.00,0.00,0.00,0.00,0.00,01-JAN-00:03,0.00,01-JAN-00:03,0.00,01-JAN-00:03,0.00,01-JAN-00:03,0.00,01-JAN-00:03,0.00,01-JAN-00:03,0.00,01-JAN-00:03
,February,0.00,0.00,0.00,0.00,0.00,0.00,0.00,01-FEB-00:03,0.00,01-FEB-00:03,0.00,01-FEB-00:03,0.00,01-FEB-00:03,0.00,01-FEB-00:03,0.00,01-FEB-00:03,0.00,01-FEB-00:03
,March,0.00,0.00,0.00,0.00,0.00,0.00,0.00,01-MAR-00:05,0.00,01-MAR-00:05,0.00,01-MAR-00:05,0.00,01-MAR-00:05,0.00,01-MAR-00:05,0.00,01-MAR-00:05,0.00,01-MAR-00:05
,April,2283771.29,581021.60,1.67,2283771.29,-0.0,0.00,0.08,30-APR-16:00,0.00,01-APR-00:03,564.59,30-APR-16:00,564.59,30-APR-16:00,0.00,30-APR-15:00,143.56,30-APR-16:00,0.00,01-APR-00:03
,May,0.115679E+10,0.257567E+09,83.34,0.869296E+09,0.287497E+09,0.00,1.00,23-MAY-20:14,0.00,01-MAY-00:10,21415.08,30-MAY-21:02,15445.92,29-MAY-17:41,9364.92,30-MAY-21:30,4094.14,30-MAY-21:02,0.00,01-MAY-00:10
,June,0.442732E+10,0.953459E+09,262.46,0.305397E+10,0.137335E+10,0.00,1.00,01-JUN-21:02,0.00,01-JUN-00:05,21931.77,17-JUN-20:32,14903.83,25-JUN-17:35,11946.27,17-JUN-22:20,4098.17,17-JUN-20:32,0.00,01-JUN-00:05
,July,0.907841E+10,0.190632E+10,402.97,0.590140E+10,0.317701E+10,0.00,1.00,01-JUL-13:50,0.00,01-JUL-00:05,22057.18,10-JUL-20:13,16664.98,30-JUL-17:51,12425.66,12-JUL-01:47,4142.09,25-JUL-20:15,0.00,01-JUL-00:05
,August,0.675118E+10,0.142755E+10,358.05,0.441359E+10,0.233759E+10,0.00,1.00,01-AUG-20:12,0.00,01-AUG-00:05,22050.92,22-AUG-23:24,16876.85,06-AUG-19:51,12956.71,23-AUG-00:40,4088.06,08-AUG-23:05,0.00,01-AUG-00:05
,September,0.297603E+10,0.633630E+09,159.25,0.193540E+10,0.104063E+10,0.00,1.00,01-SEP-00:05,0.00,01-SEP-00:10,21745.72,10-SEP-18:02,14457.44,03-SEP-17:12,12233.98,05-SEP-21:32,4051.41,10-SEP-17:13,0.00,01-SEP-00:05
,October,0.490495E+09,0.108184E+09,37.39,0.320491E+09,0.170005E+09,0.00,1.00,04-OCT-20:12,0.00,01-OCT-00:10,20828.15,05-OCT-02:65,11988.82,05-OCT-02:65,8960.92,04-OCT-20:12,3887.26,05-OCT-02:65,0.00,01-OCT-00:10
,November,0.00,0.00,0.00,0.00,0.00,0.00,0.00,01-NOV-00:10,0.00,01-NOV-00:10,0.00,01-NOV-00:10,0.00,01-NOV-00:10,0.00,01-NOV-00:10,0.00,01-NOV-00:10,0.00,01-NOV-00:10
,December,0.00,0.00,0.00,0.00,0.00,0.00,0.00,01-DEC-00:05,0.00,01-DEC-00:05,0.00,01-DEC-00:05,0.00,01-DEC-00:05,0.00,01-DEC-00:05,0.00,01-DEC-00:05,0.00,01-DEC-00:05
,,,,,,,,,,,,,,,,,,,,,
,Annual Sum or Average,0.248825E+11,0.528730E+10,1305.13,0.164964E+11,0.838609E+10,0.00,,,,,,,,,,,,,,
,Minimum of Months,0.00,0.00,0.00,0.00,-0.0,0.00,0.00,,0.00,,0.00,,0.00,,0.00,,0.00,,0.00,
,Maximum of Months,0.907841E+10,0.190632E+10,402.97,0.590140E+10,0.317701E+10,0.00,1.00,,0.00,,22057.18,,16876.85,,12956.71,,4142.09,,0.00,


----------------------------------------------------------------------------------------------------
REPORT:,DXReportMonthly
FOR:,PSZ-AC_6:6 COOLING COIL
Custom Monthly Report

,,COOLING COIL TOTAL COOLING ENERGY [J],COOLING COIL ELECTRICITY ENERGY [J],COOLING COIL TOTAL COOLING ENERGY {HOURS NON-ZERO} [HOURS],COOLING COIL SENSIBLE COOLING ENERGY [J],COOLING COIL LATENT COOLING ENERGY [J],COOLING COIL CRANKCASE HEATER ELECTRICITY ENERGY [J],COOLING COIL RUNTIME FRACTION {Maximum} [],COOLING COIL RUNTIME FRACTION {TIMESTAMP},COOLING COIL RUNTIME FRACTION {MINIMUM} [],COOLING COIL RUNTIME FRACTION {TIMESTAMP},COOLING COIL TOTAL COOLING RATE {Maximum} [W],COOLING COIL TOTAL COOLING RATE {TIMESTAMP},COOLING COIL SENSIBLE COOLING RATE {Maximum} [W],COOLING COIL SENSIBLE COOLING RATE {TIMESTAMP},COOLING COIL LATENT COOLING RATE {Maximum} [W],COOLING COIL LATENT COOLING RATE {TIMESTAMP},COOLING COIL ELECTRICITY RATE {Maximum} [W],COOLING COIL ELECTRICITY RATE {TIMESTAMP},COOLING COIL CRANKCASE HEATER ELECTRICITY RATE {Maximum} [W],COOLING COIL CRANKCASE HEATER ELECTRICITY RATE {TIMESTAMP}
,January,0.00,0.00,0.00,0.00,0.00,0.00,0.00,01-JAN-00:03,0.00,01-JAN-00:03,0.00,01-JAN-00:03,0.00,01-JAN-00:03,0.00,01-JAN-00:03,0.00,01-JAN-00:03,0.00,01-JAN-00:03
,February,0.00,0.00,0.00,0.00,0.00,0.00,0.00,01-FEB-00:03,0.00,01-FEB-00:03,0.00,01-FEB-00:03,0.00,01-FEB-00:03,0.00,01-FEB-00:03,0.00,01-FEB-00:03,0.00,01-FEB-00:03
,March,0.00,0.00,0.00,0.00,0.00,0.00,0.00,01-MAR-00:05,0.00,01-MAR-00:05,0.00,01-MAR-00:05,0.00,01-MAR-00:05,0.00,01-MAR-00:05,0.00,01-MAR-00:05,0.00,01-MAR-00:05
,April,8725421.99,2168220.41,2.17,8725421.99,0.00,0.00,0.11,30-APR-16:00,0.00,01-APR-00:03,1463.30,30-APR-16:00,1463.30,30-APR-16:00,0.00,30-APR-14:50,364.08,30-APR-16:00,0.00,01-APR-00:03
,May,0.226097E+10,0.492637E+09,83.20,0.173106E+10,0.529912E+09,0.00,1.00,23-MAY-20:16,0.00,01-MAY-00:10,39393.44,30-MAY-21:30,29305.88,29-MAY-17:44,16838.99,30-MAY-21:30,7415.92,30-MAY-21:30,0.00,01-MAY-00:10
,June,0.866140E+10,0.182088E+10,258.45,0.607135E+10,0.259005E+10,0.00,1.00,01-JUN-21:02,0.00,01-JUN-00:05,40383.25,17-JUN-20:32,28155.31,25-JUN-17:35,22234.89,17-JUN-22:03,7439.91,17-JUN-20:32,0.00,01-JUN-00:05
,July,0.176555E+11,0.361830E+10,388.51,0.116171E+11,0.603840E+10,0.00,1.00,01-JUL-13:30,0.00,01-JUL-00:05,40614.67,10-JUL-20:13,31711.88,30-JUL-17:51,22879.96,12-JUL-06:45,7519.68,25-JUL-20:15,0.00,01-JUL-00:05
,August,0.132398E+11,0.272898E+10,348.88,0.875782E+10,0.448199E+10,0.00,1.00,01-AUG-00:05,0.00,01-AUG-00:10,40594.48,22-AUG-23:22,32126.51,06-AUG-19:51,23894.69,23-AUG-00:22,7422.25,08-AUG-23:05,0.00,01-AUG-00:05
,September,0.581414E+10,0.120742E+10,156.03,0.382745E+10,0.198669E+10,0.00,1.00,01-SEP-01:25,0.00,01-SEP-00:05,40381.68,02-SEP-05:55,27819.62,03-SEP-17:10,22590.11,05-SEP-21:32,7352.47,10-SEP-17:27,0.00,01-SEP-00:05
,October,0.996089E+09,0.214070E+09,37.32,0.656751E+09,0.339339E+09,0.00,1.00,03-OCT-21:13,0.00,01-OCT-00:10,38360.34,05-OCT-01:35,22408.19,05-OCT-03:25,16155.45,04-OCT-20:12,7059.47,05-OCT-01:35,0.00,01-OCT-00:10
,November,0.00,0.00,0.00,0.00,0.00,0.00,0.00,01-NOV-00:10,0.00,01-NOV-00:10,0.00,01-NOV-00:10,0.00,01-NOV-00:10,0.00,01-NOV-00:10,0.00,01-NOV-00:10,0.00,01-NOV-00:10
,December,0.00,0.00,0.00,0.00,0.00,0.00,0.00,01-DEC-00:05,0.00,01-DEC-00:05,0.00,01-DEC-00:05,0.00,01-DEC-00:05,0.00,01-DEC-00:05,0.00,01-DEC-00:05,0.00,01-DEC-00:05
,,,,,,,,,,,,,,,,,,,,,
,Annual Sum or Average,0.486366E+11,0.100845E+11,1274.56,0.326703E+11,0.159664E+11,0.00,,,,,,,,,,,,,,
,Minimum of Months,0.00,0.00,0.00,0.00,0.00,0.00,0.00,,0.00,,0.00,,0.00,,0.00,,0.00,,0.00,
,Maximum of Months,0.176555E+11,0.361830E+10,388.51,0.116171E+11,0.603840E+10,0.00,1.00,,0.00,,40614.67,,32126.51,,23894.69,,7519.68,,0.00,


----------------------------------------------------------------------------------------------------
REPORT:,DXReportMonthly
FOR:,PSZ-AC_7:7 COOLING COIL
Custom Monthly Report

,,COOLING COIL TOTAL COOLING ENERGY [J],COOLING COIL ELECTRICITY ENERGY [J],COOLING COIL TOTAL COOLING ENERGY {HOURS NON-ZERO} [HOURS],COOLING COIL SENSIBLE COOLING ENERGY [J],COOLING COIL LATENT COOLING ENERGY [J],COOLING COIL CRANKCASE HEATER ELECTRICITY ENERGY [J],COOLING COIL RUNTIME FRACTION {Maximum} [],COOLING COIL RUNTIME FRACTION {TIMESTAMP},COOLING COIL RUNTIME FRACTION {MINIMUM} [],COOLING COIL RUNTIME FRACTION {TIMESTAMP},COOLING COIL TOTAL COOLING RATE {Maximum} [W],COOLING COIL TOTAL COOLING RATE {TIMESTAMP},COOLING COIL SENSIBLE COOLING RATE {Maximum} [W],COOLING COIL SENSIBLE COOLING RATE {TIMESTAMP},COOLING COIL LATENT COOLING RATE {Maximum} [W],COOLING COIL LATENT COOLING RATE {TIMESTAMP},COOLING COIL ELECTRICITY RATE {Maximum} [W],COOLING COIL ELECTRICITY RATE {TIMESTAMP},COOLING COIL CRANKCASE HEATER ELECTRICITY RATE {Maximum} [W],COOLING COIL CRANKCASE HEATER ELECTRICITY RATE {TIMESTAMP}
,January,0.00,0.00,0.00,0.00,0.00,0.00,0.00,01-JAN-00:03,0.00,01-JAN-00:03,0.00,01-JAN-00:03,0.00,01-JAN-00:03,0.00,01-JAN-00:03,0.00,01-JAN-00:03,0.00,01-JAN-00:03
,February,0.00,0.00,0.00,0.00,0.00,0.00,0.00,01-FEB-00:03,0.00,01-FEB-00:03,0.00,01-FEB-00:03,0.00,01-FEB-00:03,0.00,01-FEB-00:03,0.00,01-FEB-00:03,0.00,01-FEB-00:03
,March,0.00,0.00,0.00,0.00,0.00,0.00,0.00,01-MAR-00:05,0.00,01-MAR-00:05,0.00,01-MAR-00:05,0.00,01-MAR-00:05,0.00,01-MAR-00:05,0.00,01-MAR-00:05,0.00,01-MAR-00:05
,April,3631001.89,908809.53,2.00,3631001.89,0.00,0.00,0.10,30-APR-16:00,0.00,01-APR-00:03,690.61,30-APR-16:00,690.61,30-APR-16:00,0.00,30-APR-14:30,172.91,30-APR-16:00,0.00,01-APR-00:03
,May,0.118207E+10,0.257811E+09,83.78,0.899380E+09,0.282687E+09,0.00,1.00,23-MAY-20:14,0.00,01-MAY-00:10,20261.27,30-MAY-21:02,15951.16,25-MAY-20:31,8945.18,30-MAY-22:45,3836.03,30-MAY-21:02,0.00,01-MAY-00:10
,June,0.449905E+10,0.948603E+09,258.55,0.314001E+10,0.135904E+10,0.00,1.00,01-JUN-20:15,0.00,01-JUN-00:05,20756.29,17-JUN-20:32,14430.54,28-JUN-20:41,11284.24,17-JUN-22:20,3847.40,01-JUN-20:15,0.00,01-JUN-00:05
,July,0.916657E+10,0.188540E+10,388.68,0.601024E+10,0.315633E+10,0.00,1.00,01-JUL-13:20,0.00,01-JUL-00:05,20873.28,10-JUL-20:13,16122.61,30-JUL-17:51,11775.39,12-JUL-06:45,3881.31,25-JUL-20:15,0.00,01-JUL-00:05
,August,0.689026E+10,0.142412E+10,349.53,0.454091E+10,0.234935E+10,0.00,1.00,01-AUG-20:12,0.00,01-AUG-00:05,20858.91,22-AUG-23:22,16335.31,06-AUG-19:51,12244.57,23-AUG-00:22,3840.70,05-AUG-18:15,0.00,01-AUG-00:05
,September,0.304997E+10,0.634496E+09,156.56,0.199796E+10,0.105201E+10,0.00,1.00,01-SEP-00:05,0.00,01-SEP-00:10,20597.25,02-SEP-05:05,14397.34,03-SEP-17:10,11634.38,05-SEP-20:25,3795.35,10-SEP-17:23,0.00,01-SEP-00:05
,October,0.527745E+09,0.113573E+09,37.87,0.346679E+09,0.181066E+09,0.00,1.00,03-OCT-21:13,0.00,01-OCT-00:10,19727.26,05-OCT-01:35,11437.57,05-OCT-03:35,8347.45,04-OCT-20:12,3644.91,05-OCT-01:35,0.00,01-OCT-00:10
,November,0.00,0.00,0.00,0.00,0.00,0.00,0.00,01-NOV-00:10,0.00,01-NOV-00:10,0.00,01-NOV-00:10,0.00,01-NOV-00:10,0.00,01-NOV-00:10,0.00,01-NOV-00:10,0.00,01-NOV-00:10
,December,0.00,0.00,0.00,0.00,0.00,0.00,0.00,01-DEC-00:05,0.00,01-DEC-00:05,0.00,01-DEC-00:05,0.00,01-DEC-00:05,0.00,01-DEC-00:05,0.00,01-DEC-00:05,0.00,01-DEC-00:05
,,,,,,,,,,,,,,,,,,,,,
,Annual Sum or Average,0.253193E+11,0.526491E+10,1276.97,0.169388E+11,0.838048E+10,0.00,,,,,,,,,,,,,,
,Minimum of Months,0.00,0.00,0.00,0.00,0.00,0.00,0.00,,0.00,,0.00,,0.00,,0.00,,0.00,,0.00,
,Maximum of Months,0.916657E+10,0.188540E+10,388.68,0.601024E+10,0.315633E+10,0.00,1.00,,0.00,,20873.28,,16335.31,,12244.57,,3881.31,,0.00,


----------------------------------------------------------------------------------------------------
REPORT:,DXReportMonthly
FOR:,PSZ-AC_8:8 COOLING COIL
Custom Monthly Report

,,COOLING COIL TOTAL COOLING ENERGY [J],COOLING COIL ELECTRICITY ENERGY [J],COOLING COIL TOTAL COOLING ENERGY {HOURS NON-ZERO} [HOURS],COOLING COIL SENSIBLE COOLING ENERGY [J],COOLING COIL LATENT COOLING ENERGY [J],COOLING COIL CRANKCASE HEATER ELECTRICITY ENERGY [J],COOLING COIL RUNTIME FRACTION {Maximum} [],COOLING COIL RUNTIME FRACTION {TIMESTAMP},COOLING COIL RUNTIME FRACTION {MINIMUM} [],COOLING COIL RUNTIME FRACTION {TIMESTAMP},COOLING COIL TOTAL COOLING RATE {Maximum} [W],COOLING COIL TOTAL COOLING RATE {TIMESTAMP},COOLING COIL SENSIBLE COOLING RATE {Maximum} [W],COOLING COIL SENSIBLE COOLING RATE {TIMESTAMP},COOLING COIL LATENT COOLING RATE {Maximum} [W],COOLING COIL LATENT COOLING RATE {TIMESTAMP},COOLING COIL ELECTRICITY RATE {Maximum} [W],COOLING COIL ELECTRICITY RATE {TIMESTAMP},COOLING COIL CRANKCASE HEATER ELECTRICITY RATE {Maximum} [W],COOLING COIL CRANKCASE HEATER ELECTRICITY RATE {TIMESTAMP}
,January,0.00,0.00,0.00,0.00,0.00,0.00,0.00,01-JAN-00:03,0.00,01-JAN-00:03,0.00,01-JAN-00:03,0.00,01-JAN-00:03,0.00,01-JAN-00:03,0.00,01-JAN-00:03,0.00,01-JAN-00:03
,February,0.00,0.00,0.00,0.00,0.00,0.00,0.00,01-FEB-00:03,0.00,01-FEB-00:03,0.00,01-FEB-00:03,0.00,01-FEB-00:03,0.00,01-FEB-00:03,0.00,01-FEB-00:03,0.00,01-FEB-00:03
,March,0.00,0.00,0.00,0.00,0.00,0.00,0.00,01-MAR-00:05,0.00,01-MAR-00:05,0.00,01-MAR-00:05,0.00,01-MAR-00:05,0.00,01-MAR-00:05,0.00,01-MAR-00:05,0.00,01-MAR-00:05
,April,3271453.83,819332.92,2.00,3271453.83,0.00,0.00,0.10,30-APR-16:00,0.00,01-APR-00:03,649.58,30-APR-16:00,649.58,30-APR-16:00,0.00,30-APR-15:40,162.76,30-APR-16:00,0.00,01-APR-00:03
,May,0.113471E+10,0.248158E+09,81.82,0.864309E+09,0.270397E+09,0.00,1.00,23-MAY-20:16,0.00,01-MAY-00:10,20194.64,30-MAY-21:02,14873.83,29-MAY-17:41,8681.88,30-MAY-21:30,3819.61,30-MAY-21:02,0.00,01-MAY-00:10
,June,0.439621E+10,0.927046E+09,254.66,0.306586E+10,0.133035E+10,0.00,1.00,01-JUN-21:02,0.00,01-JUN-00:05,20680.71,17-JUN-20:32,14308.58,25-JUN-17:35,11248.65,17-JUN-22:20,3823.15,17-JUN-20:32,0.00,01-JUN-00:05
,July,0.904946E+10,0.186143E+10,388.07,0.593982E+10,0.310964E+10,0.00,1.00,01-JUL-13:20,0.00,01-JUL-00:05,20796.46,10-JUL-20:13,16087.66,30-JUL-17:51,11771.00,12-JUL-06:45,3864.04,25-JUL-20:15,0.00,01-JUL-00:05
,August,0.679971E+10,0.140552E+10,347.67,0.448660E+10,0.231311E+10,0.00,1.00,01-AUG-20:12,0.00,01-AUG-00:05,20783.62,22-AUG-23:22,16299.30,06-AUG-19:51,12221.05,23-AUG-00:34,3823.65,05-AUG-18:15,0.00,01-AUG-00:05
,September,0.300751E+10,0.625670E+09,154.94,0.197134E+10,0.103617E+10,0.00,1.00,01-SEP-00:05,0.00,01-SEP-00:10,20563.29,02-SEP-06:15,14205.36,03-SEP-17:10,11533.82,05-SEP-21:32,3778.63,10-SEP-17:23,0.00,01-SEP-00:05
,October,0.509264E+09,0.109796E+09,37.23,0.334799E+09,0.174465E+09,0.00,1.00,04-OCT-20:12,0.00,01-OCT-00:10,19644.69,05-OCT-03:43,11421.92,05-OCT-03:43,8316.61,04-OCT-20:12,3627.49,05-OCT-03:43,0.00,01-OCT-00:10
,November,0.00,0.00,0.00,0.00,0.00,0.00,0.00,01-NOV-00:10,0.00,01-NOV-00:10,0.00,01-NOV-00:10,0.00,01-NOV-00:10,0.00,01-NOV-00:10,0.00,01-NOV-00:10,0.00,01-NOV-00:10
,December,0.00,0.00,0.00,0.00,0.00,0.00,0.00,01-DEC-00:05,0.00,01-DEC-00:05,0.00,01-DEC-00:05,0.00,01-DEC-00:05,0.00,01-DEC-00:05,0.00,01-DEC-00:05,0.00,01-DEC-00:05
,,,,,,,,,,,,,,,,,,,,,
,Annual Sum or Average,0.249001E+11,0.517844E+10,1266.38,0.166660E+11,0.823413E+10,0.00,,,,,,,,,,,,,,
,Minimum of Months,0.00,0.00,0.00,0.00,0.00,0.00,0.00,,0.00,,0.00,,0.00,,0.00,,0.00,,0.00,
,Maximum of Months,0.904946E+10,0.186143E+10,388.07,0.593982E+10,0.310964E+10,0.00,1.00,,0.00,,20796.46,,16299.30,,12221.05,,3864.04,,0.00,


----------------------------------------------------------------------------------------------------
REPORT:,DXReportMonthly
FOR:,PSZ-AC_9:9 COOLING COIL
Custom Monthly Report

,,COOLING COIL TOTAL COOLING ENERGY [J],COOLING COIL ELECTRICITY ENERGY [J],COOLING COIL TOTAL COOLING ENERGY {HOURS NON-ZERO} [HOURS],COOLING COIL SENSIBLE COOLING ENERGY [J],COOLING COIL LATENT COOLING ENERGY [J],COOLING COIL CRANKCASE HEATER ELECTRICITY ENERGY [J],COOLING COIL RUNTIME FRACTION {Maximum} [],COOLING COIL RUNTIME FRACTION {TIMESTAMP},COOLING COIL RUNTIME FRACTION {MINIMUM} [],COOLING COIL RUNTIME FRACTION {TIMESTAMP},COOLING COIL TOTAL COOLING RATE {Maximum} [W],COOLING COIL TOTAL COOLING RATE {TIMESTAMP},COOLING COIL SENSIBLE COOLING RATE {Maximum} [W],COOLING COIL SENSIBLE COOLING RATE {TIMESTAMP},COOLING COIL LATENT COOLING RATE {Maximum} [W],COOLING COIL LATENT COOLING RATE {TIMESTAMP},COOLING COIL ELECTRICITY RATE {Maximum} [W],COOLING COIL ELECTRICITY RATE {TIMESTAMP},COOLING COIL CRANKCASE HEATER ELECTRICITY RATE {Maximum} [W],COOLING COIL CRANKCASE HEATER ELECTRICITY RATE {TIMESTAMP}
,January,0.00,0.00,0.00,0.00,0.00,0.00,0.00,01-JAN-00:03,0.00,01-JAN-00:03,0.00,01-JAN-00:03,0.00,01-JAN-00:03,0.00,01-JAN-00:03,0.00,01-JAN-00:03,0.00,01-JAN-00:03
,February,0.00,0.00,0.00,0.00,0.00,0.00,0.00,01-FEB-00:03,0.00,01-FEB-00:03,0.00,01-FEB-00:03,0.00,01-FEB-00:03,0.00,01-FEB-00:03,0.00,01-FEB-00:03,0.00,01-FEB-00:03
,March,0.00,0.00,0.00,0.00,0.00,0.00,0.00,01-MAR-00:05,0.00,01-MAR-00:05,0.00,01-MAR-00:05,0.00,01-MAR-00:05,0.00,01-MAR-00:05,0.00,01-MAR-00:05,0.00,01-MAR-00:05
,April,2267107.52,569895.75,1.67,2267107.52,-0.0,0.00,0.08,30-APR-16:00,0.00,01-APR-00:03,517.74,30-APR-16:00,517.74,30-APR-16:00,0.00,30-APR-15:50,130.19,30-APR-16:00,0.00,01-APR-00:03
,May,0.102623E+10,0.225547E+09,75.69,0.780780E+09,0.245447E+09,0.00,1.00,23-MAY-20:25,0.00,01-MAY-00:10,20099.39,30-MAY-20:25,13390.38,23-MAY-20:25,8459.96,30-MAY-20:25,3808.42,30-MAY-20:25,0.00,01-MAY-00:10
,June,0.408247E+10,0.863004E+09,241.34,0.284989E+10,0.123259E+10,0.00,1.00,01-JUN-21:02,0.00,01-JUN-00:05,20544.65,17-JUN-20:32,14207.20,25-JUN-17:52,11199.79,17-JUN-22:20,3792.37,17-JUN-20:32,0.00,01-JUN-00:05
,July,0.874209E+10,0.179915E+10,379.94,0.574722E+10,0.299487E+10,0.00,1.00,01-JUL-13:20,0.00,01-JUL-00:05,20653.04,10-JUL-20:13,16008.50,30-JUL-17:12,11578.31,12-JUL-02:65,3832.58,25-JUL-20:15,0.00,01-JUL-00:05
,August,0.652418E+10,0.134963E+10,337.74,0.431491E+10,0.220927E+10,0.00,1.00,01-AUG-20:12,0.00,01-AUG-00:05,20655.91,22-AUG-23:24,16230.68,06-AUG-19:51,12144.04,22-AUG-23:24,3783.01,08-AUG-23:05,0.00,01-AUG-00:05
,September,0.285227E+10,0.594858E+09,147.66,0.188286E+10,0.969413E+09,0.00,1.00,01-SEP-00:15,0.00,01-SEP-00:05,20475.62,02-SEP-05:55,13875.93,03-SEP-17:10,11277.37,02-SEP-05:55,3747.92,10-SEP-17:30,0.00,01-SEP-00:05
,October,0.449176E+09,97681594.43,35.99,0.296312E+09,0.152864E+09,0.00,1.00,04-OCT-20:15,0.00,01-OCT-00:10,19557.18,05-OCT-00:55,11233.38,04-OCT-23:02,8332.81,05-OCT-00:55,3604.66,05-OCT-00:55,0.00,01-OCT-00:10
,November,0.00,0.00,0.00,0.00,0.00,0.00,0.00,01-NOV-00:10,0.00,01-NOV-00:10,0.00,01-NOV-00:10,0.00,01-NOV-00:10,0.00,01-NOV-00:10,0.00,01-NOV-00:10,0.00,01-NOV-00:10
,December,0.00,0.00,0.00,0.00,0.00,0.00,0.00,01-DEC-00:05,0.00,01-DEC-00:05,0.00,01-DEC-00:05,0.00,01-DEC-00:05,0.00,01-DEC-00:05,0.00,01-DEC-00:05,0.00,01-DEC-00:05
,,,,,,,,,,,,,,,,,,,,,
,Annual Sum or Average,0.236787E+11,0.493044E+10,1220.02,0.158742E+11,0.780445E+10,0.00,,,,,,,,,,,,,,
,Minimum of Months,0.00,0.00,0.00,0.00,-0.0,0.00,0.00,,0.00,,0.00,,0.00,,0.00,,0.00,,0.00,
,Maximum of Months,0.874209E+10,0.179915E+10,379.94,0.574722E+10,0.299487E+10,0.00,1.00,,0.00,,20655.91,,16230.68,,12144.04,,3832.58,,0.00,


----------------------------------------------------------------------------------------------------
REPORT:,DXReportMonthly
FOR:,PSZ-AC_10:10 COOLING COIL
Custom Monthly Report

,,COOLING COIL TOTAL COOLING ENERGY [J],COOLING COIL ELECTRICITY ENERGY [J],COOLING COIL TOTAL COOLING ENERGY {HOURS NON-ZERO} [HOURS],COOLING COIL SENSIBLE COOLING ENERGY [J],COOLING COIL LATENT COOLING ENERGY [J],COOLING COIL CRANKCASE HEATER ELECTRICITY ENERGY [J],COOLING COIL RUNTIME FRACTION {Maximum} [],COOLING COIL RUNTIME FRACTION {TIMESTAMP},COOLING COIL RUNTIME FRACTION {MINIMUM} [],COOLING COIL RUNTIME FRACTION {TIMESTAMP},COOLING COIL TOTAL COOLING RATE {Maximum} [W],COOLING COIL TOTAL COOLING RATE {TIMESTAMP},COOLING COIL SENSIBLE COOLING RATE {Maximum} [W],COOLING COIL SENSIBLE COOLING RATE {TIMESTAMP},COOLING COIL LATENT COOLING RATE {Maximum} [W],COOLING COIL LATENT COOLING RATE {TIMESTAMP},COOLING COIL ELECTRICITY RATE {Maximum} [W],COOLING COIL ELECTRICITY RATE {TIMESTAMP},COOLING COIL CRANKCASE HEATER ELECTRICITY RATE {Maximum} [W],COOLING COIL CRANKCASE HEATER ELECTRICITY RATE {TIMESTAMP}
,January,0.00,0.00,0.00,0.00,0.00,0.00,0.00,01-JAN-00:03,0.00,01-JAN-00:03,0.00,01-JAN-00:03,0.00,01-JAN-00:03,0.00,01-JAN-00:03,0.00,01-JAN-00:03,0.00,01-JAN-00:03
,February,0.00,0.00,0.00,0.00,0.00,0.00,0.00,01-FEB-00:03,0.00,01-FEB-00:03,0.00,01-FEB-00:03,0.00,01-FEB-00:03,0.00,01-FEB-00:03,0.00,01-FEB-00:03,0.00,01-FEB-00:03
,March,0.00,0.00,0.00,0.00,0.00,0.00,0.00,01-MAR-00:05,0.00,01-MAR-00:05,0.00,01-MAR-00:05,0.00,01-MAR-00:05,0.00,01-MAR-00:05,0.00,01-MAR-00:05,0.00,01-MAR-00:05
,April,176504.61,45098.04,0.50,176504.61,0.00,0.00,0.02,30-APR-16:00,0.00,01-APR-00:03,135.36,30-APR-16:00,135.36,30-APR-16:00,0.00,30-APR-15:50,34.59,30-APR-16:00,0.00,01-APR-00:03
,May,0.914097E+09,0.202848E+09,66.67,0.695708E+09,0.218389E+09,0.00,0.95,31-MAY-12:30,0.00,01-MAY-00:10,9834.26,31-MAY-12:20,7762.69,23-MAY-15:00,3473.42,31-MAY-12:10,1964.31,31-MAY-12:30,0.00,01-MAY-00:10
,June,0.370571E+10,0.791208E+09,216.09,0.260081E+10,0.110489E+10,0.00,1.00,01-JUN-21:12,0.00,01-JUN-00:05,21519.68,17-JUN-20:34,14280.13,10-JUN-19:52,11438.70,17-JUN-20:34,3970.05,17-JUN-20:34,0.00,01-JUN-00:05
,July,0.844571E+10,0.175081E+10,356.74,0.559158E+10,0.285413E+10,0.00,1.00,01-JUL-13:20,0.00,01-JUL-00:05,21602.16,11-JUL-22:12,16749.20,30-JUL-17:51,12248.27,27-JUL-20:23,4341.12,02-JUL-17:10,0.00,01-JUL-00:05
,August,0.628062E+10,0.130665E+10,315.18,0.418522E+10,0.209540E+10,0.00,1.00,01-AUG-20:12,0.00,01-AUG-00:05,21104.73,19-AUG-01:17,16990.01,06-AUG-19:51,10951.93,10-AUG-23:23,3967.60,05-AUG-18:15,0.00,01-AUG-00:05
,September,0.269655E+10,0.566573E+09,138.09,0.181081E+10,0.885747E+09,0.00,1.00,01-SEP-20:13,0.00,01-SEP-00:05,21261.00,10-SEP-17:30,14409.24,03-SEP-17:12,11178.56,06-SEP-20:37,3925.60,01-SEP-20:13,0.00,01-SEP-00:05
,October,0.402012E+09,88556510.04,33.16,0.266742E+09,0.135270E+09,0.00,1.00,04-OCT-20:27,0.00,01-OCT-00:10,20322.81,04-OCT-20:32,11620.68,04-OCT-20:32,8702.13,04-OCT-20:32,3756.86,04-OCT-20:32,0.00,01-OCT-00:10
,November,0.00,0.00,0.00,0.00,0.00,0.00,0.00,01-NOV-00:10,0.00,01-NOV-00:10,0.00,01-NOV-00:10,0.00,01-NOV-00:10,0.00,01-NOV-00:10,0.00,01-NOV-00:10,0.00,01-NOV-00:10
,December,0.00,0.00,0.00,0.00,0.00,0.00,0.00,01-DEC-00:05,0.00,01-DEC-00:05,0.00,01-DEC-00:05,0.00,01-DEC-00:05,0.00,01-DEC-00:05,0.00,01-DEC-00:05,0.00,01-DEC-00:05
,,,,,,,,,,,,,,,,,,,,,
,Annual Sum or Average,0.224449E+11,0.470669E+10,1126.42,0.151510E+11,0.729384E+10,0.00,,,,,,,,,,,,,,
,Minimum of Months,0.00,0.00,0.00,0.00,0.00,0.00,0.00,,0.00,,0.00,,0.00,,0.00,,0.00,,0.00,
,Maximum of Months,0.844571E+10,0.175081E+10,356.74,0.559158E+10,0.285413E+10,0.00,1.00,,0.00,,21602.16,,16990.01,,12248.27,,4341.12,,0.00,


----------------------------------------------------------------------------------------------------
REPORT:,WindowReportMonthly
FOR:,LGSTORE1_WALL_1_WINDOW_1
Custom Monthly Report

,,SURFACE WINDOW TRANSMITTED SOLAR RADIATION RATE [W],SURFACE WINDOW TRANSMITTED BEAM SOLAR RADIATION RATE [W],SURFACE WINDOW TRANSMITTED DIFFUSE SOLAR RADIATION RATE [W],SURFACE WINDOW HEAT GAIN RATE [W],SURFACE WINDOW HEAT LOSS RATE [W],SURFACE WINDOW INSIDE FACE GLAZING CONDENSATION STATUS {HOURS NON-ZERO} [HOURS],SURFACE SHADING DEVICE IS ON TIME FRACTION {HOURS NON-ZERO} [HOURS],SURFACE STORM WINDOW ON OFF STATUS {HOURS NON-ZERO} [HOURS]
,January,85.74,50.05,35.69,68.82,111.05,0.00,0.00,0.00
,February,94.81,43.50,51.31,71.57,111.80,0.00,0.00,0.00
,March,113.94,56.40,57.54,111.07,78.00,0.00,0.00,0.00
,April,99.19,38.03,61.16,103.73,54.74,0.00,0.00,0.00
,May,88.43,24.29,64.14,104.32,36.23,0.00,0.00,0.00
,June,80.64,15.69,64.95,100.31,26.71,0.00,0.00,0.00
,July,84.44,19.28,65.15,115.33,19.95,0.00,0.00,0.00
,August,100.71,34.90,65.81,132.06,25.16,0.00,0.00,0.00
,September,103.44,47.82,55.62,126.92,35.21,0.00,0.00,0.00
,October,103.27,55.28,47.99,115.18,50.53,0.00,0.00,0.00
,November,64.77,29.87,34.89,54.16,74.76,0.00,0.00,0.00
,December,63.64,31.04,32.60,45.52,104.19,0.00,0.00,0.00
,,,,,,,,,
,Annual Sum or Average,90.25,37.18,53.07,95.94,60.41,0.00,0.00,0.00
,Minimum of Months,63.64,15.69,32.60,45.52,19.95,0.00,0.00,0.00
,Maximum of Months,113.94,56.40,65.81,132.06,111.80,0.00,0.00,0.00


----------------------------------------------------------------------------------------------------
REPORT:,WindowReportMonthly
FOR:,LGSTORE1_WALL_1_WINDOW_2
Custom Monthly Report

,,SURFACE WINDOW TRANSMITTED SOLAR RADIATION RATE [W],SURFACE WINDOW TRANSMITTED BEAM SOLAR RADIATION RATE [W],SURFACE WINDOW TRANSMITTED DIFFUSE SOLAR RADIATION RATE [W],SURFACE WINDOW HEAT GAIN RATE [W],SURFACE WINDOW HEAT LOSS RATE [W],SURFACE WINDOW INSIDE FACE GLAZING CONDENSATION STATUS {HOURS NON-ZERO} [HOURS],SURFACE SHADING DEVICE IS ON TIME FRACTION {HOURS NON-ZERO} [HOURS],SURFACE STORM WINDOW ON OFF STATUS {HOURS NON-ZERO} [HOURS]
,January,85.74,50.05,35.69,68.82,111.05,0.00,0.00,0.00
,February,94.81,43.50,51.31,71.57,111.80,0.00,0.00,0.00
,March,113.94,56.40,57.54,111.07,78.00,0.00,0.00,0.00
,April,99.19,38.03,61.16,103.73,54.74,0.00,0.00,0.00
,May,88.43,24.29,64.14,104.32,36.23,0.00,0.00,0.00
,June,80.64,15.69,64.95,100.31,26.71,0.00,0.00,0.00
,July,84.44,19.28,65.15,115.33,19.95,0.00,0.00,0.00
,August,100.71,34.90,65.81,132.06,25.16,0.00,0.00,0.00
,September,103.44,47.82,55.62,126.92,35.21,0.00,0.00,0.00
,October,103.27,55.28,47.99,115.18,50.53,0.00,0.00,0.00
,November,64.77,29.87,34.89,54.16,74.76,0.00,0.00,0.00
,December,63.64,31.04,32.60,45.52,104.19,0.00,0.00,0.00
,,,,,,,,,
,Annual Sum or Average,90.25,37.18,53.07,95.94,60.41,0.00,0.00,0.00
,Minimum of Months,63.64,15.69,32.60,45.52,19.95,0.00,0.00,0.00
,Maximum of Months,113.94,56.40,65.81,132.06,111.80,0.00,0.00,0.00


----------------------------------------------------------------------------------------------------
REPORT:,WindowReportMonthly
FOR:,LGSTORE1_WALL_1_WINDOW_3
Custom Monthly Report

,,SURFACE WINDOW TRANSMITTED SOLAR RADIATION RATE [W],SURFACE WINDOW TRANSMITTED BEAM SOLAR RADIATION RATE [W],SURFACE WINDOW TRANSMITTED DIFFUSE SOLAR RADIATION RATE [W],SURFACE WINDOW HEAT GAIN RATE [W],SURFACE WINDOW HEAT LOSS RATE [W],SURFACE WINDOW INSIDE FACE GLAZING CONDENSATION STATUS {HOURS NON-ZERO} [HOURS],SURFACE SHADING DEVICE IS ON TIME FRACTION {HOURS NON-ZERO} [HOURS],SURFACE STORM WINDOW ON OFF STATUS {HOURS NON-ZERO} [HOURS]
,January,85.74,50.05,35.69,68.82,111.05,0.00,0.00,0.00
,February,94.81,43.50,51.31,71.57,111.80,0.00,0.00,0.00
,March,113.94,56.40,57.54,111.07,78.00,0.00,0.00,0.00
,April,99.19,38.03,61.16,103.73,54.74,0.00,0.00,0.00
,May,88.43,24.29,64.14,104.32,36.23,0.00,0.00,0.00
,June,80.64,15.69,64.95,100.31,26.71,0.00,0.00,0.00
,July,84.44,19.28,65.15,115.33,19.95,0.00,0.00,0.00
,August,100.71,34.90,65.81,132.06,25.16,0.00,0.00,0.00
,September,103.44,47.82,55.62,126.92,35.21,0.00,0.00,0.00
,October,103.27,55.28,47.99,115.18,50.53,0.00,0.00,0.00
,November,64.77,29.87,34.89,54.16,74.76,0.00,0.00,0.00
,December,63.64,31.04,32.60,45.52,104.19,0.00,0.00,0.00
,,,,,,,,,
,Annual Sum or Average,90.25,37.18,53.07,95.94,60.41,0.00,0.00,0.00
,Minimum of Months,63.64,15.69,32.60,45.52,19.95,0.00,0.00,0.00
,Maximum of Months,113.94,56.40,65.81,132.06,111.80,0.00,0.00,0.00


----------------------------------------------------------------------------------------------------
REPORT:,WindowReportMonthly
FOR:,LGSTORE1_WALL_1_WINDOW_4
Custom Monthly Report

,,SURFACE WINDOW TRANSMITTED SOLAR RADIATION RATE [W],SURFACE WINDOW TRANSMITTED BEAM SOLAR RADIATION RATE [W],SURFACE WINDOW TRANSMITTED DIFFUSE SOLAR RADIATION RATE [W],SURFACE WINDOW HEAT GAIN RATE [W],SURFACE WINDOW HEAT LOSS RATE [W],SURFACE WINDOW INSIDE FACE GLAZING CONDENSATION STATUS {HOURS NON-ZERO} [HOURS],SURFACE SHADING DEVICE IS ON TIME FRACTION {HOURS NON-ZERO} [HOURS],SURFACE STORM WINDOW ON OFF STATUS {HOURS NON-ZERO} [HOURS]
,January,85.74,50.05,35.69,68.82,111.05,0.00,0.00,0.00
,February,94.81,43.50,51.31,71.57,111.80,0.00,0.00,0.00
,March,113.94,56.40,57.54,111.07,78.00,0.00,0.00,0.00
,April,99.19,38.03,61.16,103.73,54.74,0.00,0.00,0.00
,May,88.43,24.29,64.14,104.32,36.23,0.00,0.00,0.00
,June,80.64,15.69,64.95,100.31,26.71,0.00,0.00,0.00
,July,84.44,19.28,65.15,115.33,19.95,0.00,0.00,0.00
,August,100.71,34.90,65.81,132.06,25.16,0.00,0.00,0.00
,September,103.44,47.82,55.62,126.92,35.21,0.00,0.00,0.00
,October,103.27,55.28,47.99,115.18,50.53,0.00,0.00,0.00
,November,64.77,29.87,34.89,54.16,74.76,0.00,0.00,0.00
,December,63.64,31.04,32.60,45.52,104.19,0.00,0.00,0.00
,,,,,,,,,
,Annual Sum or Average,90.25,37.18,53.07,95.94,60.41,0.00,0.00,0.00
,Minimum of Months,63.64,15.69,32.60,45.52,19.95,0.00,0.00,0.00
,Maximum of Months,113.94,56.40,65.81,132.06,111.80,0.00,0.00,0.00


----------------------------------------------------------------------------------------------------
REPORT:,WindowReportMonthly
FOR:,LGSTORE1_WALL_1_DOOR_1
Custom Monthly Report

,,SURFACE WINDOW TRANSMITTED SOLAR RADIATION RATE [W],SURFACE WINDOW TRANSMITTED BEAM SOLAR RADIATION RATE [W],SURFACE WINDOW TRANSMITTED DIFFUSE SOLAR RADIATION RATE [W],SURFACE WINDOW HEAT GAIN RATE [W],SURFACE WINDOW HEAT LOSS RATE [W],SURFACE WINDOW INSIDE FACE GLAZING CONDENSATION STATUS {HOURS NON-ZERO} [HOURS],SURFACE SHADING DEVICE IS ON TIME FRACTION {HOURS NON-ZERO} [HOURS],SURFACE STORM WINDOW ON OFF STATUS {HOURS NON-ZERO} [HOURS]
,January,103.08,60.17,42.91,83.39,131.14,0.00,0.00,0.00
,February,113.98,52.29,61.68,86.90,132.03,0.00,0.00,0.00
,March,136.97,67.80,69.17,134.32,92.20,0.00,0.00,0.00
,April,119.24,45.72,73.52,125.30,64.82,0.00,0.00,0.00
,May,106.31,29.20,77.11,125.76,43.03,0.00,0.00,0.00
,June,96.95,18.87,78.08,120.77,31.81,0.00,0.00,0.00
,July,101.51,23.18,78.32,138.65,23.85,0.00,0.00,0.00
,August,121.07,41.95,79.12,158.91,30.02,0.00,0.00,0.00
,September,124.35,57.49,66.87,152.85,41.89,0.00,0.00,0.00
,October,124.14,66.46,57.69,138.92,59.94,0.00,0.00,0.00
,November,77.86,35.91,41.95,65.61,88.45,0.00,0.00,0.00
,December,76.51,37.32,39.19,55.24,123.11,0.00,0.00,0.00
,,,,,,,,,
,Annual Sum or Average,108.49,44.69,63.80,115.78,71.53,0.00,0.00,0.00
,Minimum of Months,76.51,18.87,39.19,55.24,23.85,0.00,0.00,0.00
,Maximum of Months,136.97,67.80,79.12,158.91,132.03,0.00,0.00,0.00


----------------------------------------------------------------------------------------------------
REPORT:,WindowReportMonthly
FOR:,LGSTORE1_WALL_1_DOOR_2
Custom Monthly Report

,,SURFACE WINDOW TRANSMITTED SOLAR RADIATION RATE [W],SURFACE WINDOW TRANSMITTED BEAM SOLAR RADIATION RATE [W],SURFACE WINDOW TRANSMITTED DIFFUSE SOLAR RADIATION RATE [W],SURFACE WINDOW HEAT GAIN RATE [W],SURFACE WINDOW HEAT LOSS RATE [W],SURFACE WINDOW INSIDE FACE GLAZING CONDENSATION STATUS {HOURS NON-ZERO} [HOURS],SURFACE SHADING DEVICE IS ON TIME FRACTION {HOURS NON-ZERO} [HOURS],SURFACE STORM WINDOW ON OFF STATUS {HOURS NON-ZERO} [HOURS]
,January,103.08,60.17,42.91,83.39,131.14,0.00,0.00,0.00
,February,113.98,52.29,61.68,86.90,132.03,0.00,0.00,0.00
,March,136.97,67.80,69.17,134.32,92.20,0.00,0.00,0.00
,April,119.24,45.72,73.52,125.30,64.82,0.00,0.00,0.00
,May,106.31,29.20,77.11,125.76,43.03,0.00,0.00,0.00
,June,96.95,18.87,78.08,120.77,31.81,0.00,0.00,0.00
,July,101.51,23.18,78.32,138.65,23.85,0.00,0.00,0.00
,August,121.07,41.95,79.12,158.91,30.02,0.00,0.00,0.00
,September,124.35,57.49,66.87,152.85,41.89,0.00,0.00,0.00
,October,124.14,66.46,57.69,138.92,59.94,0.00,0.00,0.00
,November,77.86,35.91,41.95,65.61,88.45,0.00,0.00,0.00
,December,76.51,37.32,39.19,55.24,123.11,0.00,0.00,0.00
,,,,,,,,,
,Annual Sum or Average,108.49,44.69,63.80,115.78,71.53,0.00,0.00,0.00
,Minimum of Months,76.51,18.87,39.19,55.24,23.85,0.00,0.00,0.00
,Maximum of Months,136.97,67.80,79.12,158.91,132.03,0.00,0.00,0.00


----------------------------------------------------------------------------------------------------
REPORT:,WindowReportMonthly
FOR:,SMSTORE1_WALL_1_WINDOW_1
Custom Monthly Report

,,SURFACE WINDOW TRANSMITTED SOLAR RADIATION RATE [W],SURFACE WINDOW TRANSMITTED BEAM SOLAR RADIATION RATE [W],SURFACE WINDOW TRANSMITTED DIFFUSE SOLAR RADIATION RATE [W],SURFACE WINDOW HEAT GAIN RATE [W],SURFACE WINDOW HEAT LOSS RATE [W],SURFACE WINDOW INSIDE FACE GLAZING CONDENSATION STATUS {HOURS NON-ZERO} [HOURS],SURFACE SHADING DEVICE IS ON TIME FRACTION {HOURS NON-ZERO} [HOURS],SURFACE STORM WINDOW ON OFF STATUS {HOURS NON-ZERO} [HOURS]
,January,85.74,50.05,35.69,67.90,114.20,0.00,0.00,0.00
,February,94.81,43.50,51.31,70.42,114.79,0.00,0.00,0.00
,March,113.94,56.40,57.54,109.73,80.94,0.00,0.00,0.00
,April,99.19,38.03,61.16,102.35,57.81,0.00,0.00,0.00
,May,88.43,24.29,64.14,102.56,39.74,0.00,0.00,0.00
,June,80.64,15.69,64.95,99.37,27.86,0.00,0.00,0.00
,July,84.44,19.28,65.15,115.17,19.81,0.00,0.00,0.00
,August,100.71,34.90,65.81,131.72,25.23,0.00,0.00,0.00
,September,103.44,47.82,55.62,125.95,37.35,0.00,0.00,0.00
,October,103.27,55.28,47.99,113.97,53.97,0.00,0.00,0.00
,November,64.77,29.87,34.89,53.38,77.71,0.00,0.00,0.00
,December,63.64,31.04,32.60,44.81,107.20,0.00,0.00,0.00
,,,,,,,,,
,Annual Sum or Average,90.25,37.18,53.07,94.97,62.77,0.00,0.00,0.00
,Minimum of Months,63.64,15.69,32.60,44.81,19.81,0.00,0.00,0.00
,Maximum of Months,113.94,56.40,65.81,131.72,114.79,0.00,0.00,0.00


----------------------------------------------------------------------------------------------------
REPORT:,WindowReportMonthly
FOR:,SMSTORE1_WALL_1_WINDOW_2
Custom Monthly Report

,,SURFACE WINDOW TRANSMITTED SOLAR RADIATION RATE [W],SURFACE WINDOW TRANSMITTED BEAM SOLAR RADIATION RATE [W],SURFACE WINDOW TRANSMITTED DIFFUSE SOLAR RADIATION RATE [W],SURFACE WINDOW HEAT GAIN RATE [W],SURFACE WINDOW HEAT LOSS RATE [W],SURFACE WINDOW INSIDE FACE GLAZING CONDENSATION STATUS {HOURS NON-ZERO} [HOURS],SURFACE SHADING DEVICE IS ON TIME FRACTION {HOURS NON-ZERO} [HOURS],SURFACE STORM WINDOW ON OFF STATUS {HOURS NON-ZERO} [HOURS]
,January,85.74,50.05,35.69,67.90,114.20,0.00,0.00,0.00
,February,94.81,43.50,51.31,70.42,114.79,0.00,0.00,0.00
,March,113.94,56.40,57.54,109.73,80.94,0.00,0.00,0.00
,April,99.19,38.03,61.16,102.35,57.81,0.00,0.00,0.00
,May,88.43,24.29,64.14,102.56,39.74,0.00,0.00,0.00
,June,80.64,15.69,64.95,99.37,27.86,0.00,0.00,0.00
,July,84.44,19.28,65.15,115.17,19.81,0.00,0.00,0.00
,August,100.71,34.90,65.81,131.72,25.23,0.00,0.00,0.00
,September,103.44,47.82,55.62,125.95,37.35,0.00,0.00,0.00
,October,103.27,55.28,47.99,113.97,53.97,0.00,0.00,0.00
,November,64.77,29.87,34.89,53.38,77.71,0.00,0.00,0.00
,December,63.64,31.04,32.60,44.81,107.20,0.00,0.00,0.00
,,,,,,,,,
,Annual Sum or Average,90.25,37.18,53.07,94.97,62.77,0.00,0.00,0.00
,Minimum of Months,63.64,15.69,32.60,44.81,19.81,0.00,0.00,0.00
,Maximum of Months,113.94,56.40,65.81,131.72,114.79,0.00,0.00,0.00


----------------------------------------------------------------------------------------------------
REPORT:,WindowReportMonthly
FOR:,SMSTORE1_WALL_1_DOOR
Custom Monthly Report

,,SURFACE WINDOW TRANSMITTED SOLAR RADIATION RATE [W],SURFACE WINDOW TRANSMITTED BEAM SOLAR RADIATION RATE [W],SURFACE WINDOW TRANSMITTED DIFFUSE SOLAR RADIATION RATE [W],SURFACE WINDOW HEAT GAIN RATE [W],SURFACE WINDOW HEAT LOSS RATE [W],SURFACE WINDOW INSIDE FACE GLAZING CONDENSATION STATUS {HOURS NON-ZERO} [HOURS],SURFACE SHADING DEVICE IS ON TIME FRACTION {HOURS NON-ZERO} [HOURS],SURFACE STORM WINDOW ON OFF STATUS {HOURS NON-ZERO} [HOURS]
,January,103.08,60.17,42.91,82.31,134.82,0.00,0.00,0.00
,February,113.98,52.29,61.68,85.56,135.51,0.00,0.00,0.00
,March,136.97,67.80,69.17,132.77,95.63,0.00,0.00,0.00
,April,119.24,45.72,73.52,123.69,68.41,0.00,0.00,0.00
,May,106.31,29.20,77.11,123.70,47.13,0.00,0.00,0.00
,June,96.95,18.87,78.08,119.68,33.15,0.00,0.00,0.00
,July,101.51,23.18,78.32,138.49,23.68,0.00,0.00,0.00
,August,121.07,41.95,79.12,158.54,30.10,0.00,0.00,0.00
,September,124.35,57.49,66.87,151.73,44.38,0.00,0.00,0.00
,October,124.14,66.46,57.69,137.52,63.94,0.00,0.00,0.00
,November,77.86,35.91,41.95,64.70,91.88,0.00,0.00,0.00
,December,76.51,37.32,39.19,54.40,126.61,0.00,0.00,0.00
,,,,,,,,,
,Annual Sum or Average,108.49,44.69,63.80,114.66,74.27,0.00,0.00,0.00
,Minimum of Months,76.51,18.87,39.19,54.40,23.68,0.00,0.00,0.00
,Maximum of Months,136.97,67.80,79.12,158.54,135.51,0.00,0.00,0.00


----------------------------------------------------------------------------------------------------
REPORT:,WindowReportMonthly
FOR:,SMSTORE2_WALL_1_WINDOW_1
Custom Monthly Report

,,SURFACE WINDOW TRANSMITTED SOLAR RADIATION RATE [W],SURFACE WINDOW TRANSMITTED BEAM SOLAR RADIATION RATE [W],SURFACE WINDOW TRANSMITTED DIFFUSE SOLAR RADIATION RATE [W],SURFACE WINDOW HEAT GAIN RATE [W],SURFACE WINDOW HEAT LOSS RATE [W],SURFACE WINDOW INSIDE FACE GLAZING CONDENSATION STATUS {HOURS NON-ZERO} [HOURS],SURFACE SHADING DEVICE IS ON TIME FRACTION {HOURS NON-ZERO} [HOURS],SURFACE STORM WINDOW ON OFF STATUS {HOURS NON-ZERO} [HOURS]
,January,85.74,50.05,35.69,67.99,113.45,0.00,0.00,0.00
,February,94.81,43.50,51.31,70.50,114.19,0.00,0.00,0.00
,March,113.94,56.40,57.54,109.93,79.80,0.00,0.00,0.00
,April,99.19,38.03,61.16,102.71,56.16,0.00,0.00,0.00
,May,88.43,24.29,64.14,103.04,38.44,0.00,0.00,0.00
,June,80.64,15.69,64.95,99.63,27.84,0.00,0.00,0.00
,July,84.44,19.28,65.15,115.29,19.94,0.00,0.00,0.00
,August,100.71,34.90,65.81,131.93,25.37,0.00,0.00,0.00
,September,103.44,47.82,55.62,126.36,36.58,0.00,0.00,0.00
,October,103.27,55.28,47.99,114.44,52.15,0.00,0.00,0.00
,November,64.77,29.87,34.89,53.59,76.04,0.00,0.00,0.00
,December,63.64,31.04,32.60,44.92,106.26,0.00,0.00,0.00
,,,,,,,,,
,Annual Sum or Average,90.25,37.18,53.07,95.22,61.90,0.00,0.00,0.00
,Minimum of Months,63.64,15.69,32.60,44.92,19.94,0.00,0.00,0.00
,Maximum of Months,113.94,56.40,65.81,131.93,114.19,0.00,0.00,0.00


----------------------------------------------------------------------------------------------------
REPORT:,WindowReportMonthly
FOR:,SMSTORE2_WALL_1_WINDOW_2
Custom Monthly Report

,,SURFACE WINDOW TRANSMITTED SOLAR RADIATION RATE [W],SURFACE WINDOW TRANSMITTED BEAM SOLAR RADIATION RATE [W],SURFACE WINDOW TRANSMITTED DIFFUSE SOLAR RADIATION RATE [W],SURFACE WINDOW HEAT GAIN RATE [W],SURFACE WINDOW HEAT LOSS RATE [W],SURFACE WINDOW INSIDE FACE GLAZING CONDENSATION STATUS {HOURS NON-ZERO} [HOURS],SURFACE SHADING DEVICE IS ON TIME FRACTION {HOURS NON-ZERO} [HOURS],SURFACE STORM WINDOW ON OFF STATUS {HOURS NON-ZERO} [HOURS]
,January,85.74,50.05,35.69,67.99,113.45,0.00,0.00,0.00
,February,94.81,43.50,51.31,70.50,114.19,0.00,0.00,0.00
,March,113.94,56.40,57.54,109.93,79.80,0.00,0.00,0.00
,April,99.19,38.03,61.16,102.71,56.16,0.00,0.00,0.00
,May,88.43,24.29,64.14,103.04,38.44,0.00,0.00,0.00
,June,80.64,15.69,64.95,99.63,27.84,0.00,0.00,0.00
,July,84.44,19.28,65.15,115.29,19.94,0.00,0.00,0.00
,August,100.71,34.90,65.81,131.93,25.37,0.00,0.00,0.00
,September,103.44,47.82,55.62,126.36,36.58,0.00,0.00,0.00
,October,103.27,55.28,47.99,114.44,52.15,0.00,0.00,0.00
,November,64.77,29.87,34.89,53.59,76.04,0.00,0.00,0.00
,December,63.64,31.04,32.60,44.92,106.26,0.00,0.00,0.00
,,,,,,,,,
,Annual Sum or Average,90.25,37.18,53.07,95.22,61.90,0.00,0.00,0.00
,Minimum of Months,63.64,15.69,32.60,44.92,19.94,0.00,0.00,0.00
,Maximum of Months,113.94,56.40,65.81,131.93,114.19,0.00,0.00,0.00


----------------------------------------------------------------------------------------------------
REPORT:,WindowReportMonthly
FOR:,SMSTORE2_WALL_1_DOOR
Custom Monthly Report

,,SURFACE WINDOW TRANSMITTED SOLAR RADIATION RATE [W],SURFACE WINDOW TRANSMITTED BEAM SOLAR RADIATION RATE [W],SURFACE WINDOW TRANSMITTED DIFFUSE SOLAR RADIATION RATE [W],SURFACE WINDOW HEAT GAIN RATE [W],SURFACE WINDOW HEAT LOSS RATE [W],SURFACE WINDOW INSIDE FACE GLAZING CONDENSATION STATUS {HOURS NON-ZERO} [HOURS],SURFACE SHADING DEVICE IS ON TIME FRACTION {HOURS NON-ZERO} [HOURS],SURFACE STORM WINDOW ON OFF STATUS {HOURS NON-ZERO} [HOURS]
,January,102.52,59.84,42.67,81.97,133.19,0.00,0.00,0.00
,February,113.35,52.01,61.35,85.19,134.06,0.00,0.00,0.00
,March,136.23,67.43,68.79,132.28,93.77,0.00,0.00,0.00
,April,118.59,45.47,73.12,123.44,66.11,0.00,0.00,0.00
,May,105.73,29.04,76.69,123.59,45.36,0.00,0.00,0.00
,June,96.42,18.76,77.66,119.33,32.94,0.00,0.00,0.00
,July,100.95,23.05,77.90,137.88,23.70,0.00,0.00,0.00
,August,120.41,41.72,78.68,157.92,30.09,0.00,0.00,0.00
,September,123.67,57.17,66.50,151.39,43.24,0.00,0.00,0.00
,October,123.46,66.09,57.37,137.33,61.48,0.00,0.00,0.00
,November,77.43,35.72,41.72,64.60,89.43,0.00,0.00,0.00
,December,76.09,37.12,38.98,54.25,124.82,0.00,0.00,0.00
,,,,,,,,,
,Annual Sum or Average,107.90,44.45,63.46,114.33,72.85,0.00,0.00,0.00
,Minimum of Months,76.09,18.76,38.98,54.25,23.70,0.00,0.00,0.00
,Maximum of Months,136.23,67.43,78.68,157.92,134.06,0.00,0.00,0.00


----------------------------------------------------------------------------------------------------
REPORT:,WindowReportMonthly
FOR:,SMSTORE3_WALL_1_WINDOW_1
Custom Monthly Report

,,SURFACE WINDOW TRANSMITTED SOLAR RADIATION RATE [W],SURFACE WINDOW TRANSMITTED BEAM SOLAR RADIATION RATE [W],SURFACE WINDOW TRANSMITTED DIFFUSE SOLAR RADIATION RATE [W],SURFACE WINDOW HEAT GAIN RATE [W],SURFACE WINDOW HEAT LOSS RATE [W],SURFACE WINDOW INSIDE FACE GLAZING CONDENSATION STATUS {HOURS NON-ZERO} [HOURS],SURFACE SHADING DEVICE IS ON TIME FRACTION {HOURS NON-ZERO} [HOURS],SURFACE STORM WINDOW ON OFF STATUS {HOURS NON-ZERO} [HOURS]
,January,85.74,50.05,35.69,68.01,113.28,0.00,0.00,0.00
,February,94.81,43.50,51.31,70.52,114.04,0.00,0.00,0.00
,March,113.94,56.40,57.54,109.99,79.55,0.00,0.00,0.00
,April,99.19,38.03,61.16,102.83,55.75,0.00,0.00,0.00
,May,88.43,24.29,64.14,103.26,37.91,0.00,0.00,0.00
,June,80.64,15.69,64.95,99.70,27.70,0.00,0.00,0.00
,July,84.44,19.28,65.15,115.31,19.91,0.00,0.00,0.00
,August,100.71,34.90,65.81,131.95,25.30,0.00,0.00,0.00
,September,103.44,47.82,55.62,126.51,36.20,0.00,0.00,0.00
,October,103.27,55.28,47.99,114.63,51.56,0.00,0.00,0.00
,November,64.77,29.87,34.89,53.64,75.72,0.00,0.00,0.00
,December,63.64,31.04,32.60,44.95,106.07,0.00,0.00,0.00
,,,,,,,,,
,Annual Sum or Average,90.25,37.18,53.07,95.30,61.63,0.00,0.00,0.00
,Minimum of Months,63.64,15.69,32.60,44.95,19.91,0.00,0.00,0.00
,Maximum of Months,113.94,56.40,65.81,131.95,114.04,0.00,0.00,0.00


----------------------------------------------------------------------------------------------------
REPORT:,WindowReportMonthly
FOR:,SMSTORE3_WALL_1_WINDOW_2
Custom Monthly Report

,,SURFACE WINDOW TRANSMITTED SOLAR RADIATION RATE [W],SURFACE WINDOW TRANSMITTED BEAM SOLAR RADIATION RATE [W],SURFACE WINDOW TRANSMITTED DIFFUSE SOLAR RADIATION RATE [W],SURFACE WINDOW HEAT GAIN RATE [W],SURFACE WINDOW HEAT LOSS RATE [W],SURFACE WINDOW INSIDE FACE GLAZING CONDENSATION STATUS {HOURS NON-ZERO} [HOURS],SURFACE SHADING DEVICE IS ON TIME FRACTION {HOURS NON-ZERO} [HOURS],SURFACE STORM WINDOW ON OFF STATUS {HOURS NON-ZERO} [HOURS]
,January,85.74,50.05,35.69,68.01,113.28,0.00,0.00,0.00
,February,94.81,43.50,51.31,70.52,114.04,0.00,0.00,0.00
,March,113.94,56.40,57.54,109.99,79.55,0.00,0.00,0.00
,April,99.19,38.03,61.16,102.83,55.75,0.00,0.00,0.00
,May,88.43,24.29,64.14,103.26,37.91,0.00,0.00,0.00
,June,80.64,15.69,64.95,99.70,27.70,0.00,0.00,0.00
,July,84.44,19.28,65.15,115.31,19.91,0.00,0.00,0.00
,August,100.71,34.90,65.81,131.95,25.30,0.00,0.00,0.00
,September,103.44,47.82,55.62,126.51,36.20,0.00,0.00,0.00
,October,103.27,55.28,47.99,114.63,51.56,0.00,0.00,0.00
,November,64.77,29.87,34.89,53.64,75.72,0.00,0.00,0.00
,December,63.64,31.04,32.60,44.95,106.07,0.00,0.00,0.00
,,,,,,,,,
,Annual Sum or Average,90.25,37.18,53.07,95.30,61.63,0.00,0.00,0.00
,Minimum of Months,63.64,15.69,32.60,44.95,19.91,0.00,0.00,0.00
,Maximum of Months,113.94,56.40,65.81,131.95,114.04,0.00,0.00,0.00


----------------------------------------------------------------------------------------------------
REPORT:,WindowReportMonthly
FOR:,SMSTORE3_WALL_1_DOOR
Custom Monthly Report

,,SURFACE WINDOW TRANSMITTED SOLAR RADIATION RATE [W],SURFACE WINDOW TRANSMITTED BEAM SOLAR RADIATION RATE [W],SURFACE WINDOW TRANSMITTED DIFFUSE SOLAR RADIATION RATE [W],SURFACE WINDOW HEAT GAIN RATE [W],SURFACE WINDOW HEAT LOSS RATE [W],SURFACE WINDOW INSIDE FACE GLAZING CONDENSATION STATUS {HOURS NON-ZERO} [HOURS],SURFACE SHADING DEVICE IS ON TIME FRACTION {HOURS NON-ZERO} [HOURS],SURFACE STORM WINDOW ON OFF STATUS {HOURS NON-ZERO} [HOURS]
,January,102.52,59.84,42.67,81.99,132.99,0.00,0.00,0.00
,February,113.35,52.01,61.35,85.21,133.88,0.00,0.00,0.00
,March,136.23,67.43,68.79,132.35,93.47,0.00,0.00,0.00
,April,118.59,45.47,73.12,123.59,65.63,0.00,0.00,0.00
,May,105.73,29.04,76.69,123.85,44.74,0.00,0.00,0.00
,June,96.42,18.76,77.66,119.42,32.78,0.00,0.00,0.00
,July,100.95,23.05,77.90,137.90,23.66,0.00,0.00,0.00
,August,120.41,41.72,78.68,157.95,30.01,0.00,0.00,0.00
,September,123.67,57.17,66.50,151.56,42.79,0.00,0.00,0.00
,October,123.46,66.09,57.37,137.56,60.78,0.00,0.00,0.00
,November,77.43,35.72,41.72,64.67,89.05,0.00,0.00,0.00
,December,76.09,37.12,38.98,54.28,124.59,0.00,0.00,0.00
,,,,,,,,,
,Annual Sum or Average,107.90,44.45,63.46,114.43,72.53,0.00,0.00,0.00
,Minimum of Months,76.09,18.76,38.98,54.28,23.66,0.00,0.00,0.00
,Maximum of Months,136.23,67.43,78.68,157.95,133.88,0.00,0.00,0.00


----------------------------------------------------------------------------------------------------
REPORT:,WindowReportMonthly
FOR:,SMSTORE4_WALL_1_WINDOW_1
Custom Monthly Report

,,SURFACE WINDOW TRANSMITTED SOLAR RADIATION RATE [W],SURFACE WINDOW TRANSMITTED BEAM SOLAR RADIATION RATE [W],SURFACE WINDOW TRANSMITTED DIFFUSE SOLAR RADIATION RATE [W],SURFACE WINDOW HEAT GAIN RATE [W],SURFACE WINDOW HEAT LOSS RATE [W],SURFACE WINDOW INSIDE FACE GLAZING CONDENSATION STATUS {HOURS NON-ZERO} [HOURS],SURFACE SHADING DEVICE IS ON TIME FRACTION {HOURS NON-ZERO} [HOURS],SURFACE STORM WINDOW ON OFF STATUS {HOURS NON-ZERO} [HOURS]
,January,85.74,50.05,35.69,68.02,113.23,0.00,0.00,0.00
,February,94.81,43.50,51.31,70.54,114.00,0.00,0.00,0.00
,March,113.94,56.40,57.54,110.01,79.50,0.00,0.00,0.00
,April,99.19,38.03,61.16,102.89,55.65,0.00,0.00,0.00
,May,88.43,24.29,64.14,103.35,37.72,0.00,0.00,0.00
,June,80.64,15.69,64.95,99.71,27.67,0.00,0.00,0.00
,July,84.44,19.28,65.15,115.30,19.94,0.00,0.00,0.00
,August,100.71,34.90,65.81,131.94,25.35,0.00,0.00,0.00
,September,103.44,47.82,55.62,126.55,36.10,0.00,0.00,0.00
,October,103.27,55.28,47.99,114.70,51.37,0.00,0.00,0.00
,November,64.77,29.87,34.89,53.67,75.65,0.00,0.00,0.00
,December,63.64,31.04,32.60,44.96,106.02,0.00,0.00,0.00
,,,,,,,,,
,Annual Sum or Average,90.25,37.18,53.07,95.33,61.56,0.00,0.00,0.00
,Minimum of Months,63.64,15.69,32.60,44.96,19.94,0.00,0.00,0.00
,Maximum of Months,113.94,56.40,65.81,131.94,114.00,0.00,0.00,0.00


----------------------------------------------------------------------------------------------------
REPORT:,WindowReportMonthly
FOR:,SMSTORE4_WALL_1_WINDOW_2
Custom Monthly Report

,,SURFACE WINDOW TRANSMITTED SOLAR RADIATION RATE [W],SURFACE WINDOW TRANSMITTED BEAM SOLAR RADIATION RATE [W],SURFACE WINDOW TRANSMITTED DIFFUSE SOLAR RADIATION RATE [W],SURFACE WINDOW HEAT GAIN RATE [W],SURFACE WINDOW HEAT LOSS RATE [W],SURFACE WINDOW INSIDE FACE GLAZING CONDENSATION STATUS {HOURS NON-ZERO} [HOURS],SURFACE SHADING DEVICE IS ON TIME FRACTION {HOURS NON-ZERO} [HOURS],SURFACE STORM WINDOW ON OFF STATUS {HOURS NON-ZERO} [HOURS]
,January,85.74,50.05,35.69,68.02,113.23,0.00,0.00,0.00
,February,94.81,43.50,51.31,70.54,114.00,0.00,0.00,0.00
,March,113.94,56.40,57.54,110.01,79.50,0.00,0.00,0.00
,April,99.19,38.03,61.16,102.89,55.65,0.00,0.00,0.00
,May,88.43,24.29,64.14,103.35,37.72,0.00,0.00,0.00
,June,80.64,15.69,64.95,99.71,27.67,0.00,0.00,0.00
,July,84.44,19.28,65.15,115.30,19.94,0.00,0.00,0.00
,August,100.71,34.90,65.81,131.94,25.35,0.00,0.00,0.00
,September,103.44,47.82,55.62,126.55,36.10,0.00,0.00,0.00
,October,103.27,55.28,47.99,114.70,51.37,0.00,0.00,0.00
,November,64.77,29.87,34.89,53.67,75.65,0.00,0.00,0.00
,December,63.64,31.04,32.60,44.96,106.02,0.00,0.00,0.00
,,,,,,,,,
,Annual Sum or Average,90.25,37.18,53.07,95.33,61.56,0.00,0.00,0.00
,Minimum of Months,63.64,15.69,32.60,44.96,19.94,0.00,0.00,0.00
,Maximum of Months,113.94,56.40,65.81,131.94,114.00,0.00,0.00,0.00


----------------------------------------------------------------------------------------------------
REPORT:,WindowReportMonthly
FOR:,SMSTORE4_WALL_1_DOOR
Custom Monthly Report

,,SURFACE WINDOW TRANSMITTED SOLAR RADIATION RATE [W],SURFACE WINDOW TRANSMITTED BEAM SOLAR RADIATION RATE [W],SURFACE WINDOW TRANSMITTED DIFFUSE SOLAR RADIATION RATE [W],SURFACE WINDOW HEAT GAIN RATE [W],SURFACE WINDOW HEAT LOSS RATE [W],SURFACE WINDOW INSIDE FACE GLAZING CONDENSATION STATUS {HOURS NON-ZERO} [HOURS],SURFACE SHADING DEVICE IS ON TIME FRACTION {HOURS NON-ZERO} [HOURS],SURFACE STORM WINDOW ON OFF STATUS {HOURS NON-ZERO} [HOURS]
,January,102.52,59.84,42.67,82.01,132.93,0.00,0.00,0.00
,February,113.35,52.01,61.35,85.23,133.84,0.00,0.00,0.00
,March,136.23,67.43,68.79,132.38,93.41,0.00,0.00,0.00
,April,118.59,45.47,73.12,123.66,65.51,0.00,0.00,0.00
,May,105.73,29.04,76.69,123.97,44.51,0.00,0.00,0.00
,June,96.42,18.76,77.66,119.43,32.74,0.00,0.00,0.00
,July,100.95,23.05,77.90,137.88,23.70,0.00,0.00,0.00
,August,120.41,41.72,78.68,157.93,30.06,0.00,0.00,0.00
,September,123.67,57.17,66.50,151.62,42.68,0.00,0.00,0.00
,October,123.46,66.09,57.37,137.64,60.56,0.00,0.00,0.00
,November,77.43,35.72,41.72,64.70,88.96,0.00,0.00,0.00
,December,76.09,37.12,38.98,54.30,124.53,0.00,0.00,0.00
,,,,,,,,,
,Annual Sum or Average,107.90,44.45,63.46,114.46,72.45,0.00,0.00,0.00
,Minimum of Months,76.09,18.76,38.98,54.30,23.70,0.00,0.00,0.00
,Maximum of Months,136.23,67.43,78.68,157.93,133.84,0.00,0.00,0.00


----------------------------------------------------------------------------------------------------
REPORT:,WindowReportMonthly
FOR:,LGSTORE2_WALL_1_WINDOW_1
Custom Monthly Report

,,SURFACE WINDOW TRANSMITTED SOLAR RADIATION RATE [W],SURFACE WINDOW TRANSMITTED BEAM SOLAR RADIATION RATE [W],SURFACE WINDOW TRANSMITTED DIFFUSE SOLAR RADIATION RATE [W],SURFACE WINDOW HEAT GAIN RATE [W],SURFACE WINDOW HEAT LOSS RATE [W],SURFACE WINDOW INSIDE FACE GLAZING CONDENSATION STATUS {HOURS NON-ZERO} [HOURS],SURFACE SHADING DEVICE IS ON TIME FRACTION {HOURS NON-ZERO} [HOURS],SURFACE STORM WINDOW ON OFF STATUS {HOURS NON-ZERO} [HOURS]
,January,85.74,50.05,35.69,68.50,112.25,0.00,0.00,0.00
,February,94.81,43.50,51.31,71.14,113.09,0.00,0.00,0.00
,March,113.94,56.40,57.54,110.63,78.95,0.00,0.00,0.00
,April,99.19,38.03,61.16,103.36,55.38,0.00,0.00,0.00
,May,88.43,24.29,64.14,103.54,37.67,0.00,0.00,0.00
,June,80.64,15.69,64.95,99.74,27.75,0.00,0.00,0.00
,July,84.44,19.28,65.15,115.37,20.02,0.00,0.00,0.00
,August,100.71,34.90,65.81,132.08,25.38,0.00,0.00,0.00
,September,103.44,47.82,55.62,126.66,36.22,0.00,0.00,0.00
,October,103.27,55.28,47.99,115.02,51.26,0.00,0.00,0.00
,November,64.77,29.87,34.89,54.06,75.12,0.00,0.00,0.00
,December,63.64,31.04,32.60,45.34,105.13,0.00,0.00,0.00
,,,,,,,,,
,Annual Sum or Average,90.25,37.18,53.07,95.65,61.24,0.00,0.00,0.00
,Minimum of Months,63.64,15.69,32.60,45.34,20.02,0.00,0.00,0.00
,Maximum of Months,113.94,56.40,65.81,132.08,113.09,0.00,0.00,0.00


----------------------------------------------------------------------------------------------------
REPORT:,WindowReportMonthly
FOR:,LGSTORE2_WALL_1_WINDOW_2
Custom Monthly Report

,,SURFACE WINDOW TRANSMITTED SOLAR RADIATION RATE [W],SURFACE WINDOW TRANSMITTED BEAM SOLAR RADIATION RATE [W],SURFACE WINDOW TRANSMITTED DIFFUSE SOLAR RADIATION RATE [W],SURFACE WINDOW HEAT GAIN RATE [W],SURFACE WINDOW HEAT LOSS RATE [W],SURFACE WINDOW INSIDE FACE GLAZING CONDENSATION STATUS {HOURS NON-ZERO} [HOURS],SURFACE SHADING DEVICE IS ON TIME FRACTION {HOURS NON-ZERO} [HOURS],SURFACE STORM WINDOW ON OFF STATUS {HOURS NON-ZERO} [HOURS]
,January,85.74,50.05,35.69,68.50,112.25,0.00,0.00,0.00
,February,94.81,43.50,51.31,71.14,113.09,0.00,0.00,0.00
,March,113.94,56.40,57.54,110.63,78.95,0.00,0.00,0.00
,April,99.19,38.03,61.16,103.36,55.38,0.00,0.00,0.00
,May,88.43,24.29,64.14,103.54,37.67,0.00,0.00,0.00
,June,80.64,15.69,64.95,99.74,27.75,0.00,0.00,0.00
,July,84.44,19.28,65.15,115.37,20.02,0.00,0.00,0.00
,August,100.71,34.90,65.81,132.08,25.38,0.00,0.00,0.00
,September,103.44,47.82,55.62,126.66,36.22,0.00,0.00,0.00
,October,103.27,55.28,47.99,115.02,51.26,0.00,0.00,0.00
,November,64.77,29.87,34.89,54.06,75.12,0.00,0.00,0.00
,December,63.64,31.04,32.60,45.34,105.13,0.00,0.00,0.00
,,,,,,,,,
,Annual Sum or Average,90.25,37.18,53.07,95.65,61.24,0.00,0.00,0.00
,Minimum of Months,63.64,15.69,32.60,45.34,20.02,0.00,0.00,0.00
,Maximum of Months,113.94,56.40,65.81,132.08,113.09,0.00,0.00,0.00


----------------------------------------------------------------------------------------------------
REPORT:,WindowReportMonthly
FOR:,LGSTORE2_WALL_1_WINDOW_3
Custom Monthly Report

,,SURFACE WINDOW TRANSMITTED SOLAR RADIATION RATE [W],SURFACE WINDOW TRANSMITTED BEAM SOLAR RADIATION RATE [W],SURFACE WINDOW TRANSMITTED DIFFUSE SOLAR RADIATION RATE [W],SURFACE WINDOW HEAT GAIN RATE [W],SURFACE WINDOW HEAT LOSS RATE [W],SURFACE WINDOW INSIDE FACE GLAZING CONDENSATION STATUS {HOURS NON-ZERO} [HOURS],SURFACE SHADING DEVICE IS ON TIME FRACTION {HOURS NON-ZERO} [HOURS],SURFACE STORM WINDOW ON OFF STATUS {HOURS NON-ZERO} [HOURS]
,January,85.74,50.05,35.69,68.50,112.25,0.00,0.00,0.00
,February,94.81,43.50,51.31,71.14,113.09,0.00,0.00,0.00
,March,113.94,56.40,57.54,110.63,78.95,0.00,0.00,0.00
,April,99.19,38.03,61.16,103.36,55.38,0.00,0.00,0.00
,May,88.43,24.29,64.14,103.54,37.67,0.00,0.00,0.00
,June,80.64,15.69,64.95,99.74,27.75,0.00,0.00,0.00
,July,84.44,19.28,65.15,115.37,20.02,0.00,0.00,0.00
,August,100.71,34.90,65.81,132.08,25.38,0.00,0.00,0.00
,September,103.44,47.82,55.62,126.66,36.22,0.00,0.00,0.00
,October,103.27,55.28,47.99,115.02,51.26,0.00,0.00,0.00
,November,64.77,29.87,34.89,54.06,75.12,0.00,0.00,0.00
,December,63.64,31.04,32.60,45.34,105.13,0.00,0.00,0.00
,,,,,,,,,
,Annual Sum or Average,90.25,37.18,53.07,95.65,61.24,0.00,0.00,0.00
,Minimum of Months,63.64,15.69,32.60,45.34,20.02,0.00,0.00,0.00
,Maximum of Months,113.94,56.40,65.81,132.08,113.09,0.00,0.00,0.00


----------------------------------------------------------------------------------------------------
REPORT:,WindowReportMonthly
FOR:,LGSTORE2_WALL_1_WINDOW_4
Custom Monthly Report

,,SURFACE WINDOW TRANSMITTED SOLAR RADIATION RATE [W],SURFACE WINDOW TRANSMITTED BEAM SOLAR RADIATION RATE [W],SURFACE WINDOW TRANSMITTED DIFFUSE SOLAR RADIATION RATE [W],SURFACE WINDOW HEAT GAIN RATE [W],SURFACE WINDOW HEAT LOSS RATE [W],SURFACE WINDOW INSIDE FACE GLAZING CONDENSATION STATUS {HOURS NON-ZERO} [HOURS],SURFACE SHADING DEVICE IS ON TIME FRACTION {HOURS NON-ZERO} [HOURS],SURFACE STORM WINDOW ON OFF STATUS {HOURS NON-ZERO} [HOURS]
,January,85.74,50.05,35.69,68.50,112.25,0.00,0.00,0.00
,February,94.81,43.50,51.31,71.14,113.09,0.00,0.00,0.00
,March,113.94,56.40,57.54,110.63,78.95,0.00,0.00,0.00
,April,99.19,38.03,61.16,103.36,55.38,0.00,0.00,0.00
,May,88.43,24.29,64.14,103.54,37.67,0.00,0.00,0.00
,June,80.64,15.69,64.95,99.74,27.75,0.00,0.00,0.00
,July,84.44,19.28,65.15,115.37,20.02,0.00,0.00,0.00
,August,100.71,34.90,65.81,132.08,25.38,0.00,0.00,0.00
,September,103.44,47.82,55.62,126.66,36.22,0.00,0.00,0.00
,October,103.27,55.28,47.99,115.02,51.26,0.00,0.00,0.00
,November,64.77,29.87,34.89,54.06,75.12,0.00,0.00,0.00
,December,63.64,31.04,32.60,45.34,105.13,0.00,0.00,0.00
,,,,,,,,,
,Annual Sum or Average,90.25,37.18,53.07,95.65,61.24,0.00,0.00,0.00
,Minimum of Months,63.64,15.69,32.60,45.34,20.02,0.00,0.00,0.00
,Maximum of Months,113.94,56.40,65.81,132.08,113.09,0.00,0.00,0.00


----------------------------------------------------------------------------------------------------
REPORT:,WindowReportMonthly
FOR:,LGSTORE2_WALL_1_DOOR_1
Custom Monthly Report

,,SURFACE WINDOW TRANSMITTED SOLAR RADIATION RATE [W],SURFACE WINDOW TRANSMITTED BEAM SOLAR RADIATION RATE [W],SURFACE WINDOW TRANSMITTED DIFFUSE SOLAR RADIATION RATE [W],SURFACE WINDOW HEAT GAIN RATE [W],SURFACE WINDOW HEAT LOSS RATE [W],SURFACE WINDOW INSIDE FACE GLAZING CONDENSATION STATUS {HOURS NON-ZERO} [HOURS],SURFACE SHADING DEVICE IS ON TIME FRACTION {HOURS NON-ZERO} [HOURS],SURFACE STORM WINDOW ON OFF STATUS {HOURS NON-ZERO} [HOURS]
,January,102.52,59.84,42.67,82.53,131.87,0.00,0.00,0.00
,February,113.35,52.01,61.35,85.89,132.85,0.00,0.00,0.00
,March,136.23,67.43,68.79,133.05,92.83,0.00,0.00,0.00
,April,118.59,45.47,73.12,124.17,65.23,0.00,0.00,0.00
,May,105.73,29.04,76.69,124.15,44.47,0.00,0.00,0.00
,June,96.42,18.76,77.66,119.44,32.84,0.00,0.00,0.00
,July,100.95,23.05,77.90,137.94,23.79,0.00,0.00,0.00
,August,120.41,41.72,78.68,158.06,30.11,0.00,0.00,0.00
,September,123.67,57.17,66.50,151.71,42.83,0.00,0.00,0.00
,October,123.46,66.09,57.37,137.98,60.46,0.00,0.00,0.00
,November,77.43,35.72,41.72,65.14,88.40,0.00,0.00,0.00
,December,76.09,37.12,38.98,54.71,123.57,0.00,0.00,0.00
,,,,,,,,,
,Annual Sum or Average,107.90,44.45,63.46,114.80,72.11,0.00,0.00,0.00
,Minimum of Months,76.09,18.76,38.98,54.71,23.79,0.00,0.00,0.00
,Maximum of Months,136.23,67.43,78.68,158.06,132.85,0.00,0.00,0.00


----------------------------------------------------------------------------------------------------
REPORT:,WindowReportMonthly
FOR:,LGSTORE2_WALL_1_DOOR_2
Custom Monthly Report

,,SURFACE WINDOW TRANSMITTED SOLAR RADIATION RATE [W],SURFACE WINDOW TRANSMITTED BEAM SOLAR RADIATION RATE [W],SURFACE WINDOW TRANSMITTED DIFFUSE SOLAR RADIATION RATE [W],SURFACE WINDOW HEAT GAIN RATE [W],SURFACE WINDOW HEAT LOSS RATE [W],SURFACE WINDOW INSIDE FACE GLAZING CONDENSATION STATUS {HOURS NON-ZERO} [HOURS],SURFACE SHADING DEVICE IS ON TIME FRACTION {HOURS NON-ZERO} [HOURS],SURFACE STORM WINDOW ON OFF STATUS {HOURS NON-ZERO} [HOURS]
,January,102.52,59.84,42.67,82.53,131.87,0.00,0.00,0.00
,February,113.35,52.01,61.35,85.89,132.85,0.00,0.00,0.00
,March,136.23,67.43,68.79,133.05,92.83,0.00,0.00,0.00
,April,118.59,45.47,73.12,124.17,65.23,0.00,0.00,0.00
,May,105.73,29.04,76.69,124.15,44.47,0.00,0.00,0.00
,June,96.42,18.76,77.66,119.44,32.84,0.00,0.00,0.00
,July,100.95,23.05,77.90,137.94,23.79,0.00,0.00,0.00
,August,120.41,41.72,78.68,158.06,30.11,0.00,0.00,0.00
,September,123.67,57.17,66.50,151.71,42.83,0.00,0.00,0.00
,October,123.46,66.09,57.37,137.98,60.46,0.00,0.00,0.00
,November,77.43,35.72,41.72,65.14,88.40,0.00,0.00,0.00
,December,76.09,37.12,38.98,54.71,123.57,0.00,0.00,0.00
,,,,,,,,,
,Annual Sum or Average,107.90,44.45,63.46,114.80,72.11,0.00,0.00,0.00
,Minimum of Months,76.09,18.76,38.98,54.71,23.79,0.00,0.00,0.00
,Maximum of Months,136.23,67.43,78.68,158.06,132.85,0.00,0.00,0.00


----------------------------------------------------------------------------------------------------
REPORT:,WindowReportMonthly
FOR:,SMSTORE5_WALL_1_WINDOW_1
Custom Monthly Report

,,SURFACE WINDOW TRANSMITTED SOLAR RADIATION RATE [W],SURFACE WINDOW TRANSMITTED BEAM SOLAR RADIATION RATE [W],SURFACE WINDOW TRANSMITTED DIFFUSE SOLAR RADIATION RATE [W],SURFACE WINDOW HEAT GAIN RATE [W],SURFACE WINDOW HEAT LOSS RATE [W],SURFACE WINDOW INSIDE FACE GLAZING CONDENSATION STATUS {HOURS NON-ZERO} [HOURS],SURFACE SHADING DEVICE IS ON TIME FRACTION {HOURS NON-ZERO} [HOURS],SURFACE STORM WINDOW ON OFF STATUS {HOURS NON-ZERO} [HOURS]
,January,85.74,50.05,35.69,68.09,113.14,0.00,0.00,0.00
,February,94.81,43.50,51.31,70.63,113.93,0.00,0.00,0.00
,March,113.94,56.40,57.54,110.10,79.45,0.00,0.00,0.00
,April,99.19,38.03,61.16,102.94,55.62,0.00,0.00,0.00
,May,88.43,24.29,64.14,103.24,37.77,0.00,0.00,0.00
,June,80.64,15.69,64.95,99.54,27.73,0.00,0.00,0.00
,July,84.44,19.28,65.15,115.26,19.91,0.00,0.00,0.00
,August,100.71,34.90,65.81,131.86,25.31,0.00,0.00,0.00
,September,103.44,47.82,55.62,126.37,36.26,0.00,0.00,0.00
,October,103.27,55.28,47.99,114.65,51.44,0.00,0.00,0.00
,November,64.77,29.87,34.89,53.74,75.59,0.00,0.00,0.00
,December,63.64,31.04,32.60,45.02,105.93,0.00,0.00,0.00
,,,,,,,,,
,Annual Sum or Average,90.25,37.18,53.07,95.32,61.55,0.00,0.00,0.00
,Minimum of Months,63.64,15.69,32.60,45.02,19.91,0.00,0.00,0.00
,Maximum of Months,113.94,56.40,65.81,131.86,113.93,0.00,0.00,0.00


----------------------------------------------------------------------------------------------------
REPORT:,WindowReportMonthly
FOR:,SMSTORE5_WALL_1_WINDOW_2
Custom Monthly Report

,,SURFACE WINDOW TRANSMITTED SOLAR RADIATION RATE [W],SURFACE WINDOW TRANSMITTED BEAM SOLAR RADIATION RATE [W],SURFACE WINDOW TRANSMITTED DIFFUSE SOLAR RADIATION RATE [W],SURFACE WINDOW HEAT GAIN RATE [W],SURFACE WINDOW HEAT LOSS RATE [W],SURFACE WINDOW INSIDE FACE GLAZING CONDENSATION STATUS {HOURS NON-ZERO} [HOURS],SURFACE SHADING DEVICE IS ON TIME FRACTION {HOURS NON-ZERO} [HOURS],SURFACE STORM WINDOW ON OFF STATUS {HOURS NON-ZERO} [HOURS]
,January,85.74,50.05,35.69,68.09,113.14,0.00,0.00,0.00
,February,94.81,43.50,51.31,70.63,113.93,0.00,0.00,0.00
,March,113.94,56.40,57.54,110.10,79.45,0.00,0.00,0.00
,April,99.19,38.03,61.16,102.94,55.62,0.00,0.00,0.00
,May,88.43,24.29,64.14,103.24,37.77,0.00,0.00,0.00
,June,80.64,15.69,64.95,99.54,27.73,0.00,0.00,0.00
,July,84.44,19.28,65.15,115.26,19.91,0.00,0.00,0.00
,August,100.71,34.90,65.81,131.86,25.31,0.00,0.00,0.00
,September,103.44,47.82,55.62,126.37,36.26,0.00,0.00,0.00
,October,103.27,55.28,47.99,114.65,51.44,0.00,0.00,0.00
,November,64.77,29.87,34.89,53.74,75.59,0.00,0.00,0.00
,December,63.64,31.04,32.60,45.02,105.93,0.00,0.00,0.00
,,,,,,,,,
,Annual Sum or Average,90.25,37.18,53.07,95.32,61.55,0.00,0.00,0.00
,Minimum of Months,63.64,15.69,32.60,45.02,19.91,0.00,0.00,0.00
,Maximum of Months,113.94,56.40,65.81,131.86,113.93,0.00,0.00,0.00


----------------------------------------------------------------------------------------------------
REPORT:,WindowReportMonthly
FOR:,SMSTORE5_WALL_1_DOOR
Custom Monthly Report

,,SURFACE WINDOW TRANSMITTED SOLAR RADIATION RATE [W],SURFACE WINDOW TRANSMITTED BEAM SOLAR RADIATION RATE [W],SURFACE WINDOW TRANSMITTED DIFFUSE SOLAR RADIATION RATE [W],SURFACE WINDOW HEAT GAIN RATE [W],SURFACE WINDOW HEAT LOSS RATE [W],SURFACE WINDOW INSIDE FACE GLAZING CONDENSATION STATUS {HOURS NON-ZERO} [HOURS],SURFACE SHADING DEVICE IS ON TIME FRACTION {HOURS NON-ZERO} [HOURS],SURFACE STORM WINDOW ON OFF STATUS {HOURS NON-ZERO} [HOURS]
,January,102.52,59.84,42.67,82.09,132.82,0.00,0.00,0.00
,February,113.35,52.01,61.35,85.34,133.74,0.00,0.00,0.00
,March,136.23,67.43,68.79,132.49,93.36,0.00,0.00,0.00
,April,118.59,45.47,73.12,123.73,65.48,0.00,0.00,0.00
,May,105.73,29.04,76.69,123.84,44.57,0.00,0.00,0.00
,June,96.42,18.76,77.66,119.24,32.81,0.00,0.00,0.00
,July,100.95,23.05,77.90,137.84,23.65,0.00,0.00,0.00
,August,120.41,41.72,78.68,157.84,30.02,0.00,0.00,0.00
,September,123.67,57.17,66.50,151.40,42.86,0.00,0.00,0.00
,October,123.46,66.09,57.37,137.59,60.65,0.00,0.00,0.00
,November,77.43,35.72,41.72,64.79,88.89,0.00,0.00,0.00
,December,76.09,37.12,38.98,54.37,124.42,0.00,0.00,0.00
,,,,,,,,,
,Annual Sum or Average,107.90,44.45,63.46,114.44,72.44,0.00,0.00,0.00
,Minimum of Months,76.09,18.76,38.98,54.37,23.65,0.00,0.00,0.00
,Maximum of Months,136.23,67.43,78.68,157.84,133.74,0.00,0.00,0.00


----------------------------------------------------------------------------------------------------
REPORT:,WindowReportMonthly
FOR:,SMSTORE6_WALL_1_WINDOW_1
Custom Monthly Report

,,SURFACE WINDOW TRANSMITTED SOLAR RADIATION RATE [W],SURFACE WINDOW TRANSMITTED BEAM SOLAR RADIATION RATE [W],SURFACE WINDOW TRANSMITTED DIFFUSE SOLAR RADIATION RATE [W],SURFACE WINDOW HEAT GAIN RATE [W],SURFACE WINDOW HEAT LOSS RATE [W],SURFACE WINDOW INSIDE FACE GLAZING CONDENSATION STATUS {HOURS NON-ZERO} [HOURS],SURFACE SHADING DEVICE IS ON TIME FRACTION {HOURS NON-ZERO} [HOURS],SURFACE STORM WINDOW ON OFF STATUS {HOURS NON-ZERO} [HOURS]
,January,85.74,50.05,35.69,68.10,113.09,0.00,0.00,0.00
,February,94.81,43.50,51.31,70.64,113.88,0.00,0.00,0.00
,March,113.94,56.40,57.54,110.14,79.39,0.00,0.00,0.00
,April,99.19,38.03,61.16,103.01,55.52,0.00,0.00,0.00
,May,88.43,24.29,64.14,103.41,37.55,0.00,0.00,0.00
,June,80.64,15.69,64.95,99.65,27.61,0.00,0.00,0.00
,July,84.44,19.28,65.15,115.29,19.88,0.00,0.00,0.00
,August,100.71,34.90,65.81,131.89,25.28,0.00,0.00,0.00
,September,103.44,47.82,55.62,126.47,36.11,0.00,0.00,0.00
,October,103.27,55.28,47.99,114.74,51.28,0.00,0.00,0.00
,November,64.77,29.87,34.89,53.76,75.53,0.00,0.00,0.00
,December,63.64,31.04,32.60,45.03,105.88,0.00,0.00,0.00
,,,,,,,,,
,Annual Sum or Average,90.25,37.18,53.07,95.37,61.47,0.00,0.00,0.00
,Minimum of Months,63.64,15.69,32.60,45.03,19.88,0.00,0.00,0.00
,Maximum of Months,113.94,56.40,65.81,131.89,113.88,0.00,0.00,0.00


----------------------------------------------------------------------------------------------------
REPORT:,WindowReportMonthly
FOR:,SMSTORE6_WALL_1_WINDOW_2
Custom Monthly Report

,,SURFACE WINDOW TRANSMITTED SOLAR RADIATION RATE [W],SURFACE WINDOW TRANSMITTED BEAM SOLAR RADIATION RATE [W],SURFACE WINDOW TRANSMITTED DIFFUSE SOLAR RADIATION RATE [W],SURFACE WINDOW HEAT GAIN RATE [W],SURFACE WINDOW HEAT LOSS RATE [W],SURFACE WINDOW INSIDE FACE GLAZING CONDENSATION STATUS {HOURS NON-ZERO} [HOURS],SURFACE SHADING DEVICE IS ON TIME FRACTION {HOURS NON-ZERO} [HOURS],SURFACE STORM WINDOW ON OFF STATUS {HOURS NON-ZERO} [HOURS]
,January,85.74,50.05,35.69,68.10,113.09,0.00,0.00,0.00
,February,94.81,43.50,51.31,70.64,113.88,0.00,0.00,0.00
,March,113.94,56.40,57.54,110.14,79.39,0.00,0.00,0.00
,April,99.19,38.03,61.16,103.01,55.52,0.00,0.00,0.00
,May,88.43,24.29,64.14,103.41,37.55,0.00,0.00,0.00
,June,80.64,15.69,64.95,99.65,27.61,0.00,0.00,0.00
,July,84.44,19.28,65.15,115.29,19.88,0.00,0.00,0.00
,August,100.71,34.90,65.81,131.89,25.28,0.00,0.00,0.00
,September,103.44,47.82,55.62,126.47,36.11,0.00,0.00,0.00
,October,103.27,55.28,47.99,114.74,51.28,0.00,0.00,0.00
,November,64.77,29.87,34.89,53.76,75.53,0.00,0.00,0.00
,December,63.64,31.04,32.60,45.03,105.88,0.00,0.00,0.00
,,,,,,,,,
,Annual Sum or Average,90.25,37.18,53.07,95.37,61.47,0.00,0.00,0.00
,Minimum of Months,63.64,15.69,32.60,45.03,19.88,0.00,0.00,0.00
,Maximum of Months,113.94,56.40,65.81,131.89,113.88,0.00,0.00,0.00


----------------------------------------------------------------------------------------------------
REPORT:,WindowReportMonthly
FOR:,SMSTORE6_WALL_1_DOOR
Custom Monthly Report

,,SURFACE WINDOW TRANSMITTED SOLAR RADIATION RATE [W],SURFACE WINDOW TRANSMITTED BEAM SOLAR RADIATION RATE [W],SURFACE WINDOW TRANSMITTED DIFFUSE SOLAR RADIATION RATE [W],SURFACE WINDOW HEAT GAIN RATE [W],SURFACE WINDOW HEAT LOSS RATE [W],SURFACE WINDOW INSIDE FACE GLAZING CONDENSATION STATUS {HOURS NON-ZERO} [HOURS],SURFACE SHADING DEVICE IS ON TIME FRACTION {HOURS NON-ZERO} [HOURS],SURFACE STORM WINDOW ON OFF STATUS {HOURS NON-ZERO} [HOURS]
,January,102.52,59.84,42.67,82.11,132.76,0.00,0.00,0.00
,February,113.35,52.01,61.35,85.36,133.69,0.00,0.00,0.00
,March,136.23,67.43,68.79,132.53,93.28,0.00,0.00,0.00
,April,118.59,45.47,73.12,123.81,65.36,0.00,0.00,0.00
,May,105.73,29.04,76.69,124.04,44.31,0.00,0.00,0.00
,June,96.42,18.76,77.66,119.37,32.67,0.00,0.00,0.00
,July,100.95,23.05,77.90,137.88,23.63,0.00,0.00,0.00
,August,120.41,41.72,78.68,157.88,29.99,0.00,0.00,0.00
,September,123.67,57.17,66.50,151.52,42.68,0.00,0.00,0.00
,October,123.46,66.09,57.37,137.69,60.45,0.00,0.00,0.00
,November,77.43,35.72,41.72,64.82,88.82,0.00,0.00,0.00
,December,76.09,37.12,38.98,54.38,124.37,0.00,0.00,0.00
,,,,,,,,,
,Annual Sum or Average,107.90,44.45,63.46,114.51,72.33,0.00,0.00,0.00
,Minimum of Months,76.09,18.76,38.98,54.38,23.63,0.00,0.00,0.00
,Maximum of Months,136.23,67.43,78.68,157.88,133.69,0.00,0.00,0.00


----------------------------------------------------------------------------------------------------
REPORT:,WindowReportMonthly
FOR:,SMSTORE7_WALL_1_WINDOW_1
Custom Monthly Report

,,SURFACE WINDOW TRANSMITTED SOLAR RADIATION RATE [W],SURFACE WINDOW TRANSMITTED BEAM SOLAR RADIATION RATE [W],SURFACE WINDOW TRANSMITTED DIFFUSE SOLAR RADIATION RATE [W],SURFACE WINDOW HEAT GAIN RATE [W],SURFACE WINDOW HEAT LOSS RATE [W],SURFACE WINDOW INSIDE FACE GLAZING CONDENSATION STATUS {HOURS NON-ZERO} [HOURS],SURFACE SHADING DEVICE IS ON TIME FRACTION {HOURS NON-ZERO} [HOURS],SURFACE STORM WINDOW ON OFF STATUS {HOURS NON-ZERO} [HOURS]
,January,85.74,50.05,35.69,68.19,112.76,0.00,0.00,0.00
,February,94.81,43.50,51.31,70.76,113.56,0.00,0.00,0.00
,March,113.94,56.40,57.54,110.28,79.10,0.00,0.00,0.00
,April,99.19,38.03,61.16,103.21,55.14,0.00,0.00,0.00
,May,88.43,24.29,64.14,103.91,36.77,0.00,0.00,0.00
,June,80.64,15.69,64.95,100.02,27.17,0.00,0.00,0.00
,July,84.44,19.28,65.15,115.36,19.82,0.00,0.00,0.00
,August,100.71,34.90,65.81,131.99,25.15,0.00,0.00,0.00
,September,103.44,47.82,55.62,126.73,35.63,0.00,0.00,0.00
,October,103.27,55.28,47.99,114.99,50.76,0.00,0.00,0.00
,November,64.77,29.87,34.89,53.85,75.30,0.00,0.00,0.00
,December,63.64,31.04,32.60,45.10,105.58,0.00,0.00,0.00
,,,,,,,,,
,Annual Sum or Average,90.25,37.18,53.07,95.56,61.11,0.00,0.00,0.00
,Minimum of Months,63.64,15.69,32.60,45.10,19.82,0.00,0.00,0.00
,Maximum of Months,113.94,56.40,65.81,131.99,113.56,0.00,0.00,0.00


----------------------------------------------------------------------------------------------------
REPORT:,WindowReportMonthly
FOR:,SMSTORE7_WALL_1_WINDOW_2
Custom Monthly Report

,,SURFACE WINDOW TRANSMITTED SOLAR RADIATION RATE [W],SURFACE WINDOW TRANSMITTED BEAM SOLAR RADIATION RATE [W],SURFACE WINDOW TRANSMITTED DIFFUSE SOLAR RADIATION RATE [W],SURFACE WINDOW HEAT GAIN RATE [W],SURFACE WINDOW HEAT LOSS RATE [W],SURFACE WINDOW INSIDE FACE GLAZING CONDENSATION STATUS {HOURS NON-ZERO} [HOURS],SURFACE SHADING DEVICE IS ON TIME FRACTION {HOURS NON-ZERO} [HOURS],SURFACE STORM WINDOW ON OFF STATUS {HOURS NON-ZERO} [HOURS]
,January,85.74,50.05,35.69,68.19,112.76,0.00,0.00,0.00
,February,94.81,43.50,51.31,70.76,113.56,0.00,0.00,0.00
,March,113.94,56.40,57.54,110.28,79.10,0.00,0.00,0.00
,April,99.19,38.03,61.16,103.21,55.14,0.00,0.00,0.00
,May,88.43,24.29,64.14,103.91,36.77,0.00,0.00,0.00
,June,80.64,15.69,64.95,100.02,27.17,0.00,0.00,0.00
,July,84.44,19.28,65.15,115.36,19.82,0.00,0.00,0.00
,August,100.71,34.90,65.81,131.99,25.15,0.00,0.00,0.00
,September,103.44,47.82,55.62,126.73,35.63,0.00,0.00,0.00
,October,103.27,55.28,47.99,114.99,50.76,0.00,0.00,0.00
,November,64.77,29.87,34.89,53.85,75.30,0.00,0.00,0.00
,December,63.64,31.04,32.60,45.10,105.58,0.00,0.00,0.00
,,,,,,,,,
,Annual Sum or Average,90.25,37.18,53.07,95.56,61.11,0.00,0.00,0.00
,Minimum of Months,63.64,15.69,32.60,45.10,19.82,0.00,0.00,0.00
,Maximum of Months,113.94,56.40,65.81,131.99,113.56,0.00,0.00,0.00


----------------------------------------------------------------------------------------------------
REPORT:,WindowReportMonthly
FOR:,SMSTORE7_WALL_1_DOOR
Custom Monthly Report

,,SURFACE WINDOW TRANSMITTED SOLAR RADIATION RATE [W],SURFACE WINDOW TRANSMITTED BEAM SOLAR RADIATION RATE [W],SURFACE WINDOW TRANSMITTED DIFFUSE SOLAR RADIATION RATE [W],SURFACE WINDOW HEAT GAIN RATE [W],SURFACE WINDOW HEAT LOSS RATE [W],SURFACE WINDOW INSIDE FACE GLAZING CONDENSATION STATUS {HOURS NON-ZERO} [HOURS],SURFACE SHADING DEVICE IS ON TIME FRACTION {HOURS NON-ZERO} [HOURS],SURFACE STORM WINDOW ON OFF STATUS {HOURS NON-ZERO} [HOURS]
,January,102.52,59.84,42.67,82.21,132.36,0.00,0.00,0.00
,February,113.35,52.01,61.35,85.50,133.30,0.00,0.00,0.00
,March,136.23,67.43,68.79,132.70,92.93,0.00,0.00,0.00
,April,118.59,45.47,73.12,124.05,64.91,0.00,0.00,0.00
,May,105.73,29.04,76.69,124.63,43.39,0.00,0.00,0.00
,June,96.42,18.76,77.66,119.81,32.15,0.00,0.00,0.00
,July,100.95,23.05,77.90,137.96,23.55,0.00,0.00,0.00
,August,120.41,41.72,78.68,158.00,29.83,0.00,0.00,0.00
,September,123.67,57.17,66.50,151.84,42.11,0.00,0.00,0.00
,October,123.46,66.09,57.37,137.98,59.84,0.00,0.00,0.00
,November,77.43,35.72,41.72,64.92,88.54,0.00,0.00,0.00
,December,76.09,37.12,38.98,54.47,124.01,0.00,0.00,0.00
,,,,,,,,,
,Annual Sum or Average,107.90,44.45,63.46,114.74,71.91,0.00,0.00,0.00
,Minimum of Months,76.09,18.76,38.98,54.47,23.55,0.00,0.00,0.00
,Maximum of Months,136.23,67.43,78.68,158.00,133.30,0.00,0.00,0.00


----------------------------------------------------------------------------------------------------
REPORT:,WindowReportMonthly
FOR:,SMSTORE8_WALL_1_WINDOW_1
Custom Monthly Report

,,SURFACE WINDOW TRANSMITTED SOLAR RADIATION RATE [W],SURFACE WINDOW TRANSMITTED BEAM SOLAR RADIATION RATE [W],SURFACE WINDOW TRANSMITTED DIFFUSE SOLAR RADIATION RATE [W],SURFACE WINDOW HEAT GAIN RATE [W],SURFACE WINDOW HEAT LOSS RATE [W],SURFACE WINDOW INSIDE FACE GLAZING CONDENSATION STATUS {HOURS NON-ZERO} [HOURS],SURFACE SHADING DEVICE IS ON TIME FRACTION {HOURS NON-ZERO} [HOURS],SURFACE STORM WINDOW ON OFF STATUS {HOURS NON-ZERO} [HOURS]
,January,85.74,50.05,35.69,68.90,110.01,0.00,0.00,0.00
,February,94.81,43.50,51.31,71.67,110.76,0.00,0.00,0.00
,March,113.94,56.40,57.54,111.23,76.80,0.00,0.00,0.00
,April,99.19,38.03,61.16,104.13,53.17,0.00,0.00,0.00
,May,88.43,24.29,64.14,105.20,34.08,0.00,0.00,0.00
,June,80.64,15.69,64.95,101.13,25.14,0.00,0.00,0.00
,July,84.44,19.28,65.15,115.60,19.06,0.00,0.00,0.00
,August,100.71,34.90,65.81,132.25,24.20,0.00,0.00,0.00
,September,103.44,47.82,55.62,127.34,33.85,0.00,0.00,0.00
,October,103.27,55.28,47.99,115.58,49.01,0.00,0.00,0.00
,November,64.77,29.87,34.89,54.35,73.73,0.00,0.00,0.00
,December,63.64,31.04,32.60,45.63,103.18,0.00,0.00,0.00
,,,,,,,,,
,Annual Sum or Average,90.25,37.18,53.07,96.28,59.14,0.00,0.00,0.00
,Minimum of Months,63.64,15.69,32.60,45.63,19.06,0.00,0.00,0.00
,Maximum of Months,113.94,56.40,65.81,132.25,110.76,0.00,0.00,0.00


----------------------------------------------------------------------------------------------------
REPORT:,WindowReportMonthly
FOR:,SMSTORE8_WALL_1_WINDOW_2
Custom Monthly Report

,,SURFACE WINDOW TRANSMITTED SOLAR RADIATION RATE [W],SURFACE WINDOW TRANSMITTED BEAM SOLAR RADIATION RATE [W],SURFACE WINDOW TRANSMITTED DIFFUSE SOLAR RADIATION RATE [W],SURFACE WINDOW HEAT GAIN RATE [W],SURFACE WINDOW HEAT LOSS RATE [W],SURFACE WINDOW INSIDE FACE GLAZING CONDENSATION STATUS {HOURS NON-ZERO} [HOURS],SURFACE SHADING DEVICE IS ON TIME FRACTION {HOURS NON-ZERO} [HOURS],SURFACE STORM WINDOW ON OFF STATUS {HOURS NON-ZERO} [HOURS]
,January,85.74,50.05,35.69,68.90,110.01,0.00,0.00,0.00
,February,94.81,43.50,51.31,71.67,110.76,0.00,0.00,0.00
,March,113.94,56.40,57.54,111.23,76.80,0.00,0.00,0.00
,April,99.19,38.03,61.16,104.13,53.17,0.00,0.00,0.00
,May,88.43,24.29,64.14,105.20,34.08,0.00,0.00,0.00
,June,80.64,15.69,64.95,101.13,25.14,0.00,0.00,0.00
,July,84.44,19.28,65.15,115.60,19.06,0.00,0.00,0.00
,August,100.71,34.90,65.81,132.25,24.20,0.00,0.00,0.00
,September,103.44,47.82,55.62,127.34,33.85,0.00,0.00,0.00
,October,103.27,55.28,47.99,115.58,49.01,0.00,0.00,0.00
,November,64.77,29.87,34.89,54.35,73.73,0.00,0.00,0.00
,December,63.64,31.04,32.60,45.63,103.18,0.00,0.00,0.00
,,,,,,,,,
,Annual Sum or Average,90.25,37.18,53.07,96.28,59.14,0.00,0.00,0.00
,Minimum of Months,63.64,15.69,32.60,45.63,19.06,0.00,0.00,0.00
,Maximum of Months,113.94,56.40,65.81,132.25,110.76,0.00,0.00,0.00


----------------------------------------------------------------------------------------------------
REPORT:,WindowReportMonthly
FOR:,SMSTORE8_WALL_1_DOOR
Custom Monthly Report

,,SURFACE WINDOW TRANSMITTED SOLAR RADIATION RATE [W],SURFACE WINDOW TRANSMITTED BEAM SOLAR RADIATION RATE [W],SURFACE WINDOW TRANSMITTED DIFFUSE SOLAR RADIATION RATE [W],SURFACE WINDOW HEAT GAIN RATE [W],SURFACE WINDOW HEAT LOSS RATE [W],SURFACE WINDOW INSIDE FACE GLAZING CONDENSATION STATUS {HOURS NON-ZERO} [HOURS],SURFACE SHADING DEVICE IS ON TIME FRACTION {HOURS NON-ZERO} [HOURS],SURFACE STORM WINDOW ON OFF STATUS {HOURS NON-ZERO} [HOURS]
,January,102.52,59.84,42.67,83.08,129.07,0.00,0.00,0.00
,February,113.35,52.01,61.35,86.62,129.94,0.00,0.00,0.00
,March,136.23,67.43,68.79,133.85,90.17,0.00,0.00,0.00
,April,118.59,45.47,73.12,125.15,62.55,0.00,0.00,0.00
,May,105.73,29.04,76.69,126.18,40.23,0.00,0.00,0.00
,June,96.42,18.76,77.66,121.13,29.77,0.00,0.00,0.00
,July,100.95,23.05,77.90,138.24,22.66,0.00,0.00,0.00
,August,120.41,41.72,78.68,158.30,28.71,0.00,0.00,0.00
,September,123.67,57.17,66.50,152.56,40.03,0.00,0.00,0.00
,October,123.46,66.09,57.37,138.70,57.77,0.00,0.00,0.00
,November,77.43,35.72,41.72,65.53,86.66,0.00,0.00,0.00
,December,76.09,37.12,38.98,55.11,121.12,0.00,0.00,0.00
,,,,,,,,,
,Annual Sum or Average,107.90,44.45,63.46,115.60,69.56,0.00,0.00,0.00
,Minimum of Months,76.09,18.76,38.98,55.11,22.66,0.00,0.00,0.00
,Maximum of Months,136.23,67.43,78.68,158.30,129.94,0.00,0.00,0.00


----------------------------------------------------------------------------------------------------
REPORT:,WindowEnergyReportMonthly
FOR:,LGSTORE1_WALL_1_WINDOW_1
Custom Monthly Report

,,SURFACE WINDOW TRANSMITTED SOLAR RADIATION ENERGY [J],SURFACE WINDOW TRANSMITTED BEAM SOLAR RADIATION ENERGY [J],SURFACE WINDOW TRANSMITTED DIFFUSE SOLAR RADIATION ENERGY [J],SURFACE WINDOW HEAT GAIN ENERGY [J],SURFACE WINDOW HEAT LOSS ENERGY [J]
,January,0.229659E+09,0.134058E+09,95600048.04,0.184340E+09,0.297430E+09
,February,0.229363E+09,0.105233E+09,0.124130E+09,0.173147E+09,0.270462E+09
,March,0.305178E+09,0.151060E+09,0.154117E+09,0.297502E+09,0.208910E+09
,April,0.257097E+09,98572220.86,0.158525E+09,0.268867E+09,0.141875E+09
,May,0.236852E+09,65055497.45,0.171796E+09,0.279404E+09,97039691.19
,June,0.209031E+09,40676047.93,0.168355E+09,0.260002E+09,69237036.76
,July,0.226155E+09,51647278.37,0.174508E+09,0.308897E+09,53438628.18
,August,0.269738E+09,93465819.55,0.176273E+09,0.353717E+09,67384686.59
,September,0.268124E+09,0.123951E+09,0.144173E+09,0.328979E+09,91275143.27
,October,0.276589E+09,0.148064E+09,0.128525E+09,0.308492E+09,0.135331E+09
,November,0.167874E+09,77429590.63,90444035.36,0.140377E+09,0.193772E+09
,December,0.170466E+09,83149817.75,87315836.60,0.121929E+09,0.279049E+09
,,,,,,
,Annual Sum or Average,0.284612E+10,0.117236E+10,0.167376E+10,0.302565E+10,0.190520E+10
,Minimum of Months,0.167874E+09,40676047.93,87315836.60,0.121929E+09,53438628.18
,Maximum of Months,0.305178E+09,0.151060E+09,0.176273E+09,0.353717E+09,0.297430E+09


----------------------------------------------------------------------------------------------------
REPORT:,WindowEnergyReportMonthly
FOR:,LGSTORE1_WALL_1_WINDOW_2
Custom Monthly Report

,,SURFACE WINDOW TRANSMITTED SOLAR RADIATION ENERGY [J],SURFACE WINDOW TRANSMITTED BEAM SOLAR RADIATION ENERGY [J],SURFACE WINDOW TRANSMITTED DIFFUSE SOLAR RADIATION ENERGY [J],SURFACE WINDOW HEAT GAIN ENERGY [J],SURFACE WINDOW HEAT LOSS ENERGY [J]
,January,0.229659E+09,0.134058E+09,95600048.04,0.184340E+09,0.297430E+09
,February,0.229363E+09,0.105233E+09,0.124130E+09,0.173147E+09,0.270462E+09
,March,0.305178E+09,0.151060E+09,0.154117E+09,0.297502E+09,0.208910E+09
,April,0.257097E+09,98572220.86,0.158525E+09,0.268867E+09,0.141875E+09
,May,0.236852E+09,65055497.45,0.171796E+09,0.279404E+09,97039691.19
,June,0.209031E+09,40676047.93,0.168355E+09,0.260002E+09,69237036.76
,July,0.226155E+09,51647278.37,0.174508E+09,0.308897E+09,53438628.18
,August,0.269738E+09,93465819.55,0.176273E+09,0.353717E+09,67384686.59
,September,0.268124E+09,0.123951E+09,0.144173E+09,0.328979E+09,91275143.27
,October,0.276589E+09,0.148064E+09,0.128525E+09,0.308492E+09,0.135331E+09
,November,0.167874E+09,77429590.63,90444035.36,0.140377E+09,0.193772E+09
,December,0.170466E+09,83149817.75,87315836.60,0.121929E+09,0.279049E+09
,,,,,,
,Annual Sum or Average,0.284612E+10,0.117236E+10,0.167376E+10,0.302565E+10,0.190520E+10
,Minimum of Months,0.167874E+09,40676047.93,87315836.60,0.121929E+09,53438628.18
,Maximum of Months,0.305178E+09,0.151060E+09,0.176273E+09,0.353717E+09,0.297430E+09


----------------------------------------------------------------------------------------------------
REPORT:,WindowEnergyReportMonthly
FOR:,LGSTORE1_WALL_1_WINDOW_3
Custom Monthly Report

,,SURFACE WINDOW TRANSMITTED SOLAR RADIATION ENERGY [J],SURFACE WINDOW TRANSMITTED BEAM SOLAR RADIATION ENERGY [J],SURFACE WINDOW TRANSMITTED DIFFUSE SOLAR RADIATION ENERGY [J],SURFACE WINDOW HEAT GAIN ENERGY [J],SURFACE WINDOW HEAT LOSS ENERGY [J]
,January,0.229659E+09,0.134058E+09,95600048.04,0.184340E+09,0.297430E+09
,February,0.229363E+09,0.105233E+09,0.124130E+09,0.173147E+09,0.270462E+09
,March,0.305178E+09,0.151060E+09,0.154117E+09,0.297502E+09,0.208910E+09
,April,0.257097E+09,98572220.86,0.158525E+09,0.268867E+09,0.141875E+09
,May,0.236852E+09,65055497.45,0.171796E+09,0.279404E+09,97039691.19
,June,0.209031E+09,40676047.93,0.168355E+09,0.260002E+09,69237036.76
,July,0.226155E+09,51647278.37,0.174508E+09,0.308897E+09,53438628.18
,August,0.269738E+09,93465819.55,0.176273E+09,0.353717E+09,67384686.59
,September,0.268124E+09,0.123951E+09,0.144173E+09,0.328979E+09,91275143.27
,October,0.276589E+09,0.148064E+09,0.128525E+09,0.308492E+09,0.135331E+09
,November,0.167874E+09,77429590.63,90444035.36,0.140377E+09,0.193772E+09
,December,0.170466E+09,83149817.75,87315836.60,0.121929E+09,0.279049E+09
,,,,,,
,Annual Sum or Average,0.284612E+10,0.117236E+10,0.167376E+10,0.302565E+10,0.190520E+10
,Minimum of Months,0.167874E+09,40676047.93,87315836.60,0.121929E+09,53438628.18
,Maximum of Months,0.305178E+09,0.151060E+09,0.176273E+09,0.353717E+09,0.297430E+09


----------------------------------------------------------------------------------------------------
REPORT:,WindowEnergyReportMonthly
FOR:,LGSTORE1_WALL_1_WINDOW_4
Custom Monthly Report

,,SURFACE WINDOW TRANSMITTED SOLAR RADIATION ENERGY [J],SURFACE WINDOW TRANSMITTED BEAM SOLAR RADIATION ENERGY [J],SURFACE WINDOW TRANSMITTED DIFFUSE SOLAR RADIATION ENERGY [J],SURFACE WINDOW HEAT GAIN ENERGY [J],SURFACE WINDOW HEAT LOSS ENERGY [J]
,January,0.229659E+09,0.134058E+09,95600048.04,0.184340E+09,0.297430E+09
,February,0.229363E+09,0.105233E+09,0.124130E+09,0.173147E+09,0.270462E+09
,March,0.305178E+09,0.151060E+09,0.154117E+09,0.297502E+09,0.208910E+09
,April,0.257097E+09,98572220.86,0.158525E+09,0.268867E+09,0.141875E+09
,May,0.236852E+09,65055497.45,0.171796E+09,0.279404E+09,97039691.19
,June,0.209031E+09,40676047.93,0.168355E+09,0.260002E+09,69237036.76
,July,0.226155E+09,51647278.37,0.174508E+09,0.308897E+09,53438628.18
,August,0.269738E+09,93465819.55,0.176273E+09,0.353717E+09,67384686.59
,September,0.268124E+09,0.123951E+09,0.144173E+09,0.328979E+09,91275143.27
,October,0.276589E+09,0.148064E+09,0.128525E+09,0.308492E+09,0.135331E+09
,November,0.167874E+09,77429590.63,90444035.36,0.140377E+09,0.193772E+09
,December,0.170466E+09,83149817.75,87315836.60,0.121929E+09,0.279049E+09
,,,,,,
,Annual Sum or Average,0.284612E+10,0.117236E+10,0.167376E+10,0.302565E+10,0.190520E+10
,Minimum of Months,0.167874E+09,40676047.93,87315836.60,0.121929E+09,53438628.18
,Maximum of Months,0.305178E+09,0.151060E+09,0.176273E+09,0.353717E+09,0.297430E+09


----------------------------------------------------------------------------------------------------
REPORT:,WindowEnergyReportMonthly
FOR:,LGSTORE1_WALL_1_DOOR_1
Custom Monthly Report

,,SURFACE WINDOW TRANSMITTED SOLAR RADIATION ENERGY [J],SURFACE WINDOW TRANSMITTED BEAM SOLAR RADIATION ENERGY [J],SURFACE WINDOW TRANSMITTED DIFFUSE SOLAR RADIATION ENERGY [J],SURFACE WINDOW HEAT GAIN ENERGY [J],SURFACE WINDOW HEAT LOSS ENERGY [J]
,January,0.276085E+09,0.161159E+09,0.114926E+09,0.223348E+09,0.351257E+09
,February,0.275730E+09,0.126506E+09,0.149224E+09,0.210228E+09,0.319400E+09
,March,0.366870E+09,0.181598E+09,0.185273E+09,0.359776E+09,0.246942E+09
,April,0.309070E+09,0.118499E+09,0.190571E+09,0.324774E+09,0.168026E+09
,May,0.284732E+09,78206723.28,0.206525E+09,0.336840E+09,0.115251E+09
,June,0.251288E+09,48898871.73,0.202389E+09,0.313042E+09,82455228.43
,July,0.271873E+09,62087979.75,0.209785E+09,0.371361E+09,63879710.71
,August,0.324267E+09,0.112360E+09,0.211907E+09,0.425625E+09,80410532.07
,September,0.322327E+09,0.149009E+09,0.173318E+09,0.396183E+09,0.108583E+09
,October,0.332502E+09,0.177996E+09,0.154506E+09,0.372090E+09,0.160545E+09
,November,0.201810E+09,93082288.30,0.108728E+09,0.170060E+09,0.229274E+09
,December,0.204926E+09,99958881.92,0.104967E+09,0.147957E+09,0.329735E+09
,,,,,,
,Annual Sum or Average,0.342148E+10,0.140936E+10,0.201212E+10,0.365128E+10,0.225576E+10
,Minimum of Months,0.201810E+09,48898871.73,0.104967E+09,0.147957E+09,63879710.71
,Maximum of Months,0.366870E+09,0.181598E+09,0.211907E+09,0.425625E+09,0.351257E+09


----------------------------------------------------------------------------------------------------
REPORT:,WindowEnergyReportMonthly
FOR:,LGSTORE1_WALL_1_DOOR_2
Custom Monthly Report

,,SURFACE WINDOW TRANSMITTED SOLAR RADIATION ENERGY [J],SURFACE WINDOW TRANSMITTED BEAM SOLAR RADIATION ENERGY [J],SURFACE WINDOW TRANSMITTED DIFFUSE SOLAR RADIATION ENERGY [J],SURFACE WINDOW HEAT GAIN ENERGY [J],SURFACE WINDOW HEAT LOSS ENERGY [J]
,January,0.276085E+09,0.161159E+09,0.114926E+09,0.223348E+09,0.351257E+09
,February,0.275730E+09,0.126506E+09,0.149224E+09,0.210228E+09,0.319400E+09
,March,0.366870E+09,0.181598E+09,0.185273E+09,0.359776E+09,0.246942E+09
,April,0.309070E+09,0.118499E+09,0.190571E+09,0.324774E+09,0.168026E+09
,May,0.284732E+09,78206723.28,0.206525E+09,0.336840E+09,0.115251E+09
,June,0.251288E+09,48898871.73,0.202389E+09,0.313042E+09,82455228.43
,July,0.271873E+09,62087979.75,0.209785E+09,0.371361E+09,63879710.71
,August,0.324267E+09,0.112360E+09,0.211907E+09,0.425625E+09,80410532.07
,September,0.322327E+09,0.149009E+09,0.173318E+09,0.396183E+09,0.108583E+09
,October,0.332502E+09,0.177996E+09,0.154506E+09,0.372090E+09,0.160545E+09
,November,0.201810E+09,93082288.30,0.108728E+09,0.170060E+09,0.229274E+09
,December,0.204926E+09,99958881.92,0.104967E+09,0.147957E+09,0.329735E+09
,,,,,,
,Annual Sum or Average,0.342148E+10,0.140936E+10,0.201212E+10,0.365128E+10,0.225576E+10
,Minimum of Months,0.201810E+09,48898871.73,0.104967E+09,0.147957E+09,63879710.71
,Maximum of Months,0.366870E+09,0.181598E+09,0.211907E+09,0.425625E+09,0.351257E+09


----------------------------------------------------------------------------------------------------
REPORT:,WindowEnergyReportMonthly
FOR:,SMSTORE1_WALL_1_WINDOW_1
Custom Monthly Report

,,SURFACE WINDOW TRANSMITTED SOLAR RADIATION ENERGY [J],SURFACE WINDOW TRANSMITTED BEAM SOLAR RADIATION ENERGY [J],SURFACE WINDOW TRANSMITTED DIFFUSE SOLAR RADIATION ENERGY [J],SURFACE WINDOW HEAT GAIN ENERGY [J],SURFACE WINDOW HEAT LOSS ENERGY [J]
,January,0.229659E+09,0.134058E+09,95600048.04,0.181864E+09,0.305877E+09
,February,0.229363E+09,0.105233E+09,0.124130E+09,0.170365E+09,0.277709E+09
,March,0.305178E+09,0.151060E+09,0.154117E+09,0.293911E+09,0.216803E+09
,April,0.257097E+09,98572220.86,0.158525E+09,0.265292E+09,0.149847E+09
,May,0.236852E+09,65055497.45,0.171796E+09,0.274705E+09,0.106439E+09
,June,0.209031E+09,40676047.93,0.168355E+09,0.257569E+09,72205782.65
,July,0.226155E+09,51647278.37,0.174508E+09,0.308474E+09,53068828.43
,August,0.269738E+09,93465819.55,0.176273E+09,0.352800E+09,67569409.58
,September,0.268124E+09,0.123951E+09,0.144173E+09,0.326467E+09,96820839.51
,October,0.276589E+09,0.148064E+09,0.128525E+09,0.305247E+09,0.144547E+09
,November,0.167874E+09,77429590.63,90444035.36,0.138368E+09,0.201424E+09
,December,0.170466E+09,83149817.75,87315836.60,0.120009E+09,0.287111E+09
,,,,,,
,Annual Sum or Average,0.284612E+10,0.117236E+10,0.167376E+10,0.299507E+10,0.197942E+10
,Minimum of Months,0.167874E+09,40676047.93,87315836.60,0.120009E+09,53068828.43
,Maximum of Months,0.305178E+09,0.151060E+09,0.176273E+09,0.352800E+09,0.305877E+09


----------------------------------------------------------------------------------------------------
REPORT:,WindowEnergyReportMonthly
FOR:,SMSTORE1_WALL_1_WINDOW_2
Custom Monthly Report

,,SURFACE WINDOW TRANSMITTED SOLAR RADIATION ENERGY [J],SURFACE WINDOW TRANSMITTED BEAM SOLAR RADIATION ENERGY [J],SURFACE WINDOW TRANSMITTED DIFFUSE SOLAR RADIATION ENERGY [J],SURFACE WINDOW HEAT GAIN ENERGY [J],SURFACE WINDOW HEAT LOSS ENERGY [J]
,January,0.229659E+09,0.134058E+09,95600048.04,0.181864E+09,0.305877E+09
,February,0.229363E+09,0.105233E+09,0.124130E+09,0.170365E+09,0.277709E+09
,March,0.305178E+09,0.151060E+09,0.154117E+09,0.293911E+09,0.216803E+09
,April,0.257097E+09,98572220.86,0.158525E+09,0.265292E+09,0.149847E+09
,May,0.236852E+09,65055497.45,0.171796E+09,0.274705E+09,0.106439E+09
,June,0.209031E+09,40676047.93,0.168355E+09,0.257569E+09,72205782.65
,July,0.226155E+09,51647278.37,0.174508E+09,0.308474E+09,53068828.43
,August,0.269738E+09,93465819.55,0.176273E+09,0.352800E+09,67569409.58
,September,0.268124E+09,0.123951E+09,0.144173E+09,0.326467E+09,96820839.51
,October,0.276589E+09,0.148064E+09,0.128525E+09,0.305247E+09,0.144547E+09
,November,0.167874E+09,77429590.63,90444035.36,0.138368E+09,0.201424E+09
,December,0.170466E+09,83149817.75,87315836.60,0.120009E+09,0.287111E+09
,,,,,,
,Annual Sum or Average,0.284612E+10,0.117236E+10,0.167376E+10,0.299507E+10,0.197942E+10
,Minimum of Months,0.167874E+09,40676047.93,87315836.60,0.120009E+09,53068828.43
,Maximum of Months,0.305178E+09,0.151060E+09,0.176273E+09,0.352800E+09,0.305877E+09


----------------------------------------------------------------------------------------------------
REPORT:,WindowEnergyReportMonthly
FOR:,SMSTORE1_WALL_1_DOOR
Custom Monthly Report

,,SURFACE WINDOW TRANSMITTED SOLAR RADIATION ENERGY [J],SURFACE WINDOW TRANSMITTED BEAM SOLAR RADIATION ENERGY [J],SURFACE WINDOW TRANSMITTED DIFFUSE SOLAR RADIATION ENERGY [J],SURFACE WINDOW HEAT GAIN ENERGY [J],SURFACE WINDOW HEAT LOSS ENERGY [J]
,January,0.276085E+09,0.161159E+09,0.114926E+09,0.220455E+09,0.361095E+09
,February,0.275730E+09,0.126506E+09,0.149224E+09,0.206982E+09,0.327830E+09
,March,0.366870E+09,0.181598E+09,0.185273E+09,0.355613E+09,0.256132E+09
,April,0.309070E+09,0.118499E+09,0.190571E+09,0.320611E+09,0.177307E+09
,May,0.284732E+09,78206723.28,0.206525E+09,0.331325E+09,0.126220E+09
,June,0.251288E+09,48898871.73,0.202389E+09,0.310221E+09,85920080.25
,July,0.271873E+09,62087979.75,0.209785E+09,0.370925E+09,63436404.40
,August,0.324267E+09,0.112360E+09,0.211907E+09,0.424629E+09,80610440.68
,September,0.322327E+09,0.149009E+09,0.173318E+09,0.393296E+09,0.115038E+09
,October,0.332502E+09,0.177996E+09,0.154506E+09,0.368325E+09,0.171261E+09
,November,0.201810E+09,93082288.30,0.108728E+09,0.167712E+09,0.238155E+09
,December,0.204926E+09,99958881.92,0.104967E+09,0.145708E+09,0.339108E+09
,,,,,,
,Annual Sum or Average,0.342148E+10,0.140936E+10,0.201212E+10,0.361580E+10,0.234211E+10
,Minimum of Months,0.201810E+09,48898871.73,0.104967E+09,0.145708E+09,63436404.40
,Maximum of Months,0.366870E+09,0.181598E+09,0.211907E+09,0.424629E+09,0.361095E+09


----------------------------------------------------------------------------------------------------
REPORT:,WindowEnergyReportMonthly
FOR:,SMSTORE2_WALL_1_WINDOW_1
Custom Monthly Report

,,SURFACE WINDOW TRANSMITTED SOLAR RADIATION ENERGY [J],SURFACE WINDOW TRANSMITTED BEAM SOLAR RADIATION ENERGY [J],SURFACE WINDOW TRANSMITTED DIFFUSE SOLAR RADIATION ENERGY [J],SURFACE WINDOW HEAT GAIN ENERGY [J],SURFACE WINDOW HEAT LOSS ENERGY [J]
,January,0.229659E+09,0.134058E+09,95600048.04,0.182101E+09,0.303859E+09
,February,0.229363E+09,0.105233E+09,0.124130E+09,0.170562E+09,0.276243E+09
,March,0.305178E+09,0.151060E+09,0.154117E+09,0.294432E+09,0.213728E+09
,April,0.257097E+09,98572220.86,0.158525E+09,0.266220E+09,0.145570E+09
,May,0.236852E+09,65055497.45,0.171796E+09,0.275980E+09,0.102955E+09
,June,0.209031E+09,40676047.93,0.168355E+09,0.258230E+09,72159849.01
,July,0.226155E+09,51647278.37,0.174508E+09,0.308803E+09,53416634.11
,August,0.269738E+09,93465819.55,0.176273E+09,0.353358E+09,67949065.40
,September,0.268124E+09,0.123951E+09,0.144173E+09,0.327532E+09,94813655.77
,October,0.276589E+09,0.148064E+09,0.128525E+09,0.306519E+09,0.139668E+09
,November,0.167874E+09,77429590.63,90444035.36,0.138903E+09,0.197088E+09
,December,0.170466E+09,83149817.75,87315836.60,0.120321E+09,0.284612E+09
,,,,,,
,Annual Sum or Average,0.284612E+10,0.117236E+10,0.167376E+10,0.300296E+10,0.195206E+10
,Minimum of Months,0.167874E+09,40676047.93,87315836.60,0.120321E+09,53416634.11
,Maximum of Months,0.305178E+09,0.151060E+09,0.176273E+09,0.353358E+09,0.303859E+09


----------------------------------------------------------------------------------------------------
REPORT:,WindowEnergyReportMonthly
FOR:,SMSTORE2_WALL_1_WINDOW_2
Custom Monthly Report

,,SURFACE WINDOW TRANSMITTED SOLAR RADIATION ENERGY [J],SURFACE WINDOW TRANSMITTED BEAM SOLAR RADIATION ENERGY [J],SURFACE WINDOW TRANSMITTED DIFFUSE SOLAR RADIATION ENERGY [J],SURFACE WINDOW HEAT GAIN ENERGY [J],SURFACE WINDOW HEAT LOSS ENERGY [J]
,January,0.229659E+09,0.134058E+09,95600048.04,0.182101E+09,0.303859E+09
,February,0.229363E+09,0.105233E+09,0.124130E+09,0.170562E+09,0.276243E+09
,March,0.305178E+09,0.151060E+09,0.154117E+09,0.294432E+09,0.213728E+09
,April,0.257097E+09,98572220.86,0.158525E+09,0.266220E+09,0.145570E+09
,May,0.236852E+09,65055497.45,0.171796E+09,0.275980E+09,0.102955E+09
,June,0.209031E+09,40676047.93,0.168355E+09,0.258230E+09,72159849.01
,July,0.226155E+09,51647278.37,0.174508E+09,0.308803E+09,53416634.11
,August,0.269738E+09,93465819.55,0.176273E+09,0.353358E+09,67949065.40
,September,0.268124E+09,0.123951E+09,0.144173E+09,0.327532E+09,94813655.77
,October,0.276589E+09,0.148064E+09,0.128525E+09,0.306519E+09,0.139668E+09
,November,0.167874E+09,77429590.63,90444035.36,0.138903E+09,0.197088E+09
,December,0.170466E+09,83149817.75,87315836.60,0.120321E+09,0.284612E+09
,,,,,,
,Annual Sum or Average,0.284612E+10,0.117236E+10,0.167376E+10,0.300296E+10,0.195206E+10
,Minimum of Months,0.167874E+09,40676047.93,87315836.60,0.120321E+09,53416634.11
,Maximum of Months,0.305178E+09,0.151060E+09,0.176273E+09,0.353358E+09,0.303859E+09


----------------------------------------------------------------------------------------------------
REPORT:,WindowEnergyReportMonthly
FOR:,SMSTORE2_WALL_1_DOOR
Custom Monthly Report

,,SURFACE WINDOW TRANSMITTED SOLAR RADIATION ENERGY [J],SURFACE WINDOW TRANSMITTED BEAM SOLAR RADIATION ENERGY [J],SURFACE WINDOW TRANSMITTED DIFFUSE SOLAR RADIATION ENERGY [J],SURFACE WINDOW HEAT GAIN ENERGY [J],SURFACE WINDOW HEAT LOSS ENERGY [J]
,January,0.274576E+09,0.160278E+09,0.114298E+09,0.219537E+09,0.356745E+09
,February,0.274223E+09,0.125815E+09,0.148408E+09,0.206089E+09,0.324313E+09
,March,0.364866E+09,0.180605E+09,0.184260E+09,0.354296E+09,0.251149E+09
,April,0.307381E+09,0.117851E+09,0.189529E+09,0.319964E+09,0.171367E+09
,May,0.283176E+09,77779364.14,0.205397E+09,0.331028E+09,0.121489E+09
,June,0.249915E+09,48631664.78,0.201283E+09,0.309303E+09,85384421.74
,July,0.270387E+09,61748701.17,0.208639E+09,0.369294E+09,63478218.67
,August,0.322495E+09,0.111746E+09,0.210749E+09,0.422970E+09,80596933.81
,September,0.320565E+09,0.148194E+09,0.172371E+09,0.392407E+09,0.112069E+09
,October,0.330685E+09,0.177023E+09,0.153662E+09,0.367830E+09,0.164657E+09
,November,0.200707E+09,92573641.91,0.108134E+09,0.167450E+09,0.231800E+09
,December,0.203806E+09,99412658.53,0.104393E+09,0.145291E+09,0.334324E+09
,,,,,,
,Annual Sum or Average,0.340278E+10,0.140166E+10,0.200112E+10,0.360546E+10,0.229737E+10
,Minimum of Months,0.200707E+09,48631664.78,0.104393E+09,0.145291E+09,63478218.67
,Maximum of Months,0.364866E+09,0.180605E+09,0.210749E+09,0.422970E+09,0.356745E+09


----------------------------------------------------------------------------------------------------
REPORT:,WindowEnergyReportMonthly
FOR:,SMSTORE3_WALL_1_WINDOW_1
Custom Monthly Report

,,SURFACE WINDOW TRANSMITTED SOLAR RADIATION ENERGY [J],SURFACE WINDOW TRANSMITTED BEAM SOLAR RADIATION ENERGY [J],SURFACE WINDOW TRANSMITTED DIFFUSE SOLAR RADIATION ENERGY [J],SURFACE WINDOW HEAT GAIN ENERGY [J],SURFACE WINDOW HEAT LOSS ENERGY [J]
,January,0.229659E+09,0.134058E+09,95600048.04,0.182151E+09,0.303404E+09
,February,0.229363E+09,0.105233E+09,0.124130E+09,0.170607E+09,0.275884E+09
,March,0.305178E+09,0.151060E+09,0.154117E+09,0.294587E+09,0.213064E+09
,April,0.257097E+09,98572220.86,0.158525E+09,0.266548E+09,0.144511E+09
,May,0.236852E+09,65055497.45,0.171796E+09,0.276559E+09,0.101546E+09
,June,0.209031E+09,40676047.93,0.168355E+09,0.258416E+09,71803282.28
,July,0.226155E+09,51647278.37,0.174508E+09,0.308857E+09,53324844.73
,August,0.269738E+09,93465819.55,0.176273E+09,0.353426E+09,67774983.81
,September,0.268124E+09,0.123951E+09,0.144173E+09,0.327907E+09,93841016.39
,October,0.276589E+09,0.148064E+09,0.128525E+09,0.307025E+09,0.138094E+09
,November,0.167874E+09,77429590.63,90444035.36,0.139041E+09,0.196262E+09
,December,0.170466E+09,83149817.75,87315836.60,0.120390E+09,0.284102E+09
,,,,,,
,Annual Sum or Average,0.284612E+10,0.117236E+10,0.167376E+10,0.300551E+10,0.194361E+10
,Minimum of Months,0.167874E+09,40676047.93,87315836.60,0.120390E+09,53324844.73
,Maximum of Months,0.305178E+09,0.151060E+09,0.176273E+09,0.353426E+09,0.303404E+09


----------------------------------------------------------------------------------------------------
REPORT:,WindowEnergyReportMonthly
FOR:,SMSTORE3_WALL_1_WINDOW_2
Custom Monthly Report

,,SURFACE WINDOW TRANSMITTED SOLAR RADIATION ENERGY [J],SURFACE WINDOW TRANSMITTED BEAM SOLAR RADIATION ENERGY [J],SURFACE WINDOW TRANSMITTED DIFFUSE SOLAR RADIATION ENERGY [J],SURFACE WINDOW HEAT GAIN ENERGY [J],SURFACE WINDOW HEAT LOSS ENERGY [J]
,January,0.229659E+09,0.134058E+09,95600048.04,0.182151E+09,0.303404E+09
,February,0.229363E+09,0.105233E+09,0.124130E+09,0.170607E+09,0.275884E+09
,March,0.305178E+09,0.151060E+09,0.154117E+09,0.294587E+09,0.213064E+09
,April,0.257097E+09,98572220.86,0.158525E+09,0.266548E+09,0.144511E+09
,May,0.236852E+09,65055497.45,0.171796E+09,0.276559E+09,0.101546E+09
,June,0.209031E+09,40676047.93,0.168355E+09,0.258416E+09,71803282.28
,July,0.226155E+09,51647278.37,0.174508E+09,0.308857E+09,53324844.73
,August,0.269738E+09,93465819.55,0.176273E+09,0.353426E+09,67774983.81
,September,0.268124E+09,0.123951E+09,0.144173E+09,0.327907E+09,93841016.39
,October,0.276589E+09,0.148064E+09,0.128525E+09,0.307025E+09,0.138094E+09
,November,0.167874E+09,77429590.63,90444035.36,0.139041E+09,0.196262E+09
,December,0.170466E+09,83149817.75,87315836.60,0.120390E+09,0.284102E+09
,,,,,,
,Annual Sum or Average,0.284612E+10,0.117236E+10,0.167376E+10,0.300551E+10,0.194361E+10
,Minimum of Months,0.167874E+09,40676047.93,87315836.60,0.120390E+09,53324844.73
,Maximum of Months,0.305178E+09,0.151060E+09,0.176273E+09,0.353426E+09,0.303404E+09


----------------------------------------------------------------------------------------------------
REPORT:,WindowEnergyReportMonthly
FOR:,SMSTORE3_WALL_1_DOOR
Custom Monthly Report

,,SURFACE WINDOW TRANSMITTED SOLAR RADIATION ENERGY [J],SURFACE WINDOW TRANSMITTED BEAM SOLAR RADIATION ENERGY [J],SURFACE WINDOW TRANSMITTED DIFFUSE SOLAR RADIATION ENERGY [J],SURFACE WINDOW HEAT GAIN ENERGY [J],SURFACE WINDOW HEAT LOSS ENERGY [J]
,January,0.274576E+09,0.160278E+09,0.114298E+09,0.219599E+09,0.356195E+09
,February,0.274223E+09,0.125815E+09,0.148408E+09,0.206143E+09,0.323880E+09
,March,0.364866E+09,0.180605E+09,0.184260E+09,0.354481E+09,0.250358E+09
,April,0.307381E+09,0.117851E+09,0.189529E+09,0.320356E+09,0.170114E+09
,May,0.283176E+09,77779364.14,0.205397E+09,0.331718E+09,0.119830E+09
,June,0.249915E+09,48631664.78,0.201283E+09,0.309525E+09,84958958.92
,July,0.270387E+09,61748701.17,0.208639E+09,0.369357E+09,63365210.40
,August,0.322495E+09,0.111746E+09,0.210749E+09,0.423051E+09,80387166.65
,September,0.320565E+09,0.148194E+09,0.172371E+09,0.392852E+09,0.110922E+09
,October,0.330685E+09,0.177023E+09,0.153662E+09,0.368433E+09,0.162802E+09
,November,0.200707E+09,92573641.91,0.108134E+09,0.167619E+09,0.230813E+09
,December,0.203806E+09,99412658.53,0.104393E+09,0.145375E+09,0.333712E+09
,,,,,,
,Annual Sum or Average,0.340278E+10,0.140166E+10,0.200112E+10,0.360851E+10,0.228734E+10
,Minimum of Months,0.200707E+09,48631664.78,0.104393E+09,0.145375E+09,63365210.40
,Maximum of Months,0.364866E+09,0.180605E+09,0.210749E+09,0.423051E+09,0.356195E+09


----------------------------------------------------------------------------------------------------
REPORT:,WindowEnergyReportMonthly
FOR:,SMSTORE4_WALL_1_WINDOW_1
Custom Monthly Report

,,SURFACE WINDOW TRANSMITTED SOLAR RADIATION ENERGY [J],SURFACE WINDOW TRANSMITTED BEAM SOLAR RADIATION ENERGY [J],SURFACE WINDOW TRANSMITTED DIFFUSE SOLAR RADIATION ENERGY [J],SURFACE WINDOW HEAT GAIN ENERGY [J],SURFACE WINDOW HEAT LOSS ENERGY [J]
,January,0.229659E+09,0.134058E+09,95600048.04,0.182193E+09,0.303278E+09
,February,0.229363E+09,0.105233E+09,0.124130E+09,0.170649E+09,0.275800E+09
,March,0.305178E+09,0.151060E+09,0.154117E+09,0.294662E+09,0.212921E+09
,April,0.257097E+09,98572220.86,0.158525E+09,0.266682E+09,0.144247E+09
,May,0.236852E+09,65055497.45,0.171796E+09,0.276821E+09,0.101023E+09
,June,0.209031E+09,40676047.93,0.168355E+09,0.258447E+09,71728703.76
,July,0.226155E+09,51647278.37,0.174508E+09,0.308806E+09,53410086.27
,August,0.269738E+09,93465819.55,0.176273E+09,0.353384E+09,67885788.40
,September,0.268124E+09,0.123951E+09,0.144173E+09,0.328022E+09,93582302.96
,October,0.276589E+09,0.148064E+09,0.128525E+09,0.307219E+09,0.137590E+09
,November,0.167874E+09,77429590.63,90444035.36,0.139108E+09,0.196078E+09
,December,0.170466E+09,83149817.75,87315836.60,0.120432E+09,0.283969E+09
,,,,,,
,Annual Sum or Average,0.284612E+10,0.117236E+10,0.167376E+10,0.300642E+10,0.194151E+10
,Minimum of Months,0.167874E+09,40676047.93,87315836.60,0.120432E+09,53410086.27
,Maximum of Months,0.305178E+09,0.151060E+09,0.176273E+09,0.353384E+09,0.303278E+09


----------------------------------------------------------------------------------------------------
REPORT:,WindowEnergyReportMonthly
FOR:,SMSTORE4_WALL_1_WINDOW_2
Custom Monthly Report

,,SURFACE WINDOW TRANSMITTED SOLAR RADIATION ENERGY [J],SURFACE WINDOW TRANSMITTED BEAM SOLAR RADIATION ENERGY [J],SURFACE WINDOW TRANSMITTED DIFFUSE SOLAR RADIATION ENERGY [J],SURFACE WINDOW HEAT GAIN ENERGY [J],SURFACE WINDOW HEAT LOSS ENERGY [J]
,January,0.229659E+09,0.134058E+09,95600048.04,0.182193E+09,0.303278E+09
,February,0.229363E+09,0.105233E+09,0.124130E+09,0.170649E+09,0.275800E+09
,March,0.305178E+09,0.151060E+09,0.154117E+09,0.294662E+09,0.212921E+09
,April,0.257097E+09,98572220.86,0.158525E+09,0.266682E+09,0.144247E+09
,May,0.236852E+09,65055497.45,0.171796E+09,0.276821E+09,0.101023E+09
,June,0.209031E+09,40676047.93,0.168355E+09,0.258447E+09,71728703.76
,July,0.226155E+09,51647278.37,0.174508E+09,0.308806E+09,53410086.27
,August,0.269738E+09,93465819.55,0.176273E+09,0.353384E+09,67885788.40
,September,0.268124E+09,0.123951E+09,0.144173E+09,0.328022E+09,93582302.96
,October,0.276589E+09,0.148064E+09,0.128525E+09,0.307219E+09,0.137590E+09
,November,0.167874E+09,77429590.63,90444035.36,0.139108E+09,0.196078E+09
,December,0.170466E+09,83149817.75,87315836.60,0.120432E+09,0.283969E+09
,,,,,,
,Annual Sum or Average,0.284612E+10,0.117236E+10,0.167376E+10,0.300642E+10,0.194151E+10
,Minimum of Months,0.167874E+09,40676047.93,87315836.60,0.120432E+09,53410086.27
,Maximum of Months,0.305178E+09,0.151060E+09,0.176273E+09,0.353384E+09,0.303278E+09


----------------------------------------------------------------------------------------------------
REPORT:,WindowEnergyReportMonthly
FOR:,SMSTORE4_WALL_1_DOOR
Custom Monthly Report

,,SURFACE WINDOW TRANSMITTED SOLAR RADIATION ENERGY [J],SURFACE WINDOW TRANSMITTED BEAM SOLAR RADIATION ENERGY [J],SURFACE WINDOW TRANSMITTED DIFFUSE SOLAR RADIATION ENERGY [J],SURFACE WINDOW HEAT GAIN ENERGY [J],SURFACE WINDOW HEAT LOSS ENERGY [J]
,January,0.274576E+09,0.160278E+09,0.114298E+09,0.219650E+09,0.356044E+09
,February,0.274223E+09,0.125815E+09,0.148408E+09,0.206194E+09,0.323779E+09
,March,0.364866E+09,0.180605E+09,0.184260E+09,0.354571E+09,0.250187E+09
,April,0.307381E+09,0.117851E+09,0.189529E+09,0.320517E+09,0.169806E+09
,May,0.283176E+09,77779364.14,0.205397E+09,0.332028E+09,0.119219E+09
,June,0.249915E+09,48631664.78,0.201283E+09,0.309561E+09,84874835.89
,July,0.270387E+09,61748701.17,0.208639E+09,0.369297E+09,63465847.15
,August,0.322495E+09,0.111746E+09,0.210749E+09,0.423000E+09,80517337.25
,September,0.320565E+09,0.148194E+09,0.172371E+09,0.392987E+09,0.110621E+09
,October,0.330685E+09,0.177023E+09,0.153662E+09,0.368663E+09,0.162212E+09
,November,0.200707E+09,92573641.91,0.108134E+09,0.167700E+09,0.230596E+09
,December,0.203806E+09,99412658.53,0.104393E+09,0.145428E+09,0.333552E+09
,,,,,,
,Annual Sum or Average,0.340278E+10,0.140166E+10,0.200112E+10,0.360960E+10,0.228488E+10
,Minimum of Months,0.200707E+09,48631664.78,0.104393E+09,0.145428E+09,63465847.15
,Maximum of Months,0.364866E+09,0.180605E+09,0.210749E+09,0.423000E+09,0.356044E+09


----------------------------------------------------------------------------------------------------
REPORT:,WindowEnergyReportMonthly
FOR:,LGSTORE2_WALL_1_WINDOW_1
Custom Monthly Report

,,SURFACE WINDOW TRANSMITTED SOLAR RADIATION ENERGY [J],SURFACE WINDOW TRANSMITTED BEAM SOLAR RADIATION ENERGY [J],SURFACE WINDOW TRANSMITTED DIFFUSE SOLAR RADIATION ENERGY [J],SURFACE WINDOW HEAT GAIN ENERGY [J],SURFACE WINDOW HEAT LOSS ENERGY [J]
,January,0.229659E+09,0.134058E+09,95600048.04,0.183464E+09,0.300657E+09
,February,0.229363E+09,0.105233E+09,0.124130E+09,0.172097E+09,0.273590E+09
,March,0.305178E+09,0.151060E+09,0.154117E+09,0.296313E+09,0.211467E+09
,April,0.257097E+09,98572220.86,0.158525E+09,0.267912E+09,0.143538E+09
,May,0.236852E+09,65055497.45,0.171796E+09,0.277326E+09,0.100892E+09
,June,0.209031E+09,40676047.93,0.168355E+09,0.258537E+09,71924706.95
,July,0.226155E+09,51647278.37,0.174508E+09,0.309006E+09,53615978.11
,August,0.269738E+09,93465819.55,0.176273E+09,0.353754E+09,67982161.92
,September,0.268124E+09,0.123951E+09,0.144173E+09,0.328309E+09,93880681.44
,October,0.276589E+09,0.148064E+09,0.128525E+09,0.308077E+09,0.137300E+09
,November,0.167874E+09,77429590.63,90444035.36,0.140129E+09,0.194709E+09
,December,0.170466E+09,83149817.75,87315836.60,0.121440E+09,0.281592E+09
,,,,,,
,Annual Sum or Average,0.284612E+10,0.117236E+10,0.167376E+10,0.301636E+10,0.193115E+10
,Minimum of Months,0.167874E+09,40676047.93,87315836.60,0.121440E+09,53615978.11
,Maximum of Months,0.305178E+09,0.151060E+09,0.176273E+09,0.353754E+09,0.300657E+09


----------------------------------------------------------------------------------------------------
REPORT:,WindowEnergyReportMonthly
FOR:,LGSTORE2_WALL_1_WINDOW_2
Custom Monthly Report

,,SURFACE WINDOW TRANSMITTED SOLAR RADIATION ENERGY [J],SURFACE WINDOW TRANSMITTED BEAM SOLAR RADIATION ENERGY [J],SURFACE WINDOW TRANSMITTED DIFFUSE SOLAR RADIATION ENERGY [J],SURFACE WINDOW HEAT GAIN ENERGY [J],SURFACE WINDOW HEAT LOSS ENERGY [J]
,January,0.229659E+09,0.134058E+09,95600048.04,0.183464E+09,0.300657E+09
,February,0.229363E+09,0.105233E+09,0.124130E+09,0.172097E+09,0.273590E+09
,March,0.305178E+09,0.151060E+09,0.154117E+09,0.296313E+09,0.211467E+09
,April,0.257097E+09,98572220.86,0.158525E+09,0.267912E+09,0.143538E+09
,May,0.236852E+09,65055497.45,0.171796E+09,0.277326E+09,0.100892E+09
,June,0.209031E+09,40676047.93,0.168355E+09,0.258537E+09,71924706.95
,July,0.226155E+09,51647278.37,0.174508E+09,0.309006E+09,53615978.11
,August,0.269738E+09,93465819.55,0.176273E+09,0.353754E+09,67982161.92
,September,0.268124E+09,0.123951E+09,0.144173E+09,0.328309E+09,93880681.44
,October,0.276589E+09,0.148064E+09,0.128525E+09,0.308077E+09,0.137300E+09
,November,0.167874E+09,77429590.63,90444035.36,0.140129E+09,0.194709E+09
,December,0.170466E+09,83149817.75,87315836.60,0.121440E+09,0.281592E+09
,,,,,,
,Annual Sum or Average,0.284612E+10,0.117236E+10,0.167376E+10,0.301636E+10,0.193115E+10
,Minimum of Months,0.167874E+09,40676047.93,87315836.60,0.121440E+09,53615978.11
,Maximum of Months,0.305178E+09,0.151060E+09,0.176273E+09,0.353754E+09,0.300657E+09


----------------------------------------------------------------------------------------------------
REPORT:,WindowEnergyReportMonthly
FOR:,LGSTORE2_WALL_1_WINDOW_3
Custom Monthly Report

,,SURFACE WINDOW TRANSMITTED SOLAR RADIATION ENERGY [J],SURFACE WINDOW TRANSMITTED BEAM SOLAR RADIATION ENERGY [J],SURFACE WINDOW TRANSMITTED DIFFUSE SOLAR RADIATION ENERGY [J],SURFACE WINDOW HEAT GAIN ENERGY [J],SURFACE WINDOW HEAT LOSS ENERGY [J]
,January,0.229659E+09,0.134058E+09,95600048.04,0.183464E+09,0.300657E+09
,February,0.229363E+09,0.105233E+09,0.124130E+09,0.172097E+09,0.273590E+09
,March,0.305178E+09,0.151060E+09,0.154117E+09,0.296313E+09,0.211467E+09
,April,0.257097E+09,98572220.86,0.158525E+09,0.267912E+09,0.143538E+09
,May,0.236852E+09,65055497.45,0.171796E+09,0.277326E+09,0.100892E+09
,June,0.209031E+09,40676047.93,0.168355E+09,0.258537E+09,71924706.95
,July,0.226155E+09,51647278.37,0.174508E+09,0.309006E+09,53615978.11
,August,0.269738E+09,93465819.55,0.176273E+09,0.353754E+09,67982161.92
,September,0.268124E+09,0.123951E+09,0.144173E+09,0.328309E+09,93880681.44
,October,0.276589E+09,0.148064E+09,0.128525E+09,0.308077E+09,0.137300E+09
,November,0.167874E+09,77429590.63,90444035.36,0.140129E+09,0.194709E+09
,December,0.170466E+09,83149817.75,87315836.60,0.121440E+09,0.281592E+09
,,,,,,
,Annual Sum or Average,0.284612E+10,0.117236E+10,0.167376E+10,0.301636E+10,0.193115E+10
,Minimum of Months,0.167874E+09,40676047.93,87315836.60,0.121440E+09,53615978.11
,Maximum of Months,0.305178E+09,0.151060E+09,0.176273E+09,0.353754E+09,0.300657E+09


----------------------------------------------------------------------------------------------------
REPORT:,WindowEnergyReportMonthly
FOR:,LGSTORE2_WALL_1_WINDOW_4
Custom Monthly Report

,,SURFACE WINDOW TRANSMITTED SOLAR RADIATION ENERGY [J],SURFACE WINDOW TRANSMITTED BEAM SOLAR RADIATION ENERGY [J],SURFACE WINDOW TRANSMITTED DIFFUSE SOLAR RADIATION ENERGY [J],SURFACE WINDOW HEAT GAIN ENERGY [J],SURFACE WINDOW HEAT LOSS ENERGY [J]
,January,0.229659E+09,0.134058E+09,95600048.04,0.183464E+09,0.300657E+09
,February,0.229363E+09,0.105233E+09,0.124130E+09,0.172097E+09,0.273590E+09
,March,0.305178E+09,0.151060E+09,0.154117E+09,0.296313E+09,0.211467E+09
,April,0.257097E+09,98572220.86,0.158525E+09,0.267912E+09,0.143538E+09
,May,0.236852E+09,65055497.45,0.171796E+09,0.277326E+09,0.100892E+09
,June,0.209031E+09,40676047.93,0.168355E+09,0.258537E+09,71924706.95
,July,0.226155E+09,51647278.37,0.174508E+09,0.309006E+09,53615978.11
,August,0.269738E+09,93465819.55,0.176273E+09,0.353754E+09,67982161.92
,September,0.268124E+09,0.123951E+09,0.144173E+09,0.328309E+09,93880681.44
,October,0.276589E+09,0.148064E+09,0.128525E+09,0.308077E+09,0.137300E+09
,November,0.167874E+09,77429590.63,90444035.36,0.140129E+09,0.194709E+09
,December,0.170466E+09,83149817.75,87315836.60,0.121440E+09,0.281592E+09
,,,,,,
,Annual Sum or Average,0.284612E+10,0.117236E+10,0.167376E+10,0.301636E+10,0.193115E+10
,Minimum of Months,0.167874E+09,40676047.93,87315836.60,0.121440E+09,53615978.11
,Maximum of Months,0.305178E+09,0.151060E+09,0.176273E+09,0.353754E+09,0.300657E+09


----------------------------------------------------------------------------------------------------
REPORT:,WindowEnergyReportMonthly
FOR:,LGSTORE2_WALL_1_DOOR_1
Custom Monthly Report

,,SURFACE WINDOW TRANSMITTED SOLAR RADIATION ENERGY [J],SURFACE WINDOW TRANSMITTED BEAM SOLAR RADIATION ENERGY [J],SURFACE WINDOW TRANSMITTED DIFFUSE SOLAR RADIATION ENERGY [J],SURFACE WINDOW HEAT GAIN ENERGY [J],SURFACE WINDOW HEAT LOSS ENERGY [J]
,January,0.274576E+09,0.160278E+09,0.114298E+09,0.221057E+09,0.353190E+09
,February,0.274223E+09,0.125815E+09,0.148408E+09,0.207793E+09,0.321392E+09
,March,0.364866E+09,0.180605E+09,0.184260E+09,0.356371E+09,0.248633E+09
,April,0.307381E+09,0.117851E+09,0.189529E+09,0.321848E+09,0.169067E+09
,May,0.283176E+09,77779364.14,0.205397E+09,0.332531E+09,0.119115E+09
,June,0.249915E+09,48631664.78,0.201283E+09,0.309592E+09,85133168.78
,July,0.270387E+09,61748701.17,0.208639E+09,0.369471E+09,63716311.70
,August,0.322495E+09,0.111746E+09,0.210749E+09,0.423349E+09,80652310.02
,September,0.320565E+09,0.148194E+09,0.172371E+09,0.393229E+09,0.111011E+09
,October,0.330685E+09,0.177023E+09,0.153662E+09,0.369565E+09,0.161949E+09
,November,0.200707E+09,92573641.91,0.108134E+09,0.168831E+09,0.229126E+09
,December,0.203806E+09,99412658.53,0.104393E+09,0.146547E+09,0.330965E+09
,,,,,,
,Annual Sum or Average,0.340278E+10,0.140166E+10,0.200112E+10,0.362018E+10,0.227395E+10
,Minimum of Months,0.200707E+09,48631664.78,0.104393E+09,0.146547E+09,63716311.70
,Maximum of Months,0.364866E+09,0.180605E+09,0.210749E+09,0.423349E+09,0.353190E+09


----------------------------------------------------------------------------------------------------
REPORT:,WindowEnergyReportMonthly
FOR:,LGSTORE2_WALL_1_DOOR_2
Custom Monthly Report

,,SURFACE WINDOW TRANSMITTED SOLAR RADIATION ENERGY [J],SURFACE WINDOW TRANSMITTED BEAM SOLAR RADIATION ENERGY [J],SURFACE WINDOW TRANSMITTED DIFFUSE SOLAR RADIATION ENERGY [J],SURFACE WINDOW HEAT GAIN ENERGY [J],SURFACE WINDOW HEAT LOSS ENERGY [J]
,January,0.274576E+09,0.160278E+09,0.114298E+09,0.221057E+09,0.353190E+09
,February,0.274223E+09,0.125815E+09,0.148408E+09,0.207793E+09,0.321392E+09
,March,0.364866E+09,0.180605E+09,0.184260E+09,0.356371E+09,0.248633E+09
,April,0.307381E+09,0.117851E+09,0.189529E+09,0.321848E+09,0.169067E+09
,May,0.283176E+09,77779364.14,0.205397E+09,0.332531E+09,0.119115E+09
,June,0.249915E+09,48631664.78,0.201283E+09,0.309592E+09,85133168.78
,July,0.270387E+09,61748701.17,0.208639E+09,0.369471E+09,63716311.70
,August,0.322495E+09,0.111746E+09,0.210749E+09,0.423349E+09,80652310.02
,September,0.320565E+09,0.148194E+09,0.172371E+09,0.393229E+09,0.111011E+09
,October,0.330685E+09,0.177023E+09,0.153662E+09,0.369565E+09,0.161949E+09
,November,0.200707E+09,92573641.91,0.108134E+09,0.168831E+09,0.229126E+09
,December,0.203806E+09,99412658.53,0.104393E+09,0.146547E+09,0.330965E+09
,,,,,,
,Annual Sum or Average,0.340278E+10,0.140166E+10,0.200112E+10,0.362018E+10,0.227395E+10
,Minimum of Months,0.200707E+09,48631664.78,0.104393E+09,0.146547E+09,63716311.70
,Maximum of Months,0.364866E+09,0.180605E+09,0.210749E+09,0.423349E+09,0.353190E+09


----------------------------------------------------------------------------------------------------
REPORT:,WindowEnergyReportMonthly
FOR:,SMSTORE5_WALL_1_WINDOW_1
Custom Monthly Report

,,SURFACE WINDOW TRANSMITTED SOLAR RADIATION ENERGY [J],SURFACE WINDOW TRANSMITTED BEAM SOLAR RADIATION ENERGY [J],SURFACE WINDOW TRANSMITTED DIFFUSE SOLAR RADIATION ENERGY [J],SURFACE WINDOW HEAT GAIN ENERGY [J],SURFACE WINDOW HEAT LOSS ENERGY [J]
,January,0.229659E+09,0.134058E+09,95600048.04,0.182365E+09,0.303028E+09
,February,0.229363E+09,0.105233E+09,0.124130E+09,0.170857E+09,0.275611E+09
,March,0.305178E+09,0.151060E+09,0.154117E+09,0.294896E+09,0.212802E+09
,April,0.257097E+09,98572220.86,0.158525E+09,0.266832E+09,0.144176E+09
,May,0.236852E+09,65055497.45,0.171796E+09,0.276520E+09,0.101157E+09
,June,0.209031E+09,40676047.93,0.168355E+09,0.258016E+09,71866936.88
,July,0.226155E+09,51647278.37,0.174508E+09,0.308705E+09,53316588.24
,August,0.269738E+09,93465819.55,0.176273E+09,0.353164E+09,67786279.59
,September,0.268124E+09,0.123951E+09,0.144173E+09,0.327548E+09,93998365.50
,October,0.276589E+09,0.148064E+09,0.128525E+09,0.307091E+09,0.137787E+09
,November,0.167874E+09,77429590.63,90444035.36,0.139296E+09,0.195918E+09
,December,0.170466E+09,83149817.75,87315836.60,0.120584E+09,0.283719E+09
,,,,,,
,Annual Sum or Average,0.284612E+10,0.117236E+10,0.167376E+10,0.300587E+10,0.194117E+10
,Minimum of Months,0.167874E+09,40676047.93,87315836.60,0.120584E+09,53316588.24
,Maximum of Months,0.305178E+09,0.151060E+09,0.176273E+09,0.353164E+09,0.303028E+09


----------------------------------------------------------------------------------------------------
REPORT:,WindowEnergyReportMonthly
FOR:,SMSTORE5_WALL_1_WINDOW_2
Custom Monthly Report

,,SURFACE WINDOW TRANSMITTED SOLAR RADIATION ENERGY [J],SURFACE WINDOW TRANSMITTED BEAM SOLAR RADIATION ENERGY [J],SURFACE WINDOW TRANSMITTED DIFFUSE SOLAR RADIATION ENERGY [J],SURFACE WINDOW HEAT GAIN ENERGY [J],SURFACE WINDOW HEAT LOSS ENERGY [J]
,January,0.229659E+09,0.134058E+09,95600048.04,0.182365E+09,0.303028E+09
,February,0.229363E+09,0.105233E+09,0.124130E+09,0.170857E+09,0.275611E+09
,March,0.305178E+09,0.151060E+09,0.154117E+09,0.294896E+09,0.212802E+09
,April,0.257097E+09,98572220.86,0.158525E+09,0.266832E+09,0.144176E+09
,May,0.236852E+09,65055497.45,0.171796E+09,0.276520E+09,0.101157E+09
,June,0.209031E+09,40676047.93,0.168355E+09,0.258016E+09,71866936.88
,July,0.226155E+09,51647278.37,0.174508E+09,0.308705E+09,53316588.24
,August,0.269738E+09,93465819.55,0.176273E+09,0.353164E+09,67786279.59
,September,0.268124E+09,0.123951E+09,0.144173E+09,0.327548E+09,93998365.50
,October,0.276589E+09,0.148064E+09,0.128525E+09,0.307091E+09,0.137787E+09
,November,0.167874E+09,77429590.63,90444035.36,0.139296E+09,0.195918E+09
,December,0.170466E+09,83149817.75,87315836.60,0.120584E+09,0.283719E+09
,,,,,,
,Annual Sum or Average,0.284612E+10,0.117236E+10,0.167376E+10,0.300587E+10,0.194117E+10
,Minimum of Months,0.167874E+09,40676047.93,87315836.60,0.120584E+09,53316588.24
,Maximum of Months,0.305178E+09,0.151060E+09,0.176273E+09,0.353164E+09,0.303028E+09


----------------------------------------------------------------------------------------------------
REPORT:,WindowEnergyReportMonthly
FOR:,SMSTORE5_WALL_1_DOOR
Custom Monthly Report

,,SURFACE WINDOW TRANSMITTED SOLAR RADIATION ENERGY [J],SURFACE WINDOW TRANSMITTED BEAM SOLAR RADIATION ENERGY [J],SURFACE WINDOW TRANSMITTED DIFFUSE SOLAR RADIATION ENERGY [J],SURFACE WINDOW HEAT GAIN ENERGY [J],SURFACE WINDOW HEAT LOSS ENERGY [J]
,January,0.274576E+09,0.160278E+09,0.114298E+09,0.219862E+09,0.355744E+09
,February,0.274223E+09,0.125815E+09,0.148408E+09,0.206449E+09,0.323552E+09
,March,0.364866E+09,0.180605E+09,0.184260E+09,0.354855E+09,0.250042E+09
,April,0.307381E+09,0.117851E+09,0.189529E+09,0.320703E+09,0.169717E+09
,May,0.283176E+09,77779364.14,0.205397E+09,0.331685E+09,0.119372E+09
,June,0.249915E+09,48631664.78,0.201283E+09,0.309062E+09,85033944.94
,July,0.270387E+09,61748701.17,0.208639E+09,0.369183E+09,63353984.96
,August,0.322495E+09,0.111746E+09,0.210749E+09,0.422750E+09,80399698.38
,September,0.320565E+09,0.148194E+09,0.172371E+09,0.392436E+09,0.111101E+09
,October,0.330685E+09,0.177023E+09,0.153662E+09,0.368519E+09,0.162436E+09
,November,0.200707E+09,92573641.91,0.108134E+09,0.167930E+09,0.230404E+09
,December,0.203806E+09,99412658.53,0.104393E+09,0.145614E+09,0.333251E+09
,,,,,,
,Annual Sum or Average,0.340278E+10,0.140166E+10,0.200112E+10,0.360905E+10,0.228441E+10
,Minimum of Months,0.200707E+09,48631664.78,0.104393E+09,0.145614E+09,63353984.96
,Maximum of Months,0.364866E+09,0.180605E+09,0.210749E+09,0.422750E+09,0.355744E+09


----------------------------------------------------------------------------------------------------
REPORT:,WindowEnergyReportMonthly
FOR:,SMSTORE6_WALL_1_WINDOW_1
Custom Monthly Report

,,SURFACE WINDOW TRANSMITTED SOLAR RADIATION ENERGY [J],SURFACE WINDOW TRANSMITTED BEAM SOLAR RADIATION ENERGY [J],SURFACE WINDOW TRANSMITTED DIFFUSE SOLAR RADIATION ENERGY [J],SURFACE WINDOW HEAT GAIN ENERGY [J],SURFACE WINDOW HEAT LOSS ENERGY [J]
,January,0.229659E+09,0.134058E+09,95600048.04,0.182408E+09,0.302899E+09
,February,0.229363E+09,0.105233E+09,0.124130E+09,0.170903E+09,0.275510E+09
,March,0.305178E+09,0.151060E+09,0.154117E+09,0.294993E+09,0.212642E+09
,April,0.257097E+09,98572220.86,0.158525E+09,0.267003E+09,0.143911E+09
,May,0.236852E+09,65055497.45,0.171796E+09,0.276967E+09,0.100573E+09
,June,0.209031E+09,40676047.93,0.168355E+09,0.258304E+09,71573666.59
,July,0.226155E+09,51647278.37,0.174508E+09,0.308796E+09,53253201.13
,August,0.269738E+09,93465819.55,0.176273E+09,0.353259E+09,67722186.87
,September,0.268124E+09,0.123951E+09,0.144173E+09,0.327807E+09,93603760.92
,October,0.276589E+09,0.148064E+09,0.128525E+09,0.307328E+09,0.137352E+09
,November,0.167874E+09,77429590.63,90444035.36,0.139358E+09,0.195767E+09
,December,0.170466E+09,83149817.75,87315836.60,0.120618E+09,0.283597E+09
,,,,,,
,Annual Sum or Average,0.284612E+10,0.117236E+10,0.167376E+10,0.300774E+10,0.193840E+10
,Minimum of Months,0.167874E+09,40676047.93,87315836.60,0.120618E+09,53253201.13
,Maximum of Months,0.305178E+09,0.151060E+09,0.176273E+09,0.353259E+09,0.302899E+09


----------------------------------------------------------------------------------------------------
REPORT:,WindowEnergyReportMonthly
FOR:,SMSTORE6_WALL_1_WINDOW_2
Custom Monthly Report

,,SURFACE WINDOW TRANSMITTED SOLAR RADIATION ENERGY [J],SURFACE WINDOW TRANSMITTED BEAM SOLAR RADIATION ENERGY [J],SURFACE WINDOW TRANSMITTED DIFFUSE SOLAR RADIATION ENERGY [J],SURFACE WINDOW HEAT GAIN ENERGY [J],SURFACE WINDOW HEAT LOSS ENERGY [J]
,January,0.229659E+09,0.134058E+09,95600048.04,0.182408E+09,0.302899E+09
,February,0.229363E+09,0.105233E+09,0.124130E+09,0.170903E+09,0.275510E+09
,March,0.305178E+09,0.151060E+09,0.154117E+09,0.294993E+09,0.212642E+09
,April,0.257097E+09,98572220.86,0.158525E+09,0.267003E+09,0.143911E+09
,May,0.236852E+09,65055497.45,0.171796E+09,0.276967E+09,0.100573E+09
,June,0.209031E+09,40676047.93,0.168355E+09,0.258304E+09,71573666.59
,July,0.226155E+09,51647278.37,0.174508E+09,0.308796E+09,53253201.13
,August,0.269738E+09,93465819.55,0.176273E+09,0.353259E+09,67722186.87
,September,0.268124E+09,0.123951E+09,0.144173E+09,0.327807E+09,93603760.92
,October,0.276589E+09,0.148064E+09,0.128525E+09,0.307328E+09,0.137352E+09
,November,0.167874E+09,77429590.63,90444035.36,0.139358E+09,0.195767E+09
,December,0.170466E+09,83149817.75,87315836.60,0.120618E+09,0.283597E+09
,,,,,,
,Annual Sum or Average,0.284612E+10,0.117236E+10,0.167376E+10,0.300774E+10,0.193840E+10
,Minimum of Months,0.167874E+09,40676047.93,87315836.60,0.120618E+09,53253201.13
,Maximum of Months,0.305178E+09,0.151060E+09,0.176273E+09,0.353259E+09,0.302899E+09


----------------------------------------------------------------------------------------------------
REPORT:,WindowEnergyReportMonthly
FOR:,SMSTORE6_WALL_1_DOOR
Custom Monthly Report

,,SURFACE WINDOW TRANSMITTED SOLAR RADIATION ENERGY [J],SURFACE WINDOW TRANSMITTED BEAM SOLAR RADIATION ENERGY [J],SURFACE WINDOW TRANSMITTED DIFFUSE SOLAR RADIATION ENERGY [J],SURFACE WINDOW HEAT GAIN ENERGY [J],SURFACE WINDOW HEAT LOSS ENERGY [J]
,January,0.274576E+09,0.160278E+09,0.114298E+09,0.219914E+09,0.355589E+09
,February,0.274223E+09,0.125815E+09,0.148408E+09,0.206505E+09,0.323430E+09
,March,0.364866E+09,0.180605E+09,0.184260E+09,0.354972E+09,0.249852E+09
,April,0.307381E+09,0.117851E+09,0.189529E+09,0.320908E+09,0.169405E+09
,May,0.283176E+09,77779364.14,0.205397E+09,0.332218E+09,0.118684E+09
,June,0.249915E+09,48631664.78,0.201283E+09,0.309406E+09,84687229.67
,July,0.270387E+09,61748701.17,0.208639E+09,0.369292E+09,63278484.46
,August,0.322495E+09,0.111746E+09,0.210749E+09,0.422863E+09,80322512.88
,September,0.320565E+09,0.148194E+09,0.172371E+09,0.392744E+09,0.110635E+09
,October,0.330685E+09,0.177023E+09,0.153662E+09,0.368802E+09,0.161921E+09
,November,0.200707E+09,92573641.91,0.108134E+09,0.168006E+09,0.230224E+09
,December,0.203806E+09,99412658.53,0.104393E+09,0.145656E+09,0.333104E+09
,,,,,,
,Annual Sum or Average,0.340278E+10,0.140166E+10,0.200112E+10,0.361129E+10,0.228113E+10
,Minimum of Months,0.200707E+09,48631664.78,0.104393E+09,0.145656E+09,63278484.46
,Maximum of Months,0.364866E+09,0.180605E+09,0.210749E+09,0.422863E+09,0.355589E+09


----------------------------------------------------------------------------------------------------
REPORT:,WindowEnergyReportMonthly
FOR:,SMSTORE7_WALL_1_WINDOW_1
Custom Monthly Report

,,SURFACE WINDOW TRANSMITTED SOLAR RADIATION ENERGY [J],SURFACE WINDOW TRANSMITTED BEAM SOLAR RADIATION ENERGY [J],SURFACE WINDOW TRANSMITTED DIFFUSE SOLAR RADIATION ENERGY [J],SURFACE WINDOW HEAT GAIN ENERGY [J],SURFACE WINDOW HEAT LOSS ENERGY [J]
,January,0.229659E+09,0.134058E+09,95600048.04,0.182645E+09,0.302005E+09
,February,0.229363E+09,0.105233E+09,0.124130E+09,0.171183E+09,0.274721E+09
,March,0.305178E+09,0.151060E+09,0.154117E+09,0.295378E+09,0.211849E+09
,April,0.257097E+09,98572220.86,0.158525E+09,0.267530E+09,0.142931E+09
,May,0.236852E+09,65055497.45,0.171796E+09,0.278306E+09,98472285.34
,June,0.209031E+09,40676047.93,0.168355E+09,0.259264E+09,70415909.16
,July,0.226155E+09,51647278.37,0.174508E+09,0.308977E+09,53074534.09
,August,0.269738E+09,93465819.55,0.176273E+09,0.353522E+09,67367747.43
,September,0.268124E+09,0.123951E+09,0.144173E+09,0.328494E+09,92350628.90
,October,0.276589E+09,0.148064E+09,0.128525E+09,0.307977E+09,0.135961E+09
,November,0.167874E+09,77429590.63,90444035.36,0.139573E+09,0.195167E+09
,December,0.170466E+09,83149817.75,87315836.60,0.120808E+09,0.282797E+09
,,,,,,
,Annual Sum or Average,0.284612E+10,0.117236E+10,0.167376E+10,0.301366E+10,0.192711E+10
,Minimum of Months,0.167874E+09,40676047.93,87315836.60,0.120808E+09,53074534.09
,Maximum of Months,0.305178E+09,0.151060E+09,0.176273E+09,0.353522E+09,0.302005E+09


----------------------------------------------------------------------------------------------------
REPORT:,WindowEnergyReportMonthly
FOR:,SMSTORE7_WALL_1_WINDOW_2
Custom Monthly Report

,,SURFACE WINDOW TRANSMITTED SOLAR RADIATION ENERGY [J],SURFACE WINDOW TRANSMITTED BEAM SOLAR RADIATION ENERGY [J],SURFACE WINDOW TRANSMITTED DIFFUSE SOLAR RADIATION ENERGY [J],SURFACE WINDOW HEAT GAIN ENERGY [J],SURFACE WINDOW HEAT LOSS ENERGY [J]
,January,0.229659E+09,0.134058E+09,95600048.04,0.182645E+09,0.302005E+09
,February,0.229363E+09,0.105233E+09,0.124130E+09,0.171183E+09,0.274721E+09
,March,0.305178E+09,0.151060E+09,0.154117E+09,0.295378E+09,0.211849E+09
,April,0.257097E+09,98572220.86,0.158525E+09,0.267530E+09,0.142931E+09
,May,0.236852E+09,65055497.45,0.171796E+09,0.278306E+09,98472285.34
,June,0.209031E+09,40676047.93,0.168355E+09,0.259264E+09,70415909.16
,July,0.226155E+09,51647278.37,0.174508E+09,0.308977E+09,53074534.09
,August,0.269738E+09,93465819.55,0.176273E+09,0.353522E+09,67367747.43
,September,0.268124E+09,0.123951E+09,0.144173E+09,0.328494E+09,92350628.90
,October,0.276589E+09,0.148064E+09,0.128525E+09,0.307977E+09,0.135961E+09
,November,0.167874E+09,77429590.63,90444035.36,0.139573E+09,0.195167E+09
,December,0.170466E+09,83149817.75,87315836.60,0.120808E+09,0.282797E+09
,,,,,,
,Annual Sum or Average,0.284612E+10,0.117236E+10,0.167376E+10,0.301366E+10,0.192711E+10
,Minimum of Months,0.167874E+09,40676047.93,87315836.60,0.120808E+09,53074534.09
,Maximum of Months,0.305178E+09,0.151060E+09,0.176273E+09,0.353522E+09,0.302005E+09


----------------------------------------------------------------------------------------------------
REPORT:,WindowEnergyReportMonthly
FOR:,SMSTORE7_WALL_1_DOOR
Custom Monthly Report

,,SURFACE WINDOW TRANSMITTED SOLAR RADIATION ENERGY [J],SURFACE WINDOW TRANSMITTED BEAM SOLAR RADIATION ENERGY [J],SURFACE WINDOW TRANSMITTED DIFFUSE SOLAR RADIATION ENERGY [J],SURFACE WINDOW HEAT GAIN ENERGY [J],SURFACE WINDOW HEAT LOSS ENERGY [J]
,January,0.274576E+09,0.160278E+09,0.114298E+09,0.220204E+09,0.354514E+09
,February,0.274223E+09,0.125815E+09,0.148408E+09,0.206844E+09,0.322481E+09
,March,0.364866E+09,0.180605E+09,0.184260E+09,0.355436E+09,0.248901E+09
,April,0.307381E+09,0.117851E+09,0.189529E+09,0.321540E+09,0.168244E+09
,May,0.283176E+09,77779364.14,0.205397E+09,0.333809E+09,0.116216E+09
,June,0.249915E+09,48631664.78,0.201283E+09,0.310546E+09,83322735.98
,July,0.270387E+09,61748701.17,0.208639E+09,0.369510E+09,63065620.03
,August,0.322495E+09,0.111746E+09,0.210749E+09,0.423179E+09,79904060.67
,September,0.320565E+09,0.148194E+09,0.172371E+09,0.393558E+09,0.109161E+09
,October,0.330685E+09,0.177023E+09,0.153662E+09,0.369573E+09,0.160284E+09
,November,0.200707E+09,92573641.91,0.108134E+09,0.168266E+09,0.229506E+09
,December,0.203806E+09,99412658.53,0.104393E+09,0.145887E+09,0.332143E+09
,,,,,,
,Annual Sum or Average,0.340278E+10,0.140166E+10,0.200112E+10,0.361835E+10,0.226774E+10
,Minimum of Months,0.200707E+09,48631664.78,0.104393E+09,0.145887E+09,63065620.03
,Maximum of Months,0.364866E+09,0.180605E+09,0.210749E+09,0.423179E+09,0.354514E+09


----------------------------------------------------------------------------------------------------
REPORT:,WindowEnergyReportMonthly
FOR:,SMSTORE8_WALL_1_WINDOW_1
Custom Monthly Report

,,SURFACE WINDOW TRANSMITTED SOLAR RADIATION ENERGY [J],SURFACE WINDOW TRANSMITTED BEAM SOLAR RADIATION ENERGY [J],SURFACE WINDOW TRANSMITTED DIFFUSE SOLAR RADIATION ENERGY [J],SURFACE WINDOW HEAT GAIN ENERGY [J],SURFACE WINDOW HEAT LOSS ENERGY [J]
,January,0.229659E+09,0.134058E+09,95600048.04,0.184540E+09,0.294664E+09
,February,0.229363E+09,0.105233E+09,0.124130E+09,0.173388E+09,0.267946E+09
,March,0.305178E+09,0.151060E+09,0.154117E+09,0.297920E+09,0.205694E+09
,April,0.257097E+09,98572220.86,0.158525E+09,0.269897E+09,0.137816E+09
,May,0.236852E+09,65055497.45,0.171796E+09,0.281779E+09,91280352.25
,June,0.209031E+09,40676047.93,0.168355E+09,0.262139E+09,65162285.92
,July,0.226155E+09,51647278.37,0.174508E+09,0.309613E+09,51058499.86
,August,0.269738E+09,93465819.55,0.176273E+09,0.354209E+09,64823117.64
,September,0.268124E+09,0.123951E+09,0.144173E+09,0.330069E+09,87743588.43
,October,0.276589E+09,0.148064E+09,0.128525E+09,0.309583E+09,0.131260E+09
,November,0.167874E+09,77429590.63,90444035.36,0.140875E+09,0.191103E+09
,December,0.170466E+09,83149817.75,87315836.60,0.122203E+09,0.276366E+09
,,,,,,
,Annual Sum or Average,0.284612E+10,0.117236E+10,0.167376E+10,0.303622E+10,0.186492E+10
,Minimum of Months,0.167874E+09,40676047.93,87315836.60,0.122203E+09,51058499.86
,Maximum of Months,0.305178E+09,0.151060E+09,0.176273E+09,0.354209E+09,0.294664E+09


----------------------------------------------------------------------------------------------------
REPORT:,WindowEnergyReportMonthly
FOR:,SMSTORE8_WALL_1_WINDOW_2
Custom Monthly Report

,,SURFACE WINDOW TRANSMITTED SOLAR RADIATION ENERGY [J],SURFACE WINDOW TRANSMITTED BEAM SOLAR RADIATION ENERGY [J],SURFACE WINDOW TRANSMITTED DIFFUSE SOLAR RADIATION ENERGY [J],SURFACE WINDOW HEAT GAIN ENERGY [J],SURFACE WINDOW HEAT LOSS ENERGY [J]
,January,0.229659E+09,0.134058E+09,95600048.04,0.184540E+09,0.294664E+09
,February,0.229363E+09,0.105233E+09,0.124130E+09,0.173388E+09,0.267946E+09
,March,0.305178E+09,0.151060E+09,0.154117E+09,0.297920E+09,0.205694E+09
,April,0.257097E+09,98572220.86,0.158525E+09,0.269897E+09,0.137816E+09
,May,0.236852E+09,65055497.45,0.171796E+09,0.281779E+09,91280352.25
,June,0.209031E+09,40676047.93,0.168355E+09,0.262139E+09,65162285.92
,July,0.226155E+09,51647278.37,0.174508E+09,0.309613E+09,51058499.86
,August,0.269738E+09,93465819.55,0.176273E+09,0.354209E+09,64823117.64
,September,0.268124E+09,0.123951E+09,0.144173E+09,0.330069E+09,87743588.43
,October,0.276589E+09,0.148064E+09,0.128525E+09,0.309583E+09,0.131260E+09
,November,0.167874E+09,77429590.63,90444035.36,0.140875E+09,0.191103E+09
,December,0.170466E+09,83149817.75,87315836.60,0.122203E+09,0.276366E+09
,,,,,,
,Annual Sum or Average,0.284612E+10,0.117236E+10,0.167376E+10,0.303622E+10,0.186492E+10
,Minimum of Months,0.167874E+09,40676047.93,87315836.60,0.122203E+09,51058499.86
,Maximum of Months,0.305178E+09,0.151060E+09,0.176273E+09,0.354209E+09,0.294664E+09


----------------------------------------------------------------------------------------------------
REPORT:,WindowEnergyReportMonthly
FOR:,SMSTORE8_WALL_1_DOOR
Custom Monthly Report

,,SURFACE WINDOW TRANSMITTED SOLAR RADIATION ENERGY [J],SURFACE WINDOW TRANSMITTED BEAM SOLAR RADIATION ENERGY [J],SURFACE WINDOW TRANSMITTED DIFFUSE SOLAR RADIATION ENERGY [J],SURFACE WINDOW HEAT GAIN ENERGY [J],SURFACE WINDOW HEAT LOSS ENERGY [J]
,January,0.274576E+09,0.160278E+09,0.114298E+09,0.222526E+09,0.345707E+09
,February,0.274223E+09,0.125815E+09,0.148408E+09,0.209541E+09,0.314348E+09
,March,0.364866E+09,0.180605E+09,0.184260E+09,0.358513E+09,0.241515E+09
,April,0.307381E+09,0.117851E+09,0.189529E+09,0.324388E+09,0.162131E+09
,May,0.283176E+09,77779364.14,0.205397E+09,0.337951E+09,0.107746E+09
,June,0.249915E+09,48631664.78,0.201283E+09,0.313966E+09,77152795.06
,July,0.270387E+09,61748701.17,0.208639E+09,0.370267E+09,60684946.11
,August,0.322495E+09,0.111746E+09,0.210749E+09,0.423992E+09,76908196.55
,September,0.320565E+09,0.148194E+09,0.172371E+09,0.395431E+09,0.103746E+09
,October,0.330685E+09,0.177023E+09,0.153662E+09,0.371495E+09,0.154734E+09
,November,0.200707E+09,92573641.91,0.108134E+09,0.169847E+09,0.224622E+09
,December,0.203806E+09,99412658.53,0.104393E+09,0.147596E+09,0.324414E+09
,,,,,,
,Annual Sum or Average,0.340278E+10,0.140166E+10,0.200112E+10,0.364551E+10,0.219371E+10
,Minimum of Months,0.200707E+09,48631664.78,0.104393E+09,0.147596E+09,60684946.11
,Maximum of Months,0.364866E+09,0.180605E+09,0.210749E+09,0.423992E+09,0.345707E+09


----------------------------------------------------------------------------------------------------
REPORT:,WindowZoneSummaryMonthly
FOR:,LGSTORE1
Custom Monthly Report

,,ZONE WINDOWS TOTAL HEAT GAIN RATE [W],ZONE WINDOWS TOTAL HEAT LOSS RATE [W],ZONE WINDOWS TOTAL TRANSMITTED SOLAR RADIATION RATE [W],ZONE EXTERIOR WINDOWS TOTAL TRANSMITTED BEAM SOLAR RADIATION RATE [W],ZONE EXTERIOR WINDOWS TOTAL TRANSMITTED DIFFUSE SOLAR RADIATION RATE [W],ZONE INTERIOR WINDOWS TOTAL TRANSMITTED DIFFUSE SOLAR RADIATION RATE [W],ZONE INTERIOR WINDOWS TOTAL TRANSMITTED BEAM SOLAR RADIATION RATE [W]
,January,442.07,706.47,549.14,320.55,228.59,0.00,0.00
,February,460.08,711.24,607.19,278.58,328.61,0.00,0.00
,March,712.94,496.38,729.71,361.20,368.51,0.00,0.00
,April,665.51,348.59,635.23,243.55,391.68,0.00,0.00
,May,668.79,230.98,566.33,155.55,410.78,0.00,0.00
,June,642.78,170.47,516.47,100.50,415.97,0.00,0.00
,July,738.62,127.51,540.76,123.49,417.26,0.00,0.00
,August,846.07,160.68,644.97,223.49,421.48,0.00,0.00
,September,813.38,224.64,662.48,306.26,356.22,0.00,0.00
,October,738.56,321.99,661.35,354.04,307.31,0.00,0.00
,November,347.85,475.94,414.78,191.31,223.47,0.00,0.00
,December,292.57,662.95,407.60,198.82,208.78,0.00,0.00
,,,,,,,,
,Annual Sum or Average,615.33,384.71,577.99,238.08,339.91,0.00,0.00
,Minimum of Months,292.57,127.51,407.60,100.50,208.78,0.00,0.00
,Maximum of Months,846.07,711.24,729.71,361.20,421.48,0.00,0.00


----------------------------------------------------------------------------------------------------
REPORT:,WindowZoneSummaryMonthly
FOR:,SMSTORE1
Custom Monthly Report

,,ZONE WINDOWS TOTAL HEAT GAIN RATE [W],ZONE WINDOWS TOTAL HEAT LOSS RATE [W],ZONE WINDOWS TOTAL TRANSMITTED SOLAR RADIATION RATE [W],ZONE EXTERIOR WINDOWS TOTAL TRANSMITTED BEAM SOLAR RADIATION RATE [W],ZONE EXTERIOR WINDOWS TOTAL TRANSMITTED DIFFUSE SOLAR RADIATION RATE [W],ZONE INTERIOR WINDOWS TOTAL TRANSMITTED DIFFUSE SOLAR RADIATION RATE [W],ZONE INTERIOR WINDOWS TOTAL TRANSMITTED BEAM SOLAR RADIATION RATE [W]
,January,218.11,363.22,274.57,160.27,114.29,0.00,0.00
,February,226.40,365.10,303.59,139.29,164.30,0.00,0.00
,March,352.24,257.52,364.85,180.60,184.25,0.00,0.00
,April,328.39,184.03,317.62,121.78,195.84,0.00,0.00
,May,328.83,126.60,283.17,77.78,205.39,0.00,0.00
,June,318.43,88.86,258.24,50.25,207.99,0.00,0.00
,July,368.83,63.31,270.38,61.75,208.63,0.00,0.00
,August,421.98,80.55,322.49,111.74,210.74,0.00,0.00
,September,403.64,119.09,331.24,153.13,178.11,0.00,0.00
,October,365.45,171.88,330.67,177.02,153.66,0.00,0.00
,November,171.47,247.30,207.39,95.66,111.73,0.00,0.00
,December,144.01,341.00,203.80,99.41,104.39,0.00,0.00
,,,,,,,,
,Annual Sum or Average,304.60,199.80,288.99,119.04,169.95,0.00,0.00
,Minimum of Months,144.01,63.31,203.80,50.25,104.39,0.00,0.00
,Maximum of Months,421.98,365.10,364.85,180.60,210.74,0.00,0.00


----------------------------------------------------------------------------------------------------
REPORT:,WindowZoneSummaryMonthly
FOR:,SMSTORE2
Custom Monthly Report

,,ZONE WINDOWS TOTAL HEAT GAIN RATE [W],ZONE WINDOWS TOTAL HEAT LOSS RATE [W],ZONE WINDOWS TOTAL TRANSMITTED SOLAR RADIATION RATE [W],ZONE EXTERIOR WINDOWS TOTAL TRANSMITTED BEAM SOLAR RADIATION RATE [W],ZONE EXTERIOR WINDOWS TOTAL TRANSMITTED DIFFUSE SOLAR RADIATION RATE [W],ZONE INTERIOR WINDOWS TOTAL TRANSMITTED DIFFUSE SOLAR RADIATION RATE [W],ZONE INTERIOR WINDOWS TOTAL TRANSMITTED BEAM SOLAR RADIATION RATE [W]
,January,217.94,360.09,274.00,159.94,114.06,0.00,0.00
,February,226.19,362.43,302.97,139.00,163.97,0.00,0.00
,March,352.14,253.36,364.11,180.23,183.88,0.00,0.00
,April,328.86,178.44,316.97,121.53,195.44,0.00,0.00
,May,329.67,122.24,282.59,77.62,204.97,0.00,0.00
,June,318.58,88.62,257.71,50.15,207.56,0.00,0.00
,July,368.47,63.59,269.82,61.62,208.20,0.00,0.00
,August,421.78,80.83,321.82,111.51,210.31,0.00,0.00
,September,404.12,116.40,330.56,152.82,177.75,0.00,0.00
,October,366.21,165.77,330.00,176.65,153.34,0.00,0.00
,November,171.78,241.50,206.97,95.46,111.51,0.00,0.00
,December,144.09,337.34,203.38,99.21,104.18,0.00,0.00
,,,,,,,,
,Annual Sum or Average,304.77,196.65,288.40,118.80,169.60,0.00,0.00
,Minimum of Months,144.09,63.59,203.38,50.15,104.18,0.00,0.00
,Maximum of Months,421.78,362.43,364.11,180.23,210.31,0.00,0.00


----------------------------------------------------------------------------------------------------
REPORT:,WindowZoneSummaryMonthly
FOR:,SMSTORE3
Custom Monthly Report

,,ZONE WINDOWS TOTAL HEAT GAIN RATE [W],ZONE WINDOWS TOTAL HEAT LOSS RATE [W],ZONE WINDOWS TOTAL TRANSMITTED SOLAR RADIATION RATE [W],ZONE EXTERIOR WINDOWS TOTAL TRANSMITTED BEAM SOLAR RADIATION RATE [W],ZONE EXTERIOR WINDOWS TOTAL TRANSMITTED DIFFUSE SOLAR RADIATION RATE [W],ZONE INTERIOR WINDOWS TOTAL TRANSMITTED DIFFUSE SOLAR RADIATION RATE [W],ZONE INTERIOR WINDOWS TOTAL TRANSMITTED BEAM SOLAR RADIATION RATE [W]
,January,218.00,359.54,274.00,159.94,114.06,0.00,0.00
,February,226.25,361.96,302.97,139.00,163.97,0.00,0.00
,March,352.32,252.57,364.11,180.23,183.88,0.00,0.00
,April,329.26,177.14,316.97,121.53,195.44,0.00,0.00
,May,330.36,120.56,282.59,77.62,204.97,0.00,0.00
,June,318.81,88.18,257.71,50.15,207.56,0.00,0.00
,July,368.53,63.48,269.82,61.62,208.20,0.00,0.00
,August,421.86,80.62,321.82,111.51,210.31,0.00,0.00
,September,404.58,115.20,330.56,152.82,177.75,0.00,0.00
,October,366.82,163.90,330.00,176.65,153.34,0.00,0.00
,November,171.95,240.48,206.97,95.46,111.51,0.00,0.00
,December,144.17,336.73,203.38,99.21,104.18,0.00,0.00
,,,,,,,,
,Annual Sum or Average,305.03,195.79,288.40,118.80,169.60,0.00,0.00
,Minimum of Months,144.17,63.48,203.38,50.15,104.18,0.00,0.00
,Maximum of Months,421.86,361.96,364.11,180.23,210.31,0.00,0.00


----------------------------------------------------------------------------------------------------
REPORT:,WindowZoneSummaryMonthly
FOR:,SMSTORE4
Custom Monthly Report

,,ZONE WINDOWS TOTAL HEAT GAIN RATE [W],ZONE WINDOWS TOTAL HEAT LOSS RATE [W],ZONE WINDOWS TOTAL TRANSMITTED SOLAR RADIATION RATE [W],ZONE EXTERIOR WINDOWS TOTAL TRANSMITTED BEAM SOLAR RADIATION RATE [W],ZONE EXTERIOR WINDOWS TOTAL TRANSMITTED DIFFUSE SOLAR RADIATION RATE [W],ZONE INTERIOR WINDOWS TOTAL TRANSMITTED DIFFUSE SOLAR RADIATION RATE [W],ZONE INTERIOR WINDOWS TOTAL TRANSMITTED BEAM SOLAR RADIATION RATE [W]
,January,218.05,359.39,274.00,159.94,114.06,0.00,0.00
,February,226.31,361.85,302.97,139.00,163.97,0.00,0.00
,March,352.41,252.40,364.11,180.23,183.88,0.00,0.00
,April,329.43,176.81,316.97,121.53,195.44,0.00,0.00
,May,330.67,119.95,282.59,77.62,204.97,0.00,0.00
,June,318.85,88.09,257.71,50.15,207.56,0.00,0.00
,July,368.47,63.58,269.82,61.62,208.20,0.00,0.00
,August,421.81,80.75,321.82,111.51,210.31,0.00,0.00
,September,404.72,114.89,330.56,152.82,177.75,0.00,0.00
,October,367.05,163.30,330.00,176.65,153.34,0.00,0.00
,November,172.03,240.26,206.97,95.46,111.51,0.00,0.00
,December,144.22,336.58,203.38,99.21,104.18,0.00,0.00
,,,,,,,,
,Annual Sum or Average,305.12,195.58,288.40,118.80,169.60,0.00,0.00
,Minimum of Months,144.22,63.58,203.38,50.15,104.18,0.00,0.00
,Maximum of Months,421.81,361.85,364.11,180.23,210.31,0.00,0.00


----------------------------------------------------------------------------------------------------
REPORT:,WindowZoneSummaryMonthly
FOR:,LGSTORE2
Custom Monthly Report

,,ZONE WINDOWS TOTAL HEAT GAIN RATE [W],ZONE WINDOWS TOTAL HEAT LOSS RATE [W],ZONE WINDOWS TOTAL TRANSMITTED SOLAR RADIATION RATE [W],ZONE EXTERIOR WINDOWS TOTAL TRANSMITTED BEAM SOLAR RADIATION RATE [W],ZONE EXTERIOR WINDOWS TOTAL TRANSMITTED DIFFUSE SOLAR RADIATION RATE [W],ZONE INTERIOR WINDOWS TOTAL TRANSMITTED DIFFUSE SOLAR RADIATION RATE [W],ZONE INTERIOR WINDOWS TOTAL TRANSMITTED BEAM SOLAR RADIATION RATE [W]
,January,439.05,712.74,548.01,319.89,228.12,0.00,0.00
,February,456.33,718.06,605.94,278.01,327.93,0.00,0.00
,March,708.63,501.47,728.21,360.46,367.75,0.00,0.00
,April,661.78,351.96,633.93,243.05,390.88,0.00,0.00
,May,662.47,239.62,565.17,155.23,409.94,0.00,0.00
,June,637.86,176.68,515.41,100.30,415.12,0.00,0.00
,July,737.37,127.65,539.65,123.24,416.41,0.00,0.00
,August,844.43,161.75,643.65,223.03,420.62,0.00,0.00
,September,810.07,230.53,661.12,305.63,355.49,0.00,0.00
,October,736.05,325.98,659.99,353.31,306.68,0.00,0.00
,November,346.52,477.27,413.93,190.92,223.01,0.00,0.00
,December,290.79,667.67,406.76,198.41,208.35,0.00,0.00
,,,,,,,,
,Annual Sum or Average,612.18,389.16,576.80,237.59,339.21,0.00,0.00
,Minimum of Months,290.79,127.65,406.76,100.30,208.35,0.00,0.00
,Maximum of Months,844.43,718.06,728.21,360.46,420.62,0.00,0.00


----------------------------------------------------------------------------------------------------
REPORT:,WindowZoneSummaryMonthly
FOR:,SMSTORE5
Custom Monthly Report

,,ZONE WINDOWS TOTAL HEAT GAIN RATE [W],ZONE WINDOWS TOTAL HEAT LOSS RATE [W],ZONE WINDOWS TOTAL TRANSMITTED SOLAR RADIATION RATE [W],ZONE EXTERIOR WINDOWS TOTAL TRANSMITTED BEAM SOLAR RADIATION RATE [W],ZONE EXTERIOR WINDOWS TOTAL TRANSMITTED DIFFUSE SOLAR RADIATION RATE [W],ZONE INTERIOR WINDOWS TOTAL TRANSMITTED DIFFUSE SOLAR RADIATION RATE [W],ZONE INTERIOR WINDOWS TOTAL TRANSMITTED BEAM SOLAR RADIATION RATE [W]
,January,218.26,359.09,274.00,159.94,114.06,0.00,0.00
,February,226.59,361.59,302.97,139.00,163.97,0.00,0.00
,March,352.69,252.26,364.11,180.23,183.88,0.00,0.00
,April,329.62,176.72,316.97,121.53,195.44,0.00,0.00
,May,330.32,120.10,282.59,77.62,204.97,0.00,0.00
,June,318.32,88.26,257.71,50.15,207.56,0.00,0.00
,July,368.35,63.47,269.82,61.62,208.20,0.00,0.00
,August,421.55,80.63,321.82,111.51,210.31,0.00,0.00
,September,404.14,115.39,330.56,152.82,177.75,0.00,0.00
,October,366.90,163.53,330.00,176.65,153.34,0.00,0.00
,November,172.27,240.06,206.97,95.46,111.51,0.00,0.00
,December,144.41,336.28,203.38,99.21,104.18,0.00,0.00
,,,,,,,,
,Annual Sum or Average,305.07,195.55,288.40,118.80,169.60,0.00,0.00
,Minimum of Months,144.41,63.47,203.38,50.15,104.18,0.00,0.00
,Maximum of Months,421.55,361.59,364.11,180.23,210.31,0.00,0.00


----------------------------------------------------------------------------------------------------
REPORT:,WindowZoneSummaryMonthly
FOR:,SMSTORE6
Custom Monthly Report

,,ZONE WINDOWS TOTAL HEAT GAIN RATE [W],ZONE WINDOWS TOTAL HEAT LOSS RATE [W],ZONE WINDOWS TOTAL TRANSMITTED SOLAR RADIATION RATE [W],ZONE EXTERIOR WINDOWS TOTAL TRANSMITTED BEAM SOLAR RADIATION RATE [W],ZONE EXTERIOR WINDOWS TOTAL TRANSMITTED DIFFUSE SOLAR RADIATION RATE [W],ZONE INTERIOR WINDOWS TOTAL TRANSMITTED DIFFUSE SOLAR RADIATION RATE [W],ZONE INTERIOR WINDOWS TOTAL TRANSMITTED BEAM SOLAR RADIATION RATE [W]
,January,218.31,358.94,274.00,159.94,114.06,0.00,0.00
,February,226.65,361.46,302.97,139.00,163.97,0.00,0.00
,March,352.81,252.07,364.11,180.23,183.88,0.00,0.00
,April,329.83,176.40,316.97,121.53,195.44,0.00,0.00
,May,330.85,119.41,282.59,77.62,204.97,0.00,0.00
,June,318.68,87.90,257.71,50.15,207.56,0.00,0.00
,July,368.46,63.39,269.82,61.62,208.20,0.00,0.00
,August,421.66,80.56,321.82,111.51,210.31,0.00,0.00
,September,404.46,114.91,330.56,152.82,177.75,0.00,0.00
,October,367.18,163.02,330.00,176.65,153.34,0.00,0.00
,November,172.34,239.87,206.97,95.46,111.51,0.00,0.00
,December,144.45,336.13,203.38,99.21,104.18,0.00,0.00
,,,,,,,,
,Annual Sum or Average,305.26,195.27,288.40,118.80,169.60,0.00,0.00
,Minimum of Months,144.45,63.39,203.38,50.15,104.18,0.00,0.00
,Maximum of Months,421.66,361.46,364.11,180.23,210.31,0.00,0.00


----------------------------------------------------------------------------------------------------
REPORT:,WindowZoneSummaryMonthly
FOR:,SMSTORE7
Custom Monthly Report

,,ZONE WINDOWS TOTAL HEAT GAIN RATE [W],ZONE WINDOWS TOTAL HEAT LOSS RATE [W],ZONE WINDOWS TOTAL TRANSMITTED SOLAR RADIATION RATE [W],ZONE EXTERIOR WINDOWS TOTAL TRANSMITTED BEAM SOLAR RADIATION RATE [W],ZONE EXTERIOR WINDOWS TOTAL TRANSMITTED DIFFUSE SOLAR RADIATION RATE [W],ZONE INTERIOR WINDOWS TOTAL TRANSMITTED DIFFUSE SOLAR RADIATION RATE [W],ZONE INTERIOR WINDOWS TOTAL TRANSMITTED BEAM SOLAR RADIATION RATE [W]
,January,218.60,357.87,274.00,159.94,114.06,0.00,0.00
,February,227.02,360.42,302.97,139.00,163.97,0.00,0.00
,March,353.27,251.12,364.11,180.23,183.88,0.00,0.00
,April,330.48,175.19,316.97,121.53,195.44,0.00,0.00
,May,332.44,116.92,282.59,77.62,204.97,0.00,0.00
,June,319.86,86.48,257.71,50.15,207.56,0.00,0.00
,July,368.68,63.18,269.82,61.62,208.20,0.00,0.00
,August,421.98,80.14,321.82,111.51,210.31,0.00,0.00
,September,405.30,113.37,330.56,152.82,177.75,0.00,0.00
,October,367.95,161.37,330.00,176.65,153.34,0.00,0.00
,November,172.61,239.13,206.97,95.46,111.51,0.00,0.00
,December,144.68,335.17,203.38,99.21,104.18,0.00,0.00
,,,,,,,,
,Annual Sum or Average,305.86,194.13,288.40,118.80,169.60,0.00,0.00
,Minimum of Months,144.68,63.18,203.38,50.15,104.18,0.00,0.00
,Maximum of Months,421.98,360.42,364.11,180.23,210.31,0.00,0.00


----------------------------------------------------------------------------------------------------
REPORT:,WindowZoneSummaryMonthly
FOR:,SMSTORE8
Custom Monthly Report

,,ZONE WINDOWS TOTAL HEAT GAIN RATE [W],ZONE WINDOWS TOTAL HEAT LOSS RATE [W],ZONE WINDOWS TOTAL TRANSMITTED SOLAR RADIATION RATE [W],ZONE EXTERIOR WINDOWS TOTAL TRANSMITTED BEAM SOLAR RADIATION RATE [W],ZONE EXTERIOR WINDOWS TOTAL TRANSMITTED DIFFUSE SOLAR RADIATION RATE [W],ZONE INTERIOR WINDOWS TOTAL TRANSMITTED DIFFUSE SOLAR RADIATION RATE [W],ZONE INTERIOR WINDOWS TOTAL TRANSMITTED BEAM SOLAR RADIATION RATE [W]
,January,220.88,349.10,274.00,159.94,114.06,0.00,0.00
,February,229.95,351.45,302.97,139.00,163.97,0.00,0.00
,March,356.31,243.76,364.11,180.23,183.88,0.00,0.00
,April,333.40,168.89,316.97,121.53,195.44,0.00,0.00
,May,336.58,108.39,282.59,77.62,204.97,0.00,0.00
,June,323.40,80.05,257.71,50.15,207.56,0.00,0.00
,July,369.43,60.78,269.82,61.62,208.20,0.00,0.00
,August,422.79,77.12,321.82,111.51,210.31,0.00,0.00
,September,407.24,107.73,330.56,152.82,177.75,0.00,0.00
,October,369.87,155.78,330.00,176.65,153.34,0.00,0.00
,November,174.22,234.11,206.97,95.46,111.51,0.00,0.00
,December,146.36,327.49,203.38,99.21,104.18,0.00,0.00
,,,,,,,,
,Annual Sum or Average,308.15,187.83,288.40,118.80,169.60,0.00,0.00
,Minimum of Months,146.36,60.78,203.38,50.15,104.18,0.00,0.00
,Maximum of Months,422.79,351.45,364.11,180.23,210.31,0.00,0.00


----------------------------------------------------------------------------------------------------
REPORT:,WindowEnergyZoneSummaryMonthly
FOR:,LGSTORE1
Custom Monthly Report

,,ZONE WINDOWS TOTAL HEAT GAIN ENERGY [J],ZONE WINDOWS TOTAL HEAT LOSS ENERGY [J],ZONE WINDOWS TOTAL TRANSMITTED SOLAR RADIATION ENERGY [J],ZONE EXTERIOR WINDOWS TOTAL TRANSMITTED BEAM SOLAR RADIATION ENERGY [J],ZONE EXTERIOR WINDOWS TOTAL TRANSMITTED DIFFUSE SOLAR RADIATION ENERGY [J],ZONE INTERIOR WINDOWS TOTAL TRANSMITTED DIFFUSE SOLAR RADIATION ENERGY [J],ZONE INTERIOR WINDOWS TOTAL TRANSMITTED BEAM SOLAR RADIATION ENERGY [J]
,January,0.118404E+10,0.189222E+10,0.147080E+10,0.858552E+09,0.612252E+09,0.00,0.00
,February,0.111302E+10,0.172063E+10,0.146891E+10,0.673943E+09,0.794969E+09,0.00,0.00
,March,0.190955E+10,0.132951E+10,0.195445E+10,0.967435E+09,0.987016E+09,0.00,0.00
,April,0.172501E+10,0.903550E+09,0.164653E+10,0.631287E+09,0.101524E+10,0.00,0.00
,May,0.179129E+10,0.618660E+09,0.151687E+10,0.416635E+09,0.110024E+10,0.00,0.00
,June,0.166609E+10,0.441856E+09,0.133870E+10,0.260502E+09,0.107820E+10,0.00,0.00
,July,0.197831E+10,0.341514E+09,0.144837E+10,0.330765E+09,0.111760E+10,0.00,0.00
,August,0.226612E+10,0.430358E+09,0.172749E+10,0.598584E+09,0.112890E+10,0.00,0.00
,September,0.210828E+10,0.582266E+09,0.171715E+10,0.793823E+09,0.923328E+09,0.00,0.00
,October,0.197815E+10,0.862412E+09,0.177136E+10,0.948248E+09,0.823112E+09,0.00,0.00
,November,0.901621E+09,0.123363E+10,0.107511E+10,0.495883E+09,0.579231E+09,0.00,0.00
,December,0.783620E+09,0.177566E+10,0.109171E+10,0.532517E+09,0.559198E+09,0.00,0.00
,,,,,,,,
,Annual Sum or Average,0.194051E+11,0.121323E+11,0.182275E+11,0.750817E+10,0.107193E+11,0.00,0.00
,Minimum of Months,0.783620E+09,0.341514E+09,0.107511E+10,0.260502E+09,0.559198E+09,0.00,0.00
,Maximum of Months,0.226612E+10,0.189222E+10,0.195445E+10,0.967435E+09,0.112890E+10,0.00,0.00


----------------------------------------------------------------------------------------------------
REPORT:,WindowEnergyZoneSummaryMonthly
FOR:,SMSTORE1
Custom Monthly Report

,,ZONE WINDOWS TOTAL HEAT GAIN ENERGY [J],ZONE WINDOWS TOTAL HEAT LOSS ENERGY [J],ZONE WINDOWS TOTAL TRANSMITTED SOLAR RADIATION ENERGY [J],ZONE EXTERIOR WINDOWS TOTAL TRANSMITTED BEAM SOLAR RADIATION ENERGY [J],ZONE EXTERIOR WINDOWS TOTAL TRANSMITTED DIFFUSE SOLAR RADIATION ENERGY [J],ZONE INTERIOR WINDOWS TOTAL TRANSMITTED DIFFUSE SOLAR RADIATION ENERGY [J],ZONE INTERIOR WINDOWS TOTAL TRANSMITTED BEAM SOLAR RADIATION ENERGY [J]
,January,0.584178E+09,0.972844E+09,0.735402E+09,0.429276E+09,0.306126E+09,0.00,0.00
,February,0.547707E+09,0.883242E+09,0.734456E+09,0.336972E+09,0.397485E+09,0.00,0.00
,March,0.943433E+09,0.689735E+09,0.977226E+09,0.483718E+09,0.493508E+09,0.00,0.00
,April,0.851194E+09,0.477000E+09,0.823263E+09,0.315643E+09,0.507620E+09,0.00,0.00
,May,0.880733E+09,0.339095E+09,0.758435E+09,0.208318E+09,0.550118E+09,0.00,0.00
,June,0.825358E+09,0.230331E+09,0.669350E+09,0.130251E+09,0.539099E+09,0.00,0.00
,July,0.987873E+09,0.169574E+09,0.724183E+09,0.165383E+09,0.558800E+09,0.00,0.00
,August,0.113023E+10,0.215749E+09,0.863744E+09,0.299292E+09,0.564452E+09,0.00,0.00
,September,0.104623E+10,0.308680E+09,0.858576E+09,0.396912E+09,0.461664E+09,0.00,0.00
,October,0.978816E+09,0.460352E+09,0.885680E+09,0.474124E+09,0.411556E+09,0.00,0.00
,November,0.444441E+09,0.640997E+09,0.537557E+09,0.247941E+09,0.289616E+09,0.00,0.00
,December,0.385718E+09,0.913323E+09,0.545857E+09,0.266259E+09,0.279599E+09,0.00,0.00
,,,,,,,,
,Annual Sum or Average,0.960591E+10,0.630092E+10,0.911373E+10,0.375409E+10,0.535964E+10,0.00,0.00
,Minimum of Months,0.385718E+09,0.169574E+09,0.537557E+09,0.130251E+09,0.279599E+09,0.00,0.00
,Maximum of Months,0.113023E+10,0.972844E+09,0.977226E+09,0.483718E+09,0.564452E+09,0.00,0.00


----------------------------------------------------------------------------------------------------
REPORT:,WindowEnergyZoneSummaryMonthly
FOR:,SMSTORE2
Custom Monthly Report

,,ZONE WINDOWS TOTAL HEAT GAIN ENERGY [J],ZONE WINDOWS TOTAL HEAT LOSS ENERGY [J],ZONE WINDOWS TOTAL TRANSMITTED SOLAR RADIATION ENERGY [J],ZONE EXTERIOR WINDOWS TOTAL TRANSMITTED BEAM SOLAR RADIATION ENERGY [J],ZONE EXTERIOR WINDOWS TOTAL TRANSMITTED DIFFUSE SOLAR RADIATION ENERGY [J],ZONE INTERIOR WINDOWS TOTAL TRANSMITTED DIFFUSE SOLAR RADIATION ENERGY [J],ZONE INTERIOR WINDOWS TOTAL TRANSMITTED BEAM SOLAR RADIATION ENERGY [J]
,January,0.583733E+09,0.964457E+09,0.733893E+09,0.428395E+09,0.305498E+09,0.00,0.00
,February,0.547210E+09,0.876795E+09,0.732950E+09,0.336280E+09,0.396669E+09,0.00,0.00
,March,0.943160E+09,0.678604E+09,0.975221E+09,0.482725E+09,0.492495E+09,0.00,0.00
,April,0.852401E+09,0.462505E+09,0.821574E+09,0.314996E+09,0.506579E+09,0.00,0.00
,May,0.882987E+09,0.327399E+09,0.756879E+09,0.207890E+09,0.548989E+09,0.00,0.00
,June,0.825762E+09,0.229704E+09,0.667977E+09,0.129984E+09,0.537993E+09,0.00,0.00
,July,0.986900E+09,0.170311E+09,0.722697E+09,0.165043E+09,0.557654E+09,0.00,0.00
,August,0.112969E+10,0.216495E+09,0.861972E+09,0.298678E+09,0.563294E+09,0.00,0.00
,September,0.104747E+10,0.301696E+09,0.856814E+09,0.396097E+09,0.460717E+09,0.00,0.00
,October,0.980866E+09,0.443992E+09,0.883863E+09,0.473151E+09,0.410712E+09,0.00,0.00
,November,0.445250E+09,0.625970E+09,0.536454E+09,0.247433E+09,0.289022E+09,0.00,0.00
,December,0.385926E+09,0.903542E+09,0.544737E+09,0.265712E+09,0.279025E+09,0.00,0.00
,,,,,,,,
,Annual Sum or Average,0.961135E+10,0.620147E+10,0.909503E+10,0.374639E+10,0.534865E+10,0.00,0.00
,Minimum of Months,0.385926E+09,0.170311E+09,0.536454E+09,0.129984E+09,0.279025E+09,0.00,0.00
,Maximum of Months,0.112969E+10,0.964457E+09,0.975221E+09,0.482725E+09,0.563294E+09,0.00,0.00


----------------------------------------------------------------------------------------------------
REPORT:,WindowEnergyZoneSummaryMonthly
FOR:,SMSTORE3
Custom Monthly Report

,,ZONE WINDOWS TOTAL HEAT GAIN ENERGY [J],ZONE WINDOWS TOTAL HEAT LOSS ENERGY [J],ZONE WINDOWS TOTAL TRANSMITTED SOLAR RADIATION ENERGY [J],ZONE EXTERIOR WINDOWS TOTAL TRANSMITTED BEAM SOLAR RADIATION ENERGY [J],ZONE EXTERIOR WINDOWS TOTAL TRANSMITTED DIFFUSE SOLAR RADIATION ENERGY [J],ZONE INTERIOR WINDOWS TOTAL TRANSMITTED DIFFUSE SOLAR RADIATION ENERGY [J],ZONE INTERIOR WINDOWS TOTAL TRANSMITTED BEAM SOLAR RADIATION ENERGY [J]
,January,0.583895E+09,0.962998E+09,0.733893E+09,0.428395E+09,0.305498E+09,0.00,0.00
,February,0.547354E+09,0.875645E+09,0.732950E+09,0.336280E+09,0.396669E+09,0.00,0.00
,March,0.943654E+09,0.676485E+09,0.975221E+09,0.482725E+09,0.492495E+09,0.00,0.00
,April,0.853450E+09,0.459134E+09,0.821574E+09,0.314996E+09,0.506579E+09,0.00,0.00
,May,0.884835E+09,0.322921E+09,0.756879E+09,0.207890E+09,0.548989E+09,0.00,0.00
,June,0.826357E+09,0.228565E+09,0.667977E+09,0.129984E+09,0.537993E+09,0.00,0.00
,July,0.987070E+09,0.170014E+09,0.722697E+09,0.165043E+09,0.557654E+09,0.00,0.00
,August,0.112990E+10,0.215937E+09,0.861972E+09,0.298678E+09,0.563294E+09,0.00,0.00
,September,0.104866E+10,0.298604E+09,0.856814E+09,0.396097E+09,0.460717E+09,0.00,0.00
,October,0.982482E+09,0.438989E+09,0.883863E+09,0.473151E+09,0.410712E+09,0.00,0.00
,November,0.445696E+09,0.623332E+09,0.536454E+09,0.247433E+09,0.289022E+09,0.00,0.00
,December,0.386148E+09,0.901909E+09,0.544737E+09,0.265712E+09,0.279025E+09,0.00,0.00
,,,,,,,,
,Annual Sum or Average,0.961951E+10,0.617453E+10,0.909503E+10,0.374639E+10,0.534865E+10,0.00,0.00
,Minimum of Months,0.386148E+09,0.170014E+09,0.536454E+09,0.129984E+09,0.279025E+09,0.00,0.00
,Maximum of Months,0.112990E+10,0.962998E+09,0.975221E+09,0.482725E+09,0.563294E+09,0.00,0.00


----------------------------------------------------------------------------------------------------
REPORT:,WindowEnergyZoneSummaryMonthly
FOR:,SMSTORE4
Custom Monthly Report

,,ZONE WINDOWS TOTAL HEAT GAIN ENERGY [J],ZONE WINDOWS TOTAL HEAT LOSS ENERGY [J],ZONE WINDOWS TOTAL TRANSMITTED SOLAR RADIATION ENERGY [J],ZONE EXTERIOR WINDOWS TOTAL TRANSMITTED BEAM SOLAR RADIATION ENERGY [J],ZONE EXTERIOR WINDOWS TOTAL TRANSMITTED DIFFUSE SOLAR RADIATION ENERGY [J],ZONE INTERIOR WINDOWS TOTAL TRANSMITTED DIFFUSE SOLAR RADIATION ENERGY [J],ZONE INTERIOR WINDOWS TOTAL TRANSMITTED BEAM SOLAR RADIATION ENERGY [J]
,January,0.584029E+09,0.962595E+09,0.733893E+09,0.428395E+09,0.305498E+09,0.00,0.00
,February,0.547489E+09,0.875376E+09,0.732950E+09,0.336280E+09,0.396669E+09,0.00,0.00
,March,0.943894E+09,0.676027E+09,0.975221E+09,0.482725E+09,0.492495E+09,0.00,0.00
,April,0.853879E+09,0.458297E+09,0.821574E+09,0.314996E+09,0.506579E+09,0.00,0.00
,May,0.885670E+09,0.321264E+09,0.756879E+09,0.207890E+09,0.548989E+09,0.00,0.00
,June,0.826454E+09,0.228332E+09,0.667977E+09,0.129984E+09,0.537993E+09,0.00,0.00
,July,0.986909E+09,0.170285E+09,0.722697E+09,0.165043E+09,0.557654E+09,0.00,0.00
,August,0.112977E+10,0.216288E+09,0.861972E+09,0.298678E+09,0.563294E+09,0.00,0.00
,September,0.104903E+10,0.297786E+09,0.856814E+09,0.396097E+09,0.460717E+09,0.00,0.00
,October,0.983100E+09,0.437391E+09,0.883863E+09,0.473151E+09,0.410712E+09,0.00,0.00
,November,0.445910E+09,0.622746E+09,0.536454E+09,0.247433E+09,0.289022E+09,0.00,0.00
,December,0.386285E+09,0.901484E+09,0.544737E+09,0.265712E+09,0.279025E+09,0.00,0.00
,,,,,,,,
,Annual Sum or Average,0.962242E+10,0.616787E+10,0.909503E+10,0.374639E+10,0.534865E+10,0.00,0.00
,Minimum of Months,0.386285E+09,0.170285E+09,0.536454E+09,0.129984E+09,0.279025E+09,0.00,0.00
,Maximum of Months,0.112977E+10,0.962595E+09,0.975221E+09,0.482725E+09,0.563294E+09,0.00,0.00


----------------------------------------------------------------------------------------------------
REPORT:,WindowEnergyZoneSummaryMonthly
FOR:,LGSTORE2
Custom Monthly Report

,,ZONE WINDOWS TOTAL HEAT GAIN ENERGY [J],ZONE WINDOWS TOTAL HEAT LOSS ENERGY [J],ZONE WINDOWS TOTAL TRANSMITTED SOLAR RADIATION ENERGY [J],ZONE EXTERIOR WINDOWS TOTAL TRANSMITTED BEAM SOLAR RADIATION ENERGY [J],ZONE EXTERIOR WINDOWS TOTAL TRANSMITTED DIFFUSE SOLAR RADIATION ENERGY [J],ZONE INTERIOR WINDOWS TOTAL TRANSMITTED DIFFUSE SOLAR RADIATION ENERGY [J],ZONE INTERIOR WINDOWS TOTAL TRANSMITTED BEAM SOLAR RADIATION ENERGY [J]
,January,0.117595E+10,0.190899E+10,0.146779E+10,0.856791E+09,0.610996E+09,0.00,0.00
,February,0.110396E+10,0.173713E+10,0.146590E+10,0.672561E+09,0.793338E+09,0.00,0.00
,March,0.189798E+10,0.134313E+10,0.195044E+10,0.965451E+09,0.984991E+09,0.00,0.00
,April,0.171534E+10,0.912278E+09,0.164315E+10,0.629992E+09,0.101316E+10,0.00,0.00
,May,0.177437E+10,0.641797E+09,0.151376E+10,0.415781E+09,0.109798E+10,0.00,0.00
,June,0.165333E+10,0.457965E+09,0.133595E+10,0.259968E+09,0.107599E+10,0.00,0.00
,July,0.197496E+10,0.341896E+09,0.144539E+10,0.330087E+09,0.111531E+10,0.00,0.00
,August,0.226171E+10,0.433232E+09,0.172394E+10,0.597356E+09,0.112659E+10,0.00,0.00
,September,0.209970E+10,0.597545E+09,0.171363E+10,0.792195E+09,0.921434E+09,0.00,0.00
,October,0.197143E+10,0.873096E+09,0.176773E+10,0.946303E+09,0.821423E+09,0.00,0.00
,November,0.898172E+09,0.123708E+10,0.107291E+10,0.494866E+09,0.578043E+09,0.00,0.00
,December,0.778842E+09,0.178829E+10,0.108947E+10,0.531425E+09,0.558050E+09,0.00,0.00
,,,,,,,,
,Annual Sum or Average,0.193057E+11,0.122724E+11,0.181901E+11,0.749277E+10,0.106973E+11,0.00,0.00
,Minimum of Months,0.778842E+09,0.341896E+09,0.107291E+10,0.259968E+09,0.558050E+09,0.00,0.00
,Maximum of Months,0.226171E+10,0.190899E+10,0.195044E+10,0.965451E+09,0.112659E+10,0.00,0.00


----------------------------------------------------------------------------------------------------
REPORT:,WindowEnergyZoneSummaryMonthly
FOR:,SMSTORE5
Custom Monthly Report

,,ZONE WINDOWS TOTAL HEAT GAIN ENERGY [J],ZONE WINDOWS TOTAL HEAT LOSS ENERGY [J],ZONE WINDOWS TOTAL TRANSMITTED SOLAR RADIATION ENERGY [J],ZONE EXTERIOR WINDOWS TOTAL TRANSMITTED BEAM SOLAR RADIATION ENERGY [J],ZONE EXTERIOR WINDOWS TOTAL TRANSMITTED DIFFUSE SOLAR RADIATION ENERGY [J],ZONE INTERIOR WINDOWS TOTAL TRANSMITTED DIFFUSE SOLAR RADIATION ENERGY [J],ZONE INTERIOR WINDOWS TOTAL TRANSMITTED BEAM SOLAR RADIATION ENERGY [J]
,January,0.584587E+09,0.961796E+09,0.733893E+09,0.428395E+09,0.305498E+09,0.00,0.00
,February,0.548160E+09,0.874770E+09,0.732950E+09,0.336280E+09,0.396669E+09,0.00,0.00
,March,0.944644E+09,0.675643E+09,0.975221E+09,0.482725E+09,0.492495E+09,0.00,0.00
,April,0.854365E+09,0.458067E+09,0.821574E+09,0.314996E+09,0.506579E+09,0.00,0.00
,May,0.884723E+09,0.321685E+09,0.756879E+09,0.207890E+09,0.548989E+09,0.00,0.00
,June,0.825093E+09,0.228768E+09,0.667977E+09,0.129984E+09,0.537993E+09,0.00,0.00
,July,0.986592E+09,0.169987E+09,0.722697E+09,0.165043E+09,0.557654E+09,0.00,0.00
,August,0.112908E+10,0.215972E+09,0.861972E+09,0.298678E+09,0.563294E+09,0.00,0.00
,September,0.104753E+10,0.299097E+09,0.856814E+09,0.396097E+09,0.460717E+09,0.00,0.00
,October,0.982700E+09,0.438010E+09,0.883863E+09,0.473151E+09,0.410712E+09,0.00,0.00
,November,0.446517E+09,0.622235E+09,0.536454E+09,0.247433E+09,0.289022E+09,0.00,0.00
,December,0.386777E+09,0.900684E+09,0.544737E+09,0.265712E+09,0.279025E+09,0.00,0.00
,,,,,,,,
,Annual Sum or Average,0.962077E+10,0.616671E+10,0.909503E+10,0.374639E+10,0.534865E+10,0.00,0.00
,Minimum of Months,0.386777E+09,0.169987E+09,0.536454E+09,0.129984E+09,0.279025E+09,0.00,0.00
,Maximum of Months,0.112908E+10,0.961796E+09,0.975221E+09,0.482725E+09,0.563294E+09,0.00,0.00


----------------------------------------------------------------------------------------------------
REPORT:,WindowEnergyZoneSummaryMonthly
FOR:,SMSTORE6
Custom Monthly Report

,,ZONE WINDOWS TOTAL HEAT GAIN ENERGY [J],ZONE WINDOWS TOTAL HEAT LOSS ENERGY [J],ZONE WINDOWS TOTAL TRANSMITTED SOLAR RADIATION ENERGY [J],ZONE EXTERIOR WINDOWS TOTAL TRANSMITTED BEAM SOLAR RADIATION ENERGY [J],ZONE EXTERIOR WINDOWS TOTAL TRANSMITTED DIFFUSE SOLAR RADIATION ENERGY [J],ZONE INTERIOR WINDOWS TOTAL TRANSMITTED DIFFUSE SOLAR RADIATION ENERGY [J],ZONE INTERIOR WINDOWS TOTAL TRANSMITTED BEAM SOLAR RADIATION ENERGY [J]
,January,0.584724E+09,0.961381E+09,0.733893E+09,0.428395E+09,0.305498E+09,0.00,0.00
,February,0.548307E+09,0.874446E+09,0.732950E+09,0.336280E+09,0.396669E+09,0.00,0.00
,March,0.944955E+09,0.675134E+09,0.975221E+09,0.482725E+09,0.492495E+09,0.00,0.00
,April,0.854911E+09,0.457226E+09,0.821574E+09,0.314996E+09,0.506579E+09,0.00,0.00
,May,0.886151E+09,0.319829E+09,0.756879E+09,0.207890E+09,0.548989E+09,0.00,0.00
,June,0.826014E+09,0.227834E+09,0.667977E+09,0.129984E+09,0.537993E+09,0.00,0.00
,July,0.986884E+09,0.169785E+09,0.722697E+09,0.165043E+09,0.557654E+09,0.00,0.00
,August,0.112938E+10,0.215766E+09,0.861972E+09,0.298678E+09,0.563294E+09,0.00,0.00
,September,0.104836E+10,0.297843E+09,0.856814E+09,0.396097E+09,0.460717E+09,0.00,0.00
,October,0.983458E+09,0.436624E+09,0.883863E+09,0.473151E+09,0.410712E+09,0.00,0.00
,November,0.446717E+09,0.621753E+09,0.536454E+09,0.247433E+09,0.289022E+09,0.00,0.00
,December,0.386887E+09,0.900293E+09,0.544737E+09,0.265712E+09,0.279025E+09,0.00,0.00
,,,,,,,,
,Annual Sum or Average,0.962675E+10,0.615791E+10,0.909503E+10,0.374639E+10,0.534865E+10,0.00,0.00
,Minimum of Months,0.386887E+09,0.169785E+09,0.536454E+09,0.129984E+09,0.279025E+09,0.00,0.00
,Maximum of Months,0.112938E+10,0.961381E+09,0.975221E+09,0.482725E+09,0.563294E+09,0.00,0.00


----------------------------------------------------------------------------------------------------
REPORT:,WindowEnergyZoneSummaryMonthly
FOR:,SMSTORE7
Custom Monthly Report

,,ZONE WINDOWS TOTAL HEAT GAIN ENERGY [J],ZONE WINDOWS TOTAL HEAT LOSS ENERGY [J],ZONE WINDOWS TOTAL TRANSMITTED SOLAR RADIATION ENERGY [J],ZONE EXTERIOR WINDOWS TOTAL TRANSMITTED BEAM SOLAR RADIATION ENERGY [J],ZONE EXTERIOR WINDOWS TOTAL TRANSMITTED DIFFUSE SOLAR RADIATION ENERGY [J],ZONE INTERIOR WINDOWS TOTAL TRANSMITTED DIFFUSE SOLAR RADIATION ENERGY [J],ZONE INTERIOR WINDOWS TOTAL TRANSMITTED BEAM SOLAR RADIATION ENERGY [J]
,January,0.585486E+09,0.958517E+09,0.733893E+09,0.428395E+09,0.305498E+09,0.00,0.00
,February,0.549204E+09,0.871918E+09,0.732950E+09,0.336280E+09,0.396669E+09,0.00,0.00
,March,0.946190E+09,0.672595E+09,0.975221E+09,0.482725E+09,0.492495E+09,0.00,0.00
,April,0.856599E+09,0.454103E+09,0.821574E+09,0.314996E+09,0.506579E+09,0.00,0.00
,May,0.890419E+09,0.313159E+09,0.756879E+09,0.207890E+09,0.548989E+09,0.00,0.00
,June,0.829073E+09,0.224154E+09,0.667977E+09,0.129984E+09,0.537993E+09,0.00,0.00
,July,0.987464E+09,0.169214E+09,0.722697E+09,0.165043E+09,0.557654E+09,0.00,0.00
,August,0.113022E+10,0.214639E+09,0.861972E+09,0.298678E+09,0.563294E+09,0.00,0.00
,September,0.105055E+10,0.293862E+09,0.856814E+09,0.396097E+09,0.460717E+09,0.00,0.00
,October,0.985526E+09,0.432203E+09,0.883863E+09,0.473151E+09,0.410712E+09,0.00,0.00
,November,0.447408E+09,0.619836E+09,0.536454E+09,0.247433E+09,0.289022E+09,0.00,0.00
,December,0.387498E+09,0.897732E+09,0.544737E+09,0.265712E+09,0.279025E+09,0.00,0.00
,,,,,,,,
,Annual Sum or Average,0.964564E+10,0.612193E+10,0.909503E+10,0.374639E+10,0.534865E+10,0.00,0.00
,Minimum of Months,0.387498E+09,0.169214E+09,0.536454E+09,0.129984E+09,0.279025E+09,0.00,0.00
,Maximum of Months,0.113022E+10,0.958517E+09,0.975221E+09,0.482725E+09,0.563294E+09,0.00,0.00


----------------------------------------------------------------------------------------------------
REPORT:,WindowEnergyZoneSummaryMonthly
FOR:,SMSTORE8
Custom Monthly Report

,,ZONE WINDOWS TOTAL HEAT GAIN ENERGY [J],ZONE WINDOWS TOTAL HEAT LOSS ENERGY [J],ZONE WINDOWS TOTAL TRANSMITTED SOLAR RADIATION ENERGY [J],ZONE EXTERIOR WINDOWS TOTAL TRANSMITTED BEAM SOLAR RADIATION ENERGY [J],ZONE EXTERIOR WINDOWS TOTAL TRANSMITTED DIFFUSE SOLAR RADIATION ENERGY [J],ZONE INTERIOR WINDOWS TOTAL TRANSMITTED DIFFUSE SOLAR RADIATION ENERGY [J],ZONE INTERIOR WINDOWS TOTAL TRANSMITTED BEAM SOLAR RADIATION ENERGY [J]
,January,0.591593E+09,0.935022E+09,0.733893E+09,0.428395E+09,0.305498E+09,0.00,0.00
,February,0.556305E+09,0.850228E+09,0.732950E+09,0.336280E+09,0.396669E+09,0.00,0.00
,March,0.954350E+09,0.652900E+09,0.975221E+09,0.482725E+09,0.492495E+09,0.00,0.00
,April,0.864180E+09,0.437761E+09,0.821574E+09,0.314996E+09,0.506579E+09,0.00,0.00
,May,0.901508E+09,0.290306E+09,0.756879E+09,0.207890E+09,0.548989E+09,0.00,0.00
,June,0.838244E+09,0.207477E+09,0.667977E+09,0.129984E+09,0.537993E+09,0.00,0.00
,July,0.989492E+09,0.162801E+09,0.722697E+09,0.165043E+09,0.557654E+09,0.00,0.00
,August,0.113241E+10,0.206554E+09,0.861972E+09,0.298678E+09,0.563294E+09,0.00,0.00
,September,0.105557E+10,0.279233E+09,0.856814E+09,0.396097E+09,0.460717E+09,0.00,0.00
,October,0.990658E+09,0.417253E+09,0.883863E+09,0.473151E+09,0.410712E+09,0.00,0.00
,November,0.451591E+09,0.606823E+09,0.536454E+09,0.247433E+09,0.289022E+09,0.00,0.00
,December,0.391999E+09,0.877141E+09,0.544737E+09,0.265712E+09,0.279025E+09,0.00,0.00
,,,,,,,,
,Annual Sum or Average,0.971790E+10,0.592350E+10,0.909503E+10,0.374639E+10,0.534865E+10,0.00,0.00
,Minimum of Months,0.391999E+09,0.162801E+09,0.536454E+09,0.129984E+09,0.279025E+09,0.00,0.00
,Maximum of Months,0.113241E+10,0.935022E+09,0.975221E+09,0.482725E+09,0.563294E+09,0.00,0.00


----------------------------------------------------------------------------------------------------
REPORT:,AverageOutdoorConditionsMonthly
FOR:,Environment
Custom Monthly Report

,,SITE OUTDOOR AIR DRYBULB TEMPERATURE [C],SITE OUTDOOR AIR WETBULB TEMPERATURE [C],SITE OUTDOOR AIR DEWPOINT TEMPERATURE [C],SITE WIND SPEED [m/s],SITE SKY TEMPERATURE [C],SITE DIFFUSE SOLAR RADIATION RATE PER AREA [W/m2],SITE DIRECT SOLAR RADIATION RATE PER AREA [W/m2],SITE RAIN STATUS []
,January,-3.4,-5.0,-8.8,5.96,-14.4,41.15,62.17,0.00
,February,-5.5,-6.5,-9.4,5.33,-16.2,69.00,64.49,0.00
,March,2.03,0.23,-2.3,5.98,-8.5,81.00,120.20,0.00
,April,7.60,4.58,0.84,5.94,-2.7,95.50,149.14,0.00
,May,14.21,10.32,6.93,4.88,3.94,101.29,201.20,0.00
,June,18.90,14.68,11.84,4.48,9.61,107.66,208.29,0.00
,July,22.15,17.61,14.99,4.75,12.61,105.00,213.84,0.00
,August,20.41,16.62,14.45,4.40,11.16,100.97,178.89,0.00
,September,16.49,13.80,11.91,4.21,8.18,78.79,129.88,0.00
,October,10.98,8.18,5.50,5.17,1.90,63.55,94.31,0.00
,November,4.56,2.91,0.76,5.19,-3.8,47.45,39.81,0.00
,December,-1.5,-2.7,-5.0,5.33,-10.9,40.27,37.67,0.00
,,,,,,,,,
,Annual Sum or Average,9.00,6.30,3.55,5.13,-0.7,77.66,125.41,0.00
,Minimum of Months,-5.5,-6.5,-9.4,4.21,-16.2,40.27,37.67,0.00
,Maximum of Months,22.15,17.61,14.99,5.98,12.61,107.66,213.84,0.00


----------------------------------------------------------------------------------------------------
REPORT:,OutdoorConditionsMaximumDryBulbMonthly
FOR:,Environment
Custom Monthly Report

,,SITE OUTDOOR AIR DRYBULB TEMPERATURE {Maximum} [C],SITE OUTDOOR AIR DRYBULB TEMPERATURE {TIMESTAMP},SITE OUTDOOR AIR WETBULB TEMPERATURE {AT MAX/MIN} [C],SITE OUTDOOR AIR DEWPOINT TEMPERATURE {AT MAX/MIN} [C],SITE WIND SPEED {AT MAX/MIN} [m/s],SITE SKY TEMPERATURE {AT MAX/MIN} [C],SITE DIFFUSE SOLAR RADIATION RATE PER AREA {AT MAX/MIN} [W/m2],SITE DIRECT SOLAR RADIATION RATE PER AREA {AT MAX/MIN} [W/m2]
,January,11.70,11-JAN-15:00,10.14,8.90,13.40,7.15,65.50,1.00
,February,11.70,05-FEB-04:00,8.29,5.00,10.30,6.15,0.00,0.00
,March,21.70,31-MAR-09:00,14.20,8.90,9.30,10.30,243.00,351.50
,April,23.30,30-APR-15:00,12.03,1.70,4.60,6.55,70.50,836.50
,May,31.10,23-MAY-14:00,19.32,12.80,2.10,16.49,151.50,768.50
,June,29.40,10-JUN-14:00,18.71,12.80,4.60,17.21,154.50,723.00
,July,33.90,02-JUL-13:00,21.39,15.60,6.70,19.87,99.00,911.50
,August,31.10,09-AUG-12:00,22.26,18.30,5.70,23.49,387.00,154.50
,September,30.00,13-SEP-13:00,19.18,13.30,2.10,17.03,190.50,628.00
,October,24.40,02-OCT-15:00,17.98,14.40,6.70,10.50,63.00,636.00
,November,21.10,01-NOV-08:00,15.36,11.70,9.80,11.46,121.50,103.50
,December,15.60,05-DEC-09:00,13.30,11.70,4.10,11.65,120.00,36.00
,,,,,,,,,
,Annual Sum or Average,,,,,,,,
,Minimum of Months,11.70,,8.29,1.70,2.10,6.15,0.00,0.00
,Maximum of Months,33.90,,22.26,18.30,13.40,23.49,387.00,911.50


----------------------------------------------------------------------------------------------------
REPORT:,OutdoorConditionsMinimumDryBulbMonthly
FOR:,Environment
Custom Monthly Report

,,SITE OUTDOOR AIR DRYBULB TEMPERATURE {MINIMUM} [C],SITE OUTDOOR AIR DRYBULB TEMPERATURE {TIMESTAMP},SITE OUTDOOR AIR WETBULB TEMPERATURE {AT MAX/MIN} [C],SITE OUTDOOR AIR DEWPOINT TEMPERATURE {AT MAX/MIN} [C],SITE WIND SPEED {AT MAX/MIN} [m/s],SITE SKY TEMPERATURE {AT MAX/MIN} [C],SITE DIFFUSE SOLAR RADIATION RATE PER AREA {AT MAX/MIN} [W/m2],SITE DIRECT SOLAR RADIATION RATE PER AREA {AT MAX/MIN} [W/m2]
,January,-13.9,31-JAN-01:00,-14.5,-17.2,1.50,-25.9,0.00,0.00
,February,-21.1,11-FEB-01:00,-21.6,-25.6,2.10,-38.8,0.00,0.00
,March,-13.9,03-MAR-06:00,-15.1,-21.7,7.70,-25.3,29.00,12.00
,April,-5.0,04-APR-03:00,-6.0,-8.3,2.10,-21.3,0.00,0.00
,May,3.30,08-MAY-04:00,2.10,0.60,2.10,-8.8,0.00,0.00
,June,7.20,04-JUN-04:49,6.41,5.68,1.50,-6.8,14.33,120.00
,July,10.60,16-JUL-03:00,9.38,8.30,2.10,-3.9,0.00,0.00
,August,9.40,13-AUG-03:00,8.82,8.30,0.00,-5.0,0.00,0.00
,September,4.40,18-SEP-05:00,3.64,2.80,2.60,-11.2,0.00,0.00
,October,-2.8,29-OCT-06:00,-4.1,-6.7,2.60,-17.3,19.00,187.00
,November,-9.4,26-NOV-07:00,-9.5,-10.0,4.10,-25.0,29.00,317.00
,December,-16.1,19-DEC-03:00,-16.5,-18.3,3.60,-35.1,0.00,0.00
,,,,,,,,,
,Annual Sum or Average,,,,,,,,
,Minimum of Months,-21.1,,-21.6,-25.6,0.00,-38.8,0.00,0.00
,Maximum of Months,10.60,,9.38,8.30,7.70,-3.9,29.00,317.00


----------------------------------------------------------------------------------------------------
REPORT:,OutdoorConditionsMaximumWetBulbMonthly
FOR:,Environment
Custom Monthly Report

,,SITE OUTDOOR AIR WETBULB TEMPERATURE {Maximum} [C],SITE OUTDOOR AIR WETBULB TEMPERATURE {TIMESTAMP},SITE OUTDOOR AIR DRYBULB TEMPERATURE {AT MAX/MIN} [C],SITE OUTDOOR AIR DEWPOINT TEMPERATURE {AT MAX/MIN} [C],SITE WIND SPEED {AT MAX/MIN} [m/s],SITE SKY TEMPERATURE {AT MAX/MIN} [C],SITE DIFFUSE SOLAR RADIATION RATE PER AREA {AT MAX/MIN} [W/m2],SITE DIRECT SOLAR RADIATION RATE PER AREA {AT MAX/MIN} [W/m2]
,January,10.21,11-JAN-17:00,11.10,9.40,10.30,6.55,0.00,0.00
,February,8.49,05-FEB-06:00,11.70,5.60,9.30,6.35,0.00,0.00
,March,14.77,31-MAR-15:00,18.90,12.20,7.70,14.84,159.50,5.50
,April,17.15,14-APR-12:00,22.20,14.40,9.30,10.69,167.50,586.50
,May,21.17,31-MAY-11:00,27.80,18.30,8.20,18.28,325.00,573.50
,June,23.12,17-JUN-13:00,28.30,21.10,6.20,20.05,222.50,601.50
,July,24.29,12-JUL-14:00,30.00,22.20,8.20,18.99,236.50,609.00
,August,22.96,22-AUG-12:00,26.10,21.70,8.80,24.33,404.00,58.50
,September,21.48,02-SEP-05:00,22.20,21.10,4.10,15.57,23.00,102.50
,October,18.53,05-OCT-12:00,22.20,16.70,7.20,12.03,225.00,535.00
,November,15.76,01-NOV-09:00,20.60,12.80,5.20,16.67,167.00,19.00
,December,13.30,05-DEC-09:00,15.60,11.70,4.10,11.65,120.00,36.00
,,,,,,,,,
,Annual Sum or Average,,,,,,,,
,Minimum of Months,8.49,,11.10,5.60,4.10,6.35,0.00,0.00
,Maximum of Months,24.29,,30.00,22.20,10.30,24.33,404.00,609.00


----------------------------------------------------------------------------------------------------
REPORT:,OutdoorConditionsMaximumDewPointMonthly
FOR:,Environment
Custom Monthly Report

,,SITE OUTDOOR AIR DEWPOINT TEMPERATURE {Maximum} [C],SITE OUTDOOR AIR DEWPOINT TEMPERATURE {TIMESTAMP},SITE OUTDOOR AIR DRYBULB TEMPERATURE {AT MAX/MIN} [C],SITE OUTDOOR AIR WETBULB TEMPERATURE {AT MAX/MIN} [C],SITE WIND SPEED {AT MAX/MIN} [m/s],SITE SKY TEMPERATURE {AT MAX/MIN} [C],SITE DIFFUSE SOLAR RADIATION RATE PER AREA {AT MAX/MIN} [W/m2],SITE DIRECT SOLAR RADIATION RATE PER AREA {AT MAX/MIN} [W/m2]
,January,9.40,11-JAN-13:00,10.00,9.66,12.90,5.54,95.50,2.00
,February,5.60,05-FEB-06:00,11.70,8.49,9.30,6.35,0.00,0.00
,March,13.30,31-MAR-17:00,16.30,14.40,7.70,12.60,30.00,1.00
,April,15.10,14-APR-16:00,19.80,16.73,4.80,16.49,110.50,3.50
,May,18.90,30-MAY-16:00,25.00,20.79,5.20,15.76,153.00,255.00
,June,21.70,17-JUN-17:00,25.60,22.78,5.20,17.57,73.00,219.00
,July,22.80,12-JUL-17:19,27.77,24.11,6.87,19.17,170.17,282.00
,August,22.20,22-AUG-17:00,24.10,22.71,4.50,20.40,74.50,77.00
,September,21.10,02-SEP-05:00,22.20,21.48,4.10,15.57,23.00,102.50
,October,16.70,05-OCT-12:00,22.20,18.53,7.20,12.03,225.00,535.00
,November,13.90,01-NOV-13:00,17.20,15.15,6.70,13.73,177.50,5.50
,December,11.70,05-DEC-09:00,15.60,13.30,4.10,11.65,120.00,36.00
,,,,,,,,,
,Annual Sum or Average,,,,,,,,
,Minimum of Months,5.60,,10.00,8.49,4.10,5.54,0.00,0.00
,Maximum of Months,22.80,,27.77,24.11,12.90,20.40,225.00,535.00


----------------------------------------------------------------------------------------------------
REPORT:,OutdoorGroundConditionsMonthly
FOR:,Environment
Custom Monthly Report

,,SITE GROUND TEMPERATURE [C],SITE SURFACE GROUND TEMPERATURE [C],SITE DEEP GROUND TEMPERATURE [C],SITE MAINS WATER TEMPERATURE [C],SITE GROUND REFLECTED SOLAR RADIATION RATE PER AREA [W/m2],SITE SNOW ON GROUND STATUS []
,January,18.00,13.00,16.00,7.32,12.49,0.32
,February,18.00,13.00,16.00,6.57,19.15,0.89
,March,18.00,13.00,16.00,7.29,29.15,0.35
,April,18.00,13.00,16.00,9.34,37.81,0.00
,May,18.00,13.00,16.00,12.19,47.45,0.00
,June,18.00,13.00,16.00,15.07,50.37,0.00
,July,18.00,13.00,16.00,17.20,49.75,0.00
,August,18.00,13.00,16.00,18.01,43.10,0.00
,September,18.00,13.00,16.00,17.27,30.75,0.00
,October,18.00,13.00,16.00,15.18,21.80,0.00
,November,18.00,13.00,16.00,12.32,12.32,0.33
,December,18.00,13.00,16.00,9.45,10.42,0.65
,,,,,,,
,Annual Sum or Average,18.00,13.00,16.00,12.30,30.45,0.21
,Minimum of Months,18.00,13.00,16.00,6.57,10.42,0.00
,Maximum of Months,18.00,13.00,16.00,18.01,50.37,0.89


----------------------------------------------------------------------------------------------------
REPORT:,WaterHeaterReportMonthly
FOR:,GAS TANK1
Custom Monthly Report

,,WATER HEATER TOTAL DEMAND HEAT TRANSFER ENERGY [J],WATER HEATER USE SIDE HEAT TRANSFER ENERGY [J],WATER HEATER BURNER HEATING ENERGY [],WATER HEATER GAS CONSUMPTION [],WATER HEATER TOTAL DEMAND HEAT TRANSFER ENERGY {HOURS NON-ZERO} [HOURS],WATER HEATER LOSS DEMAND ENERGY [],WATER HEATER HEAT LOSS ENERGY [J],WATER HEATER TANK TEMPERATURE [C],WATER HEATER HEAT RECOVERY SUPPLY ENERGY [],WATER HEATER SOURCE ENERGY []
,January,0.378123E+09,-253694057.0,0.00,0.00,744.00,0.00,-124429223.4,58.99,0.00,0.00
,February,0.346102E+09,-233698773.5,0.00,0.00,672.00,0.00,-112403082.0,58.99,0.00,0.00
,March,0.383639E+09,-259382876.7,0.00,0.00,744.00,0.00,-124255973.6,58.99,0.00,0.00
,April,0.357642E+09,-237980410.4,0.00,0.00,720.00,0.00,-119661886.7,58.99,0.00,0.00
,May,0.351606E+09,-232226847.3,0.00,0.00,744.00,0.00,-119378827.1,58.99,0.00,0.00
,June,0.322352E+09,-213014846.3,0.00,0.00,720.00,0.00,-109336716.1,58.99,0.00,0.00
,July,0.316521E+09,-205149512.7,0.00,0.00,744.00,0.00,-111371263.1,58.99,0.00,0.00
,August,0.317006E+09,-205440603.6,0.00,0.00,744.00,0.00,-111565637.9,58.99,0.00,0.00
,September,0.311861E+09,-200158325.7,0.00,0.00,720.00,0.00,-111702908.6,58.99,0.00,0.00
,October,0.336479E+09,-215141547.2,0.00,0.00,744.00,0.00,-121337502.3,58.99,0.00,0.00
,November,0.341418E+09,-221155330.7,0.00,0.00,720.00,0.00,-120262961.1,58.99,0.00,0.00
,December,0.367949E+09,-243520625.8,0.00,0.00,744.00,0.00,-124428479.0,58.99,0.00,0.00
,,,,,,,,,,,
,Annual Sum or Average,0.413070E+10,-0.272056E+10,0.00,0.00,8760.00,0.00,-0.141013E+10,58.99,0.00,0.00
,Minimum of Months,0.311861E+09,-259382876.7,0.00,0.00,672.00,0.00,-124429223.4,58.99,0.00,0.00
,Maximum of Months,0.383639E+09,-200158325.7,0.00,0.00,744.00,0.00,-109336716.1,58.99,0.00,0.00


----------------------------------------------------------------------------------------------------
REPORT:,WaterHeaterReportMonthly
FOR:,GAS TANK2
Custom Monthly Report

,,WATER HEATER TOTAL DEMAND HEAT TRANSFER ENERGY [J],WATER HEATER USE SIDE HEAT TRANSFER ENERGY [J],WATER HEATER BURNER HEATING ENERGY [],WATER HEATER GAS CONSUMPTION [],WATER HEATER TOTAL DEMAND HEAT TRANSFER ENERGY {HOURS NON-ZERO} [HOURS],WATER HEATER LOSS DEMAND ENERGY [],WATER HEATER HEAT LOSS ENERGY [J],WATER HEATER TANK TEMPERATURE [C],WATER HEATER HEAT RECOVERY SUPPLY ENERGY [],WATER HEATER SOURCE ENERGY []
,January,0.377682E+09,-253683359.3,0.00,0.00,744.00,0.00,-123998971.9,58.99,0.00,0.00
,February,0.345769E+09,-233700482.7,0.00,0.00,672.00,0.00,-112068569.2,58.99,0.00,0.00
,March,0.382697E+09,-259394627.3,0.00,0.00,744.00,0.00,-123302079.2,58.99,0.00,0.00
,April,0.356045E+09,-237976486.0,0.00,0.00,720.00,0.00,-118068944.4,58.99,0.00,0.00
,May,0.349081E+09,-232231746.8,0.00,0.00,744.00,0.00,-116849646.7,58.99,0.00,0.00
,June,0.321515E+09,-213001661.6,0.00,0.00,720.00,0.00,-108513736.4,59.00,0.00,0.00
,July,0.316604E+09,-205138396.1,0.00,0.00,744.00,0.00,-111465109.1,58.99,0.00,0.00
,August,0.316948E+09,-205441925.4,0.00,0.00,744.00,0.00,-111505860.2,58.99,0.00,0.00
,September,0.310319E+09,-200155727.8,0.00,0.00,720.00,0.00,-110163407.4,58.99,0.00,0.00
,October,0.334206E+09,-215143452.0,0.00,0.00,744.00,0.00,-119062291.2,58.99,0.00,0.00
,November,0.340232E+09,-221148324.3,0.00,0.00,720.00,0.00,-119083736.6,58.99,0.00,0.00
,December,0.367359E+09,-243518324.8,0.00,0.00,744.00,0.00,-123840236.8,58.99,0.00,0.00
,,,,,,,,,,,
,Annual Sum or Average,0.411846E+10,-0.272053E+10,0.00,0.00,8760.00,0.00,-0.139792E+10,58.99,0.00,0.00
,Minimum of Months,0.310319E+09,-259394627.3,0.00,0.00,672.00,0.00,-123998971.9,58.99,0.00,0.00
,Maximum of Months,0.382697E+09,-200155727.8,0.00,0.00,744.00,0.00,-108513736.4,59.00,0.00,0.00


----------------------------------------------------------------------------------------------------
REPORT:,WaterHeaterReportMonthly
FOR:,GAS TANK3
Custom Monthly Report

,,WATER HEATER TOTAL DEMAND HEAT TRANSFER ENERGY [J],WATER HEATER USE SIDE HEAT TRANSFER ENERGY [J],WATER HEATER BURNER HEATING ENERGY [],WATER HEATER GAS CONSUMPTION [],WATER HEATER TOTAL DEMAND HEAT TRANSFER ENERGY {HOURS NON-ZERO} [HOURS],WATER HEATER LOSS DEMAND ENERGY [],WATER HEATER HEAT LOSS ENERGY [J],WATER HEATER TANK TEMPERATURE [C],WATER HEATER HEAT RECOVERY SUPPLY ENERGY [],WATER HEATER SOURCE ENERGY []
,January,0.347587E+09,-223084067.3,0.00,0.00,744.00,0.00,-124502490.5,58.99,0.00,0.00
,February,0.318139E+09,-205666735.9,0.00,0.00,672.00,0.00,-112471792.5,58.99,0.00,0.00
,March,0.355685E+09,-231510569.4,0.00,0.00,744.00,0.00,-124174694.3,58.99,0.00,0.00
,April,0.328642E+09,-209311347.3,0.00,0.00,720.00,0.00,-119330311.3,58.99,0.00,0.00
,May,0.324043E+09,-205969392.5,0.00,0.00,744.00,0.00,-118073485.1,59.00,0.00,0.00
,June,0.298335E+09,-189704667.4,0.00,0.00,720.00,0.00,-108630659.9,58.99,0.00,0.00
,July,0.290646E+09,-179309845.2,0.00,0.00,744.00,0.00,-111336236.5,59.00,0.00,0.00
,August,0.294935E+09,-183508767.9,0.00,0.00,744.00,0.00,-111426641.2,58.99,0.00,0.00
,September,0.286793E+09,-175953215.8,0.00,0.00,720.00,0.00,-110839286.3,58.98,0.00,0.00
,October,0.309782E+09,-189219455.7,0.00,0.00,744.00,0.00,-120562549.7,58.99,0.00,0.00
,November,0.315484E+09,-195280893.4,0.00,0.00,720.00,0.00,-120203195.7,58.99,0.00,0.00
,December,0.337053E+09,-212558305.7,0.00,0.00,744.00,0.00,-124494699.6,58.99,0.00,0.00
,,,,,,,,,,,
,Annual Sum or Average,0.380712E+10,-0.240108E+10,0.00,0.00,8760.00,0.00,-0.140605E+10,58.99,0.00,0.00
,Minimum of Months,0.286793E+09,-231510569.4,0.00,0.00,672.00,0.00,-124502490.5,58.98,0.00,0.00
,Maximum of Months,0.355685E+09,-175953215.8,0.00,0.00,744.00,0.00,-108630659.9,59.00,0.00,0.00


----------------------------------------------------------------------------------------------------
REPORT:,WaterHeaterReportMonthly
FOR:,GAS TANK4
Custom Monthly Report

,,WATER HEATER TOTAL DEMAND HEAT TRANSFER ENERGY [J],WATER HEATER USE SIDE HEAT TRANSFER ENERGY [J],WATER HEATER BURNER HEATING ENERGY [],WATER HEATER GAS CONSUMPTION [],WATER HEATER TOTAL DEMAND HEAT TRANSFER ENERGY {HOURS NON-ZERO} [HOURS],WATER HEATER LOSS DEMAND ENERGY [],WATER HEATER HEAT LOSS ENERGY [J],WATER HEATER TANK TEMPERATURE [C],WATER HEATER HEAT RECOVERY SUPPLY ENERGY [],WATER HEATER SOURCE ENERGY []
,January,0.347574E+09,-223083918.8,0.00,0.00,744.00,0.00,-124490540.9,58.99,0.00,0.00
,February,0.318132E+09,-205666272.9,0.00,0.00,672.00,0.00,-112466213.2,58.99,0.00,0.00
,March,0.355747E+09,-231509925.5,0.00,0.00,744.00,0.00,-124237554.3,58.99,0.00,0.00
,April,0.328793E+09,-209316076.9,0.00,0.00,720.00,0.00,-119477340.8,58.99,0.00,0.00
,May,0.324333E+09,-205974018.6,0.00,0.00,744.00,0.00,-118359159.3,59.00,0.00,0.00
,June,0.298383E+09,-189706327.1,0.00,0.00,720.00,0.00,-108676316.6,58.99,0.00,0.00
,July,0.290623E+09,-179351776.1,0.00,0.00,744.00,0.00,-111271642.2,58.98,0.00,0.00
,August,0.294934E+09,-183501611.5,0.00,0.00,744.00,0.00,-111432374.4,58.99,0.00,0.00
,September,0.286993E+09,-175904956.9,0.00,0.00,720.00,0.00,-111087711.5,59.00,0.00,0.00
,October,0.310064E+09,-189225136.5,0.00,0.00,744.00,0.00,-120839258.0,58.99,0.00,0.00
,November,0.315534E+09,-195282529.8,0.00,0.00,720.00,0.00,-120251961.5,58.98,0.00,0.00
,December,0.337057E+09,-212556682.9,0.00,0.00,744.00,0.00,-124499830.4,58.99,0.00,0.00
,,,,,,,,,,,
,Annual Sum or Average,0.380817E+10,-0.240108E+10,0.00,0.00,8760.00,0.00,-0.140709E+10,58.99,0.00,0.00
,Minimum of Months,0.286993E+09,-231509925.5,0.00,0.00,672.00,0.00,-124499830.4,58.98,0.00,0.00
,Maximum of Months,0.355747E+09,-175904956.9,0.00,0.00,744.00,0.00,-108676316.6,59.00,0.00,0.00


----------------------------------------------------------------------------------------------------
REPORT:,WaterHeaterReportMonthly
FOR:,GAS TANK5
Custom Monthly Report

,,WATER HEATER TOTAL DEMAND HEAT TRANSFER ENERGY [J],WATER HEATER USE SIDE HEAT TRANSFER ENERGY [J],WATER HEATER BURNER HEATING ENERGY [],WATER HEATER GAS CONSUMPTION [],WATER HEATER TOTAL DEMAND HEAT TRANSFER ENERGY {HOURS NON-ZERO} [HOURS],WATER HEATER LOSS DEMAND ENERGY [],WATER HEATER HEAT LOSS ENERGY [J],WATER HEATER TANK TEMPERATURE [C],WATER HEATER HEAT RECOVERY SUPPLY ENERGY [],WATER HEATER SOURCE ENERGY []
,January,0.335372E+09,-210834409.1,0.00,0.00,744.00,0.00,-124538042.9,59.00,0.00,0.00
,February,0.306940E+09,-194487593.5,0.00,0.00,672.00,0.00,-112452312.2,58.99,0.00,0.00
,March,0.343314E+09,-219053711.8,0.00,0.00,744.00,0.00,-124260086.6,58.99,0.00,0.00
,April,0.317613E+09,-198056509.5,0.00,0.00,720.00,0.00,-119556769.7,58.99,0.00,0.00
,May,0.313147E+09,-194793298.4,0.00,0.00,744.00,0.00,-118354169.0,59.00,0.00,0.00
,June,0.288059E+09,-179499714.6,0.00,0.00,720.00,0.00,-108559764.1,58.99,0.00,0.00
,July,0.280850E+09,-169568181.1,0.00,0.00,744.00,0.00,-111281497.3,59.00,0.00,0.00
,August,0.284993E+09,-173635401.5,0.00,0.00,744.00,0.00,-111357150.1,58.99,0.00,0.00
,September,0.277430E+09,-166489485.9,0.00,0.00,720.00,0.00,-110940550.9,58.99,0.00,0.00
,October,0.299711E+09,-178847463.1,0.00,0.00,744.00,0.00,-120863778.0,58.99,0.00,0.00
,November,0.304729E+09,-184424978.7,0.00,0.00,720.00,0.00,-120303527.2,58.99,0.00,0.00
,December,0.325529E+09,-201057456.7,0.00,0.00,744.00,0.00,-124471809.1,58.98,0.00,0.00
,,,,,,,,,,,
,Annual Sum or Average,0.367769E+10,-0.227075E+10,0.00,0.00,8760.00,0.00,-0.140694E+10,58.99,0.00,0.00
,Minimum of Months,0.277430E+09,-219053711.8,0.00,0.00,672.00,0.00,-124538042.9,58.98,0.00,0.00
,Maximum of Months,0.343314E+09,-166489485.9,0.00,0.00,744.00,0.00,-108559764.1,59.00,0.00,0.00


----------------------------------------------------------------------------------------------------
REPORT:,WaterHeaterReportMonthly
FOR:,GAS TANK6
Custom Monthly Report

,,WATER HEATER TOTAL DEMAND HEAT TRANSFER ENERGY [J],WATER HEATER USE SIDE HEAT TRANSFER ENERGY [J],WATER HEATER BURNER HEATING ENERGY [],WATER HEATER GAS CONSUMPTION [],WATER HEATER TOTAL DEMAND HEAT TRANSFER ENERGY {HOURS NON-ZERO} [HOURS],WATER HEATER LOSS DEMAND ENERGY [],WATER HEATER HEAT LOSS ENERGY [J],WATER HEATER TANK TEMPERATURE [C],WATER HEATER HEAT RECOVERY SUPPLY ENERGY [],WATER HEATER SOURCE ENERGY []
,January,0.335357E+09,-210834433.9,0.00,0.00,744.00,0.00,-124522501.6,59.00,0.00,0.00
,February,0.306963E+09,-194487169.3,0.00,0.00,672.00,0.00,-112475664.1,58.99,0.00,0.00
,March,0.343308E+09,-219054124.9,0.00,0.00,744.00,0.00,-124254269.2,58.99,0.00,0.00
,April,0.317592E+09,-198055887.8,0.00,0.00,720.00,0.00,-119536104.3,58.99,0.00,0.00
,May,0.313118E+09,-194793002.6,0.00,0.00,744.00,0.00,-118325264.5,59.00,0.00,0.00
,June,0.288034E+09,-179503146.5,0.00,0.00,720.00,0.00,-108530827.5,58.99,0.00,0.00
,July,0.280835E+09,-169565940.0,0.00,0.00,744.00,0.00,-111268939.3,59.00,0.00,0.00
,August,0.284955E+09,-173637134.8,0.00,0.00,744.00,0.00,-111318116.8,58.99,0.00,0.00
,September,0.277389E+09,-166483355.9,0.00,0.00,720.00,0.00,-110905670.0,58.99,0.00,0.00
,October,0.299683E+09,-178836951.3,0.00,0.00,744.00,0.00,-120845618.3,58.99,0.00,0.00
,November,0.304720E+09,-184420620.0,0.00,0.00,720.00,0.00,-120299810.6,58.99,0.00,0.00
,December,0.325535E+09,-201050068.2,0.00,0.00,744.00,0.00,-124484812.7,58.98,0.00,0.00
,,,,,,,,,,,
,Annual Sum or Average,0.367749E+10,-0.227072E+10,0.00,0.00,8760.00,0.00,-0.140677E+10,58.99,0.00,0.00
,Minimum of Months,0.277389E+09,-219054124.9,0.00,0.00,672.00,0.00,-124522501.6,58.98,0.00,0.00
,Maximum of Months,0.343308E+09,-166483355.9,0.00,0.00,744.00,0.00,-108530827.5,59.00,0.00,0.00


----------------------------------------------------------------------------------------------------
REPORT:,WaterHeaterReportMonthly
FOR:,GAS TANK7
Custom Monthly Report

,,WATER HEATER TOTAL DEMAND HEAT TRANSFER ENERGY [J],WATER HEATER USE SIDE HEAT TRANSFER ENERGY [J],WATER HEATER BURNER HEATING ENERGY [],WATER HEATER GAS CONSUMPTION [],WATER HEATER TOTAL DEMAND HEAT TRANSFER ENERGY {HOURS NON-ZERO} [HOURS],WATER HEATER LOSS DEMAND ENERGY [],WATER HEATER HEAT LOSS ENERGY [J],WATER HEATER TANK TEMPERATURE [C],WATER HEATER HEAT RECOVERY SUPPLY ENERGY [],WATER HEATER SOURCE ENERGY []
,January,0.335366E+09,-210834345.9,0.00,0.00,744.00,0.00,-124531784.0,59.00,0.00,0.00
,February,0.306959E+09,-194487156.5,0.00,0.00,672.00,0.00,-112471920.1,58.99,0.00,0.00
,March,0.343321E+09,-219053723.8,0.00,0.00,744.00,0.00,-124267205.6,58.99,0.00,0.00
,April,0.317630E+09,-198059878.5,0.00,0.00,720.00,0.00,-119570373.2,58.99,0.00,0.00
,May,0.313250E+09,-194795598.7,0.00,0.00,744.00,0.00,-118454248.2,58.99,0.00,0.00
,June,0.288103E+09,-179476518.1,0.00,0.00,720.00,0.00,-108626432.3,59.00,0.00,0.00
,July,0.280824E+09,-169597135.7,0.00,0.00,744.00,0.00,-111226690.8,58.99,0.00,0.00
,August,0.284951E+09,-173627294.2,0.00,0.00,744.00,0.00,-111324161.3,58.99,0.00,0.00
,September,0.277469E+09,-166493868.0,0.00,0.00,720.00,0.00,-110975484.0,58.99,0.00,0.00
,October,0.299761E+09,-178866040.2,0.00,0.00,744.00,0.00,-120894559.3,58.98,0.00,0.00
,November,0.304735E+09,-184434426.5,0.00,0.00,720.00,0.00,-120300560.6,58.99,0.00,0.00
,December,0.325543E+09,-201021915.5,0.00,0.00,744.00,0.00,-124521385.9,58.99,0.00,0.00
,,,,,,,,,,,
,Annual Sum or Average,0.367791E+10,-0.227075E+10,0.00,0.00,8760.00,0.00,-0.140716E+10,58.99,0.00,0.00
,Minimum of Months,0.277469E+09,-219053723.8,0.00,0.00,672.00,0.00,-124531784.0,58.98,0.00,0.00
,Maximum of Months,0.343321E+09,-166493868.0,0.00,0.00,744.00,0.00,-108626432.3,59.00,0.00,0.00


----------------------------------------------------------------------------------------------------
REPORT:,DaylightingReportMonthly
FOR:,Environment
Custom Monthly Report

,,SITE EXTERIOR BEAM NORMAL ILLUMINANCE {HOURS NON-ZERO} [HOURS],DAYLIGHTING LIGHTING POWER MULTIPLIER [],DAYLIGHTING LIGHTING POWER MULTIPLIER [],DAYLIGHTING REFERENCE POINT 1 ILLUMINANCE [],DAYLIGHTING REFERENCE POINT 1 GLARE INDEX [],DAYLIGHTING REFERENCE POINT 1 GLARE INDEX SETPOINT EXCEEDED TIME [],DAYLIGHTING REFERENCE POINT 1 DAYLIGHT ILLUMINANCE SETPOINT EXCEEDED TIME [],DAYLIGHTING REFERENCE POINT 2 ILLUMINANCE [],DAYLIGHTING REFERENCE POINT 2 GLARE INDEX [],DAYLIGHTING REFERENCE POINT 2 GLARE INDEX SETPOINT EXCEEDED TIME [],DAYLIGHTING REFERENCE POINT 2 DAYLIGHT ILLUMINANCE SETPOINT EXCEEDED TIME []
,January,255.17,0.00,0.00,0.00,0.00,0.00,0.00,0.00,0.00,0.00,0.00
,February,261.00,0.00,0.00,0.00,0.00,0.00,0.00,0.00,0.00,0.00,0.00
,March,329.17,0.00,0.00,0.00,0.00,0.00,0.00,0.00,0.00,0.00,0.00
,April,364.67,0.00,0.00,0.00,0.00,0.00,0.00,0.00,0.00,0.00,0.00
,May,430.33,0.00,0.00,0.00,0.00,0.00,0.00,0.00,0.00,0.00,0.00
,June,430.67,0.00,0.00,0.00,0.00,0.00,0.00,0.00,0.00,0.00,0.00
,July,441.33,0.00,0.00,0.00,0.00,0.00,0.00,0.00,0.00,0.00,0.00
,August,403.17,0.00,0.00,0.00,0.00,0.00,0.00,0.00,0.00,0.00,0.00
,September,351.00,0.00,0.00,0.00,0.00,0.00,0.00,0.00,0.00,0.00,0.00
,October,309.50,0.00,0.00,0.00,0.00,0.00,0.00,0.00,0.00,0.00,0.00
,November,239.83,0.00,0.00,0.00,0.00,0.00,0.00,0.00,0.00,0.00,0.00
,December,236.00,0.00,0.00,0.00,0.00,0.00,0.00,0.00,0.00,0.00,0.00
,,,,,,,,,,,,
,Annual Sum or Average,4051.83,0.00,0.00,0.00,0.00,0.00,0.00,0.00,0.00,0.00,0.00
,Minimum of Months,236.00,0.00,0.00,0.00,0.00,0.00,0.00,0.00,0.00,0.00,0.00
,Maximum of Months,441.33,0.00,0.00,0.00,0.00,0.00,0.00,0.00,0.00,0.00,0.00


----------------------------------------------------------------------------------------------------
REPORT:,CoilReportMonthly
FOR:,PSZ-AC_1:1 HEATING COIL
Custom Monthly Report

,,HEATING COIL HEATING ENERGY [J],HEATING COIL HEATING RATE {Maximum} [W],HEATING COIL HEATING RATE {TIMESTAMP},COOLING COIL TOTAL COOLING ENERGY [],COOLING COIL SENSIBLE COOLING ENERGY [],COOLING COIL TOTAL COOLING RATE [],COOLING COIL SENSIBLE COOLING RATE [],COOLING COIL WETTED AREA FRACTION []
,January,0.440056E+11,64184.58,05-JAN-19:18,0.00,0.00,0.00,0.00,0.00
,February,0.439820E+11,67813.44,24-FEB-19:08,0.00,0.00,0.00,0.00,0.00
,March,0.287917E+11,69546.58,03-MAR-07:42,0.00,0.00,0.00,0.00,0.00
,April,0.137751E+11,23404.09,04-APR-08:70,0.00,0.00,0.00,0.00,0.00
,May,0.242307E+10,14231.56,01-MAY-08:07,0.00,0.00,0.00,0.00,0.00
,June,0.00,0.00,01-JUN-00:05,0.00,0.00,0.00,0.00,0.00
,July,0.00,0.00,01-JUL-00:05,0.00,0.00,0.00,0.00,0.00
,August,0.00,0.00,01-AUG-00:05,0.00,0.00,0.00,0.00,0.00
,September,0.488262E+09,11407.27,19-SEP-08:07,0.00,0.00,0.00,0.00,0.00
,October,0.630533E+10,18809.17,29-OCT-08:70,0.00,0.00,0.00,0.00,0.00
,November,0.215324E+11,31602.73,23-NOV-09:44,0.00,0.00,0.00,0.00,0.00
,December,0.392279E+11,69150.96,24-DEC-21:48,0.00,0.00,0.00,0.00,0.00
,,,,,,,,,
,Annual Sum or Average,0.200531E+12,,,0.00,0.00,0.00,0.00,0.00
,Minimum of Months,0.00,0.00,,0.00,0.00,0.00,0.00,0.00
,Maximum of Months,0.440056E+11,69546.58,,0.00,0.00,0.00,0.00,0.00


----------------------------------------------------------------------------------------------------
REPORT:,CoilReportMonthly
FOR:,PSZ-AC_2:2 HEATING COIL
Custom Monthly Report

,,HEATING COIL HEATING ENERGY [J],HEATING COIL HEATING RATE {Maximum} [W],HEATING COIL HEATING RATE {TIMESTAMP},COOLING COIL TOTAL COOLING ENERGY [],COOLING COIL SENSIBLE COOLING ENERGY [],COOLING COIL TOTAL COOLING RATE [],COOLING COIL SENSIBLE COOLING RATE [],COOLING COIL WETTED AREA FRACTION []
,January,0.156545E+11,35147.64,23-JAN-18:48,0.00,0.00,0.00,0.00,0.00
,February,0.157302E+11,25442.41,01-FEB-18:00,0.00,0.00,0.00,0.00,0.00
,March,0.976496E+10,25532.06,04-MAR-10:10,0.00,0.00,0.00,0.00,0.00
,April,0.425984E+10,15977.86,23-APR-14:45,0.00,0.00,0.00,0.00,0.00
,May,0.463692E+09,6638.62,08-MAY-08:10,0.00,0.00,0.00,0.00,0.00
,June,0.00,0.00,01-JUN-00:05,0.00,0.00,0.00,0.00,0.00
,July,0.00,0.00,01-JUL-00:05,0.00,0.00,0.00,0.00,0.00
,August,0.00,0.00,01-AUG-00:05,0.00,0.00,0.00,0.00,0.00
,September,52049373.01,2665.67,17-SEP-08:30,0.00,0.00,0.00,0.00,0.00
,October,0.167039E+10,14749.63,28-OCT-16:05,0.00,0.00,0.00,0.00,0.00
,November,0.737031E+10,18179.11,17-NOV-09:14,0.00,0.00,0.00,0.00,0.00
,December,0.138168E+11,28236.74,14-DEC-10:13,0.00,0.00,0.00,0.00,0.00
,,,,,,,,,
,Annual Sum or Average,0.687826E+11,,,0.00,0.00,0.00,0.00,0.00
,Minimum of Months,0.00,0.00,,0.00,0.00,0.00,0.00,0.00
,Maximum of Months,0.157302E+11,35147.64,,0.00,0.00,0.00,0.00,0.00


----------------------------------------------------------------------------------------------------
REPORT:,CoilReportMonthly
FOR:,PSZ-AC_3:3 HEATING COIL
Custom Monthly Report

,,HEATING COIL HEATING ENERGY [J],HEATING COIL HEATING RATE {Maximum} [W],HEATING COIL HEATING RATE {TIMESTAMP},COOLING COIL TOTAL COOLING ENERGY [],COOLING COIL SENSIBLE COOLING ENERGY [],COOLING COIL TOTAL COOLING RATE [],COOLING COIL SENSIBLE COOLING RATE [],COOLING COIL WETTED AREA FRACTION []
,January,0.175969E+11,34666.31,23-JAN-18:03,0.00,0.00,0.00,0.00,0.00
,February,0.176367E+11,41198.65,10-FEB-10:37,0.00,0.00,0.00,0.00,0.00
,March,0.111553E+11,33193.51,02-MAR-19:08,0.00,0.00,0.00,0.00,0.00
,April,0.519742E+10,17641.48,04-APR-13:54,0.00,0.00,0.00,0.00,0.00
,May,0.726408E+09,15535.31,09-MAY-07:14,0.00,0.00,0.00,0.00,0.00
,June,0.00,0.00,01-JUN-00:05,0.00,0.00,0.00,0.00,0.00
,July,0.00,0.00,01-JUL-00:05,0.00,0.00,0.00,0.00,0.00
,August,0.00,0.00,01-AUG-00:05,0.00,0.00,0.00,0.00,0.00
,September,0.123886E+09,5962.64,18-SEP-07:10,0.00,0.00,0.00,0.00,0.00
,October,0.221190E+10,9339.23,29-OCT-08:70,0.00,0.00,0.00,0.00,0.00
,November,0.855603E+10,21456.89,16-NOV-08:53,0.00,0.00,0.00,0.00,0.00
,December,0.154898E+11,30102.81,14-DEC-20:59,0.00,0.00,0.00,0.00,0.00
,,,,,,,,,
,Annual Sum or Average,0.786943E+11,,,0.00,0.00,0.00,0.00,0.00
,Minimum of Months,0.00,0.00,,0.00,0.00,0.00,0.00,0.00
,Maximum of Months,0.176367E+11,41198.65,,0.00,0.00,0.00,0.00,0.00


----------------------------------------------------------------------------------------------------
REPORT:,CoilReportMonthly
FOR:,PSZ-AC_4:4 HEATING COIL
Custom Monthly Report

,,HEATING COIL HEATING ENERGY [J],HEATING COIL HEATING RATE {Maximum} [W],HEATING COIL HEATING RATE {TIMESTAMP},COOLING COIL TOTAL COOLING ENERGY [],COOLING COIL SENSIBLE COOLING ENERGY [],COOLING COIL TOTAL COOLING RATE [],COOLING COIL SENSIBLE COOLING RATE [],COOLING COIL WETTED AREA FRACTION []
,January,0.177123E+11,34903.44,12-JAN-10:18,0.00,0.00,0.00,0.00,0.00
,February,0.177415E+11,38886.76,06-FEB-10:47,0.00,0.00,0.00,0.00,0.00
,March,0.112983E+11,30613.88,03-MAR-19:29,0.00,0.00,0.00,0.00,0.00
,April,0.534109E+10,17466.61,19-APR-07:44,0.00,0.00,0.00,0.00,0.00
,May,0.793121E+09,15333.10,09-MAY-07:24,0.00,0.00,0.00,0.00,0.00
,June,0.00,0.00,01-JUN-00:05,0.00,0.00,0.00,0.00,0.00
,July,0.00,0.00,01-JUL-00:05,0.00,0.00,0.00,0.00,0.00
,August,0.00,0.00,01-AUG-00:05,0.00,0.00,0.00,0.00,0.00
,September,0.146869E+09,7596.96,18-SEP-07:07,0.00,0.00,0.00,0.00,0.00
,October,0.232400E+10,10209.70,19-OCT-07:07,0.00,0.00,0.00,0.00,0.00
,November,0.872765E+10,16831.75,16-NOV-12:14,0.00,0.00,0.00,0.00,0.00
,December,0.156259E+11,26073.76,30-DEC-18:41,0.00,0.00,0.00,0.00,0.00
,,,,,,,,,
,Annual Sum or Average,0.797107E+11,,,0.00,0.00,0.00,0.00,0.00
,Minimum of Months,0.00,0.00,,0.00,0.00,0.00,0.00,0.00
,Maximum of Months,0.177415E+11,38886.76,,0.00,0.00,0.00,0.00,0.00


----------------------------------------------------------------------------------------------------
REPORT:,CoilReportMonthly
FOR:,PSZ-AC_5:5 HEATING COIL
Custom Monthly Report

,,HEATING COIL HEATING ENERGY [J],HEATING COIL HEATING RATE {Maximum} [W],HEATING COIL HEATING RATE {TIMESTAMP},COOLING COIL TOTAL COOLING ENERGY [],COOLING COIL SENSIBLE COOLING ENERGY [],COOLING COIL TOTAL COOLING RATE [],COOLING COIL SENSIBLE COOLING RATE [],COOLING COIL WETTED AREA FRACTION []
,January,0.178477E+11,34889.26,30-JAN-10:38,0.00,0.00,0.00,0.00,0.00
,February,0.178611E+11,38646.48,06-FEB-10:57,0.00,0.00,0.00,0.00,0.00
,March,0.114278E+11,30625.78,07-MAR-09:29,0.00,0.00,0.00,0.00,0.00
,April,0.544256E+10,16883.40,04-APR-16:04,0.00,0.00,0.00,0.00,0.00
,May,0.842550E+09,6732.82,09-MAY-07:10,0.00,0.00,0.00,0.00,0.00
,June,0.00,0.00,01-JUN-00:05,0.00,0.00,0.00,0.00,0.00
,July,0.00,0.00,01-JUL-00:05,0.00,0.00,0.00,0.00,0.00
,August,0.00,0.00,01-AUG-00:05,0.00,0.00,0.00,0.00,0.00
,September,0.158765E+09,8617.14,18-SEP-07:07,0.00,0.00,0.00,0.00,0.00
,October,0.240942E+10,16177.19,20-OCT-07:44,0.00,0.00,0.00,0.00,0.00
,November,0.885977E+10,16714.72,26-NOV-18:00,0.00,0.00,0.00,0.00,0.00
,December,0.157822E+11,30853.62,21-DEC-19:00,0.00,0.00,0.00,0.00,0.00
,,,,,,,,,
,Annual Sum or Average,0.806318E+11,,,0.00,0.00,0.00,0.00,0.00
,Minimum of Months,0.00,0.00,,0.00,0.00,0.00,0.00,0.00
,Maximum of Months,0.178611E+11,38646.48,,0.00,0.00,0.00,0.00,0.00


----------------------------------------------------------------------------------------------------
REPORT:,CoilReportMonthly
FOR:,PSZ-AC_6:6 HEATING COIL
Custom Monthly Report

,,HEATING COIL HEATING ENERGY [J],HEATING COIL HEATING RATE {Maximum} [W],HEATING COIL HEATING RATE {TIMESTAMP},COOLING COIL TOTAL COOLING ENERGY [],COOLING COIL SENSIBLE COOLING ENERGY [],COOLING COIL TOTAL COOLING RATE [],COOLING COIL SENSIBLE COOLING RATE [],COOLING COIL WETTED AREA FRACTION []
,January,0.327763E+11,67455.30,24-JAN-19:38,0.00,0.00,0.00,0.00,0.00
,February,0.327373E+11,77604.71,07-FEB-11:47,0.00,0.00,0.00,0.00,0.00
,March,0.207237E+11,38079.59,03-MAR-12:10,0.00,0.00,0.00,0.00,0.00
,April,0.968250E+10,34960.82,06-APR-08:24,0.00,0.00,0.00,0.00,0.00
,May,0.134323E+10,13988.47,01-MAY-08:07,0.00,0.00,0.00,0.00,0.00
,June,0.00,0.00,01-JUN-00:05,0.00,0.00,0.00,0.00,0.00
,July,0.00,0.00,01-JUL-00:05,0.00,0.00,0.00,0.00,0.00
,August,0.00,0.00,01-AUG-00:05,0.00,0.00,0.00,0.00,0.00
,September,0.204178E+09,9067.58,19-SEP-08:10,0.00,0.00,0.00,0.00,0.00
,October,0.410961E+10,15856.09,19-OCT-08:07,0.00,0.00,0.00,0.00,0.00
,November,0.161254E+11,32420.90,26-NOV-18:00,0.00,0.00,0.00,0.00,0.00
,December,0.288995E+11,69341.42,16-DEC-11:28,0.00,0.00,0.00,0.00,0.00
,,,,,,,,,
,Annual Sum or Average,0.146602E+12,,,0.00,0.00,0.00,0.00,0.00
,Minimum of Months,0.00,0.00,,0.00,0.00,0.00,0.00,0.00
,Maximum of Months,0.327763E+11,77604.71,,0.00,0.00,0.00,0.00,0.00


----------------------------------------------------------------------------------------------------
REPORT:,CoilReportMonthly
FOR:,PSZ-AC_7:7 HEATING COIL
Custom Monthly Report

,,HEATING COIL HEATING ENERGY [J],HEATING COIL HEATING RATE {Maximum} [W],HEATING COIL HEATING RATE {TIMESTAMP},COOLING COIL TOTAL COOLING ENERGY [],COOLING COIL SENSIBLE COOLING ENERGY [],COOLING COIL TOTAL COOLING RATE [],COOLING COIL SENSIBLE COOLING RATE [],COOLING COIL WETTED AREA FRACTION []
,January,0.166108E+11,34970.18,31-JAN-11:48,0.00,0.00,0.00,0.00,0.00
,February,0.166098E+11,33612.45,02-FEB-20:48,0.00,0.00,0.00,0.00,0.00
,March,0.104958E+11,27322.59,12-MAR-10:44,0.00,0.00,0.00,0.00,0.00
,April,0.484669E+10,17798.44,03-APR-08:14,0.00,0.00,0.00,0.00,0.00
,May,0.664846E+09,6924.30,01-MAY-08:07,0.00,0.00,0.00,0.00,0.00
,June,0.00,0.00,01-JUN-00:05,0.00,0.00,0.00,0.00,0.00
,July,0.00,0.00,01-JUL-00:05,0.00,0.00,0.00,0.00,0.00
,August,0.00,0.00,01-AUG-00:05,0.00,0.00,0.00,0.00,0.00
,September,91491876.11,4421.48,19-SEP-08:10,0.00,0.00,0.00,0.00,0.00
,October,0.203765E+10,17291.26,26-OCT-14:14,0.00,0.00,0.00,0.00,0.00
,November,0.814675E+10,18852.39,17-NOV-09:53,0.00,0.00,0.00,0.00,0.00
,December,0.146786E+11,34645.10,16-DEC-11:42,0.00,0.00,0.00,0.00,0.00
,,,,,,,,,
,Annual Sum or Average,0.741824E+11,,,0.00,0.00,0.00,0.00,0.00
,Minimum of Months,0.00,0.00,,0.00,0.00,0.00,0.00,0.00
,Maximum of Months,0.166108E+11,34970.18,,0.00,0.00,0.00,0.00,0.00


----------------------------------------------------------------------------------------------------
REPORT:,CoilReportMonthly
FOR:,PSZ-AC_8:8 HEATING COIL
Custom Monthly Report

,,HEATING COIL HEATING ENERGY [J],HEATING COIL HEATING RATE {Maximum} [W],HEATING COIL HEATING RATE {TIMESTAMP},COOLING COIL TOTAL COOLING ENERGY [],COOLING COIL SENSIBLE COOLING ENERGY [],COOLING COIL TOTAL COOLING RATE [],COOLING COIL SENSIBLE COOLING RATE [],COOLING COIL WETTED AREA FRACTION []
,January,0.166561E+11,34251.68,24-JAN-10:48,0.00,0.00,0.00,0.00,0.00
,February,0.166504E+11,31386.19,08-FEB-19:19,0.00,0.00,0.00,0.00,0.00
,March,0.105425E+11,30916.37,13-MAR-19:59,0.00,0.00,0.00,0.00,0.00
,April,0.489749E+10,16872.20,03-APR-14:54,0.00,0.00,0.00,0.00,0.00
,May,0.693058E+09,6569.04,01-MAY-08:07,0.00,0.00,0.00,0.00,0.00
,June,0.00,0.00,01-JUN-00:05,0.00,0.00,0.00,0.00,0.00
,July,0.00,0.00,01-JUL-00:05,0.00,0.00,0.00,0.00,0.00
,August,0.00,0.00,01-AUG-00:05,0.00,0.00,0.00,0.00,0.00
,September,0.102254E+09,4547.37,18-SEP-08:07,0.00,0.00,0.00,0.00,0.00
,October,0.207699E+10,14707.80,28-OCT-15:55,0.00,0.00,0.00,0.00,0.00
,November,0.817543E+10,20917.84,16-NOV-09:13,0.00,0.00,0.00,0.00,0.00
,December,0.147173E+11,33578.15,21-DEC-11:28,0.00,0.00,0.00,0.00,0.00
,,,,,,,,,
,Annual Sum or Average,0.745115E+11,,,0.00,0.00,0.00,0.00,0.00
,Minimum of Months,0.00,0.00,,0.00,0.00,0.00,0.00,0.00
,Maximum of Months,0.166561E+11,34251.68,,0.00,0.00,0.00,0.00,0.00


----------------------------------------------------------------------------------------------------
REPORT:,CoilReportMonthly
FOR:,PSZ-AC_9:9 HEATING COIL
Custom Monthly Report

,,HEATING COIL HEATING ENERGY [J],HEATING COIL HEATING RATE {Maximum} [W],HEATING COIL HEATING RATE {TIMESTAMP},COOLING COIL TOTAL COOLING ENERGY [],COOLING COIL SENSIBLE COOLING ENERGY [],COOLING COIL TOTAL COOLING RATE [],COOLING COIL SENSIBLE COOLING RATE [],COOLING COIL WETTED AREA FRACTION []
,January,0.170251E+11,31839.35,05-JAN-20:20,0.00,0.00,0.00,0.00,0.00
,February,0.170084E+11,32940.04,24-FEB-20:08,0.00,0.00,0.00,0.00,0.00
,March,0.109658E+11,32463.36,02-MAR-18:18,0.00,0.00,0.00,0.00,0.00
,April,0.519057E+10,17578.71,03-APR-08:43,0.00,0.00,0.00,0.00,0.00
,May,0.804955E+09,6178.50,10-MAY-06:23,0.00,0.00,0.00,0.00,0.00
,June,0.00,0.00,01-JUN-00:05,0.00,0.00,0.00,0.00,0.00
,July,0.00,0.00,01-JUL-00:05,0.00,0.00,0.00,0.00,0.00
,August,0.00,0.00,01-AUG-00:05,0.00,0.00,0.00,0.00,0.00
,September,0.141215E+09,5629.72,17-SEP-09:10,0.00,0.00,0.00,0.00,0.00
,October,0.224007E+10,15942.25,19-OCT-13:05,0.00,0.00,0.00,0.00,0.00
,November,0.842319E+10,28008.17,26-NOV-11:09,0.00,0.00,0.00,0.00,0.00
,December,0.150743E+11,28043.81,17-DEC-08:22,0.00,0.00,0.00,0.00,0.00
,,,,,,,,,
,Annual Sum or Average,0.768736E+11,,,0.00,0.00,0.00,0.00,0.00
,Minimum of Months,0.00,0.00,,0.00,0.00,0.00,0.00,0.00
,Maximum of Months,0.170251E+11,32940.04,,0.00,0.00,0.00,0.00,0.00


----------------------------------------------------------------------------------------------------
REPORT:,CoilReportMonthly
FOR:,PSZ-AC_10:10 HEATING COIL
Custom Monthly Report

,,HEATING COIL HEATING ENERGY [J],HEATING COIL HEATING RATE {Maximum} [W],HEATING COIL HEATING RATE {TIMESTAMP},COOLING COIL TOTAL COOLING ENERGY [],COOLING COIL SENSIBLE COOLING ENERGY [],COOLING COIL TOTAL COOLING RATE [],COOLING COIL SENSIBLE COOLING RATE [],COOLING COIL WETTED AREA FRACTION []
,January,0.216578E+11,47008.05,24-JAN-05:42,0.00,0.00,0.00,0.00,0.00
,February,0.215207E+11,47008.05,02-FEB-01:42,0.00,0.00,0.00,0.00,0.00
,March,0.146552E+11,47008.05,03-MAR-07:42,0.00,0.00,0.00,0.00,0.00
,April,0.743914E+10,18074.29,06-APR-09:54,0.00,0.00,0.00,0.00,0.00
,May,0.150151E+10,11348.38,13-MAY-08:25,0.00,0.00,0.00,0.00,0.00
,June,87460.92,145.77,21-JUN-08:30,0.00,0.00,0.00,0.00,0.00
,July,0.00,0.00,01-JUL-00:05,0.00,0.00,0.00,0.00,0.00
,August,0.00,0.00,01-AUG-00:05,0.00,0.00,0.00,0.00,0.00
,September,0.317448E+09,6308.12,17-SEP-09:05,0.00,0.00,0.00,0.00,0.00
,October,0.329028E+10,19490.77,26-OCT-09:13,0.00,0.00,0.00,0.00,0.00
,November,0.108263E+11,28093.70,26-NOV-07:03,0.00,0.00,0.00,0.00,0.00
,December,0.191581E+11,47008.05,17-DEC-22:02,0.00,0.00,0.00,0.00,0.00
,,,,,,,,,
,Annual Sum or Average,0.100367E+12,,,0.00,0.00,0.00,0.00,0.00
,Minimum of Months,0.00,0.00,,0.00,0.00,0.00,0.00,0.00
,Maximum of Months,0.216578E+11,47008.05,,0.00,0.00,0.00,0.00,0.00


----------------------------------------------------------------------------------------------------
REPORT:,CoilReportMonthly
FOR:,PSZ-AC_1:1 COOLING COIL
Custom Monthly Report

,,HEATING COIL HEATING ENERGY [],HEATING COIL HEATING RATE [],COOLING COIL TOTAL COOLING ENERGY [J],COOLING COIL SENSIBLE COOLING ENERGY [J],COOLING COIL TOTAL COOLING RATE {Maximum} [W],COOLING COIL TOTAL COOLING RATE {TIMESTAMP},COOLING COIL SENSIBLE COOLING RATE {AT MAX/MIN} [W],COOLING COIL WETTED AREA FRACTION []
,January,0.00,0.00,0.00,0.00,0.00,01-JAN-00:03,0.00,0.00
,February,0.00,0.00,0.00,0.00,0.00,01-FEB-00:03,0.00,0.00
,March,0.00,0.00,0.00,0.00,0.00,01-MAR-00:05,0.00,0.00
,April,0.00,0.00,19401152.22,19290195.40,2118.59,30-APR-16:10,2118.59,0.00
,May,0.00,0.00,0.233944E+10,0.176635E+10,18687.09,31-MAY-12:30,12224.60,0.00
,June,0.00,0.00,0.945731E+10,0.643105E+10,40833.79,17-JUN-00:32,19740.29,0.00
,July,0.00,0.00,0.206802E+11,0.135280E+11,42078.10,11-JUL-23:22,17940.58,0.00
,August,0.00,0.00,0.148907E+11,0.972307E+10,42112.53,22-AUG-23:30,16784.38,0.00
,September,0.00,0.00,0.650648E+10,0.418858E+10,41467.34,02-SEP-06:35,19157.32,0.00
,October,0.00,0.00,0.101481E+10,0.661736E+09,39684.55,05-OCT-01:25,22772.76,0.00
,November,0.00,0.00,0.00,0.00,0.00,01-NOV-00:10,0.00,0.00
,December,0.00,0.00,0.00,0.00,0.00,01-DEC-00:05,0.00,0.00
,,,,,,,,,
,Annual Sum or Average,0.00,0.00,0.549083E+11,0.363181E+11,,,,0.00
,Minimum of Months,0.00,0.00,0.00,0.00,0.00,,0.00,0.00
,Maximum of Months,0.00,0.00,0.206802E+11,0.135280E+11,42112.53,,22772.76,0.00


----------------------------------------------------------------------------------------------------
REPORT:,CoilReportMonthly
FOR:,PSZ-AC_2:2 COOLING COIL
Custom Monthly Report

,,HEATING COIL HEATING ENERGY [],HEATING COIL HEATING RATE [],COOLING COIL TOTAL COOLING ENERGY [J],COOLING COIL SENSIBLE COOLING ENERGY [J],COOLING COIL TOTAL COOLING RATE {Maximum} [W],COOLING COIL TOTAL COOLING RATE {TIMESTAMP},COOLING COIL SENSIBLE COOLING RATE {AT MAX/MIN} [W],COOLING COIL WETTED AREA FRACTION []
,January,0.00,0.00,0.00,0.00,0.00,01-JAN-00:03,0.00,0.00
,February,0.00,0.00,0.00,0.00,0.00,01-FEB-00:03,0.00,0.00
,March,0.00,0.00,0.00,0.00,0.00,01-MAR-00:05,0.00,0.00
,April,0.00,0.00,31069463.35,28075999.63,18875.16,30-APR-17:32,17038.61,0.00
,May,0.00,0.00,0.161503E+10,0.120221E+10,21353.74,30-MAY-20:42,12303.21,0.00
,June,0.00,0.00,0.616392E+10,0.413982E+10,21969.38,17-JUN-20:32,10322.92,0.00
,July,0.00,0.00,0.118120E+11,0.765256E+10,22004.34,11-JUL-21:02,9750.84,0.00
,August,0.00,0.00,0.906504E+10,0.584640E+10,21998.39,22-AUG-23:30,9255.67,0.00
,September,0.00,0.00,0.422919E+10,0.265108E+10,21774.44,02-SEP-05:32,10088.43,0.00
,October,0.00,0.00,0.745597E+09,0.479060E+09,20740.64,05-OCT-01:25,12236.71,0.00
,November,0.00,0.00,0.00,0.00,0.00,01-NOV-00:10,0.00,0.00
,December,0.00,0.00,0.00,0.00,0.00,01-DEC-00:05,0.00,0.00
,,,,,,,,,
,Annual Sum or Average,0.00,0.00,0.336618E+11,0.219992E+11,,,,0.00
,Minimum of Months,0.00,0.00,0.00,0.00,0.00,,0.00,0.00
,Maximum of Months,0.00,0.00,0.118120E+11,0.765256E+10,22004.34,,17038.61,0.00


----------------------------------------------------------------------------------------------------
REPORT:,CoilReportMonthly
FOR:,PSZ-AC_3:3 COOLING COIL
Custom Monthly Report

,,HEATING COIL HEATING ENERGY [],HEATING COIL HEATING RATE [],COOLING COIL TOTAL COOLING ENERGY [J],COOLING COIL SENSIBLE COOLING ENERGY [J],COOLING COIL TOTAL COOLING RATE {Maximum} [W],COOLING COIL TOTAL COOLING RATE {TIMESTAMP},COOLING COIL SENSIBLE COOLING RATE {AT MAX/MIN} [W],COOLING COIL WETTED AREA FRACTION []
,January,0.00,0.00,0.00,0.00,0.00,01-JAN-00:03,0.00,0.00
,February,0.00,0.00,0.00,0.00,0.00,01-FEB-00:03,0.00,0.00
,March,0.00,0.00,0.00,0.00,0.00,01-MAR-00:05,0.00,0.00
,April,0.00,0.00,3877286.12,3877286.12,746.02,30-APR-16:00,746.02,0.00
,May,0.00,0.00,0.122998E+10,0.923238E+09,21477.58,30-MAY-21:02,12186.11,0.00
,June,0.00,0.00,0.462323E+10,0.318003E+10,22012.77,17-JUN-20:32,10442.02,0.00
,July,0.00,0.00,0.940369E+10,0.609706E+10,22143.08,10-JUL-20:13,10411.45,0.00
,August,0.00,0.00,0.698309E+10,0.456121E+10,22122.28,22-AUG-23:22,9182.88,0.00
,September,0.00,0.00,0.310497E+10,0.201531E+10,21817.77,10-SEP-18:02,10535.66,0.00
,October,0.00,0.00,0.529732E+09,0.345117E+09,20905.30,05-OCT-01:35,12046.05,0.00
,November,0.00,0.00,0.00,0.00,0.00,01-NOV-00:10,0.00,0.00
,December,0.00,0.00,0.00,0.00,0.00,01-DEC-00:05,0.00,0.00
,,,,,,,,,
,Annual Sum or Average,0.00,0.00,0.258786E+11,0.171258E+11,,,,0.00
,Minimum of Months,0.00,0.00,0.00,0.00,0.00,,0.00,0.00
,Maximum of Months,0.00,0.00,0.940369E+10,0.609706E+10,22143.08,,12186.11,0.00


----------------------------------------------------------------------------------------------------
REPORT:,CoilReportMonthly
FOR:,PSZ-AC_4:4 COOLING COIL
Custom Monthly Report

,,HEATING COIL HEATING ENERGY [],HEATING COIL HEATING RATE [],COOLING COIL TOTAL COOLING ENERGY [J],COOLING COIL SENSIBLE COOLING ENERGY [J],COOLING COIL TOTAL COOLING RATE {Maximum} [W],COOLING COIL TOTAL COOLING RATE {TIMESTAMP},COOLING COIL SENSIBLE COOLING RATE {AT MAX/MIN} [W],COOLING COIL WETTED AREA FRACTION []
,January,0.00,0.00,0.00,0.00,0.00,01-JAN-00:03,0.00,0.00
,February,0.00,0.00,0.00,0.00,0.00,01-FEB-00:03,0.00,0.00
,March,0.00,0.00,0.00,0.00,0.00,01-MAR-00:05,0.00,0.00
,April,0.00,0.00,2837138.21,2837138.21,637.14,30-APR-16:00,637.14,0.00
,May,0.00,0.00,0.119091E+10,0.894145E+09,21538.68,30-MAY-21:02,12206.50,0.00
,June,0.00,0.00,0.452854E+10,0.311486E+10,22065.48,17-JUN-20:32,10450.29,0.00
,July,0.00,0.00,0.926534E+10,0.600442E+10,22192.87,10-JUL-20:13,10425.60,0.00
,August,0.00,0.00,0.689233E+10,0.449877E+10,22178.35,22-AUG-23:22,9182.07,0.00
,September,0.00,0.00,0.304088E+10,0.197333E+10,21878.08,10-SEP-18:02,10527.19,0.00
,October,0.00,0.00,0.514688E+09,0.335226E+09,20955.85,05-OCT-03:43,12048.36,0.00
,November,0.00,0.00,0.00,0.00,0.00,01-NOV-00:10,0.00,0.00
,December,0.00,0.00,0.00,0.00,0.00,01-DEC-00:05,0.00,0.00
,,,,,,,,,
,Annual Sum or Average,0.00,0.00,0.254355E+11,0.168236E+11,,,,0.00
,Minimum of Months,0.00,0.00,0.00,0.00,0.00,,0.00,0.00
,Maximum of Months,0.00,0.00,0.926534E+10,0.600442E+10,22192.87,,12206.50,0.00


----------------------------------------------------------------------------------------------------
REPORT:,CoilReportMonthly
FOR:,PSZ-AC_5:5 COOLING COIL
Custom Monthly Report

,,HEATING COIL HEATING ENERGY [],HEATING COIL HEATING RATE [],COOLING COIL TOTAL COOLING ENERGY [J],COOLING COIL SENSIBLE COOLING ENERGY [J],COOLING COIL TOTAL COOLING RATE {Maximum} [W],COOLING COIL TOTAL COOLING RATE {TIMESTAMP},COOLING COIL SENSIBLE COOLING RATE {AT MAX/MIN} [W],COOLING COIL WETTED AREA FRACTION []
,January,0.00,0.00,0.00,0.00,0.00,01-JAN-00:03,0.00,0.00
,February,0.00,0.00,0.00,0.00,0.00,01-FEB-00:03,0.00,0.00
,March,0.00,0.00,0.00,0.00,0.00,01-MAR-00:05,0.00,0.00
,April,0.00,0.00,2283771.29,2283771.29,564.59,30-APR-16:00,564.59,0.00
,May,0.00,0.00,0.115679E+10,0.869296E+09,21415.08,30-MAY-21:02,12149.90,0.00
,June,0.00,0.00,0.442732E+10,0.305397E+10,21931.77,17-JUN-20:32,10389.80,0.00
,July,0.00,0.00,0.907841E+10,0.590140E+10,22057.18,10-JUL-20:13,10367.34,0.00
,August,0.00,0.00,0.675118E+10,0.441359E+10,22050.92,22-AUG-23:24,9102.35,0.00
,September,0.00,0.00,0.297603E+10,0.193540E+10,21745.72,10-SEP-18:02,10462.01,0.00
,October,0.00,0.00,0.490495E+09,0.320491E+09,20828.15,05-OCT-02:65,11988.82,0.00
,November,0.00,0.00,0.00,0.00,0.00,01-NOV-00:10,0.00,0.00
,December,0.00,0.00,0.00,0.00,0.00,01-DEC-00:05,0.00,0.00
,,,,,,,,,
,Annual Sum or Average,0.00,0.00,0.248825E+11,0.164964E+11,,,,0.00
,Minimum of Months,0.00,0.00,0.00,0.00,0.00,,0.00,0.00
,Maximum of Months,0.00,0.00,0.907841E+10,0.590140E+10,22057.18,,12149.90,0.00


----------------------------------------------------------------------------------------------------
REPORT:,CoilReportMonthly
FOR:,PSZ-AC_6:6 COOLING COIL
Custom Monthly Report

,,HEATING COIL HEATING ENERGY [],HEATING COIL HEATING RATE [],COOLING COIL TOTAL COOLING ENERGY [J],COOLING COIL SENSIBLE COOLING ENERGY [J],COOLING COIL TOTAL COOLING RATE {Maximum} [W],COOLING COIL TOTAL COOLING RATE {TIMESTAMP},COOLING COIL SENSIBLE COOLING RATE {AT MAX/MIN} [W],COOLING COIL WETTED AREA FRACTION []
,January,0.00,0.00,0.00,0.00,0.00,01-JAN-00:03,0.00,0.00
,February,0.00,0.00,0.00,0.00,0.00,01-FEB-00:03,0.00,0.00
,March,0.00,0.00,0.00,0.00,0.00,01-MAR-00:05,0.00,0.00
,April,0.00,0.00,8725421.99,8725421.99,1463.30,30-APR-16:00,1463.30,0.00
,May,0.00,0.00,0.226097E+10,0.173106E+10,39393.44,30-MAY-21:30,22554.45,0.00
,June,0.00,0.00,0.866140E+10,0.607135E+10,40383.25,17-JUN-20:32,19337.85,0.00
,July,0.00,0.00,0.176555E+11,0.116171E+11,40614.67,10-JUL-20:13,19303.57,0.00
,August,0.00,0.00,0.132398E+11,0.875782E+10,40594.48,22-AUG-23:22,16789.37,0.00
,September,0.00,0.00,0.581414E+10,0.382745E+10,40381.68,02-SEP-05:55,17974.01,0.00
,October,0.00,0.00,0.996089E+09,0.656751E+09,38360.34,05-OCT-01:35,22406.78,0.00
,November,0.00,0.00,0.00,0.00,0.00,01-NOV-00:10,0.00,0.00
,December,0.00,0.00,0.00,0.00,0.00,01-DEC-00:05,0.00,0.00
,,,,,,,,,
,Annual Sum or Average,0.00,0.00,0.486366E+11,0.326703E+11,,,,0.00
,Minimum of Months,0.00,0.00,0.00,0.00,0.00,,0.00,0.00
,Maximum of Months,0.00,0.00,0.176555E+11,0.116171E+11,40614.67,,22554.45,0.00


----------------------------------------------------------------------------------------------------
REPORT:,CoilReportMonthly
FOR:,PSZ-AC_7:7 COOLING COIL
Custom Monthly Report

,,HEATING COIL HEATING ENERGY [],HEATING COIL HEATING RATE [],COOLING COIL TOTAL COOLING ENERGY [J],COOLING COIL SENSIBLE COOLING ENERGY [J],COOLING COIL TOTAL COOLING RATE {Maximum} [W],COOLING COIL TOTAL COOLING RATE {TIMESTAMP},COOLING COIL SENSIBLE COOLING RATE {AT MAX/MIN} [W],COOLING COIL WETTED AREA FRACTION []
,January,0.00,0.00,0.00,0.00,0.00,01-JAN-00:03,0.00,0.00
,February,0.00,0.00,0.00,0.00,0.00,01-FEB-00:03,0.00,0.00
,March,0.00,0.00,0.00,0.00,0.00,01-MAR-00:05,0.00,0.00
,April,0.00,0.00,3631001.89,3631001.89,690.61,30-APR-16:00,690.61,0.00
,May,0.00,0.00,0.118207E+10,0.899380E+09,20261.27,30-MAY-21:02,11653.27,0.00
,June,0.00,0.00,0.449905E+10,0.314001E+10,20756.29,17-JUN-20:32,9917.05,0.00
,July,0.00,0.00,0.916657E+10,0.601024E+10,20873.28,10-JUL-20:13,9904.51,0.00
,August,0.00,0.00,0.689026E+10,0.454091E+10,20858.91,22-AUG-23:22,8658.76,0.00
,September,0.00,0.00,0.304997E+10,0.199796E+10,20597.25,02-SEP-05:05,9673.93,0.00
,October,0.00,0.00,0.527745E+09,0.346679E+09,19727.26,05-OCT-01:35,11435.00,0.00
,November,0.00,0.00,0.00,0.00,0.00,01-NOV-00:10,0.00,0.00
,December,0.00,0.00,0.00,0.00,0.00,01-DEC-00:05,0.00,0.00
,,,,,,,,,
,Annual Sum or Average,0.00,0.00,0.253193E+11,0.169388E+11,,,,0.00
,Minimum of Months,0.00,0.00,0.00,0.00,0.00,,0.00,0.00
,Maximum of Months,0.00,0.00,0.916657E+10,0.601024E+10,20873.28,,11653.27,0.00


----------------------------------------------------------------------------------------------------
REPORT:,CoilReportMonthly
FOR:,PSZ-AC_8:8 COOLING COIL
Custom Monthly Report

,,HEATING COIL HEATING ENERGY [],HEATING COIL HEATING RATE [],COOLING COIL TOTAL COOLING ENERGY [J],COOLING COIL SENSIBLE COOLING ENERGY [J],COOLING COIL TOTAL COOLING RATE {Maximum} [W],COOLING COIL TOTAL COOLING RATE {TIMESTAMP},COOLING COIL SENSIBLE COOLING RATE {AT MAX/MIN} [W],COOLING COIL WETTED AREA FRACTION []
,January,0.00,0.00,0.00,0.00,0.00,01-JAN-00:03,0.00,0.00
,February,0.00,0.00,0.00,0.00,0.00,01-FEB-00:03,0.00,0.00
,March,0.00,0.00,0.00,0.00,0.00,01-MAR-00:05,0.00,0.00
,April,0.00,0.00,3271453.83,3271453.83,649.58,30-APR-16:00,649.58,0.00
,May,0.00,0.00,0.113471E+10,0.864309E+09,20194.64,30-MAY-21:02,11618.17,0.00
,June,0.00,0.00,0.439621E+10,0.306586E+10,20680.71,17-JUN-20:32,9880.77,0.00
,July,0.00,0.00,0.904946E+10,0.593982E+10,20796.46,10-JUL-20:13,9869.64,0.00
,August,0.00,0.00,0.679971E+10,0.448660E+10,20783.62,22-AUG-23:22,8620.19,0.00
,September,0.00,0.00,0.300751E+10,0.197134E+10,20563.29,02-SEP-06:15,9525.14,0.00
,October,0.00,0.00,0.509264E+09,0.334799E+09,19644.69,05-OCT-03:43,11421.92,0.00
,November,0.00,0.00,0.00,0.00,0.00,01-NOV-00:10,0.00,0.00
,December,0.00,0.00,0.00,0.00,0.00,01-DEC-00:05,0.00,0.00
,,,,,,,,,
,Annual Sum or Average,0.00,0.00,0.249001E+11,0.166660E+11,,,,0.00
,Minimum of Months,0.00,0.00,0.00,0.00,0.00,,0.00,0.00
,Maximum of Months,0.00,0.00,0.904946E+10,0.593982E+10,20796.46,,11618.17,0.00


----------------------------------------------------------------------------------------------------
REPORT:,CoilReportMonthly
FOR:,PSZ-AC_9:9 COOLING COIL
Custom Monthly Report

,,HEATING COIL HEATING ENERGY [],HEATING COIL HEATING RATE [],COOLING COIL TOTAL COOLING ENERGY [J],COOLING COIL SENSIBLE COOLING ENERGY [J],COOLING COIL TOTAL COOLING RATE {Maximum} [W],COOLING COIL TOTAL COOLING RATE {TIMESTAMP},COOLING COIL SENSIBLE COOLING RATE {AT MAX/MIN} [W],COOLING COIL WETTED AREA FRACTION []
,January,0.00,0.00,0.00,0.00,0.00,01-JAN-00:03,0.00,0.00
,February,0.00,0.00,0.00,0.00,0.00,01-FEB-00:03,0.00,0.00
,March,0.00,0.00,0.00,0.00,0.00,01-MAR-00:05,0.00,0.00
,April,0.00,0.00,2267107.52,2267107.52,517.74,30-APR-16:00,517.74,0.00
,May,0.00,0.00,0.102623E+10,0.780780E+09,20099.39,30-MAY-20:25,11639.43,0.00
,June,0.00,0.00,0.408247E+10,0.284989E+10,20544.65,17-JUN-20:32,9799.63,0.00
,July,0.00,0.00,0.874209E+10,0.574722E+10,20653.04,10-JUL-20:13,9804.15,0.00
,August,0.00,0.00,0.652418E+10,0.431491E+10,20655.91,22-AUG-23:24,8511.87,0.00
,September,0.00,0.00,0.285227E+10,0.188286E+10,20475.62,02-SEP-05:55,9198.25,0.00
,October,0.00,0.00,0.449176E+09,0.296312E+09,19557.18,05-OCT-00:55,11224.37,0.00
,November,0.00,0.00,0.00,0.00,0.00,01-NOV-00:10,0.00,0.00
,December,0.00,0.00,0.00,0.00,0.00,01-DEC-00:05,0.00,0.00
,,,,,,,,,
,Annual Sum or Average,0.00,0.00,0.236787E+11,0.158742E+11,,,,0.00
,Minimum of Months,0.00,0.00,0.00,0.00,0.00,,0.00,0.00
,Maximum of Months,0.00,0.00,0.874209E+10,0.574722E+10,20655.91,,11639.43,0.00


----------------------------------------------------------------------------------------------------
REPORT:,CoilReportMonthly
FOR:,PSZ-AC_10:10 COOLING COIL
Custom Monthly Report

,,HEATING COIL HEATING ENERGY [],HEATING COIL HEATING RATE [],COOLING COIL TOTAL COOLING ENERGY [J],COOLING COIL SENSIBLE COOLING ENERGY [J],COOLING COIL TOTAL COOLING RATE {Maximum} [W],COOLING COIL TOTAL COOLING RATE {TIMESTAMP},COOLING COIL SENSIBLE COOLING RATE {AT MAX/MIN} [W],COOLING COIL WETTED AREA FRACTION []
,January,0.00,0.00,0.00,0.00,0.00,01-JAN-00:03,0.00,0.00
,February,0.00,0.00,0.00,0.00,0.00,01-FEB-00:03,0.00,0.00
,March,0.00,0.00,0.00,0.00,0.00,01-MAR-00:05,0.00,0.00
,April,0.00,0.00,176504.61,176504.61,135.36,30-APR-16:00,135.36,0.00
,May,0.00,0.00,0.914097E+09,0.695708E+09,9834.26,31-MAY-12:20,6403.80,0.00
,June,0.00,0.00,0.370571E+10,0.260081E+10,21519.68,17-JUN-20:34,10080.98,0.00
,July,0.00,0.00,0.844571E+10,0.559158E+10,21602.16,11-JUL-22:12,9426.52,0.00
,August,0.00,0.00,0.628062E+10,0.418522E+10,21104.73,19-AUG-01:17,10433.74,0.00
,September,0.00,0.00,0.269655E+10,0.181081E+10,21261.00,10-SEP-17:30,10314.82,0.00
,October,0.00,0.00,0.402012E+09,0.266742E+09,20322.81,04-OCT-20:32,11620.68,0.00
,November,0.00,0.00,0.00,0.00,0.00,01-NOV-00:10,0.00,0.00
,December,0.00,0.00,0.00,0.00,0.00,01-DEC-00:05,0.00,0.00
,,,,,,,,,
,Annual Sum or Average,0.00,0.00,0.224449E+11,0.151510E+11,,,,0.00
,Minimum of Months,0.00,0.00,0.00,0.00,0.00,,0.00,0.00
,Maximum of Months,0.00,0.00,0.844571E+10,0.559158E+10,21602.16,,11620.68,0.00


----------------------------------------------------------------------------------------------------
REPORT:,FanReportMonthly
FOR:,PSZ-AC_1:1_ADDAQ_UNITARY_PACKAGE_FAN
Custom Monthly Report

,,FAN ELECTRICITY ENERGY [J],FAN RISE IN AIR TEMPERATURE [deltaC],FAN ELECTRICITY RATE {Maximum} [W],FAN ELECTRICITY RATE {TIMESTAMP},FAN RISE IN AIR TEMPERATURE {AT MAX/MIN} [deltaC]
,January,0.153323E+10,0.63,1216.95,05-JAN-19:18,0.82
,February,0.142908E+10,0.64,1252.03,24-FEB-19:08,0.84
,March,0.138345E+10,0.56,1148.56,07-MAR-10:30,0.80
,April,0.119000E+10,0.49,822.72,04-APR-08:70,0.67
,May,0.110673E+10,0.38,734.04,01-MAY-08:07,0.62
,June,0.105940E+10,0.37,1391.05,02-JUN-00:31,0.86
,July,0.114647E+10,0.39,1491.16,01-JUL-23:09,0.89
,August,0.110614E+10,0.38,1491.16,19-AUG-00:18,0.89
,September,0.106404E+10,0.37,1370.91,02-SEP-05:32,0.85
,October,0.114587E+10,0.40,1021.25,04-OCT-23:14,0.74
,November,0.126357E+10,0.51,901.97,23-NOV-09:44,0.70
,December,0.148715E+10,0.60,1264.96,24-DEC-21:48,0.84
,,,,,,
,Annual Sum or Average,0.149151E+11,0.48,,,
,Minimum of Months,0.105940E+10,0.37,734.04,,0.62
,Maximum of Months,0.153323E+10,0.64,1491.16,,0.89


----------------------------------------------------------------------------------------------------
REPORT:,FanReportMonthly
FOR:,PSZ-AC_2:2_ADDAQ_UNITARY_PACKAGE_FAN
Custom Monthly Report

,,FAN ELECTRICITY ENERGY [J],FAN RISE IN AIR TEMPERATURE [deltaC],FAN ELECTRICITY RATE {Maximum} [W],FAN ELECTRICITY RATE {TIMESTAMP},FAN RISE IN AIR TEMPERATURE {AT MAX/MIN} [deltaC]
,January,0.602237E+09,0.51,660.14,23-JAN-18:48,0.87
,February,0.561720E+09,0.53,563.06,01-FEB-18:00,0.81
,March,0.542708E+09,0.43,563.96,04-MAR-10:10,0.81
,April,0.461164E+09,0.35,468.39,23-APR-14:45,0.73
,May,0.444525E+09,0.33,374.98,08-MAY-08:10,0.64
,June,0.466891E+09,0.37,614.66,02-JUN-00:31,0.83
,July,0.515940E+09,0.38,644.21,26-JUL-05:42,0.84
,August,0.497037E+09,0.37,638.82,16-AUG-05:52,0.84
,September,0.448468E+09,0.36,534.99,02-SEP-23:12,0.77
,October,0.445111E+09,0.32,456.11,28-OCT-16:05,0.72
,November,0.490341E+09,0.36,490.41,17-NOV-09:14,0.75
,December,0.578254E+09,0.47,591.01,14-DEC-10:13,0.83
,,,,,,
,Annual Sum or Average,0.605440E+10,0.40,,,
,Minimum of Months,0.444525E+09,0.32,374.98,,0.64
,Maximum of Months,0.602237E+09,0.53,660.14,,0.87


----------------------------------------------------------------------------------------------------
REPORT:,FanReportMonthly
FOR:,PSZ-AC_3:3_ADDAQ_UNITARY_PACKAGE_FAN
Custom Monthly Report

,,FAN ELECTRICITY ENERGY [J],FAN RISE IN AIR TEMPERATURE [deltaC],FAN ELECTRICITY RATE {Maximum} [W],FAN ELECTRICITY RATE {TIMESTAMP},FAN RISE IN AIR TEMPERATURE {AT MAX/MIN} [deltaC]
,January,0.634668E+09,0.61,655.32,23-JAN-18:03,0.87
,February,0.592739E+09,0.63,720.66,10-FEB-10:37,0.91
,March,0.573959E+09,0.51,640.59,02-MAR-19:08,0.86
,April,0.487671E+09,0.39,485.03,04-APR-13:54,0.74
,May,0.459545E+09,0.31,463.97,09-MAY-07:14,0.72
,June,0.453143E+09,0.32,627.02,02-JUN-22:42,0.83
,July,0.487282E+09,0.34,675.21,02-JUL-17:10,0.87
,August,0.481290E+09,0.34,657.05,19-AUG-00:12,0.85
,September,0.445562E+09,0.32,565.40,02-SEP-01:02,0.79
,October,0.470301E+09,0.32,401.99,29-OCT-08:70,0.67
,November,0.522528E+09,0.43,523.20,16-NOV-08:53,0.77
,December,0.609182E+09,0.56,609.68,14-DEC-20:59,0.84
,,,,,,
,Annual Sum or Average,0.621787E+10,0.42,,,
,Minimum of Months,0.445562E+09,0.31,401.99,,0.67
,Maximum of Months,0.634668E+09,0.63,720.66,,0.91


----------------------------------------------------------------------------------------------------
REPORT:,FanReportMonthly
FOR:,PSZ-AC_4:4_ADDAQ_UNITARY_PACKAGE_FAN
Custom Monthly Report

,,FAN ELECTRICITY ENERGY [J],FAN RISE IN AIR TEMPERATURE [deltaC],FAN ELECTRICITY RATE {Maximum} [W],FAN ELECTRICITY RATE {TIMESTAMP},FAN RISE IN AIR TEMPERATURE {AT MAX/MIN} [deltaC]
,January,0.636343E+09,0.62,657.70,12-JAN-10:18,0.87
,February,0.594300E+09,0.63,697.54,06-FEB-10:47,0.90
,March,0.575989E+09,0.52,614.79,03-MAR-19:29,0.84
,April,0.489616E+09,0.40,483.28,19-APR-07:44,0.74
,May,0.460156E+09,0.32,545.40,23-MAY-21:31,0.78
,June,0.452563E+09,0.32,576.97,17-JUN-21:02,0.80
,July,0.485748E+09,0.34,663.60,02-JUL-17:10,0.86
,August,0.478016E+09,0.33,609.47,19-AUG-18:10,0.83
,September,0.444830E+09,0.31,629.75,03-SEP-17:10,0.84
,October,0.471432E+09,0.33,410.70,19-OCT-07:07,0.67
,November,0.524919E+09,0.44,476.93,16-NOV-12:14,0.74
,December,0.611150E+09,0.57,569.38,30-DEC-18:41,0.81
,,,,,,
,Annual Sum or Average,0.622506E+10,0.43,,,
,Minimum of Months,0.444830E+09,0.31,410.70,,0.67
,Maximum of Months,0.636343E+09,0.63,697.54,,0.90


----------------------------------------------------------------------------------------------------
REPORT:,FanReportMonthly
FOR:,PSZ-AC_5:5_ADDAQ_UNITARY_PACKAGE_FAN
Custom Monthly Report

,,FAN ELECTRICITY ENERGY [J],FAN RISE IN AIR TEMPERATURE [deltaC],FAN ELECTRICITY RATE {Maximum} [W],FAN ELECTRICITY RATE {TIMESTAMP},FAN RISE IN AIR TEMPERATURE {AT MAX/MIN} [deltaC]
,January,0.637965E+09,0.62,657.55,30-JAN-10:38,0.87
,February,0.595724E+09,0.63,695.14,06-FEB-10:57,0.89
,March,0.577587E+09,0.52,614.91,07-MAR-09:29,0.84
,April,0.490817E+09,0.40,477.45,04-APR-16:04,0.74
,May,0.460600E+09,0.32,527.22,25-MAY-20:38,0.78
,June,0.451774E+09,0.32,582.43,30-JUN-00:03,0.81
,July,0.484296E+09,0.34,660.36,02-JUL-17:10,0.86
,August,0.476762E+09,0.33,646.07,29-AUG-22:02,0.85
,September,0.444108E+09,0.31,655.76,02-SEP-04:42,0.85
,October,0.472130E+09,0.33,539.42,04-OCT-22:08,0.78
,November,0.526566E+09,0.45,475.76,26-NOV-18:00,0.74
,December,0.613133E+09,0.58,617.19,21-DEC-19:00,0.84
,,,,,,
,Annual Sum or Average,0.623146E+10,0.43,,,
,Minimum of Months,0.444108E+09,0.31,475.76,,0.74
,Maximum of Months,0.637965E+09,0.63,695.14,,0.89


----------------------------------------------------------------------------------------------------
REPORT:,FanReportMonthly
FOR:,PSZ-AC_6:6_ADDAQ_UNITARY_PACKAGE_FAN
Custom Monthly Report

,,FAN ELECTRICITY ENERGY [J],FAN RISE IN AIR TEMPERATURE [deltaC],FAN ELECTRICITY RATE {Maximum} [W],FAN ELECTRICITY RATE {TIMESTAMP},FAN RISE IN AIR TEMPERATURE {AT MAX/MIN} [deltaC]
,January,0.114109E+10,0.60,1248.57,24-JAN-19:38,0.83
,February,0.106484E+10,0.60,1346.68,07-FEB-11:47,0.87
,March,0.103082E+10,0.50,964.59,03-MAR-12:10,0.73
,April,0.873971E+09,0.38,934.44,06-APR-08:24,0.71
,May,0.820713E+09,0.28,1175.18,23-MAY-21:40,0.80
,June,0.814123E+09,0.29,1236.67,17-JUN-21:02,0.81
,July,0.889790E+09,0.31,1336.70,02-JUL-17:10,0.85
,August,0.866886E+09,0.30,1296.09,09-AUG-05:51,0.83
,September,0.796946E+09,0.28,1307.01,02-SEP-03:12,0.83
,October,0.840449E+09,0.30,959.95,04-OCT-22:02,0.72
,November,0.939178E+09,0.43,909.88,26-NOV-18:00,0.71
,December,0.109481E+10,0.55,1266.80,16-DEC-11:28,0.84
,,,,,,
,Annual Sum or Average,0.111736E+11,0.40,,,
,Minimum of Months,0.796946E+09,0.28,909.88,,0.71
,Maximum of Months,0.114109E+10,0.60,1346.68,,0.87


----------------------------------------------------------------------------------------------------
REPORT:,FanReportMonthly
FOR:,PSZ-AC_7:7_ADDAQ_UNITARY_PACKAGE_FAN
Custom Monthly Report

,,FAN ELECTRICITY ENERGY [J],FAN RISE IN AIR TEMPERATURE [deltaC],FAN ELECTRICITY RATE {Maximum} [W],FAN ELECTRICITY RATE {TIMESTAMP},FAN RISE IN AIR TEMPERATURE {AT MAX/MIN} [deltaC]
,January,0.592537E+09,0.61,658.36,31-JAN-11:48,0.87
,February,0.553272E+09,0.63,644.78,02-FEB-20:48,0.86
,March,0.534732E+09,0.51,581.87,12-MAR-10:44,0.82
,April,0.452020E+09,0.39,486.60,03-APR-08:14,0.74
,May,0.424610E+09,0.29,587.68,23-MAY-21:41,0.81
,June,0.420732E+09,0.30,639.89,02-JUN-22:45,0.84
,July,0.462148E+09,0.33,698.86,02-JUL-17:10,0.88
,August,0.448716E+09,0.32,653.59,19-AUG-18:10,0.86
,September,0.411933E+09,0.29,665.62,03-SEP-17:10,0.87
,October,0.434717E+09,0.31,481.53,26-OCT-14:14,0.74
,November,0.486710E+09,0.44,497.15,17-NOV-09:53,0.75
,December,0.568819E+09,0.57,655.11,16-DEC-11:42,0.87
,,,,,,
,Annual Sum or Average,0.579095E+10,0.41,,,
,Minimum of Months,0.411933E+09,0.29,481.53,,0.74
,Maximum of Months,0.592537E+09,0.63,698.86,,0.88


----------------------------------------------------------------------------------------------------
REPORT:,FanReportMonthly
FOR:,PSZ-AC_8:8_ADDAQ_UNITARY_PACKAGE_FAN
Custom Monthly Report

,,FAN ELECTRICITY ENERGY [J],FAN RISE IN AIR TEMPERATURE [deltaC],FAN ELECTRICITY RATE {Maximum} [W],FAN ELECTRICITY RATE {TIMESTAMP},FAN RISE IN AIR TEMPERATURE {AT MAX/MIN} [deltaC]
,January,0.593112E+09,0.62,651.18,24-JAN-10:48,0.87
,February,0.553777E+09,0.63,622.51,08-FEB-19:19,0.85
,March,0.535272E+09,0.51,617.82,13-MAR-19:59,0.85
,April,0.452614E+09,0.39,477.34,03-APR-14:54,0.74
,May,0.424702E+09,0.30,577.40,25-MAY-20:39,0.81
,June,0.420368E+09,0.30,632.31,02-JUN-22:45,0.84
,July,0.460040E+09,0.33,727.01,13-JUL-05:22,0.89
,August,0.447213E+09,0.31,693.29,16-AUG-05:52,0.87
,September,0.411950E+09,0.29,656.74,03-SEP-17:10,0.86
,October,0.434711E+09,0.31,455.69,28-OCT-15:55,0.72
,November,0.486997E+09,0.44,517.81,16-NOV-09:13,0.77
,December,0.569290E+09,0.57,644.44,21-DEC-11:28,0.86
,,,,,,
,Annual Sum or Average,0.579004E+10,0.42,,,
,Minimum of Months,0.411950E+09,0.29,455.69,,0.72
,Maximum of Months,0.593112E+09,0.63,727.01,,0.89


----------------------------------------------------------------------------------------------------
REPORT:,FanReportMonthly
FOR:,PSZ-AC_9:9_ADDAQ_UNITARY_PACKAGE_FAN
Custom Monthly Report

,,FAN ELECTRICITY ENERGY [J],FAN RISE IN AIR TEMPERATURE [deltaC],FAN ELECTRICITY RATE {Maximum} [W],FAN ELECTRICITY RATE {TIMESTAMP},FAN RISE IN AIR TEMPERATURE {AT MAX/MIN} [deltaC]
,January,0.597741E+09,0.63,627.05,05-JAN-20:20,0.85
,February,0.558317E+09,0.64,638.06,24-FEB-20:08,0.86
,March,0.540912E+09,0.53,633.29,02-MAR-18:18,0.86
,April,0.456381E+09,0.41,484.41,03-APR-08:43,0.74
,May,0.425387E+09,0.30,376.60,24-MAY-20:40,0.64
,June,0.417305E+09,0.30,733.90,18-JUN-20:40,0.90
,July,0.456264E+09,0.32,692.21,26-JUL-00:42,0.87
,August,0.443499E+09,0.31,682.60,29-AUG-21:08,0.87
,September,0.410594E+09,0.29,641.59,03-SEP-17:10,0.85
,October,0.436890E+09,0.32,480.29,04-OCT-22:02,0.73
,November,0.490071E+09,0.46,588.73,26-NOV-11:09,0.82
,December,0.573884E+09,0.58,581.73,22-DEC-18:39,0.82
,,,,,,
,Annual Sum or Average,0.580724E+10,0.42,,,
,Minimum of Months,0.410594E+09,0.29,376.60,,0.64
,Maximum of Months,0.597741E+09,0.64,733.90,,0.90


----------------------------------------------------------------------------------------------------
REPORT:,FanReportMonthly
FOR:,PSZ-AC_10:10_ADDAQ_UNITARY_PACKAGE_FAN
Custom Monthly Report

,,FAN ELECTRICITY ENERGY [J],FAN RISE IN AIR TEMPERATURE [deltaC],FAN ELECTRICITY RATE {Maximum} [W],FAN ELECTRICITY RATE {TIMESTAMP},FAN RISE IN AIR TEMPERATURE {AT MAX/MIN} [deltaC]
,January,0.685923E+09,0.63,806.71,24-JAN-05:42,0.94
,February,0.642979E+09,0.63,806.71,02-FEB-01:42,0.94
,March,0.615044E+09,0.58,806.71,03-MAR-07:42,0.94
,April,0.507741E+09,0.51,508.79,06-APR-09:54,0.74
,May,0.453984E+09,0.35,439.54,13-MAY-08:25,0.68
,June,0.429977E+09,0.29,548.45,01-JUN-21:12,0.76
,July,0.467725E+09,0.31,806.71,02-JUL-17:10,0.92
,August,0.454237E+09,0.30,678.86,10-AUG-21:18,0.85
,September,0.427942E+09,0.29,581.69,13-SEP-22:00,0.79
,October,0.469127E+09,0.38,523.38,26-OCT-09:13,0.75
,November,0.544081E+09,0.54,512.31,26-NOV-18:00,0.75
,December,0.654195E+09,0.61,806.71,17-DEC-22:02,0.94
,,,,,,
,Annual Sum or Average,0.635295E+10,0.45,,,
,Minimum of Months,0.427942E+09,0.29,439.54,,0.68
,Maximum of Months,0.685923E+09,0.63,806.71,,0.94


----------------------------------------------------------------------------------------------------
REPORT:,ZoneTemperatureOscillationReportMonthly
FOR:,LGSTORE1
Custom Monthly Report

,,ZONE OSCILLATING TEMPERATURES TIME {HOURS NON-ZERO} [HOURS],ZONE PEOPLE OCCUPANT COUNT {FOR HOURS SHOWN} []
,January,0.00,0.00
,February,0.00,0.00
,March,0.00,0.00
,April,0.00,0.00
,May,0.00,0.00
,June,0.00,0.00
,July,0.00,0.00
,August,0.00,0.00
,September,0.00,0.00
,October,0.00,0.00
,November,0.00,0.00
,December,0.00,0.00
,,,
,Annual Sum or Average,0.00,
,Minimum of Months,0.00,0.00
,Maximum of Months,0.00,0.00


----------------------------------------------------------------------------------------------------
REPORT:,ZoneTemperatureOscillationReportMonthly
FOR:,SMSTORE1
Custom Monthly Report

,,ZONE OSCILLATING TEMPERATURES TIME {HOURS NON-ZERO} [HOURS],ZONE PEOPLE OCCUPANT COUNT {FOR HOURS SHOWN} []
,January,0.00,0.00
,February,0.00,0.00
,March,0.00,0.00
,April,0.00,0.00
,May,0.00,0.00
,June,0.00,0.00
,July,0.00,0.00
,August,0.00,0.00
,September,0.00,0.00
,October,0.00,0.00
,November,0.00,0.00
,December,0.00,0.00
,,,
,Annual Sum or Average,0.00,
,Minimum of Months,0.00,0.00
,Maximum of Months,0.00,0.00


----------------------------------------------------------------------------------------------------
REPORT:,ZoneTemperatureOscillationReportMonthly
FOR:,SMSTORE2
Custom Monthly Report

,,ZONE OSCILLATING TEMPERATURES TIME {HOURS NON-ZERO} [HOURS],ZONE PEOPLE OCCUPANT COUNT {FOR HOURS SHOWN} []
,January,0.00,0.00
,February,0.00,0.00
,March,0.00,0.00
,April,0.00,0.00
,May,0.00,0.00
,June,0.00,0.00
,July,0.00,0.00
,August,0.00,0.00
,September,0.00,0.00
,October,0.00,0.00
,November,0.00,0.00
,December,0.00,0.00
,,,
,Annual Sum or Average,0.00,
,Minimum of Months,0.00,0.00
,Maximum of Months,0.00,0.00


----------------------------------------------------------------------------------------------------
REPORT:,ZoneTemperatureOscillationReportMonthly
FOR:,SMSTORE3
Custom Monthly Report

,,ZONE OSCILLATING TEMPERATURES TIME {HOURS NON-ZERO} [HOURS],ZONE PEOPLE OCCUPANT COUNT {FOR HOURS SHOWN} []
,January,0.00,0.00
,February,0.00,0.00
,March,0.00,0.00
,April,0.00,0.00
,May,0.00,0.00
,June,0.00,0.00
,July,0.00,0.00
,August,0.00,0.00
,September,0.00,0.00
,October,0.00,0.00
,November,0.00,0.00
,December,0.00,0.00
,,,
,Annual Sum or Average,0.00,
,Minimum of Months,0.00,0.00
,Maximum of Months,0.00,0.00


----------------------------------------------------------------------------------------------------
REPORT:,ZoneTemperatureOscillationReportMonthly
FOR:,SMSTORE4
Custom Monthly Report

,,ZONE OSCILLATING TEMPERATURES TIME {HOURS NON-ZERO} [HOURS],ZONE PEOPLE OCCUPANT COUNT {FOR HOURS SHOWN} []
,January,0.00,0.00
,February,0.00,0.00
,March,0.00,0.00
,April,0.00,0.00
,May,0.00,0.00
,June,0.00,0.00
,July,0.00,0.00
,August,0.00,0.00
,September,0.00,0.00
,October,0.00,0.00
,November,0.00,0.00
,December,0.00,0.00
,,,
,Annual Sum or Average,0.00,
,Minimum of Months,0.00,0.00
,Maximum of Months,0.00,0.00


----------------------------------------------------------------------------------------------------
REPORT:,ZoneTemperatureOscillationReportMonthly
FOR:,LGSTORE2
Custom Monthly Report

,,ZONE OSCILLATING TEMPERATURES TIME {HOURS NON-ZERO} [HOURS],ZONE PEOPLE OCCUPANT COUNT {FOR HOURS SHOWN} []
,January,0.00,0.00
,February,0.00,0.00
,March,0.00,0.00
,April,0.00,0.00
,May,0.00,0.00
,June,0.00,0.00
,July,0.00,0.00
,August,0.00,0.00
,September,0.00,0.00
,October,0.00,0.00
,November,0.00,0.00
,December,0.00,0.00
,,,
,Annual Sum or Average,0.00,
,Minimum of Months,0.00,0.00
,Maximum of Months,0.00,0.00


----------------------------------------------------------------------------------------------------
REPORT:,ZoneTemperatureOscillationReportMonthly
FOR:,SMSTORE5
Custom Monthly Report

,,ZONE OSCILLATING TEMPERATURES TIME {HOURS NON-ZERO} [HOURS],ZONE PEOPLE OCCUPANT COUNT {FOR HOURS SHOWN} []
,January,0.00,0.00
,February,0.00,0.00
,March,0.00,0.00
,April,0.00,0.00
,May,0.00,0.00
,June,0.00,0.00
,July,0.00,0.00
,August,0.00,0.00
,September,0.00,0.00
,October,0.00,0.00
,November,0.00,0.00
,December,0.00,0.00
,,,
,Annual Sum or Average,0.00,
,Minimum of Months,0.00,0.00
,Maximum of Months,0.00,0.00


----------------------------------------------------------------------------------------------------
REPORT:,ZoneTemperatureOscillationReportMonthly
FOR:,SMSTORE6
Custom Monthly Report

,,ZONE OSCILLATING TEMPERATURES TIME {HOURS NON-ZERO} [HOURS],ZONE PEOPLE OCCUPANT COUNT {FOR HOURS SHOWN} []
,January,0.00,0.00
,February,0.00,0.00
,March,0.00,0.00
,April,0.00,0.00
,May,0.00,0.00
,June,0.00,0.00
,July,0.00,0.00
,August,0.00,0.00
,September,0.00,0.00
,October,0.00,0.00
,November,0.00,0.00
,December,0.00,0.00
,,,
,Annual Sum or Average,0.00,
,Minimum of Months,0.00,0.00
,Maximum of Months,0.00,0.00


----------------------------------------------------------------------------------------------------
REPORT:,ZoneTemperatureOscillationReportMonthly
FOR:,SMSTORE7
Custom Monthly Report

,,ZONE OSCILLATING TEMPERATURES TIME {HOURS NON-ZERO} [HOURS],ZONE PEOPLE OCCUPANT COUNT {FOR HOURS SHOWN} []
,January,0.00,0.00
,February,0.00,0.00
,March,0.00,0.00
,April,0.00,0.00
,May,0.00,0.00
,June,0.00,0.00
,July,0.00,0.00
,August,0.00,0.00
,September,0.00,0.00
,October,0.00,0.00
,November,0.00,0.00
,December,0.00,0.00
,,,
,Annual Sum or Average,0.00,
,Minimum of Months,0.00,0.00
,Maximum of Months,0.00,0.00


----------------------------------------------------------------------------------------------------
REPORT:,ZoneTemperatureOscillationReportMonthly
FOR:,SMSTORE8
Custom Monthly Report

,,ZONE OSCILLATING TEMPERATURES TIME {HOURS NON-ZERO} [HOURS],ZONE PEOPLE OCCUPANT COUNT {FOR HOURS SHOWN} []
,January,0.00,0.00
,February,0.00,0.00
,March,0.00,0.00
,April,0.00,0.00
,May,0.00,0.00
,June,0.00,0.00
,July,0.00,0.00
,August,0.00,0.00
,September,0.00,0.00
,October,0.00,0.00
,November,0.00,0.00
,December,0.00,0.00
,,,
,Annual Sum or Average,0.00,
,Minimum of Months,0.00,0.00
,Maximum of Months,0.00,0.00


----------------------------------------------------------------------------------------------------
REPORT:,AirLoopSystemEnergyAndWaterUseMonthly
FOR:,PSZ-AC_1:1
Custom Monthly Report

,,AIR SYSTEM HOT WATER ENERGY [J],AIR SYSTEM STEAM ENERGY [J],AIR SYSTEM CHILLED WATER ENERGY [J],AIR SYSTEM ELECTRICITY ENERGY [J],AIR SYSTEM NATURAL GAS ENERGY [],AIR SYSTEM WATER VOLUME [m3]
,January,0.00,0.00,0.00,0.153323E+10,0.00,0.00
,February,0.00,0.00,0.00,0.142908E+10,0.00,0.00
,March,0.00,0.00,0.00,0.138345E+10,0.00,0.00
,April,0.00,0.00,0.00,0.119480E+10,0.00,0.00
,May,0.00,0.00,0.00,0.162507E+10,0.00,0.00
,June,0.00,0.00,0.00,0.308439E+10,0.00,0.00
,July,0.00,0.00,0.00,0.544791E+10,0.00,0.00
,August,0.00,0.00,0.00,0.422516E+10,0.00,0.00
,September,0.00,0.00,0.00,0.244168E+10,0.00,0.00
,October,0.00,0.00,0.00,0.136802E+10,0.00,0.00
,November,0.00,0.00,0.00,0.126357E+10,0.00,0.00
,December,0.00,0.00,0.00,0.148715E+10,0.00,0.00
,,,,,,,
,Annual Sum or Average,0.00,0.00,0.00,0.264835E+11,0.00,0.00
,Minimum of Months,0.00,0.00,0.00,0.119480E+10,0.00,0.00
,Maximum of Months,0.00,0.00,0.00,0.544791E+10,0.00,0.00


----------------------------------------------------------------------------------------------------
REPORT:,AirLoopSystemEnergyAndWaterUseMonthly
FOR:,PSZ-AC_2:2
Custom Monthly Report

,,AIR SYSTEM HOT WATER ENERGY [J],AIR SYSTEM STEAM ENERGY [J],AIR SYSTEM CHILLED WATER ENERGY [J],AIR SYSTEM ELECTRICITY ENERGY [J],AIR SYSTEM NATURAL GAS ENERGY [],AIR SYSTEM WATER VOLUME [m3]
,January,0.00,0.00,0.00,0.602237E+09,0.00,0.00
,February,0.00,0.00,0.00,0.561720E+09,0.00,0.00
,March,0.00,0.00,0.00,0.542708E+09,0.00,0.00
,April,0.00,0.00,0.00,0.468617E+09,0.00,0.00
,May,0.00,0.00,0.00,0.797494E+09,0.00,0.00
,June,0.00,0.00,0.00,0.176323E+10,0.00,0.00
,July,0.00,0.00,0.00,0.295744E+10,0.00,0.00
,August,0.00,0.00,0.00,0.237534E+10,0.00,0.00
,September,0.00,0.00,0.00,0.132988E+10,0.00,0.00
,October,0.00,0.00,0.00,0.605901E+09,0.00,0.00
,November,0.00,0.00,0.00,0.490341E+09,0.00,0.00
,December,0.00,0.00,0.00,0.578254E+09,0.00,0.00
,,,,,,,
,Annual Sum or Average,0.00,0.00,0.00,0.130732E+11,0.00,0.00
,Minimum of Months,0.00,0.00,0.00,0.468617E+09,0.00,0.00
,Maximum of Months,0.00,0.00,0.00,0.295744E+10,0.00,0.00


----------------------------------------------------------------------------------------------------
REPORT:,AirLoopSystemEnergyAndWaterUseMonthly
FOR:,PSZ-AC_3:3
Custom Monthly Report

,,AIR SYSTEM HOT WATER ENERGY [J],AIR SYSTEM STEAM ENERGY [J],AIR SYSTEM CHILLED WATER ENERGY [J],AIR SYSTEM ELECTRICITY ENERGY [J],AIR SYSTEM NATURAL GAS ENERGY [],AIR SYSTEM WATER VOLUME [m3]
,January,0.00,0.00,0.00,0.634668E+09,0.00,0.00
,February,0.00,0.00,0.00,0.592739E+09,0.00,0.00
,March,0.00,0.00,0.00,0.573959E+09,0.00,0.00
,April,0.00,0.00,0.00,0.488652E+09,0.00,0.00
,May,0.00,0.00,0.00,0.732427E+09,0.00,0.00
,June,0.00,0.00,0.00,0.144620E+10,0.00,0.00
,July,0.00,0.00,0.00,0.245848E+10,0.00,0.00
,August,0.00,0.00,0.00,0.195565E+10,0.00,0.00
,September,0.00,0.00,0.00,0.110550E+10,0.00,0.00
,October,0.00,0.00,0.00,0.586491E+09,0.00,0.00
,November,0.00,0.00,0.00,0.522528E+09,0.00,0.00
,December,0.00,0.00,0.00,0.609182E+09,0.00,0.00
,,,,,,,
,Annual Sum or Average,0.00,0.00,0.00,0.117065E+11,0.00,0.00
,Minimum of Months,0.00,0.00,0.00,0.488652E+09,0.00,0.00
,Maximum of Months,0.00,0.00,0.00,0.245848E+10,0.00,0.00


----------------------------------------------------------------------------------------------------
REPORT:,AirLoopSystemEnergyAndWaterUseMonthly
FOR:,PSZ-AC_4:4
Custom Monthly Report

,,AIR SYSTEM HOT WATER ENERGY [J],AIR SYSTEM STEAM ENERGY [J],AIR SYSTEM CHILLED WATER ENERGY [J],AIR SYSTEM ELECTRICITY ENERGY [J],AIR SYSTEM NATURAL GAS ENERGY [],AIR SYSTEM WATER VOLUME [m3]
,January,0.00,0.00,0.00,0.636343E+09,0.00,0.00
,February,0.00,0.00,0.00,0.594300E+09,0.00,0.00
,March,0.00,0.00,0.00,0.575989E+09,0.00,0.00
,April,0.00,0.00,0.00,0.490337E+09,0.00,0.00
,May,0.00,0.00,0.00,0.725260E+09,0.00,0.00
,June,0.00,0.00,0.00,0.142770E+10,0.00,0.00
,July,0.00,0.00,0.00,0.243105E+10,0.00,0.00
,August,0.00,0.00,0.00,0.193569E+10,0.00,0.00
,September,0.00,0.00,0.00,0.109237E+10,0.00,0.00
,October,0.00,0.00,0.00,0.584648E+09,0.00,0.00
,November,0.00,0.00,0.00,0.524919E+09,0.00,0.00
,December,0.00,0.00,0.00,0.611150E+09,0.00,0.00
,,,,,,,
,Annual Sum or Average,0.00,0.00,0.00,0.116298E+11,0.00,0.00
,Minimum of Months,0.00,0.00,0.00,0.490337E+09,0.00,0.00
,Maximum of Months,0.00,0.00,0.00,0.243105E+10,0.00,0.00


----------------------------------------------------------------------------------------------------
REPORT:,AirLoopSystemEnergyAndWaterUseMonthly
FOR:,PSZ-AC_5:5
Custom Monthly Report

,,AIR SYSTEM HOT WATER ENERGY [J],AIR SYSTEM STEAM ENERGY [J],AIR SYSTEM CHILLED WATER ENERGY [J],AIR SYSTEM ELECTRICITY ENERGY [J],AIR SYSTEM NATURAL GAS ENERGY [],AIR SYSTEM WATER VOLUME [m3]
,January,0.00,0.00,0.00,0.637965E+09,0.00,0.00
,February,0.00,0.00,0.00,0.595724E+09,0.00,0.00
,March,0.00,0.00,0.00,0.577587E+09,0.00,0.00
,April,0.00,0.00,0.00,0.491398E+09,0.00,0.00
,May,0.00,0.00,0.00,0.718167E+09,0.00,0.00
,June,0.00,0.00,0.00,0.140523E+10,0.00,0.00
,July,0.00,0.00,0.00,0.239062E+10,0.00,0.00
,August,0.00,0.00,0.00,0.190431E+10,0.00,0.00
,September,0.00,0.00,0.00,0.107774E+10,0.00,0.00
,October,0.00,0.00,0.00,0.580315E+09,0.00,0.00
,November,0.00,0.00,0.00,0.526566E+09,0.00,0.00
,December,0.00,0.00,0.00,0.613133E+09,0.00,0.00
,,,,,,,
,Annual Sum or Average,0.00,0.00,0.00,0.115188E+11,0.00,0.00
,Minimum of Months,0.00,0.00,0.00,0.491398E+09,0.00,0.00
,Maximum of Months,0.00,0.00,0.00,0.239062E+10,0.00,0.00


----------------------------------------------------------------------------------------------------
REPORT:,AirLoopSystemEnergyAndWaterUseMonthly
FOR:,PSZ-AC_6:6
Custom Monthly Report

,,AIR SYSTEM HOT WATER ENERGY [J],AIR SYSTEM STEAM ENERGY [J],AIR SYSTEM CHILLED WATER ENERGY [J],AIR SYSTEM ELECTRICITY ENERGY [J],AIR SYSTEM NATURAL GAS ENERGY [],AIR SYSTEM WATER VOLUME [m3]
,January,0.00,0.00,0.00,0.114109E+10,0.00,0.00
,February,0.00,0.00,0.00,0.106484E+10,0.00,0.00
,March,0.00,0.00,0.00,0.103082E+10,0.00,0.00
,April,0.00,0.00,0.00,0.876139E+09,0.00,0.00
,May,0.00,0.00,0.00,0.131335E+10,0.00,0.00
,June,0.00,0.00,0.00,0.263501E+10,0.00,0.00
,July,0.00,0.00,0.00,0.450809E+10,0.00,0.00
,August,0.00,0.00,0.00,0.359587E+10,0.00,0.00
,September,0.00,0.00,0.00,0.200437E+10,0.00,0.00
,October,0.00,0.00,0.00,0.105452E+10,0.00,0.00
,November,0.00,0.00,0.00,0.939178E+09,0.00,0.00
,December,0.00,0.00,0.00,0.109481E+10,0.00,0.00
,,,,,,,
,Annual Sum or Average,0.00,0.00,0.00,0.212581E+11,0.00,0.00
,Minimum of Months,0.00,0.00,0.00,0.876139E+09,0.00,0.00
,Maximum of Months,0.00,0.00,0.00,0.450809E+10,0.00,0.00


----------------------------------------------------------------------------------------------------
REPORT:,AirLoopSystemEnergyAndWaterUseMonthly
FOR:,PSZ-AC_7:7
Custom Monthly Report

,,AIR SYSTEM HOT WATER ENERGY [J],AIR SYSTEM STEAM ENERGY [J],AIR SYSTEM CHILLED WATER ENERGY [J],AIR SYSTEM ELECTRICITY ENERGY [J],AIR SYSTEM NATURAL GAS ENERGY [],AIR SYSTEM WATER VOLUME [m3]
,January,0.00,0.00,0.00,0.592537E+09,0.00,0.00
,February,0.00,0.00,0.00,0.553272E+09,0.00,0.00
,March,0.00,0.00,0.00,0.534732E+09,0.00,0.00
,April,0.00,0.00,0.00,0.452928E+09,0.00,0.00
,May,0.00,0.00,0.00,0.682421E+09,0.00,0.00
,June,0.00,0.00,0.00,0.136933E+10,0.00,0.00
,July,0.00,0.00,0.00,0.234754E+10,0.00,0.00
,August,0.00,0.00,0.00,0.187284E+10,0.00,0.00
,September,0.00,0.00,0.00,0.104643E+10,0.00,0.00
,October,0.00,0.00,0.00,0.548289E+09,0.00,0.00
,November,0.00,0.00,0.00,0.486710E+09,0.00,0.00
,December,0.00,0.00,0.00,0.568819E+09,0.00,0.00
,,,,,,,
,Annual Sum or Average,0.00,0.00,0.00,0.110559E+11,0.00,0.00
,Minimum of Months,0.00,0.00,0.00,0.452928E+09,0.00,0.00
,Maximum of Months,0.00,0.00,0.00,0.234754E+10,0.00,0.00


----------------------------------------------------------------------------------------------------
REPORT:,AirLoopSystemEnergyAndWaterUseMonthly
FOR:,PSZ-AC_8:8
Custom Monthly Report

,,AIR SYSTEM HOT WATER ENERGY [J],AIR SYSTEM STEAM ENERGY [J],AIR SYSTEM CHILLED WATER ENERGY [J],AIR SYSTEM ELECTRICITY ENERGY [J],AIR SYSTEM NATURAL GAS ENERGY [],AIR SYSTEM WATER VOLUME [m3]
,January,0.00,0.00,0.00,0.593112E+09,0.00,0.00
,February,0.00,0.00,0.00,0.553777E+09,0.00,0.00
,March,0.00,0.00,0.00,0.535272E+09,0.00,0.00
,April,0.00,0.00,0.00,0.453433E+09,0.00,0.00
,May,0.00,0.00,0.00,0.672860E+09,0.00,0.00
,June,0.00,0.00,0.00,0.134741E+10,0.00,0.00
,July,0.00,0.00,0.00,0.232147E+10,0.00,0.00
,August,0.00,0.00,0.00,0.185273E+10,0.00,0.00
,September,0.00,0.00,0.00,0.103762E+10,0.00,0.00
,October,0.00,0.00,0.00,0.544507E+09,0.00,0.00
,November,0.00,0.00,0.00,0.486997E+09,0.00,0.00
,December,0.00,0.00,0.00,0.569290E+09,0.00,0.00
,,,,,,,
,Annual Sum or Average,0.00,0.00,0.00,0.109685E+11,0.00,0.00
,Minimum of Months,0.00,0.00,0.00,0.453433E+09,0.00,0.00
,Maximum of Months,0.00,0.00,0.00,0.232147E+10,0.00,0.00


----------------------------------------------------------------------------------------------------
REPORT:,AirLoopSystemEnergyAndWaterUseMonthly
FOR:,PSZ-AC_9:9
Custom Monthly Report

,,AIR SYSTEM HOT WATER ENERGY [J],AIR SYSTEM STEAM ENERGY [J],AIR SYSTEM CHILLED WATER ENERGY [J],AIR SYSTEM ELECTRICITY ENERGY [J],AIR SYSTEM NATURAL GAS ENERGY [],AIR SYSTEM WATER VOLUME [m3]
,January,0.00,0.00,0.00,0.597741E+09,0.00,0.00
,February,0.00,0.00,0.00,0.558317E+09,0.00,0.00
,March,0.00,0.00,0.00,0.540912E+09,0.00,0.00
,April,0.00,0.00,0.00,0.456951E+09,0.00,0.00
,May,0.00,0.00,0.00,0.650934E+09,0.00,0.00
,June,0.00,0.00,0.00,0.128031E+10,0.00,0.00
,July,0.00,0.00,0.00,0.225541E+10,0.00,0.00
,August,0.00,0.00,0.00,0.179313E+10,0.00,0.00
,September,0.00,0.00,0.00,0.100545E+10,0.00,0.00
,October,0.00,0.00,0.00,0.534572E+09,0.00,0.00
,November,0.00,0.00,0.00,0.490071E+09,0.00,0.00
,December,0.00,0.00,0.00,0.573884E+09,0.00,0.00
,,,,,,,
,Annual Sum or Average,0.00,0.00,0.00,0.107377E+11,0.00,0.00
,Minimum of Months,0.00,0.00,0.00,0.456951E+09,0.00,0.00
,Maximum of Months,0.00,0.00,0.00,0.225541E+10,0.00,0.00


----------------------------------------------------------------------------------------------------
REPORT:,AirLoopSystemEnergyAndWaterUseMonthly
FOR:,PSZ-AC_10:10
Custom Monthly Report

,,AIR SYSTEM HOT WATER ENERGY [J],AIR SYSTEM STEAM ENERGY [J],AIR SYSTEM CHILLED WATER ENERGY [J],AIR SYSTEM ELECTRICITY ENERGY [J],AIR SYSTEM NATURAL GAS ENERGY [],AIR SYSTEM WATER VOLUME [m3]
,January,0.00,0.00,0.00,0.685923E+09,0.00,0.00
,February,0.00,0.00,0.00,0.642979E+09,0.00,0.00
,March,0.00,0.00,0.00,0.615044E+09,0.00,0.00
,April,0.00,0.00,0.00,0.507786E+09,0.00,0.00
,May,0.00,0.00,0.00,0.656832E+09,0.00,0.00
,June,0.00,0.00,0.00,0.122118E+10,0.00,0.00
,July,0.00,0.00,0.00,0.221853E+10,0.00,0.00
,August,0.00,0.00,0.00,0.176089E+10,0.00,0.00
,September,0.00,0.00,0.00,0.994515E+09,0.00,0.00
,October,0.00,0.00,0.00,0.557683E+09,0.00,0.00
,November,0.00,0.00,0.00,0.544081E+09,0.00,0.00
,December,0.00,0.00,0.00,0.654195E+09,0.00,0.00
,,,,,,,
,Annual Sum or Average,0.00,0.00,0.00,0.110596E+11,0.00,0.00
,Minimum of Months,0.00,0.00,0.00,0.507786E+09,0.00,0.00
,Maximum of Months,0.00,0.00,0.00,0.221853E+10,0.00,0.00


----------------------------------------------------------------------------------------------------
REPORT:,AirLoopSystemComponentLoadsMonthly
FOR:,PSZ-AC_1:1
Custom Monthly Report

,,AIR SYSTEM FAN AIR HEATING ENERGY [J],AIR SYSTEM COOLING COIL TOTAL COOLING ENERGY [J],AIR SYSTEM HEATING COIL TOTAL HEATING ENERGY [J],AIR SYSTEM HEAT EXCHANGER TOTAL HEATING ENERGY [J],AIR SYSTEM HEAT EXCHANGER TOTAL COOLING ENERGY [J],AIR SYSTEM HUMIDIFIER TOTAL HEATING ENERGY [J],AIR SYSTEM EVAPORATIVE COOLER TOTAL COOLING ENERGY [J],AIR SYSTEM DESICCANT DEHUMIDIFIER TOTAL COOLING ENERGY [J]
,January,0.153323E+10,0.00,0.440056E+11,0.00,0.00,0.00,0.00,0.00
,February,0.142908E+10,0.00,0.439820E+11,0.00,0.00,0.00,0.00,0.00
,March,0.138345E+10,0.00,0.287917E+11,0.00,0.00,0.00,0.00,0.00
,April,0.119000E+10,19401152.22,0.137751E+11,0.00,0.00,0.00,0.00,0.00
,May,0.110673E+10,0.233944E+10,0.242307E+10,0.00,0.00,0.00,0.00,0.00
,June,0.105940E+10,0.938020E+10,0.00,0.00,0.00,0.00,0.00,0.00
,July,0.114647E+10,0.204382E+11,0.00,0.00,0.00,0.00,0.00,0.00
,August,0.110614E+10,0.146785E+11,0.00,0.00,0.00,0.00,0.00,0.00
,September,0.106404E+10,0.642445E+10,0.488262E+09,0.00,0.00,0.00,0.00,0.00
,October,0.114587E+10,0.100267E+10,0.630533E+10,0.00,0.00,0.00,0.00,0.00
,November,0.126357E+10,0.00,0.215324E+11,0.00,0.00,0.00,0.00,0.00
,December,0.148715E+10,0.00,0.392279E+11,0.00,0.00,0.00,0.00,0.00
,,,,,,,,,
,Annual Sum or Average,0.149151E+11,0.542829E+11,0.200531E+12,0.00,0.00,0.00,0.00,0.00
,Minimum of Months,0.105940E+10,0.00,0.00,0.00,0.00,0.00,0.00,0.00
,Maximum of Months,0.153323E+10,0.204382E+11,0.440056E+11,0.00,0.00,0.00,0.00,0.00


----------------------------------------------------------------------------------------------------
REPORT:,AirLoopSystemComponentLoadsMonthly
FOR:,PSZ-AC_2:2
Custom Monthly Report

,,AIR SYSTEM FAN AIR HEATING ENERGY [J],AIR SYSTEM COOLING COIL TOTAL COOLING ENERGY [J],AIR SYSTEM HEATING COIL TOTAL HEATING ENERGY [J],AIR SYSTEM HEAT EXCHANGER TOTAL HEATING ENERGY [J],AIR SYSTEM HEAT EXCHANGER TOTAL COOLING ENERGY [J],AIR SYSTEM HUMIDIFIER TOTAL HEATING ENERGY [J],AIR SYSTEM EVAPORATIVE COOLER TOTAL COOLING ENERGY [J],AIR SYSTEM DESICCANT DEHUMIDIFIER TOTAL COOLING ENERGY [J]
,January,0.602237E+09,0.00,0.156545E+11,0.00,0.00,0.00,0.00,0.00
,February,0.561720E+09,0.00,0.157302E+11,0.00,0.00,0.00,0.00,0.00
,March,0.542708E+09,0.00,0.976496E+10,0.00,0.00,0.00,0.00,0.00
,April,0.461164E+09,30109036.41,0.425984E+10,0.00,0.00,0.00,0.00,0.00
,May,0.444525E+09,0.154807E+10,0.463692E+09,0.00,0.00,0.00,0.00,0.00
,June,0.466891E+09,0.569237E+10,0.00,0.00,0.00,0.00,0.00,0.00
,July,0.515940E+09,0.110404E+11,0.00,0.00,0.00,0.00,0.00,0.00
,August,0.497037E+09,0.838568E+10,0.00,0.00,0.00,0.00,0.00,0.00
,September,0.448468E+09,0.389286E+10,52049373.01,0.00,0.00,0.00,0.00,0.00
,October,0.445111E+09,0.699046E+09,0.167039E+10,0.00,0.00,0.00,0.00,0.00
,November,0.490341E+09,0.00,0.737031E+10,0.00,0.00,0.00,0.00,0.00
,December,0.578254E+09,0.00,0.138168E+11,0.00,0.00,0.00,0.00,0.00
,,,,,,,,,
,Annual Sum or Average,0.605440E+10,0.312885E+11,0.687826E+11,0.00,0.00,0.00,0.00,0.00
,Minimum of Months,0.444525E+09,0.00,0.00,0.00,0.00,0.00,0.00,0.00
,Maximum of Months,0.602237E+09,0.110404E+11,0.157302E+11,0.00,0.00,0.00,0.00,0.00


----------------------------------------------------------------------------------------------------
REPORT:,AirLoopSystemComponentLoadsMonthly
FOR:,PSZ-AC_3:3
Custom Monthly Report

,,AIR SYSTEM FAN AIR HEATING ENERGY [J],AIR SYSTEM COOLING COIL TOTAL COOLING ENERGY [J],AIR SYSTEM HEATING COIL TOTAL HEATING ENERGY [J],AIR SYSTEM HEAT EXCHANGER TOTAL HEATING ENERGY [J],AIR SYSTEM HEAT EXCHANGER TOTAL COOLING ENERGY [J],AIR SYSTEM HUMIDIFIER TOTAL HEATING ENERGY [J],AIR SYSTEM EVAPORATIVE COOLER TOTAL COOLING ENERGY [J],AIR SYSTEM DESICCANT DEHUMIDIFIER TOTAL COOLING ENERGY [J]
,January,0.634668E+09,0.00,0.175969E+11,0.00,0.00,0.00,0.00,0.00
,February,0.592739E+09,0.00,0.176367E+11,0.00,0.00,0.00,0.00,0.00
,March,0.573959E+09,0.00,0.111553E+11,0.00,0.00,0.00,0.00,0.00
,April,0.487671E+09,3877286.12,0.519742E+10,0.00,0.00,0.00,0.00,0.00
,May,0.459545E+09,0.121493E+10,0.726408E+09,0.00,0.00,0.00,0.00,0.00
,June,0.453143E+09,0.448262E+10,0.00,0.00,0.00,0.00,0.00,0.00
,July,0.487282E+09,0.911137E+10,0.00,0.00,0.00,0.00,0.00,0.00
,August,0.481290E+09,0.677802E+10,0.00,0.00,0.00,0.00,0.00,0.00
,September,0.445562E+09,0.300058E+10,0.123886E+09,0.00,0.00,0.00,0.00,0.00
,October,0.470301E+09,0.517882E+09,0.221190E+10,0.00,0.00,0.00,0.00,0.00
,November,0.522528E+09,0.00,0.855603E+10,0.00,0.00,0.00,0.00,0.00
,December,0.609182E+09,0.00,0.154898E+11,0.00,0.00,0.00,0.00,0.00
,,,,,,,,,
,Annual Sum or Average,0.621787E+10,0.251093E+11,0.786943E+11,0.00,0.00,0.00,0.00,0.00
,Minimum of Months,0.445562E+09,0.00,0.00,0.00,0.00,0.00,0.00,0.00
,Maximum of Months,0.634668E+09,0.911137E+10,0.176367E+11,0.00,0.00,0.00,0.00,0.00


----------------------------------------------------------------------------------------------------
REPORT:,AirLoopSystemComponentLoadsMonthly
FOR:,PSZ-AC_4:4
Custom Monthly Report

,,AIR SYSTEM FAN AIR HEATING ENERGY [J],AIR SYSTEM COOLING COIL TOTAL COOLING ENERGY [J],AIR SYSTEM HEATING COIL TOTAL HEATING ENERGY [J],AIR SYSTEM HEAT EXCHANGER TOTAL HEATING ENERGY [J],AIR SYSTEM HEAT EXCHANGER TOTAL COOLING ENERGY [J],AIR SYSTEM HUMIDIFIER TOTAL HEATING ENERGY [J],AIR SYSTEM EVAPORATIVE COOLER TOTAL COOLING ENERGY [J],AIR SYSTEM DESICCANT DEHUMIDIFIER TOTAL COOLING ENERGY [J]
,January,0.636343E+09,0.00,0.177123E+11,0.00,0.00,0.00,0.00,0.00
,February,0.594300E+09,0.00,0.177415E+11,0.00,0.00,0.00,0.00,0.00
,March,0.575989E+09,0.00,0.112983E+11,0.00,0.00,0.00,0.00,0.00
,April,0.489616E+09,2837138.21,0.534109E+10,0.00,0.00,0.00,0.00,0.00
,May,0.460156E+09,0.118027E+10,0.793121E+09,0.00,0.00,0.00,0.00,0.00
,June,0.452563E+09,0.440579E+10,0.00,0.00,0.00,0.00,0.00,0.00
,July,0.485748E+09,0.900664E+10,0.00,0.00,0.00,0.00,0.00,0.00
,August,0.478016E+09,0.670168E+10,0.00,0.00,0.00,0.00,0.00,0.00
,September,0.444830E+09,0.294615E+10,0.146869E+09,0.00,0.00,0.00,0.00,0.00
,October,0.471432E+09,0.502178E+09,0.232400E+10,0.00,0.00,0.00,0.00,0.00
,November,0.524919E+09,0.00,0.872765E+10,0.00,0.00,0.00,0.00,0.00
,December,0.611150E+09,0.00,0.156259E+11,0.00,0.00,0.00,0.00,0.00
,,,,,,,,,
,Annual Sum or Average,0.622506E+10,0.247455E+11,0.797107E+11,0.00,0.00,0.00,0.00,0.00
,Minimum of Months,0.444830E+09,0.00,0.00,0.00,0.00,0.00,0.00,0.00
,Maximum of Months,0.636343E+09,0.900664E+10,0.177415E+11,0.00,0.00,0.00,0.00,0.00


----------------------------------------------------------------------------------------------------
REPORT:,AirLoopSystemComponentLoadsMonthly
FOR:,PSZ-AC_5:5
Custom Monthly Report

,,AIR SYSTEM FAN AIR HEATING ENERGY [J],AIR SYSTEM COOLING COIL TOTAL COOLING ENERGY [J],AIR SYSTEM HEATING COIL TOTAL HEATING ENERGY [J],AIR SYSTEM HEAT EXCHANGER TOTAL HEATING ENERGY [J],AIR SYSTEM HEAT EXCHANGER TOTAL COOLING ENERGY [J],AIR SYSTEM HUMIDIFIER TOTAL HEATING ENERGY [J],AIR SYSTEM EVAPORATIVE COOLER TOTAL COOLING ENERGY [J],AIR SYSTEM DESICCANT DEHUMIDIFIER TOTAL COOLING ENERGY [J]
,January,0.637965E+09,0.00,0.178477E+11,0.00,0.00,0.00,0.00,0.00
,February,0.595724E+09,0.00,0.178611E+11,0.00,0.00,0.00,0.00,0.00
,March,0.577587E+09,0.00,0.114278E+11,0.00,0.00,0.00,0.00,0.00
,April,0.490817E+09,2283771.29,0.544256E+10,0.00,0.00,0.00,0.00,0.00
,May,0.460600E+09,0.114761E+10,0.842550E+09,0.00,0.00,0.00,0.00,0.00
,June,0.451774E+09,0.432149E+10,0.00,0.00,0.00,0.00,0.00,0.00
,July,0.484296E+09,0.885828E+10,0.00,0.00,0.00,0.00,0.00,0.00
,August,0.476762E+09,0.658384E+10,0.00,0.00,0.00,0.00,0.00,0.00
,September,0.444108E+09,0.288574E+10,0.158765E+09,0.00,0.00,0.00,0.00,0.00
,October,0.472130E+09,0.482791E+09,0.240942E+10,0.00,0.00,0.00,0.00,0.00
,November,0.526566E+09,0.00,0.885977E+10,0.00,0.00,0.00,0.00,0.00
,December,0.613133E+09,0.00,0.157822E+11,0.00,0.00,0.00,0.00,0.00
,,,,,,,,,
,Annual Sum or Average,0.623146E+10,0.242820E+11,0.806318E+11,0.00,0.00,0.00,0.00,0.00
,Minimum of Months,0.444108E+09,0.00,0.00,0.00,0.00,0.00,0.00,0.00
,Maximum of Months,0.637965E+09,0.885828E+10,0.178611E+11,0.00,0.00,0.00,0.00,0.00


----------------------------------------------------------------------------------------------------
REPORT:,AirLoopSystemComponentLoadsMonthly
FOR:,PSZ-AC_6:6
Custom Monthly Report

,,AIR SYSTEM FAN AIR HEATING ENERGY [J],AIR SYSTEM COOLING COIL TOTAL COOLING ENERGY [J],AIR SYSTEM HEATING COIL TOTAL HEATING ENERGY [J],AIR SYSTEM HEAT EXCHANGER TOTAL HEATING ENERGY [J],AIR SYSTEM HEAT EXCHANGER TOTAL COOLING ENERGY [J],AIR SYSTEM HUMIDIFIER TOTAL HEATING ENERGY [J],AIR SYSTEM EVAPORATIVE COOLER TOTAL COOLING ENERGY [J],AIR SYSTEM DESICCANT DEHUMIDIFIER TOTAL COOLING ENERGY [J]
,January,0.114109E+10,0.00,0.327763E+11,0.00,0.00,0.00,0.00,0.00
,February,0.106484E+10,0.00,0.327373E+11,0.00,0.00,0.00,0.00,0.00
,March,0.103082E+10,0.00,0.207237E+11,0.00,0.00,0.00,0.00,0.00
,April,0.873971E+09,8725421.99,0.968250E+10,0.00,0.00,0.00,0.00,0.00
,May,0.820713E+09,0.224949E+10,0.134323E+10,0.00,0.00,0.00,0.00,0.00
,June,0.814123E+09,0.844912E+10,0.00,0.00,0.00,0.00,0.00,0.00
,July,0.889790E+09,0.171390E+11,0.00,0.00,0.00,0.00,0.00,0.00
,August,0.866886E+09,0.128728E+11,0.00,0.00,0.00,0.00,0.00,0.00
,September,0.796946E+09,0.564066E+10,0.204178E+09,0.00,0.00,0.00,0.00,0.00
,October,0.840449E+09,0.977986E+09,0.410961E+10,0.00,0.00,0.00,0.00,0.00
,November,0.939178E+09,0.00,0.161254E+11,0.00,0.00,0.00,0.00,0.00
,December,0.109481E+10,0.00,0.288995E+11,0.00,0.00,0.00,0.00,0.00
,,,,,,,,,
,Annual Sum or Average,0.111736E+11,0.473378E+11,0.146602E+12,0.00,0.00,0.00,0.00,0.00
,Minimum of Months,0.796946E+09,0.00,0.00,0.00,0.00,0.00,0.00,0.00
,Maximum of Months,0.114109E+10,0.171390E+11,0.327763E+11,0.00,0.00,0.00,0.00,0.00


----------------------------------------------------------------------------------------------------
REPORT:,AirLoopSystemComponentLoadsMonthly
FOR:,PSZ-AC_7:7
Custom Monthly Report

,,AIR SYSTEM FAN AIR HEATING ENERGY [J],AIR SYSTEM COOLING COIL TOTAL COOLING ENERGY [J],AIR SYSTEM HEATING COIL TOTAL HEATING ENERGY [J],AIR SYSTEM HEAT EXCHANGER TOTAL HEATING ENERGY [J],AIR SYSTEM HEAT EXCHANGER TOTAL COOLING ENERGY [J],AIR SYSTEM HUMIDIFIER TOTAL HEATING ENERGY [J],AIR SYSTEM EVAPORATIVE COOLER TOTAL COOLING ENERGY [J],AIR SYSTEM DESICCANT DEHUMIDIFIER TOTAL COOLING ENERGY [J]
,January,0.592537E+09,0.00,0.166108E+11,0.00,0.00,0.00,0.00,0.00
,February,0.553272E+09,0.00,0.166098E+11,0.00,0.00,0.00,0.00,0.00
,March,0.534732E+09,0.00,0.104958E+11,0.00,0.00,0.00,0.00,0.00
,April,0.452020E+09,3631001.89,0.484669E+10,0.00,0.00,0.00,0.00,0.00
,May,0.424610E+09,0.117308E+10,0.664846E+09,0.00,0.00,0.00,0.00,0.00
,June,0.420732E+09,0.438715E+10,0.00,0.00,0.00,0.00,0.00,0.00
,July,0.462148E+09,0.889909E+10,0.00,0.00,0.00,0.00,0.00,0.00
,August,0.448716E+09,0.670359E+10,0.00,0.00,0.00,0.00,0.00,0.00
,September,0.411933E+09,0.295313E+10,91491876.11,0.00,0.00,0.00,0.00,0.00
,October,0.434717E+09,0.518437E+09,0.203765E+10,0.00,0.00,0.00,0.00,0.00
,November,0.486710E+09,0.00,0.814675E+10,0.00,0.00,0.00,0.00,0.00
,December,0.568819E+09,0.00,0.146786E+11,0.00,0.00,0.00,0.00,0.00
,,,,,,,,,
,Annual Sum or Average,0.579095E+10,0.246381E+11,0.741824E+11,0.00,0.00,0.00,0.00,0.00
,Minimum of Months,0.411933E+09,0.00,0.00,0.00,0.00,0.00,0.00,0.00
,Maximum of Months,0.592537E+09,0.889909E+10,0.166108E+11,0.00,0.00,0.00,0.00,0.00


----------------------------------------------------------------------------------------------------
REPORT:,AirLoopSystemComponentLoadsMonthly
FOR:,PSZ-AC_8:8
Custom Monthly Report

,,AIR SYSTEM FAN AIR HEATING ENERGY [J],AIR SYSTEM COOLING COIL TOTAL COOLING ENERGY [J],AIR SYSTEM HEATING COIL TOTAL HEATING ENERGY [J],AIR SYSTEM HEAT EXCHANGER TOTAL HEATING ENERGY [J],AIR SYSTEM HEAT EXCHANGER TOTAL COOLING ENERGY [J],AIR SYSTEM HUMIDIFIER TOTAL HEATING ENERGY [J],AIR SYSTEM EVAPORATIVE COOLER TOTAL COOLING ENERGY [J],AIR SYSTEM DESICCANT DEHUMIDIFIER TOTAL COOLING ENERGY [J]
,January,0.593112E+09,0.00,0.166561E+11,0.00,0.00,0.00,0.00,0.00
,February,0.553777E+09,0.00,0.166504E+11,0.00,0.00,0.00,0.00,0.00
,March,0.535272E+09,0.00,0.105425E+11,0.00,0.00,0.00,0.00,0.00
,April,0.452614E+09,3271453.83,0.489749E+10,0.00,0.00,0.00,0.00,0.00
,May,0.424702E+09,0.112800E+10,0.693058E+09,0.00,0.00,0.00,0.00,0.00
,June,0.420368E+09,0.429493E+10,0.00,0.00,0.00,0.00,0.00,0.00
,July,0.460040E+09,0.880218E+10,0.00,0.00,0.00,0.00,0.00,0.00
,August,0.447213E+09,0.662572E+10,0.00,0.00,0.00,0.00,0.00,0.00
,September,0.411950E+09,0.291303E+10,0.102254E+09,0.00,0.00,0.00,0.00,0.00
,October,0.434711E+09,0.499601E+09,0.207699E+10,0.00,0.00,0.00,0.00,0.00
,November,0.486997E+09,0.00,0.817543E+10,0.00,0.00,0.00,0.00,0.00
,December,0.569290E+09,0.00,0.147173E+11,0.00,0.00,0.00,0.00,0.00
,,,,,,,,,
,Annual Sum or Average,0.579004E+10,0.242667E+11,0.745115E+11,0.00,0.00,0.00,0.00,0.00
,Minimum of Months,0.411950E+09,0.00,0.00,0.00,0.00,0.00,0.00,0.00
,Maximum of Months,0.593112E+09,0.880218E+10,0.166561E+11,0.00,0.00,0.00,0.00,0.00


----------------------------------------------------------------------------------------------------
REPORT:,AirLoopSystemComponentLoadsMonthly
FOR:,PSZ-AC_9:9
Custom Monthly Report

,,AIR SYSTEM FAN AIR HEATING ENERGY [J],AIR SYSTEM COOLING COIL TOTAL COOLING ENERGY [J],AIR SYSTEM HEATING COIL TOTAL HEATING ENERGY [J],AIR SYSTEM HEAT EXCHANGER TOTAL HEATING ENERGY [J],AIR SYSTEM HEAT EXCHANGER TOTAL COOLING ENERGY [J],AIR SYSTEM HUMIDIFIER TOTAL HEATING ENERGY [J],AIR SYSTEM EVAPORATIVE COOLER TOTAL COOLING ENERGY [J],AIR SYSTEM DESICCANT DEHUMIDIFIER TOTAL COOLING ENERGY [J]
,January,0.597741E+09,0.00,0.170251E+11,0.00,0.00,0.00,0.00,0.00
,February,0.558317E+09,0.00,0.170084E+11,0.00,0.00,0.00,0.00,0.00
,March,0.540912E+09,0.00,0.109658E+11,0.00,0.00,0.00,0.00,0.00
,April,0.456381E+09,2267107.52,0.519057E+10,0.00,0.00,0.00,0.00,0.00
,May,0.425387E+09,0.102161E+10,0.804955E+09,0.00,0.00,0.00,0.00,0.00
,June,0.417305E+09,0.400364E+10,0.00,0.00,0.00,0.00,0.00,0.00
,July,0.456264E+09,0.854373E+10,0.00,0.00,0.00,0.00,0.00,0.00
,August,0.443499E+09,0.637218E+10,0.00,0.00,0.00,0.00,0.00,0.00
,September,0.410594E+09,0.277815E+10,0.141215E+09,0.00,0.00,0.00,0.00,0.00
,October,0.436890E+09,0.445725E+09,0.224007E+10,0.00,0.00,0.00,0.00,0.00
,November,0.490071E+09,0.00,0.842319E+10,0.00,0.00,0.00,0.00,0.00
,December,0.573884E+09,0.00,0.150743E+11,0.00,0.00,0.00,0.00,0.00
,,,,,,,,,
,Annual Sum or Average,0.580724E+10,0.231673E+11,0.768736E+11,0.00,0.00,0.00,0.00,0.00
,Minimum of Months,0.410594E+09,0.00,0.00,0.00,0.00,0.00,0.00,0.00
,Maximum of Months,0.597741E+09,0.854373E+10,0.170251E+11,0.00,0.00,0.00,0.00,0.00


----------------------------------------------------------------------------------------------------
REPORT:,AirLoopSystemComponentLoadsMonthly
FOR:,PSZ-AC_10:10
Custom Monthly Report

,,AIR SYSTEM FAN AIR HEATING ENERGY [J],AIR SYSTEM COOLING COIL TOTAL COOLING ENERGY [J],AIR SYSTEM HEATING COIL TOTAL HEATING ENERGY [J],AIR SYSTEM HEAT EXCHANGER TOTAL HEATING ENERGY [J],AIR SYSTEM HEAT EXCHANGER TOTAL COOLING ENERGY [J],AIR SYSTEM HUMIDIFIER TOTAL HEATING ENERGY [J],AIR SYSTEM EVAPORATIVE COOLER TOTAL COOLING ENERGY [J],AIR SYSTEM DESICCANT DEHUMIDIFIER TOTAL COOLING ENERGY [J]
,January,0.685923E+09,0.00,0.216578E+11,0.00,0.00,0.00,0.00,0.00
,February,0.642979E+09,0.00,0.215207E+11,0.00,0.00,0.00,0.00,0.00
,March,0.615044E+09,0.00,0.146552E+11,0.00,0.00,0.00,0.00,0.00
,April,0.507741E+09,176504.61,0.743914E+10,0.00,0.00,0.00,0.00,0.00
,May,0.453984E+09,0.914097E+09,0.150151E+10,0.00,0.00,0.00,0.00,0.00
,June,0.429977E+09,0.367628E+10,87460.92,0.00,0.00,0.00,0.00,0.00
,July,0.467725E+09,0.834458E+10,0.00,0.00,0.00,0.00,0.00,0.00
,August,0.454237E+09,0.619218E+10,0.00,0.00,0.00,0.00,0.00,0.00
,September,0.427942E+09,0.265566E+10,0.317448E+09,0.00,0.00,0.00,0.00,0.00
,October,0.469127E+09,0.401183E+09,0.329028E+10,0.00,0.00,0.00,0.00,0.00
,November,0.544081E+09,0.00,0.108263E+11,0.00,0.00,0.00,0.00,0.00
,December,0.654195E+09,0.00,0.191581E+11,0.00,0.00,0.00,0.00,0.00
,,,,,,,,,
,Annual Sum or Average,0.635295E+10,0.221842E+11,0.100367E+12,0.00,0.00,0.00,0.00,0.00
,Minimum of Months,0.427942E+09,0.00,0.00,0.00,0.00,0.00,0.00,0.00
,Maximum of Months,0.685923E+09,0.834458E+10,0.216578E+11,0.00,0.00,0.00,0.00,0.00


----------------------------------------------------------------------------------------------------
REPORT:,AirLoopSystemComponentEnergyUseMonthly
FOR:,PSZ-AC_1:1
Custom Monthly Report

,,AIR SYSTEM FAN ELECTRICITY ENERGY [J],AIR SYSTEM HEATING COIL HOT WATER ENERGY [J],AIR SYSTEM COOLING COIL CHILLED WATER ENERGY [J],AIR SYSTEM DX HEATING COIL ELECTRICITY ENERGY [J],AIR SYSTEM DX COOLING COIL ELECTRICITY ENERGY [J],AIR SYSTEM HEATING COIL ELECTRICITY ENERGY [J],AIR SYSTEM HEATING COIL NATURAL GAS ENERGY [],AIR SYSTEM HEATING COIL STEAM ENERGY [J],AIR SYSTEM HUMIDIFIER ELECTRICITY ENERGY [J],AIR SYSTEM HUMIDIFIER NATURAL GAS ENERGY [],AIR SYSTEM EVAPORATIVE COOLER ELECTRICITY ENERGY [J],AIR SYSTEM DESICCANT DEHUMIDIFIER ELECTRICITY ENERGY [J]
,January,0.153323E+10,0.00,0.00,0.00,0.00,0.00,0.00,0.00,0.00,0.00,0.00,0.00
,February,0.142908E+10,0.00,0.00,0.00,0.00,0.00,0.00,0.00,0.00,0.00,0.00,0.00
,March,0.138345E+10,0.00,0.00,0.00,0.00,0.00,0.00,0.00,0.00,0.00,0.00,0.00
,April,0.119000E+10,0.00,0.00,0.00,4800330.35,0.00,0.00,0.00,0.00,0.00,0.00,0.00
,May,0.110673E+10,0.00,0.00,0.00,0.518341E+09,0.00,0.00,0.00,0.00,0.00,0.00,0.00
,June,0.105940E+10,0.00,0.00,0.00,0.202500E+10,0.00,0.00,0.00,0.00,0.00,0.00,0.00
,July,0.114647E+10,0.00,0.00,0.00,0.430144E+10,0.00,0.00,0.00,0.00,0.00,0.00,0.00
,August,0.110614E+10,0.00,0.00,0.00,0.311902E+10,0.00,0.00,0.00,0.00,0.00,0.00,0.00
,September,0.106404E+10,0.00,0.00,0.00,0.137764E+10,0.00,0.00,0.00,0.00,0.00,0.00,0.00
,October,0.114587E+10,0.00,0.00,0.00,0.222152E+09,0.00,0.00,0.00,0.00,0.00,0.00,0.00
,November,0.126357E+10,0.00,0.00,0.00,0.00,0.00,0.00,0.00,0.00,0.00,0.00,0.00
,December,0.148715E+10,0.00,0.00,0.00,0.00,0.00,0.00,0.00,0.00,0.00,0.00,0.00
,,,,,,,,,,,,,
,Annual Sum or Average,0.149151E+11,0.00,0.00,0.00,0.115684E+11,0.00,0.00,0.00,0.00,0.00,0.00,0.00
,Minimum of Months,0.105940E+10,0.00,0.00,0.00,0.00,0.00,0.00,0.00,0.00,0.00,0.00,0.00
,Maximum of Months,0.153323E+10,0.00,0.00,0.00,0.430144E+10,0.00,0.00,0.00,0.00,0.00,0.00,0.00


----------------------------------------------------------------------------------------------------
REPORT:,AirLoopSystemComponentEnergyUseMonthly
FOR:,PSZ-AC_2:2
Custom Monthly Report

,,AIR SYSTEM FAN ELECTRICITY ENERGY [J],AIR SYSTEM HEATING COIL HOT WATER ENERGY [J],AIR SYSTEM COOLING COIL CHILLED WATER ENERGY [J],AIR SYSTEM DX HEATING COIL ELECTRICITY ENERGY [J],AIR SYSTEM DX COOLING COIL ELECTRICITY ENERGY [J],AIR SYSTEM HEATING COIL ELECTRICITY ENERGY [J],AIR SYSTEM HEATING COIL NATURAL GAS ENERGY [],AIR SYSTEM HEATING COIL STEAM ENERGY [J],AIR SYSTEM HUMIDIFIER ELECTRICITY ENERGY [J],AIR SYSTEM HUMIDIFIER NATURAL GAS ENERGY [],AIR SYSTEM EVAPORATIVE COOLER ELECTRICITY ENERGY [J],AIR SYSTEM DESICCANT DEHUMIDIFIER ELECTRICITY ENERGY [J]
,January,0.602237E+09,0.00,0.00,0.00,0.00,0.00,0.00,0.00,0.00,0.00,0.00,0.00
,February,0.561720E+09,0.00,0.00,0.00,0.00,0.00,0.00,0.00,0.00,0.00,0.00,0.00
,March,0.542708E+09,0.00,0.00,0.00,0.00,0.00,0.00,0.00,0.00,0.00,0.00,0.00
,April,0.461164E+09,0.00,0.00,0.00,7453123.07,0.00,0.00,0.00,0.00,0.00,0.00,0.00
,May,0.444525E+09,0.00,0.00,0.00,0.352969E+09,0.00,0.00,0.00,0.00,0.00,0.00,0.00
,June,0.466891E+09,0.00,0.00,0.00,0.129634E+10,0.00,0.00,0.00,0.00,0.00,0.00,0.00
,July,0.515940E+09,0.00,0.00,0.00,0.244150E+10,0.00,0.00,0.00,0.00,0.00,0.00,0.00
,August,0.497037E+09,0.00,0.00,0.00,0.187830E+10,0.00,0.00,0.00,0.00,0.00,0.00,0.00
,September,0.448468E+09,0.00,0.00,0.00,0.881409E+09,0.00,0.00,0.00,0.00,0.00,0.00,0.00
,October,0.445111E+09,0.00,0.00,0.00,0.160790E+09,0.00,0.00,0.00,0.00,0.00,0.00,0.00
,November,0.490341E+09,0.00,0.00,0.00,0.00,0.00,0.00,0.00,0.00,0.00,0.00,0.00
,December,0.578254E+09,0.00,0.00,0.00,0.00,0.00,0.00,0.00,0.00,0.00,0.00,0.00
,,,,,,,,,,,,,
,Annual Sum or Average,0.605440E+10,0.00,0.00,0.00,0.701876E+10,0.00,0.00,0.00,0.00,0.00,0.00,0.00
,Minimum of Months,0.444525E+09,0.00,0.00,0.00,0.00,0.00,0.00,0.00,0.00,0.00,0.00,0.00
,Maximum of Months,0.602237E+09,0.00,0.00,0.00,0.244150E+10,0.00,0.00,0.00,0.00,0.00,0.00,0.00


----------------------------------------------------------------------------------------------------
REPORT:,AirLoopSystemComponentEnergyUseMonthly
FOR:,PSZ-AC_3:3
Custom Monthly Report

,,AIR SYSTEM FAN ELECTRICITY ENERGY [J],AIR SYSTEM HEATING COIL HOT WATER ENERGY [J],AIR SYSTEM COOLING COIL CHILLED WATER ENERGY [J],AIR SYSTEM DX HEATING COIL ELECTRICITY ENERGY [J],AIR SYSTEM DX COOLING COIL ELECTRICITY ENERGY [J],AIR SYSTEM HEATING COIL ELECTRICITY ENERGY [J],AIR SYSTEM HEATING COIL NATURAL GAS ENERGY [],AIR SYSTEM HEATING COIL STEAM ENERGY [J],AIR SYSTEM HUMIDIFIER ELECTRICITY ENERGY [J],AIR SYSTEM HUMIDIFIER NATURAL GAS ENERGY [],AIR SYSTEM EVAPORATIVE COOLER ELECTRICITY ENERGY [J],AIR SYSTEM DESICCANT DEHUMIDIFIER ELECTRICITY ENERGY [J]
,January,0.634668E+09,0.00,0.00,0.00,0.00,0.00,0.00,0.00,0.00,0.00,0.00,0.00
,February,0.592739E+09,0.00,0.00,0.00,0.00,0.00,0.00,0.00,0.00,0.00,0.00,0.00
,March,0.573959E+09,0.00,0.00,0.00,0.00,0.00,0.00,0.00,0.00,0.00,0.00,0.00
,April,0.487671E+09,0.00,0.00,0.00,981385.98,0.00,0.00,0.00,0.00,0.00,0.00,0.00
,May,0.459545E+09,0.00,0.00,0.00,0.272882E+09,0.00,0.00,0.00,0.00,0.00,0.00,0.00
,June,0.453143E+09,0.00,0.00,0.00,0.993060E+09,0.00,0.00,0.00,0.00,0.00,0.00,0.00
,July,0.487282E+09,0.00,0.00,0.00,0.197120E+10,0.00,0.00,0.00,0.00,0.00,0.00,0.00
,August,0.481290E+09,0.00,0.00,0.00,0.147436E+10,0.00,0.00,0.00,0.00,0.00,0.00,0.00
,September,0.445562E+09,0.00,0.00,0.00,0.659934E+09,0.00,0.00,0.00,0.00,0.00,0.00,0.00
,October,0.470301E+09,0.00,0.00,0.00,0.116190E+09,0.00,0.00,0.00,0.00,0.00,0.00,0.00
,November,0.522528E+09,0.00,0.00,0.00,0.00,0.00,0.00,0.00,0.00,0.00,0.00,0.00
,December,0.609182E+09,0.00,0.00,0.00,0.00,0.00,0.00,0.00,0.00,0.00,0.00,0.00
,,,,,,,,,,,,,
,Annual Sum or Average,0.621787E+10,0.00,0.00,0.00,0.548861E+10,0.00,0.00,0.00,0.00,0.00,0.00,0.00
,Minimum of Months,0.445562E+09,0.00,0.00,0.00,0.00,0.00,0.00,0.00,0.00,0.00,0.00,0.00
,Maximum of Months,0.634668E+09,0.00,0.00,0.00,0.197120E+10,0.00,0.00,0.00,0.00,0.00,0.00,0.00


----------------------------------------------------------------------------------------------------
REPORT:,AirLoopSystemComponentEnergyUseMonthly
FOR:,PSZ-AC_4:4
Custom Monthly Report

,,AIR SYSTEM FAN ELECTRICITY ENERGY [J],AIR SYSTEM HEATING COIL HOT WATER ENERGY [J],AIR SYSTEM COOLING COIL CHILLED WATER ENERGY [J],AIR SYSTEM DX HEATING COIL ELECTRICITY ENERGY [J],AIR SYSTEM DX COOLING COIL ELECTRICITY ENERGY [J],AIR SYSTEM HEATING COIL ELECTRICITY ENERGY [J],AIR SYSTEM HEATING COIL NATURAL GAS ENERGY [],AIR SYSTEM HEATING COIL STEAM ENERGY [J],AIR SYSTEM HUMIDIFIER ELECTRICITY ENERGY [J],AIR SYSTEM HUMIDIFIER NATURAL GAS ENERGY [],AIR SYSTEM EVAPORATIVE COOLER ELECTRICITY ENERGY [J],AIR SYSTEM DESICCANT DEHUMIDIFIER ELECTRICITY ENERGY [J]
,January,0.636343E+09,0.00,0.00,0.00,0.00,0.00,0.00,0.00,0.00,0.00,0.00,0.00
,February,0.594300E+09,0.00,0.00,0.00,0.00,0.00,0.00,0.00,0.00,0.00,0.00,0.00
,March,0.575989E+09,0.00,0.00,0.00,0.00,0.00,0.00,0.00,0.00,0.00,0.00,0.00
,April,0.489616E+09,0.00,0.00,0.00,720838.01,0.00,0.00,0.00,0.00,0.00,0.00,0.00
,May,0.460156E+09,0.00,0.00,0.00,0.265104E+09,0.00,0.00,0.00,0.00,0.00,0.00,0.00
,June,0.452563E+09,0.00,0.00,0.00,0.975142E+09,0.00,0.00,0.00,0.00,0.00,0.00,0.00
,July,0.485748E+09,0.00,0.00,0.00,0.194530E+10,0.00,0.00,0.00,0.00,0.00,0.00,0.00
,August,0.478016E+09,0.00,0.00,0.00,0.145767E+10,0.00,0.00,0.00,0.00,0.00,0.00,0.00
,September,0.444830E+09,0.00,0.00,0.00,0.647544E+09,0.00,0.00,0.00,0.00,0.00,0.00,0.00
,October,0.471432E+09,0.00,0.00,0.00,0.113216E+09,0.00,0.00,0.00,0.00,0.00,0.00,0.00
,November,0.524919E+09,0.00,0.00,0.00,0.00,0.00,0.00,0.00,0.00,0.00,0.00,0.00
,December,0.611150E+09,0.00,0.00,0.00,0.00,0.00,0.00,0.00,0.00,0.00,0.00,0.00
,,,,,,,,,,,,,
,Annual Sum or Average,0.622506E+10,0.00,0.00,0.00,0.540470E+10,0.00,0.00,0.00,0.00,0.00,0.00,0.00
,Minimum of Months,0.444830E+09,0.00,0.00,0.00,0.00,0.00,0.00,0.00,0.00,0.00,0.00,0.00
,Maximum of Months,0.636343E+09,0.00,0.00,0.00,0.194530E+10,0.00,0.00,0.00,0.00,0.00,0.00,0.00


----------------------------------------------------------------------------------------------------
REPORT:,AirLoopSystemComponentEnergyUseMonthly
FOR:,PSZ-AC_5:5
Custom Monthly Report

,,AIR SYSTEM FAN ELECTRICITY ENERGY [J],AIR SYSTEM HEATING COIL HOT WATER ENERGY [J],AIR SYSTEM COOLING COIL CHILLED WATER ENERGY [J],AIR SYSTEM DX HEATING COIL ELECTRICITY ENERGY [J],AIR SYSTEM DX COOLING COIL ELECTRICITY ENERGY [J],AIR SYSTEM HEATING COIL ELECTRICITY ENERGY [J],AIR SYSTEM HEATING COIL NATURAL GAS ENERGY [],AIR SYSTEM HEATING COIL STEAM ENERGY [J],AIR SYSTEM HUMIDIFIER ELECTRICITY ENERGY [J],AIR SYSTEM HUMIDIFIER NATURAL GAS ENERGY [],AIR SYSTEM EVAPORATIVE COOLER ELECTRICITY ENERGY [J],AIR SYSTEM DESICCANT DEHUMIDIFIER ELECTRICITY ENERGY [J]
,January,0.637965E+09,0.00,0.00,0.00,0.00,0.00,0.00,0.00,0.00,0.00,0.00,0.00
,February,0.595724E+09,0.00,0.00,0.00,0.00,0.00,0.00,0.00,0.00,0.00,0.00,0.00
,March,0.577587E+09,0.00,0.00,0.00,0.00,0.00,0.00,0.00,0.00,0.00,0.00,0.00
,April,0.490817E+09,0.00,0.00,0.00,581021.60,0.00,0.00,0.00,0.00,0.00,0.00,0.00
,May,0.460600E+09,0.00,0.00,0.00,0.257567E+09,0.00,0.00,0.00,0.00,0.00,0.00,0.00
,June,0.451774E+09,0.00,0.00,0.00,0.953459E+09,0.00,0.00,0.00,0.00,0.00,0.00,0.00
,July,0.484296E+09,0.00,0.00,0.00,0.190632E+10,0.00,0.00,0.00,0.00,0.00,0.00,0.00
,August,0.476762E+09,0.00,0.00,0.00,0.142755E+10,0.00,0.00,0.00,0.00,0.00,0.00,0.00
,September,0.444108E+09,0.00,0.00,0.00,0.633630E+09,0.00,0.00,0.00,0.00,0.00,0.00,0.00
,October,0.472130E+09,0.00,0.00,0.00,0.108184E+09,0.00,0.00,0.00,0.00,0.00,0.00,0.00
,November,0.526566E+09,0.00,0.00,0.00,0.00,0.00,0.00,0.00,0.00,0.00,0.00,0.00
,December,0.613133E+09,0.00,0.00,0.00,0.00,0.00,0.00,0.00,0.00,0.00,0.00,0.00
,,,,,,,,,,,,,
,Annual Sum or Average,0.623146E+10,0.00,0.00,0.00,0.528730E+10,0.00,0.00,0.00,0.00,0.00,0.00,0.00
,Minimum of Months,0.444108E+09,0.00,0.00,0.00,0.00,0.00,0.00,0.00,0.00,0.00,0.00,0.00
,Maximum of Months,0.637965E+09,0.00,0.00,0.00,0.190632E+10,0.00,0.00,0.00,0.00,0.00,0.00,0.00


----------------------------------------------------------------------------------------------------
REPORT:,AirLoopSystemComponentEnergyUseMonthly
FOR:,PSZ-AC_6:6
Custom Monthly Report

,,AIR SYSTEM FAN ELECTRICITY ENERGY [J],AIR SYSTEM HEATING COIL HOT WATER ENERGY [J],AIR SYSTEM COOLING COIL CHILLED WATER ENERGY [J],AIR SYSTEM DX HEATING COIL ELECTRICITY ENERGY [J],AIR SYSTEM DX COOLING COIL ELECTRICITY ENERGY [J],AIR SYSTEM HEATING COIL ELECTRICITY ENERGY [J],AIR SYSTEM HEATING COIL NATURAL GAS ENERGY [],AIR SYSTEM HEATING COIL STEAM ENERGY [J],AIR SYSTEM HUMIDIFIER ELECTRICITY ENERGY [J],AIR SYSTEM HUMIDIFIER NATURAL GAS ENERGY [],AIR SYSTEM EVAPORATIVE COOLER ELECTRICITY ENERGY [J],AIR SYSTEM DESICCANT DEHUMIDIFIER ELECTRICITY ENERGY [J]
,January,0.114109E+10,0.00,0.00,0.00,0.00,0.00,0.00,0.00,0.00,0.00,0.00,0.00
,February,0.106484E+10,0.00,0.00,0.00,0.00,0.00,0.00,0.00,0.00,0.00,0.00,0.00
,March,0.103082E+10,0.00,0.00,0.00,0.00,0.00,0.00,0.00,0.00,0.00,0.00,0.00
,April,0.873971E+09,0.00,0.00,0.00,2168220.41,0.00,0.00,0.00,0.00,0.00,0.00,0.00
,May,0.820713E+09,0.00,0.00,0.00,0.492637E+09,0.00,0.00,0.00,0.00,0.00,0.00,0.00
,June,0.814123E+09,0.00,0.00,0.00,0.182088E+10,0.00,0.00,0.00,0.00,0.00,0.00,0.00
,July,0.889790E+09,0.00,0.00,0.00,0.361830E+10,0.00,0.00,0.00,0.00,0.00,0.00,0.00
,August,0.866886E+09,0.00,0.00,0.00,0.272898E+10,0.00,0.00,0.00,0.00,0.00,0.00,0.00
,September,0.796946E+09,0.00,0.00,0.00,0.120742E+10,0.00,0.00,0.00,0.00,0.00,0.00,0.00
,October,0.840449E+09,0.00,0.00,0.00,0.214070E+09,0.00,0.00,0.00,0.00,0.00,0.00,0.00
,November,0.939178E+09,0.00,0.00,0.00,0.00,0.00,0.00,0.00,0.00,0.00,0.00,0.00
,December,0.109481E+10,0.00,0.00,0.00,0.00,0.00,0.00,0.00,0.00,0.00,0.00,0.00
,,,,,,,,,,,,,
,Annual Sum or Average,0.111736E+11,0.00,0.00,0.00,0.100845E+11,0.00,0.00,0.00,0.00,0.00,0.00,0.00
,Minimum of Months,0.796946E+09,0.00,0.00,0.00,0.00,0.00,0.00,0.00,0.00,0.00,0.00,0.00
,Maximum of Months,0.114109E+10,0.00,0.00,0.00,0.361830E+10,0.00,0.00,0.00,0.00,0.00,0.00,0.00


----------------------------------------------------------------------------------------------------
REPORT:,AirLoopSystemComponentEnergyUseMonthly
FOR:,PSZ-AC_7:7
Custom Monthly Report

,,AIR SYSTEM FAN ELECTRICITY ENERGY [J],AIR SYSTEM HEATING COIL HOT WATER ENERGY [J],AIR SYSTEM COOLING COIL CHILLED WATER ENERGY [J],AIR SYSTEM DX HEATING COIL ELECTRICITY ENERGY [J],AIR SYSTEM DX COOLING COIL ELECTRICITY ENERGY [J],AIR SYSTEM HEATING COIL ELECTRICITY ENERGY [J],AIR SYSTEM HEATING COIL NATURAL GAS ENERGY [],AIR SYSTEM HEATING COIL STEAM ENERGY [J],AIR SYSTEM HUMIDIFIER ELECTRICITY ENERGY [J],AIR SYSTEM HUMIDIFIER NATURAL GAS ENERGY [],AIR SYSTEM EVAPORATIVE COOLER ELECTRICITY ENERGY [J],AIR SYSTEM DESICCANT DEHUMIDIFIER ELECTRICITY ENERGY [J]
,January,0.592537E+09,0.00,0.00,0.00,0.00,0.00,0.00,0.00,0.00,0.00,0.00,0.00
,February,0.553272E+09,0.00,0.00,0.00,0.00,0.00,0.00,0.00,0.00,0.00,0.00,0.00
,March,0.534732E+09,0.00,0.00,0.00,0.00,0.00,0.00,0.00,0.00,0.00,0.00,0.00
,April,0.452020E+09,0.00,0.00,0.00,908809.53,0.00,0.00,0.00,0.00,0.00,0.00,0.00
,May,0.424610E+09,0.00,0.00,0.00,0.257811E+09,0.00,0.00,0.00,0.00,0.00,0.00,0.00
,June,0.420732E+09,0.00,0.00,0.00,0.948603E+09,0.00,0.00,0.00,0.00,0.00,0.00,0.00
,July,0.462148E+09,0.00,0.00,0.00,0.188540E+10,0.00,0.00,0.00,0.00,0.00,0.00,0.00
,August,0.448716E+09,0.00,0.00,0.00,0.142412E+10,0.00,0.00,0.00,0.00,0.00,0.00,0.00
,September,0.411933E+09,0.00,0.00,0.00,0.634496E+09,0.00,0.00,0.00,0.00,0.00,0.00,0.00
,October,0.434717E+09,0.00,0.00,0.00,0.113573E+09,0.00,0.00,0.00,0.00,0.00,0.00,0.00
,November,0.486710E+09,0.00,0.00,0.00,0.00,0.00,0.00,0.00,0.00,0.00,0.00,0.00
,December,0.568819E+09,0.00,0.00,0.00,0.00,0.00,0.00,0.00,0.00,0.00,0.00,0.00
,,,,,,,,,,,,,
,Annual Sum or Average,0.579095E+10,0.00,0.00,0.00,0.526491E+10,0.00,0.00,0.00,0.00,0.00,0.00,0.00
,Minimum of Months,0.411933E+09,0.00,0.00,0.00,0.00,0.00,0.00,0.00,0.00,0.00,0.00,0.00
,Maximum of Months,0.592537E+09,0.00,0.00,0.00,0.188540E+10,0.00,0.00,0.00,0.00,0.00,0.00,0.00


----------------------------------------------------------------------------------------------------
REPORT:,AirLoopSystemComponentEnergyUseMonthly
FOR:,PSZ-AC_8:8
Custom Monthly Report

,,AIR SYSTEM FAN ELECTRICITY ENERGY [J],AIR SYSTEM HEATING COIL HOT WATER ENERGY [J],AIR SYSTEM COOLING COIL CHILLED WATER ENERGY [J],AIR SYSTEM DX HEATING COIL ELECTRICITY ENERGY [J],AIR SYSTEM DX COOLING COIL ELECTRICITY ENERGY [J],AIR SYSTEM HEATING COIL ELECTRICITY ENERGY [J],AIR SYSTEM HEATING COIL NATURAL GAS ENERGY [],AIR SYSTEM HEATING COIL STEAM ENERGY [J],AIR SYSTEM HUMIDIFIER ELECTRICITY ENERGY [J],AIR SYSTEM HUMIDIFIER NATURAL GAS ENERGY [],AIR SYSTEM EVAPORATIVE COOLER ELECTRICITY ENERGY [J],AIR SYSTEM DESICCANT DEHUMIDIFIER ELECTRICITY ENERGY [J]
,January,0.593112E+09,0.00,0.00,0.00,0.00,0.00,0.00,0.00,0.00,0.00,0.00,0.00
,February,0.553777E+09,0.00,0.00,0.00,0.00,0.00,0.00,0.00,0.00,0.00,0.00,0.00
,March,0.535272E+09,0.00,0.00,0.00,0.00,0.00,0.00,0.00,0.00,0.00,0.00,0.00
,April,0.452614E+09,0.00,0.00,0.00,819332.92,0.00,0.00,0.00,0.00,0.00,0.00,0.00
,May,0.424702E+09,0.00,0.00,0.00,0.248158E+09,0.00,0.00,0.00,0.00,0.00,0.00,0.00
,June,0.420368E+09,0.00,0.00,0.00,0.927046E+09,0.00,0.00,0.00,0.00,0.00,0.00,0.00
,July,0.460040E+09,0.00,0.00,0.00,0.186143E+10,0.00,0.00,0.00,0.00,0.00,0.00,0.00
,August,0.447213E+09,0.00,0.00,0.00,0.140552E+10,0.00,0.00,0.00,0.00,0.00,0.00,0.00
,September,0.411950E+09,0.00,0.00,0.00,0.625670E+09,0.00,0.00,0.00,0.00,0.00,0.00,0.00
,October,0.434711E+09,0.00,0.00,0.00,0.109796E+09,0.00,0.00,0.00,0.00,0.00,0.00,0.00
,November,0.486997E+09,0.00,0.00,0.00,0.00,0.00,0.00,0.00,0.00,0.00,0.00,0.00
,December,0.569290E+09,0.00,0.00,0.00,0.00,0.00,0.00,0.00,0.00,0.00,0.00,0.00
,,,,,,,,,,,,,
,Annual Sum or Average,0.579004E+10,0.00,0.00,0.00,0.517844E+10,0.00,0.00,0.00,0.00,0.00,0.00,0.00
,Minimum of Months,0.411950E+09,0.00,0.00,0.00,0.00,0.00,0.00,0.00,0.00,0.00,0.00,0.00
,Maximum of Months,0.593112E+09,0.00,0.00,0.00,0.186143E+10,0.00,0.00,0.00,0.00,0.00,0.00,0.00


----------------------------------------------------------------------------------------------------
REPORT:,AirLoopSystemComponentEnergyUseMonthly
FOR:,PSZ-AC_9:9
Custom Monthly Report

,,AIR SYSTEM FAN ELECTRICITY ENERGY [J],AIR SYSTEM HEATING COIL HOT WATER ENERGY [J],AIR SYSTEM COOLING COIL CHILLED WATER ENERGY [J],AIR SYSTEM DX HEATING COIL ELECTRICITY ENERGY [J],AIR SYSTEM DX COOLING COIL ELECTRICITY ENERGY [J],AIR SYSTEM HEATING COIL ELECTRICITY ENERGY [J],AIR SYSTEM HEATING COIL NATURAL GAS ENERGY [],AIR SYSTEM HEATING COIL STEAM ENERGY [J],AIR SYSTEM HUMIDIFIER ELECTRICITY ENERGY [J],AIR SYSTEM HUMIDIFIER NATURAL GAS ENERGY [],AIR SYSTEM EVAPORATIVE COOLER ELECTRICITY ENERGY [J],AIR SYSTEM DESICCANT DEHUMIDIFIER ELECTRICITY ENERGY [J]
,January,0.597741E+09,0.00,0.00,0.00,0.00,0.00,0.00,0.00,0.00,0.00,0.00,0.00
,February,0.558317E+09,0.00,0.00,0.00,0.00,0.00,0.00,0.00,0.00,0.00,0.00,0.00
,March,0.540912E+09,0.00,0.00,0.00,0.00,0.00,0.00,0.00,0.00,0.00,0.00,0.00
,April,0.456381E+09,0.00,0.00,0.00,569895.75,0.00,0.00,0.00,0.00,0.00,0.00,0.00
,May,0.425387E+09,0.00,0.00,0.00,0.225547E+09,0.00,0.00,0.00,0.00,0.00,0.00,0.00
,June,0.417305E+09,0.00,0.00,0.00,0.863004E+09,0.00,0.00,0.00,0.00,0.00,0.00,0.00
,July,0.456264E+09,0.00,0.00,0.00,0.179915E+10,0.00,0.00,0.00,0.00,0.00,0.00,0.00
,August,0.443499E+09,0.00,0.00,0.00,0.134963E+10,0.00,0.00,0.00,0.00,0.00,0.00,0.00
,September,0.410594E+09,0.00,0.00,0.00,0.594858E+09,0.00,0.00,0.00,0.00,0.00,0.00,0.00
,October,0.436890E+09,0.00,0.00,0.00,97681594.43,0.00,0.00,0.00,0.00,0.00,0.00,0.00
,November,0.490071E+09,0.00,0.00,0.00,0.00,0.00,0.00,0.00,0.00,0.00,0.00,0.00
,December,0.573884E+09,0.00,0.00,0.00,0.00,0.00,0.00,0.00,0.00,0.00,0.00,0.00
,,,,,,,,,,,,,
,Annual Sum or Average,0.580724E+10,0.00,0.00,0.00,0.493044E+10,0.00,0.00,0.00,0.00,0.00,0.00,0.00
,Minimum of Months,0.410594E+09,0.00,0.00,0.00,0.00,0.00,0.00,0.00,0.00,0.00,0.00,0.00
,Maximum of Months,0.597741E+09,0.00,0.00,0.00,0.179915E+10,0.00,0.00,0.00,0.00,0.00,0.00,0.00


----------------------------------------------------------------------------------------------------
REPORT:,AirLoopSystemComponentEnergyUseMonthly
FOR:,PSZ-AC_10:10
Custom Monthly Report

,,AIR SYSTEM FAN ELECTRICITY ENERGY [J],AIR SYSTEM HEATING COIL HOT WATER ENERGY [J],AIR SYSTEM COOLING COIL CHILLED WATER ENERGY [J],AIR SYSTEM DX HEATING COIL ELECTRICITY ENERGY [J],AIR SYSTEM DX COOLING COIL ELECTRICITY ENERGY [J],AIR SYSTEM HEATING COIL ELECTRICITY ENERGY [J],AIR SYSTEM HEATING COIL NATURAL GAS ENERGY [],AIR SYSTEM HEATING COIL STEAM ENERGY [J],AIR SYSTEM HUMIDIFIER ELECTRICITY ENERGY [J],AIR SYSTEM HUMIDIFIER NATURAL GAS ENERGY [],AIR SYSTEM EVAPORATIVE COOLER ELECTRICITY ENERGY [J],AIR SYSTEM DESICCANT DEHUMIDIFIER ELECTRICITY ENERGY [J]
,January,0.685923E+09,0.00,0.00,0.00,0.00,0.00,0.00,0.00,0.00,0.00,0.00,0.00
,February,0.642979E+09,0.00,0.00,0.00,0.00,0.00,0.00,0.00,0.00,0.00,0.00,0.00
,March,0.615044E+09,0.00,0.00,0.00,0.00,0.00,0.00,0.00,0.00,0.00,0.00,0.00
,April,0.507741E+09,0.00,0.00,0.00,45098.04,0.00,0.00,0.00,0.00,0.00,0.00,0.00
,May,0.453984E+09,0.00,0.00,0.00,0.202848E+09,0.00,0.00,0.00,0.00,0.00,0.00,0.00
,June,0.429977E+09,0.00,0.00,0.00,0.791208E+09,0.00,0.00,0.00,0.00,0.00,0.00,0.00
,July,0.467725E+09,0.00,0.00,0.00,0.175081E+10,0.00,0.00,0.00,0.00,0.00,0.00,0.00
,August,0.454237E+09,0.00,0.00,0.00,0.130665E+10,0.00,0.00,0.00,0.00,0.00,0.00,0.00
,September,0.427942E+09,0.00,0.00,0.00,0.566573E+09,0.00,0.00,0.00,0.00,0.00,0.00,0.00
,October,0.469127E+09,0.00,0.00,0.00,88556510.04,0.00,0.00,0.00,0.00,0.00,0.00,0.00
,November,0.544081E+09,0.00,0.00,0.00,0.00,0.00,0.00,0.00,0.00,0.00,0.00,0.00
,December,0.654195E+09,0.00,0.00,0.00,0.00,0.00,0.00,0.00,0.00,0.00,0.00,0.00
,,,,,,,,,,,,,
,Annual Sum or Average,0.635295E+10,0.00,0.00,0.00,0.470669E+10,0.00,0.00,0.00,0.00,0.00,0.00,0.00
,Minimum of Months,0.427942E+09,0.00,0.00,0.00,0.00,0.00,0.00,0.00,0.00,0.00,0.00,0.00
,Maximum of Months,0.685923E+09,0.00,0.00,0.00,0.175081E+10,0.00,0.00,0.00,0.00,0.00,0.00,0.00


----------------------------------------------------------------------------------------------------
REPORT:,MechanicalVentilationLoadsMonthly
FOR:,LGSTORE1
Custom Monthly Report

,,ZONE MECHANICAL VENTILATION NO LOAD HEAT REMOVAL ENERGY [J],ZONE MECHANICAL VENTILATION COOLING LOAD INCREASE ENERGY [J],ZONE MECHANICAL VENTILATION COOLING LOAD INCREASE DUE TO OVERHEATING ENERGY [J],ZONE MECHANICAL VENTILATION COOLING LOAD DECREASE ENERGY [J],ZONE MECHANICAL VENTILATION NO LOAD HEAT ADDITION ENERGY [J],ZONE MECHANICAL VENTILATION HEATING LOAD INCREASE ENERGY [J],ZONE MECHANICAL VENTILATION HEATING LOAD INCREASE DUE TO OVERCOOLING ENERGY [J],ZONE MECHANICAL VENTILATION HEATING LOAD DECREASE ENERGY [J],ZONE MECHANICAL VENTILATION AIR CHANGES PER HOUR [ach]
,January,0.860969E+10,0.00,0.00,0.00,0.00,0.287546E+11,0.00,0.00,0.99
,February,0.849534E+10,0.00,0.00,0.00,0.00,0.286284E+11,0.00,0.00,1.00
,March,0.131996E+11,0.00,0.00,0.00,9285926.73,0.142767E+11,0.00,0.00,0.96
,April,0.130583E+11,0.00,0.00,105740.88,0.00,0.427596E+10,36096569.82,0.00,0.92
,May,0.850351E+10,0.578809E+09,0.00,2252402.86,20838.82,57743307.46,0.836014E+09,0.00,0.90
,June,0.298875E+10,0.229604E+10,0.00,7094694.34,1689812.88,0.00,0.175726E+10,0.00,0.92
,July,0.218274E+09,0.631581E+10,0.00,8974363.67,3298688.28,0.00,0.121944E+10,0.00,0.95
,August,0.819514E+09,0.326592E+10,0.00,10092122.88,916062.63,0.00,0.219257E+10,0.00,0.93
,September,0.609779E+10,0.125846E+10,0.00,4034688.32,0.00,7178932.01,0.108590E+10,0.00,0.91
,October,0.122225E+11,63528739.06,0.00,1609596.16,0.00,0.101853E+10,0.447772E+09,0.00,0.90
,November,0.147789E+11,0.00,0.00,0.00,0.00,0.818948E+10,0.00,0.00,0.94
,December,0.107195E+11,0.00,0.00,0.00,0.00,0.237231E+11,0.00,0.00,0.98
,,,,,,,,,,
,Annual Sum or Average,0.997116E+11,0.137786E+11,0.00,34163609.11,15211329.34,0.108932E+12,0.757505E+10,0.00,0.94
,Minimum of Months,0.218274E+09,0.00,0.00,0.00,0.00,0.00,0.00,0.00,0.90
,Maximum of Months,0.147789E+11,0.631581E+10,0.00,10092122.88,9285926.73,0.287546E+11,0.219257E+10,0.00,1.00


----------------------------------------------------------------------------------------------------
REPORT:,MechanicalVentilationLoadsMonthly
FOR:,SMSTORE1
Custom Monthly Report

,,ZONE MECHANICAL VENTILATION NO LOAD HEAT REMOVAL ENERGY [J],ZONE MECHANICAL VENTILATION COOLING LOAD INCREASE ENERGY [J],ZONE MECHANICAL VENTILATION COOLING LOAD INCREASE DUE TO OVERHEATING ENERGY [J],ZONE MECHANICAL VENTILATION COOLING LOAD DECREASE ENERGY [J],ZONE MECHANICAL VENTILATION NO LOAD HEAT ADDITION ENERGY [J],ZONE MECHANICAL VENTILATION HEATING LOAD INCREASE ENERGY [J],ZONE MECHANICAL VENTILATION HEATING LOAD INCREASE DUE TO OVERCOOLING ENERGY [J],ZONE MECHANICAL VENTILATION HEATING LOAD DECREASE ENERGY [J],ZONE MECHANICAL VENTILATION AIR CHANGES PER HOUR [ach]
,January,0.462071E+10,0.00,0.00,0.00,0.00,0.894906E+10,0.00,0.00,0.72
,February,0.383532E+10,0.00,0.00,0.00,0.00,0.962511E+10,0.00,0.00,0.73
,March,0.499039E+10,0.00,0.00,0.00,3896350.38,0.497578E+10,0.00,0.00,0.71
,April,0.508312E+10,0.00,0.00,102444.61,0.00,0.118486E+10,49536800.52,0.00,0.67
,May,0.284013E+10,0.319457E+09,0.00,1336778.20,459517.60,5731305.71,0.486715E+09,0.00,0.69
,June,0.806511E+09,0.129359E+10,0.00,3032874.89,2251947.19,0.00,0.928970E+09,0.00,0.77
,July,27724061.04,0.328413E+10,0.00,2511144.61,1320459.28,0.00,0.338107E+09,0.00,0.82
,August,0.179916E+09,0.179801E+10,0.00,3912569.14,150941.64,0.00,0.746624E+09,0.00,0.80
,September,0.189524E+10,0.752783E+09,0.00,1967443.53,233626.08,0.00,0.657644E+09,0.00,0.73
,October,0.430699E+10,45247085.12,0.00,850919.42,0.00,0.229989E+09,0.286958E+09,0.00,0.67
,November,0.518011E+10,0.00,0.00,0.00,210989.30,0.318703E+10,0.00,0.00,0.69
,December,0.385959E+10,0.00,0.00,0.00,0.00,0.846444E+10,0.00,0.00,0.71
,,,,,,,,,,
,Annual Sum or Average,0.376257E+11,0.749321E+10,0.00,13714174.39,8523831.46,0.366220E+11,0.349455E+10,0.00,0.73
,Minimum of Months,27724061.04,0.00,0.00,0.00,0.00,0.00,0.00,0.00,0.67
,Maximum of Months,0.518011E+10,0.328413E+10,0.00,3912569.14,3896350.38,0.962511E+10,0.928970E+09,0.00,0.82


----------------------------------------------------------------------------------------------------
REPORT:,MechanicalVentilationLoadsMonthly
FOR:,SMSTORE2
Custom Monthly Report

,,ZONE MECHANICAL VENTILATION NO LOAD HEAT REMOVAL ENERGY [J],ZONE MECHANICAL VENTILATION COOLING LOAD INCREASE ENERGY [J],ZONE MECHANICAL VENTILATION COOLING LOAD INCREASE DUE TO OVERHEATING ENERGY [J],ZONE MECHANICAL VENTILATION COOLING LOAD DECREASE ENERGY [J],ZONE MECHANICAL VENTILATION NO LOAD HEAT ADDITION ENERGY [J],ZONE MECHANICAL VENTILATION HEATING LOAD INCREASE ENERGY [J],ZONE MECHANICAL VENTILATION HEATING LOAD INCREASE DUE TO OVERCOOLING ENERGY [J],ZONE MECHANICAL VENTILATION HEATING LOAD DECREASE ENERGY [J],ZONE MECHANICAL VENTILATION AIR CHANGES PER HOUR [ach]
,January,0.395146E+10,0.00,0.00,0.00,0.00,0.106427E+11,0.00,0.00,0.78
,February,0.350876E+10,0.00,0.00,0.00,0.00,0.110077E+11,0.00,0.00,0.79
,March,0.518021E+10,0.00,0.00,0.00,3157593.09,0.560776E+10,0.00,0.00,0.76
,April,0.496274E+10,0.00,0.00,12371.79,0.00,0.185751E+10,13064231.58,0.00,0.72
,May,0.309827E+10,0.300937E+09,0.00,692298.57,944235.10,38397035.57,0.316014E+09,0.00,0.71
,June,0.103522E+10,0.108485E+10,0.00,1881191.73,1059729.03,0.00,0.703801E+09,0.00,0.74
,July,79278167.30,0.284144E+10,0.00,1799446.89,2832282.59,0.00,0.353313E+09,0.00,0.76
,August,0.324851E+09,0.152564E+10,0.00,2586342.48,1606374.74,0.00,0.690963E+09,0.00,0.76
,September,0.220016E+10,0.601441E+09,0.00,1051896.66,1247010.52,2127569.08,0.388304E+09,0.00,0.72
,October,0.447133E+10,36216534.97,0.00,544704.64,0.00,0.480809E+09,0.172847E+09,0.00,0.71
,November,0.516256E+10,0.00,0.00,0.00,872910.99,0.379950E+10,0.00,0.00,0.74
,December,0.386481E+10,0.00,0.00,0.00,0.00,0.935619E+10,0.00,0.00,0.76
,,,,,,,,,,
,Annual Sum or Average,0.378396E+11,0.639053E+10,0.00,8568252.75,11720136.06,0.427927E+11,0.263831E+10,0.00,0.75
,Minimum of Months,79278167.30,0.00,0.00,0.00,0.00,0.00,0.00,0.00,0.71
,Maximum of Months,0.518021E+10,0.284144E+10,0.00,2586342.48,3157593.09,0.110077E+11,0.703801E+09,0.00,0.79


----------------------------------------------------------------------------------------------------
REPORT:,MechanicalVentilationLoadsMonthly
FOR:,SMSTORE3
Custom Monthly Report

,,ZONE MECHANICAL VENTILATION NO LOAD HEAT REMOVAL ENERGY [J],ZONE MECHANICAL VENTILATION COOLING LOAD INCREASE ENERGY [J],ZONE MECHANICAL VENTILATION COOLING LOAD INCREASE DUE TO OVERHEATING ENERGY [J],ZONE MECHANICAL VENTILATION COOLING LOAD DECREASE ENERGY [J],ZONE MECHANICAL VENTILATION NO LOAD HEAT ADDITION ENERGY [J],ZONE MECHANICAL VENTILATION HEATING LOAD INCREASE ENERGY [J],ZONE MECHANICAL VENTILATION HEATING LOAD INCREASE DUE TO OVERCOOLING ENERGY [J],ZONE MECHANICAL VENTILATION HEATING LOAD DECREASE ENERGY [J],ZONE MECHANICAL VENTILATION AIR CHANGES PER HOUR [ach]
,January,0.388291E+10,0.00,0.00,0.00,0.00,0.107144E+11,0.00,0.00,0.78
,February,0.346573E+10,0.00,0.00,0.00,0.00,0.110531E+11,0.00,0.00,0.79
,March,0.513740E+10,0.00,0.00,0.00,3227438.88,0.565102E+10,0.00,0.00,0.76
,April,0.484318E+10,0.00,0.00,9142.70,0.00,0.197848E+10,7292015.41,0.00,0.72
,May,0.307856E+10,0.298816E+09,0.00,647902.93,210613.12,52023060.30,0.305626E+09,0.00,0.71
,June,0.104707E+10,0.107774E+10,0.00,1842278.27,1755703.10,0.00,0.691896E+09,0.00,0.74
,July,81163503.80,0.282483E+10,0.00,1842818.13,2440753.67,0.00,0.354669E+09,0.00,0.76
,August,0.329091E+09,0.152332E+10,0.00,2491080.75,1727862.86,0.00,0.683118E+09,0.00,0.76
,September,0.220399E+10,0.592503E+09,0.00,1020376.11,1893161.03,7058067.38,0.365806E+09,0.00,0.72
,October,0.446274E+10,34954537.93,0.00,514008.01,0.00,0.495388E+09,0.154667E+09,0.00,0.71
,November,0.507653E+10,0.00,0.00,0.00,977581.16,0.388770E+10,0.00,0.00,0.74
,December,0.385526E+10,0.00,0.00,0.00,0.00,0.936855E+10,0.00,0.00,0.76
,,,,,,,,,,
,Annual Sum or Average,0.374636E+11,0.635217E+10,0.00,8367606.90,12233113.83,0.432077E+11,0.256307E+10,0.00,0.75
,Minimum of Months,81163503.80,0.00,0.00,0.00,0.00,0.00,0.00,0.00,0.71
,Maximum of Months,0.513740E+10,0.282483E+10,0.00,2491080.75,3227438.88,0.110531E+11,0.691896E+09,0.00,0.79


----------------------------------------------------------------------------------------------------
REPORT:,MechanicalVentilationLoadsMonthly
FOR:,SMSTORE4
Custom Monthly Report

,,ZONE MECHANICAL VENTILATION NO LOAD HEAT REMOVAL ENERGY [J],ZONE MECHANICAL VENTILATION COOLING LOAD INCREASE ENERGY [J],ZONE MECHANICAL VENTILATION COOLING LOAD INCREASE DUE TO OVERHEATING ENERGY [J],ZONE MECHANICAL VENTILATION COOLING LOAD DECREASE ENERGY [J],ZONE MECHANICAL VENTILATION NO LOAD HEAT ADDITION ENERGY [J],ZONE MECHANICAL VENTILATION HEATING LOAD INCREASE ENERGY [J],ZONE MECHANICAL VENTILATION HEATING LOAD INCREASE DUE TO OVERCOOLING ENERGY [J],ZONE MECHANICAL VENTILATION HEATING LOAD DECREASE ENERGY [J],ZONE MECHANICAL VENTILATION AIR CHANGES PER HOUR [ach]
,January,0.359856E+10,0.00,0.00,0.00,0.00,0.110081E+11,0.00,0.00,0.78
,February,0.315631E+10,0.00,0.00,0.00,0.00,0.113719E+11,0.00,0.00,0.79
,March,0.496411E+10,0.00,0.00,0.00,3364488.91,0.582858E+10,0.00,0.00,0.76
,April,0.478478E+10,0.00,0.00,7537.07,0.00,0.203684E+10,6359936.84,0.00,0.72
,May,0.306140E+10,0.293762E+09,0.00,622772.94,1105044.49,65357060.16,0.299044E+09,0.00,0.71
,June,0.106081E+10,0.106109E+10,0.00,1782460.41,1299349.60,0.00,0.677995E+09,0.00,0.74
,July,86608689.75,0.279290E+10,0.00,1785785.94,2515265.10,0.00,0.356692E+09,0.00,0.75
,August,0.339529E+09,0.149906E+10,0.00,2458220.53,1167720.43,0.00,0.678762E+09,0.00,0.76
,September,0.221473E+10,0.583892E+09,0.00,985337.45,832114.93,8212416.02,0.348207E+09,0.00,0.72
,October,0.442227E+10,34027821.12,0.00,486129.48,0.00,0.542536E+09,0.142081E+09,0.00,0.71
,November,0.499391E+10,0.00,0.00,0.00,1065881.10,0.397409E+10,0.00,0.00,0.74
,December,0.362931E+10,0.00,0.00,0.00,0.00,0.960266E+10,0.00,0.00,0.76
,,,,,,,,,,
,Annual Sum or Average,0.363123E+11,0.626474E+10,0.00,8128243.81,11349864.57,0.444383E+11,0.250914E+10,0.00,0.75
,Minimum of Months,86608689.75,0.00,0.00,0.00,0.00,0.00,0.00,0.00,0.71
,Maximum of Months,0.499391E+10,0.279290E+10,0.00,2458220.53,3364488.91,0.113719E+11,0.678762E+09,0.00,0.79


----------------------------------------------------------------------------------------------------
REPORT:,MechanicalVentilationLoadsMonthly
FOR:,LGSTORE2
Custom Monthly Report

,,ZONE MECHANICAL VENTILATION NO LOAD HEAT REMOVAL ENERGY [J],ZONE MECHANICAL VENTILATION COOLING LOAD INCREASE ENERGY [J],ZONE MECHANICAL VENTILATION COOLING LOAD INCREASE DUE TO OVERHEATING ENERGY [J],ZONE MECHANICAL VENTILATION COOLING LOAD DECREASE ENERGY [J],ZONE MECHANICAL VENTILATION NO LOAD HEAT ADDITION ENERGY [J],ZONE MECHANICAL VENTILATION HEATING LOAD INCREASE ENERGY [J],ZONE MECHANICAL VENTILATION HEATING LOAD INCREASE DUE TO OVERCOOLING ENERGY [J],ZONE MECHANICAL VENTILATION HEATING LOAD DECREASE ENERGY [J],ZONE MECHANICAL VENTILATION AIR CHANGES PER HOUR [ach]
,January,0.695837E+10,0.00,0.00,0.00,0.00,0.197208E+11,0.00,0.00,0.71
,February,0.627914E+10,0.00,0.00,0.00,0.00,0.202495E+11,0.00,0.00,0.72
,March,0.940689E+10,0.00,0.00,0.00,8864090.80,0.102954E+11,0.00,0.00,0.70
,April,0.951314E+10,0.00,0.00,27089.92,349552.66,0.286404E+10,31986884.39,0.00,0.66
,May,0.554030E+10,0.541349E+09,0.00,1339864.06,5251183.65,40013211.81,0.651317E+09,0.00,0.66
,June,0.168965E+10,0.195401E+10,0.00,3846596.87,10.66,0.00,0.144580E+10,0.00,0.68
,July,66389615.45,0.523286E+10,0.00,3804223.66,4107120.48,0.00,0.674210E+09,0.00,0.71
,August,0.423574E+09,0.281466E+10,0.00,5031527.38,1131424.46,0.00,0.133796E+10,0.00,0.71
,September,0.389193E+10,0.107464E+10,0.00,2142351.27,2310711.86,1058813.21,0.759127E+09,0.00,0.67
,October,0.846787E+10,57530304.71,0.00,1052329.55,0.00,0.450964E+09,0.339750E+09,0.00,0.65
,November,0.973717E+10,0.00,0.00,0.00,2590544.34,0.672270E+10,0.00,0.00,0.68
,December,0.666796E+10,0.00,0.00,0.00,0.00,0.175310E+11,0.00,0.00,0.70
,,,,,,,,,,
,Annual Sum or Average,0.686424E+11,0.116750E+11,0.00,17243982.71,24604638.91,0.778755E+11,0.524015E+10,0.00,0.69
,Minimum of Months,66389615.45,0.00,0.00,0.00,0.00,0.00,0.00,0.00,0.65
,Maximum of Months,0.973717E+10,0.523286E+10,0.00,5031527.38,8864090.80,0.202495E+11,0.144580E+10,0.00,0.72


----------------------------------------------------------------------------------------------------
REPORT:,MechanicalVentilationLoadsMonthly
FOR:,SMSTORE5
Custom Monthly Report

,,ZONE MECHANICAL VENTILATION NO LOAD HEAT REMOVAL ENERGY [J],ZONE MECHANICAL VENTILATION COOLING LOAD INCREASE ENERGY [J],ZONE MECHANICAL VENTILATION COOLING LOAD INCREASE DUE TO OVERHEATING ENERGY [J],ZONE MECHANICAL VENTILATION COOLING LOAD DECREASE ENERGY [J],ZONE MECHANICAL VENTILATION NO LOAD HEAT ADDITION ENERGY [J],ZONE MECHANICAL VENTILATION HEATING LOAD INCREASE ENERGY [J],ZONE MECHANICAL VENTILATION HEATING LOAD INCREASE DUE TO OVERCOOLING ENERGY [J],ZONE MECHANICAL VENTILATION HEATING LOAD DECREASE ENERGY [J],ZONE MECHANICAL VENTILATION AIR CHANGES PER HOUR [ach]
,January,0.334511E+10,0.00,0.00,0.00,0.00,0.100151E+11,0.00,0.00,0.71
,February,0.301677E+10,0.00,0.00,0.00,0.00,0.102722E+11,0.00,0.00,0.72
,March,0.458535E+10,0.00,0.00,0.00,4527766.90,0.527508E+10,0.00,0.00,0.70
,April,0.457011E+10,0.00,0.00,10543.47,154976.02,0.162235E+10,11647374.13,0.00,0.66
,May,0.276965E+10,0.276902E+09,0.00,681745.64,2259745.00,22066690.26,0.322152E+09,0.00,0.66
,June,0.846371E+09,0.999620E+09,0.00,1963795.40,17382.66,0.00,0.714238E+09,0.00,0.68
,July,32275518.58,0.268382E+10,0.00,1868556.72,1180268.06,0.00,0.327152E+09,0.00,0.71
,August,0.209859E+09,0.145303E+10,0.00,2522583.09,424407.32,0.00,0.657701E+09,0.00,0.71
,September,0.195125E+10,0.559765E+09,0.00,1051734.00,739119.28,529428.02,0.369316E+09,0.00,0.67
,October,0.413952E+10,30656441.12,0.00,530731.75,0.00,0.321693E+09,0.167724E+09,0.00,0.65
,November,0.459860E+10,0.00,0.00,0.00,1305411.76,0.363587E+10,0.00,0.00,0.68
,December,0.322651E+10,0.00,0.00,0.00,0.00,0.889195E+10,0.00,0.00,0.70
,,,,,,,,,,
,Annual Sum or Average,0.332914E+11,0.600379E+10,0.00,8629690.06,10609077.00,0.400568E+11,0.256993E+10,0.00,0.69
,Minimum of Months,32275518.58,0.00,0.00,0.00,0.00,0.00,0.00,0.00,0.65
,Maximum of Months,0.459860E+10,0.268382E+10,0.00,2522583.09,4527766.90,0.102722E+11,0.714238E+09,0.00,0.72


----------------------------------------------------------------------------------------------------
REPORT:,MechanicalVentilationLoadsMonthly
FOR:,SMSTORE6
Custom Monthly Report

,,ZONE MECHANICAL VENTILATION NO LOAD HEAT REMOVAL ENERGY [J],ZONE MECHANICAL VENTILATION COOLING LOAD INCREASE ENERGY [J],ZONE MECHANICAL VENTILATION COOLING LOAD INCREASE DUE TO OVERHEATING ENERGY [J],ZONE MECHANICAL VENTILATION COOLING LOAD DECREASE ENERGY [J],ZONE MECHANICAL VENTILATION NO LOAD HEAT ADDITION ENERGY [J],ZONE MECHANICAL VENTILATION HEATING LOAD INCREASE ENERGY [J],ZONE MECHANICAL VENTILATION HEATING LOAD INCREASE DUE TO OVERCOOLING ENERGY [J],ZONE MECHANICAL VENTILATION HEATING LOAD DECREASE ENERGY [J],ZONE MECHANICAL VENTILATION AIR CHANGES PER HOUR [ach]
,January,0.321888E+10,0.00,0.00,0.00,0.00,0.101434E+11,0.00,0.00,0.71
,February,0.296243E+10,0.00,0.00,0.00,0.00,0.103294E+11,0.00,0.00,0.72
,March,0.455990E+10,0.00,0.00,0.00,4573538.97,0.530159E+10,0.00,0.00,0.70
,April,0.453309E+10,0.00,0.00,9484.40,162902.15,0.166105E+10,8099816.53,0.00,0.66
,May,0.276230E+10,0.273153E+09,23707.42,641362.54,1737051.07,26249912.62,0.314844E+09,117.11,0.65
,June,0.864893E+09,0.986818E+09,0.00,1885464.93,0.00,0.00,0.694194E+09,0.00,0.68
,July,33021413.59,0.266028E+10,0.00,1874192.50,2325109.73,0.00,0.327110E+09,0.00,0.71
,August,0.211443E+09,0.143605E+10,0.00,2491768.57,123227.96,0.00,0.654654E+09,0.00,0.71
,September,0.195943E+10,0.550573E+09,0.00,1034174.29,912471.35,1595007.86,0.355552E+09,0.00,0.67
,October,0.412803E+10,29493124.78,0.00,507216.53,0.00,0.341681E+09,0.155148E+09,0.00,0.65
,November,0.454630E+10,0.00,0.00,0.00,1359191.21,0.368929E+10,0.00,0.00,0.68
,December,0.320837E+10,0.00,0.00,0.00,0.00,0.891257E+10,0.00,0.00,0.70
,,,,,,,,,,
,Annual Sum or Average,0.329881E+11,0.593636E+10,23707.42,8443663.76,11193492.44,0.404068E+11,0.250960E+10,117.11,0.69
,Minimum of Months,33021413.59,0.00,0.00,0.00,0.00,0.00,0.00,0.00,0.65
,Maximum of Months,0.455990E+10,0.266028E+10,23707.42,2491768.57,4573538.97,0.103294E+11,0.694194E+09,117.11,0.72


----------------------------------------------------------------------------------------------------
REPORT:,MechanicalVentilationLoadsMonthly
FOR:,SMSTORE7
Custom Monthly Report

,,ZONE MECHANICAL VENTILATION NO LOAD HEAT REMOVAL ENERGY [J],ZONE MECHANICAL VENTILATION COOLING LOAD INCREASE ENERGY [J],ZONE MECHANICAL VENTILATION COOLING LOAD INCREASE DUE TO OVERHEATING ENERGY [J],ZONE MECHANICAL VENTILATION COOLING LOAD DECREASE ENERGY [J],ZONE MECHANICAL VENTILATION NO LOAD HEAT ADDITION ENERGY [J],ZONE MECHANICAL VENTILATION HEATING LOAD INCREASE ENERGY [J],ZONE MECHANICAL VENTILATION HEATING LOAD INCREASE DUE TO OVERCOOLING ENERGY [J],ZONE MECHANICAL VENTILATION HEATING LOAD DECREASE ENERGY [J],ZONE MECHANICAL VENTILATION AIR CHANGES PER HOUR [ach]
,January,0.266670E+10,0.00,0.00,0.00,0.00,0.107184E+11,0.00,0.00,0.71
,February,0.243455E+10,0.00,0.00,0.00,0.00,0.108798E+11,0.00,0.00,0.72
,March,0.424672E+10,0.00,0.00,0.00,4748125.96,0.562658E+10,0.00,0.00,0.70
,April,0.431413E+10,0.00,0.00,7198.08,165676.07,0.187789E+10,6844785.84,0.00,0.66
,May,0.275098E+10,0.259469E+09,30797.56,529366.07,4825041.43,35906178.52,0.276464E+09,255.63,0.65
,June,0.917820E+09,0.950033E+09,0.00,1643096.44,2421831.13,0.00,0.626524E+09,0.00,0.68
,July,36169609.71,0.260929E+10,0.00,1770062.80,480542.90,0.00,0.328866E+09,0.00,0.70
,August,0.242258E+09,0.139378E+10,0.00,2346514.67,901271.52,0.00,0.624002E+09,0.00,0.70
,September,0.197334E+10,0.529968E+09,0.00,926413.52,747176.19,5385878.67,0.310349E+09,0.00,0.66
,October,0.400017E+10,26253987.85,0.00,485876.53,0.00,0.477343E+09,0.139313E+09,0.00,0.65
,November,0.432301E+10,0.00,0.00,0.00,1610762.40,0.391959E+10,0.00,0.00,0.68
,December,0.293030E+10,0.00,0.00,0.00,0.00,0.920843E+10,0.00,0.00,0.70
,,,,,,,,,,
,Annual Sum or Average,0.308362E+11,0.576879E+10,30797.56,7708528.12,15900427.60,0.427493E+11,0.231236E+10,255.63,0.68
,Minimum of Months,36169609.71,0.00,0.00,0.00,0.00,0.00,0.00,0.00,0.65
,Maximum of Months,0.432301E+10,0.260929E+10,30797.56,2346514.67,4825041.43,0.108798E+11,0.626524E+09,255.63,0.72


----------------------------------------------------------------------------------------------------
REPORT:,MechanicalVentilationLoadsMonthly
FOR:,SMSTORE8
Custom Monthly Report

,,ZONE MECHANICAL VENTILATION NO LOAD HEAT REMOVAL ENERGY [J],ZONE MECHANICAL VENTILATION COOLING LOAD INCREASE ENERGY [J],ZONE MECHANICAL VENTILATION COOLING LOAD INCREASE DUE TO OVERHEATING ENERGY [J],ZONE MECHANICAL VENTILATION COOLING LOAD DECREASE ENERGY [J],ZONE MECHANICAL VENTILATION NO LOAD HEAT ADDITION ENERGY [J],ZONE MECHANICAL VENTILATION HEATING LOAD INCREASE ENERGY [J],ZONE MECHANICAL VENTILATION HEATING LOAD INCREASE DUE TO OVERCOOLING ENERGY [J],ZONE MECHANICAL VENTILATION HEATING LOAD DECREASE ENERGY [J],ZONE MECHANICAL VENTILATION AIR CHANGES PER HOUR [ach]
,January,0.259575E+09,0.00,0.00,0.00,0.00,0.139354E+11,0.00,0.00,0.76
,February,51273174.51,0.00,0.00,0.00,0.00,0.140887E+11,0.00,0.00,0.77
,March,0.217793E+10,0.00,0.00,0.00,5030143.31,0.825696E+10,0.00,0.00,0.74
,April,0.353232E+10,0.00,0.00,1717.01,0.00,0.295275E+10,4614427.58,0.00,0.70
,May,0.267607E+10,0.250935E+09,0.00,353401.19,9690360.96,0.231063E+09,0.202514E+09,0.00,0.68
,June,0.102809E+10,0.911779E+09,0.00,1247428.06,3338659.59,0.00,0.515502E+09,0.00,0.69
,July,49682102.60,0.256221E+10,0.00,1590266.40,3883636.24,0.00,0.348982E+09,0.00,0.71
,August,0.288275E+09,0.137631E+10,0.00,2111643.26,337087.27,0.00,0.628161E+09,0.00,0.72
,September,0.207076E+10,0.509417E+09,0.00,854998.99,70202.15,2642618.27,0.258789E+09,0.00,0.69
,October,0.382054E+10,24090623.68,0.00,402219.40,0.00,0.851763E+09,0.131499E+09,0.00,0.68
,November,0.261576E+10,0.00,0.00,0.00,313063.61,0.606291E+10,0.00,0.00,0.72
,December,0.928378E+09,0.00,0.00,0.00,0.00,0.119268E+11,0.00,0.00,0.74
,,,,,,,,,,
,Annual Sum or Average,0.194987E+11,0.563475E+10,0.00,6561674.31,22663153.13,0.583089E+11,0.209006E+10,0.00,0.72
,Minimum of Months,49682102.60,0.00,0.00,0.00,0.00,0.00,0.00,0.00,0.68
,Maximum of Months,0.382054E+10,0.256221E+10,0.00,2111643.26,9690360.96,0.140887E+11,0.628161E+09,0.00,0.77


----------------------------------------------------------------------------------------------------
REPORT:,HeatEmissionsReportMonthly
FOR:,Environment
Custom Monthly Report

,,SITE TOTAL SURFACE HEAT EMISSION TO AIR [J],SITE TOTAL ZONE EXFILTRATION HEAT LOSS [J],SITE TOTAL ZONE EXHAUST AIR HEAT LOSS [J],AIR SYSTEM RELIEF AIR TOTAL HEAT LOSS ENERGY [J],HVAC SYSTEM TOTAL HEAT REJECTION ENERGY [J]
,January,0.112302E+12,0.468997E+11,0.00,0.182696E+12,0.543857E+11
,February,0.207849E+12,0.445676E+11,0.00,0.181051E+12,0.543695E+11
,March,0.352725E+12,0.347603E+11,0.00,0.135272E+12,0.349553E+11
,April,0.432949E+12,0.223504E+11,0.00,0.856330E+11,0.166147E+11
,May,0.537619E+12,0.102577E+11,0.00,0.403727E+11,0.197082E+11
,June,0.547906E+12,0.197374E+10,0.00,0.826766E+10,0.661389E+11
,July,0.541089E+12,-0.694602E+10,0.00,-0.288937E+11,0.136780E+12
,August,0.468090E+12,-0.186114E+10,0.00,-0.592780E+10,0.101889E+12
,September,0.324892E+12,0.628890E+10,0.00,0.250182E+11,0.455638E+11
,October,0.220429E+12,0.165921E+11,0.00,0.647293E+11,0.146927E+11
,November,0.106665E+12,0.282906E+11,0.00,0.113223E+12,0.266858E+11
,December,0.857332E+11,0.425994E+11,0.00,0.166465E+12,0.481176E+11
,,,,,,
,Annual Sum or Average,0.393825E+13,0.245773E+12,0.00,0.967907E+12,0.619901E+12
,Minimum of Months,0.857332E+11,-0.694602E+10,0.00,-0.288937E+11,0.146927E+11
,Maximum of Months,0.547906E+12,0.468997E+11,0.00,0.182696E+12,0.136780E+12


