Program Version,EnergyPlus, Version 22.1.0-ed759b17ee, YMD=2026.07.29 06:55,
   ************* Beginning Zone Sizing Calculations
   ** Warning ** CheckUsedConstructions: There are 29 nominally unused constructions in input.
   **   ~~~   ** Each Unused construction is shown.
   ************* Construction=AIR_WALL
   ************* Construction=DROPCEILING
   ************* Construction=OPAQUEDOOR
   ************* Construction=ATTICROOFDECK
   ************* Construction=EXT_SLAB_8IN_WITH_CARPET
   ************* Construction=EXT_SLAB_8IN
   ************* Construction=EXT_SLAB_6IN_WITH_CARPET
   ************* Construction=EXT_SLAB_6IN
   ************* Construction=INT_SLAB_FLOOR
   ************* Construction=INT_SLAB_CEILING
   ************* Construction=BASEMENT_WALL
   ************* Construction=INT_WOOD_FLOOR
   ************* Construction=EXT_SOFFIT_FLOOR
   ************* Construction=RES_ROOF
   ************* Construction=SEMIHEATED_ROOF
   ************* Construction=NONRES_EXT_WALL_MID
   ************* Construction=NONRES_EXT_WALL_TOP
   ************* Construction=RES_EXT_WALL_GRD
   ************* Construction=RES_EXT_WALL_MID
   ************* Construction=RES_EXT_WALL_TOP
   ************* Construction=SEMIHEATED_EXT_WALL_GRD
   ************* Construction=SEMIHEATED_EXT_WALL_MID
   ************* Construction=SEMIHEATED_EXT_WALL_TOP
   ************* Construction=NONRES_FLOOR
   ************* Construction=RES_FLOOR
   ************* Construction=SEMIHEATED_FLOOR
   ************* Construction=NONRES_FLOOR_CEILING
   ************* Construction=RES_FLOOR_CEILING
   ************* Construction=SEMIHEATED_FLOOR_CEILING
   ************* Beginning System Sizing Calculations
   ** Warning ** ManageSizing: For a plant sizing run, there must be at least 1 Sizing:Plant object input. SimulationControl Plant Sizing option ignored.
   ************* SizeDXCoil: Potential issue with equipment sizing for Coil:Cooling:DX:MultiSpeed PSZ-AC_1:1 COOLING COIL
   **   ~~~   ** User-Specified Speed 2 Rated Air Flow Rate [m3/s] = 1.86364
   **   ~~~   ** differs from Design Size Speed 2 Rated Air Flow Rate [m3/s] = 1.34783
   **   ~~~   ** This may, or may not, indicate mismatched component sizes.
   **   ~~~   ** Verify that the value entered is intended and is consistent with other components.
   ************* SizeDXCoil: Potential issue with equipment sizing for Coil:Cooling:DX:MultiSpeed PSZ-AC_1:1 COOLING COIL
   **   ~~~   ** User-Specified Speed 1 Rated Air Flow Rate [m3/s] = 1.24243
   **   ~~~   ** differs from Design Size Speed 1 Rated Air Flow Rate [m3/s] = 0.67392
   **   ~~~   ** This may, or may not, indicate mismatched component sizes.
   **   ~~~   ** Verify that the value entered is intended and is consistent with other components.
   ************* SizeDXCoil: Potential issue with equipment sizing for Coil:Cooling:DX:MultiSpeed PSZ-AC_1:1 COOLING COIL
   **   ~~~   ** User-Specified Speed 2 Gross Rated Total Cooling Capacity [W] = 40181.26000
   **   ~~~   ** differs from Design Size Speed 2 Gross Rated Total Cooling Capacity [W] = 30849.85929
   **   ~~~   ** This may, or may not, indicate mismatched component sizes.
   **   ~~~   ** Verify that the value entered is intended and is consistent with other components.
   ************* SizeDXCoil: Potential issue with equipment sizing for Coil:Cooling:DX:MultiSpeed PSZ-AC_1:1 COOLING COIL
   **   ~~~   ** User-Specified Speed 1 Gross Rated Total Cooling Capacity [W] = 20090.63000
   **   ~~~   ** differs from Design Size Speed 1 Gross Rated Total Cooling Capacity [W] = 15424.92965
   **   ~~~   ** This may, or may not, indicate mismatched component sizes.
   **   ~~~   ** Verify that the value entered is intended and is consistent with other components.
   ** Warning ** The Standard Ratings is calculated for Coil:Cooling:DX:MultiSpeed = PSZ-AC_1:1 COOLING COIL but not at the AHRI test condition due to curve out of bound.
   **   ~~~   **  Review the Standard Ratings calculations in the Engineering Reference for this coil type. Also, use Output:Diagnostics, DisplayExtraWarnings for further guidance.
   **   ~~~   ** CheckCurveLimitsForStandardRatings: The max and/or min limits specified in the corresponding curve objects
   **   ~~~   **  do not include the AHRI test conditions required to calculate one or more of the Standard Rating values.
   **   ~~~   ** Coil:Cooling:DX:MultiSpeed=PSZ-AC_1:1 COOLING COIL:  The Seasonal Energy Efficiency Ratio (SEER) calculated is not at the AHRI test condition.
   **   ~~~   **  Check limits in Total Cooling Capacity Function of Temperature Curve, Curve Type = Curve:Biquadratic, Curve Name = SMDX_CAPFT
   **   ~~~   **  Check limits in Energy Input Ratio Function of Temperature Curve, Curve Type = Curve:Biquadratic, Curve Name = SMDX_EIRFT
   ** Warning ** The Standard Ratings is calculated for Coil:Cooling:DX:MultiSpeed = PSZ-AC_1:1 COOLING COIL but not at the AHRI test condition due to curve out of bound.
   **   ~~~   **  Review the Standard Ratings calculations in the Engineering Reference for this coil type. Also, use Output:Diagnostics, DisplayExtraWarnings for further guidance.
   **   ~~~   ** CheckCurveLimitsForStandardRatings: The max and/or min limits specified in the corresponding curve objects
   **   ~~~   **  do not include the AHRI test conditions required to calculate one or more of the Standard Rating values.
   **   ~~~   ** Coil:Cooling:DX:MultiSpeed=PSZ-AC_1:1 COOLING COIL:  The Seasonal Energy Efficiency Ratio (SEER) calculated is not at the AHRI test condition.
   **   ~~~   **  Check limits in Total Cooling Capacity Function of Temperature Curve, Curve Type = Curve:Biquadratic, Curve Name = SMDX_CAPFT
   **   ~~~   **  Check limits in Energy Input Ratio Function of Temperature Curve, Curve Type = Curve:Biquadratic, Curve Name = SMDX_EIRFT
   ** Warning ** Sizing: Coil:Cooling:DX:MultiSpeed "PSZ-AC_1:1 COOLING COIL": Rated air volume flow rate per watt of rated total cooling capacity is out of range at speed 1
   **   ~~~   ** Min Rated Vol Flow Per Watt=[4.027E-005], Rated Vol Flow Per Watt=[6.184E-005], Max Rated Vol Flow Per Watt=[6.041E-005]. See Input Output Reference Manual for valid range.
   ************* SizeDXCoil: Potential issue with equipment sizing for Coil:Cooling:DX:MultiSpeed PSZ-AC_2:2 COOLING COIL
   **   ~~~   ** User-Specified Speed 2 Rated Air Flow Rate [m3/s] = 1.01301
   **   ~~~   ** differs from Design Size Speed 2 Rated Air Flow Rate [m3/s] = 0.68260
   **   ~~~   ** This may, or may not, indicate mismatched component sizes.
   **   ~~~   ** Verify that the value entered is intended and is consistent with other components.
   ************* SizeDXCoil: Potential issue with equipment sizing for Coil:Cooling:DX:MultiSpeed PSZ-AC_2:2 COOLING COIL
   **   ~~~   ** User-Specified Speed 1 Rated Air Flow Rate [m3/s] = 0.67534
   **   ~~~   ** differs from Design Size Speed 1 Rated Air Flow Rate [m3/s] = 0.34130
   **   ~~~   ** This may, or may not, indicate mismatched component sizes.
   **   ~~~   ** Verify that the value entered is intended and is consistent with other components.
   ************* SizeDXCoil: Potential issue with equipment sizing for Coil:Cooling:DX:MultiSpeed PSZ-AC_2:2 COOLING COIL
   **   ~~~   ** User-Specified Speed 2 Gross Rated Total Cooling Capacity [W] = 21420.44000
   **   ~~~   ** differs from Design Size Speed 2 Gross Rated Total Cooling Capacity [W] = 16768.91243
   **   ~~~   ** This may, or may not, indicate mismatched component sizes.
   **   ~~~   ** Verify that the value entered is intended and is consistent with other components.
   ************* SizeDXCoil: Potential issue with equipment sizing for Coil:Cooling:DX:MultiSpeed PSZ-AC_2:2 COOLING COIL
   **   ~~~   ** User-Specified Speed 1 Gross Rated Total Cooling Capacity [W] = 10710.22000
   **   ~~~   ** differs from Design Size Speed 1 Gross Rated Total Cooling Capacity [W] = 8384.45622
   **   ~~~   ** This may, or may not, indicate mismatched component sizes.
   **   ~~~   ** Verify that the value entered is intended and is consistent with other components.
   ** Warning ** The Standard Ratings is calculated for Coil:Cooling:DX:MultiSpeed = PSZ-AC_2:2 COOLING COIL but not at the AHRI test condition due to curve out of bound.
   **   ~~~   **  Review the Standard Ratings calculations in the Engineering Reference for this coil type. Also, use Output:Diagnostics, DisplayExtraWarnings for further guidance.
   **   ~~~   ** CheckCurveLimitsForStandardRatings: The max and/or min limits specified in the corresponding curve objects
   **   ~~~   **  do not include the AHRI test conditions required to calculate one or more of the Standard Rating values.
   **   ~~~   ** Coil:Cooling:DX:MultiSpeed=PSZ-AC_2:2 COOLING COIL:  The Seasonal Energy Efficiency Ratio (SEER) calculated is not at the AHRI test condition.
   **   ~~~   **  Check limits in Total Cooling Capacity Function of Temperature Curve, Curve Type = Curve:Biquadratic, Curve Name = SMDX_CAPFT
   **   ~~~   **  Check limits in Energy Input Ratio Function of Temperature Curve, Curve Type = Curve:Biquadratic, Curve Name = SMDX_EIRFT
   ** Warning ** The Standard Ratings is calculated for Coil:Cooling:DX:MultiSpeed = PSZ-AC_2:2 COOLING COIL but not at the AHRI test condition due to curve out of bound.
   **   ~~~   **  Review the Standard Ratings calculations in the Engineering Reference for this coil type. Also, use Output:Diagnostics, DisplayExtraWarnings for further guidance.
   **   ~~~   ** CheckCurveLimitsForStandardRatings: The max and/or min limits specified in the corresponding curve objects
   **   ~~~   **  do not include the AHRI test conditions required to calculate one or more of the Standard Rating values.
   **   ~~~   ** Coil:Cooling:DX:MultiSpeed=PSZ-AC_2:2 COOLING COIL:  The Seasonal Energy Efficiency Ratio (SEER) calculated is not at the AHRI test condition.
   **   ~~~   **  Check limits in Total Cooling Capacity Function of Temperature Curve, Curve Type = Curve:Biquadratic, Curve Name = SMDX_CAPFT
   **   ~~~   **  Check limits in Energy Input Ratio Function of Temperature Curve, Curve Type = Curve:Biquadratic, Curve Name = SMDX_EIRFT
   ** Warning ** Sizing: Coil:Cooling:DX:MultiSpeed "PSZ-AC_2:2 COOLING COIL": Rated air volume flow rate per watt of rated total cooling capacity is out of range at speed 1
   **   ~~~   ** Min Rated Vol Flow Per Watt=[4.027E-005], Rated Vol Flow Per Watt=[6.305E-005], Max Rated Vol Flow Per Watt=[6.041E-005]. See Input Output Reference Manual for valid range.
   ************* SizeDXCoil: Potential issue with equipment sizing for Coil:Cooling:DX:MultiSpeed PSZ-AC_3:3 COOLING COIL
   **   ~~~   ** User-Specified Speed 2 Rated Air Flow Rate [m3/s] = 1.01908
   **   ~~~   ** differs from Design Size Speed 2 Rated Air Flow Rate [m3/s] = 0.67835
   **   ~~~   ** This may, or may not, indicate mismatched component sizes.
   **   ~~~   ** Verify that the value entered is intended and is consistent with other components.
   ************* SizeDXCoil: Potential issue with equipment sizing for Coil:Cooling:DX:MultiSpeed PSZ-AC_3:3 COOLING COIL
   **   ~~~   ** User-Specified Speed 1 Rated Air Flow Rate [m3/s] = 0.67939
   **   ~~~   ** differs from Design Size Speed 1 Rated Air Flow Rate [m3/s] = 0.33917
   **   ~~~   ** This may, or may not, indicate mismatched component sizes.
   **   ~~~   ** Verify that the value entered is intended and is consistent with other components.
   ************* SizeDXCoil: Potential issue with equipment sizing for Coil:Cooling:DX:MultiSpeed PSZ-AC_3:3 COOLING COIL
   **   ~~~   ** User-Specified Speed 2 Gross Rated Total Cooling Capacity [W] = 21521.61000
   **   ~~~   ** differs from Design Size Speed 2 Gross Rated Total Cooling Capacity [W] = 16869.39248
   **   ~~~   ** This may, or may not, indicate mismatched component sizes.
   **   ~~~   ** Verify that the value entered is intended and is consistent with other components.
   ************* SizeDXCoil: Potential issue with equipment sizing for Coil:Cooling:DX:MultiSpeed PSZ-AC_3:3 COOLING COIL
   **   ~~~   ** User-Specified Speed 1 Gross Rated Total Cooling Capacity [W] = 10760.80500
   **   ~~~   ** differs from Design Size Speed 1 Gross Rated Total Cooling Capacity [W] = 8434.69624
   **   ~~~   ** This may, or may not, indicate mismatched component sizes.
   **   ~~~   ** Verify that the value entered is intended and is consistent with other components.
   ** Warning ** The Standard Ratings is calculated for Coil:Cooling:DX:MultiSpeed = PSZ-AC_3:3 COOLING COIL but not at the AHRI test condition due to curve out of bound.
   **   ~~~   **  Review the Standard Ratings calculations in the Engineering Reference for this coil type. Also, use Output:Diagnostics, DisplayExtraWarnings for further guidance.
   **   ~~~   ** CheckCurveLimitsForStandardRatings: The max and/or min limits specified in the corresponding curve objects
   **   ~~~   **  do not include the AHRI test conditions required to calculate one or more of the Standard Rating values.
   **   ~~~   ** Coil:Cooling:DX:MultiSpeed=PSZ-AC_3:3 COOLING COIL:  The Seasonal Energy Efficiency Ratio (SEER) calculated is not at the AHRI test condition.
   **   ~~~   **  Check limits in Total Cooling Capacity Function of Temperature Curve, Curve Type = Curve:Biquadratic, Curve Name = SMDX_CAPFT
   **   ~~~   **  Check limits in Energy Input Ratio Function of Temperature Curve, Curve Type = Curve:Biquadratic, Curve Name = SMDX_EIRFT
   ** Warning ** The Standard Ratings is calculated for Coil:Cooling:DX:MultiSpeed = PSZ-AC_3:3 COOLING COIL but not at the AHRI test condition due to curve out of bound.
   **   ~~~   **  Review the Standard Ratings calculations in the Engineering Reference for this coil type. Also, use Output:Diagnostics, DisplayExtraWarnings for further guidance.
   **   ~~~   ** CheckCurveLimitsForStandardRatings: The max and/or min limits specified in the corresponding curve objects
   **   ~~~   **  do not include the AHRI test conditions required to calculate one or more of the Standard Rating values.
   **   ~~~   ** Coil:Cooling:DX:MultiSpeed=PSZ-AC_3:3 COOLING COIL:  The Seasonal Energy Efficiency Ratio (SEER) calculated is not at the AHRI test condition.
   **   ~~~   **  Check limits in Total Cooling Capacity Function of Temperature Curve, Curve Type = Curve:Biquadratic, Curve Name = SMDX_CAPFT
   **   ~~~   **  Check limits in Energy Input Ratio Function of Temperature Curve, Curve Type = Curve:Biquadratic, Curve Name = SMDX_EIRFT
   ** Warning ** Sizing: Coil:Cooling:DX:MultiSpeed "PSZ-AC_3:3 COOLING COIL": Rated air volume flow rate per watt of rated total cooling capacity is out of range at speed 1
   **   ~~~   ** Min Rated Vol Flow Per Watt=[4.027E-005], Rated Vol Flow Per Watt=[6.313E-005], Max Rated Vol Flow Per Watt=[6.041E-005]. See Input Output Reference Manual for valid range.
   ************* SizeDXCoil: Potential issue with equipment sizing for Coil:Cooling:DX:MultiSpeed PSZ-AC_4:4 COOLING COIL
   **   ~~~   ** User-Specified Speed 2 Rated Air Flow Rate [m3/s] = 1.02267
   **   ~~~   ** differs from Design Size Speed 2 Rated Air Flow Rate [m3/s] = 0.67837
   **   ~~~   ** This may, or may not, indicate mismatched component sizes.
   **   ~~~   ** Verify that the value entered is intended and is consistent with other components.
   ************* SizeDXCoil: Potential issue with equipment sizing for Coil:Cooling:DX:MultiSpeed PSZ-AC_4:4 COOLING COIL
   **   ~~~   ** User-Specified Speed 1 Rated Air Flow Rate [m3/s] = 0.68178
   **   ~~~   ** differs from Design Size Speed 1 Rated Air Flow Rate [m3/s] = 0.33918
   **   ~~~   ** This may, or may not, indicate mismatched component sizes.
   **   ~~~   ** Verify that the value entered is intended and is consistent with other components.
   ************* SizeDXCoil: Potential issue with equipment sizing for Coil:Cooling:DX:MultiSpeed PSZ-AC_4:4 COOLING COIL
   **   ~~~   ** User-Specified Speed 2 Gross Rated Total Cooling Capacity [W] = 21580.24000
   **   ~~~   ** differs from Design Size Speed 2 Gross Rated Total Cooling Capacity [W] = 16928.81973
   **   ~~~   ** This may, or may not, indicate mismatched component sizes.
   **   ~~~   ** Verify that the value entered is intended and is consistent with other components.
   ************* SizeDXCoil: Potential issue with equipment sizing for Coil:Cooling:DX:MultiSpeed PSZ-AC_4:4 COOLING COIL
   **   ~~~   ** User-Specified Speed 1 Gross Rated Total Cooling Capacity [W] = 10790.12000
   **   ~~~   ** differs from Design Size Speed 1 Gross Rated Total Cooling Capacity [W] = 8464.40987
   **   ~~~   ** This may, or may not, indicate mismatched component sizes.
   **   ~~~   ** Verify that the value entered is intended and is consistent with other components.
   ** Warning ** The Standard Ratings is calculated for Coil:Cooling:DX:MultiSpeed = PSZ-AC_4:4 COOLING COIL but not at the AHRI test condition due to curve out of bound.
   **   ~~~   **  Review the Standard Ratings calculations in the Engineering Reference for this coil type. Also, use Output:Diagnostics, DisplayExtraWarnings for further guidance.
   **   ~~~   ** CheckCurveLimitsForStandardRatings: The max and/or min limits specified in the corresponding curve objects
   **   ~~~   **  do not include the AHRI test conditions required to calculate one or more of the Standard Rating values.
   **   ~~~   ** Coil:Cooling:DX:MultiSpeed=PSZ-AC_4:4 COOLING COIL:  The Seasonal Energy Efficiency Ratio (SEER) calculated is not at the AHRI test condition.
   **   ~~~   **  Check limits in Total Cooling Capacity Function of Temperature Curve, Curve Type = Curve:Biquadratic, Curve Name = SMDX_CAPFT
   **   ~~~   **  Check limits in Energy Input Ratio Function of Temperature Curve, Curve Type = Curve:Biquadratic, Curve Name = SMDX_EIRFT
   ** Warning ** The Standard Ratings is calculated for Coil:Cooling:DX:MultiSpeed = PSZ-AC_4:4 COOLING COIL but not at the AHRI test condition due to curve out of bound.
   **   ~~~   **  Review the Standard Ratings calculations in the Engineering Reference for this coil type. Also, use Output:Diagnostics, DisplayExtraWarnings for further guidance.
   **   ~~~   ** CheckCurveLimitsForStandardRatings: The max and/or min limits specified in the corresponding curve objects
   **   ~~~   **  do not include the AHRI test conditions required to calculate one or more of the Standard Rating values.
   **   ~~~   ** Coil:Cooling:DX:MultiSpeed=PSZ-AC_4:4 COOLING COIL:  The Seasonal Energy Efficiency Ratio (SEER) calculated is not at the AHRI test condition.
   **   ~~~   **  Check limits in Total Cooling Capacity Function of Temperature Curve, Curve Type = Curve:Biquadratic, Curve Name = SMDX_CAPFT
   **   ~~~   **  Check limits in Energy Input Ratio Function of Temperature Curve, Curve Type = Curve:Biquadratic, Curve Name = SMDX_EIRFT
   ** Warning ** Sizing: Coil:Cooling:DX:MultiSpeed "PSZ-AC_4:4 COOLING COIL": Rated air volume flow rate per watt of rated total cooling capacity is out of range at speed 1
   **   ~~~   ** Min Rated Vol Flow Per Watt=[4.027E-005], Rated Vol Flow Per Watt=[6.318E-005], Max Rated Vol Flow Per Watt=[6.041E-005]. See Input Output Reference Manual for valid range.
   ************* SizeDXCoil: Potential issue with equipment sizing for Coil:Cooling:DX:MultiSpeed PSZ-AC_5:5 COOLING COIL
   **   ~~~   ** User-Specified Speed 2 Rated Air Flow Rate [m3/s] = 1.01238
   **   ~~~   ** differs from Design Size Speed 2 Rated Air Flow Rate [m3/s] = 0.67924
   **   ~~~   ** This may, or may not, indicate mismatched component sizes.
   **   ~~~   ** Verify that the value entered is intended and is consistent with other components.
   ************* SizeDXCoil: Potential issue with equipment sizing for Coil:Cooling:DX:MultiSpeed PSZ-AC_5:5 COOLING COIL
   **   ~~~   ** User-Specified Speed 1 Rated Air Flow Rate [m3/s] = 0.67492
   **   ~~~   ** differs from Design Size Speed 1 Rated Air Flow Rate [m3/s] = 0.33962
   **   ~~~   ** This may, or may not, indicate mismatched component sizes.
   **   ~~~   ** Verify that the value entered is intended and is consistent with other components.
   ************* SizeDXCoil: Potential issue with equipment sizing for Coil:Cooling:DX:MultiSpeed PSZ-AC_5:5 COOLING COIL
   **   ~~~   ** User-Specified Speed 2 Gross Rated Total Cooling Capacity [W] = 21414.15000
   **   ~~~   ** differs from Design Size Speed 2 Gross Rated Total Cooling Capacity [W] = 16758.48369
   **   ~~~   ** This may, or may not, indicate mismatched component sizes.
   **   ~~~   ** Verify that the value entered is intended and is consistent with other components.
   ************* SizeDXCoil: Potential issue with equipment sizing for Coil:Cooling:DX:MultiSpeed PSZ-AC_5:5 COOLING COIL
   **   ~~~   ** User-Specified Speed 1 Gross Rated Total Cooling Capacity [W] = 10707.07500
   **   ~~~   ** differs from Design Size Speed 1 Gross Rated Total Cooling Capacity [W] = 8379.24185
   **   ~~~   ** This may, or may not, indicate mismatched component sizes.
   **   ~~~   ** Verify that the value entered is intended and is consistent with other components.
   ** Warning ** The Standard Ratings is calculated for Coil:Cooling:DX:MultiSpeed = PSZ-AC_5:5 COOLING COIL but not at the AHRI test condition due to curve out of bound.
   **   ~~~   **  Review the Standard Ratings calculations in the Engineering Reference for this coil type. Also, use Output:Diagnostics, DisplayExtraWarnings for further guidance.
   **   ~~~   ** CheckCurveLimitsForStandardRatings: The max and/or min limits specified in the corresponding curve objects
   **   ~~~   **  do not include the AHRI test conditions required to calculate one or more of the Standard Rating values.
   **   ~~~   ** Coil:Cooling:DX:MultiSpeed=PSZ-AC_5:5 COOLING COIL:  The Seasonal Energy Efficiency Ratio (SEER) calculated is not at the AHRI test condition.
   **   ~~~   **  Check limits in Total Cooling Capacity Function of Temperature Curve, Curve Type = Curve:Biquadratic, Curve Name = SMDX_CAPFT
   **   ~~~   **  Check limits in Energy Input Ratio Function of Temperature Curve, Curve Type = Curve:Biquadratic, Curve Name = SMDX_EIRFT
   ** Warning ** The Standard Ratings is calculated for Coil:Cooling:DX:MultiSpeed = PSZ-AC_5:5 COOLING COIL but not at the AHRI test condition due to curve out of bound.
   **   ~~~   **  Review the Standard Ratings calculations in the Engineering Reference for this coil type. Also, use Output:Diagnostics, DisplayExtraWarnings for further guidance.
   **   ~~~   ** CheckCurveLimitsForStandardRatings: The max and/or min limits specified in the corresponding curve objects
   **   ~~~   **  do not include the AHRI test conditions required to calculate one or more of the Standard Rating values.
   **   ~~~   ** Coil:Cooling:DX:MultiSpeed=PSZ-AC_5:5 COOLING COIL:  The Seasonal Energy Efficiency Ratio (SEER) calculated is not at the AHRI test condition.
   **   ~~~   **  Check limits in Total Cooling Capacity Function of Temperature Curve, Curve Type = Curve:Biquadratic, Curve Name = SMDX_CAPFT
   **   ~~~   **  Check limits in Energy Input Ratio Function of Temperature Curve, Curve Type = Curve:Biquadratic, Curve Name = SMDX_EIRFT
   ** Warning ** Sizing: Coil:Cooling:DX:MultiSpeed "PSZ-AC_5:5 COOLING COIL": Rated air volume flow rate per watt of rated total cooling capacity is out of range at speed 1
   **   ~~~   ** Min Rated Vol Flow Per Watt=[4.027E-005], Rated Vol Flow Per Watt=[6.303E-005], Max Rated Vol Flow Per Watt=[6.041E-005]. See Input Output Reference Manual for valid range.
   ************* SizeDXCoil: Potential issue with equipment sizing for Coil:Cooling:DX:MultiSpeed PSZ-AC_6:6 COOLING COIL
   **   ~~~   ** User-Specified Speed 2 Rated Air Flow Rate [m3/s] = 1.77518
   **   ~~~   ** differs from Design Size Speed 2 Rated Air Flow Rate [m3/s] = 1.32270
   **   ~~~   ** This may, or may not, indicate mismatched component sizes.
   **   ~~~   ** Verify that the value entered is intended and is consistent with other components.
   ************* SizeDXCoil: Potential issue with equipment sizing for Coil:Cooling:DX:MultiSpeed PSZ-AC_6:6 COOLING COIL
   **   ~~~   ** User-Specified Speed 1 Rated Air Flow Rate [m3/s] = 1.18345
   **   ~~~   ** differs from Design Size Speed 1 Rated Air Flow Rate [m3/s] = 0.66135
   **   ~~~   ** This may, or may not, indicate mismatched component sizes.
   **   ~~~   ** Verify that the value entered is intended and is consistent with other components.
   ************* SizeDXCoil: Potential issue with equipment sizing for Coil:Cooling:DX:MultiSpeed PSZ-AC_6:6 COOLING COIL
   **   ~~~   ** User-Specified Speed 2 Gross Rated Total Cooling Capacity [W] = 38591.68000
   **   ~~~   ** differs from Design Size Speed 2 Gross Rated Total Cooling Capacity [W] = 29385.53220
   **   ~~~   ** This may, or may not, indicate mismatched component sizes.
   **   ~~~   ** Verify that the value entered is intended and is consistent with other components.
   ************* SizeDXCoil: Potential issue with equipment sizing for Coil:Cooling:DX:MultiSpeed PSZ-AC_6:6 COOLING COIL
   **   ~~~   ** User-Specified Speed 1 Gross Rated Total Cooling Capacity [W] = 19295.84000
   **   ~~~   ** differs from Design Size Speed 1 Gross Rated Total Cooling Capacity [W] = 14692.76610
   **   ~~~   ** This may, or may not, indicate mismatched component sizes.
   **   ~~~   ** Verify that the value entered is intended and is consistent with other components.
   ** Warning ** The Standard Ratings is calculated for Coil:Cooling:DX:MultiSpeed = PSZ-AC_6:6 COOLING COIL but not at the AHRI test condition due to curve out of bound.
   **   ~~~   **  Review the Standard Ratings calculations in the Engineering Reference for this coil type. Also, use Output:Diagnostics, DisplayExtraWarnings for further guidance.
   **   ~~~   ** CheckCurveLimitsForStandardRatings: The max and/or min limits specified in the corresponding curve objects
   **   ~~~   **  do not include the AHRI test conditions required to calculate one or more of the Standard Rating values.
   **   ~~~   ** Coil:Cooling:DX:MultiSpeed=PSZ-AC_6:6 COOLING COIL:  The Seasonal Energy Efficiency Ratio (SEER) calculated is not at the AHRI test condition.
   **   ~~~   **  Check limits in Total Cooling Capacity Function of Temperature Curve, Curve Type = Curve:Biquadratic, Curve Name = SMDX_CAPFT
   **   ~~~   **  Check limits in Energy Input Ratio Function of Temperature Curve, Curve Type = Curve:Biquadratic, Curve Name = SMDX_EIRFT
   ** Warning ** The Standard Ratings is calculated for Coil:Cooling:DX:MultiSpeed = PSZ-AC_6:6 COOLING COIL but not at the AHRI test condition due to curve out of bound.
   **   ~~~   **  Review the Standard Ratings calculations in the Engineering Reference for this coil type. Also, use Output:Diagnostics, DisplayExtraWarnings for further guidance.
   **   ~~~   ** CheckCurveLimitsForStandardRatings: The max and/or min limits specified in the corresponding curve objects
   **   ~~~   **  do not include the AHRI test conditions required to calculate one or more of the Standard Rating values.
   **   ~~~   ** Coil:Cooling:DX:MultiSpeed=PSZ-AC_6:6 COOLING COIL:  The Seasonal Energy Efficiency Ratio (SEER) calculated is not at the AHRI test condition.
   **   ~~~   **  Check limits in Total Cooling Capacity Function of Temperature Curve, Curve Type = Curve:Biquadratic, Curve Name = SMDX_CAPFT
   **   ~~~   **  Check limits in Energy Input Ratio Function of Temperature Curve, Curve Type = Curve:Biquadratic, Curve Name = SMDX_EIRFT
   ** Warning ** Sizing: Coil:Cooling:DX:MultiSpeed "PSZ-AC_6:6 COOLING COIL": Rated air volume flow rate per watt of rated total cooling capacity is out of range at speed 1
   **   ~~~   ** Min Rated Vol Flow Per Watt=[4.027E-005], Rated Vol Flow Per Watt=[6.133E-005], Max Rated Vol Flow Per Watt=[6.041E-005]. See Input Output Reference Manual for valid range.
   ************* SizeDXCoil: Potential issue with equipment sizing for Coil:Cooling:DX:MultiSpeed PSZ-AC_7:7 COOLING COIL
   **   ~~~   ** User-Specified Speed 2 Rated Air Flow Rate [m3/s] = 0.92114
   **   ~~~   ** differs from Design Size Speed 2 Rated Air Flow Rate [m3/s] = 0.68273
   **   ~~~   ** This may, or may not, indicate mismatched component sizes.
   **   ~~~   ** Verify that the value entered is intended and is consistent with other components.
   ************* SizeDXCoil: Potential issue with equipment sizing for Coil:Cooling:DX:MultiSpeed PSZ-AC_7:7 COOLING COIL
   **   ~~~   ** User-Specified Speed 1 Rated Air Flow Rate [m3/s] = 0.61409
   **   ~~~   ** differs from Design Size Speed 1 Rated Air Flow Rate [m3/s] = 0.34137
   **   ~~~   ** This may, or may not, indicate mismatched component sizes.
   **   ~~~   ** Verify that the value entered is intended and is consistent with other components.
   ************* SizeDXCoil: Potential issue with equipment sizing for Coil:Cooling:DX:MultiSpeed PSZ-AC_7:7 COOLING COIL
   **   ~~~   ** User-Specified Speed 2 Gross Rated Total Cooling Capacity [W] = 19962.88000
   **   ~~~   ** differs from Design Size Speed 2 Gross Rated Total Cooling Capacity [W] = 15248.13773
   **   ~~~   ** This may, or may not, indicate mismatched component sizes.
   **   ~~~   ** Verify that the value entered is intended and is consistent with other components.
   ************* SizeDXCoil: Potential issue with equipment sizing for Coil:Cooling:DX:MultiSpeed PSZ-AC_7:7 COOLING COIL
   **   ~~~   ** User-Specified Speed 1 Gross Rated Total Cooling Capacity [W] = 9981.44000
   **   ~~~   ** differs from Design Size Speed 1 Gross Rated Total Cooling Capacity [W] = 7624.06886
   **   ~~~   ** This may, or may not, indicate mismatched component sizes.
   **   ~~~   ** Verify that the value entered is intended and is consistent with other components.
   ** Warning ** The Standard Ratings is calculated for Coil:Cooling:DX:MultiSpeed = PSZ-AC_7:7 COOLING COIL but not at the AHRI test condition due to curve out of bound.
   **   ~~~   **  Review the Standard Ratings calculations in the Engineering Reference for this coil type. Also, use Output:Diagnostics, DisplayExtraWarnings for further guidance.
   **   ~~~   ** CheckCurveLimitsForStandardRatings: The max and/or min limits specified in the corresponding curve objects
   **   ~~~   **  do not include the AHRI test conditions required to calculate one or more of the Standard Rating values.
   **   ~~~   ** Coil:Cooling:DX:MultiSpeed=PSZ-AC_7:7 COOLING COIL:  The Seasonal Energy Efficiency Ratio (SEER) calculated is not at the AHRI test condition.
   **   ~~~   **  Check limits in Total Cooling Capacity Function of Temperature Curve, Curve Type = Curve:Biquadratic, Curve Name = SMDX_CAPFT
   **   ~~~   **  Check limits in Energy Input Ratio Function of Temperature Curve, Curve Type = Curve:Biquadratic, Curve Name = SMDX_EIRFT
   ** Warning ** The Standard Ratings is calculated for Coil:Cooling:DX:MultiSpeed = PSZ-AC_7:7 COOLING COIL but not at the AHRI test condition due to curve out of bound.
   **   ~~~   **  Review the Standard Ratings calculations in the Engineering Reference for this coil type. Also, use Output:Diagnostics, DisplayExtraWarnings for further guidance.
   **   ~~~   ** CheckCurveLimitsForStandardRatings: The max and/or min limits specified in the corresponding curve objects
   **   ~~~   **  do not include the AHRI test conditions required to calculate one or more of the Standard Rating values.
   **   ~~~   ** Coil:Cooling:DX:MultiSpeed=PSZ-AC_7:7 COOLING COIL:  The Seasonal Energy Efficiency Ratio (SEER) calculated is not at the AHRI test condition.
   **   ~~~   **  Check limits in Total Cooling Capacity Function of Temperature Curve, Curve Type = Curve:Biquadratic, Curve Name = SMDX_CAPFT
   **   ~~~   **  Check limits in Energy Input Ratio Function of Temperature Curve, Curve Type = Curve:Biquadratic, Curve Name = SMDX_EIRFT
   ** Warning ** Sizing: Coil:Cooling:DX:MultiSpeed "PSZ-AC_7:7 COOLING COIL": Rated air volume flow rate per watt of rated total cooling capacity is out of range at speed 1
   **   ~~~   ** Min Rated Vol Flow Per Watt=[4.027E-005], Rated Vol Flow Per Watt=[6.152E-005], Max Rated Vol Flow Per Watt=[6.041E-005]. See Input Output Reference Manual for valid range.
   ************* SizeDXCoil: Potential issue with equipment sizing for Coil:Cooling:DX:MultiSpeed PSZ-AC_8:8 COOLING COIL
   **   ~~~   ** User-Specified Speed 2 Rated Air Flow Rate [m3/s] = 0.91511
   **   ~~~   ** differs from Design Size Speed 2 Rated Air Flow Rate [m3/s] = 0.67846
   **   ~~~   ** This may, or may not, indicate mismatched component sizes.
   **   ~~~   ** Verify that the value entered is intended and is consistent with other components.
   ************* SizeDXCoil: Potential issue with equipment sizing for Coil:Cooling:DX:MultiSpeed PSZ-AC_8:8 COOLING COIL
   **   ~~~   ** User-Specified Speed 1 Rated Air Flow Rate [m3/s] = 0.61007
   **   ~~~   ** differs from Design Size Speed 1 Rated Air Flow Rate [m3/s] = 0.33923
   **   ~~~   ** This may, or may not, indicate mismatched component sizes.
   **   ~~~   ** Verify that the value entered is intended and is consistent with other components.
   ************* SizeDXCoil: Potential issue with equipment sizing for Coil:Cooling:DX:MultiSpeed PSZ-AC_8:8 COOLING COIL
   **   ~~~   ** User-Specified Speed 2 Gross Rated Total Cooling Capacity [W] = 19866.44000
   **   ~~~   ** differs from Design Size Speed 2 Gross Rated Total Cooling Capacity [W] = 15148.31981
   **   ~~~   ** This may, or may not, indicate mismatched component sizes.
   **   ~~~   ** Verify that the value entered is intended and is consistent with other components.
   ************* SizeDXCoil: Potential issue with equipment sizing for Coil:Cooling:DX:MultiSpeed PSZ-AC_8:8 COOLING COIL
   **   ~~~   ** User-Specified Speed 1 Gross Rated Total Cooling Capacity [W] = 9933.22000
   **   ~~~   ** differs from Design Size Speed 1 Gross Rated Total Cooling Capacity [W] = 7574.15991
   **   ~~~   ** This may, or may not, indicate mismatched component sizes.
   **   ~~~   ** Verify that the value entered is intended and is consistent with other components.
   ** Warning ** The Standard Ratings is calculated for Coil:Cooling:DX:MultiSpeed = PSZ-AC_8:8 COOLING COIL but not at the AHRI test condition due to curve out of bound.
   **   ~~~   **  Review the Standard Ratings calculations in the Engineering Reference for this coil type. Also, use Output:Diagnostics, DisplayExtraWarnings for further guidance.
   **   ~~~   ** CheckCurveLimitsForStandardRatings: The max and/or min limits specified in the corresponding curve objects
   **   ~~~   **  do not include the AHRI test conditions required to calculate one or more of the Standard Rating values.
   **   ~~~   ** Coil:Cooling:DX:MultiSpeed=PSZ-AC_8:8 COOLING COIL:  The Seasonal Energy Efficiency Ratio (SEER) calculated is not at the AHRI test condition.
   **   ~~~   **  Check limits in Total Cooling Capacity Function of Temperature Curve, Curve Type = Curve:Biquadratic, Curve Name = SMDX_CAPFT
   **   ~~~   **  Check limits in Energy Input Ratio Function of Temperature Curve, Curve Type = Curve:Biquadratic, Curve Name = SMDX_EIRFT
   ** Warning ** The Standard Ratings is calculated for Coil:Cooling:DX:MultiSpeed = PSZ-AC_8:8 COOLING COIL but not at the AHRI test condition due to curve out of bound.
   **   ~~~   **  Review the Standard Ratings calculations in the Engineering Reference for this coil type. Also, use Output:Diagnostics, DisplayExtraWarnings for further guidance.
   **   ~~~   ** CheckCurveLimitsForStandardRatings: The max and/or min limits specified in the corresponding curve objects
   **   ~~~   **  do not include the AHRI test conditions required to calculate one or more of the Standard Rating values.
   **   ~~~   ** Coil:Cooling:DX:MultiSpeed=PSZ-AC_8:8 COOLING COIL:  The Seasonal Energy Efficiency Ratio (SEER) calculated is not at the AHRI test condition.
   **   ~~~   **  Check limits in Total Cooling Capacity Function of Temperature Curve, Curve Type = Curve:Biquadratic, Curve Name = SMDX_CAPFT
   **   ~~~   **  Check limits in Energy Input Ratio Function of Temperature Curve, Curve Type = Curve:Biquadratic, Curve Name = SMDX_EIRFT
   ** Warning ** Sizing: Coil:Cooling:DX:MultiSpeed "PSZ-AC_8:8 COOLING COIL": Rated air volume flow rate per watt of rated total cooling capacity is out of range at speed 1
   **   ~~~   ** Min Rated Vol Flow Per Watt=[4.027E-005], Rated Vol Flow Per Watt=[6.141E-005], Max Rated Vol Flow Per Watt=[6.041E-005]. See Input Output Reference Manual for valid range.
   ************* SizeDXCoil: Potential issue with equipment sizing for Coil:Cooling:DX:MultiSpeed PSZ-AC_9:9 COOLING COIL
   **   ~~~   ** User-Specified Speed 2 Rated Air Flow Rate [m3/s] = 0.90556
   **   ~~~   ** differs from Design Size Speed 2 Rated Air Flow Rate [m3/s] = 0.67678
   **   ~~~   ** This may, or may not, indicate mismatched component sizes.
   **   ~~~   ** Verify that the value entered is intended and is consistent with other components.
   ************* SizeDXCoil: Potential issue with equipment sizing for Coil:Cooling:DX:MultiSpeed PSZ-AC_9:9 COOLING COIL
   **   ~~~   ** User-Specified Speed 1 Rated Air Flow Rate [m3/s] = 0.60371
   **   ~~~   ** differs from Design Size Speed 1 Rated Air Flow Rate [m3/s] = 0.33839
   **   ~~~   ** This may, or may not, indicate mismatched component sizes.
   **   ~~~   ** Verify that the value entered is intended and is consistent with other components.
   ************* SizeDXCoil: Potential issue with equipment sizing for Coil:Cooling:DX:MultiSpeed PSZ-AC_9:9 COOLING COIL
   **   ~~~   ** User-Specified Speed 2 Gross Rated Total Cooling Capacity [W] = 19692.33000
   **   ~~~   ** differs from Design Size Speed 2 Gross Rated Total Cooling Capacity [W] = 14990.23341
   **   ~~~   ** This may, or may not, indicate mismatched component sizes.
   **   ~~~   ** Verify that the value entered is intended and is consistent with other components.
   ************* SizeDXCoil: Potential issue with equipment sizing for Coil:Cooling:DX:MultiSpeed PSZ-AC_9:9 COOLING COIL
   **   ~~~   ** User-Specified Speed 1 Gross Rated Total Cooling Capacity [W] = 9846.16500
   **   ~~~   ** differs from Design Size Speed 1 Gross Rated Total Cooling Capacity [W] = 7495.11670
   **   ~~~   ** This may, or may not, indicate mismatched component sizes.
   **   ~~~   ** Verify that the value entered is intended and is consistent with other components.
   ** Warning ** The Standard Ratings is calculated for Coil:Cooling:DX:MultiSpeed = PSZ-AC_9:9 COOLING COIL but not at the AHRI test condition due to curve out of bound.
   **   ~~~   **  Review the Standard Ratings calculations in the Engineering Reference for this coil type. Also, use Output:Diagnostics, DisplayExtraWarnings for further guidance.
   **   ~~~   ** CheckCurveLimitsForStandardRatings: The max and/or min limits specified in the corresponding curve objects
   **   ~~~   **  do not include the AHRI test conditions required to calculate one or more of the Standard Rating values.
   **   ~~~   ** Coil:Cooling:DX:MultiSpeed=PSZ-AC_9:9 COOLING COIL:  The Seasonal Energy Efficiency Ratio (SEER) calculated is not at the AHRI test condition.
   **   ~~~   **  Check limits in Total Cooling Capacity Function of Temperature Curve, Curve Type = Curve:Biquadratic, Curve Name = SMDX_CAPFT
   **   ~~~   **  Check limits in Energy Input Ratio Function of Temperature Curve, Curve Type = Curve:Biquadratic, Curve Name = SMDX_EIRFT
   ** Warning ** The Standard Ratings is calculated for Coil:Cooling:DX:MultiSpeed = PSZ-AC_9:9 COOLING COIL but not at the AHRI test condition due to curve out of bound.
   **   ~~~   **  Review the Standard Ratings calculations in the Engineering Reference for this coil type. Also, use Output:Diagnostics, DisplayExtraWarnings for further guidance.
   **   ~~~   ** CheckCurveLimitsForStandardRatings: The max and/or min limits specified in the corresponding curve objects
   **   ~~~   **  do not include the AHRI test conditions required to calculate one or more of the Standard Rating values.
   **   ~~~   ** Coil:Cooling:DX:MultiSpeed=PSZ-AC_9:9 COOLING COIL:  The Seasonal Energy Efficiency Ratio (SEER) calculated is not at the AHRI test condition.
   **   ~~~   **  Check limits in Total Cooling Capacity Function of Temperature Curve, Curve Type = Curve:Biquadratic, Curve Name = SMDX_CAPFT
   **   ~~~   **  Check limits in Energy Input Ratio Function of Temperature Curve, Curve Type = Curve:Biquadratic, Curve Name = SMDX_EIRFT
   ** Warning ** Sizing: Coil:Cooling:DX:MultiSpeed "PSZ-AC_9:9 COOLING COIL": Rated air volume flow rate per watt of rated total cooling capacity is out of range at speed 1
   **   ~~~   ** Min Rated Vol Flow Per Watt=[4.027E-005], Rated Vol Flow Per Watt=[6.131E-005], Max Rated Vol Flow Per Watt=[6.041E-005]. See Input Output Reference Manual for valid range.
   ************* SizeDXCoil: Potential issue with equipment sizing for Coil:Cooling:DX:MultiSpeed PSZ-AC_10:10 COOLING COIL
   **   ~~~   ** User-Specified Speed 2 Rated Air Flow Rate [m3/s] = 0.96130
   **   ~~~   ** differs from Design Size Speed 2 Rated Air Flow Rate [m3/s] = 0.75076
   **   ~~~   ** This may, or may not, indicate mismatched component sizes.
   **   ~~~   ** Verify that the value entered is intended and is consistent with other components.
   ************* SizeDXCoil: Potential issue with equipment sizing for Coil:Cooling:DX:MultiSpeed PSZ-AC_10:10 COOLING COIL
   **   ~~~   ** User-Specified Speed 1 Rated Air Flow Rate [m3/s] = 0.64087
   **   ~~~   ** differs from Design Size Speed 1 Rated Air Flow Rate [m3/s] = 0.37538
   **   ~~~   ** This may, or may not, indicate mismatched component sizes.
   **   ~~~   ** Verify that the value entered is intended and is consistent with other components.
   ************* SizeDXCoil: Potential issue with equipment sizing for Coil:Cooling:DX:MultiSpeed PSZ-AC_10:10 COOLING COIL
   **   ~~~   ** User-Specified Speed 2 Gross Rated Total Cooling Capacity [W] = 20616.94000
   **   ~~~   ** differs from Design Size Speed 2 Gross Rated Total Cooling Capacity [W] = 15912.92832
   **   ~~~   ** This may, or may not, indicate mismatched component sizes.
   **   ~~~   ** Verify that the value entered is intended and is consistent with other components.
   ************* SizeDXCoil: Potential issue with equipment sizing for Coil:Cooling:DX:MultiSpeed PSZ-AC_10:10 COOLING COIL
   **   ~~~   ** User-Specified Speed 1 Gross Rated Total Cooling Capacity [W] = 10308.47000
   **   ~~~   ** differs from Design Size Speed 1 Gross Rated Total Cooling Capacity [W] = 7956.46416
   **   ~~~   ** This may, or may not, indicate mismatched component sizes.
   **   ~~~   ** Verify that the value entered is intended and is consistent with other components.
   ** Warning ** The Standard Ratings is calculated for Coil:Cooling:DX:MultiSpeed = PSZ-AC_10:10 COOLING COIL but not at the AHRI test condition due to curve out of bound.
   **   ~~~   **  Review the Standard Ratings calculations in the Engineering Reference for this coil type. Also, use Output:Diagnostics, DisplayExtraWarnings for further guidance.
   **   ~~~   ** CheckCurveLimitsForStandardRatings: The max and/or min limits specified in the corresponding curve objects
   **   ~~~   **  do not include the AHRI test conditions required to calculate one or more of the Standard Rating values.
   **   ~~~   ** Coil:Cooling:DX:MultiSpeed=PSZ-AC_10:10 COOLING COIL:  The Seasonal Energy Efficiency Ratio (SEER) calculated is not at the AHRI test condition.
   **   ~~~   **  Check limits in Total Cooling Capacity Function of Temperature Curve, Curve Type = Curve:Biquadratic, Curve Name = SMDX_CAPFT
   **   ~~~   **  Check limits in Energy Input Ratio Function of Temperature Curve, Curve Type = Curve:Biquadratic, Curve Name = SMDX_EIRFT
   ** Warning ** The Standard Ratings is calculated for Coil:Cooling:DX:MultiSpeed = PSZ-AC_10:10 COOLING COIL but not at the AHRI test condition due to curve out of bound.
   **   ~~~   **  Review the Standard Ratings calculations in the Engineering Reference for this coil type. Also, use Output:Diagnostics, DisplayExtraWarnings for further guidance.
   **   ~~~   ** CheckCurveLimitsForStandardRatings: The max and/or min limits specified in the corresponding curve objects
   **   ~~~   **  do not include the AHRI test conditions required to calculate one or more of the Standard Rating values.
   **   ~~~   ** Coil:Cooling:DX:MultiSpeed=PSZ-AC_10:10 COOLING COIL:  The Seasonal Energy Efficiency Ratio (SEER) calculated is not at the AHRI test condition.
   **   ~~~   **  Check limits in Total Cooling Capacity Function of Temperature Curve, Curve Type = Curve:Biquadratic, Curve Name = SMDX_CAPFT
   **   ~~~   **  Check limits in Energy Input Ratio Function of Temperature Curve, Curve Type = Curve:Biquadratic, Curve Name = SMDX_EIRFT
   ** Warning ** Sizing: Coil:Cooling:DX:MultiSpeed "PSZ-AC_10:10 COOLING COIL": Rated air volume flow rate per watt of rated total cooling capacity is out of range at speed 1
   **   ~~~   ** Min Rated Vol Flow Per Watt=[4.027E-005], Rated Vol Flow Per Watt=[6.216E-005], Max Rated Vol Flow Per Watt=[6.041E-005]. See Input Output Reference Manual for valid range.
   ** Warning ** Output:Meter: invalid Key Name="DISTRICTHEATING:FACILITY" - not found.
   ** Warning ** Output:Meter: invalid Key Name="DISTRICTCOOLING:FACILITY" - not found.
   ** Warning ** Output:Meter:MeterFileOnly: invalid Key Name="GAS:FACILITY" - not found.
   ************* Testing Individual Branch Integrity
   ************* All Branches passed integrity testing
   ************* Testing Individual Supply Air Path Integrity
   ************* All Supply Air Paths passed integrity testing
   ************* Testing Individual Return Air Path Integrity
   ************* All Return Air Paths passed integrity testing
   ************* No node connection errors were found.
   ************* Beginning Simulation
   ** Warning ** In Output:Table:Monthly 'SpaceGainsMonthly' invalid Variable or Meter Name 'ZONE GAS EQUIPMENT TOTAL HEATING ENERGY'
   ** Warning ** In Output:Table:Monthly 'SpaceGainsMonthly' invalid Variable or Meter Name 'ZONE HOT WATER EQUIPMENT TOTAL HEATING ENERGY'
   ** Warning ** In Output:Table:Monthly 'SpaceGainsMonthly' invalid Variable or Meter Name 'ZONE STEAM EQUIPMENT TOTAL HEATING ENERGY'
   ** Warning ** In Output:Table:Monthly 'SpaceGainsMonthly' invalid Variable or Meter Name 'ZONE OTHER EQUIPMENT TOTAL HEATING ENERGY'
   ** Warning ** In Output:Table:Monthly 'PeakSpaceGainsMonthly' invalid Variable or Meter Name 'ZONE GAS EQUIPMENT TOTAL HEATING ENERGY'
   ** Warning ** In Output:Table:Monthly 'PeakSpaceGainsMonthly' invalid Variable or Meter Name 'ZONE HOT WATER EQUIPMENT TOTAL HEATING ENERGY'
   ** Warning ** In Output:Table:Monthly 'PeakSpaceGainsMonthly' invalid Variable or Meter Name 'ZONE STEAM EQUIPMENT TOTAL HEATING ENERGY'
   ** Warning ** In Output:Table:Monthly 'PeakSpaceGainsMonthly' invalid Variable or Meter Name 'ZONE OTHER EQUIPMENT TOTAL HEATING ENERGY'
   ** Warning ** In Output:Table:Monthly 'SpaceGainComponentsAtCoolingPeakMonthly' invalid Variable or Meter Name 'ZONE GAS EQUIPMENT TOTAL HEATING ENERGY'
   ** Warning ** In Output:Table:Monthly 'SpaceGainComponentsAtCoolingPeakMonthly' invalid Variable or Meter Name 'ZONE HOT WATER EQUIPMENT TOTAL HEATING ENERGY'
   ** Warning ** In Output:Table:Monthly 'SpaceGainComponentsAtCoolingPeakMonthly' invalid Variable or Meter Name 'ZONE STEAM EQUIPMENT TOTAL HEATING ENERGY'
   ** Warning ** In Output:Table:Monthly 'SpaceGainComponentsAtCoolingPeakMonthly' invalid Variable or Meter Name 'ZONE OTHER EQUIPMENT TOTAL HEATING ENERGY'
   ** Warning ** In Output:Table:Monthly 'EnergyConsumptionElectricityGeneratedPropaneMonthly' invalid Variable or Meter Name 'ELECTRICITYPRODUCED:FACILITY'
   ** Warning ** In Output:Table:Monthly 'EnergyConsumptionElectricityGeneratedPropaneMonthly' invalid Variable or Meter Name 'ELECTRICITYPRODUCED:FACILITY'
   ** Warning ** In Output:Table:Monthly 'EnergyConsumptionElectricityGeneratedPropaneMonthly' invalid Variable or Meter Name 'PROPANE:FACILITY'
   ** Warning ** In Output:Table:Monthly 'EnergyConsumptionElectricityGeneratedPropaneMonthly' invalid Variable or Meter Name 'PROPANE:FACILITY'
   ** Warning ** In Output:Table:Monthly 'EnergyConsumptionDieselFuelOilMonthly' invalid Variable or Meter Name 'DIESEL:FACILITY'
   ** Warning ** In Output:Table:Monthly 'EnergyConsumptionDieselFuelOilMonthly' invalid Variable or Meter Name 'DIESEL:FACILITY'
   ** Warning ** In Output:Table:Monthly 'EnergyConsumptionDieselFuelOilMonthly' invalid Variable or Meter Name 'FUELOILNO1:FACILITY'
   ** Warning ** In Output:Table:Monthly 'EnergyConsumptionDieselFuelOilMonthly' invalid Variable or Meter Name 'FUELOILNO1:FACILITY'
   ** Warning ** In Output:Table:Monthly 'EnergyConsumptionDieselFuelOilMonthly' invalid Variable or Meter Name 'FUELOILNO2:FACILITY'
   ** Warning ** In Output:Table:Monthly 'EnergyConsumptionDieselFuelOilMonthly' invalid Variable or Meter Name 'FUELOILNO2:FACILITY'
   ** Warning ** In Output:Table:Monthly 'EnergyConsumptionDistrictHeatingCoolingMonthly' invalid Variable or Meter Name 'DISTRICTCOOLING:FACILITY'
   ** Warning ** In Output:Table:Monthly 'EnergyConsumptionDistrictHeatingCoolingMonthly' invalid Variable or Meter Name 'DISTRICTCOOLING:FACILITY'
   ** Warning ** In Output:Table:Monthly 'EnergyConsumptionDistrictHeatingCoolingMonthly' invalid Variable or Meter Name 'DISTRICTHEATING:FACILITY'
   ** Warning ** In Output:Table:Monthly 'EnergyConsumptionDistrictHeatingCoolingMonthly' invalid Variable or Meter Name 'DISTRICTHEATING:FACILITY'
   ** Warning ** In Output:Table:Monthly 'EnergyConsumptionCoalGasolineMonthly' invalid Variable or Meter Name 'COAL:FACILITY'
   ** Warning ** In Output:Table:Monthly 'EnergyConsumptionCoalGasolineMonthly' invalid Variable or Meter Name 'COAL:FACILITY'
   ** Warning ** In Output:Table:Monthly 'EnergyConsumptionCoalGasolineMonthly' invalid Variable or Meter Name 'GASOLINE:FACILITY'
   ** Warning ** In Output:Table:Monthly 'EnergyConsumptionCoalGasolineMonthly' invalid Variable or Meter Name 'GASOLINE:FACILITY'
   ** Warning ** In Output:Table:Monthly 'EnergyConsumptionOtherFuelsMonthly' invalid Variable or Meter Name 'OTHERFUEL1:FACILITY'
   ** Warning ** In Output:Table:Monthly 'EnergyConsumptionOtherFuelsMonthly' invalid Variable or Meter Name 'OTHERFUEL1:FACILITY'
   ** Warning ** In Output:Table:Monthly 'EnergyConsumptionOtherFuelsMonthly' invalid Variable or Meter Name 'OTHERFUEL2:FACILITY'
   ** Warning ** In Output:Table:Monthly 'EnergyConsumptionOtherFuelsMonthly' invalid Variable or Meter Name 'OTHERFUEL2:FACILITY'
   ** Warning ** In Output:Table:Monthly 'EndUseEnergyConsumptionElectricityMonthly' invalid Variable or Meter Name 'EXTERIOREQUIPMENT:ELECTRICITY'
   ** Warning ** In Output:Table:Monthly 'EndUseEnergyConsumptionElectricityMonthly' invalid Variable or Meter Name 'PUMPS:ELECTRICITY'
   ** Warning ** In Output:Table:Monthly 'EndUseEnergyConsumptionElectricityMonthly' invalid Variable or Meter Name 'HEATREJECTION:ELECTRICITY'
   ** Warning ** In Output:Table:Monthly 'EndUseEnergyConsumptionElectricityMonthly' invalid Variable or Meter Name 'HUMIDIFIER:ELECTRICITY'
   ** Warning ** In Output:Table:Monthly 'EndUseEnergyConsumptionElectricityMonthly' invalid Variable or Meter Name 'HEATRECOVERY:ELECTRICITY'
   ** Warning ** In Output:Table:Monthly 'EndUseEnergyConsumptionElectricityMonthly' invalid Variable or Meter Name 'COGENERATION:ELECTRICITY'
   ** Warning ** In Output:Table:Monthly 'EndUseEnergyConsumptionNaturalGasMonthly' invalid Variable or Meter Name 'INTERIOREQUIPMENT:NATURALGAS'
   ** Warning ** In Output:Table:Monthly 'EndUseEnergyConsumptionNaturalGasMonthly' invalid Variable or Meter Name 'EXTERIOREQUIPMENT:NATURALGAS'
   ** Warning ** In Output:Table:Monthly 'EndUseEnergyConsumptionNaturalGasMonthly' invalid Variable or Meter Name 'COOLING:NATURALGAS'
   ** Warning ** In Output:Table:Monthly 'EndUseEnergyConsumptionNaturalGasMonthly' invalid Variable or Meter Name 'WATERSYSTEMS:NATURALGAS'
   ** Warning ** In Output:Table:Monthly 'EndUseEnergyConsumptionNaturalGasMonthly' invalid Variable or Meter Name 'COGENERATION:NATURALGAS'
   ** Warning ** In Output:Table:Monthly 'EndUseEnergyConsumptionNaturalGasMonthly' invalid Variable or Meter Name 'HUMIDIFIER:NATURALGAS'
   ** Warning ** In Output:Table:Monthly 'EndUseEnergyConsumptionDieselMonthly' invalid Variable or Meter Name 'EXTERIOREQUIPMENT:DIESEL'
   ** Warning ** In Output:Table:Monthly 'EndUseEnergyConsumptionDieselMonthly' invalid Variable or Meter Name 'COOLING:DIESEL'
   ** Warning ** In Output:Table:Monthly 'EndUseEnergyConsumptionDieselMonthly' invalid Variable or Meter Name 'HEATING:DIESEL'
   ** Warning ** In Output:Table:Monthly 'EndUseEnergyConsumptionDieselMonthly' invalid Variable or Meter Name 'WATERSYSTEMS:DIESEL'
   ** Warning ** In Output:Table:Monthly 'EndUseEnergyConsumptionDieselMonthly' invalid Variable or Meter Name 'COGENERATION:DIESEL'
   ** Warning ** In Output:Table:Monthly 'EndUseEnergyConsumptionFuelOilMonthly' invalid Variable or Meter Name 'EXTERIOREQUIPMENT:FUELOILNO1'
   ** Warning ** In Output:Table:Monthly 'EndUseEnergyConsumptionFuelOilMonthly' invalid Variable or Meter Name 'COOLING:FUELOILNO1'
   ** Warning ** In Output:Table:Monthly 'EndUseEnergyConsumptionFuelOilMonthly' invalid Variable or Meter Name 'HEATING:FUELOILNO1'
   ** Warning ** In Output:Table:Monthly 'EndUseEnergyConsumptionFuelOilMonthly' invalid Variable or Meter Name 'WATERSYSTEMS:FUELOILNO1'
   ** Warning ** In Output:Table:Monthly 'EndUseEnergyConsumptionFuelOilMonthly' invalid Variable or Meter Name 'COGENERATION:FUELOILNO1'
   ** Warning ** In Output:Table:Monthly 'EndUseEnergyConsumptionFuelOilMonthly' invalid Variable or Meter Name 'EXTERIOREQUIPMENT:FUELOILNO2'
   ** Warning ** In Output:Table:Monthly 'EndUseEnergyConsumptionFuelOilMonthly' invalid Variable or Meter Name 'COOLING:FUELOILNO2'
   ** Warning ** In Output:Table:Monthly 'EndUseEnergyConsumptionFuelOilMonthly' invalid Variable or Meter Name 'HEATING:FUELOILNO2'
   ** Warning ** In Output:Table:Monthly 'EndUseEnergyConsumptionFuelOilMonthly' invalid Variable or Meter Name 'WATERSYSTEMS:FUELOILNO2'
   ** Warning ** In Output:Table:Monthly 'EndUseEnergyConsumptionFuelOilMonthly' invalid Variable or Meter Name 'COGENERATION:FUELOILNO2'
   ** Warning ** In Output:Table:Monthly 'EndUseEnergyConsumptionCoalMonthly' invalid Variable or Meter Name 'EXTERIOREQUIPMENT:COAL'
   ** Warning ** In Output:Table:Monthly 'EndUseEnergyConsumptionCoalMonthly' invalid Variable or Meter Name 'HEATING:COAL'
   ** Warning ** In Output:Table:Monthly 'EndUseEnergyConsumptionCoalMonthly' invalid Variable or Meter Name 'WATERSYSTEMS:COAL'
   ** Warning ** In Output:Table:Monthly 'EndUseEnergyConsumptionPropaneMonthly' invalid Variable or Meter Name 'EXTERIOREQUIPMENT:PROPANE'
   ** Warning ** In Output:Table:Monthly 'EndUseEnergyConsumptionPropaneMonthly' invalid Variable or Meter Name 'COOLING:PROPANE'
   ** Warning ** In Output:Table:Monthly 'EndUseEnergyConsumptionPropaneMonthly' invalid Variable or Meter Name 'HEATING:PROPANE'
   ** Warning ** In Output:Table:Monthly 'EndUseEnergyConsumptionPropaneMonthly' invalid Variable or Meter Name 'WATERSYSTEMS:PROPANE'
   ** Warning ** In Output:Table:Monthly 'EndUseEnergyConsumptionPropaneMonthly' invalid Variable or Meter Name 'COGENERATION:PROPANE'
   ** Warning ** In Output:Table:Monthly 'EndUseEnergyConsumptionPropaneMonthly' invalid Variable or Meter Name 'HUMIDIFIER:PROPANE'
   ** Warning ** In Output:Table:Monthly 'EndUseEnergyConsumptionGasolineMonthly' invalid Variable or Meter Name 'EXTERIOREQUIPMENT:GASOLINE'
   ** Warning ** In Output:Table:Monthly 'EndUseEnergyConsumptionGasolineMonthly' invalid Variable or Meter Name 'COOLING:GASOLINE'
   ** Warning ** In Output:Table:Monthly 'EndUseEnergyConsumptionGasolineMonthly' invalid Variable or Meter Name 'HEATING:GASOLINE'
   ** Warning ** In Output:Table:Monthly 'EndUseEnergyConsumptionGasolineMonthly' invalid Variable or Meter Name 'WATERSYSTEMS:GASOLINE'
   ** Warning ** In Output:Table:Monthly 'EndUseEnergyConsumptionGasolineMonthly' invalid Variable or Meter Name 'COGENERATION:GASOLINE'
   ** Warning ** In Output:Table:Monthly 'EndUseEnergyConsumptionOtherFuelsMonthly' invalid Variable or Meter Name 'EXTERIOREQUIPMENT:OTHERFUEL1'
   ** Warning ** In Output:Table:Monthly 'EndUseEnergyConsumptionOtherFuelsMonthly' invalid Variable or Meter Name 'COOLING:OTHERFUEL1'
   ** Warning ** In Output:Table:Monthly 'EndUseEnergyConsumptionOtherFuelsMonthly' invalid Variable or Meter Name 'HEATING:OTHERFUEL1'
   ** Warning ** In Output:Table:Monthly 'EndUseEnergyConsumptionOtherFuelsMonthly' invalid Variable or Meter Name 'WATERSYSTEMS:OTHERFUEL1'
   ** Warning ** In Output:Table:Monthly 'EndUseEnergyConsumptionOtherFuelsMonthly' invalid Variable or Meter Name 'COGENERATION:OTHERFUEL1'
   ** Warning ** In Output:Table:Monthly 'EndUseEnergyConsumptionOtherFuelsMonthly' invalid Variable or Meter Name 'EXTERIOREQUIPMENT:OTHERFUEL2'
   ** Warning ** In Output:Table:Monthly 'EndUseEnergyConsumptionOtherFuelsMonthly' invalid Variable or Meter Name 'COOLING:OTHERFUEL2'
   ** Warning ** In Output:Table:Monthly 'EndUseEnergyConsumptionOtherFuelsMonthly' invalid Variable or Meter Name 'HEATING:OTHERFUEL2'
   ** Warning ** In Output:Table:Monthly 'EndUseEnergyConsumptionOtherFuelsMonthly' invalid Variable or Meter Name 'WATERSYSTEMS:OTHERFUEL2'
   ** Warning ** In Output:Table:Monthly 'EndUseEnergyConsumptionOtherFuelsMonthly' invalid Variable or Meter Name 'COGENERATION:OTHERFUEL2'
   ** Warning ** In Output:Table:Monthly 'PeakEnergyEndUseElectricityPart1Monthly' invalid Variable or Meter Name 'EXTERIOREQUIPMENT:ELECTRICITY'
   ** Warning ** In Output:Table:Monthly 'PeakEnergyEndUseElectricityPart1Monthly' invalid Variable or Meter Name 'PUMPS:ELECTRICITY'
   ** Warning ** In Output:Table:Monthly 'PeakEnergyEndUseElectricityPart2Monthly' invalid Variable or Meter Name 'HEATREJECTION:ELECTRICITY'
   ** Warning ** In Output:Table:Monthly 'PeakEnergyEndUseElectricityPart2Monthly' invalid Variable or Meter Name 'HUMIDIFIER:ELECTRICITY'
   ** Warning ** In Output:Table:Monthly 'PeakEnergyEndUseElectricityPart2Monthly' invalid Variable or Meter Name 'HEATRECOVERY:ELECTRICITY'
   ** Warning ** In Output:Table:Monthly 'PeakEnergyEndUseElectricityPart2Monthly' invalid Variable or Meter Name 'COGENERATION:ELECTRICITY'
   ** Warning ** In Output:Table:Monthly 'ElectricComponentsOfPeakDemandMonthly' invalid Variable or Meter Name 'EXTERIOREQUIPMENT:ELECTRICITY'
   ** Warning ** In Output:Table:Monthly 'ElectricComponentsOfPeakDemandMonthly' invalid Variable or Meter Name 'PUMPS:ELECTRICITY'
   ** Warning ** In Output:Table:Monthly 'ElectricComponentsOfPeakDemandMonthly' invalid Variable or Meter Name 'HEATREJECTION:ELECTRICITY'
   ** Warning ** In Output:Table:Monthly 'PeakEnergyEndUseNaturalGasMonthly' invalid Variable or Meter Name 'INTERIOREQUIPMENT:NATURALGAS'
   ** Warning ** In Output:Table:Monthly 'PeakEnergyEndUseNaturalGasMonthly' invalid Variable or Meter Name 'EXTERIOREQUIPMENT:NATURALGAS'
   ** Warning ** In Output:Table:Monthly 'PeakEnergyEndUseNaturalGasMonthly' invalid Variable or Meter Name 'COOLING:NATURALGAS'
   ** Warning ** In Output:Table:Monthly 'PeakEnergyEndUseNaturalGasMonthly' invalid Variable or Meter Name 'WATERSYSTEMS:NATURALGAS'
   ** Warning ** In Output:Table:Monthly 'PeakEnergyEndUseNaturalGasMonthly' invalid Variable or Meter Name 'COGENERATION:NATURALGAS'
   ** Warning ** In Output:Table:Monthly 'PeakEnergyEndUseDieselMonthly' invalid Variable or Meter Name 'EXTERIOREQUIPMENT:DIESEL'
   ** Warning ** In Output:Table:Monthly 'PeakEnergyEndUseDieselMonthly' invalid Variable or Meter Name 'COOLING:DIESEL'
   ** Warning ** In Output:Table:Monthly 'PeakEnergyEndUseDieselMonthly' invalid Variable or Meter Name 'HEATING:DIESEL'
   ** Warning ** In Output:Table:Monthly 'PeakEnergyEndUseDieselMonthly' invalid Variable or Meter Name 'WATERSYSTEMS:DIESEL'
   ** Warning ** In Output:Table:Monthly 'PeakEnergyEndUseDieselMonthly' invalid Variable or Meter Name 'COGENERATION:DIESEL'
   ** Warning ** In Output:Table:Monthly 'PeakEnergyEndUseFuelOilMonthly' invalid Variable or Meter Name 'EXTERIOREQUIPMENT:FUELOILNO1'
   ** Warning ** In Output:Table:Monthly 'PeakEnergyEndUseFuelOilMonthly' invalid Variable or Meter Name 'COOLING:FUELOILNO1'
   ** Warning ** In Output:Table:Monthly 'PeakEnergyEndUseFuelOilMonthly' invalid Variable or Meter Name 'HEATING:FUELOILNO1'
   ** Warning ** In Output:Table:Monthly 'PeakEnergyEndUseFuelOilMonthly' invalid Variable or Meter Name 'WATERSYSTEMS:FUELOILNO1'
   ** Warning ** In Output:Table:Monthly 'PeakEnergyEndUseFuelOilMonthly' invalid Variable or Meter Name 'COGENERATION:FUELOILNO1'
   ** Warning ** In Output:Table:Monthly 'PeakEnergyEndUseFuelOilMonthly' invalid Variable or Meter Name 'EXTERIOREQUIPMENT:FUELOILNO2'
   ** Warning ** In Output:Table:Monthly 'PeakEnergyEndUseFuelOilMonthly' invalid Variable or Meter Name 'COOLING:FUELOILNO2'
   ** Warning ** In Output:Table:Monthly 'PeakEnergyEndUseFuelOilMonthly' invalid Variable or Meter Name 'HEATING:FUELOILNO2'
   ** Warning ** In Output:Table:Monthly 'PeakEnergyEndUseFuelOilMonthly' invalid Variable or Meter Name 'WATERSYSTEMS:FUELOILNO2'
   ** Warning ** In Output:Table:Monthly 'PeakEnergyEndUseFuelOilMonthly' invalid Variable or Meter Name 'COGENERATION:FUELOILNO2'
   ** Warning ** In Output:Table:Monthly 'PeakEnergyEndUseCoalMonthly' invalid Variable or Meter Name 'EXTERIOREQUIPMENT:COAL'
   ** Warning ** In Output:Table:Monthly 'PeakEnergyEndUseCoalMonthly' invalid Variable or Meter Name 'HEATING:COAL'
   ** Warning ** In Output:Table:Monthly 'PeakEnergyEndUseCoalMonthly' invalid Variable or Meter Name 'WATERSYSTEMS:COAL'
   ** Warning ** In Output:Table:Monthly 'PeakEnergyEndUsePropaneMonthly' invalid Variable or Meter Name 'EXTERIOREQUIPMENT:PROPANE'
   ** Warning ** In Output:Table:Monthly 'PeakEnergyEndUsePropaneMonthly' invalid Variable or Meter Name 'COOLING:PROPANE'
   ** Warning ** In Output:Table:Monthly 'PeakEnergyEndUsePropaneMonthly' invalid Variable or Meter Name 'HEATING:PROPANE'
   ** Warning ** In Output:Table:Monthly 'PeakEnergyEndUsePropaneMonthly' invalid Variable or Meter Name 'WATERSYSTEMS:PROPANE'
   ** Warning ** In Output:Table:Monthly 'PeakEnergyEndUsePropaneMonthly' invalid Variable or Meter Name 'COGENERATION:PROPANE'
   ** Warning ** In Output:Table:Monthly 'PeakEnergyEndUseGasolineMonthly' invalid Variable or Meter Name 'EXTERIOREQUIPMENT:GASOLINE'
   ** Warning ** In Output:Table:Monthly 'PeakEnergyEndUseGasolineMonthly' invalid Variable or Meter Name 'COOLING:GASOLINE'
   ** Warning ** In Output:Table:Monthly 'PeakEnergyEndUseGasolineMonthly' invalid Variable or Meter Name 'HEATING:GASOLINE'
   ** Warning ** In Output:Table:Monthly 'PeakEnergyEndUseGasolineMonthly' invalid Variable or Meter Name 'WATERSYSTEMS:GASOLINE'
   ** Warning ** In Output:Table:Monthly 'PeakEnergyEndUseGasolineMonthly' invalid Variable or Meter Name 'COGENERATION:GASOLINE'
   ** Warning ** In Output:Table:Monthly 'PeakEnergyEndUseOtherFuelsMonthly' invalid Variable or Meter Name 'EXTERIOREQUIPMENT:OTHERFUEL1'
   ** Warning ** In Output:Table:Monthly 'PeakEnergyEndUseOtherFuelsMonthly' invalid Variable or Meter Name 'COOLING:OTHERFUEL1'
   ** Warning ** In Output:Table:Monthly 'PeakEnergyEndUseOtherFuelsMonthly' invalid Variable or Meter Name 'HEATING:OTHERFUEL1'
   ** Warning ** In Output:Table:Monthly 'PeakEnergyEndUseOtherFuelsMonthly' invalid Variable or Meter Name 'WATERSYSTEMS:OTHERFUEL1'
   ** Warning ** In Output:Table:Monthly 'PeakEnergyEndUseOtherFuelsMonthly' invalid Variable or Meter Name 'COGENERATION:OTHERFUEL1'
   ** Warning ** In Output:Table:Monthly 'PeakEnergyEndUseOtherFuelsMonthly' invalid Variable or Meter Name 'EXTERIOREQUIPMENT:OTHERFUEL2'
   ** Warning ** In Output:Table:Monthly 'PeakEnergyEndUseOtherFuelsMonthly' invalid Variable or Meter Name 'COOLING:OTHERFUEL2'
   ** Warning ** In Output:Table:Monthly 'PeakEnergyEndUseOtherFuelsMonthly' invalid Variable or Meter Name 'HEATING:OTHERFUEL2'
   ** Warning ** In Output:Table:Monthly 'PeakEnergyEndUseOtherFuelsMonthly' invalid Variable or Meter Name 'WATERSYSTEMS:OTHERFUEL2'
   ** Warning ** In Output:Table:Monthly 'PeakEnergyEndUseOtherFuelsMonthly' invalid Variable or Meter Name 'COGENERATION:OTHERFUEL2'
   ** Warning ** In Output:Table:Monthly 'UnglazedTranspiredSolarCollectorSummaryMonthly' invalid Variable or Meter Name 'SOLAR COLLECTOR SYSTEM EFFICIENCY'
   ** Warning ** In Output:Table:Monthly 'UnglazedTranspiredSolarCollectorSummaryMonthly' invalid Variable or Meter Name 'SOLAR COLLECTOR SYSTEM EFFICIENCY'
   ** Warning ** In Output:Table:Monthly 'UnglazedTranspiredSolarCollectorSummaryMonthly' invalid Variable or Meter Name 'SOLAR COLLECTOR OUTSIDE FACE SUCTION VELOCITY'
   ** Warning ** In Output:Table:Monthly 'UnglazedTranspiredSolarCollectorSummaryMonthly' invalid Variable or Meter Name 'SOLAR COLLECTOR SENSIBLE HEATING RATE'
   ** Warning ** In Output:Table:Monthly 'ChillerReportMonthly' invalid Variable or Meter Name 'CHILLER ELECTRICITY ENERGY'
   ** Warning ** In Output:Table:Monthly 'ChillerReportMonthly' invalid Variable or Meter Name 'CHILLER ELECTRICITY RATE'
   ** Warning ** In Output:Table:Monthly 'ChillerReportMonthly' invalid Variable or Meter Name 'CHILLER ELECTRICITY ENERGY'
   ** Warning ** In Output:Table:Monthly 'ChillerReportMonthly' invalid Variable or Meter Name 'CHILLER EVAPORATOR COOLING ENERGY'
   ** Warning ** In Output:Table:Monthly 'ChillerReportMonthly' invalid Variable or Meter Name 'CHILLER EVAPORATOR COOLING RATE'
   ** Warning ** In Output:Table:Monthly 'ChillerReportMonthly' invalid Variable or Meter Name 'CHILLER CONDENSER HEAT TRANSFER ENERGY'
   ** Warning ** In Output:Table:Monthly 'ChillerReportMonthly' invalid Variable or Meter Name 'CHILLER COP'
   ** Warning ** In Output:Table:Monthly 'ChillerReportMonthly' invalid Variable or Meter Name 'CHILLER COP'
   ** Warning ** In Output:Table:Monthly 'ChillerReportMonthly' invalid Variable or Meter Name 'CHILLER PART LOAD RATIO'
   ** Warning ** In Output:Table:Monthly 'ChillerReportMonthly' invalid Variable or Meter Name 'CHILLER PART LOAD RATIO'
   ** Warning ** In Output:Table:Monthly 'TowerReportMonthly' invalid Variable or Meter Name 'COOLING TOWER FAN ELECTRICITY ENERGY'
   ** Warning ** In Output:Table:Monthly 'TowerReportMonthly' invalid Variable or Meter Name 'COOLING TOWER FAN ELECTRICITY ENERGY'
   ** Warning ** In Output:Table:Monthly 'TowerReportMonthly' invalid Variable or Meter Name 'COOLING TOWER FAN ELECTRICITY RATE'
   ** Warning ** In Output:Table:Monthly 'TowerReportMonthly' invalid Variable or Meter Name 'COOLING TOWER HEAT TRANSFER RATE'
   ** Warning ** In Output:Table:Monthly 'TowerReportMonthly' invalid Variable or Meter Name 'COOLING TOWER INLET TEMPERATURE'
   ** Warning ** In Output:Table:Monthly 'TowerReportMonthly' invalid Variable or Meter Name 'COOLING TOWER OUTLET TEMPERATURE'
   ** Warning ** In Output:Table:Monthly 'TowerReportMonthly' invalid Variable or Meter Name 'COOLING TOWER MASS FLOW RATE'
   ** Warning ** In Output:Table:Monthly 'BoilerReportMonthly' invalid Variable or Meter Name 'BOILER HEATING ENERGY'
   ** Warning ** In Output:Table:Monthly 'BoilerReportMonthly' invalid Variable or Meter Name 'BOILER GAS CONSUMPTION'
   ** Warning ** In Output:Table:Monthly 'BoilerReportMonthly' invalid Variable or Meter Name 'BOILER HEATING ENERGY'
   ** Warning ** In Output:Table:Monthly 'BoilerReportMonthly' invalid Variable or Meter Name 'BOILER HEATING RATE'
   ** Warning ** In Output:Table:Monthly 'BoilerReportMonthly' invalid Variable or Meter Name 'BOILER GAS CONSUMPTION RATE'
   ** Warning ** In Output:Table:Monthly 'BoilerReportMonthly' invalid Variable or Meter Name 'BOILER INLET TEMPERATURE'
   ** Warning ** In Output:Table:Monthly 'BoilerReportMonthly' invalid Variable or Meter Name 'BOILER OUTLET TEMPERATURE'
   ** Warning ** In Output:Table:Monthly 'BoilerReportMonthly' invalid Variable or Meter Name 'BOILER MASS FLOW RATE'
   ** Warning ** In Output:Table:Monthly 'BoilerReportMonthly' invalid Variable or Meter Name 'BOILER ANCILLARY ELECTRICITY RATE'
   ** Warning ** In Output:Table:Monthly 'BoilerReportMonthly' invalid Variable or Meter Name 'BOILER PART LOAD RATIO'
   ** Warning ** In Output:Table:Monthly 'BoilerReportMonthly' invalid Variable or Meter Name 'BOILER PART LOAD RATIO'
   ** Warning ** In Output:Table:Monthly 'WindowACReportMonthly' invalid Variable or Meter Name 'ZONE WINDOW AIR CONDITIONER TOTAL COOLING ENERGY'
   ** Warning ** In Output:Table:Monthly 'WindowACReportMonthly' invalid Variable or Meter Name 'ZONE WINDOW AIR CONDITIONER ELECTRICITY ENERGY'
   ** Warning ** In Output:Table:Monthly 'WindowACReportMonthly' invalid Variable or Meter Name 'ZONE WINDOW AIR CONDITIONER TOTAL COOLING ENERGY'
   ** Warning ** In Output:Table:Monthly 'WindowACReportMonthly' invalid Variable or Meter Name 'ZONE WINDOW AIR CONDITIONER SENSIBLE COOLING ENERGY'
   ** Warning ** In Output:Table:Monthly 'WindowACReportMonthly' invalid Variable or Meter Name 'ZONE WINDOW AIR CONDITIONER LATENT COOLING ENERGY'
   ** Warning ** In Output:Table:Monthly 'WindowACReportMonthly' invalid Variable or Meter Name 'ZONE WINDOW AIR CONDITIONER TOTAL COOLING RATE'
   ** Warning ** In Output:Table:Monthly 'WindowACReportMonthly' invalid Variable or Meter Name 'ZONE WINDOW AIR CONDITIONER SENSIBLE COOLING RATE'
   ** Warning ** In Output:Table:Monthly 'WindowACReportMonthly' invalid Variable or Meter Name 'ZONE WINDOW AIR CONDITIONER LATENT COOLING RATE'
   ** Warning ** In Output:Table:Monthly 'WindowACReportMonthly' invalid Variable or Meter Name 'ZONE WINDOW AIR CONDITIONER ELECTRICITY RATE'
   ** Warning ** In Output:Table:Monthly 'WaterHeaterReportMonthly' invalid Variable or Meter Name 'WATER HEATER BURNER HEATING ENERGY'
   ** Warning ** In Output:Table:Monthly 'WaterHeaterReportMonthly' invalid Variable or Meter Name 'WATER HEATER GAS CONSUMPTION'
   ** Warning ** In Output:Table:Monthly 'WaterHeaterReportMonthly' invalid Variable or Meter Name 'WATER HEATER LOSS DEMAND ENERGY'
   ** Warning ** In Output:Table:Monthly 'WaterHeaterReportMonthly' invalid Variable or Meter Name 'WATER HEATER HEAT RECOVERY SUPPLY ENERGY'
   ** Warning ** In Output:Table:Monthly 'WaterHeaterReportMonthly' invalid Variable or Meter Name 'WATER HEATER SOURCE ENERGY'
   ** Warning ** In Output:Table:Monthly 'GeneratorReportMonthly' invalid Variable or Meter Name 'GENERATOR PRODUCED AC ELECTRICITY ENERGY'
   ** Warning ** In Output:Table:Monthly 'GeneratorReportMonthly' invalid Variable or Meter Name 'GENERATOR DIESEL CONSUMPTION'
   ** Warning ** In Output:Table:Monthly 'GeneratorReportMonthly' invalid Variable or Meter Name 'GENERATOR GAS CONSUMPTION'
   ** Warning ** In Output:Table:Monthly 'GeneratorReportMonthly' invalid Variable or Meter Name 'GENERATOR PRODUCED AC ELECTRICITY ENERGY'
   ** Warning ** In Output:Table:Monthly 'GeneratorReportMonthly' invalid Variable or Meter Name 'GENERATOR TOTAL HEAT RECOVERY'
   ** Warning ** In Output:Table:Monthly 'GeneratorReportMonthly' invalid Variable or Meter Name 'GENERATOR JACKET HEAT RECOVERY ENERGY'
   ** Warning ** In Output:Table:Monthly 'GeneratorReportMonthly' invalid Variable or Meter Name 'GENERATOR LUBE HEAT RECOVERY'
   ** Warning ** In Output:Table:Monthly 'GeneratorReportMonthly' invalid Variable or Meter Name 'GENERATOR EXHAUST HEAT RECOVERY ENERGY'
   ** Warning ** In Output:Table:Monthly 'GeneratorReportMonthly' invalid Variable or Meter Name 'GENERATOR EXHAUST AIR TEMPERATURE'
   ** Warning ** In Output:Table:Monthly 'DaylightingReportMonthly' invalid Variable or Meter Name 'DAYLIGHTING LIGHTING POWER MULTIPLIER'
   ** Warning ** In Output:Table:Monthly 'DaylightingReportMonthly' invalid Variable or Meter Name 'DAYLIGHTING LIGHTING POWER MULTIPLIER'
   ** Warning ** In Output:Table:Monthly 'DaylightingReportMonthly' invalid Variable or Meter Name 'DAYLIGHTING REFERENCE POINT 1 ILLUMINANCE'
   ** Warning ** In Output:Table:Monthly 'DaylightingReportMonthly' invalid Variable or Meter Name 'DAYLIGHTING REFERENCE POINT 1 GLARE INDEX'
   ** Warning ** In Output:Table:Monthly 'DaylightingReportMonthly' invalid Variable or Meter Name 'DAYLIGHTING REFERENCE POINT 1 GLARE INDEX SETPOINT EXCEEDED TIME'
   ** Warning ** In Output:Table:Monthly 'DaylightingReportMonthly' invalid Variable or Meter Name 'DAYLIGHTING REFERENCE POINT 1 DAYLIGHT ILLUMINANCE SETPOINT EXCEEDED TIME'
   ** Warning ** In Output:Table:Monthly 'DaylightingReportMonthly' invalid Variable or Meter Name 'DAYLIGHTING REFERENCE POINT 2 ILLUMINANCE'
   ** Warning ** In Output:Table:Monthly 'DaylightingReportMonthly' invalid Variable or Meter Name 'DAYLIGHTING REFERENCE POINT 2 GLARE INDEX'
   ** Warning ** In Output:Table:Monthly 'DaylightingReportMonthly' invalid Variable or Meter Name 'DAYLIGHTING REFERENCE POINT 2 GLARE INDEX SETPOINT EXCEEDED TIME'
   ** Warning ** In Output:Table:Monthly 'DaylightingReportMonthly' invalid Variable or Meter Name 'DAYLIGHTING REFERENCE POINT 2 DAYLIGHT ILLUMINANCE SETPOINT EXCEEDED TIME'
   ** Warning ** In Output:Table:Monthly 'CoilReportMonthly' invalid Variable or Meter Name 'COOLING COIL WETTED AREA FRACTION'
   ** Warning ** In Output:Table:Monthly 'PlantLoopDemandReportMonthly' invalid Variable or Meter Name 'PLANT SUPPLY SIDE COOLING DEMAND RATE'
   ** Warning ** In Output:Table:Monthly 'PlantLoopDemandReportMonthly' invalid Variable or Meter Name 'PLANT SUPPLY SIDE COOLING DEMAND RATE'
   ** Warning ** In Output:Table:Monthly 'PlantLoopDemandReportMonthly' invalid Variable or Meter Name 'PLANT SUPPLY SIDE HEATING DEMAND RATE'
   ** Warning ** In Output:Table:Monthly 'PlantLoopDemandReportMonthly' invalid Variable or Meter Name 'PLANT SUPPLY SIDE HEATING DEMAND RATE'
   ** Warning ** In Output:Table:Monthly 'PumpReportMonthly' invalid Variable or Meter Name 'PUMP ELECTRICITY ENERGY'
   ** Warning ** In Output:Table:Monthly 'PumpReportMonthly' invalid Variable or Meter Name 'PUMP FLUID HEAT GAIN ENERGY'
   ** Warning ** In Output:Table:Monthly 'PumpReportMonthly' invalid Variable or Meter Name 'PUMP ELECTRICITY RATE'
   ** Warning ** In Output:Table:Monthly 'PumpReportMonthly' invalid Variable or Meter Name 'PUMP SHAFT POWER'
   ** Warning ** In Output:Table:Monthly 'PumpReportMonthly' invalid Variable or Meter Name 'PUMP FLUID HEAT GAIN RATE'
   ** Warning ** In Output:Table:Monthly 'PumpReportMonthly' invalid Variable or Meter Name 'PUMP OUTLET TEMPERATURE'
   ** Warning ** In Output:Table:Monthly 'PumpReportMonthly' invalid Variable or Meter Name 'PUMP MASS FLOW RATE'
   ** Warning ** In Output:Table:Monthly 'CondLoopDemandReportMonthly' invalid Variable or Meter Name 'PLANT SUPPLY SIDE COOLING DEMAND RATE'
   ** Warning ** In Output:Table:Monthly 'CondLoopDemandReportMonthly' invalid Variable or Meter Name 'PLANT SUPPLY SIDE COOLING DEMAND RATE'
   ** Warning ** In Output:Table:Monthly 'CondLoopDemandReportMonthly' invalid Variable or Meter Name 'PLANT SUPPLY SIDE INLET TEMPERATURE'
   ** Warning ** In Output:Table:Monthly 'CondLoopDemandReportMonthly' invalid Variable or Meter Name 'PLANT SUPPLY SIDE OUTLET TEMPERATURE'
   ** Warning ** In Output:Table:Monthly 'CondLoopDemandReportMonthly' invalid Variable or Meter Name 'PLANT SUPPLY SIDE HEATING DEMAND RATE'
   ** Warning ** In Output:Table:Monthly 'CondLoopDemandReportMonthly' invalid Variable or Meter Name 'PLANT SUPPLY SIDE HEATING DEMAND RATE'
   ** Warning ** In Output:Table:Monthly 'AirLoopSystemEnergyAndWaterUseMonthly' invalid Variable or Meter Name 'AIR SYSTEM NATURAL GAS ENERGY'
   ** Warning ** In Output:Table:Monthly 'AirLoopSystemComponentEnergyUseMonthly' invalid Variable or Meter Name 'AIR SYSTEM HEATING COIL NATURAL GAS ENERGY'
   ** Warning ** In Output:Table:Monthly 'AirLoopSystemComponentEnergyUseMonthly' invalid Variable or Meter Name 'AIR SYSTEM HUMIDIFIER NATURAL GAS ENERGY'
   ** Warning ** Processing Monthly Tabular Reports: SpaceGainsMonthly
   **   ~~~   ** ..Variable name=ZONE GAS EQUIPMENT TOTAL HEATING ENERGY not valid for this simulation.
   **   ~~~   ** ..Variables not valid for this simulation will have "[Invalid/Undefined]" in the Units Column of the Table Report.
   ** Warning ** Processing Monthly Tabular Reports: SpaceGainsMonthly
   **   ~~~   ** ..Variable name=ZONE HOT WATER EQUIPMENT TOTAL HEATING ENERGY not valid for this simulation.
   ** Warning ** Processing Monthly Tabular Reports: SpaceGainsMonthly
   **   ~~~   ** ..Variable name=ZONE STEAM EQUIPMENT TOTAL HEATING ENERGY not valid for this simulation.
   ** Warning ** Processing Monthly Tabular Reports: SpaceGainsMonthly
   **   ~~~   ** ..Variable name=ZONE OTHER EQUIPMENT TOTAL HEATING ENERGY not valid for this simulation.
   ** Warning ** Processing Monthly Tabular Reports: SpaceGainsMonthly
   **   ~~~   ** ..Variable name=ZONE GAS EQUIPMENT TOTAL HEATING ENERGY not valid for this simulation.
   **   ~~~   ** ..i.e., Variable name=LGSTORE1:ZONE GAS EQUIPMENT TOTAL HEATING ENERGY not valid for this simulation.
   ** Warning ** Processing Monthly Tabular Reports: SpaceGainsMonthly
   **   ~~~   ** ..Variable name=ZONE HOT WATER EQUIPMENT TOTAL HEATING ENERGY not valid for this simulation.
   **   ~~~   ** ..i.e., Variable name=LGSTORE1:ZONE HOT WATER EQUIPMENT TOTAL HEATING ENERGY not valid for this simulation.
   ** Warning ** Processing Monthly Tabular Reports: SpaceGainsMonthly
   **   ~~~   ** ..Variable name=ZONE STEAM EQUIPMENT TOTAL HEATING ENERGY not valid for this simulation.
   **   ~~~   ** ..i.e., Variable name=LGSTORE1:ZONE STEAM EQUIPMENT TOTAL HEATING ENERGY not valid for this simulation.
   ** Warning ** Processing Monthly Tabular Reports: SpaceGainsMonthly
   **   ~~~   ** ..Variable name=ZONE OTHER EQUIPMENT TOTAL HEATING ENERGY not valid for this simulation.
   **   ~~~   ** ..i.e., Variable name=LGSTORE1:ZONE OTHER EQUIPMENT TOTAL HEATING ENERGY not valid for this simulation.
   ** Warning ** Processing Monthly Tabular Reports: SpaceGainsMonthly
   **   ~~~   ** ..Variable name=ZONE GAS EQUIPMENT TOTAL HEATING ENERGY not valid for this simulation.
   **   ~~~   ** ..i.e., Variable name=SMSTORE1:ZONE GAS EQUIPMENT TOTAL HEATING ENERGY not valid for this simulation.
   ** Warning ** Processing Monthly Tabular Reports: SpaceGainsMonthly
   **   ~~~   ** ..Variable name=ZONE HOT WATER EQUIPMENT TOTAL HEATING ENERGY not valid for this simulation.
   **   ~~~   ** ..i.e., Variable name=SMSTORE1:ZONE HOT WATER EQUIPMENT TOTAL HEATING ENERGY not valid for this simulation.
   ** Warning ** Processing Monthly Tabular Reports: SpaceGainsMonthly
   **   ~~~   ** ..Variable name=ZONE STEAM EQUIPMENT TOTAL HEATING ENERGY not valid for this simulation.
   **   ~~~   ** ..i.e., Variable name=SMSTORE1:ZONE STEAM EQUIPMENT TOTAL HEATING ENERGY not valid for this simulation.
   ** Warning ** Processing Monthly Tabular Reports: SpaceGainsMonthly
   **   ~~~   ** ..Variable name=ZONE OTHER EQUIPMENT TOTAL HEATING ENERGY not valid for this simulation.
   **   ~~~   ** ..i.e., Variable name=SMSTORE1:ZONE OTHER EQUIPMENT TOTAL HEATING ENERGY not valid for this simulation.
   ** Warning ** Processing Monthly Tabular Reports: SpaceGainsMonthly
   **   ~~~   ** ..Variable name=ZONE GAS EQUIPMENT TOTAL HEATING ENERGY not valid for this simulation.
   **   ~~~   ** ..i.e., Variable name=SMSTORE2:ZONE GAS EQUIPMENT TOTAL HEATING ENERGY not valid for this simulation.
   ** Warning ** Processing Monthly Tabular Reports: SpaceGainsMonthly
   **   ~~~   ** ..Variable name=ZONE HOT WATER EQUIPMENT TOTAL HEATING ENERGY not valid for this simulation.
   **   ~~~   ** ..i.e., Variable name=SMSTORE2:ZONE HOT WATER EQUIPMENT TOTAL HEATING ENERGY not valid for this simulation.
   ** Warning ** Processing Monthly Tabular Reports: SpaceGainsMonthly
   **   ~~~   ** ..Variable name=ZONE STEAM EQUIPMENT TOTAL HEATING ENERGY not valid for this simulation.
   **   ~~~   ** ..i.e., Variable name=SMSTORE2:ZONE STEAM EQUIPMENT TOTAL HEATING ENERGY not valid for this simulation.
   ** Warning ** Processing Monthly Tabular Reports: SpaceGainsMonthly
   **   ~~~   ** ..Variable name=ZONE OTHER EQUIPMENT TOTAL HEATING ENERGY not valid for this simulation.
   **   ~~~   ** ..i.e., Variable name=SMSTORE2:ZONE OTHER EQUIPMENT TOTAL HEATING ENERGY not valid for this simulation.
   ** Warning ** Processing Monthly Tabular Reports: SpaceGainsMonthly
   **   ~~~   ** ..Variable name=ZONE GAS EQUIPMENT TOTAL HEATING ENERGY not valid for this simulation.
   **   ~~~   ** ..i.e., Variable name=SMSTORE3:ZONE GAS EQUIPMENT TOTAL HEATING ENERGY not valid for this simulation.
   ** Warning ** Processing Monthly Tabular Reports: SpaceGainsMonthly
   **   ~~~   ** ..Variable name=ZONE HOT WATER EQUIPMENT TOTAL HEATING ENERGY not valid for this simulation.
   **   ~~~   ** ..i.e., Variable name=SMSTORE3:ZONE HOT WATER EQUIPMENT TOTAL HEATING ENERGY not valid for this simulation.
   ** Warning ** Processing Monthly Tabular Reports: SpaceGainsMonthly
   **   ~~~   ** ..Variable name=ZONE STEAM EQUIPMENT TOTAL HEATING ENERGY not valid for this simulation.
   **   ~~~   ** ..i.e., Variable name=SMSTORE3:ZONE STEAM EQUIPMENT TOTAL HEATING ENERGY not valid for this simulation.
   ** Warning ** Processing Monthly Tabular Reports: SpaceGainsMonthly
   **   ~~~   ** ..Variable name=ZONE OTHER EQUIPMENT TOTAL HEATING ENERGY not valid for this simulation.
   **   ~~~   ** ..i.e., Variable name=SMSTORE3:ZONE OTHER EQUIPMENT TOTAL HEATING ENERGY not valid for this simulation.
   ** Warning ** Processing Monthly Tabular Reports: SpaceGainsMonthly
   **   ~~~   ** ..Variable name=ZONE GAS EQUIPMENT TOTAL HEATING ENERGY not valid for this simulation.
   **   ~~~   ** ..i.e., Variable name=SMSTORE4:ZONE GAS EQUIPMENT TOTAL HEATING ENERGY not valid for this simulation.
   ** Warning ** Processing Monthly Tabular Reports: SpaceGainsMonthly
   **   ~~~   ** ..Variable name=ZONE HOT WATER EQUIPMENT TOTAL HEATING ENERGY not valid for this simulation.
   **   ~~~   ** ..i.e., Variable name=SMSTORE4:ZONE HOT WATER EQUIPMENT TOTAL HEATING ENERGY not valid for this simulation.
   ** Warning ** Processing Monthly Tabular Reports: SpaceGainsMonthly
   **   ~~~   ** ..Variable name=ZONE STEAM EQUIPMENT TOTAL HEATING ENERGY not valid for this simulation.
   **   ~~~   ** ..i.e., Variable name=SMSTORE4:ZONE STEAM EQUIPMENT TOTAL HEATING ENERGY not valid for this simulation.
   ** Warning ** Processing Monthly Tabular Reports: SpaceGainsMonthly
   **   ~~~   ** ..Variable name=ZONE OTHER EQUIPMENT TOTAL HEATING ENERGY not valid for this simulation.
   **   ~~~   ** ..i.e., Variable name=SMSTORE4:ZONE OTHER EQUIPMENT TOTAL HEATING ENERGY not valid for this simulation.
   ** Warning ** Processing Monthly Tabular Reports: SpaceGainsMonthly
   **   ~~~   ** ..Variable name=ZONE GAS EQUIPMENT TOTAL HEATING ENERGY not valid for this simulation.
   **   ~~~   ** ..i.e., Variable name=LGSTORE2:ZONE GAS EQUIPMENT TOTAL HEATING ENERGY not valid for this simulation.
   ** Warning ** Processing Monthly Tabular Reports: SpaceGainsMonthly
   **   ~~~   ** ..Variable name=ZONE HOT WATER EQUIPMENT TOTAL HEATING ENERGY not valid for this simulation.
   **   ~~~   ** ..i.e., Variable name=LGSTORE2:ZONE HOT WATER EQUIPMENT TOTAL HEATING ENERGY not valid for this simulation.
   ** Warning ** Processing Monthly Tabular Reports: SpaceGainsMonthly
   **   ~~~   ** ..Variable name=ZONE STEAM EQUIPMENT TOTAL HEATING ENERGY not valid for this simulation.
   **   ~~~   ** ..i.e., Variable name=LGSTORE2:ZONE STEAM EQUIPMENT TOTAL HEATING ENERGY not valid for this simulation.
   ** Warning ** Processing Monthly Tabular Reports: SpaceGainsMonthly
   **   ~~~   ** ..Variable name=ZONE OTHER EQUIPMENT TOTAL HEATING ENERGY not valid for this simulation.
   **   ~~~   ** ..i.e., Variable name=LGSTORE2:ZONE OTHER EQUIPMENT TOTAL HEATING ENERGY not valid for this simulation.
   ** Warning ** Processing Monthly Tabular Reports: SpaceGainsMonthly
   **   ~~~   ** ..Variable name=ZONE GAS EQUIPMENT TOTAL HEATING ENERGY not valid for this simulation.
   **   ~~~   ** ..i.e., Variable name=SMSTORE5:ZONE GAS EQUIPMENT TOTAL HEATING ENERGY not valid for this simulation.
   ** Warning ** Processing Monthly Tabular Reports: SpaceGainsMonthly
   **   ~~~   ** ..Variable name=ZONE HOT WATER EQUIPMENT TOTAL HEATING ENERGY not valid for this simulation.
   **   ~~~   ** ..i.e., Variable name=SMSTORE5:ZONE HOT WATER EQUIPMENT TOTAL HEATING ENERGY not valid for this simulation.
   ** Warning ** Processing Monthly Tabular Reports: SpaceGainsMonthly
   **   ~~~   ** ..Variable name=ZONE STEAM EQUIPMENT TOTAL HEATING ENERGY not valid for this simulation.
   **   ~~~   ** ..i.e., Variable name=SMSTORE5:ZONE STEAM EQUIPMENT TOTAL HEATING ENERGY not valid for this simulation.
   ** Warning ** Processing Monthly Tabular Reports: SpaceGainsMonthly
   **   ~~~   ** ..Variable name=ZONE OTHER EQUIPMENT TOTAL HEATING ENERGY not valid for this simulation.
   **   ~~~   ** ..i.e., Variable name=SMSTORE5:ZONE OTHER EQUIPMENT TOTAL HEATING ENERGY not valid for this simulation.
   ** Warning ** Processing Monthly Tabular Reports: SpaceGainsMonthly
   **   ~~~   ** ..Variable name=ZONE GAS EQUIPMENT TOTAL HEATING ENERGY not valid for this simulation.
   **   ~~~   ** ..i.e., Variable name=SMSTORE6:ZONE GAS EQUIPMENT TOTAL HEATING ENERGY not valid for this simulation.
   ** Warning ** Processing Monthly Tabular Reports: SpaceGainsMonthly
   **   ~~~   ** ..Variable name=ZONE HOT WATER EQUIPMENT TOTAL HEATING ENERGY not valid for this simulation.
   **   ~~~   ** ..i.e., Variable name=SMSTORE6:ZONE HOT WATER EQUIPMENT TOTAL HEATING ENERGY not valid for this simulation.
   ** Warning ** Processing Monthly Tabular Reports: SpaceGainsMonthly
   **   ~~~   ** ..Variable name=ZONE STEAM EQUIPMENT TOTAL HEATING ENERGY not valid for this simulation.
   **   ~~~   ** ..i.e., Variable name=SMSTORE6:ZONE STEAM EQUIPMENT TOTAL HEATING ENERGY not valid for this simulation.
   ** Warning ** Processing Monthly Tabular Reports: SpaceGainsMonthly
   **   ~~~   ** ..Variable name=ZONE OTHER EQUIPMENT TOTAL HEATING ENERGY not valid for this simulation.
   **   ~~~   ** ..i.e., Variable name=SMSTORE6:ZONE OTHER EQUIPMENT TOTAL HEATING ENERGY not valid for this simulation.
   ** Warning ** Processing Monthly Tabular Reports: SpaceGainsMonthly
   **   ~~~   ** ..Variable name=ZONE GAS EQUIPMENT TOTAL HEATING ENERGY not valid for this simulation.
   **   ~~~   ** ..i.e., Variable name=SMSTORE7:ZONE GAS EQUIPMENT TOTAL HEATING ENERGY not valid for this simulation.
   ** Warning ** Processing Monthly Tabular Reports: SpaceGainsMonthly
   **   ~~~   ** ..Variable name=ZONE HOT WATER EQUIPMENT TOTAL HEATING ENERGY not valid for this simulation.
   **   ~~~   ** ..i.e., Variable name=SMSTORE7:ZONE HOT WATER EQUIPMENT TOTAL HEATING ENERGY not valid for this simulation.
   ** Warning ** Processing Monthly Tabular Reports: SpaceGainsMonthly
   **   ~~~   ** ..Variable name=ZONE STEAM EQUIPMENT TOTAL HEATING ENERGY not valid for this simulation.
   **   ~~~   ** ..i.e., Variable name=SMSTORE7:ZONE STEAM EQUIPMENT TOTAL HEATING ENERGY not valid for this simulation.
   ** Warning ** Processing Monthly Tabular Reports: SpaceGainsMonthly
   **   ~~~   ** ..Variable name=ZONE OTHER EQUIPMENT TOTAL HEATING ENERGY not valid for this simulation.
   **   ~~~   ** ..i.e., Variable name=SMSTORE7:ZONE OTHER EQUIPMENT TOTAL HEATING ENERGY not valid for this simulation.
   ** Warning ** Processing Monthly Tabular Reports: SpaceGainsMonthly
   **   ~~~   ** ..Variable name=ZONE GAS EQUIPMENT TOTAL HEATING ENERGY not valid for this simulation.
   **   ~~~   ** ..i.e., Variable name=SMSTORE8:ZONE GAS EQUIPMENT TOTAL HEATING ENERGY not valid for this simulation.
   ** Warning ** Processing Monthly Tabular Reports: SpaceGainsMonthly
   **   ~~~   ** ..Variable name=ZONE HOT WATER EQUIPMENT TOTAL HEATING ENERGY not valid for this simulation.
   **   ~~~   ** ..i.e., Variable name=SMSTORE8:ZONE HOT WATER EQUIPMENT TOTAL HEATING ENERGY not valid for this simulation.
   ** Warning ** Processing Monthly Tabular Reports: SpaceGainsMonthly
   **   ~~~   ** ..Variable name=ZONE STEAM EQUIPMENT TOTAL HEATING ENERGY not valid for this simulation.
   **   ~~~   ** ..i.e., Variable name=SMSTORE8:ZONE STEAM EQUIPMENT TOTAL HEATING ENERGY not valid for this simulation.
   ** Warning ** Processing Monthly Tabular Reports: SpaceGainsMonthly
   **   ~~~   ** ..Variable name=ZONE OTHER EQUIPMENT TOTAL HEATING ENERGY not valid for this simulation.
   **   ~~~   ** ..i.e., Variable name=SMSTORE8:ZONE OTHER EQUIPMENT TOTAL HEATING ENERGY not valid for this simulation.
   ** Warning ** Processing Monthly Tabular Reports: PeakSpaceGainsMonthly
   **   ~~~   ** ..Variable name=ZONE GAS EQUIPMENT TOTAL HEATING ENERGY not valid for this simulation.
   ** Warning ** Processing Monthly Tabular Reports: PeakSpaceGainsMonthly
   **   ~~~   ** ..Variable name=ZONE HOT WATER EQUIPMENT TOTAL HEATING ENERGY not valid for this simulation.
   ** Warning ** Processing Monthly Tabular Reports: PeakSpaceGainsMonthly
   **   ~~~   ** ..Variable name=ZONE STEAM EQUIPMENT TOTAL HEATING ENERGY not valid for this simulation.
   ** Warning ** Processing Monthly Tabular Reports: PeakSpaceGainsMonthly
   **   ~~~   ** ..Variable name=ZONE OTHER EQUIPMENT TOTAL HEATING ENERGY not valid for this simulation.
   ** Warning ** Processing Monthly Tabular Reports: PeakSpaceGainsMonthly
   **   ~~~   ** ..Variable name=ZONE GAS EQUIPMENT TOTAL HEATING ENERGY not valid for this simulation.
   **   ~~~   ** ..i.e., Variable name=LGSTORE1:ZONE GAS EQUIPMENT TOTAL HEATING ENERGY not valid for this simulation.
   ** Warning ** Processing Monthly Tabular Reports: PeakSpaceGainsMonthly
   **   ~~~   ** ..Variable name=ZONE HOT WATER EQUIPMENT TOTAL HEATING ENERGY not valid for this simulation.
   **   ~~~   ** ..i.e., Variable name=LGSTORE1:ZONE HOT WATER EQUIPMENT TOTAL HEATING ENERGY not valid for this simulation.
   ** Warning ** Processing Monthly Tabular Reports: PeakSpaceGainsMonthly
   **   ~~~   ** ..Variable name=ZONE STEAM EQUIPMENT TOTAL HEATING ENERGY not valid for this simulation.
   **   ~~~   ** ..i.e., Variable name=LGSTORE1:ZONE STEAM EQUIPMENT TOTAL HEATING ENERGY not valid for this simulation.
   ** Warning ** Processing Monthly Tabular Reports: PeakSpaceGainsMonthly
   **   ~~~   ** ..Variable name=ZONE OTHER EQUIPMENT TOTAL HEATING ENERGY not valid for this simulation.
   **   ~~~   ** ..i.e., Variable name=LGSTORE1:ZONE OTHER EQUIPMENT TOTAL HEATING ENERGY not valid for this simulation.
   ** Warning ** Processing Monthly Tabular Reports: PeakSpaceGainsMonthly
   **   ~~~   ** ..Variable name=ZONE GAS EQUIPMENT TOTAL HEATING ENERGY not valid for this simulation.
   **   ~~~   ** ..i.e., Variable name=SMSTORE1:ZONE GAS EQUIPMENT TOTAL HEATING ENERGY not valid for this simulation.
   ** Warning ** Processing Monthly Tabular Reports: PeakSpaceGainsMonthly
   **   ~~~   ** ..Variable name=ZONE HOT WATER EQUIPMENT TOTAL HEATING ENERGY not valid for this simulation.
   **   ~~~   ** ..i.e., Variable name=SMSTORE1:ZONE HOT WATER EQUIPMENT TOTAL HEATING ENERGY not valid for this simulation.
   ** Warning ** Processing Monthly Tabular Reports: PeakSpaceGainsMonthly
   **   ~~~   ** ..Variable name=ZONE STEAM EQUIPMENT TOTAL HEATING ENERGY not valid for this simulation.
   **   ~~~   ** ..i.e., Variable name=SMSTORE1:ZONE STEAM EQUIPMENT TOTAL HEATING ENERGY not valid for this simulation.
   ** Warning ** Processing Monthly Tabular Reports: PeakSpaceGainsMonthly
   **   ~~~   ** ..Variable name=ZONE OTHER EQUIPMENT TOTAL HEATING ENERGY not valid for this simulation.
   **   ~~~   ** ..i.e., Variable name=SMSTORE1:ZONE OTHER EQUIPMENT TOTAL HEATING ENERGY not valid for this simulation.
   ** Warning ** Processing Monthly Tabular Reports: PeakSpaceGainsMonthly
   **   ~~~   ** ..Variable name=ZONE GAS EQUIPMENT TOTAL HEATING ENERGY not valid for this simulation.
   **   ~~~   ** ..i.e., Variable name=SMSTORE2:ZONE GAS EQUIPMENT TOTAL HEATING ENERGY not valid for this simulation.
   ** Warning ** Processing Monthly Tabular Reports: PeakSpaceGainsMonthly
   **   ~~~   ** ..Variable name=ZONE HOT WATER EQUIPMENT TOTAL HEATING ENERGY not valid for this simulation.
   **   ~~~   ** ..i.e., Variable name=SMSTORE2:ZONE HOT WATER EQUIPMENT TOTAL HEATING ENERGY not valid for this simulation.
   ** Warning ** Processing Monthly Tabular Reports: PeakSpaceGainsMonthly
   **   ~~~   ** ..Variable name=ZONE STEAM EQUIPMENT TOTAL HEATING ENERGY not valid for this simulation.
   **   ~~~   ** ..i.e., Variable name=SMSTORE2:ZONE STEAM EQUIPMENT TOTAL HEATING ENERGY not valid for this simulation.
   ** Warning ** Processing Monthly Tabular Reports: PeakSpaceGainsMonthly
   **   ~~~   ** ..Variable name=ZONE OTHER EQUIPMENT TOTAL HEATING ENERGY not valid for this simulation.
   **   ~~~   ** ..i.e., Variable name=SMSTORE2:ZONE OTHER EQUIPMENT TOTAL HEATING ENERGY not valid for this simulation.
   ** Warning ** Processing Monthly Tabular Reports: PeakSpaceGainsMonthly
   **   ~~~   ** ..Variable name=ZONE GAS EQUIPMENT TOTAL HEATING ENERGY not valid for this simulation.
   **   ~~~   ** ..i.e., Variable name=SMSTORE3:ZONE GAS EQUIPMENT TOTAL HEATING ENERGY not valid for this simulation.
   ** Warning ** Processing Monthly Tabular Reports: PeakSpaceGainsMonthly
   **   ~~~   ** ..Variable name=ZONE HOT WATER EQUIPMENT TOTAL HEATING ENERGY not valid for this simulation.
   **   ~~~   ** ..i.e., Variable name=SMSTORE3:ZONE HOT WATER EQUIPMENT TOTAL HEATING ENERGY not valid for this simulation.
   ** Warning ** Processing Monthly Tabular Reports: PeakSpaceGainsMonthly
   **   ~~~   ** ..Variable name=ZONE STEAM EQUIPMENT TOTAL HEATING ENERGY not valid for this simulation.
   **   ~~~   ** ..i.e., Variable name=SMSTORE3:ZONE STEAM EQUIPMENT TOTAL HEATING ENERGY not valid for this simulation.
   ** Warning ** Processing Monthly Tabular Reports: PeakSpaceGainsMonthly
   **   ~~~   ** ..Variable name=ZONE OTHER EQUIPMENT TOTAL HEATING ENERGY not valid for this simulation.
   **   ~~~   ** ..i.e., Variable name=SMSTORE3:ZONE OTHER EQUIPMENT TOTAL HEATING ENERGY not valid for this simulation.
   ** Warning ** Processing Monthly Tabular Reports: PeakSpaceGainsMonthly
   **   ~~~   ** ..Variable name=ZONE GAS EQUIPMENT TOTAL HEATING ENERGY not valid for this simulation.
   **   ~~~   ** ..i.e., Variable name=SMSTORE4:ZONE GAS EQUIPMENT TOTAL HEATING ENERGY not valid for this simulation.
   ** Warning ** Processing Monthly Tabular Reports: PeakSpaceGainsMonthly
   **   ~~~   ** ..Variable name=ZONE HOT WATER EQUIPMENT TOTAL HEATING ENERGY not valid for this simulation.
   **   ~~~   ** ..i.e., Variable name=SMSTORE4:ZONE HOT WATER EQUIPMENT TOTAL HEATING ENERGY not valid for this simulation.
   ** Warning ** Processing Monthly Tabular Reports: PeakSpaceGainsMonthly
   **   ~~~   ** ..Variable name=ZONE STEAM EQUIPMENT TOTAL HEATING ENERGY not valid for this simulation.
   **   ~~~   ** ..i.e., Variable name=SMSTORE4:ZONE STEAM EQUIPMENT TOTAL HEATING ENERGY not valid for this simulation.
   ** Warning ** Processing Monthly Tabular Reports: PeakSpaceGainsMonthly
   **   ~~~   ** ..Variable name=ZONE OTHER EQUIPMENT TOTAL HEATING ENERGY not valid for this simulation.
   **   ~~~   ** ..i.e., Variable name=SMSTORE4:ZONE OTHER EQUIPMENT TOTAL HEATING ENERGY not valid for this simulation.
   ** Warning ** Processing Monthly Tabular Reports: PeakSpaceGainsMonthly
   **   ~~~   ** ..Variable name=ZONE GAS EQUIPMENT TOTAL HEATING ENERGY not valid for this simulation.
   **   ~~~   ** ..i.e., Variable name=LGSTORE2:ZONE GAS EQUIPMENT TOTAL HEATING ENERGY not valid for this simulation.
   ** Warning ** Processing Monthly Tabular Reports: PeakSpaceGainsMonthly
   **   ~~~   ** ..Variable name=ZONE HOT WATER EQUIPMENT TOTAL HEATING ENERGY not valid for this simulation.
   **   ~~~   ** ..i.e., Variable name=LGSTORE2:ZONE HOT WATER EQUIPMENT TOTAL HEATING ENERGY not valid for this simulation.
   ** Warning ** Processing Monthly Tabular Reports: PeakSpaceGainsMonthly
   **   ~~~   ** ..Variable name=ZONE STEAM EQUIPMENT TOTAL HEATING ENERGY not valid for this simulation.
   **   ~~~   ** ..i.e., Variable name=LGSTORE2:ZONE STEAM EQUIPMENT TOTAL HEATING ENERGY not valid for this simulation.
   ** Warning ** Processing Monthly Tabular Reports: PeakSpaceGainsMonthly
   **   ~~~   ** ..Variable name=ZONE OTHER EQUIPMENT TOTAL HEATING ENERGY not valid for this simulation.
   **   ~~~   ** ..i.e., Variable name=LGSTORE2:ZONE OTHER EQUIPMENT TOTAL HEATING ENERGY not valid for this simulation.
   ** Warning ** Processing Monthly Tabular Reports: PeakSpaceGainsMonthly
   **   ~~~   ** ..Variable name=ZONE GAS EQUIPMENT TOTAL HEATING ENERGY not valid for this simulation.
   **   ~~~   ** ..i.e., Variable name=SMSTORE5:ZONE GAS EQUIPMENT TOTAL HEATING ENERGY not valid for this simulation.
   ** Warning ** Processing Monthly Tabular Reports: PeakSpaceGainsMonthly
   **   ~~~   ** ..Variable name=ZONE HOT WATER EQUIPMENT TOTAL HEATING ENERGY not valid for this simulation.
   **   ~~~   ** ..i.e., Variable name=SMSTORE5:ZONE HOT WATER EQUIPMENT TOTAL HEATING ENERGY not valid for this simulation.
   ** Warning ** Processing Monthly Tabular Reports: PeakSpaceGainsMonthly
   **   ~~~   ** ..Variable name=ZONE STEAM EQUIPMENT TOTAL HEATING ENERGY not valid for this simulation.
   **   ~~~   ** ..i.e., Variable name=SMSTORE5:ZONE STEAM EQUIPMENT TOTAL HEATING ENERGY not valid for this simulation.
   ** Warning ** Processing Monthly Tabular Reports: PeakSpaceGainsMonthly
   **   ~~~   ** ..Variable name=ZONE OTHER EQUIPMENT TOTAL HEATING ENERGY not valid for this simulation.
   **   ~~~   ** ..i.e., Variable name=SMSTORE5:ZONE OTHER EQUIPMENT TOTAL HEATING ENERGY not valid for this simulation.
   ** Warning ** Processing Monthly Tabular Reports: PeakSpaceGainsMonthly
   **   ~~~   ** ..Variable name=ZONE GAS EQUIPMENT TOTAL HEATING ENERGY not valid for this simulation.
   **   ~~~   ** ..i.e., Variable name=SMSTORE6:ZONE GAS EQUIPMENT TOTAL HEATING ENERGY not valid for this simulation.
   ** Warning ** Processing Monthly Tabular Reports: PeakSpaceGainsMonthly
   **   ~~~   ** ..Variable name=ZONE HOT WATER EQUIPMENT TOTAL HEATING ENERGY not valid for this simulation.
   **   ~~~   ** ..i.e., Variable name=SMSTORE6:ZONE HOT WATER EQUIPMENT TOTAL HEATING ENERGY not valid for this simulation.
   ** Warning ** Processing Monthly Tabular Reports: PeakSpaceGainsMonthly
   **   ~~~   ** ..Variable name=ZONE STEAM EQUIPMENT TOTAL HEATING ENERGY not valid for this simulation.
   **   ~~~   ** ..i.e., Variable name=SMSTORE6:ZONE STEAM EQUIPMENT TOTAL HEATING ENERGY not valid for this simulation.
   ** Warning ** Processing Monthly Tabular Reports: PeakSpaceGainsMonthly
   **   ~~~   ** ..Variable name=ZONE OTHER EQUIPMENT TOTAL HEATING ENERGY not valid for this simulation.
   **   ~~~   ** ..i.e., Variable name=SMSTORE6:ZONE OTHER EQUIPMENT TOTAL HEATING ENERGY not valid for this simulation.
   ** Warning ** Processing Monthly Tabular Reports: PeakSpaceGainsMonthly
   **   ~~~   ** ..Variable name=ZONE GAS EQUIPMENT TOTAL HEATING ENERGY not valid for this simulation.
   **   ~~~   ** ..i.e., Variable name=SMSTORE7:ZONE GAS EQUIPMENT TOTAL HEATING ENERGY not valid for this simulation.
   ** Warning ** Processing Monthly Tabular Reports: PeakSpaceGainsMonthly
   **   ~~~   ** ..Variable name=ZONE HOT WATER EQUIPMENT TOTAL HEATING ENERGY not valid for this simulation.
   **   ~~~   ** ..i.e., Variable name=SMSTORE7:ZONE HOT WATER EQUIPMENT TOTAL HEATING ENERGY not valid for this simulation.
   ** Warning ** Processing Monthly Tabular Reports: PeakSpaceGainsMonthly
   **   ~~~   ** ..Variable name=ZONE STEAM EQUIPMENT TOTAL HEATING ENERGY not valid for this simulation.
   **   ~~~   ** ..i.e., Variable name=SMSTORE7:ZONE STEAM EQUIPMENT TOTAL HEATING ENERGY not valid for this simulation.
   ** Warning ** Processing Monthly Tabular Reports: PeakSpaceGainsMonthly
   **   ~~~   ** ..Variable name=ZONE OTHER EQUIPMENT TOTAL HEATING ENERGY not valid for this simulation.
   **   ~~~   ** ..i.e., Variable name=SMSTORE7:ZONE OTHER EQUIPMENT TOTAL HEATING ENERGY not valid for this simulation.
   ** Warning ** Processing Monthly Tabular Reports: PeakSpaceGainsMonthly
   **   ~~~   ** ..Variable name=ZONE GAS EQUIPMENT TOTAL HEATING ENERGY not valid for this simulation.
   **   ~~~   ** ..i.e., Variable name=SMSTORE8:ZONE GAS EQUIPMENT TOTAL HEATING ENERGY not valid for this simulation.
   ** Warning ** Processing Monthly Tabular Reports: PeakSpaceGainsMonthly
   **   ~~~   ** ..Variable name=ZONE HOT WATER EQUIPMENT TOTAL HEATING ENERGY not valid for this simulation.
   **   ~~~   ** ..i.e., Variable name=SMSTORE8:ZONE HOT WATER EQUIPMENT TOTAL HEATING ENERGY not valid for this simulation.
   ** Warning ** Processing Monthly Tabular Reports: PeakSpaceGainsMonthly
   **   ~~~   ** ..Variable name=ZONE STEAM EQUIPMENT TOTAL HEATING ENERGY not valid for this simulation.
   **   ~~~   ** ..i.e., Variable name=SMSTORE8:ZONE STEAM EQUIPMENT TOTAL HEATING ENERGY not valid for this simulation.
   ** Warning ** Processing Monthly Tabular Reports: PeakSpaceGainsMonthly
   **   ~~~   ** ..Variable name=ZONE OTHER EQUIPMENT TOTAL HEATING ENERGY not valid for this simulation.
   **   ~~~   ** ..i.e., Variable name=SMSTORE8:ZONE OTHER EQUIPMENT TOTAL HEATING ENERGY not valid for this simulation.
   ** Warning ** Processing Monthly Tabular Reports: SpaceGainComponentsAtCoolingPeakMonthly
   **   ~~~   ** ..Variable name=ZONE GAS EQUIPMENT TOTAL HEATING ENERGY not valid for this simulation.
   ** Warning ** Processing Monthly Tabular Reports: SpaceGainComponentsAtCoolingPeakMonthly
   **   ~~~   ** ..Variable name=ZONE HOT WATER EQUIPMENT TOTAL HEATING ENERGY not valid for this simulation.
   ** Warning ** Processing Monthly Tabular Reports: SpaceGainComponentsAtCoolingPeakMonthly
   **   ~~~   ** ..Variable name=ZONE STEAM EQUIPMENT TOTAL HEATING ENERGY not valid for this simulation.
   ** Warning ** Processing Monthly Tabular Reports: SpaceGainComponentsAtCoolingPeakMonthly
   **   ~~~   ** ..Variable name=ZONE OTHER EQUIPMENT TOTAL HEATING ENERGY not valid for this simulation.
   ** Warning ** Processing Monthly Tabular Reports: SpaceGainComponentsAtCoolingPeakMonthly
   **   ~~~   ** ..Variable name=ZONE GAS EQUIPMENT TOTAL HEATING ENERGY not valid for this simulation.
   **   ~~~   ** ..i.e., Variable name=LGSTORE1:ZONE GAS EQUIPMENT TOTAL HEATING ENERGY not valid for this simulation.
   ** Warning ** Processing Monthly Tabular Reports: SpaceGainComponentsAtCoolingPeakMonthly
   **   ~~~   ** ..Variable name=ZONE HOT WATER EQUIPMENT TOTAL HEATING ENERGY not valid for this simulation.
   **   ~~~   ** ..i.e., Variable name=LGSTORE1:ZONE HOT WATER EQUIPMENT TOTAL HEATING ENERGY not valid for this simulation.
   ** Warning ** Processing Monthly Tabular Reports: SpaceGainComponentsAtCoolingPeakMonthly
   **   ~~~   ** ..Variable name=ZONE STEAM EQUIPMENT TOTAL HEATING ENERGY not valid for this simulation.
   **   ~~~   ** ..i.e., Variable name=LGSTORE1:ZONE STEAM EQUIPMENT TOTAL HEATING ENERGY not valid for this simulation.
   ** Warning ** Processing Monthly Tabular Reports: SpaceGainComponentsAtCoolingPeakMonthly
   **   ~~~   ** ..Variable name=ZONE OTHER EQUIPMENT TOTAL HEATING ENERGY not valid for this simulation.
   **   ~~~   ** ..i.e., Variable name=LGSTORE1:ZONE OTHER EQUIPMENT TOTAL HEATING ENERGY not valid for this simulation.
   ** Warning ** Processing Monthly Tabular Reports: SpaceGainComponentsAtCoolingPeakMonthly
   **   ~~~   ** ..Variable name=ZONE GAS EQUIPMENT TOTAL HEATING ENERGY not valid for this simulation.
   **   ~~~   ** ..i.e., Variable name=SMSTORE1:ZONE GAS EQUIPMENT TOTAL HEATING ENERGY not valid for this simulation.
   ** Warning ** Processing Monthly Tabular Reports: SpaceGainComponentsAtCoolingPeakMonthly
   **   ~~~   ** ..Variable name=ZONE HOT WATER EQUIPMENT TOTAL HEATING ENERGY not valid for this simulation.
   **   ~~~   ** ..i.e., Variable name=SMSTORE1:ZONE HOT WATER EQUIPMENT TOTAL HEATING ENERGY not valid for this simulation.
   ** Warning ** Processing Monthly Tabular Reports: SpaceGainComponentsAtCoolingPeakMonthly
   **   ~~~   ** ..Variable name=ZONE STEAM EQUIPMENT TOTAL HEATING ENERGY not valid for this simulation.
   **   ~~~   ** ..i.e., Variable name=SMSTORE1:ZONE STEAM EQUIPMENT TOTAL HEATING ENERGY not valid for this simulation.
   ** Warning ** Processing Monthly Tabular Reports: SpaceGainComponentsAtCoolingPeakMonthly
   **   ~~~   ** ..Variable name=ZONE OTHER EQUIPMENT TOTAL HEATING ENERGY not valid for this simulation.
   **   ~~~   ** ..i.e., Variable name=SMSTORE1:ZONE OTHER EQUIPMENT TOTAL HEATING ENERGY not valid for this simulation.
   ** Warning ** Processing Monthly Tabular Reports: SpaceGainComponentsAtCoolingPeakMonthly
   **   ~~~   ** ..Variable name=ZONE GAS EQUIPMENT TOTAL HEATING ENERGY not valid for this simulation.
   **   ~~~   ** ..i.e., Variable name=SMSTORE2:ZONE GAS EQUIPMENT TOTAL HEATING ENERGY not valid for this simulation.
   ** Warning ** Processing Monthly Tabular Reports: SpaceGainComponentsAtCoolingPeakMonthly
   **   ~~~   ** ..Variable name=ZONE HOT WATER EQUIPMENT TOTAL HEATING ENERGY not valid for this simulation.
   **   ~~~   ** ..i.e., Variable name=SMSTORE2:ZONE HOT WATER EQUIPMENT TOTAL HEATING ENERGY not valid for this simulation.
   ** Warning ** Processing Monthly Tabular Reports: SpaceGainComponentsAtCoolingPeakMonthly
   **   ~~~   ** ..Variable name=ZONE STEAM EQUIPMENT TOTAL HEATING ENERGY not valid for this simulation.
   **   ~~~   ** ..i.e., Variable name=SMSTORE2:ZONE STEAM EQUIPMENT TOTAL HEATING ENERGY not valid for this simulation.
   ** Warning ** Processing Monthly Tabular Reports: SpaceGainComponentsAtCoolingPeakMonthly
   **   ~~~   ** ..Variable name=ZONE OTHER EQUIPMENT TOTAL HEATING ENERGY not valid for this simulation.
   **   ~~~   ** ..i.e., Variable name=SMSTORE2:ZONE OTHER EQUIPMENT TOTAL HEATING ENERGY not valid for this simulation.
   ** Warning ** Processing Monthly Tabular Reports: SpaceGainComponentsAtCoolingPeakMonthly
   **   ~~~   ** ..Variable name=ZONE GAS EQUIPMENT TOTAL HEATING ENERGY not valid for this simulation.
   **   ~~~   ** ..i.e., Variable name=SMSTORE3:ZONE GAS EQUIPMENT TOTAL HEATING ENERGY not valid for this simulation.
   ** Warning ** Processing Monthly Tabular Reports: SpaceGainComponentsAtCoolingPeakMonthly
   **   ~~~   ** ..Variable name=ZONE HOT WATER EQUIPMENT TOTAL HEATING ENERGY not valid for this simulation.
   **   ~~~   ** ..i.e., Variable name=SMSTORE3:ZONE HOT WATER EQUIPMENT TOTAL HEATING ENERGY not valid for this simulation.
   ** Warning ** Processing Monthly Tabular Reports: SpaceGainComponentsAtCoolingPeakMonthly
   **   ~~~   ** ..Variable name=ZONE STEAM EQUIPMENT TOTAL HEATING ENERGY not valid for this simulation.
   **   ~~~   ** ..i.e., Variable name=SMSTORE3:ZONE STEAM EQUIPMENT TOTAL HEATING ENERGY not valid for this simulation.
   ** Warning ** Processing Monthly Tabular Reports: SpaceGainComponentsAtCoolingPeakMonthly
   **   ~~~   ** ..Variable name=ZONE OTHER EQUIPMENT TOTAL HEATING ENERGY not valid for this simulation.
   **   ~~~   ** ..i.e., Variable name=SMSTORE3:ZONE OTHER EQUIPMENT TOTAL HEATING ENERGY not valid for this simulation.
   ** Warning ** Processing Monthly Tabular Reports: SpaceGainComponentsAtCoolingPeakMonthly
   **   ~~~   ** ..Variable name=ZONE GAS EQUIPMENT TOTAL HEATING ENERGY not valid for this simulation.
   **   ~~~   ** ..i.e., Variable name=SMSTORE4:ZONE GAS EQUIPMENT TOTAL HEATING ENERGY not valid for this simulation.
   ** Warning ** Processing Monthly Tabular Reports: SpaceGainComponentsAtCoolingPeakMonthly
   **   ~~~   ** ..Variable name=ZONE HOT WATER EQUIPMENT TOTAL HEATING ENERGY not valid for this simulation.
   **   ~~~   ** ..i.e., Variable name=SMSTORE4:ZONE HOT WATER EQUIPMENT TOTAL HEATING ENERGY not valid for this simulation.
   ** Warning ** Processing Monthly Tabular Reports: SpaceGainComponentsAtCoolingPeakMonthly
   **   ~~~   ** ..Variable name=ZONE STEAM EQUIPMENT TOTAL HEATING ENERGY not valid for this simulation.
   **   ~~~   ** ..i.e., Variable name=SMSTORE4:ZONE STEAM EQUIPMENT TOTAL HEATING ENERGY not valid for this simulation.
   ** Warning ** Processing Monthly Tabular Reports: SpaceGainComponentsAtCoolingPeakMonthly
   **   ~~~   ** ..Variable name=ZONE OTHER EQUIPMENT TOTAL HEATING ENERGY not valid for this simulation.
   **   ~~~   ** ..i.e., Variable name=SMSTORE4:ZONE OTHER EQUIPMENT TOTAL HEATING ENERGY not valid for this simulation.
   ** Warning ** Processing Monthly Tabular Reports: SpaceGainComponentsAtCoolingPeakMonthly
   **   ~~~   ** ..Variable name=ZONE GAS EQUIPMENT TOTAL HEATING ENERGY not valid for this simulation.
   **   ~~~   ** ..i.e., Variable name=LGSTORE2:ZONE GAS EQUIPMENT TOTAL HEATING ENERGY not valid for this simulation.
   ** Warning ** Processing Monthly Tabular Reports: SpaceGainComponentsAtCoolingPeakMonthly
   **   ~~~   ** ..Variable name=ZONE HOT WATER EQUIPMENT TOTAL HEATING ENERGY not valid for this simulation.
   **   ~~~   ** ..i.e., Variable name=LGSTORE2:ZONE HOT WATER EQUIPMENT TOTAL HEATING ENERGY not valid for this simulation.
   ** Warning ** Processing Monthly Tabular Reports: SpaceGainComponentsAtCoolingPeakMonthly
   **   ~~~   ** ..Variable name=ZONE STEAM EQUIPMENT TOTAL HEATING ENERGY not valid for this simulation.
   **   ~~~   ** ..i.e., Variable name=LGSTORE2:ZONE STEAM EQUIPMENT TOTAL HEATING ENERGY not valid for this simulation.
   ** Warning ** Processing Monthly Tabular Reports: SpaceGainComponentsAtCoolingPeakMonthly
   **   ~~~   ** ..Variable name=ZONE OTHER EQUIPMENT TOTAL HEATING ENERGY not valid for this simulation.
   **   ~~~   ** ..i.e., Variable name=LGSTORE2:ZONE OTHER EQUIPMENT TOTAL HEATING ENERGY not valid for this simulation.
   ** Warning ** Processing Monthly Tabular Reports: SpaceGainComponentsAtCoolingPeakMonthly
   **   ~~~   ** ..Variable name=ZONE GAS EQUIPMENT TOTAL HEATING ENERGY not valid for this simulation.
   **   ~~~   ** ..i.e., Variable name=SMSTORE5:ZONE GAS EQUIPMENT TOTAL HEATING ENERGY not valid for this simulation.
   ** Warning ** Processing Monthly Tabular Reports: SpaceGainComponentsAtCoolingPeakMonthly
   **   ~~~   ** ..Variable name=ZONE HOT WATER EQUIPMENT TOTAL HEATING ENERGY not valid for this simulation.
   **   ~~~   ** ..i.e., Variable name=SMSTORE5:ZONE HOT WATER EQUIPMENT TOTAL HEATING ENERGY not valid for this simulation.
   ** Warning ** Processing Monthly Tabular Reports: SpaceGainComponentsAtCoolingPeakMonthly
   **   ~~~   ** ..Variable name=ZONE STEAM EQUIPMENT TOTAL HEATING ENERGY not valid for this simulation.
   **   ~~~   ** ..i.e., Variable name=SMSTORE5:ZONE STEAM EQUIPMENT TOTAL HEATING ENERGY not valid for this simulation.
   ** Warning ** Processing Monthly Tabular Reports: SpaceGainComponentsAtCoolingPeakMonthly
   **   ~~~   ** ..Variable name=ZONE OTHER EQUIPMENT TOTAL HEATING ENERGY not valid for this simulation.
   **   ~~~   ** ..i.e., Variable name=SMSTORE5:ZONE OTHER EQUIPMENT TOTAL HEATING ENERGY not valid for this simulation.
   ** Warning ** Processing Monthly Tabular Reports: SpaceGainComponentsAtCoolingPeakMonthly
   **   ~~~   ** ..Variable name=ZONE GAS EQUIPMENT TOTAL HEATING ENERGY not valid for this simulation.
   **   ~~~   ** ..i.e., Variable name=SMSTORE6:ZONE GAS EQUIPMENT TOTAL HEATING ENERGY not valid for this simulation.
   ** Warning ** Processing Monthly Tabular Reports: SpaceGainComponentsAtCoolingPeakMonthly
   **   ~~~   ** ..Variable name=ZONE HOT WATER EQUIPMENT TOTAL HEATING ENERGY not valid for this simulation.
   **   ~~~   ** ..i.e., Variable name=SMSTORE6:ZONE HOT WATER EQUIPMENT TOTAL HEATING ENERGY not valid for this simulation.
   ** Warning ** Processing Monthly Tabular Reports: SpaceGainComponentsAtCoolingPeakMonthly
   **   ~~~   ** ..Variable name=ZONE STEAM EQUIPMENT TOTAL HEATING ENERGY not valid for this simulation.
   **   ~~~   ** ..i.e., Variable name=SMSTORE6:ZONE STEAM EQUIPMENT TOTAL HEATING ENERGY not valid for this simulation.
   ** Warning ** Processing Monthly Tabular Reports: SpaceGainComponentsAtCoolingPeakMonthly
   **   ~~~   ** ..Variable name=ZONE OTHER EQUIPMENT TOTAL HEATING ENERGY not valid for this simulation.
   **   ~~~   ** ..i.e., Variable name=SMSTORE6:ZONE OTHER EQUIPMENT TOTAL HEATING ENERGY not valid for this simulation.
   ** Warning ** Processing Monthly Tabular Reports: SpaceGainComponentsAtCoolingPeakMonthly
   **   ~~~   ** ..Variable name=ZONE GAS EQUIPMENT TOTAL HEATING ENERGY not valid for this simulation.
   **   ~~~   ** ..i.e., Variable name=SMSTORE7:ZONE GAS EQUIPMENT TOTAL HEATING ENERGY not valid for this simulation.
   ** Warning ** Processing Monthly Tabular Reports: SpaceGainComponentsAtCoolingPeakMonthly
   **   ~~~   ** ..Variable name=ZONE HOT WATER EQUIPMENT TOTAL HEATING ENERGY not valid for this simulation.
   **   ~~~   ** ..i.e., Variable name=SMSTORE7:ZONE HOT WATER EQUIPMENT TOTAL HEATING ENERGY not valid for this simulation.
   ** Warning ** Processing Monthly Tabular Reports: SpaceGainComponentsAtCoolingPeakMonthly
   **   ~~~   ** ..Variable name=ZONE STEAM EQUIPMENT TOTAL HEATING ENERGY not valid for this simulation.
   **   ~~~   ** ..i.e., Variable name=SMSTORE7:ZONE STEAM EQUIPMENT TOTAL HEATING ENERGY not valid for this simulation.
   ** Warning ** Processing Monthly Tabular Reports: SpaceGainComponentsAtCoolingPeakMonthly
   **   ~~~   ** ..Variable name=ZONE OTHER EQUIPMENT TOTAL HEATING ENERGY not valid for this simulation.
   **   ~~~   ** ..i.e., Variable name=SMSTORE7:ZONE OTHER EQUIPMENT TOTAL HEATING ENERGY not valid for this simulation.
   ** Warning ** Processing Monthly Tabular Reports: SpaceGainComponentsAtCoolingPeakMonthly
   **   ~~~   ** ..Variable name=ZONE GAS EQUIPMENT TOTAL HEATING ENERGY not valid for this simulation.
   **   ~~~   ** ..i.e., Variable name=SMSTORE8:ZONE GAS EQUIPMENT TOTAL HEATING ENERGY not valid for this simulation.
   ** Warning ** Processing Monthly Tabular Reports: SpaceGainComponentsAtCoolingPeakMonthly
   **   ~~~   ** ..Variable name=ZONE HOT WATER EQUIPMENT TOTAL HEATING ENERGY not valid for this simulation.
   **   ~~~   ** ..i.e., Variable name=SMSTORE8:ZONE HOT WATER EQUIPMENT TOTAL HEATING ENERGY not valid for this simulation.
   ** Warning ** Processing Monthly Tabular Reports: SpaceGainComponentsAtCoolingPeakMonthly
   **   ~~~   ** ..Variable name=ZONE STEAM EQUIPMENT TOTAL HEATING ENERGY not valid for this simulation.
   **   ~~~   ** ..i.e., Variable name=SMSTORE8:ZONE STEAM EQUIPMENT TOTAL HEATING ENERGY not valid for this simulation.
   ** Warning ** Processing Monthly Tabular Reports: SpaceGainComponentsAtCoolingPeakMonthly
   **   ~~~   ** ..Variable name=ZONE OTHER EQUIPMENT TOTAL HEATING ENERGY not valid for this simulation.
   **   ~~~   ** ..i.e., Variable name=SMSTORE8:ZONE OTHER EQUIPMENT TOTAL HEATING ENERGY not valid for this simulation.
   ** Warning ** Processing Monthly Tabular Reports: EnergyConsumptionElectricityGeneratedPropaneMonthly
   **   ~~~   ** ..Variable name=ELECTRICITYPRODUCED:FACILITY not valid for this simulation.
   ** Warning ** Processing Monthly Tabular Reports: EnergyConsumptionElectricityGeneratedPropaneMonthly
   **   ~~~   ** ..Variable name=ELECTRICITYPRODUCED:FACILITY not valid for this simulation.
   ** Warning ** Processing Monthly Tabular Reports: EnergyConsumptionElectricityGeneratedPropaneMonthly
   **   ~~~   ** ..Variable name=PROPANE:FACILITY not valid for this simulation.
   ** Warning ** Processing Monthly Tabular Reports: EnergyConsumptionElectricityGeneratedPropaneMonthly
   **   ~~~   ** ..Variable name=PROPANE:FACILITY not valid for this simulation.
   ** Warning ** Processing Monthly Tabular Reports: EnergyConsumptionDieselFuelOilMonthly
   **   ~~~   ** ..Variable name=DIESEL:FACILITY not valid for this simulation.
   ** Warning ** Processing Monthly Tabular Reports: EnergyConsumptionDieselFuelOilMonthly
   **   ~~~   ** ..Variable name=DIESEL:FACILITY not valid for this simulation.
   ** Warning ** Processing Monthly Tabular Reports: EnergyConsumptionDieselFuelOilMonthly
   **   ~~~   ** ..Variable name=FUELOILNO1:FACILITY not valid for this simulation.
   ** Warning ** Processing Monthly Tabular Reports: EnergyConsumptionDieselFuelOilMonthly
   **   ~~~   ** ..Variable name=FUELOILNO1:FACILITY not valid for this simulation.
   ** Warning ** Processing Monthly Tabular Reports: EnergyConsumptionDieselFuelOilMonthly
   **   ~~~   ** ..Variable name=FUELOILNO2:FACILITY not valid for this simulation.
   ** Warning ** Processing Monthly Tabular Reports: EnergyConsumptionDieselFuelOilMonthly
   **   ~~~   ** ..Variable name=FUELOILNO2:FACILITY not valid for this simulation.
   ** Warning ** Processing Monthly Tabular Reports: EnergyConsumptionDistrictHeatingCoolingMonthly
   **   ~~~   ** ..Variable name=DISTRICTCOOLING:FACILITY not valid for this simulation.
   ** Warning ** Processing Monthly Tabular Reports: EnergyConsumptionDistrictHeatingCoolingMonthly
   **   ~~~   ** ..Variable name=DISTRICTCOOLING:FACILITY not valid for this simulation.
   ** Warning ** Processing Monthly Tabular Reports: EnergyConsumptionDistrictHeatingCoolingMonthly
   **   ~~~   ** ..Variable name=DISTRICTHEATING:FACILITY not valid for this simulation.
   ** Warning ** Processing Monthly Tabular Reports: EnergyConsumptionDistrictHeatingCoolingMonthly
   **   ~~~   ** ..Variable name=DISTRICTHEATING:FACILITY not valid for this simulation.
   ** Warning ** Processing Monthly Tabular Reports: EnergyConsumptionCoalGasolineMonthly
   **   ~~~   ** ..Variable name=COAL:FACILITY not valid for this simulation.
   ** Warning ** Processing Monthly Tabular Reports: EnergyConsumptionCoalGasolineMonthly
   **   ~~~   ** ..Variable name=COAL:FACILITY not valid for this simulation.
   ** Warning ** Processing Monthly Tabular Reports: EnergyConsumptionCoalGasolineMonthly
   **   ~~~   ** ..Variable name=GASOLINE:FACILITY not valid for this simulation.
   ** Warning ** Processing Monthly Tabular Reports: EnergyConsumptionCoalGasolineMonthly
   **   ~~~   ** ..Variable name=GASOLINE:FACILITY not valid for this simulation.
   ** Warning ** Processing Monthly Tabular Reports: EnergyConsumptionOtherFuelsMonthly
   **   ~~~   ** ..Variable name=OTHERFUEL1:FACILITY not valid for this simulation.
   ** Warning ** Processing Monthly Tabular Reports: EnergyConsumptionOtherFuelsMonthly
   **   ~~~   ** ..Variable name=OTHERFUEL1:FACILITY not valid for this simulation.
   ** Warning ** Processing Monthly Tabular Reports: EnergyConsumptionOtherFuelsMonthly
   **   ~~~   ** ..Variable name=OTHERFUEL2:FACILITY not valid for this simulation.
   ** Warning ** Processing Monthly Tabular Reports: EnergyConsumptionOtherFuelsMonthly
   **   ~~~   ** ..Variable name=OTHERFUEL2:FACILITY not valid for this simulation.
   ** Warning ** Processing Monthly Tabular Reports: EndUseEnergyConsumptionElectricityMonthly
   **   ~~~   ** ..Variable name=EXTERIOREQUIPMENT:ELECTRICITY not valid for this simulation.
   ** Warning ** Processing Monthly Tabular Reports: EndUseEnergyConsumptionElectricityMonthly
   **   ~~~   ** ..Variable name=PUMPS:ELECTRICITY not valid for this simulation.
   ** Warning ** Processing Monthly Tabular Reports: EndUseEnergyConsumptionElectricityMonthly
   **   ~~~   ** ..Variable name=HEATREJECTION:ELECTRICITY not valid for this simulation.
   ** Warning ** Processing Monthly Tabular Reports: EndUseEnergyConsumptionElectricityMonthly
   **   ~~~   ** ..Variable name=HUMIDIFIER:ELECTRICITY not valid for this simulation.
   ** Warning ** Processing Monthly Tabular Reports: EndUseEnergyConsumptionElectricityMonthly
   **   ~~~   ** ..Variable name=HEATRECOVERY:ELECTRICITY not valid for this simulation.
   ** Warning ** Processing Monthly Tabular Reports: EndUseEnergyConsumptionElectricityMonthly
   **   ~~~   ** ..Variable name=COGENERATION:ELECTRICITY not valid for this simulation.
   ** Warning ** Processing Monthly Tabular Reports: EndUseEnergyConsumptionElectricityMonthly
   **   ~~~   ** ..Variable name=EXTERIOREQUIPMENT:ELECTRICITY not valid for this simulation.
   **   ~~~   ** ..i.e., Variable name=Meter:EXTERIOREQUIPMENT:ELECTRICITY not valid for this simulation.
   ** Warning ** Processing Monthly Tabular Reports: EndUseEnergyConsumptionElectricityMonthly
   **   ~~~   ** ..Variable name=PUMPS:ELECTRICITY not valid for this simulation.
   **   ~~~   ** ..i.e., Variable name=Meter:PUMPS:ELECTRICITY not valid for this simulation.
   ** Warning ** Processing Monthly Tabular Reports: EndUseEnergyConsumptionElectricityMonthly
   **   ~~~   ** ..Variable name=HEATREJECTION:ELECTRICITY not valid for this simulation.
   **   ~~~   ** ..i.e., Variable name=Meter:HEATREJECTION:ELECTRICITY not valid for this simulation.
   ** Warning ** Processing Monthly Tabular Reports: EndUseEnergyConsumptionElectricityMonthly
   **   ~~~   ** ..Variable name=HUMIDIFIER:ELECTRICITY not valid for this simulation.
   **   ~~~   ** ..i.e., Variable name=Meter:HUMIDIFIER:ELECTRICITY not valid for this simulation.
   ** Warning ** Processing Monthly Tabular Reports: EndUseEnergyConsumptionElectricityMonthly
   **   ~~~   ** ..Variable name=HEATRECOVERY:ELECTRICITY not valid for this simulation.
   **   ~~~   ** ..i.e., Variable name=Meter:HEATRECOVERY:ELECTRICITY not valid for this simulation.
   ** Warning ** Processing Monthly Tabular Reports: EndUseEnergyConsumptionElectricityMonthly
   **   ~~~   ** ..Variable name=COGENERATION:ELECTRICITY not valid for this simulation.
   **   ~~~   ** ..i.e., Variable name=Meter:COGENERATION:ELECTRICITY not valid for this simulation.
   ** Warning ** Processing Monthly Tabular Reports: EndUseEnergyConsumptionNaturalGasMonthly
   **   ~~~   ** ..Variable name=INTERIOREQUIPMENT:NATURALGAS not valid for this simulation.
   ** Warning ** Processing Monthly Tabular Reports: EndUseEnergyConsumptionNaturalGasMonthly
   **   ~~~   ** ..Variable name=EXTERIOREQUIPMENT:NATURALGAS not valid for this simulation.
   ** Warning ** Processing Monthly Tabular Reports: EndUseEnergyConsumptionNaturalGasMonthly
   **   ~~~   ** ..Variable name=COOLING:NATURALGAS not valid for this simulation.
   ** Warning ** Processing Monthly Tabular Reports: EndUseEnergyConsumptionNaturalGasMonthly
   **   ~~~   ** ..Variable name=WATERSYSTEMS:NATURALGAS not valid for this simulation.
   ** Warning ** Processing Monthly Tabular Reports: EndUseEnergyConsumptionNaturalGasMonthly
   **   ~~~   ** ..Variable name=COGENERATION:NATURALGAS not valid for this simulation.
   ** Warning ** Processing Monthly Tabular Reports: EndUseEnergyConsumptionNaturalGasMonthly
   **   ~~~   ** ..Variable name=HUMIDIFIER:NATURALGAS not valid for this simulation.
   ** Warning ** Processing Monthly Tabular Reports: EndUseEnergyConsumptionNaturalGasMonthly
   **   ~~~   ** ..Variable name=INTERIOREQUIPMENT:NATURALGAS not valid for this simulation.
   **   ~~~   ** ..i.e., Variable name=Meter:INTERIOREQUIPMENT:NATURALGAS not valid for this simulation.
   ** Warning ** Processing Monthly Tabular Reports: EndUseEnergyConsumptionNaturalGasMonthly
   **   ~~~   ** ..Variable name=EXTERIOREQUIPMENT:NATURALGAS not valid for this simulation.
   **   ~~~   ** ..i.e., Variable name=Meter:EXTERIOREQUIPMENT:NATURALGAS not valid for this simulation.
   ** Warning ** Processing Monthly Tabular Reports: EndUseEnergyConsumptionNaturalGasMonthly
   **   ~~~   ** ..Variable name=COOLING:NATURALGAS not valid for this simulation.
   **   ~~~   ** ..i.e., Variable name=Meter:COOLING:NATURALGAS not valid for this simulation.
   ** Warning ** Processing Monthly Tabular Reports: EndUseEnergyConsumptionNaturalGasMonthly
   **   ~~~   ** ..Variable name=WATERSYSTEMS:NATURALGAS not valid for this simulation.
   **   ~~~   ** ..i.e., Variable name=Meter:WATERSYSTEMS:NATURALGAS not valid for this simulation.
   ** Warning ** Processing Monthly Tabular Reports: EndUseEnergyConsumptionNaturalGasMonthly
   **   ~~~   ** ..Variable name=COGENERATION:NATURALGAS not valid for this simulation.
   **   ~~~   ** ..i.e., Variable name=Meter:COGENERATION:NATURALGAS not valid for this simulation.
   ** Warning ** Processing Monthly Tabular Reports: EndUseEnergyConsumptionNaturalGasMonthly
   **   ~~~   ** ..Variable name=HUMIDIFIER:NATURALGAS not valid for this simulation.
   **   ~~~   ** ..i.e., Variable name=Meter:HUMIDIFIER:NATURALGAS not valid for this simulation.
   ** Warning ** Processing Monthly Tabular Reports: EndUseEnergyConsumptionDieselMonthly
   **   ~~~   ** ..Variable name=EXTERIOREQUIPMENT:DIESEL not valid for this simulation.
   ** Warning ** Processing Monthly Tabular Reports: EndUseEnergyConsumptionDieselMonthly
   **   ~~~   ** ..Variable name=COOLING:DIESEL not valid for this simulation.
   ** Warning ** Processing Monthly Tabular Reports: EndUseEnergyConsumptionDieselMonthly
   **   ~~~   ** ..Variable name=HEATING:DIESEL not valid for this simulation.
   ** Warning ** Processing Monthly Tabular Reports: EndUseEnergyConsumptionDieselMonthly
   **   ~~~   ** ..Variable name=WATERSYSTEMS:DIESEL not valid for this simulation.
   ** Warning ** Processing Monthly Tabular Reports: EndUseEnergyConsumptionDieselMonthly
   **   ~~~   ** ..Variable name=COGENERATION:DIESEL not valid for this simulation.
   ** Warning ** Processing Monthly Tabular Reports: EndUseEnergyConsumptionFuelOilMonthly
   **   ~~~   ** ..Variable name=EXTERIOREQUIPMENT:FUELOILNO1 not valid for this simulation.
   ** Warning ** Processing Monthly Tabular Reports: EndUseEnergyConsumptionFuelOilMonthly
   **   ~~~   ** ..Variable name=COOLING:FUELOILNO1 not valid for this simulation.
   ** Warning ** Processing Monthly Tabular Reports: EndUseEnergyConsumptionFuelOilMonthly
   **   ~~~   ** ..Variable name=HEATING:FUELOILNO1 not valid for this simulation.
   ** Warning ** Processing Monthly Tabular Reports: EndUseEnergyConsumptionFuelOilMonthly
   **   ~~~   ** ..Variable name=WATERSYSTEMS:FUELOILNO1 not valid for this simulation.
   ** Warning ** Processing Monthly Tabular Reports: EndUseEnergyConsumptionFuelOilMonthly
   **   ~~~   ** ..Variable name=COGENERATION:FUELOILNO1 not valid for this simulation.
   ** Warning ** Processing Monthly Tabular Reports: EndUseEnergyConsumptionFuelOilMonthly
   **   ~~~   ** ..Variable name=EXTERIOREQUIPMENT:FUELOILNO2 not valid for this simulation.
   ** Warning ** Processing Monthly Tabular Reports: EndUseEnergyConsumptionFuelOilMonthly
   **   ~~~   ** ..Variable name=COOLING:FUELOILNO2 not valid for this simulation.
   ** Warning ** Processing Monthly Tabular Reports: EndUseEnergyConsumptionFuelOilMonthly
   **   ~~~   ** ..Variable name=HEATING:FUELOILNO2 not valid for this simulation.
   ** Warning ** Processing Monthly Tabular Reports: EndUseEnergyConsumptionFuelOilMonthly
   **   ~~~   ** ..Variable name=WATERSYSTEMS:FUELOILNO2 not valid for this simulation.
   ** Warning ** Processing Monthly Tabular Reports: EndUseEnergyConsumptionFuelOilMonthly
   **   ~~~   ** ..Variable name=COGENERATION:FUELOILNO2 not valid for this simulation.
   ** Warning ** Processing Monthly Tabular Reports: EndUseEnergyConsumptionCoalMonthly
   **   ~~~   ** ..Variable name=EXTERIOREQUIPMENT:COAL not valid for this simulation.
   ** Warning ** Processing Monthly Tabular Reports: EndUseEnergyConsumptionCoalMonthly
   **   ~~~   ** ..Variable name=HEATING:COAL not valid for this simulation.
   ** Warning ** Processing Monthly Tabular Reports: EndUseEnergyConsumptionCoalMonthly
   **   ~~~   ** ..Variable name=WATERSYSTEMS:COAL not valid for this simulation.
   ** Warning ** Processing Monthly Tabular Reports: EndUseEnergyConsumptionPropaneMonthly
   **   ~~~   ** ..Variable name=EXTERIOREQUIPMENT:PROPANE not valid for this simulation.
   ** Warning ** Processing Monthly Tabular Reports: EndUseEnergyConsumptionPropaneMonthly
   **   ~~~   ** ..Variable name=COOLING:PROPANE not valid for this simulation.
   ** Warning ** Processing Monthly Tabular Reports: EndUseEnergyConsumptionPropaneMonthly
   **   ~~~   ** ..Variable name=HEATING:PROPANE not valid for this simulation.
   ** Warning ** Processing Monthly Tabular Reports: EndUseEnergyConsumptionPropaneMonthly
   **   ~~~   ** ..Variable name=WATERSYSTEMS:PROPANE not valid for this simulation.
   ** Warning ** Processing Monthly Tabular Reports: EndUseEnergyConsumptionPropaneMonthly
   **   ~~~   ** ..Variable name=COGENERATION:PROPANE not valid for this simulation.
   ** Warning ** Processing Monthly Tabular Reports: EndUseEnergyConsumptionPropaneMonthly
   **   ~~~   ** ..Variable name=HUMIDIFIER:PROPANE not valid for this simulation.
   ** Warning ** Processing Monthly Tabular Reports: EndUseEnergyConsumptionGasolineMonthly
   **   ~~~   ** ..Variable name=EXTERIOREQUIPMENT:GASOLINE not valid for this simulation.
   ** Warning ** Processing Monthly Tabular Reports: EndUseEnergyConsumptionGasolineMonthly
   **   ~~~   ** ..Variable name=COOLING:GASOLINE not valid for this simulation.
   ** Warning ** Processing Monthly Tabular Reports: EndUseEnergyConsumptionGasolineMonthly
   **   ~~~   ** ..Variable name=HEATING:GASOLINE not valid for this simulation.
   ** Warning ** Processing Monthly Tabular Reports: EndUseEnergyConsumptionGasolineMonthly
   **   ~~~   ** ..Variable name=WATERSYSTEMS:GASOLINE not valid for this simulation.
   ** Warning ** Processing Monthly Tabular Reports: EndUseEnergyConsumptionGasolineMonthly
   **   ~~~   ** ..Variable name=COGENERATION:GASOLINE not valid for this simulation.
   ** Warning ** Processing Monthly Tabular Reports: EndUseEnergyConsumptionOtherFuelsMonthly
   **   ~~~   ** ..Variable name=EXTERIOREQUIPMENT:OTHERFUEL1 not valid for this simulation.
   ** Warning ** Processing Monthly Tabular Reports: EndUseEnergyConsumptionOtherFuelsMonthly
   **   ~~~   ** ..Variable name=COOLING:OTHERFUEL1 not valid for this simulation.
   ** Warning ** Processing Monthly Tabular Reports: EndUseEnergyConsumptionOtherFuelsMonthly
   **   ~~~   ** ..Variable name=HEATING:OTHERFUEL1 not valid for this simulation.
   ** Warning ** Processing Monthly Tabular Reports: EndUseEnergyConsumptionOtherFuelsMonthly
   **   ~~~   ** ..Variable name=WATERSYSTEMS:OTHERFUEL1 not valid for this simulation.
   ** Warning ** Processing Monthly Tabular Reports: EndUseEnergyConsumptionOtherFuelsMonthly
   **   ~~~   ** ..Variable name=COGENERATION:OTHERFUEL1 not valid for this simulation.
   ** Warning ** Processing Monthly Tabular Reports: EndUseEnergyConsumptionOtherFuelsMonthly
   **   ~~~   ** ..Variable name=EXTERIOREQUIPMENT:OTHERFUEL2 not valid for this simulation.
   ** Warning ** Processing Monthly Tabular Reports: EndUseEnergyConsumptionOtherFuelsMonthly
   **   ~~~   ** ..Variable name=COOLING:OTHERFUEL2 not valid for this simulation.
   ** Warning ** Processing Monthly Tabular Reports: EndUseEnergyConsumptionOtherFuelsMonthly
   **   ~~~   ** ..Variable name=HEATING:OTHERFUEL2 not valid for this simulation.
   ** Warning ** Processing Monthly Tabular Reports: EndUseEnergyConsumptionOtherFuelsMonthly
   **   ~~~   ** ..Variable name=WATERSYSTEMS:OTHERFUEL2 not valid for this simulation.
   ** Warning ** Processing Monthly Tabular Reports: EndUseEnergyConsumptionOtherFuelsMonthly
   **   ~~~   ** ..Variable name=COGENERATION:OTHERFUEL2 not valid for this simulation.
   ** Warning ** Processing Monthly Tabular Reports: PeakEnergyEndUseElectricityPart1Monthly
   **   ~~~   ** ..Variable name=EXTERIOREQUIPMENT:ELECTRICITY not valid for this simulation.
   ** Warning ** Processing Monthly Tabular Reports: PeakEnergyEndUseElectricityPart1Monthly
   **   ~~~   ** ..Variable name=PUMPS:ELECTRICITY not valid for this simulation.
   ** Warning ** Processing Monthly Tabular Reports: PeakEnergyEndUseElectricityPart1Monthly
   **   ~~~   ** ..Variable name=EXTERIOREQUIPMENT:ELECTRICITY not valid for this simulation.
   **   ~~~   ** ..i.e., Variable name=Meter:EXTERIOREQUIPMENT:ELECTRICITY not valid for this simulation.
   ** Warning ** Processing Monthly Tabular Reports: PeakEnergyEndUseElectricityPart1Monthly
   **   ~~~   ** ..Variable name=PUMPS:ELECTRICITY not valid for this simulation.
   **   ~~~   ** ..i.e., Variable name=Meter:PUMPS:ELECTRICITY not valid for this simulation.
   ** Warning ** Processing Monthly Tabular Reports: PeakEnergyEndUseElectricityPart2Monthly
   **   ~~~   ** ..Variable name=HEATREJECTION:ELECTRICITY not valid for this simulation.
   ** Warning ** Processing Monthly Tabular Reports: PeakEnergyEndUseElectricityPart2Monthly
   **   ~~~   ** ..Variable name=HUMIDIFIER:ELECTRICITY not valid for this simulation.
   ** Warning ** Processing Monthly Tabular Reports: PeakEnergyEndUseElectricityPart2Monthly
   **   ~~~   ** ..Variable name=HEATRECOVERY:ELECTRICITY not valid for this simulation.
   ** Warning ** Processing Monthly Tabular Reports: PeakEnergyEndUseElectricityPart2Monthly
   **   ~~~   ** ..Variable name=COGENERATION:ELECTRICITY not valid for this simulation.
   ** Warning ** Processing Monthly Tabular Reports: PeakEnergyEndUseElectricityPart2Monthly
   **   ~~~   ** ..Variable name=HEATREJECTION:ELECTRICITY not valid for this simulation.
   **   ~~~   ** ..i.e., Variable name=Meter:HEATREJECTION:ELECTRICITY not valid for this simulation.
   ** Warning ** Processing Monthly Tabular Reports: PeakEnergyEndUseElectricityPart2Monthly
   **   ~~~   ** ..Variable name=HUMIDIFIER:ELECTRICITY not valid for this simulation.
   **   ~~~   ** ..i.e., Variable name=Meter:HUMIDIFIER:ELECTRICITY not valid for this simulation.
   ** Warning ** Processing Monthly Tabular Reports: PeakEnergyEndUseElectricityPart2Monthly
   **   ~~~   ** ..Variable name=HEATRECOVERY:ELECTRICITY not valid for this simulation.
   **   ~~~   ** ..i.e., Variable name=Meter:HEATRECOVERY:ELECTRICITY not valid for this simulation.
   ** Warning ** Processing Monthly Tabular Reports: PeakEnergyEndUseElectricityPart2Monthly
   **   ~~~   ** ..Variable name=COGENERATION:ELECTRICITY not valid for this simulation.
   **   ~~~   ** ..i.e., Variable name=Meter:COGENERATION:ELECTRICITY not valid for this simulation.
   ** Warning ** Processing Monthly Tabular Reports: ElectricComponentsOfPeakDemandMonthly
   **   ~~~   ** ..Variable name=EXTERIOREQUIPMENT:ELECTRICITY not valid for this simulation.
   ** Warning ** Processing Monthly Tabular Reports: ElectricComponentsOfPeakDemandMonthly
   **   ~~~   ** ..Variable name=PUMPS:ELECTRICITY not valid for this simulation.
   ** Warning ** Processing Monthly Tabular Reports: ElectricComponentsOfPeakDemandMonthly
   **   ~~~   ** ..Variable name=HEATREJECTION:ELECTRICITY not valid for this simulation.
   ** Warning ** Processing Monthly Tabular Reports: ElectricComponentsOfPeakDemandMonthly
   **   ~~~   ** ..Variable name=EXTERIOREQUIPMENT:ELECTRICITY not valid for this simulation.
   **   ~~~   ** ..i.e., Variable name=Meter:EXTERIOREQUIPMENT:ELECTRICITY not valid for this simulation.
   ** Warning ** Processing Monthly Tabular Reports: ElectricComponentsOfPeakDemandMonthly
   **   ~~~   ** ..Variable name=PUMPS:ELECTRICITY not valid for this simulation.
   **   ~~~   ** ..i.e., Variable name=Meter:PUMPS:ELECTRICITY not valid for this simulation.
   ** Warning ** Processing Monthly Tabular Reports: ElectricComponentsOfPeakDemandMonthly
   **   ~~~   ** ..Variable name=HEATREJECTION:ELECTRICITY not valid for this simulation.
   **   ~~~   ** ..i.e., Variable name=Meter:HEATREJECTION:ELECTRICITY not valid for this simulation.
   ** Warning ** Processing Monthly Tabular Reports: PeakEnergyEndUseNaturalGasMonthly
   **   ~~~   ** ..Variable name=INTERIOREQUIPMENT:NATURALGAS not valid for this simulation.
   ** Warning ** Processing Monthly Tabular Reports: PeakEnergyEndUseNaturalGasMonthly
   **   ~~~   ** ..Variable name=EXTERIOREQUIPMENT:NATURALGAS not valid for this simulation.
   ** Warning ** Processing Monthly Tabular Reports: PeakEnergyEndUseNaturalGasMonthly
   **   ~~~   ** ..Variable name=COOLING:NATURALGAS not valid for this simulation.
   ** Warning ** Processing Monthly Tabular Reports: PeakEnergyEndUseNaturalGasMonthly
   **   ~~~   ** ..Variable name=WATERSYSTEMS:NATURALGAS not valid for this simulation.
   ** Warning ** Processing Monthly Tabular Reports: PeakEnergyEndUseNaturalGasMonthly
   **   ~~~   ** ..Variable name=COGENERATION:NATURALGAS not valid for this simulation.
   ** Warning ** Processing Monthly Tabular Reports: PeakEnergyEndUseNaturalGasMonthly
   **   ~~~   ** ..Variable name=INTERIOREQUIPMENT:NATURALGAS not valid for this simulation.
   **   ~~~   ** ..i.e., Variable name=Meter:INTERIOREQUIPMENT:NATURALGAS not valid for this simulation.
   ** Warning ** Processing Monthly Tabular Reports: PeakEnergyEndUseNaturalGasMonthly
   **   ~~~   ** ..Variable name=EXTERIOREQUIPMENT:NATURALGAS not valid for this simulation.
   **   ~~~   ** ..i.e., Variable name=Meter:EXTERIOREQUIPMENT:NATURALGAS not valid for this simulation.
   ** Warning ** Processing Monthly Tabular Reports: PeakEnergyEndUseNaturalGasMonthly
   **   ~~~   ** ..Variable name=COOLING:NATURALGAS not valid for this simulation.
   **   ~~~   ** ..i.e., Variable name=Meter:COOLING:NATURALGAS not valid for this simulation.
   ** Warning ** Processing Monthly Tabular Reports: PeakEnergyEndUseNaturalGasMonthly
   **   ~~~   ** ..Variable name=WATERSYSTEMS:NATURALGAS not valid for this simulation.
   **   ~~~   ** ..i.e., Variable name=Meter:WATERSYSTEMS:NATURALGAS not valid for this simulation.
   ** Warning ** Processing Monthly Tabular Reports: PeakEnergyEndUseNaturalGasMonthly
   **   ~~~   ** ..Variable name=COGENERATION:NATURALGAS not valid for this simulation.
   **   ~~~   ** ..i.e., Variable name=Meter:COGENERATION:NATURALGAS not valid for this simulation.
   ** Warning ** Processing Monthly Tabular Reports: PeakEnergyEndUseDieselMonthly
   **   ~~~   ** ..Variable name=EXTERIOREQUIPMENT:DIESEL not valid for this simulation.
   ** Warning ** Processing Monthly Tabular Reports: PeakEnergyEndUseDieselMonthly
   **   ~~~   ** ..Variable name=COOLING:DIESEL not valid for this simulation.
   ** Warning ** Processing Monthly Tabular Reports: PeakEnergyEndUseDieselMonthly
   **   ~~~   ** ..Variable name=HEATING:DIESEL not valid for this simulation.
   ** Warning ** Processing Monthly Tabular Reports: PeakEnergyEndUseDieselMonthly
   **   ~~~   ** ..Variable name=WATERSYSTEMS:DIESEL not valid for this simulation.
   ** Warning ** Processing Monthly Tabular Reports: PeakEnergyEndUseDieselMonthly
   **   ~~~   ** ..Variable name=COGENERATION:DIESEL not valid for this simulation.
   ** Warning ** Processing Monthly Tabular Reports: PeakEnergyEndUseFuelOilMonthly
   **   ~~~   ** ..Variable name=EXTERIOREQUIPMENT:FUELOILNO1 not valid for this simulation.
   ** Warning ** Processing Monthly Tabular Reports: PeakEnergyEndUseFuelOilMonthly
   **   ~~~   ** ..Variable name=COOLING:FUELOILNO1 not valid for this simulation.
   ** Warning ** Processing Monthly Tabular Reports: PeakEnergyEndUseFuelOilMonthly
   **   ~~~   ** ..Variable name=HEATING:FUELOILNO1 not valid for this simulation.
   ** Warning ** Processing Monthly Tabular Reports: PeakEnergyEndUseFuelOilMonthly
   **   ~~~   ** ..Variable name=WATERSYSTEMS:FUELOILNO1 not valid for this simulation.
   ** Warning ** Processing Monthly Tabular Reports: PeakEnergyEndUseFuelOilMonthly
   **   ~~~   ** ..Variable name=COGENERATION:FUELOILNO1 not valid for this simulation.
   ** Warning ** Processing Monthly Tabular Reports: PeakEnergyEndUseFuelOilMonthly
   **   ~~~   ** ..Variable name=EXTERIOREQUIPMENT:FUELOILNO2 not valid for this simulation.
   ** Warning ** Processing Monthly Tabular Reports: PeakEnergyEndUseFuelOilMonthly
   **   ~~~   ** ..Variable name=COOLING:FUELOILNO2 not valid for this simulation.
   ** Warning ** Processing Monthly Tabular Reports: PeakEnergyEndUseFuelOilMonthly
   **   ~~~   ** ..Variable name=HEATING:FUELOILNO2 not valid for this simulation.
   ** Warning ** Processing Monthly Tabular Reports: PeakEnergyEndUseFuelOilMonthly
   **   ~~~   ** ..Variable name=WATERSYSTEMS:FUELOILNO2 not valid for this simulation.
   ** Warning ** Processing Monthly Tabular Reports: PeakEnergyEndUseFuelOilMonthly
   **   ~~~   ** ..Variable name=COGENERATION:FUELOILNO2 not valid for this simulation.
   ** Warning ** Processing Monthly Tabular Reports: PeakEnergyEndUseCoalMonthly
   **   ~~~   ** ..Variable name=EXTERIOREQUIPMENT:COAL not valid for this simulation.
   ** Warning ** Processing Monthly Tabular Reports: PeakEnergyEndUseCoalMonthly
   **   ~~~   ** ..Variable name=HEATING:COAL not valid for this simulation.
   ** Warning ** Processing Monthly Tabular Reports: PeakEnergyEndUseCoalMonthly
   **   ~~~   ** ..Variable name=WATERSYSTEMS:COAL not valid for this simulation.
   ** Warning ** Processing Monthly Tabular Reports: PeakEnergyEndUsePropaneMonthly
   **   ~~~   ** ..Variable name=EXTERIOREQUIPMENT:PROPANE not valid for this simulation.
   ** Warning ** Processing Monthly Tabular Reports: PeakEnergyEndUsePropaneMonthly
   **   ~~~   ** ..Variable name=COOLING:PROPANE not valid for this simulation.
   ** Warning ** Processing Monthly Tabular Reports: PeakEnergyEndUsePropaneMonthly
   **   ~~~   ** ..Variable name=HEATING:PROPANE not valid for this simulation.
   ** Warning ** Processing Monthly Tabular Reports: PeakEnergyEndUsePropaneMonthly
   **   ~~~   ** ..Variable name=WATERSYSTEMS:PROPANE not valid for this simulation.
   ** Warning ** Processing Monthly Tabular Reports: PeakEnergyEndUsePropaneMonthly
   **   ~~~   ** ..Variable name=COGENERATION:PROPANE not valid for this simulation.
   ** Warning ** Processing Monthly Tabular Reports: PeakEnergyEndUseGasolineMonthly
   **   ~~~   ** ..Variable name=EXTERIOREQUIPMENT:GASOLINE not valid for this simulation.
   ** Warning ** Processing Monthly Tabular Reports: PeakEnergyEndUseGasolineMonthly
   **   ~~~   ** ..Variable name=COOLING:GASOLINE not valid for this simulation.
   ** Warning ** Processing Monthly Tabular Reports: PeakEnergyEndUseGasolineMonthly
   **   ~~~   ** ..Variable name=HEATING:GASOLINE not valid for this simulation.
   ** Warning ** Processing Monthly Tabular Reports: PeakEnergyEndUseGasolineMonthly
   **   ~~~   ** ..Variable name=WATERSYSTEMS:GASOLINE not valid for this simulation.
   ** Warning ** Processing Monthly Tabular Reports: PeakEnergyEndUseGasolineMonthly
   **   ~~~   ** ..Variable name=COGENERATION:GASOLINE not valid for this simulation.
   ** Warning ** Processing Monthly Tabular Reports: PeakEnergyEndUseOtherFuelsMonthly
   **   ~~~   ** ..Variable name=EXTERIOREQUIPMENT:OTHERFUEL1 not valid for this simulation.
   ** Warning ** Processing Monthly Tabular Reports: PeakEnergyEndUseOtherFuelsMonthly
   **   ~~~   ** ..Variable name=COOLING:OTHERFUEL1 not valid for this simulation.
   ** Warning ** Processing Monthly Tabular Reports: PeakEnergyEndUseOtherFuelsMonthly
   **   ~~~   ** ..Variable name=HEATING:OTHERFUEL1 not valid for this simulation.
   ** Warning ** Processing Monthly Tabular Reports: PeakEnergyEndUseOtherFuelsMonthly
   **   ~~~   ** ..Variable name=WATERSYSTEMS:OTHERFUEL1 not valid for this simulation.
   ** Warning ** Processing Monthly Tabular Reports: PeakEnergyEndUseOtherFuelsMonthly
   **   ~~~   ** ..Variable name=COGENERATION:OTHERFUEL1 not valid for this simulation.
   ** Warning ** Processing Monthly Tabular Reports: PeakEnergyEndUseOtherFuelsMonthly
   **   ~~~   ** ..Variable name=EXTERIOREQUIPMENT:OTHERFUEL2 not valid for this simulation.
   ** Warning ** Processing Monthly Tabular Reports: PeakEnergyEndUseOtherFuelsMonthly
   **   ~~~   ** ..Variable name=COOLING:OTHERFUEL2 not valid for this simulation.
   ** Warning ** Processing Monthly Tabular Reports: PeakEnergyEndUseOtherFuelsMonthly
   **   ~~~   ** ..Variable name=HEATING:OTHERFUEL2 not valid for this simulation.
   ** Warning ** Processing Monthly Tabular Reports: PeakEnergyEndUseOtherFuelsMonthly
   **   ~~~   ** ..Variable name=WATERSYSTEMS:OTHERFUEL2 not valid for this simulation.
   ** Warning ** Processing Monthly Tabular Reports: PeakEnergyEndUseOtherFuelsMonthly
   **   ~~~   ** ..Variable name=COGENERATION:OTHERFUEL2 not valid for this simulation.
   ** Warning ** Processing Monthly Tabular Reports: UnglazedTranspiredSolarCollectorSummaryMonthly
   **   ~~~   ** ..Variable name=SOLAR COLLECTOR SYSTEM EFFICIENCY not valid for this simulation.
   ** Warning ** Processing Monthly Tabular Reports: UnglazedTranspiredSolarCollectorSummaryMonthly
   **   ~~~   ** ..Variable name=SOLAR COLLECTOR SYSTEM EFFICIENCY not valid for this simulation.
   ** Warning ** Processing Monthly Tabular Reports: UnglazedTranspiredSolarCollectorSummaryMonthly
   **   ~~~   ** ..Variable name=SOLAR COLLECTOR OUTSIDE FACE SUCTION VELOCITY not valid for this simulation.
   ** Warning ** Processing Monthly Tabular Reports: UnglazedTranspiredSolarCollectorSummaryMonthly
   **   ~~~   ** ..Variable name=SOLAR COLLECTOR SENSIBLE HEATING RATE not valid for this simulation.
   ** Warning ** Processing Monthly Tabular Reports: ChillerReportMonthly
   **   ~~~   ** ..Variable name=CHILLER ELECTRICITY ENERGY not valid for this simulation.
   ** Warning ** Processing Monthly Tabular Reports: ChillerReportMonthly
   **   ~~~   ** ..Variable name=CHILLER ELECTRICITY RATE not valid for this simulation.
   ** Warning ** Processing Monthly Tabular Reports: ChillerReportMonthly
   **   ~~~   ** ..Variable name=CHILLER ELECTRICITY ENERGY not valid for this simulation.
   ** Warning ** Processing Monthly Tabular Reports: ChillerReportMonthly
   **   ~~~   ** ..Variable name=CHILLER EVAPORATOR COOLING ENERGY not valid for this simulation.
   ** Warning ** Processing Monthly Tabular Reports: ChillerReportMonthly
   **   ~~~   ** ..Variable name=CHILLER EVAPORATOR COOLING RATE not valid for this simulation.
   ** Warning ** Processing Monthly Tabular Reports: ChillerReportMonthly
   **   ~~~   ** ..Variable name=CHILLER CONDENSER HEAT TRANSFER ENERGY not valid for this simulation.
   ** Warning ** Processing Monthly Tabular Reports: ChillerReportMonthly
   **   ~~~   ** ..Variable name=CHILLER COP not valid for this simulation.
   ** Warning ** Processing Monthly Tabular Reports: ChillerReportMonthly
   **   ~~~   ** ..Variable name=CHILLER COP not valid for this simulation.
   ** Warning ** Processing Monthly Tabular Reports: ChillerReportMonthly
   **   ~~~   ** ..Variable name=CHILLER PART LOAD RATIO not valid for this simulation.
   ** Warning ** Processing Monthly Tabular Reports: ChillerReportMonthly
   **   ~~~   ** ..Variable name=CHILLER PART LOAD RATIO not valid for this simulation.
   ** Warning ** Processing Monthly Tabular Reports: TowerReportMonthly
   **   ~~~   ** ..Variable name=COOLING TOWER FAN ELECTRICITY ENERGY not valid for this simulation.
   ** Warning ** Processing Monthly Tabular Reports: TowerReportMonthly
   **   ~~~   ** ..Variable name=COOLING TOWER FAN ELECTRICITY ENERGY not valid for this simulation.
   ** Warning ** Processing Monthly Tabular Reports: TowerReportMonthly
   **   ~~~   ** ..Variable name=COOLING TOWER FAN ELECTRICITY RATE not valid for this simulation.
   ** Warning ** Processing Monthly Tabular Reports: TowerReportMonthly
   **   ~~~   ** ..Variable name=COOLING TOWER HEAT TRANSFER RATE not valid for this simulation.
   ** Warning ** Processing Monthly Tabular Reports: TowerReportMonthly
   **   ~~~   ** ..Variable name=COOLING TOWER INLET TEMPERATURE not valid for this simulation.
   ** Warning ** Processing Monthly Tabular Reports: TowerReportMonthly
   **   ~~~   ** ..Variable name=COOLING TOWER OUTLET TEMPERATURE not valid for this simulation.
   ** Warning ** Processing Monthly Tabular Reports: TowerReportMonthly
   **   ~~~   ** ..Variable name=COOLING TOWER MASS FLOW RATE not valid for this simulation.
   ** Warning ** Processing Monthly Tabular Reports: BoilerReportMonthly
   **   ~~~   ** ..Variable name=BOILER HEATING ENERGY not valid for this simulation.
   ** Warning ** Processing Monthly Tabular Reports: BoilerReportMonthly
   **   ~~~   ** ..Variable name=BOILER GAS CONSUMPTION not valid for this simulation.
   ** Warning ** Processing Monthly Tabular Reports: BoilerReportMonthly
   **   ~~~   ** ..Variable name=BOILER HEATING ENERGY not valid for this simulation.
   ** Warning ** Processing Monthly Tabular Reports: BoilerReportMonthly
   **   ~~~   ** ..Variable name=BOILER HEATING RATE not valid for this simulation.
   ** Warning ** Processing Monthly Tabular Reports: BoilerReportMonthly
   **   ~~~   ** ..Variable name=BOILER GAS CONSUMPTION RATE not valid for this simulation.
   ** Warning ** Processing Monthly Tabular Reports: BoilerReportMonthly
   **   ~~~   ** ..Variable name=BOILER INLET TEMPERATURE not valid for this simulation.
   ** Warning ** Processing Monthly Tabular Reports: BoilerReportMonthly
   **   ~~~   ** ..Variable name=BOILER OUTLET TEMPERATURE not valid for this simulation.
   ** Warning ** Processing Monthly Tabular Reports: BoilerReportMonthly
   **   ~~~   ** ..Variable name=BOILER MASS FLOW RATE not valid for this simulation.
   ** Warning ** Processing Monthly Tabular Reports: BoilerReportMonthly
   **   ~~~   ** ..Variable name=BOILER ANCILLARY ELECTRICITY RATE not valid for this simulation.
   ** Warning ** Processing Monthly Tabular Reports: BoilerReportMonthly
   **   ~~~   ** ..Variable name=BOILER PART LOAD RATIO not valid for this simulation.
   ** Warning ** Processing Monthly Tabular Reports: BoilerReportMonthly
   **   ~~~   ** ..Variable name=BOILER PART LOAD RATIO not valid for this simulation.
   ** Warning ** Processing Monthly Tabular Reports: WindowACReportMonthly
   **   ~~~   ** ..Variable name=ZONE WINDOW AIR CONDITIONER TOTAL COOLING ENERGY not valid for this simulation.
   ** Warning ** Processing Monthly Tabular Reports: WindowACReportMonthly
   **   ~~~   ** ..Variable name=ZONE WINDOW AIR CONDITIONER ELECTRICITY ENERGY not valid for this simulation.
   ** Warning ** Processing Monthly Tabular Reports: WindowACReportMonthly
   **   ~~~   ** ..Variable name=ZONE WINDOW AIR CONDITIONER TOTAL COOLING ENERGY not valid for this simulation.
   ** Warning ** Processing Monthly Tabular Reports: WindowACReportMonthly
   **   ~~~   ** ..Variable name=ZONE WINDOW AIR CONDITIONER SENSIBLE COOLING ENERGY not valid for this simulation.
   ** Warning ** Processing Monthly Tabular Reports: WindowACReportMonthly
   **   ~~~   ** ..Variable name=ZONE WINDOW AIR CONDITIONER LATENT COOLING ENERGY not valid for this simulation.
   ** Warning ** Processing Monthly Tabular Reports: WindowACReportMonthly
   **   ~~~   ** ..Variable name=ZONE WINDOW AIR CONDITIONER TOTAL COOLING RATE not valid for this simulation.
   ** Warning ** Processing Monthly Tabular Reports: WindowACReportMonthly
   **   ~~~   ** ..Variable name=ZONE WINDOW AIR CONDITIONER SENSIBLE COOLING RATE not valid for this simulation.
   ** Warning ** Processing Monthly Tabular Reports: WindowACReportMonthly
   **   ~~~   ** ..Variable name=ZONE WINDOW AIR CONDITIONER LATENT COOLING RATE not valid for this simulation.
   ** Warning ** Processing Monthly Tabular Reports: WindowACReportMonthly
   **   ~~~   ** ..Variable name=ZONE WINDOW AIR CONDITIONER ELECTRICITY RATE not valid for this simulation.
   ** Warning ** Processing Monthly Tabular Reports: WaterHeaterReportMonthly
   **   ~~~   ** ..Variable name=WATER HEATER BURNER HEATING ENERGY not valid for this simulation.
   ** Warning ** Processing Monthly Tabular Reports: WaterHeaterReportMonthly
   **   ~~~   ** ..Variable name=WATER HEATER GAS CONSUMPTION not valid for this simulation.
   ** Warning ** Processing Monthly Tabular Reports: WaterHeaterReportMonthly
   **   ~~~   ** ..Variable name=WATER HEATER LOSS DEMAND ENERGY not valid for this simulation.
   ** Warning ** Processing Monthly Tabular Reports: WaterHeaterReportMonthly
   **   ~~~   ** ..Variable name=WATER HEATER HEAT RECOVERY SUPPLY ENERGY not valid for this simulation.
   ** Warning ** Processing Monthly Tabular Reports: WaterHeaterReportMonthly
   **   ~~~   ** ..Variable name=WATER HEATER SOURCE ENERGY not valid for this simulation.
   ** Warning ** Processing Monthly Tabular Reports: WaterHeaterReportMonthly
   **   ~~~   ** ..Variable name=WATER HEATER BURNER HEATING ENERGY not valid for this simulation.
   **   ~~~   ** ..i.e., Variable name=GAS TANK1:WATER HEATER BURNER HEATING ENERGY not valid for this simulation.
   ** Warning ** Processing Monthly Tabular Reports: WaterHeaterReportMonthly
   **   ~~~   ** ..Variable name=WATER HEATER GAS CONSUMPTION not valid for this simulation.
   **   ~~~   ** ..i.e., Variable name=GAS TANK1:WATER HEATER GAS CONSUMPTION not valid for this simulation.
   ** Warning ** Processing Monthly Tabular Reports: WaterHeaterReportMonthly
   **   ~~~   ** ..Variable name=WATER HEATER LOSS DEMAND ENERGY not valid for this simulation.
   **   ~~~   ** ..i.e., Variable name=GAS TANK1:WATER HEATER LOSS DEMAND ENERGY not valid for this simulation.
   ** Warning ** Processing Monthly Tabular Reports: WaterHeaterReportMonthly
   **   ~~~   ** ..Variable name=WATER HEATER HEAT RECOVERY SUPPLY ENERGY not valid for this simulation.
   **   ~~~   ** ..i.e., Variable name=GAS TANK1:WATER HEATER HEAT RECOVERY SUPPLY ENERGY not valid for this simulation.
   ** Warning ** Processing Monthly Tabular Reports: WaterHeaterReportMonthly
   **   ~~~   ** ..Variable name=WATER HEATER SOURCE ENERGY not valid for this simulation.
   **   ~~~   ** ..i.e., Variable name=GAS TANK1:WATER HEATER SOURCE ENERGY not valid for this simulation.
   ** Warning ** Processing Monthly Tabular Reports: WaterHeaterReportMonthly
   **   ~~~   ** ..Variable name=WATER HEATER BURNER HEATING ENERGY not valid for this simulation.
   **   ~~~   ** ..i.e., Variable name=GAS TANK2:WATER HEATER BURNER HEATING ENERGY not valid for this simulation.
   ** Warning ** Processing Monthly Tabular Reports: WaterHeaterReportMonthly
   **   ~~~   ** ..Variable name=WATER HEATER GAS CONSUMPTION not valid for this simulation.
   **   ~~~   ** ..i.e., Variable name=GAS TANK2:WATER HEATER GAS CONSUMPTION not valid for this simulation.
   ** Warning ** Processing Monthly Tabular Reports: WaterHeaterReportMonthly
   **   ~~~   ** ..Variable name=WATER HEATER LOSS DEMAND ENERGY not valid for this simulation.
   **   ~~~   ** ..i.e., Variable name=GAS TANK2:WATER HEATER LOSS DEMAND ENERGY not valid for this simulation.
   ** Warning ** Processing Monthly Tabular Reports: WaterHeaterReportMonthly
   **   ~~~   ** ..Variable name=WATER HEATER HEAT RECOVERY SUPPLY ENERGY not valid for this simulation.
   **   ~~~   ** ..i.e., Variable name=GAS TANK2:WATER HEATER HEAT RECOVERY SUPPLY ENERGY not valid for this simulation.
   ** Warning ** Processing Monthly Tabular Reports: WaterHeaterReportMonthly
   **   ~~~   ** ..Variable name=WATER HEATER SOURCE ENERGY not valid for this simulation.
   **   ~~~   ** ..i.e., Variable name=GAS TANK2:WATER HEATER SOURCE ENERGY not valid for this simulation.
   ** Warning ** Processing Monthly Tabular Reports: WaterHeaterReportMonthly
   **   ~~~   ** ..Variable name=WATER HEATER BURNER HEATING ENERGY not valid for this simulation.
   **   ~~~   ** ..i.e., Variable name=GAS TANK3:WATER HEATER BURNER HEATING ENERGY not valid for this simulation.
   ** Warning ** Processing Monthly Tabular Reports: WaterHeaterReportMonthly
   **   ~~~   ** ..Variable name=WATER HEATER GAS CONSUMPTION not valid for this simulation.
   **   ~~~   ** ..i.e., Variable name=GAS TANK3:WATER HEATER GAS CONSUMPTION not valid for this simulation.
   ** Warning ** Processing Monthly Tabular Reports: WaterHeaterReportMonthly
   **   ~~~   ** ..Variable name=WATER HEATER LOSS DEMAND ENERGY not valid for this simulation.
   **   ~~~   ** ..i.e., Variable name=GAS TANK3:WATER HEATER LOSS DEMAND ENERGY not valid for this simulation.
   ** Warning ** Processing Monthly Tabular Reports: WaterHeaterReportMonthly
   **   ~~~   ** ..Variable name=WATER HEATER HEAT RECOVERY SUPPLY ENERGY not valid for this simulation.
   **   ~~~   ** ..i.e., Variable name=GAS TANK3:WATER HEATER HEAT RECOVERY SUPPLY ENERGY not valid for this simulation.
   ** Warning ** Processing Monthly Tabular Reports: WaterHeaterReportMonthly
   **   ~~~   ** ..Variable name=WATER HEATER SOURCE ENERGY not valid for this simulation.
   **   ~~~   ** ..i.e., Variable name=GAS TANK3:WATER HEATER SOURCE ENERGY not valid for this simulation.
   ** Warning ** Processing Monthly Tabular Reports: WaterHeaterReportMonthly
   **   ~~~   ** ..Variable name=WATER HEATER BURNER HEATING ENERGY not valid for this simulation.
   **   ~~~   ** ..i.e., Variable name=GAS TANK4:WATER HEATER BURNER HEATING ENERGY not valid for this simulation.
   ** Warning ** Processing Monthly Tabular Reports: WaterHeaterReportMonthly
   **   ~~~   ** ..Variable name=WATER HEATER GAS CONSUMPTION not valid for this simulation.
   **   ~~~   ** ..i.e., Variable name=GAS TANK4:WATER HEATER GAS CONSUMPTION not valid for this simulation.
   ** Warning ** Processing Monthly Tabular Reports: WaterHeaterReportMonthly
   **   ~~~   ** ..Variable name=WATER HEATER LOSS DEMAND ENERGY not valid for this simulation.
   **   ~~~   ** ..i.e., Variable name=GAS TANK4:WATER HEATER LOSS DEMAND ENERGY not valid for this simulation.
   ** Warning ** Processing Monthly Tabular Reports: WaterHeaterReportMonthly
   **   ~~~   ** ..Variable name=WATER HEATER HEAT RECOVERY SUPPLY ENERGY not valid for this simulation.
   **   ~~~   ** ..i.e., Variable name=GAS TANK4:WATER HEATER HEAT RECOVERY SUPPLY ENERGY not valid for this simulation.
   ** Warning ** Processing Monthly Tabular Reports: WaterHeaterReportMonthly
   **   ~~~   ** ..Variable name=WATER HEATER SOURCE ENERGY not valid for this simulation.
   **   ~~~   ** ..i.e., Variable name=GAS TANK4:WATER HEATER SOURCE ENERGY not valid for this simulation.
   ** Warning ** Processing Monthly Tabular Reports: WaterHeaterReportMonthly
   **   ~~~   ** ..Variable name=WATER HEATER BURNER HEATING ENERGY not valid for this simulation.
   **   ~~~   ** ..i.e., Variable name=GAS TANK5:WATER HEATER BURNER HEATING ENERGY not valid for this simulation.
   ** Warning ** Processing Monthly Tabular Reports: WaterHeaterReportMonthly
   **   ~~~   ** ..Variable name=WATER HEATER GAS CONSUMPTION not valid for this simulation.
   **   ~~~   ** ..i.e., Variable name=GAS TANK5:WATER HEATER GAS CONSUMPTION not valid for this simulation.
   ** Warning ** Processing Monthly Tabular Reports: WaterHeaterReportMonthly
   **   ~~~   ** ..Variable name=WATER HEATER LOSS DEMAND ENERGY not valid for this simulation.
   **   ~~~   ** ..i.e., Variable name=GAS TANK5:WATER HEATER LOSS DEMAND ENERGY not valid for this simulation.
   ** Warning ** Processing Monthly Tabular Reports: WaterHeaterReportMonthly
   **   ~~~   ** ..Variable name=WATER HEATER HEAT RECOVERY SUPPLY ENERGY not valid for this simulation.
   **   ~~~   ** ..i.e., Variable name=GAS TANK5:WATER HEATER HEAT RECOVERY SUPPLY ENERGY not valid for this simulation.
   ** Warning ** Processing Monthly Tabular Reports: WaterHeaterReportMonthly
   **   ~~~   ** ..Variable name=WATER HEATER SOURCE ENERGY not valid for this simulation.
   **   ~~~   ** ..i.e., Variable name=GAS TANK5:WATER HEATER SOURCE ENERGY not valid for this simulation.
   ** Warning ** Processing Monthly Tabular Reports: WaterHeaterReportMonthly
   **   ~~~   ** ..Variable name=WATER HEATER BURNER HEATING ENERGY not valid for this simulation.
   **   ~~~   ** ..i.e., Variable name=GAS TANK6:WATER HEATER BURNER HEATING ENERGY not valid for this simulation.
   ** Warning ** Processing Monthly Tabular Reports: WaterHeaterReportMonthly
   **   ~~~   ** ..Variable name=WATER HEATER GAS CONSUMPTION not valid for this simulation.
   **   ~~~   ** ..i.e., Variable name=GAS TANK6:WATER HEATER GAS CONSUMPTION not valid for this simulation.
   ** Warning ** Processing Monthly Tabular Reports: WaterHeaterReportMonthly
   **   ~~~   ** ..Variable name=WATER HEATER LOSS DEMAND ENERGY not valid for this simulation.
   **   ~~~   ** ..i.e., Variable name=GAS TANK6:WATER HEATER LOSS DEMAND ENERGY not valid for this simulation.
   ** Warning ** Processing Monthly Tabular Reports: WaterHeaterReportMonthly
   **   ~~~   ** ..Variable name=WATER HEATER HEAT RECOVERY SUPPLY ENERGY not valid for this simulation.
   **   ~~~   ** ..i.e., Variable name=GAS TANK6:WATER HEATER HEAT RECOVERY SUPPLY ENERGY not valid for this simulation.
   ** Warning ** Processing Monthly Tabular Reports: WaterHeaterReportMonthly
   **   ~~~   ** ..Variable name=WATER HEATER SOURCE ENERGY not valid for this simulation.
   **   ~~~   ** ..i.e., Variable name=GAS TANK6:WATER HEATER SOURCE ENERGY not valid for this simulation.
   ** Warning ** Processing Monthly Tabular Reports: WaterHeaterReportMonthly
   **   ~~~   ** ..Variable name=WATER HEATER BURNER HEATING ENERGY not valid for this simulation.
   **   ~~~   ** ..i.e., Variable name=GAS TANK7:WATER HEATER BURNER HEATING ENERGY not valid for this simulation.
   ** Warning ** Processing Monthly Tabular Reports: WaterHeaterReportMonthly
   **   ~~~   ** ..Variable name=WATER HEATER GAS CONSUMPTION not valid for this simulation.
   **   ~~~   ** ..i.e., Variable name=GAS TANK7:WATER HEATER GAS CONSUMPTION not valid for this simulation.
   ** Warning ** Processing Monthly Tabular Reports: WaterHeaterReportMonthly
   **   ~~~   ** ..Variable name=WATER HEATER LOSS DEMAND ENERGY not valid for this simulation.
   **   ~~~   ** ..i.e., Variable name=GAS TANK7:WATER HEATER LOSS DEMAND ENERGY not valid for this simulation.
   ** Warning ** Processing Monthly Tabular Reports: WaterHeaterReportMonthly
   **   ~~~   ** ..Variable name=WATER HEATER HEAT RECOVERY SUPPLY ENERGY not valid for this simulation.
   **   ~~~   ** ..i.e., Variable name=GAS TANK7:WATER HEATER HEAT RECOVERY SUPPLY ENERGY not valid for this simulation.
   ** Warning ** Processing Monthly Tabular Reports: WaterHeaterReportMonthly
   **   ~~~   ** ..Variable name=WATER HEATER SOURCE ENERGY not valid for this simulation.
   **   ~~~   ** ..i.e., Variable name=GAS TANK7:WATER HEATER SOURCE ENERGY not valid for this simulation.
   ** Warning ** Processing Monthly Tabular Reports: GeneratorReportMonthly
   **   ~~~   ** ..Variable name=GENERATOR PRODUCED AC ELECTRICITY ENERGY not valid for this simulation.
   ** Warning ** Processing Monthly Tabular Reports: GeneratorReportMonthly
   **   ~~~   ** ..Variable name=GENERATOR DIESEL CONSUMPTION not valid for this simulation.
   ** Warning ** Processing Monthly Tabular Reports: GeneratorReportMonthly
   **   ~~~   ** ..Variable name=GENERATOR GAS CONSUMPTION not valid for this simulation.
   ** Warning ** Processing Monthly Tabular Reports: GeneratorReportMonthly
   **   ~~~   ** ..Variable name=GENERATOR PRODUCED AC ELECTRICITY ENERGY not valid for this simulation.
   ** Warning ** Processing Monthly Tabular Reports: GeneratorReportMonthly
   **   ~~~   ** ..Variable name=GENERATOR TOTAL HEAT RECOVERY not valid for this simulation.
   ** Warning ** Processing Monthly Tabular Reports: GeneratorReportMonthly
   **   ~~~   ** ..Variable name=GENERATOR JACKET HEAT RECOVERY ENERGY not valid for this simulation.
   ** Warning ** Processing Monthly Tabular Reports: GeneratorReportMonthly
   **   ~~~   ** ..Variable name=GENERATOR LUBE HEAT RECOVERY not valid for this simulation.
   ** Warning ** Processing Monthly Tabular Reports: GeneratorReportMonthly
   **   ~~~   ** ..Variable name=GENERATOR EXHAUST HEAT RECOVERY ENERGY not valid for this simulation.
   ** Warning ** Processing Monthly Tabular Reports: GeneratorReportMonthly
   **   ~~~   ** ..Variable name=GENERATOR EXHAUST AIR TEMPERATURE not valid for this simulation.
   ** Warning ** Processing Monthly Tabular Reports: DaylightingReportMonthly
   **   ~~~   ** ..Variable name=DAYLIGHTING LIGHTING POWER MULTIPLIER not valid for this simulation.
   ** Warning ** Processing Monthly Tabular Reports: DaylightingReportMonthly
   **   ~~~   ** ..Variable name=DAYLIGHTING LIGHTING POWER MULTIPLIER not valid for this simulation.
   ** Warning ** Processing Monthly Tabular Reports: DaylightingReportMonthly
   **   ~~~   ** ..Variable name=DAYLIGHTING REFERENCE POINT 1 ILLUMINANCE not valid for this simulation.
   ** Warning ** Processing Monthly Tabular Reports: DaylightingReportMonthly
   **   ~~~   ** ..Variable name=DAYLIGHTING REFERENCE POINT 1 GLARE INDEX not valid for this simulation.
   ** Warning ** Processing Monthly Tabular Reports: DaylightingReportMonthly
   **   ~~~   ** ..Variable name=DAYLIGHTING REFERENCE POINT 1 GLARE INDEX SETPOINT EXCEEDED TIME not valid for this simulation.
   ** Warning ** Processing Monthly Tabular Reports: DaylightingReportMonthly
   **   ~~~   ** ..Variable name=DAYLIGHTING REFERENCE POINT 1 DAYLIGHT ILLUMINANCE SETPOINT EXCEEDED TIME not valid for this simulation.
   ** Warning ** Processing Monthly Tabular Reports: DaylightingReportMonthly
   **   ~~~   ** ..Variable name=DAYLIGHTING REFERENCE POINT 2 ILLUMINANCE not valid for this simulation.
   ** Warning ** Processing Monthly Tabular Reports: DaylightingReportMonthly
   **   ~~~   ** ..Variable name=DAYLIGHTING REFERENCE POINT 2 GLARE INDEX not valid for this simulation.
   ** Warning ** Processing Monthly Tabular Reports: DaylightingReportMonthly
   **   ~~~   ** ..Variable name=DAYLIGHTING REFERENCE POINT 2 GLARE INDEX SETPOINT EXCEEDED TIME not valid for this simulation.
   ** Warning ** Processing Monthly Tabular Reports: DaylightingReportMonthly
   **   ~~~   ** ..Variable name=DAYLIGHTING REFERENCE POINT 2 DAYLIGHT ILLUMINANCE SETPOINT EXCEEDED TIME not valid for this simulation.
   ** Warning ** Processing Monthly Tabular Reports: DaylightingReportMonthly
   **   ~~~   ** ..Variable name=DAYLIGHTING LIGHTING POWER MULTIPLIER not valid for this simulation.
   **   ~~~   ** ..i.e., Variable name=GAS TANK1:DAYLIGHTING LIGHTING POWER MULTIPLIER not valid for this simulation.
   ** Warning ** Processing Monthly Tabular Reports: DaylightingReportMonthly
   **   ~~~   ** ..Variable name=DAYLIGHTING LIGHTING POWER MULTIPLIER not valid for this simulation.
   **   ~~~   ** ..i.e., Variable name=GAS TANK1:DAYLIGHTING LIGHTING POWER MULTIPLIER not valid for this simulation.
   ** Warning ** Processing Monthly Tabular Reports: DaylightingReportMonthly
   **   ~~~   ** ..Variable name=DAYLIGHTING REFERENCE POINT 1 ILLUMINANCE not valid for this simulation.
   **   ~~~   ** ..i.e., Variable name=GAS TANK1:DAYLIGHTING REFERENCE POINT 1 ILLUMINANCE not valid for this simulation.
   ** Warning ** Processing Monthly Tabular Reports: DaylightingReportMonthly
   **   ~~~   ** ..Variable name=DAYLIGHTING REFERENCE POINT 1 GLARE INDEX not valid for this simulation.
   **   ~~~   ** ..i.e., Variable name=GAS TANK1:DAYLIGHTING REFERENCE POINT 1 GLARE INDEX not valid for this simulation.
   ** Warning ** Processing Monthly Tabular Reports: DaylightingReportMonthly
   **   ~~~   ** ..Variable name=DAYLIGHTING REFERENCE POINT 1 GLARE INDEX SETPOINT EXCEEDED TIME not valid for this simulation.
   **   ~~~   ** ..i.e., Variable name=GAS TANK1:DAYLIGHTING REFERENCE POINT 1 GLARE INDEX SETPOINT EXCEEDED TIME not valid for this simulation.
   ** Warning ** Processing Monthly Tabular Reports: DaylightingReportMonthly
   **   ~~~   ** ..Variable name=DAYLIGHTING REFERENCE POINT 1 DAYLIGHT ILLUMINANCE SETPOINT EXCEEDED TIME not valid for this simulation.
   **   ~~~   ** ..i.e., Variable name=GAS TANK1:DAYLIGHTING REFERENCE POINT 1 DAYLIGHT ILLUMINANCE SETPOINT EXCEEDED TIME not valid for this simulation.
   ** Warning ** Processing Monthly Tabular Reports: DaylightingReportMonthly
   **   ~~~   ** ..Variable name=DAYLIGHTING REFERENCE POINT 2 ILLUMINANCE not valid for this simulation.
   **   ~~~   ** ..i.e., Variable name=GAS TANK1:DAYLIGHTING REFERENCE POINT 2 ILLUMINANCE not valid for this simulation.
   ** Warning ** Processing Monthly Tabular Reports: DaylightingReportMonthly
   **   ~~~   ** ..Variable name=DAYLIGHTING REFERENCE POINT 2 GLARE INDEX not valid for this simulation.
   **   ~~~   ** ..i.e., Variable name=GAS TANK1:DAYLIGHTING REFERENCE POINT 2 GLARE INDEX not valid for this simulation.
   ** Warning ** Processing Monthly Tabular Reports: DaylightingReportMonthly
   **   ~~~   ** ..Variable name=DAYLIGHTING REFERENCE POINT 2 GLARE INDEX SETPOINT EXCEEDED TIME not valid for this simulation.
   **   ~~~   ** ..i.e., Variable name=GAS TANK1:DAYLIGHTING REFERENCE POINT 2 GLARE INDEX SETPOINT EXCEEDED TIME not valid for this simulation.
   ** Warning ** Processing Monthly Tabular Reports: DaylightingReportMonthly
   **   ~~~   ** ..Variable name=DAYLIGHTING REFERENCE POINT 2 DAYLIGHT ILLUMINANCE SETPOINT EXCEEDED TIME not valid for this simulation.
   **   ~~~   ** ..i.e., Variable name=GAS TANK1:DAYLIGHTING REFERENCE POINT 2 DAYLIGHT ILLUMINANCE SETPOINT EXCEEDED TIME not valid for this simulation.
   ** Warning ** Processing Monthly Tabular Reports: CoilReportMonthly
   **   ~~~   ** ..Variable name=COOLING COIL WETTED AREA FRACTION not valid for this simulation.
   ** Warning ** Processing Monthly Tabular Reports: CoilReportMonthly
   **   ~~~   ** ..Variable name=COOLING COIL TOTAL COOLING ENERGY not valid for this simulation.
   **   ~~~   ** ..i.e., Variable name=PSZ-AC_1:1 HEATING COIL:COOLING COIL TOTAL COOLING ENERGY not valid for this simulation.
   ** Warning ** Processing Monthly Tabular Reports: CoilReportMonthly
   **   ~~~   ** ..Variable name=COOLING COIL SENSIBLE COOLING ENERGY not valid for this simulation.
   **   ~~~   ** ..i.e., Variable name=PSZ-AC_1:1 HEATING COIL:COOLING COIL SENSIBLE COOLING ENERGY not valid for this simulation.
   ** Warning ** Processing Monthly Tabular Reports: CoilReportMonthly
   **   ~~~   ** ..Variable name=COOLING COIL TOTAL COOLING RATE not valid for this simulation.
   **   ~~~   ** ..i.e., Variable name=PSZ-AC_1:1 HEATING COIL:COOLING COIL TOTAL COOLING RATE not valid for this simulation.
   ** Warning ** Processing Monthly Tabular Reports: CoilReportMonthly
   **   ~~~   ** ..Variable name=COOLING COIL SENSIBLE COOLING RATE not valid for this simulation.
   **   ~~~   ** ..i.e., Variable name=PSZ-AC_1:1 HEATING COIL:COOLING COIL SENSIBLE COOLING RATE not valid for this simulation.
   ** Warning ** Processing Monthly Tabular Reports: CoilReportMonthly
   **   ~~~   ** ..Variable name=COOLING COIL WETTED AREA FRACTION not valid for this simulation.
   **   ~~~   ** ..i.e., Variable name=PSZ-AC_1:1 HEATING COIL:COOLING COIL WETTED AREA FRACTION not valid for this simulation.
   ** Warning ** Processing Monthly Tabular Reports: CoilReportMonthly
   **   ~~~   ** ..Variable name=COOLING COIL TOTAL COOLING ENERGY not valid for this simulation.
   **   ~~~   ** ..i.e., Variable name=PSZ-AC_2:2 HEATING COIL:COOLING COIL TOTAL COOLING ENERGY not valid for this simulation.
   ** Warning ** Processing Monthly Tabular Reports: CoilReportMonthly
   **   ~~~   ** ..Variable name=COOLING COIL SENSIBLE COOLING ENERGY not valid for this simulation.
   **   ~~~   ** ..i.e., Variable name=PSZ-AC_2:2 HEATING COIL:COOLING COIL SENSIBLE COOLING ENERGY not valid for this simulation.
   ** Warning ** Processing Monthly Tabular Reports: CoilReportMonthly
   **   ~~~   ** ..Variable name=COOLING COIL TOTAL COOLING RATE not valid for this simulation.
   **   ~~~   ** ..i.e., Variable name=PSZ-AC_2:2 HEATING COIL:COOLING COIL TOTAL COOLING RATE not valid for this simulation.
   ** Warning ** Processing Monthly Tabular Reports: CoilReportMonthly
   **   ~~~   ** ..Variable name=COOLING COIL SENSIBLE COOLING RATE not valid for this simulation.
   **   ~~~   ** ..i.e., Variable name=PSZ-AC_2:2 HEATING COIL:COOLING COIL SENSIBLE COOLING RATE not valid for this simulation.
   ** Warning ** Processing Monthly Tabular Reports: CoilReportMonthly
   **   ~~~   ** ..Variable name=COOLING COIL WETTED AREA FRACTION not valid for this simulation.
   **   ~~~   ** ..i.e., Variable name=PSZ-AC_2:2 HEATING COIL:COOLING COIL WETTED AREA FRACTION not valid for this simulation.
   ** Warning ** Processing Monthly Tabular Reports: CoilReportMonthly
   **   ~~~   ** ..Variable name=COOLING COIL TOTAL COOLING ENERGY not valid for this simulation.
   **   ~~~   ** ..i.e., Variable name=PSZ-AC_3:3 HEATING COIL:COOLING COIL TOTAL COOLING ENERGY not valid for this simulation.
   ** Warning ** Processing Monthly Tabular Reports: CoilReportMonthly
   **   ~~~   ** ..Variable name=COOLING COIL SENSIBLE COOLING ENERGY not valid for this simulation.
   **   ~~~   ** ..i.e., Variable name=PSZ-AC_3:3 HEATING COIL:COOLING COIL SENSIBLE COOLING ENERGY not valid for this simulation.
   ** Warning ** Processing Monthly Tabular Reports: CoilReportMonthly
   **   ~~~   ** ..Variable name=COOLING COIL TOTAL COOLING RATE not valid for this simulation.
   **   ~~~   ** ..i.e., Variable name=PSZ-AC_3:3 HEATING COIL:COOLING COIL TOTAL COOLING RATE not valid for this simulation.
   ** Warning ** Processing Monthly Tabular Reports: CoilReportMonthly
   **   ~~~   ** ..Variable name=COOLING COIL SENSIBLE COOLING RATE not valid for this simulation.
   **   ~~~   ** ..i.e., Variable name=PSZ-AC_3:3 HEATING COIL:COOLING COIL SENSIBLE COOLING RATE not valid for this simulation.
   ** Warning ** Processing Monthly Tabular Reports: CoilReportMonthly
   **   ~~~   ** ..Variable name=COOLING COIL WETTED AREA FRACTION not valid for this simulation.
   **   ~~~   ** ..i.e., Variable name=PSZ-AC_3:3 HEATING COIL:COOLING COIL WETTED AREA FRACTION not valid for this simulation.
   ** Warning ** Processing Monthly Tabular Reports: CoilReportMonthly
   **   ~~~   ** ..Variable name=COOLING COIL TOTAL COOLING ENERGY not valid for this simulation.
   **   ~~~   ** ..i.e., Variable name=PSZ-AC_4:4 HEATING COIL:COOLING COIL TOTAL COOLING ENERGY not valid for this simulation.
   ** Warning ** Processing Monthly Tabular Reports: CoilReportMonthly
   **   ~~~   ** ..Variable name=COOLING COIL SENSIBLE COOLING ENERGY not valid for this simulation.
   **   ~~~   ** ..i.e., Variable name=PSZ-AC_4:4 HEATING COIL:COOLING COIL SENSIBLE COOLING ENERGY not valid for this simulation.
   ** Warning ** Processing Monthly Tabular Reports: CoilReportMonthly
   **   ~~~   ** ..Variable name=COOLING COIL TOTAL COOLING RATE not valid for this simulation.
   **   ~~~   ** ..i.e., Variable name=PSZ-AC_4:4 HEATING COIL:COOLING COIL TOTAL COOLING RATE not valid for this simulation.
   ** Warning ** Processing Monthly Tabular Reports: CoilReportMonthly
   **   ~~~   ** ..Variable name=COOLING COIL SENSIBLE COOLING RATE not valid for this simulation.
   **   ~~~   ** ..i.e., Variable name=PSZ-AC_4:4 HEATING COIL:COOLING COIL SENSIBLE COOLING RATE not valid for this simulation.
   ** Warning ** Processing Monthly Tabular Reports: CoilReportMonthly
   **   ~~~   ** ..Variable name=COOLING COIL WETTED AREA FRACTION not valid for this simulation.
   **   ~~~   ** ..i.e., Variable name=PSZ-AC_4:4 HEATING COIL:COOLING COIL WETTED AREA FRACTION not valid for this simulation.
   ** Warning ** Processing Monthly Tabular Reports: CoilReportMonthly
   **   ~~~   ** ..Variable name=COOLING COIL TOTAL COOLING ENERGY not valid for this simulation.
   **   ~~~   ** ..i.e., Variable name=PSZ-AC_5:5 HEATING COIL:COOLING COIL TOTAL COOLING ENERGY not valid for this simulation.
   ** Warning ** Processing Monthly Tabular Reports: CoilReportMonthly
   **   ~~~   ** ..Variable name=COOLING COIL SENSIBLE COOLING ENERGY not valid for this simulation.
   **   ~~~   ** ..i.e., Variable name=PSZ-AC_5:5 HEATING COIL:COOLING COIL SENSIBLE COOLING ENERGY not valid for this simulation.
   ** Warning ** Processing Monthly Tabular Reports: CoilReportMonthly
   **   ~~~   ** ..Variable name=COOLING COIL TOTAL COOLING RATE not valid for this simulation.
   **   ~~~   ** ..i.e., Variable name=PSZ-AC_5:5 HEATING COIL:COOLING COIL TOTAL COOLING RATE not valid for this simulation.
   ** Warning ** Processing Monthly Tabular Reports: CoilReportMonthly
   **   ~~~   ** ..Variable name=COOLING COIL SENSIBLE COOLING RATE not valid for this simulation.
   **   ~~~   ** ..i.e., Variable name=PSZ-AC_5:5 HEATING COIL:COOLING COIL SENSIBLE COOLING RATE not valid for this simulation.
   ** Warning ** Processing Monthly Tabular Reports: CoilReportMonthly
   **   ~~~   ** ..Variable name=COOLING COIL WETTED AREA FRACTION not valid for this simulation.
   **   ~~~   ** ..i.e., Variable name=PSZ-AC_5:5 HEATING COIL:COOLING COIL WETTED AREA FRACTION not valid for this simulation.
   ** Warning ** Processing Monthly Tabular Reports: CoilReportMonthly
   **   ~~~   ** ..Variable name=COOLING COIL TOTAL COOLING ENERGY not valid for this simulation.
   **   ~~~   ** ..i.e., Variable name=PSZ-AC_6:6 HEATING COIL:COOLING COIL TOTAL COOLING ENERGY not valid for this simulation.
   ** Warning ** Processing Monthly Tabular Reports: CoilReportMonthly
   **   ~~~   ** ..Variable name=COOLING COIL SENSIBLE COOLING ENERGY not valid for this simulation.
   **   ~~~   ** ..i.e., Variable name=PSZ-AC_6:6 HEATING COIL:COOLING COIL SENSIBLE COOLING ENERGY not valid for this simulation.
   ** Warning ** Processing Monthly Tabular Reports: CoilReportMonthly
   **   ~~~   ** ..Variable name=COOLING COIL TOTAL COOLING RATE not valid for this simulation.
   **   ~~~   ** ..i.e., Variable name=PSZ-AC_6:6 HEATING COIL:COOLING COIL TOTAL COOLING RATE not valid for this simulation.
   ** Warning ** Processing Monthly Tabular Reports: CoilReportMonthly
   **   ~~~   ** ..Variable name=COOLING COIL SENSIBLE COOLING RATE not valid for this simulation.
   **   ~~~   ** ..i.e., Variable name=PSZ-AC_6:6 HEATING COIL:COOLING COIL SENSIBLE COOLING RATE not valid for this simulation.
   ** Warning ** Processing Monthly Tabular Reports: CoilReportMonthly
   **   ~~~   ** ..Variable name=COOLING COIL WETTED AREA FRACTION not valid for this simulation.
   **   ~~~   ** ..i.e., Variable name=PSZ-AC_6:6 HEATING COIL:COOLING COIL WETTED AREA FRACTION not valid for this simulation.
   ** Warning ** Processing Monthly Tabular Reports: CoilReportMonthly
   **   ~~~   ** ..Variable name=COOLING COIL TOTAL COOLING ENERGY not valid for this simulation.
   **   ~~~   ** ..i.e., Variable name=PSZ-AC_7:7 HEATING COIL:COOLING COIL TOTAL COOLING ENERGY not valid for this simulation.
   ** Warning ** Processing Monthly Tabular Reports: CoilReportMonthly
   **   ~~~   ** ..Variable name=COOLING COIL SENSIBLE COOLING ENERGY not valid for this simulation.
   **   ~~~   ** ..i.e., Variable name=PSZ-AC_7:7 HEATING COIL:COOLING COIL SENSIBLE COOLING ENERGY not valid for this simulation.
   ** Warning ** Processing Monthly Tabular Reports: CoilReportMonthly
   **   ~~~   ** ..Variable name=COOLING COIL TOTAL COOLING RATE not valid for this simulation.
   **   ~~~   ** ..i.e., Variable name=PSZ-AC_7:7 HEATING COIL:COOLING COIL TOTAL COOLING RATE not valid for this simulation.
   ** Warning ** Processing Monthly Tabular Reports: CoilReportMonthly
   **   ~~~   ** ..Variable name=COOLING COIL SENSIBLE COOLING RATE not valid for this simulation.
   **   ~~~   ** ..i.e., Variable name=PSZ-AC_7:7 HEATING COIL:COOLING COIL SENSIBLE COOLING RATE not valid for this simulation.
   ** Warning ** Processing Monthly Tabular Reports: CoilReportMonthly
   **   ~~~   ** ..Variable name=COOLING COIL WETTED AREA FRACTION not valid for this simulation.
   **   ~~~   ** ..i.e., Variable name=PSZ-AC_7:7 HEATING COIL:COOLING COIL WETTED AREA FRACTION not valid for this simulation.
   ** Warning ** Processing Monthly Tabular Reports: CoilReportMonthly
   **   ~~~   ** ..Variable name=COOLING COIL TOTAL COOLING ENERGY not valid for this simulation.
   **   ~~~   ** ..i.e., Variable name=PSZ-AC_8:8 HEATING COIL:COOLING COIL TOTAL COOLING ENERGY not valid for this simulation.
   ** Warning ** Processing Monthly Tabular Reports: CoilReportMonthly
   **   ~~~   ** ..Variable name=COOLING COIL SENSIBLE COOLING ENERGY not valid for this simulation.
   **   ~~~   ** ..i.e., Variable name=PSZ-AC_8:8 HEATING COIL:COOLING COIL SENSIBLE COOLING ENERGY not valid for this simulation.
   ** Warning ** Processing Monthly Tabular Reports: CoilReportMonthly
   **   ~~~   ** ..Variable name=COOLING COIL TOTAL COOLING RATE not valid for this simulation.
   **   ~~~   ** ..i.e., Variable name=PSZ-AC_8:8 HEATING COIL:COOLING COIL TOTAL COOLING RATE not valid for this simulation.
   ** Warning ** Processing Monthly Tabular Reports: CoilReportMonthly
   **   ~~~   ** ..Variable name=COOLING COIL SENSIBLE COOLING RATE not valid for this simulation.
   **   ~~~   ** ..i.e., Variable name=PSZ-AC_8:8 HEATING COIL:COOLING COIL SENSIBLE COOLING RATE not valid for this simulation.
   ** Warning ** Processing Monthly Tabular Reports: CoilReportMonthly
   **   ~~~   ** ..Variable name=COOLING COIL WETTED AREA FRACTION not valid for this simulation.
   **   ~~~   ** ..i.e., Variable name=PSZ-AC_8:8 HEATING COIL:COOLING COIL WETTED AREA FRACTION not valid for this simulation.
   ** Warning ** Processing Monthly Tabular Reports: CoilReportMonthly
   **   ~~~   ** ..Variable name=COOLING COIL TOTAL COOLING ENERGY not valid for this simulation.
   **   ~~~   ** ..i.e., Variable name=PSZ-AC_9:9 HEATING COIL:COOLING COIL TOTAL COOLING ENERGY not valid for this simulation.
   ** Warning ** Processing Monthly Tabular Reports: CoilReportMonthly
   **   ~~~   ** ..Variable name=COOLING COIL SENSIBLE COOLING ENERGY not valid for this simulation.
   **   ~~~   ** ..i.e., Variable name=PSZ-AC_9:9 HEATING COIL:COOLING COIL SENSIBLE COOLING ENERGY not valid for this simulation.
   ** Warning ** Processing Monthly Tabular Reports: CoilReportMonthly
   **   ~~~   ** ..Variable name=COOLING COIL TOTAL COOLING RATE not valid for this simulation.
   **   ~~~   ** ..i.e., Variable name=PSZ-AC_9:9 HEATING COIL:COOLING COIL TOTAL COOLING RATE not valid for this simulation.
   ** Warning ** Processing Monthly Tabular Reports: CoilReportMonthly
   **   ~~~   ** ..Variable name=COOLING COIL SENSIBLE COOLING RATE not valid for this simulation.
   **   ~~~   ** ..i.e., Variable name=PSZ-AC_9:9 HEATING COIL:COOLING COIL SENSIBLE COOLING RATE not valid for this simulation.
   ** Warning ** Processing Monthly Tabular Reports: CoilReportMonthly
   **   ~~~   ** ..Variable name=COOLING COIL WETTED AREA FRACTION not valid for this simulation.
   **   ~~~   ** ..i.e., Variable name=PSZ-AC_9:9 HEATING COIL:COOLING COIL WETTED AREA FRACTION not valid for this simulation.
   ** Warning ** Processing Monthly Tabular Reports: CoilReportMonthly
   **   ~~~   ** ..Variable name=COOLING COIL TOTAL COOLING ENERGY not valid for this simulation.
   **   ~~~   ** ..i.e., Variable name=PSZ-AC_10:10 HEATING COIL:COOLING COIL TOTAL COOLING ENERGY not valid for this simulation.
   ** Warning ** Processing Monthly Tabular Reports: CoilReportMonthly
   **   ~~~   ** ..Variable name=COOLING COIL SENSIBLE COOLING ENERGY not valid for this simulation.
   **   ~~~   ** ..i.e., Variable name=PSZ-AC_10:10 HEATING COIL:COOLING COIL SENSIBLE COOLING ENERGY not valid for this simulation.
   ** Warning ** Processing Monthly Tabular Reports: CoilReportMonthly
   **   ~~~   ** ..Variable name=COOLING COIL TOTAL COOLING RATE not valid for this simulation.
   **   ~~~   ** ..i.e., Variable name=PSZ-AC_10:10 HEATING COIL:COOLING COIL TOTAL COOLING RATE not valid for this simulation.
   ** Warning ** Processing Monthly Tabular Reports: CoilReportMonthly
   **   ~~~   ** ..Variable name=COOLING COIL SENSIBLE COOLING RATE not valid for this simulation.
   **   ~~~   ** ..i.e., Variable name=PSZ-AC_10:10 HEATING COIL:COOLING COIL SENSIBLE COOLING RATE not valid for this simulation.
   ** Warning ** Processing Monthly Tabular Reports: CoilReportMonthly
   **   ~~~   ** ..Variable name=COOLING COIL WETTED AREA FRACTION not valid for this simulation.
   **   ~~~   ** ..i.e., Variable name=PSZ-AC_10:10 HEATING COIL:COOLING COIL WETTED AREA FRACTION not valid for this simulation.
   ** Warning ** Processing Monthly Tabular Reports: CoilReportMonthly
   **   ~~~   ** ..Variable name=HEATING COIL HEATING ENERGY not valid for this simulation.
   **   ~~~   ** ..i.e., Variable name=PSZ-AC_1:1 COOLING COIL:HEATING COIL HEATING ENERGY not valid for this simulation.
   ** Warning ** Processing Monthly Tabular Reports: CoilReportMonthly
   **   ~~~   ** ..Variable name=HEATING COIL HEATING RATE not valid for this simulation.
   **   ~~~   ** ..i.e., Variable name=PSZ-AC_1:1 COOLING COIL:HEATING COIL HEATING RATE not valid for this simulation.
   ** Warning ** Processing Monthly Tabular Reports: CoilReportMonthly
   **   ~~~   ** ..Variable name=COOLING COIL WETTED AREA FRACTION not valid for this simulation.
   **   ~~~   ** ..i.e., Variable name=PSZ-AC_1:1 COOLING COIL:COOLING COIL WETTED AREA FRACTION not valid for this simulation.
   ** Warning ** Processing Monthly Tabular Reports: CoilReportMonthly
   **   ~~~   ** ..Variable name=HEATING COIL HEATING ENERGY not valid for this simulation.
   **   ~~~   ** ..i.e., Variable name=PSZ-AC_2:2 COOLING COIL:HEATING COIL HEATING ENERGY not valid for this simulation.
   ** Warning ** Processing Monthly Tabular Reports: CoilReportMonthly
   **   ~~~   ** ..Variable name=HEATING COIL HEATING RATE not valid for this simulation.
   **   ~~~   ** ..i.e., Variable name=PSZ-AC_2:2 COOLING COIL:HEATING COIL HEATING RATE not valid for this simulation.
   ** Warning ** Processing Monthly Tabular Reports: CoilReportMonthly
   **   ~~~   ** ..Variable name=COOLING COIL WETTED AREA FRACTION not valid for this simulation.
   **   ~~~   ** ..i.e., Variable name=PSZ-AC_2:2 COOLING COIL:COOLING COIL WETTED AREA FRACTION not valid for this simulation.
   ** Warning ** Processing Monthly Tabular Reports: CoilReportMonthly
   **   ~~~   ** ..Variable name=HEATING COIL HEATING ENERGY not valid for this simulation.
   **   ~~~   ** ..i.e., Variable name=PSZ-AC_3:3 COOLING COIL:HEATING COIL HEATING ENERGY not valid for this simulation.
   ** Warning ** Processing Monthly Tabular Reports: CoilReportMonthly
   **   ~~~   ** ..Variable name=HEATING COIL HEATING RATE not valid for this simulation.
   **   ~~~   ** ..i.e., Variable name=PSZ-AC_3:3 COOLING COIL:HEATING COIL HEATING RATE not valid for this simulation.
   ** Warning ** Processing Monthly Tabular Reports: CoilReportMonthly
   **   ~~~   ** ..Variable name=COOLING COIL WETTED AREA FRACTION not valid for this simulation.
   **   ~~~   ** ..i.e., Variable name=PSZ-AC_3:3 COOLING COIL:COOLING COIL WETTED AREA FRACTION not valid for this simulation.
   ** Warning ** Processing Monthly Tabular Reports: CoilReportMonthly
   **   ~~~   ** ..Variable name=HEATING COIL HEATING ENERGY not valid for this simulation.
   **   ~~~   ** ..i.e., Variable name=PSZ-AC_4:4 COOLING COIL:HEATING COIL HEATING ENERGY not valid for this simulation.
   ** Warning ** Processing Monthly Tabular Reports: CoilReportMonthly
   **   ~~~   ** ..Variable name=HEATING COIL HEATING RATE not valid for this simulation.
   **   ~~~   ** ..i.e., Variable name=PSZ-AC_4:4 COOLING COIL:HEATING COIL HEATING RATE not valid for this simulation.
   ** Warning ** Processing Monthly Tabular Reports: CoilReportMonthly
   **   ~~~   ** ..Variable name=COOLING COIL WETTED AREA FRACTION not valid for this simulation.
   **   ~~~   ** ..i.e., Variable name=PSZ-AC_4:4 COOLING COIL:COOLING COIL WETTED AREA FRACTION not valid for this simulation.
   ** Warning ** Processing Monthly Tabular Reports: CoilReportMonthly
   **   ~~~   ** ..Variable name=HEATING COIL HEATING ENERGY not valid for this simulation.
   **   ~~~   ** ..i.e., Variable name=PSZ-AC_5:5 COOLING COIL:HEATING COIL HEATING ENERGY not valid for this simulation.
   ** Warning ** Processing Monthly Tabular Reports: CoilReportMonthly
   **   ~~~   ** ..Variable name=HEATING COIL HEATING RATE not valid for this simulation.
   **   ~~~   ** ..i.e., Variable name=PSZ-AC_5:5 COOLING COIL:HEATING COIL HEATING RATE not valid for this simulation.
   ** Warning ** Processing Monthly Tabular Reports: CoilReportMonthly
   **   ~~~   ** ..Variable name=COOLING COIL WETTED AREA FRACTION not valid for this simulation.
   **   ~~~   ** ..i.e., Variable name=PSZ-AC_5:5 COOLING COIL:COOLING COIL WETTED AREA FRACTION not valid for this simulation.
   ** Warning ** Processing Monthly Tabular Reports: CoilReportMonthly
   **   ~~~   ** ..Variable name=HEATING COIL HEATING ENERGY not valid for this simulation.
   **   ~~~   ** ..i.e., Variable name=PSZ-AC_6:6 COOLING COIL:HEATING COIL HEATING ENERGY not valid for this simulation.
   ** Warning ** Processing Monthly Tabular Reports: CoilReportMonthly
   **   ~~~   ** ..Variable name=HEATING COIL HEATING RATE not valid for this simulation.
   **   ~~~   ** ..i.e., Variable name=PSZ-AC_6:6 COOLING COIL:HEATING COIL HEATING RATE not valid for this simulation.
   ** Warning ** Processing Monthly Tabular Reports: CoilReportMonthly
   **   ~~~   ** ..Variable name=COOLING COIL WETTED AREA FRACTION not valid for this simulation.
   **   ~~~   ** ..i.e., Variable name=PSZ-AC_6:6 COOLING COIL:COOLING COIL WETTED AREA FRACTION not valid for this simulation.
   ** Warning ** Processing Monthly Tabular Reports: CoilReportMonthly
   **   ~~~   ** ..Variable name=HEATING COIL HEATING ENERGY not valid for this simulation.
   **   ~~~   ** ..i.e., Variable name=PSZ-AC_7:7 COOLING COIL:HEATING COIL HEATING ENERGY not valid for this simulation.
   ** Warning ** Processing Monthly Tabular Reports: CoilReportMonthly
   **   ~~~   ** ..Variable name=HEATING COIL HEATING RATE not valid for this simulation.
   **   ~~~   ** ..i.e., Variable name=PSZ-AC_7:7 COOLING COIL:HEATING COIL HEATING RATE not valid for this simulation.
   ** Warning ** Processing Monthly Tabular Reports: CoilReportMonthly
   **   ~~~   ** ..Variable name=COOLING COIL WETTED AREA FRACTION not valid for this simulation.
   **   ~~~   ** ..i.e., Variable name=PSZ-AC_7:7 COOLING COIL:COOLING COIL WETTED AREA FRACTION not valid for this simulation.
   ** Warning ** Processing Monthly Tabular Reports: CoilReportMonthly
   **   ~~~   ** ..Variable name=HEATING COIL HEATING ENERGY not valid for this simulation.
   **   ~~~   ** ..i.e., Variable name=PSZ-AC_8:8 COOLING COIL:HEATING COIL HEATING ENERGY not valid for this simulation.
   ** Warning ** Processing Monthly Tabular Reports: CoilReportMonthly
   **   ~~~   ** ..Variable name=HEATING COIL HEATING RATE not valid for this simulation.
   **   ~~~   ** ..i.e., Variable name=PSZ-AC_8:8 COOLING COIL:HEATING COIL HEATING RATE not valid for this simulation.
   ** Warning ** Processing Monthly Tabular Reports: CoilReportMonthly
   **   ~~~   ** ..Variable name=COOLING COIL WETTED AREA FRACTION not valid for this simulation.
   **   ~~~   ** ..i.e., Variable name=PSZ-AC_8:8 COOLING COIL:COOLING COIL WETTED AREA FRACTION not valid for this simulation.
   ** Warning ** Processing Monthly Tabular Reports: CoilReportMonthly
   **   ~~~   ** ..Variable name=HEATING COIL HEATING ENERGY not valid for this simulation.
   **   ~~~   ** ..i.e., Variable name=PSZ-AC_9:9 COOLING COIL:HEATING COIL HEATING ENERGY not valid for this simulation.
   ** Warning ** Processing Monthly Tabular Reports: CoilReportMonthly
   **   ~~~   ** ..Variable name=HEATING COIL HEATING RATE not valid for this simulation.
   **   ~~~   ** ..i.e., Variable name=PSZ-AC_9:9 COOLING COIL:HEATING COIL HEATING RATE not valid for this simulation.
   ** Warning ** Processing Monthly Tabular Reports: CoilReportMonthly
   **   ~~~   ** ..Variable name=COOLING COIL WETTED AREA FRACTION not valid for this simulation.
   **   ~~~   ** ..i.e., Variable name=PSZ-AC_9:9 COOLING COIL:COOLING COIL WETTED AREA FRACTION not valid for this simulation.
   ** Warning ** Processing Monthly Tabular Reports: CoilReportMonthly
   **   ~~~   ** ..Variable name=HEATING COIL HEATING ENERGY not valid for this simulation.
   **   ~~~   ** ..i.e., Variable name=PSZ-AC_10:10 COOLING COIL:HEATING COIL HEATING ENERGY not valid for this simulation.
   ** Warning ** Processing Monthly Tabular Reports: CoilReportMonthly
   **   ~~~   ** ..Variable name=HEATING COIL HEATING RATE not valid for this simulation.
   **   ~~~   ** ..i.e., Variable name=PSZ-AC_10:10 COOLING COIL:HEATING COIL HEATING RATE not valid for this simulation.
   ** Warning ** Processing Monthly Tabular Reports: CoilReportMonthly
   **   ~~~   ** ..Variable name=COOLING COIL WETTED AREA FRACTION not valid for this simulation.
   **   ~~~   ** ..i.e., Variable name=PSZ-AC_10:10 COOLING COIL:COOLING COIL WETTED AREA FRACTION not valid for this simulation.
   ** Warning ** Processing Monthly Tabular Reports: PlantLoopDemandReportMonthly
   **   ~~~   ** ..Variable name=PLANT SUPPLY SIDE COOLING DEMAND RATE not valid for this simulation.
   ** Warning ** Processing Monthly Tabular Reports: PlantLoopDemandReportMonthly
   **   ~~~   ** ..Variable name=PLANT SUPPLY SIDE COOLING DEMAND RATE not valid for this simulation.
   ** Warning ** Processing Monthly Tabular Reports: PlantLoopDemandReportMonthly
   **   ~~~   ** ..Variable name=PLANT SUPPLY SIDE HEATING DEMAND RATE not valid for this simulation.
   ** Warning ** Processing Monthly Tabular Reports: PlantLoopDemandReportMonthly
   **   ~~~   ** ..Variable name=PLANT SUPPLY SIDE HEATING DEMAND RATE not valid for this simulation.
   ** Warning ** Processing Monthly Tabular Reports: PumpReportMonthly
   **   ~~~   ** ..Variable name=PUMP ELECTRICITY ENERGY not valid for this simulation.
   ** Warning ** Processing Monthly Tabular Reports: PumpReportMonthly
   **   ~~~   ** ..Variable name=PUMP FLUID HEAT GAIN ENERGY not valid for this simulation.
   ** Warning ** Processing Monthly Tabular Reports: PumpReportMonthly
   **   ~~~   ** ..Variable name=PUMP ELECTRICITY RATE not valid for this simulation.
   ** Warning ** Processing Monthly Tabular Reports: PumpReportMonthly
   **   ~~~   ** ..Variable name=PUMP SHAFT POWER not valid for this simulation.
   ** Warning ** Processing Monthly Tabular Reports: PumpReportMonthly
   **   ~~~   ** ..Variable name=PUMP FLUID HEAT GAIN RATE not valid for this simulation.
   ** Warning ** Processing Monthly Tabular Reports: PumpReportMonthly
   **   ~~~   ** ..Variable name=PUMP OUTLET TEMPERATURE not valid for this simulation.
   ** Warning ** Processing Monthly Tabular Reports: PumpReportMonthly
   **   ~~~   ** ..Variable name=PUMP MASS FLOW RATE not valid for this simulation.
   ** Warning ** Processing Monthly Tabular Reports: CondLoopDemandReportMonthly
   **   ~~~   ** ..Variable name=PLANT SUPPLY SIDE COOLING DEMAND RATE not valid for this simulation.
   ** Warning ** Processing Monthly Tabular Reports: CondLoopDemandReportMonthly
   **   ~~~   ** ..Variable name=PLANT SUPPLY SIDE COOLING DEMAND RATE not valid for this simulation.
   ** Warning ** Processing Monthly Tabular Reports: CondLoopDemandReportMonthly
   **   ~~~   ** ..Variable name=PLANT SUPPLY SIDE INLET TEMPERATURE not valid for this simulation.
   ** Warning ** Processing Monthly Tabular Reports: CondLoopDemandReportMonthly
   **   ~~~   ** ..Variable name=PLANT SUPPLY SIDE OUTLET TEMPERATURE not valid for this simulation.
   ** Warning ** Processing Monthly Tabular Reports: CondLoopDemandReportMonthly
   **   ~~~   ** ..Variable name=PLANT SUPPLY SIDE HEATING DEMAND RATE not valid for this simulation.
   ** Warning ** Processing Monthly Tabular Reports: CondLoopDemandReportMonthly
   **   ~~~   ** ..Variable name=PLANT SUPPLY SIDE HEATING DEMAND RATE not valid for this simulation.
   ** Warning ** Processing Monthly Tabular Reports: AirLoopSystemEnergyAndWaterUseMonthly
   **   ~~~   ** ..Variable name=AIR SYSTEM NATURAL GAS ENERGY not valid for this simulation.
   ** Warning ** Processing Monthly Tabular Reports: AirLoopSystemEnergyAndWaterUseMonthly
   **   ~~~   ** ..Variable name=AIR SYSTEM NATURAL GAS ENERGY not valid for this simulation.
   **   ~~~   ** ..i.e., Variable name=PSZ-AC_1:1:AIR SYSTEM NATURAL GAS ENERGY not valid for this simulation.
   ** Warning ** Processing Monthly Tabular Reports: AirLoopSystemEnergyAndWaterUseMonthly
   **   ~~~   ** ..Variable name=AIR SYSTEM NATURAL GAS ENERGY not valid for this simulation.
   **   ~~~   ** ..i.e., Variable name=PSZ-AC_2:2:AIR SYSTEM NATURAL GAS ENERGY not valid for this simulation.
   ** Warning ** Processing Monthly Tabular Reports: AirLoopSystemEnergyAndWaterUseMonthly
   **   ~~~   ** ..Variable name=AIR SYSTEM NATURAL GAS ENERGY not valid for this simulation.
   **   ~~~   ** ..i.e., Variable name=PSZ-AC_3:3:AIR SYSTEM NATURAL GAS ENERGY not valid for this simulation.
   ** Warning ** Processing Monthly Tabular Reports: AirLoopSystemEnergyAndWaterUseMonthly
   **   ~~~   ** ..Variable name=AIR SYSTEM NATURAL GAS ENERGY not valid for this simulation.
   **   ~~~   ** ..i.e., Variable name=PSZ-AC_4:4:AIR SYSTEM NATURAL GAS ENERGY not valid for this simulation.
   ** Warning ** Processing Monthly Tabular Reports: AirLoopSystemEnergyAndWaterUseMonthly
   **   ~~~   ** ..Variable name=AIR SYSTEM NATURAL GAS ENERGY not valid for this simulation.
   **   ~~~   ** ..i.e., Variable name=PSZ-AC_5:5:AIR SYSTEM NATURAL GAS ENERGY not valid for this simulation.
   ** Warning ** Processing Monthly Tabular Reports: AirLoopSystemEnergyAndWaterUseMonthly
   **   ~~~   ** ..Variable name=AIR SYSTEM NATURAL GAS ENERGY not valid for this simulation.
   **   ~~~   ** ..i.e., Variable name=PSZ-AC_6:6:AIR SYSTEM NATURAL GAS ENERGY not valid for this simulation.
   ** Warning ** Processing Monthly Tabular Reports: AirLoopSystemEnergyAndWaterUseMonthly
   **   ~~~   ** ..Variable name=AIR SYSTEM NATURAL GAS ENERGY not valid for this simulation.
   **   ~~~   ** ..i.e., Variable name=PSZ-AC_7:7:AIR SYSTEM NATURAL GAS ENERGY not valid for this simulation.
   ** Warning ** Processing Monthly Tabular Reports: AirLoopSystemEnergyAndWaterUseMonthly
   **   ~~~   ** ..Variable name=AIR SYSTEM NATURAL GAS ENERGY not valid for this simulation.
   **   ~~~   ** ..i.e., Variable name=PSZ-AC_8:8:AIR SYSTEM NATURAL GAS ENERGY not valid for this simulation.
   ** Warning ** Processing Monthly Tabular Reports: AirLoopSystemEnergyAndWaterUseMonthly
   **   ~~~   ** ..Variable name=AIR SYSTEM NATURAL GAS ENERGY not valid for this simulation.
   **   ~~~   ** ..i.e., Variable name=PSZ-AC_9:9:AIR SYSTEM NATURAL GAS ENERGY not valid for this simulation.
   ** Warning ** Processing Monthly Tabular Reports: AirLoopSystemEnergyAndWaterUseMonthly
   **   ~~~   ** ..Variable name=AIR SYSTEM NATURAL GAS ENERGY not valid for this simulation.
   **   ~~~   ** ..i.e., Variable name=PSZ-AC_10:10:AIR SYSTEM NATURAL GAS ENERGY not valid for this simulation.
   ** Warning ** Processing Monthly Tabular Reports: AirLoopSystemComponentEnergyUseMonthly
   **   ~~~   ** ..Variable name=AIR SYSTEM HEATING COIL NATURAL GAS ENERGY not valid for this simulation.
   ** Warning ** Processing Monthly Tabular Reports: AirLoopSystemComponentEnergyUseMonthly
   **   ~~~   ** ..Variable name=AIR SYSTEM HUMIDIFIER NATURAL GAS ENERGY not valid for this simulation.
   ** Warning ** Processing Monthly Tabular Reports: AirLoopSystemComponentEnergyUseMonthly
   **   ~~~   ** ..Variable name=AIR SYSTEM HEATING COIL NATURAL GAS ENERGY not valid for this simulation.
   **   ~~~   ** ..i.e., Variable name=PSZ-AC_1:1:AIR SYSTEM HEATING COIL NATURAL GAS ENERGY not valid for this simulation.
   ** Warning ** Processing Monthly Tabular Reports: AirLoopSystemComponentEnergyUseMonthly
   **   ~~~   ** ..Variable name=AIR SYSTEM HUMIDIFIER NATURAL GAS ENERGY not valid for this simulation.
   **   ~~~   ** ..i.e., Variable name=PSZ-AC_1:1:AIR SYSTEM HUMIDIFIER NATURAL GAS ENERGY not valid for this simulation.
   ** Warning ** Processing Monthly Tabular Reports: AirLoopSystemComponentEnergyUseMonthly
   **   ~~~   ** ..Variable name=AIR SYSTEM HEATING COIL NATURAL GAS ENERGY not valid for this simulation.
   **   ~~~   ** ..i.e., Variable name=PSZ-AC_2:2:AIR SYSTEM HEATING COIL NATURAL GAS ENERGY not valid for this simulation.
   ** Warning ** Processing Monthly Tabular Reports: AirLoopSystemComponentEnergyUseMonthly
   **   ~~~   ** ..Variable name=AIR SYSTEM HUMIDIFIER NATURAL GAS ENERGY not valid for this simulation.
   **   ~~~   ** ..i.e., Variable name=PSZ-AC_2:2:AIR SYSTEM HUMIDIFIER NATURAL GAS ENERGY not valid for this simulation.
   ** Warning ** Processing Monthly Tabular Reports: AirLoopSystemComponentEnergyUseMonthly
   **   ~~~   ** ..Variable name=AIR SYSTEM HEATING COIL NATURAL GAS ENERGY not valid for this simulation.
   **   ~~~   ** ..i.e., Variable name=PSZ-AC_3:3:AIR SYSTEM HEATING COIL NATURAL GAS ENERGY not valid for this simulation.
   ** Warning ** Processing Monthly Tabular Reports: AirLoopSystemComponentEnergyUseMonthly
   **   ~~~   ** ..Variable name=AIR SYSTEM HUMIDIFIER NATURAL GAS ENERGY not valid for this simulation.
   **   ~~~   ** ..i.e., Variable name=PSZ-AC_3:3:AIR SYSTEM HUMIDIFIER NATURAL GAS ENERGY not valid for this simulation.
   ** Warning ** Processing Monthly Tabular Reports: AirLoopSystemComponentEnergyUseMonthly
   **   ~~~   ** ..Variable name=AIR SYSTEM HEATING COIL NATURAL GAS ENERGY not valid for this simulation.
   **   ~~~   ** ..i.e., Variable name=PSZ-AC_4:4:AIR SYSTEM HEATING COIL NATURAL GAS ENERGY not valid for this simulation.
   ** Warning ** Processing Monthly Tabular Reports: AirLoopSystemComponentEnergyUseMonthly
   **   ~~~   ** ..Variable name=AIR SYSTEM HUMIDIFIER NATURAL GAS ENERGY not valid for this simulation.
   **   ~~~   ** ..i.e., Variable name=PSZ-AC_4:4:AIR SYSTEM HUMIDIFIER NATURAL GAS ENERGY not valid for this simulation.
   ** Warning ** Processing Monthly Tabular Reports: AirLoopSystemComponentEnergyUseMonthly
   **   ~~~   ** ..Variable name=AIR SYSTEM HEATING COIL NATURAL GAS ENERGY not valid for this simulation.
   **   ~~~   ** ..i.e., Variable name=PSZ-AC_5:5:AIR SYSTEM HEATING COIL NATURAL GAS ENERGY not valid for this simulation.
   ** Warning ** Processing Monthly Tabular Reports: AirLoopSystemComponentEnergyUseMonthly
   **   ~~~   ** ..Variable name=AIR SYSTEM HUMIDIFIER NATURAL GAS ENERGY not valid for this simulation.
   **   ~~~   ** ..i.e., Variable name=PSZ-AC_5:5:AIR SYSTEM HUMIDIFIER NATURAL GAS ENERGY not valid for this simulation.
   ** Warning ** Processing Monthly Tabular Reports: AirLoopSystemComponentEnergyUseMonthly
   **   ~~~   ** ..Variable name=AIR SYSTEM HEATING COIL NATURAL GAS ENERGY not valid for this simulation.
   **   ~~~   ** ..i.e., Variable name=PSZ-AC_6:6:AIR SYSTEM HEATING COIL NATURAL GAS ENERGY not valid for this simulation.
   ** Warning ** Processing Monthly Tabular Reports: AirLoopSystemComponentEnergyUseMonthly
   **   ~~~   ** ..Variable name=AIR SYSTEM HUMIDIFIER NATURAL GAS ENERGY not valid for this simulation.
   **   ~~~   ** ..i.e., Variable name=PSZ-AC_6:6:AIR SYSTEM HUMIDIFIER NATURAL GAS ENERGY not valid for this simulation.
   ** Warning ** Processing Monthly Tabular Reports: AirLoopSystemComponentEnergyUseMonthly
   **   ~~~   ** ..Variable name=AIR SYSTEM HEATING COIL NATURAL GAS ENERGY not valid for this simulation.
   **   ~~~   ** ..i.e., Variable name=PSZ-AC_7:7:AIR SYSTEM HEATING COIL NATURAL GAS ENERGY not valid for this simulation.
   ** Warning ** Processing Monthly Tabular Reports: AirLoopSystemComponentEnergyUseMonthly
   **   ~~~   ** ..Variable name=AIR SYSTEM HUMIDIFIER NATURAL GAS ENERGY not valid for this simulation.
   **   ~~~   ** ..i.e., Variable name=PSZ-AC_7:7:AIR SYSTEM HUMIDIFIER NATURAL GAS ENERGY not valid for this simulation.
   ** Warning ** Processing Monthly Tabular Reports: AirLoopSystemComponentEnergyUseMonthly
   **   ~~~   ** ..Variable name=AIR SYSTEM HEATING COIL NATURAL GAS ENERGY not valid for this simulation.
   **   ~~~   ** ..i.e., Variable name=PSZ-AC_8:8:AIR SYSTEM HEATING COIL NATURAL GAS ENERGY not valid for this simulation.
   ** Warning ** Processing Monthly Tabular Reports: AirLoopSystemComponentEnergyUseMonthly
   **   ~~~   ** ..Variable name=AIR SYSTEM HUMIDIFIER NATURAL GAS ENERGY not valid for this simulation.
   **   ~~~   ** ..i.e., Variable name=PSZ-AC_8:8:AIR SYSTEM HUMIDIFIER NATURAL GAS ENERGY not valid for this simulation.
   ** Warning ** Processing Monthly Tabular Reports: AirLoopSystemComponentEnergyUseMonthly
   **   ~~~   ** ..Variable name=AIR SYSTEM HEATING COIL NATURAL GAS ENERGY not valid for this simulation.
   **   ~~~   ** ..i.e., Variable name=PSZ-AC_9:9:AIR SYSTEM HEATING COIL NATURAL GAS ENERGY not valid for this simulation.
   ** Warning ** Processing Monthly Tabular Reports: AirLoopSystemComponentEnergyUseMonthly
   **   ~~~   ** ..Variable name=AIR SYSTEM HUMIDIFIER NATURAL GAS ENERGY not valid for this simulation.
   **   ~~~   ** ..i.e., Variable name=PSZ-AC_9:9:AIR SYSTEM HUMIDIFIER NATURAL GAS ENERGY not valid for this simulation.
   ** Warning ** Processing Monthly Tabular Reports: AirLoopSystemComponentEnergyUseMonthly
   **   ~~~   ** ..Variable name=AIR SYSTEM HEATING COIL NATURAL GAS ENERGY not valid for this simulation.
   **   ~~~   ** ..i.e., Variable name=PSZ-AC_10:10:AIR SYSTEM HEATING COIL NATURAL GAS ENERGY not valid for this simulation.
   ** Warning ** Processing Monthly Tabular Reports: AirLoopSystemComponentEnergyUseMonthly
   **   ~~~   ** ..Variable name=AIR SYSTEM HUMIDIFIER NATURAL GAS ENERGY not valid for this simulation.
   **   ~~~   ** ..i.e., Variable name=PSZ-AC_10:10:AIR SYSTEM HUMIDIFIER NATURAL GAS ENERGY not valid for this simulation.
   ** Warning ** SimHVAC: Maximum iterations (20) exceeded for all HVAC loops, at RUNPERIOD 1, 01/03 07:00 - 07:10
   **   ~~~   ** The solution for one or more of the Air Loop HVAC systems did not appear to converge
   **   ~~~   ** Air System Named = PSZ-AC_1:1 did not converge for mass flow rate
   **   ~~~   ** Check values should be zero. Most Recent values listed first.
   **   ~~~   ** Demand-to-Supply interface mass flow rate check value iteration history trace: 1.512129,2.220446E-016,0.000000,1.582257,0.874706,2.220446E-016,1.162147,2.220446E-016,0.000000,1.582257,
   **   ~~~   ** Supply-to-demand interface deck 1 mass flow rate check value iteration history trace: 0.000000,0.000000,0.000000,0.000000,0.000000,0.000000,0.000000,0.000000,0.000000,0.000000,
   **   ~~~   ** Air System Named = PSZ-AC_1:1 did not converge for energy
   **   ~~~   ** Check values should be zero. Most Recent values listed first.
   **   ~~~   ** Demand-to-Supply interface energy check value iteration history trace: 32106.715841,296.098263,0.000000,32439.040775,17933.000627,369.697205,23554.521415,739.394410,0.000000,33340.648883,
   **   ~~~   ** Supply-to-demand interface deck 1 energy check value iteration history trace: 0.000000,0.000000,0.000000,0.000000,0.000000,0.000000,0.000000,0.000000,0.000000,0.000000,
   **   ~~~   ** Air System Named = PSZ-AC_3:3 did not converge for mass flow rate
   **   ~~~   ** Check values should be zero. Most Recent values listed first.
   **   ~~~   ** Demand-to-Supply interface mass flow rate check value iteration history trace: 0.270752,2.220446E-016,0.000000,0.796330,0.554416,2.220446E-016,0.652866,2.220446E-016,0.000000,0.796330,
   **   ~~~   ** Supply-to-demand interface deck 1 mass flow rate check value iteration history trace: 0.000000,0.000000,0.000000,0.000000,0.000000,0.000000,0.000000,0.000000,0.000000,0.000000,
   **   ~~~   ** Air System Named = PSZ-AC_3:3 did not converge for energy
   **   ~~~   ** Check values should be zero. Most Recent values listed first.
   **   ~~~   ** Demand-to-Supply interface energy check value iteration history trace: 5737.329246,104.369218,0.000000,16469.434832,11466.248611,127.347684,13397.956805,254.695367,0.000000,16779.921752,
   **   ~~~   ** Supply-to-demand interface deck 1 energy check value iteration history trace: 0.000000,0.000000,0.000000,0.000000,0.000000,0.000000,0.000000,0.000000,0.000000,0.000000,
   **   ~~~   ** Air System Named = PSZ-AC_4:4 did not converge for mass flow rate
   **   ~~~   ** Check values should be zero. Most Recent values listed first.
   **   ~~~   ** Demand-to-Supply interface mass flow rate check value iteration history trace: 0.255041,0.000000,0.722401,0.000000,0.715479,0.000000,0.701491,0.000000,0.732019,0.000000,
   **   ~~~   ** Supply-to-demand interface deck 1 mass flow rate check value iteration history trace: 0.000000,0.000000,0.000000,0.000000,0.000000,0.000000,0.000000,0.000000,0.000000,0.000000,
   **   ~~~   ** Air System Named = PSZ-AC_4:4 did not converge for energy
   **   ~~~   ** Check values should be zero. Most Recent values listed first.
   **   ~~~   ** Demand-to-Supply interface energy check value iteration history trace: 5374.123000,5.817837E-004,15222.121025,0.359753,15076.597391,0.354502,14781.537188,0.709003,15425.457597,89.721990,
   **   ~~~   ** Supply-to-demand interface deck 1 energy check value iteration history trace: 0.000000,0.000000,0.000000,0.000000,0.000000,0.000000,0.000000,0.000000,0.000000,0.000000,
   **   ~~~   ** Air System Named = PSZ-AC_5:5 did not converge for mass flow rate
   **   ~~~   ** Check values should be zero. Most Recent values listed first.
   **   ~~~   ** Demand-to-Supply interface mass flow rate check value iteration history trace: 0.271108,0.000000,0.000000,0.797375,0.537752,0.000000,0.643345,0.000000,0.000000,0.797375,
   **   ~~~   ** Supply-to-demand interface deck 1 mass flow rate check value iteration history trace: 0.000000,0.000000,0.000000,0.000000,0.000000,0.000000,0.000000,0.000000,0.000000,0.000000,
   **   ~~~   ** Air System Named = PSZ-AC_5:5 did not converge for energy
   **   ~~~   ** Check values should be zero. Most Recent values listed first.
   **   ~~~   ** Demand-to-Supply interface energy check value iteration history trace: 5747.033424,112.366227,0.000000,16467.788919,11105.927331,136.721066,13176.371673,273.442133,0.000000,16801.955799,
   **   ~~~   ** Supply-to-demand interface deck 1 energy check value iteration history trace: 0.000000,0.000000,0.000000,0.000000,0.000000,0.000000,0.000000,0.000000,0.000000,0.000000,
   **   ~~~   ** Air System Named = PSZ-AC_6:6 did not converge for mass flow rate
   **   ~~~   ** Check values should be zero. Most Recent values listed first.
   **   ~~~   ** Demand-to-Supply interface mass flow rate check value iteration history trace: 1.508212,4.440892E-016,0.000000,1.552748,1.038844,4.440892E-016,1.250556,4.440892E-016,0.000000,1.552748,
   **   ~~~   ** Supply-to-demand interface deck 1 mass flow rate check value iteration history trace: 0.000000,0.000000,0.000000,0.000000,0.000000,0.000000,0.000000,0.000000,0.000000,0.000000,
   **   ~~~   ** Air System Named = PSZ-AC_6:6 did not converge for energy
   **   ~~~   ** Check values should be zero. Most Recent values listed first.
   **   ~~~   ** Demand-to-Supply interface energy check value iteration history trace: 31986.486102,234.249682,0.000000,32069.599014,21455.698067,268.215122,25612.267165,536.430243,0.000000,32718.854121,
   **   ~~~   ** Supply-to-demand interface deck 1 energy check value iteration history trace: 0.000000,0.000000,0.000000,0.000000,0.000000,0.000000,0.000000,0.000000,0.000000,0.000000,
   **   ~~~   ** Air System Named = PSZ-AC_7:7 did not converge for mass flow rate
   **   ~~~   ** Check values should be zero. Most Recent values listed first.
   **   ~~~   ** Demand-to-Supply interface mass flow rate check value iteration history trace: 0.776542,2.220446E-016,0.000000,0.801480,0.544183,2.220446E-016,0.649144,2.220446E-016,0.000000,0.801480,
   **   ~~~   ** Supply-to-demand interface deck 1 mass flow rate check value iteration history trace: 0.000000,0.000000,0.000000,0.000000,0.000000,0.000000,0.000000,0.000000,0.000000,0.000000,
   **   ~~~   ** Air System Named = PSZ-AC_7:7 did not converge for energy
   **   ~~~   ** Check values should be zero. Most Recent values listed first.
   **   ~~~   ** Demand-to-Supply interface energy check value iteration history trace: 16463.567949,115.057085,0.000000,16554.678619,11240.185721,136.460379,13297.638342,272.920758,0.000000,16888.443208,
   **   ~~~   ** Supply-to-demand interface deck 1 energy check value iteration history trace: 0.000000,0.000000,0.000000,0.000000,0.000000,0.000000,0.000000,0.000000,0.000000,0.000000,
   **   ~~~   ** Air System Named = PSZ-AC_8:8 did not converge for mass flow rate
   **   ~~~   ** Check values should be zero. Most Recent values listed first.
   **   ~~~   ** Demand-to-Supply interface mass flow rate check value iteration history trace: 0.771367,1.110223E-016,0.000000,0.796461,0.537901,1.110223E-016,0.643468,1.110223E-016,0.000000,0.796461,
   **   ~~~   ** Supply-to-demand interface deck 1 mass flow rate check value iteration history trace: 0.000000,0.000000,0.000000,0.000000,0.000000,0.000000,0.000000,0.000000,0.000000,0.000000,
   **   ~~~   ** Air System Named = PSZ-AC_8:8 did not converge for energy
   **   ~~~   ** Check values should be zero. Most Recent values listed first.
   **   ~~~   ** Demand-to-Supply interface energy check value iteration history trace: 16355.355580,116.028328,0.000000,16448.514816,11108.730716,136.584054,13178.557182,273.168107,0.000000,16782.680403,
   **   ~~~   ** Supply-to-demand interface deck 1 energy check value iteration history trace: 0.000000,0.000000,0.000000,0.000000,0.000000,0.000000,0.000000,0.000000,0.000000,0.000000,
   **   ~~~   ** Air System Named = PSZ-AC_9:9 did not converge for mass flow rate
   **   ~~~   ** Check values should be zero. Most Recent values listed first.
   **   ~~~   ** Demand-to-Supply interface mass flow rate check value iteration history trace: 0.698566,0.000000,0.706079,0.000000,0.697981,0.000000,0.753700,0.000000,0.766763,0.000000,
   **   ~~~   ** Supply-to-demand interface deck 1 mass flow rate check value iteration history trace: 0.000000,0.000000,0.000000,0.000000,0.000000,0.000000,0.000000,0.000000,0.000000,0.000000,
   **   ~~~   ** Air System Named = PSZ-AC_9:9 did not converge for energy
   **   ~~~   ** Check values should be zero. Most Recent values listed first.
   **   ~~~   ** Demand-to-Supply interface energy check value iteration history trace: 14719.887993,5.356100E-002,14878.151518,4.087561,14703.912873,4.111003,15881.626918,8.222007,16148.933527,364.571177,
   **   ~~~   ** Supply-to-demand interface deck 1 energy check value iteration history trace: 0.000000,0.000000,0.000000,0.000000,0.000000,0.000000,0.000000,0.000000,0.000000,0.000000,
   ** Warning ** SimHVAC: Maximum iterations (20) exceeded for all HVAC loops, at RUNPERIOD 1, 01/04 07:23 - 07:27
   **   ~~~   ** The solution for one or more of the Air Loop HVAC systems did not appear to converge
   **   ~~~   ** Air System Named = PSZ-AC_2:2 did not converge for mass flow rate
   **   ~~~   ** Check values should be zero. Most Recent values listed first.
   **   ~~~   ** Demand-to-Supply interface mass flow rate check value iteration history trace: 0.272447,0.000000,0.196580,0.000000,0.214020,0.000000,0.000000,0.801316,0.000000,0.801316,
   **   ~~~   ** Supply-to-demand interface deck 1 mass flow rate check value iteration history trace: 0.000000,0.000000,0.000000,0.000000,0.000000,0.000000,0.000000,0.000000,0.000000,0.000000,
   **   ~~~   ** Air System Named = PSZ-AC_2:2 did not converge for energy
   **   ~~~   ** Check values should be zero. Most Recent values listed first.
   **   ~~~   ** Demand-to-Supply interface energy check value iteration history trace: 5733.881546,371.326733,4046.093883,158.681456,4362.677391,317.362913,0.000000,16884.986910,0.000000,16884.987195,
   **   ~~~   ** Supply-to-demand interface deck 1 energy check value iteration history trace: 0.000000,0.000000,0.000000,0.000000,0.000000,0.000000,0.000000,0.000000,0.000000,0.000000,
   **   ~~~   ** Air System Named = PSZ-AC_3:3 did not converge for mass flow rate
   **   ~~~   ** Check values should be zero. Most Recent values listed first.
   **   ~~~   ** Demand-to-Supply interface mass flow rate check value iteration history trace: 0.246001,2.220446E-016,0.246001,2.220446E-016,0.246001,2.220446E-016,0.246013,2.220446E-016,0.246003,2.220446E-016,
   **   ~~~   ** Supply-to-demand interface deck 1 mass flow rate check value iteration history trace: 0.000000,0.000000,0.000000,0.000000,0.000000,0.000000,0.000000,0.000000,0.000000,0.000000,
   **   ~~~   ** Air System Named = PSZ-AC_3:3 did not converge for energy
   **   ~~~   ** Check values should be zero. Most Recent values listed first.
   **   ~~~   ** Demand-to-Supply interface energy check value iteration history trace: 5183.629345,3.585334E-006,5183.624151,3.301497E-006,5183.635221,6.602980E-006,5183.883835,1.011943E-004,5183.668238,1.082375E-004,
   **   ~~~   ** Supply-to-demand interface deck 1 energy check value iteration history trace: 0.000000,0.000000,0.000000,0.000000,0.000000,0.000000,0.000000,0.000000,0.000000,0.000000,
   **   ~~~   ** Air System Named = PSZ-AC_4:4 did not converge for mass flow rate
   **   ~~~   ** Check values should be zero. Most Recent values listed first.
   **   ~~~   ** Demand-to-Supply interface mass flow rate check value iteration history trace: 0.245306,0.000000,0.245306,0.000000,0.245306,0.000000,0.245291,0.000000,0.245280,0.000000,
   **   ~~~   ** Supply-to-demand interface deck 1 mass flow rate check value iteration history trace: 0.000000,0.000000,0.000000,0.000000,0.000000,0.000000,0.000000,0.000000,0.000000,0.000000,
   **   ~~~   ** Air System Named = PSZ-AC_4:4 did not converge for energy
   **   ~~~   ** Check values should be zero. Most Recent values listed first.
   **   ~~~   ** Demand-to-Supply interface energy check value iteration history trace: 5168.980886,3.743161E-006,5168.975684,3.446961E-006,5168.986707,6.893918E-006,5168.663079,1.056768E-004,5168.427200,1.130301E-004,
   **   ~~~   ** Supply-to-demand interface deck 1 energy check value iteration history trace: 0.000000,0.000000,0.000000,0.000000,0.000000,0.000000,0.000000,0.000000,0.000000,0.000000,
   **   ~~~   ** Air System Named = PSZ-AC_5:5 did not converge for mass flow rate
   **   ~~~   ** Check values should be zero. Most Recent values listed first.
   **   ~~~   ** Demand-to-Supply interface mass flow rate check value iteration history trace: 0.244691,0.000000,0.244691,0.000000,0.244691,0.000000,0.244682,0.000000,0.244669,0.000000,
   **   ~~~   ** Supply-to-demand interface deck 1 mass flow rate check value iteration history trace: 0.000000,0.000000,0.000000,0.000000,0.000000,0.000000,0.000000,0.000000,0.000000,0.000000,
   **   ~~~   ** Air System Named = PSZ-AC_5:5 did not converge for energy
   **   ~~~   ** Check values should be zero. Most Recent values listed first.
   **   ~~~   ** Demand-to-Supply interface energy check value iteration history trace: 5156.025329,4.028155E-006,5156.025170,3.708811E-006,5156.024717,7.417636E-006,5155.846488,1.134644E-004,5155.572158,1.213774E-004,
   **   ~~~   ** Supply-to-demand interface deck 1 energy check value iteration history trace: 0.000000,0.000000,0.000000,0.000000,0.000000,0.000000,0.000000,0.000000,0.000000,0.000000,
   **   ~~~   ** Air System Named = PSZ-AC_10:10 did not converge for mass flow rate
   **   ~~~   ** Check values should be zero. Most Recent values listed first.
   **   ~~~   ** Demand-to-Supply interface mass flow rate check value iteration history trace: 0.676317,0.000000,0.660394,0.000000,0.655790,0.000000,0.736556,0.000000,0.612792,0.000000,
   **   ~~~   ** Supply-to-demand interface deck 1 mass flow rate check value iteration history trace: 0.000000,0.000000,0.000000,0.000000,0.000000,0.000000,0.000000,0.000000,0.000000,0.000000,
   **   ~~~   ** Air System Named = PSZ-AC_10:10 did not converge for energy
   **   ~~~   ** Check values should be zero. Most Recent values listed first.
   **   ~~~   ** Demand-to-Supply interface energy check value iteration history trace: 14251.050030,1.608517,13914.321696,1.584023,13818.496813,3.168045,15517.699159,99.374683,12841.156611,102.601124,
   **   ~~~   ** Supply-to-demand interface deck 1 energy check value iteration history trace: 0.000000,0.000000,0.000000,0.000000,0.000000,0.000000,0.000000,0.000000,0.000000,0.000000,
   ** Warning ** SimHVAC: Maximum iterations (20) exceeded for all HVAC loops, at RUNPERIOD 1, 01/07 07:00 - 07:10
   **   ~~~   ** The solution for one or more of the Air Loop HVAC systems did not appear to converge
   **   ~~~   ** Air System Named = PSZ-AC_2:2 did not converge for mass flow rate
   **   ~~~   ** Check values should be zero. Most Recent values listed first.
   **   ~~~   ** Demand-to-Supply interface mass flow rate check value iteration history trace: 0.272447,0.000000,0.000000,0.801316,0.586833,0.000000,0.674310,0.000000,0.000000,0.801316,
   **   ~~~   ** Supply-to-demand interface deck 1 mass flow rate check value iteration history trace: 0.000000,0.000000,0.000000,0.000000,0.000000,0.000000,0.000000,0.000000,0.000000,0.000000,
   **   ~~~   ** Air System Named = PSZ-AC_2:2 did not converge for energy
   **   ~~~   ** Check values should be zero. Most Recent values listed first.
   **   ~~~   ** Demand-to-Supply interface energy check value iteration history trace: 5775.839750,111.217935,0.000000,16587.912597,12147.930086,116.531953,13860.733754,233.063906,0.000000,16885.032851,
   **   ~~~   ** Supply-to-demand interface deck 1 energy check value iteration history trace: 0.000000,0.000000,0.000000,0.000000,0.000000,0.000000,0.000000,0.000000,0.000000,0.000000,
   **   ~~~   ** Air System Named = PSZ-AC_3:3 did not converge for mass flow rate
   **   ~~~   ** Check values should be zero. Most Recent values listed first.
   **   ~~~   ** Demand-to-Supply interface mass flow rate check value iteration history trace: 0.260823,2.220446E-016,0.729675,2.220446E-016,0.720853,2.220446E-016,0.720596,2.220446E-016,0.750408,2.220446E-016,
   **   ~~~   ** Supply-to-demand interface deck 1 mass flow rate check value iteration history trace: 0.000000,0.000000,0.000000,0.000000,0.000000,0.000000,0.000000,0.000000,0.000000,0.000000,
   **   ~~~   ** Air System Named = PSZ-AC_3:3 did not converge for energy
   **   ~~~   ** Check values should be zero. Most Recent values listed first.
   **   ~~~   ** Demand-to-Supply interface energy check value iteration history trace: 5495.962411,9.683954E-003,15375.418717,1.002748E-003,15189.520099,8.661370E-003,15184.098915,1.732274E-002,15812.301991,1.704656,
   **   ~~~   ** Supply-to-demand interface deck 1 energy check value iteration history trace: 0.000000,0.000000,0.000000,0.000000,0.000000,0.000000,0.000000,0.000000,0.000000,0.000000,
   **   ~~~   ** Air System Named = PSZ-AC_4:4 did not converge for mass flow rate
   **   ~~~   ** Check values should be zero. Most Recent values listed first.
   **   ~~~   ** Demand-to-Supply interface mass flow rate check value iteration history trace: 0.270760,0.000000,0.000000,0.796352,0.561657,0.000000,0.658942,0.000000,0.000000,0.796352,
   **   ~~~   ** Supply-to-demand interface deck 1 mass flow rate check value iteration history trace: 0.000000,0.000000,0.000000,0.000000,0.000000,0.000000,0.000000,0.000000,0.000000,0.000000,
   **   ~~~   ** Air System Named = PSZ-AC_4:4 did not converge for energy
   **   ~~~   ** Check values should be zero. Most Recent values listed first.
   **   ~~~   ** Demand-to-Supply interface energy check value iteration history trace: 5741.776102,117.107871,0.000000,16468.365517,11614.934356,128.976548,13520.043881,257.953096,0.000000,16780.396209,
   **   ~~~   ** Supply-to-demand interface deck 1 energy check value iteration history trace: 0.000000,0.000000,0.000000,0.000000,0.000000,0.000000,0.000000,0.000000,0.000000,0.000000,
   **   ~~~   ** Air System Named = PSZ-AC_5:5 did not converge for mass flow rate
   **   ~~~   ** Check values should be zero. Most Recent values listed first.
   **   ~~~   ** Demand-to-Supply interface mass flow rate check value iteration history trace: 0.271108,0.000000,0.000000,0.797375,0.554652,0.000000,0.655103,0.000000,0.000000,0.797375,
   **   ~~~   ** Supply-to-demand interface deck 1 mass flow rate check value iteration history trace: 0.000000,0.000000,0.000000,0.000000,0.000000,0.000000,0.000000,0.000000,0.000000,0.000000,
   **   ~~~   ** Air System Named = PSZ-AC_5:5 did not converge for energy
   **   ~~~   ** Check values should be zero. Most Recent values listed first.
   **   ~~~   ** Demand-to-Supply interface energy check value iteration history trace: 5749.828418,119.896938,0.000000,16479.255112,11462.916109,133.294686,13429.428702,266.589373,0.000000,16801.956307,
   **   ~~~   ** Supply-to-demand interface deck 1 energy check value iteration history trace: 0.000000,0.000000,0.000000,0.000000,0.000000,0.000000,0.000000,0.000000,0.000000,0.000000,
   **   ~~~   ** Air System Named = PSZ-AC_7:7 did not converge for mass flow rate
   **   ~~~   ** Check values should be zero. Most Recent values listed first.
   **   ~~~   ** Demand-to-Supply interface mass flow rate check value iteration history trace: 0.782551,2.220446E-016,0.000000,0.801480,0.562406,2.220446E-016,0.661657,2.220446E-016,0.000000,0.801480,
   **   ~~~   ** Supply-to-demand interface deck 1 mass flow rate check value iteration history trace: 0.000000,0.000000,0.000000,0.000000,0.000000,0.000000,0.000000,0.000000,0.000000,0.000000,
   **   ~~~   ** Air System Named = PSZ-AC_7:7 did not converge for energy
   **   ~~~   ** Check values should be zero. Most Recent values listed first.
   **   ~~~   ** Demand-to-Supply interface energy check value iteration history trace: 16598.530497,121.996774,0.000000,16568.071069,11625.969381,132.242291,13568.508630,264.484582,0.000000,16888.443733,
   **   ~~~   ** Supply-to-demand interface deck 1 energy check value iteration history trace: 0.000000,0.000000,0.000000,0.000000,0.000000,0.000000,0.000000,0.000000,0.000000,0.000000,
   **   ~~~   ** Air System Named = PSZ-AC_8:8 did not converge for mass flow rate
   **   ~~~   ** Check values should be zero. Most Recent values listed first.
   **   ~~~   ** Demand-to-Supply interface mass flow rate check value iteration history trace: 0.777302,1.110223E-016,0.000000,0.796461,0.555937,1.110223E-016,0.655771,1.110223E-016,0.000000,0.796461,
   **   ~~~   ** Supply-to-demand interface deck 1 mass flow rate check value iteration history trace: 0.000000,0.000000,0.000000,0.000000,0.000000,0.000000,0.000000,0.000000,0.000000,0.000000,
   **   ~~~   ** Air System Named = PSZ-AC_8:8 did not converge for energy
   **   ~~~   ** Check values should be zero. Most Recent values listed first.
   **   ~~~   ** Demand-to-Supply interface energy check value iteration history trace: 16488.032141,122.223982,0.000000,16461.751117,11490.468017,132.374265,13444.909519,264.748529,0.000000,16782.680923,
   **   ~~~   ** Supply-to-demand interface deck 1 energy check value iteration history trace: 0.000000,0.000000,0.000000,0.000000,0.000000,0.000000,0.000000,0.000000,0.000000,0.000000,
   ** Warning ** SimHVAC: Maximum iterations (20) exceeded for all HVAC loops, at RUNPERIOD 1, 01/09 07:10 - 07:20
   **   ~~~   ** The solution for one or more of the Air Loop HVAC systems did not appear to converge
   **   ~~~   ** Air System Named = PSZ-AC_3:3 did not converge for mass flow rate
   **   ~~~   ** Check values should be zero. Most Recent values listed first.
   **   ~~~   ** Demand-to-Supply interface mass flow rate check value iteration history trace: 0.270752,2.220446E-016,0.270752,2.220446E-016,0.173898,2.220446E-016,0.217216,2.220446E-016,0.000000,0.796330,
   **   ~~~   ** Supply-to-demand interface deck 1 mass flow rate check value iteration history trace: 0.000000,0.000000,0.000000,0.000000,0.000000,0.000000,0.000000,0.000000,0.000000,0.000000,
   **   ~~~   ** Air System Named = PSZ-AC_3:3 did not converge for energy
   **   ~~~   ** Check values should be zero. Most Recent values listed first.
   **   ~~~   ** Demand-to-Supply interface energy check value iteration history trace: 5759.791211,190.996514,5694.852396,367.099484,3577.516622,161.816636,4424.533308,323.633272,0.000000,16779.921989,
   **   ~~~   ** Supply-to-demand interface deck 1 energy check value iteration history trace: 0.000000,0.000000,0.000000,0.000000,0.000000,0.000000,0.000000,0.000000,0.000000,0.000000,
   **   ~~~   ** Air System Named = PSZ-AC_4:4 did not converge for mass flow rate
   **   ~~~   ** Check values should be zero. Most Recent values listed first.
   **   ~~~   ** Demand-to-Supply interface mass flow rate check value iteration history trace: 0.243089,0.000000,0.246031,0.000000,0.243014,0.000000,0.264832,0.000000,0.765339,0.000000,
   **   ~~~   ** Supply-to-demand interface deck 1 mass flow rate check value iteration history trace: 0.000000,0.000000,0.000000,0.000000,0.000000,0.000000,0.000000,0.000000,0.000000,0.000000,
   **   ~~~   ** Air System Named = PSZ-AC_4:4 did not converge for energy
   **   ~~~   ** Check values should be zero. Most Recent values listed first.
   **   ~~~   ** Demand-to-Supply interface energy check value iteration history trace: 5122.266812,0.325903,5184.145072,4.968419,5119.063986,5.273229,5580.414692,10.546458,16116.726743,414.768911,
   **   ~~~   ** Supply-to-demand interface deck 1 energy check value iteration history trace: 0.000000,0.000000,0.000000,0.000000,0.000000,0.000000,0.000000,0.000000,0.000000,0.000000,
   **   ~~~   ** Air System Named = PSZ-AC_5:5 did not converge for mass flow rate
   **   ~~~   ** Check values should be zero. Most Recent values listed first.
   **   ~~~   ** Demand-to-Supply interface mass flow rate check value iteration history trace: 0.242274,0.000000,0.245243,0.000000,0.242170,0.000000,0.264613,0.000000,0.765447,0.000000,
   **   ~~~   ** Supply-to-demand interface deck 1 mass flow rate check value iteration history trace: 0.000000,0.000000,0.000000,0.000000,0.000000,0.000000,0.000000,0.000000,0.000000,0.000000,
   **   ~~~   ** Air System Named = PSZ-AC_5:5 did not converge for energy
   **   ~~~   ** Check values should be zero. Most Recent values listed first.
   **   ~~~   ** Demand-to-Supply interface energy check value iteration history trace: 5105.086926,0.346871,5167.534314,5.277150,5101.193379,5.600319,5575.801660,11.200639,16118.374516,427.577419,
   **   ~~~   ** Supply-to-demand interface deck 1 energy check value iteration history trace: 0.000000,0.000000,0.000000,0.000000,0.000000,0.000000,0.000000,0.000000,0.000000,0.000000,
   ** Warning ** SimHVAC: Maximum iterations (20) exceeded for all HVAC loops, at RUNPERIOD 1, 01/09 08:03 - 08:07
   **   ~~~   ** The solution for one or more of the Air Loop HVAC systems did not appear to converge
   **   ~~~   ** Air System Named = PSZ-AC_3:3 did not converge for energy
   **   ~~~   ** Check values should be zero. Most Recent values listed first.
   **   ~~~   ** Demand-to-Supply interface energy check value iteration history trace: 29.238503,309.785849,4460.155121,1.213774E-010,29.238312,309.784588,4460.144073,1.142375E-010,29.238508,309.786080,
   **   ~~~   ** Supply-to-demand interface deck 1 energy check value iteration history trace: 0.000000,0.000000,0.000000,0.000000,0.000000,0.000000,0.000000,0.000000,0.000000,0.000000,
   **   ~~~   ** Air System Named = PSZ-AC_4:4 did not converge for energy
   **   ~~~   ** Check values should be zero. Most Recent values listed first.
   **   ~~~   ** Demand-to-Supply interface energy check value iteration history trace: 28.946928,307.546423,4429.099478,0.000000,28.946735,307.545149,4429.088491,0.000000,28.946930,307.546641,
   **   ~~~   ** Supply-to-demand interface deck 1 energy check value iteration history trace: 0.000000,0.000000,0.000000,0.000000,0.000000,0.000000,0.000000,0.000000,0.000000,0.000000,
   **   ~~~   ** Air System Named = PSZ-AC_5:5 did not converge for energy
   **   ~~~   ** Check values should be zero. Most Recent values listed first.
   **   ~~~   ** Demand-to-Supply interface energy check value iteration history trace: 28.713412,305.996653,4412.330414,3.569923E-012,28.713332,305.996251,4412.331785,3.569923E-012,28.713336,305.996275,
   **   ~~~   ** Supply-to-demand interface deck 1 energy check value iteration history trace: 0.000000,0.000000,0.000000,0.000000,0.000000,0.000000,0.000000,0.000000,0.000000,0.000000,
   ** Warning ** SimHVAC: Maximum iterations (20) exceeded for all HVAC loops, at RUNPERIOD 1, 01/10 07:23 - 07:27
   **   ~~~   ** The solution for one or more of the Air Loop HVAC systems did not appear to converge
   **   ~~~   ** Air System Named = PSZ-AC_2:2 did not converge for mass flow rate
   **   ~~~   ** Check values should be zero. Most Recent values listed first.
   **   ~~~   ** Demand-to-Supply interface mass flow rate check value iteration history trace: 0.272447,0.000000,0.191132,0.000000,0.209875,0.000000,0.000000,0.801316,0.000000,0.801316,
   **   ~~~   ** Supply-to-demand interface deck 1 mass flow rate check value iteration history trace: 0.000000,0.000000,0.000000,0.000000,0.000000,0.000000,0.000000,0.000000,0.000000,0.000000,
   **   ~~~   ** Air System Named = PSZ-AC_2:2 did not converge for energy
   **   ~~~   ** Check values should be zero. Most Recent values listed first.
   **   ~~~   ** Demand-to-Supply interface energy check value iteration history trace: 5733.384886,396.437013,3927.632743,169.350622,4268.424118,338.701244,0.000000,16884.986940,0.000000,16884.987195,
   **   ~~~   ** Supply-to-demand interface deck 1 energy check value iteration history trace: 0.000000,0.000000,0.000000,0.000000,0.000000,0.000000,0.000000,0.000000,0.000000,0.000000,
   **   ~~~   ** Air System Named = PSZ-AC_3:3 did not converge for mass flow rate
   **   ~~~   ** Check values should be zero. Most Recent values listed first.
   **   ~~~   ** Demand-to-Supply interface mass flow rate check value iteration history trace: 0.245161,2.220446E-016,0.245161,2.220446E-016,0.245161,2.220446E-016,0.244891,2.220446E-016,0.244885,2.220446E-016,
   **   ~~~   ** Supply-to-demand interface deck 1 mass flow rate check value iteration history trace: 0.000000,0.000000,0.000000,0.000000,0.000000,0.000000,0.000000,0.000000,0.000000,0.000000,
   **   ~~~   ** Air System Named = PSZ-AC_3:3 did not converge for energy
   **   ~~~   ** Check values should be zero. Most Recent values listed first.
   **   ~~~   ** Demand-to-Supply interface energy check value iteration history trace: 5165.930720,2.611799E-006,5165.925514,2.406053E-006,5165.936686,4.812088E-006,5160.238385,7.414130E-005,5160.111317,7.927239E-005,
   **   ~~~   ** Supply-to-demand interface deck 1 energy check value iteration history trace: 0.000000,0.000000,0.000000,0.000000,0.000000,0.000000,0.000000,0.000000,0.000000,0.000000,
   **   ~~~   ** Air System Named = PSZ-AC_4:4 did not converge for mass flow rate
   **   ~~~   ** Check values should be zero. Most Recent values listed first.
   **   ~~~   ** Demand-to-Supply interface mass flow rate check value iteration history trace: 0.244325,0.000000,0.244325,0.000000,0.244325,0.000000,0.244015,0.000000,0.244009,0.000000,
   **   ~~~   ** Supply-to-demand interface deck 1 mass flow rate check value iteration history trace: 0.000000,0.000000,0.000000,0.000000,0.000000,0.000000,0.000000,0.000000,0.000000,0.000000,
   **   ~~~   ** Air System Named = PSZ-AC_4:4 did not converge for energy
   **   ~~~   ** Check values should be zero. Most Recent values listed first.
   **   ~~~   ** Demand-to-Supply interface energy check value iteration history trace: 5148.317368,2.910712E-006,5148.312149,2.681501E-006,5148.323174,5.363013E-006,5141.787414,8.264575E-005,5141.662957,8.836417E-005,
   **   ~~~   ** Supply-to-demand interface deck 1 energy check value iteration history trace: 0.000000,0.000000,0.000000,0.000000,0.000000,0.000000,0.000000,0.000000,0.000000,0.000000,
   **   ~~~   ** Air System Named = PSZ-AC_5:5 did not converge for mass flow rate
   **   ~~~   ** Check values should be zero. Most Recent values listed first.
   **   ~~~   ** Demand-to-Supply interface mass flow rate check value iteration history trace: 0.243602,0.000000,0.243602,0.000000,0.243602,0.000000,0.243394,0.000000,0.243394,0.000000,
   **   ~~~   ** Supply-to-demand interface deck 1 mass flow rate check value iteration history trace: 0.000000,0.000000,0.000000,0.000000,0.000000,0.000000,0.000000,0.000000,0.000000,0.000000,
   **   ~~~   ** Air System Named = PSZ-AC_5:5 did not converge for energy
   **   ~~~   ** Check values should be zero. Most Recent values listed first.
   **   ~~~   ** Demand-to-Supply interface energy check value iteration history trace: 5133.075445,2.089708E-006,5133.075361,1.924838E-006,5133.075451,3.849673E-006,5128.701351,5.919513E-005,5128.694349,6.330049E-005,
   **   ~~~   ** Supply-to-demand interface deck 1 energy check value iteration history trace: 0.000000,0.000000,0.000000,0.000000,0.000000,0.000000,0.000000,0.000000,0.000000,0.000000,
   **   ~~~   ** Air System Named = PSZ-AC_6:6 did not converge for mass flow rate
   **   ~~~   ** Check values should be zero. Most Recent values listed first.
   **   ~~~   ** Demand-to-Supply interface mass flow rate check value iteration history trace: 1.407193,4.440892E-016,1.246179,4.440892E-016,1.456261,4.440892E-016,1.481523,4.440892E-016,1.120011,4.440892E-016,
   **   ~~~   ** Supply-to-demand interface deck 1 mass flow rate check value iteration history trace: 0.000000,0.000000,0.000000,0.000000,0.000000,0.000000,0.000000,0.000000,0.000000,0.000000,
   **   ~~~   ** Air System Named = PSZ-AC_6:6 did not converge for energy
   **   ~~~   ** Check values should be zero. Most Recent values listed first.
   **   ~~~   ** Demand-to-Supply interface energy check value iteration history trace: 29651.614149,12.998869,26248.377952,13.053586,30685.596570,26.107173,31193.010092,912.469657,22923.307888,608.427550,
   **   ~~~   ** Supply-to-demand interface deck 1 energy check value iteration history trace: 0.000000,0.000000,0.000000,0.000000,0.000000,0.000000,0.000000,0.000000,0.000000,0.000000,
   **   ~~~   ** Air System Named = PSZ-AC_7:7 did not converge for mass flow rate
   **   ~~~   ** Check values should be zero. Most Recent values listed first.
   **   ~~~   ** Demand-to-Supply interface mass flow rate check value iteration history trace: 0.725183,2.220446E-016,0.644019,2.220446E-016,0.749936,2.220446E-016,0.767005,2.220446E-016,0.584720,2.220446E-016,
   **   ~~~   ** Supply-to-demand interface deck 1 mass flow rate check value iteration history trace: 0.000000,0.000000,0.000000,0.000000,0.000000,0.000000,0.000000,0.000000,0.000000,0.000000,
   **   ~~~   ** Air System Named = PSZ-AC_7:7 did not converge for energy
   **   ~~~   ** Check values should be zero. Most Recent values listed first.
   **   ~~~   ** Demand-to-Supply interface energy check value iteration history trace: 15280.657825,6.697672,13565.044681,6.729480,15802.276608,13.458961,16149.076143,472.128664,11966.667681,309.210852,
   **   ~~~   ** Supply-to-demand interface deck 1 energy check value iteration history trace: 0.000000,0.000000,0.000000,0.000000,0.000000,0.000000,0.000000,0.000000,0.000000,0.000000,
   **   ~~~   ** Air System Named = PSZ-AC_8:8 did not converge for mass flow rate
   **   ~~~   ** Check values should be zero. Most Recent values listed first.
   **   ~~~   ** Demand-to-Supply interface mass flow rate check value iteration history trace: 0.719816,1.110223E-016,0.638344,1.110223E-016,0.744649,1.110223E-016,0.761789,1.110223E-016,0.578864,1.110223E-016,
   **   ~~~   ** Supply-to-demand interface deck 1 mass flow rate check value iteration history trace: 0.000000,0.000000,0.000000,0.000000,0.000000,0.000000,0.000000,0.000000,0.000000,0.000000,
   **   ~~~   ** Air System Named = PSZ-AC_8:8 did not converge for energy
   **   ~~~   ** Check values should be zero. Most Recent values listed first.
   **   ~~~   ** Demand-to-Supply interface energy check value iteration history trace: 15167.580600,6.712009,13445.457359,6.743917,15690.864921,13.487834,16039.147438,471.498469,11845.048095,308.707085,
   **   ~~~   ** Supply-to-demand interface deck 1 energy check value iteration history trace: 0.000000,0.000000,0.000000,0.000000,0.000000,0.000000,0.000000,0.000000,0.000000,0.000000,
   **   ~~~   ** Air System Named = PSZ-AC_9:9 did not converge for mass flow rate
   **   ~~~   ** Check values should be zero. Most Recent values listed first.
   **   ~~~   ** Demand-to-Supply interface mass flow rate check value iteration history trace: 0.711165,0.000000,0.623281,0.000000,0.737607,0.000000,0.756249,0.000000,0.560138,0.000000,
   **   ~~~   ** Supply-to-demand interface deck 1 mass flow rate check value iteration history trace: 0.000000,0.000000,0.000000,0.000000,0.000000,0.000000,0.000000,0.000000,0.000000,0.000000,
   **   ~~~   ** Air System Named = PSZ-AC_9:9 did not converge for energy
   **   ~~~   ** Check values should be zero. Most Recent values listed first.
   **   ~~~   ** Demand-to-Supply interface energy check value iteration history trace: 14985.271641,7.710758,13127.369238,7.748847,15542.478903,15.497693,15920.543311,504.771107,11436.124624,329.810763,
   **   ~~~   ** Supply-to-demand interface deck 1 energy check value iteration history trace: 0.000000,0.000000,0.000000,0.000000,0.000000,0.000000,0.000000,0.000000,0.000000,0.000000,
   **   ~~~   ** Air System Named = PSZ-AC_10:10 did not converge for mass flow rate
   **   ~~~   ** Check values should be zero. Most Recent values listed first.
   **   ~~~   ** Demand-to-Supply interface mass flow rate check value iteration history trace: 0.660148,0.000000,0.634182,0.000000,0.639127,0.000000,0.726930,0.000000,0.570293,0.000000,
   **   ~~~   ** Supply-to-demand interface deck 1 mass flow rate check value iteration history trace: 0.000000,0.000000,0.000000,0.000000,0.000000,0.000000,0.000000,0.000000,0.000000,0.000000,
   **   ~~~   ** Air System Named = PSZ-AC_10:10 did not converge for energy
   **   ~~~   ** Check values should be zero. Most Recent values listed first.
   **   ~~~   ** Demand-to-Supply interface energy check value iteration history trace: 13910.308255,2.945594,13361.050003,2.901264,13467.330137,5.802529,15312.690648,159.016812,11910.249042,164.926117,
   **   ~~~   ** Supply-to-demand interface deck 1 energy check value iteration history trace: 0.000000,0.000000,0.000000,0.000000,0.000000,0.000000,0.000000,0.000000,0.000000,0.000000,
   ** Warning ** SimHVAC: Maximum iterations (20) exceeded for all HVAC loops, at RUNPERIOD 1, 01/22 08:10 - 08:20
   **   ~~~   ** The solution for one or more of the Air Loop HVAC systems did not appear to converge
   **   ~~~   ** Air System Named = PSZ-AC_1:1 did not converge for mass flow rate
   **   ~~~   ** Check values should be zero. Most Recent values listed first.
   **   ~~~   ** Demand-to-Supply interface mass flow rate check value iteration history trace: 0.494065,2.220446E-016,0.490639,2.220446E-016,0.484487,2.220446E-016,0.472022,2.220446E-016,1.417755,2.220446E-016,
   **   ~~~   ** Supply-to-demand interface deck 1 mass flow rate check value iteration history trace: 0.000000,0.000000,0.000000,0.000000,0.000000,0.000000,0.000000,0.000000,0.000000,0.000000,
   **   ~~~   ** Air System Named = PSZ-AC_1:1 did not converge for energy
   **   ~~~   ** Check values should be zero. Most Recent values listed first.
   **   ~~~   ** Demand-to-Supply interface energy check value iteration history trace: 10410.736587,8.111233E-002,10338.571301,1.144126,10209.291584,1.205150,9946.247497,2.410300,29876.510244,235.281129,
   **   ~~~   ** Supply-to-demand interface deck 1 energy check value iteration history trace: 0.000000,0.000000,0.000000,0.000000,0.000000,0.000000,0.000000,0.000000,0.000000,0.000000,
   **   ~~~   ** Air System Named = PSZ-AC_2:2 did not converge for mass flow rate
   **   ~~~   ** Check values should be zero. Most Recent values listed first.
   **   ~~~   ** Demand-to-Supply interface mass flow rate check value iteration history trace: 0.272447,0.000000,0.272447,0.000000,0.212051,0.000000,0.238376,0.000000,0.000000,0.801316,
   **   ~~~   ** Supply-to-demand interface deck 1 mass flow rate check value iteration history trace: 0.000000,0.000000,0.000000,0.000000,0.000000,0.000000,0.000000,0.000000,0.000000,0.000000,
   **   ~~~   ** Air System Named = PSZ-AC_2:2 did not converge for energy
   **   ~~~   ** Check values should be zero. Most Recent values listed first.
   **   ~~~   ** Demand-to-Supply interface energy check value iteration history trace: 5774.560768,118.249789,5734.355840,238.461858,4400.054581,100.876063,4916.290331,201.752126,0.000000,16885.009718,
   **   ~~~   ** Supply-to-demand interface deck 1 energy check value iteration history trace: 0.000000,0.000000,0.000000,0.000000,0.000000,0.000000,0.000000,0.000000,0.000000,0.000000,
   **   ~~~   ** Air System Named = PSZ-AC_3:3 did not converge for mass flow rate
   **   ~~~   ** Check values should be zero. Most Recent values listed first.
   **   ~~~   ** Demand-to-Supply interface mass flow rate check value iteration history trace: 0.253944,2.220446E-016,0.252849,2.220446E-016,0.250860,2.220446E-016,0.246406,2.220446E-016,0.741209,2.220446E-016,
   **   ~~~   ** Supply-to-demand interface deck 1 mass flow rate check value iteration history trace: 0.000000,0.000000,0.000000,0.000000,0.000000,0.000000,0.000000,0.000000,0.000000,0.000000,
   **   ~~~   ** Air System Named = PSZ-AC_3:3 did not converge for energy
   **   ~~~   ** Check values should be zero. Most Recent values listed first.
   **   ~~~   ** Demand-to-Supply interface energy check value iteration history trace: 5350.996090,1.877574E-002,5327.937033,0.263551,5286.100677,0.279639,5192.159528,0.559278,15618.969231,84.119163,
   **   ~~~   ** Supply-to-demand interface deck 1 energy check value iteration history trace: 0.000000,0.000000,0.000000,0.000000,0.000000,0.000000,0.000000,0.000000,0.000000,0.000000,
   **   ~~~   ** Air System Named = PSZ-AC_4:4 did not converge for mass flow rate
   **   ~~~   ** Check values should be zero. Most Recent values listed first.
   **   ~~~   ** Demand-to-Supply interface mass flow rate check value iteration history trace: 0.267048,0.000000,0.270760,0.000000,0.196709,0.000000,0.228395,0.000000,0.000000,0.796352,
   **   ~~~   ** Supply-to-demand interface deck 1 mass flow rate check value iteration history trace: 0.000000,0.000000,0.000000,0.000000,0.000000,0.000000,0.000000,0.000000,0.000000,0.000000,
   **   ~~~   ** Air System Named = PSZ-AC_4:4 did not converge for energy
   **   ~~~   ** Check values should be zero. Most Recent values listed first.
   **   ~~~   ** Demand-to-Supply interface energy check value iteration history trace: 5658.244228,115.057082,5697.771600,271.591969,4072.397153,120.858633,4693.710294,241.717266,0.000000,16780.396487,
   **   ~~~   ** Supply-to-demand interface deck 1 energy check value iteration history trace: 0.000000,0.000000,0.000000,0.000000,0.000000,0.000000,0.000000,0.000000,0.000000,0.000000,
   **   ~~~   ** Air System Named = PSZ-AC_5:5 did not converge for mass flow rate
   **   ~~~   ** Check values should be zero. Most Recent values listed first.
   **   ~~~   ** Demand-to-Supply interface mass flow rate check value iteration history trace: 0.267042,0.000000,0.271108,0.000000,0.194256,0.000000,0.227092,0.000000,0.000000,0.797375,
   **   ~~~   ** Supply-to-demand interface deck 1 mass flow rate check value iteration history trace: 0.000000,0.000000,0.000000,0.000000,0.000000,0.000000,0.000000,0.000000,0.000000,0.000000,
   **   ~~~   ** Air System Named = PSZ-AC_5:5 did not converge for energy
   **   ~~~   ** Check values should be zero. Most Recent values listed first.
   **   ~~~   ** Demand-to-Supply interface energy check value iteration history trace: 5658.967655,118.662587,5704.769809,281.712592,4018.992582,125.359535,4662.647473,250.719069,0.000000,16801.956607,
   **   ~~~   ** Supply-to-demand interface deck 1 energy check value iteration history trace: 0.000000,0.000000,0.000000,0.000000,0.000000,0.000000,0.000000,0.000000,0.000000,0.000000,
   **   ~~~   ** Air System Named = PSZ-AC_6:6 did not converge for mass flow rate
   **   ~~~   ** Check values should be zero. Most Recent values listed first.
   **   ~~~   ** Demand-to-Supply interface mass flow rate check value iteration history trace: 1.476666,4.440892E-016,0.000000,1.552748,1.062242,4.440892E-016,1.251188,4.440892E-016,0.000000,1.552748,
   **   ~~~   ** Supply-to-demand interface deck 1 mass flow rate check value iteration history trace: 0.000000,0.000000,0.000000,0.000000,0.000000,0.000000,0.000000,0.000000,0.000000,0.000000,
   **   ~~~   ** Air System Named = PSZ-AC_6:6 did not converge for energy
   **   ~~~   ** Check values should be zero. Most Recent values listed first.
   **   ~~~   ** Demand-to-Supply interface energy check value iteration history trace: 31210.609595,118.951582,0.000000,32131.894237,21981.576298,243.577616,25695.261580,487.155231,0.000000,32718.855583,
   **   ~~~   ** Supply-to-demand interface deck 1 energy check value iteration history trace: 0.000000,0.000000,0.000000,0.000000,0.000000,0.000000,0.000000,0.000000,0.000000,0.000000,
   **   ~~~   ** Air System Named = PSZ-AC_7:7 did not converge for mass flow rate
   **   ~~~   ** Check values should be zero. Most Recent values listed first.
   **   ~~~   ** Demand-to-Supply interface mass flow rate check value iteration history trace: 0.758711,2.220446E-016,0.000000,0.801480,0.553460,2.220446E-016,0.647652,2.220446E-016,0.000000,0.801480,
   **   ~~~   ** Supply-to-demand interface deck 1 mass flow rate check value iteration history trace: 0.000000,0.000000,0.000000,0.000000,0.000000,0.000000,0.000000,0.000000,0.000000,0.000000,
   **   ~~~   ** Air System Named = PSZ-AC_7:7 did not converge for energy
   **   ~~~   ** Check values should be zero. Most Recent values listed first.
   **   ~~~   ** Demand-to-Supply interface energy check value iteration history trace: 16029.412124,54.468829,0.000000,16585.046735,11452.761935,124.612686,13301.195637,249.225372,0.000000,16888.443982,
   **   ~~~   ** Supply-to-demand interface deck 1 energy check value iteration history trace: 0.000000,0.000000,0.000000,0.000000,0.000000,0.000000,0.000000,0.000000,0.000000,0.000000,
   **   ~~~   ** Air System Named = PSZ-AC_8:8 did not converge for mass flow rate
   **   ~~~   ** Check values should be zero. Most Recent values listed first.
   **   ~~~   ** Demand-to-Supply interface mass flow rate check value iteration history trace: 0.753534,1.110223E-016,0.000000,0.796461,0.546824,1.110223E-016,0.641648,1.110223E-016,0.000000,0.796461,
   **   ~~~   ** Supply-to-demand interface deck 1 mass flow rate check value iteration history trace: 0.000000,0.000000,0.000000,0.000000,0.000000,0.000000,0.000000,0.000000,0.000000,0.000000,
   **   ~~~   ** Air System Named = PSZ-AC_8:8 did not converge for energy
   **   ~~~   ** Check values should be zero. Most Recent values listed first.
   **   ~~~   ** Demand-to-Supply interface energy check value iteration history trace: 15920.563428,54.809628,0.000000,16478.608013,11313.683942,124.840049,13174.993234,249.680098,0.000000,16782.681175,
   **   ~~~   ** Supply-to-demand interface deck 1 energy check value iteration history trace: 0.000000,0.000000,0.000000,0.000000,0.000000,0.000000,0.000000,0.000000,0.000000,0.000000,
   ** Warning ** SimHVAC: Maximum iterations (20) exceeded for all HVAC loops, at RUNPERIOD 1, 01/25 07:23 - 07:27
   **   ~~~   ** The solution for one or more of the Air Loop HVAC systems did not appear to converge
   **   ~~~   ** Air System Named = PSZ-AC_2:2 did not converge for mass flow rate
   **   ~~~   ** Check values should be zero. Most Recent values listed first.
   **   ~~~   ** Demand-to-Supply interface mass flow rate check value iteration history trace: 0.272447,0.000000,0.204132,0.000000,0.219955,0.000000,0.000000,0.801316,0.000000,0.801316,
   **   ~~~   ** Supply-to-demand interface deck 1 mass flow rate check value iteration history trace: 0.000000,0.000000,0.000000,0.000000,0.000000,0.000000,0.000000,0.000000,0.000000,0.000000,
   **   ~~~   ** Air System Named = PSZ-AC_2:2 did not converge for energy
   **   ~~~   ** Check values should be zero. Most Recent values listed first.
   **   ~~~   ** Demand-to-Supply interface energy check value iteration history trace: 5734.290903,345.142886,4208.502789,147.793262,4494.149568,295.586523,0.000000,16884.986956,0.000000,16884.987195,
   **   ~~~   ** Supply-to-demand interface deck 1 energy check value iteration history trace: 0.000000,0.000000,0.000000,0.000000,0.000000,0.000000,0.000000,0.000000,0.000000,0.000000,
   **   ~~~   ** Air System Named = PSZ-AC_3:3 did not converge for mass flow rate
   **   ~~~   ** Check values should be zero. Most Recent values listed first.
   **   ~~~   ** Demand-to-Supply interface mass flow rate check value iteration history trace: 0.249461,2.220446E-016,0.249461,2.220446E-016,0.249462,2.220446E-016,0.249461,2.220446E-016,0.249459,2.220446E-016,
   **   ~~~   ** Supply-to-demand interface deck 1 mass flow rate check value iteration history trace: 0.000000,0.000000,0.000000,0.000000,0.000000,0.000000,0.000000,0.000000,0.000000,0.000000,
   **   ~~~   ** Air System Named = PSZ-AC_3:3 did not converge for energy
   **   ~~~   ** Check values should be zero. Most Recent values listed first.
   **   ~~~   ** Demand-to-Supply interface energy check value iteration history trace: 5256.545456,2.639437E-006,5256.540491,2.426702E-006,5256.551484,4.853392E-006,5256.536476,7.300256E-005,5256.494286,7.818576E-005,
   **   ~~~   ** Supply-to-demand interface deck 1 energy check value iteration history trace: 0.000000,0.000000,0.000000,0.000000,0.000000,0.000000,0.000000,0.000000,0.000000,0.000000,
   **   ~~~   ** Air System Named = PSZ-AC_4:4 did not converge for mass flow rate
   **   ~~~   ** Check values should be zero. Most Recent values listed first.
   **   ~~~   ** Demand-to-Supply interface mass flow rate check value iteration history trace: 0.248839,0.000000,0.248839,0.000000,0.248839,0.000000,0.248815,0.000000,0.248811,0.000000,
   **   ~~~   ** Supply-to-demand interface deck 1 mass flow rate check value iteration history trace: 0.000000,0.000000,0.000000,0.000000,0.000000,0.000000,0.000000,0.000000,0.000000,0.000000,
   **   ~~~   ** Air System Named = PSZ-AC_4:4 did not converge for energy
   **   ~~~   ** Check values should be zero. Most Recent values listed first.
   **   ~~~   ** Demand-to-Supply interface energy check value iteration history trace: 5243.434460,2.825990E-006,5243.429484,2.598361E-006,5243.440418,5.196716E-006,5242.920171,7.819758E-005,5242.842445,8.374722E-005,
   **   ~~~   ** Supply-to-demand interface deck 1 energy check value iteration history trace: 0.000000,0.000000,0.000000,0.000000,0.000000,0.000000,0.000000,0.000000,0.000000,0.000000,
   **   ~~~   ** Air System Named = PSZ-AC_5:5 did not converge for mass flow rate
   **   ~~~   ** Check values should be zero. Most Recent values listed first.
   **   ~~~   ** Demand-to-Supply interface mass flow rate check value iteration history trace: 0.248336,0.000000,0.248336,0.000000,0.248336,0.000000,0.248317,0.000000,0.248313,0.000000,
   **   ~~~   ** Supply-to-demand interface deck 1 mass flow rate check value iteration history trace: 0.000000,0.000000,0.000000,0.000000,0.000000,0.000000,0.000000,0.000000,0.000000,0.000000,
   **   ~~~   ** Air System Named = PSZ-AC_5:5 did not converge for energy
   **   ~~~   ** Check values should be zero. Most Recent values listed first.
   **   ~~~   ** Demand-to-Supply interface energy check value iteration history trace: 5232.821842,3.026499E-006,5232.821727,2.782266E-006,5232.821645,5.564532E-006,5232.440860,8.356157E-005,5232.338487,8.950480E-005,
   **   ~~~   ** Supply-to-demand interface deck 1 energy check value iteration history trace: 0.000000,0.000000,0.000000,0.000000,0.000000,0.000000,0.000000,0.000000,0.000000,0.000000,
   **   ~~~   ** Air System Named = PSZ-AC_10:10 did not converge for mass flow rate
   **   ~~~   ** Check values should be zero. Most Recent values listed first.
   **   ~~~   ** Demand-to-Supply interface mass flow rate check value iteration history trace: 0.682688,0.000000,0.675235,0.000000,0.661156,0.000000,0.738471,0.000000,0.638584,0.000000,
   **   ~~~   ** Supply-to-demand interface deck 1 mass flow rate check value iteration history trace: 0.000000,0.000000,0.000000,0.000000,0.000000,0.000000,0.000000,0.000000,0.000000,0.000000,
   **   ~~~   ** Air System Named = PSZ-AC_10:10 did not converge for energy
   **   ~~~   ** Check values should be zero. Most Recent values listed first.
   **   ~~~   ** Demand-to-Supply interface energy check value iteration history trace: 14385.298007,0.719114,14227.715571,0.707332,13931.580635,1.414665,15559.534288,47.990648,13420.152946,49.430554,
   **   ~~~   ** Supply-to-demand interface deck 1 energy check value iteration history trace: 0.000000,0.000000,0.000000,0.000000,0.000000,0.000000,0.000000,0.000000,0.000000,0.000000,
   ** Warning ** SimHVAC: Maximum iterations (20) exceeded for all HVAC loops, at RUNPERIOD 1, 01/28 07:00 - 07:10
   **   ~~~   ** The solution for one or more of the Air Loop HVAC systems did not appear to converge
   **   ~~~   ** Air System Named = PSZ-AC_2:2 did not converge for mass flow rate
   **   ~~~   ** Check values should be zero. Most Recent values listed first.
   **   ~~~   ** Demand-to-Supply interface mass flow rate check value iteration history trace: 0.218752,0.000000,0.000000,0.801316,0.000000,0.801316,0.000000,0.801316,0.718382,0.000000,
   **   ~~~   ** Supply-to-demand interface deck 1 mass flow rate check value iteration history trace: 0.000000,0.000000,0.000000,0.000000,0.000000,0.000000,0.000000,0.000000,0.000000,0.000000,
   **   ~~~   ** Air System Named = PSZ-AC_2:2 did not converge for energy
   **   ~~~   ** Check values should be zero. Most Recent values listed first.
   **   ~~~   ** Demand-to-Supply interface energy check value iteration history trace: 4465.320410,306.530780,0.000000,16884.987297,0.000000,16884.987197,0.000000,16884.987396,15137.441331,1.678881E-002,
   **   ~~~   ** Supply-to-demand interface deck 1 energy check value iteration history trace: 0.000000,0.000000,0.000000,0.000000,0.000000,0.000000,0.000000,0.000000,0.000000,0.000000,
   **   ~~~   ** Air System Named = PSZ-AC_3:3 did not converge for mass flow rate
   **   ~~~   ** Check values should be zero. Most Recent values listed first.
   **   ~~~   ** Demand-to-Supply interface mass flow rate check value iteration history trace: 0.252483,2.220446E-016,0.704803,2.220446E-016,0.696827,2.220446E-016,0.676140,2.220446E-016,0.715082,2.220446E-016,
   **   ~~~   ** Supply-to-demand interface deck 1 mass flow rate check value iteration history trace: 0.000000,0.000000,0.000000,0.000000,0.000000,0.000000,0.000000,0.000000,0.000000,0.000000,
   **   ~~~   ** Air System Named = PSZ-AC_3:3 did not converge for energy
   **   ~~~   ** Check values should be zero. Most Recent values listed first.
   **   ~~~   ** Demand-to-Supply interface energy check value iteration history trace: 5320.209368,4.603815E-003,14851.321913,0.601022,14683.780570,0.593320,14247.349393,1.186639,15068.981827,133.449919,
   **   ~~~   ** Supply-to-demand interface deck 1 energy check value iteration history trace: 0.000000,0.000000,0.000000,0.000000,0.000000,0.000000,0.000000,0.000000,0.000000,0.000000,
   **   ~~~   ** Air System Named = PSZ-AC_4:4 did not converge for mass flow rate
   **   ~~~   ** Check values should be zero. Most Recent values listed first.
   **   ~~~   ** Demand-to-Supply interface mass flow rate check value iteration history trace: 0.270760,0.000000,0.000000,0.796352,0.485967,0.000000,0.611884,0.000000,0.000000,0.796352,
   **   ~~~   ** Supply-to-demand interface deck 1 mass flow rate check value iteration history trace: 0.000000,0.000000,0.000000,0.000000,0.000000,0.000000,0.000000,0.000000,0.000000,0.000000,
   **   ~~~   ** Air System Named = PSZ-AC_4:4 did not converge for energy
   **   ~~~   ** Check values should be zero. Most Recent values listed first.
   **   ~~~   ** Demand-to-Supply interface energy check value iteration history trace: 5745.019623,132.807332,0.000000,16379.219142,9995.274468,163.644280,12459.367377,327.288561,0.000000,16780.395849,
   **   ~~~   ** Supply-to-demand interface deck 1 energy check value iteration history trace: 0.000000,0.000000,0.000000,0.000000,0.000000,0.000000,0.000000,0.000000,0.000000,0.000000,
   **   ~~~   ** Air System Named = PSZ-AC_5:5 did not converge for mass flow rate
   **   ~~~   ** Check values should be zero. Most Recent values listed first.
   **   ~~~   ** Demand-to-Supply interface mass flow rate check value iteration history trace: 0.271108,0.000000,0.000000,0.797375,0.479772,0.000000,0.608692,0.000000,0.000000,0.797375,
   **   ~~~   ** Supply-to-demand interface deck 1 mass flow rate check value iteration history trace: 0.000000,0.000000,0.000000,0.000000,0.000000,0.000000,0.000000,0.000000,0.000000,0.000000,
   **   ~~~   ** Air System Named = PSZ-AC_5:5 did not converge for energy
   **   ~~~   ** Check values should be zero. Most Recent values listed first.
   **   ~~~   ** Demand-to-Supply interface energy check value iteration history trace: 5753.424206,136.757264,0.000000,16390.712270,9862.107287,167.697745,12384.155911,335.395489,0.000000,16801.955936,
   **   ~~~   ** Supply-to-demand interface deck 1 energy check value iteration history trace: 0.000000,0.000000,0.000000,0.000000,0.000000,0.000000,0.000000,0.000000,0.000000,0.000000,
   **   ~~~   ** Air System Named = PSZ-AC_6:6 did not converge for mass flow rate
   **   ~~~   ** Check values should be zero. Most Recent values listed first.
   **   ~~~   ** Demand-to-Supply interface mass flow rate check value iteration history trace: 1.494192,4.440892E-016,0.000000,1.552748,0.917520,4.440892E-016,1.176271,4.440892E-016,0.000000,1.552748,
   **   ~~~   ** Supply-to-demand interface deck 1 mass flow rate check value iteration history trace: 0.000000,0.000000,0.000000,0.000000,0.000000,0.000000,0.000000,0.000000,0.000000,0.000000,
   **   ~~~   ** Air System Named = PSZ-AC_6:6 did not converge for energy
   **   ~~~   ** Check values should be zero. Most Recent values listed first.
   **   ~~~   ** Demand-to-Supply interface energy check value iteration history trace: 31709.368100,266.149951,0.000000,31918.826528,18860.865561,329.324744,23930.348962,658.649488,0.000000,32718.854357,
   **   ~~~   ** Supply-to-demand interface deck 1 energy check value iteration history trace: 0.000000,0.000000,0.000000,0.000000,0.000000,0.000000,0.000000,0.000000,0.000000,0.000000,
   **   ~~~   ** Air System Named = PSZ-AC_7:7 did not converge for mass flow rate
   **   ~~~   ** Check values should be zero. Most Recent values listed first.
   **   ~~~   ** Demand-to-Supply interface mass flow rate check value iteration history trace: 0.769413,2.220446E-016,0.000000,0.801480,0.485037,2.220446E-016,0.613242,2.220446E-016,0.000000,0.801480,
   **   ~~~   ** Supply-to-demand interface deck 1 mass flow rate check value iteration history trace: 0.000000,0.000000,0.000000,0.000000,0.000000,0.000000,0.000000,0.000000,0.000000,0.000000,
   **   ~~~   ** Air System Named = PSZ-AC_7:7 did not converge for energy
   **   ~~~   ** Check values should be zero. Most Recent values listed first.
   **   ~~~   ** Demand-to-Supply interface energy check value iteration history trace: 16326.394307,135.163813,0.000000,16477.424486,9971.754645,167.452368,12479.360941,334.904736,0.000000,16888.443339,
   **   ~~~   ** Supply-to-demand interface deck 1 energy check value iteration history trace: 0.000000,0.000000,0.000000,0.000000,0.000000,0.000000,0.000000,0.000000,0.000000,0.000000,
   **   ~~~   ** Air System Named = PSZ-AC_8:8 did not converge for mass flow rate
   **   ~~~   ** Check values should be zero. Most Recent values listed first.
   **   ~~~   ** Demand-to-Supply interface mass flow rate check value iteration history trace: 0.763962,1.110223E-016,0.000000,0.796461,0.477886,1.110223E-016,0.606856,1.110223E-016,0.000000,0.796461,
   **   ~~~   ** Supply-to-demand interface deck 1 mass flow rate check value iteration history trace: 0.000000,0.000000,0.000000,0.000000,0.000000,0.000000,0.000000,0.000000,0.000000,0.000000,
   **   ~~~   ** Air System Named = PSZ-AC_8:8 did not converge for energy
   **   ~~~   ** Check values should be zero. Most Recent values listed first.
   **   ~~~   ** Demand-to-Supply interface energy check value iteration history trace: 16210.922629,134.751978,0.000000,16371.020462,9822.813804,167.636286,12346.025742,335.272572,0.000000,16782.680530,
   **   ~~~   ** Supply-to-demand interface deck 1 energy check value iteration history trace: 0.000000,0.000000,0.000000,0.000000,0.000000,0.000000,0.000000,0.000000,0.000000,0.000000,
   **   ~~~   ** Air System Named = PSZ-AC_9:9 did not converge for mass flow rate
   **   ~~~   ** Check values should be zero. Most Recent values listed first.
   **   ~~~   ** Demand-to-Supply interface mass flow rate check value iteration history trace: 0.677526,0.000000,0.685609,0.000000,0.676337,0.000000,0.743887,0.000000,0.765800,0.000000,
   **   ~~~   ** Supply-to-demand interface deck 1 mass flow rate check value iteration history trace: 0.000000,0.000000,0.000000,0.000000,0.000000,0.000000,0.000000,0.000000,0.000000,0.000000,
   **   ~~~   ** Air System Named = PSZ-AC_9:9 did not converge for energy
   **   ~~~   ** Check values should be zero. Most Recent values listed first.
   **   ~~~   ** Demand-to-Supply interface energy check value iteration history trace: 14276.548770,9.334998E-002,14446.783280,6.055475,14246.258837,6.102057,15674.824235,12.204113,16124.795413,447.056000,
   **   ~~~   ** Supply-to-demand interface deck 1 energy check value iteration history trace: 0.000000,0.000000,0.000000,0.000000,0.000000,0.000000,0.000000,0.000000,0.000000,0.000000,
   ** Warning ** SimHVAC: Maximum iterations (20) exceeded for all HVAC loops, at RUNPERIOD 1, 01/30 08:03 - 08:07
   **   ~~~   ** The solution for one or more of the Air Loop HVAC systems did not appear to converge
   **   ~~~   ** Air System Named = PSZ-AC_3:3 did not converge for energy
   **   ~~~   ** Check values should be zero. Most Recent values listed first.
   **   ~~~   ** Demand-to-Supply interface energy check value iteration history trace: 30.902890,316.462740,4372.028244,6.264822E-007,30.902692,316.461454,4372.017073,6.601502E-007,30.902901,316.463006,
   **   ~~~   ** Supply-to-demand interface deck 1 energy check value iteration history trace: 0.000000,0.000000,0.000000,0.000000,0.000000,0.000000,0.000000,0.000000,0.000000,0.000000,
   **   ~~~   ** Air System Named = PSZ-AC_4:4 did not converge for energy
   **   ~~~   ** Check values should be zero. Most Recent values listed first.
   **   ~~~   ** Demand-to-Supply interface energy check value iteration history trace: 30.663227,314.673877,4348.253520,6.523784E-007,30.663027,314.672581,4348.242386,6.874422E-007,30.663234,314.674134,
   **   ~~~   ** Supply-to-demand interface deck 1 energy check value iteration history trace: 0.000000,0.000000,0.000000,0.000000,0.000000,0.000000,0.000000,0.000000,0.000000,0.000000,
   **   ~~~   ** Air System Named = PSZ-AC_5:5 did not converge for energy
   **   ~~~   ** Check values should be zero. Most Recent values listed first.
   **   ~~~   ** Demand-to-Supply interface energy check value iteration history trace: 30.415176,313.073139,4331.607748,6.788173E-007,30.415097,313.072756,4331.608988,7.153733E-007,30.415100,313.072777,
   **   ~~~   ** Supply-to-demand interface deck 1 energy check value iteration history trace: 0.000000,0.000000,0.000000,0.000000,0.000000,0.000000,0.000000,0.000000,0.000000,0.000000,
   ** Warning ** SimHVAC: Maximum iterations (20) exceeded for all HVAC loops, at RUNPERIOD 1, 01/31 07:23 - 07:27
   **   ~~~   ** The solution for one or more of the Air Loop HVAC systems did not appear to converge
   **   ~~~   ** Air System Named = PSZ-AC_2:2 did not converge for mass flow rate
   **   ~~~   ** Check values should be zero. Most Recent values listed first.
   **   ~~~   ** Demand-to-Supply interface mass flow rate check value iteration history trace: 0.272447,0.000000,0.199155,0.000000,0.216200,0.000000,0.000000,0.801316,0.000000,0.801316,
   **   ~~~   ** Supply-to-demand interface deck 1 mass flow rate check value iteration history trace: 0.000000,0.000000,0.000000,0.000000,0.000000,0.000000,0.000000,0.000000,0.000000,0.000000,
   **   ~~~   ** Air System Named = PSZ-AC_2:2 did not converge for energy
   **   ~~~   ** Check values should be zero. Most Recent values listed first.
   **   ~~~   ** Demand-to-Supply interface energy check value iteration history trace: 5734.001288,364.376238,4100.919788,156.107170,4409.777050,312.214340,0.000000,16884.987078,0.000000,16884.987195,
   **   ~~~   ** Supply-to-demand interface deck 1 energy check value iteration history trace: 0.000000,0.000000,0.000000,0.000000,0.000000,0.000000,0.000000,0.000000,0.000000,0.000000,
   **   ~~~   ** Air System Named = PSZ-AC_3:3 did not converge for mass flow rate
   **   ~~~   ** Check values should be zero. Most Recent values listed first.
   **   ~~~   ** Demand-to-Supply interface mass flow rate check value iteration history trace: 0.248057,2.220446E-016,0.248057,2.220446E-016,0.248057,2.220446E-016,0.247891,2.220446E-016,0.247886,2.220446E-016,
   **   ~~~   ** Supply-to-demand interface deck 1 mass flow rate check value iteration history trace: 0.000000,0.000000,0.000000,0.000000,0.000000,0.000000,0.000000,0.000000,0.000000,0.000000,
   **   ~~~   ** Air System Named = PSZ-AC_3:3 did not converge for energy
   **   ~~~   ** Check values should be zero. Most Recent values listed first.
   **   ~~~   ** Demand-to-Supply interface energy check value iteration history trace: 5226.954127,6.125203E-007,5226.949096,5.638801E-007,5226.960203,1.127742E-006,5223.446259,1.723708E-005,5223.357927,1.844023E-005,
   **   ~~~   ** Supply-to-demand interface deck 1 energy check value iteration history trace: 0.000000,0.000000,0.000000,0.000000,0.000000,0.000000,0.000000,0.000000,0.000000,0.000000,
   **   ~~~   ** Air System Named = PSZ-AC_4:4 did not converge for mass flow rate
   **   ~~~   ** Check values should be zero. Most Recent values listed first.
   **   ~~~   ** Demand-to-Supply interface mass flow rate check value iteration history trace: 0.247350,0.000000,0.247350,0.000000,0.247350,0.000000,0.247157,0.000000,0.247150,0.000000,
   **   ~~~   ** Supply-to-demand interface deck 1 mass flow rate check value iteration history trace: 0.000000,0.000000,0.000000,0.000000,0.000000,0.000000,0.000000,0.000000,0.000000,0.000000,
   **   ~~~   ** Air System Named = PSZ-AC_4:4 did not converge for energy
   **   ~~~   ** Check values should be zero. Most Recent values listed first.
   **   ~~~   ** Demand-to-Supply interface energy check value iteration history trace: 5212.050935,8.171661E-007,5212.045894,7.523042E-007,5212.056885,1.504601E-006,5207.980686,2.300486E-005,5207.839028,2.461000E-005,
   **   ~~~   ** Supply-to-demand interface deck 1 energy check value iteration history trace: 0.000000,0.000000,0.000000,0.000000,0.000000,0.000000,0.000000,0.000000,0.000000,0.000000,
   **   ~~~   ** Air System Named = PSZ-AC_5:5 did not converge for mass flow rate
   **   ~~~   ** Check values should be zero. Most Recent values listed first.
   **   ~~~   ** Demand-to-Supply interface mass flow rate check value iteration history trace: 0.246786,0.000000,0.246786,0.000000,0.246786,0.000000,0.246599,0.000000,0.246591,0.000000,
   **   ~~~   ** Supply-to-demand interface deck 1 mass flow rate check value iteration history trace: 0.000000,0.000000,0.000000,0.000000,0.000000,0.000000,0.000000,0.000000,0.000000,0.000000,
   **   ~~~   ** Air System Named = PSZ-AC_5:5 did not converge for energy
   **   ~~~   ** Check values should be zero. Most Recent values listed first.
   **   ~~~   ** Demand-to-Supply interface energy check value iteration history trace: 5200.166783,9.776091E-007,5200.166744,8.998634E-007,5200.166375,1.799730E-006,5196.227575,2.745990E-005,5196.053574,2.938014E-005,
   **   ~~~   ** Supply-to-demand interface deck 1 energy check value iteration history trace: 0.000000,0.000000,0.000000,0.000000,0.000000,0.000000,0.000000,0.000000,0.000000,0.000000,
   **   ~~~   ** Air System Named = PSZ-AC_10:10 did not converge for mass flow rate
   **   ~~~   ** Check values should be zero. Most Recent values listed first.
   **   ~~~   ** Demand-to-Supply interface mass flow rate check value iteration history trace: 0.673701,0.000000,0.652691,0.000000,0.653071,0.000000,0.735674,0.000000,0.595596,0.000000,
   **   ~~~   ** Supply-to-demand interface deck 1 mass flow rate check value iteration history trace: 0.000000,0.000000,0.000000,0.000000,0.000000,0.000000,0.000000,0.000000,0.000000,0.000000,
   **   ~~~   ** Air System Named = PSZ-AC_10:10 did not converge for energy
   **   ~~~   ** Check values should be zero. Most Recent values listed first.
   **   ~~~   ** Demand-to-Supply interface energy check value iteration history trace: 14195.899512,2.257329,13751.534989,2.223931,13761.177764,4.447863,15498.031698,130.909813,12458.615862,135.435991,
   **   ~~~   ** Supply-to-demand interface deck 1 energy check value iteration history trace: 0.000000,0.000000,0.000000,0.000000,0.000000,0.000000,0.000000,0.000000,0.000000,0.000000,
   ** Warning ** SimHVAC: Maximum iterations (20) exceeded for all HVAC loops, at RUNPERIOD 1, 02/03 07:00 - 07:10
   **   ~~~   ** The solution for one or more of the Air Loop HVAC systems did not appear to converge
   **   ~~~   ** Air System Named = PSZ-AC_3:3 did not converge for mass flow rate
   **   ~~~   ** Check values should be zero. Most Recent values listed first.
   **   ~~~   ** Demand-to-Supply interface mass flow rate check value iteration history trace: 0.270752,2.220446E-016,0.000000,0.796330,0.570906,2.220446E-016,0.662605,2.220446E-016,0.000000,0.796330,
   **   ~~~   ** Supply-to-demand interface deck 1 mass flow rate check value iteration history trace: 0.000000,0.000000,0.000000,0.000000,0.000000,0.000000,0.000000,0.000000,0.000000,0.000000,
   **   ~~~   ** Air System Named = PSZ-AC_3:3 did not converge for energy
   **   ~~~   ** Check values should be zero. Most Recent values listed first.
   **   ~~~   ** Demand-to-Supply interface energy check value iteration history trace: 5735.285857,97.146080,0.000000,16488.302062,11820.831366,119.736106,13619.861996,239.472212,0.000000,16779.922643,
   **   ~~~   ** Supply-to-demand interface deck 1 energy check value iteration history trace: 0.000000,0.000000,0.000000,0.000000,0.000000,0.000000,0.000000,0.000000,0.000000,0.000000,
   **   ~~~   ** Air System Named = PSZ-AC_4:4 did not converge for mass flow rate
   **   ~~~   ** Check values should be zero. Most Recent values listed first.
   **   ~~~   ** Demand-to-Supply interface mass flow rate check value iteration history trace: 0.270760,0.000000,0.000000,0.796352,0.566244,0.000000,0.659793,0.000000,0.000000,0.796352,
   **   ~~~   ** Supply-to-demand interface deck 1 mass flow rate check value iteration history trace: 0.000000,0.000000,0.000000,0.000000,0.000000,0.000000,0.000000,0.000000,0.000000,0.000000,
   **   ~~~   ** Air System Named = PSZ-AC_4:4 did not converge for energy
   **   ~~~   ** Check values should be zero. Most Recent values listed first.
   **   ~~~   ** Demand-to-Supply interface energy check value iteration history trace: 5736.235367,99.842237,0.000000,16481.941739,11719.430921,122.159737,13554.403455,244.319473,0.000000,16780.396569,
   **   ~~~   ** Supply-to-demand interface deck 1 energy check value iteration history trace: 0.000000,0.000000,0.000000,0.000000,0.000000,0.000000,0.000000,0.000000,0.000000,0.000000,
   **   ~~~   ** Air System Named = PSZ-AC_5:5 did not converge for mass flow rate
   **   ~~~   ** Check values should be zero. Most Recent values listed first.
   **   ~~~   ** Demand-to-Supply interface mass flow rate check value iteration history trace: 0.270885,0.000000,0.000000,0.797375,0.559460,0.000000,0.656176,0.000000,0.000000,0.797375,
   **   ~~~   ** Supply-to-demand interface deck 1 mass flow rate check value iteration history trace: 0.000000,0.000000,0.000000,0.000000,0.000000,0.000000,0.000000,0.000000,0.000000,0.000000,
   **   ~~~   ** Air System Named = PSZ-AC_5:5 did not converge for energy
   **   ~~~   ** Check values should be zero. Most Recent values listed first.
   **   ~~~   ** Demand-to-Supply interface energy check value iteration history trace: 5739.823665,103.302930,0.000000,16493.015261,11571.949993,126.407341,13468.401492,252.814683,0.000000,16801.956685,
   **   ~~~   ** Supply-to-demand interface deck 1 energy check value iteration history trace: 0.000000,0.000000,0.000000,0.000000,0.000000,0.000000,0.000000,0.000000,0.000000,0.000000,
   **   ~~~   ** Air System Named = PSZ-AC_6:6 did not converge for mass flow rate
   **   ~~~   ** Check values should be zero. Most Recent values listed first.
   **   ~~~   ** Demand-to-Supply interface mass flow rate check value iteration history trace: 1.513835,4.440892E-016,0.000000,1.552748,1.083827,4.440892E-016,1.276009,4.440892E-016,0.000000,1.552748,
   **   ~~~   ** Supply-to-demand interface deck 1 mass flow rate check value iteration history trace: 0.000000,0.000000,0.000000,0.000000,0.000000,0.000000,0.000000,0.000000,0.000000,0.000000,
   **   ~~~   ** Air System Named = PSZ-AC_6:6 did not converge for energy
   **   ~~~   ** Check values should be zero. Most Recent values listed first.
   **   ~~~   ** Demand-to-Supply interface energy check value iteration history trace: 32082.017899,206.230920,0.000000,32124.033929,22422.759914,245.765459,26196.752349,491.530917,0.000000,32718.855796,
   **   ~~~   ** Supply-to-demand interface deck 1 energy check value iteration history trace: 0.000000,0.000000,0.000000,0.000000,0.000000,0.000000,0.000000,0.000000,0.000000,0.000000,
   **   ~~~   ** Air System Named = PSZ-AC_7:7 did not converge for mass flow rate
   **   ~~~   ** Check values should be zero. Most Recent values listed first.
   **   ~~~   ** Demand-to-Supply interface mass flow rate check value iteration history trace: 0.779658,2.220446E-016,0.000000,0.801480,0.565749,2.220446E-016,0.661697,2.220446E-016,0.000000,0.801480,
   **   ~~~   ** Supply-to-demand interface deck 1 mass flow rate check value iteration history trace: 0.000000,0.000000,0.000000,0.000000,0.000000,0.000000,0.000000,0.000000,0.000000,0.000000,
   **   ~~~   ** Air System Named = PSZ-AC_7:7 did not converge for energy
   **   ~~~   ** Check values should be zero. Most Recent values listed first.
   **   ~~~   ** Demand-to-Supply interface energy check value iteration history trace: 16520.783979,104.215875,0.000000,16580.477489,11703.838492,125.918416,13584.782310,251.836832,0.000000,16888.444092,
   **   ~~~   ** Supply-to-demand interface deck 1 energy check value iteration history trace: 0.000000,0.000000,0.000000,0.000000,0.000000,0.000000,0.000000,0.000000,0.000000,0.000000,
   **   ~~~   ** Air System Named = PSZ-AC_8:8 did not converge for mass flow rate
   **   ~~~   ** Check values should be zero. Most Recent values listed first.
   **   ~~~   ** Demand-to-Supply interface mass flow rate check value iteration history trace: 0.774422,1.110223E-016,0.000000,0.796461,0.559165,1.110223E-016,0.655771,1.110223E-016,0.000000,0.796461,
   **   ~~~   ** Supply-to-demand interface deck 1 mass flow rate check value iteration history trace: 0.000000,0.000000,0.000000,0.000000,0.000000,0.000000,0.000000,0.000000,0.000000,0.000000,
   **   ~~~   ** Air System Named = PSZ-AC_8:8 did not converge for energy
   **   ~~~   ** Check values should be zero. Most Recent values listed first.
   **   ~~~   ** Demand-to-Supply interface energy check value iteration history trace: 16410.811847,104.725183,0.000000,16473.987568,11565.760603,126.168510,13460.079976,252.337019,0.000000,16782.681287,
   **   ~~~   ** Supply-to-demand interface deck 1 energy check value iteration history trace: 0.000000,0.000000,0.000000,0.000000,0.000000,0.000000,0.000000,0.000000,0.000000,0.000000,
   **   ~~~   ** Air System Named = PSZ-AC_9:9 did not converge for mass flow rate
   **   ~~~   ** Check values should be zero. Most Recent values listed first.
   **   ~~~   ** Demand-to-Supply interface mass flow rate check value iteration history trace: 0.769377,0.000000,0.000000,0.794487,0.531995,0.000000,0.639038,0.000000,0.000000,0.794487,
   **   ~~~   ** Supply-to-demand interface deck 1 mass flow rate check value iteration history trace: 0.000000,0.000000,0.000000,0.000000,0.000000,0.000000,0.000000,0.000000,0.000000,0.000000,
   **   ~~~   ** Air System Named = PSZ-AC_9:9 did not converge for energy
   **   ~~~   ** Check values should be zero. Most Recent values listed first.
   **   ~~~   ** Demand-to-Supply interface energy check value iteration history trace: 16315.287674,118.407306,0.000000,16398.531946,10980.582462,139.532786,13077.758080,279.065572,0.000000,16741.103926,
   **   ~~~   ** Supply-to-demand interface deck 1 energy check value iteration history trace: 0.000000,0.000000,0.000000,0.000000,0.000000,0.000000,0.000000,0.000000,0.000000,0.000000,
   ** Warning ** SimHVAC: Maximum iterations (20) exceeded for all HVAC loops, at RUNPERIOD 1, 02/05 08:20 - 08:23
   **   ~~~   ** The solution for one or more of the Air Loop HVAC systems did not appear to converge
   **   ~~~   ** Air System Named = PSZ-AC_1:1 did not converge for mass flow rate
   **   ~~~   ** Check values should be zero. Most Recent values listed first.
   **   ~~~   ** Demand-to-Supply interface mass flow rate check value iteration history trace: 0.521951,2.220446E-016,0.521957,2.220446E-016,0.522085,2.220446E-016,0.522080,2.220446E-016,0.523332,2.220446E-016,
   **   ~~~   ** Supply-to-demand interface deck 1 mass flow rate check value iteration history trace: 0.000000,0.000000,0.000000,0.000000,0.000000,0.000000,0.000000,0.000000,0.000000,0.000000,
   **   ~~~   ** Air System Named = PSZ-AC_1:1 did not converge for energy
   **   ~~~   ** Check values should be zero. Most Recent values listed first.
   **   ~~~   ** Demand-to-Supply interface energy check value iteration history trace: 10998.327278,1.160872E-003,10998.453822,2.321745E-003,11001.148728,2.437088E-002,11001.049369,2.341431E-002,11027.427728,4.682861E-002,
   **   ~~~   ** Supply-to-demand interface deck 1 energy check value iteration history trace: 0.000000,0.000000,0.000000,0.000000,0.000000,0.000000,0.000000,0.000000,0.000000,0.000000,
   **   ~~~   ** Air System Named = PSZ-AC_2:2 did not converge for mass flow rate
   **   ~~~   ** Check values should be zero. Most Recent values listed first.
   **   ~~~   ** Demand-to-Supply interface mass flow rate check value iteration history trace: 0.272447,0.000000,0.272447,0.000000,0.272447,0.000000,0.272447,0.000000,0.272447,0.000000,
   **   ~~~   ** Supply-to-demand interface deck 1 mass flow rate check value iteration history trace: 0.000000,0.000000,0.000000,0.000000,0.000000,0.000000,0.000000,0.000000,0.000000,0.000000,
   **   ~~~   ** Air System Named = PSZ-AC_2:2 did not converge for energy
   **   ~~~   ** Check values should be zero. Most Recent values listed first.
   **   ~~~   ** Demand-to-Supply interface energy check value iteration history trace: 5772.827467,23.300851,5764.905177,46.601701,5780.749756,68.933701,5757.312297,68.690311,5780.667003,137.380622,
   **   ~~~   ** Supply-to-demand interface deck 1 energy check value iteration history trace: 0.000000,0.000000,0.000000,0.000000,0.000000,0.000000,0.000000,0.000000,0.000000,0.000000,
   **   ~~~   ** Air System Named = PSZ-AC_3:3 did not converge for mass flow rate
   **   ~~~   ** Check values should be zero. Most Recent values listed first.
   **   ~~~   ** Demand-to-Supply interface mass flow rate check value iteration history trace: 0.266935,2.220446E-016,0.262761,2.220446E-016,0.261677,2.220446E-016,0.270752,2.220446E-016,0.270752,2.220446E-016,
   **   ~~~   ** Supply-to-demand interface deck 1 mass flow rate check value iteration history trace: 0.000000,0.000000,0.000000,0.000000,0.000000,0.000000,0.000000,0.000000,0.000000,0.000000,
   **   ~~~   ** Air System Named = PSZ-AC_3:3 did not converge for energy
   **   ~~~   ** Check values should be zero. Most Recent values listed first.
   **   ~~~   ** Demand-to-Supply interface energy check value iteration history trace: 5628.915767,10.886592,5537.308568,21.773183,5521.630783,7.283149,5715.592383,41.379157,5729.661296,82.758313,
   **   ~~~   ** Supply-to-demand interface deck 1 energy check value iteration history trace: 0.000000,0.000000,0.000000,0.000000,0.000000,0.000000,0.000000,0.000000,0.000000,0.000000,
   **   ~~~   ** Air System Named = PSZ-AC_4:4 did not converge for mass flow rate
   **   ~~~   ** Check values should be zero. Most Recent values listed first.
   **   ~~~   ** Demand-to-Supply interface mass flow rate check value iteration history trace: 0.265494,0.000000,0.261335,0.000000,0.259257,0.000000,0.270760,0.000000,0.270760,0.000000,
   **   ~~~   ** Supply-to-demand interface deck 1 mass flow rate check value iteration history trace: 0.000000,0.000000,0.000000,0.000000,0.000000,0.000000,0.000000,0.000000,0.000000,0.000000,
   **   ~~~   ** Air System Named = PSZ-AC_4:4 did not converge for energy
   **   ~~~   ** Check values should be zero. Most Recent values listed first.
   **   ~~~   ** Demand-to-Supply interface energy check value iteration history trace: 5597.279555,7.592664,5507.096372,15.185329,5468.258167,14.871578,5715.929870,42.742612,5730.462358,85.485224,
   **   ~~~   ** Supply-to-demand interface deck 1 energy check value iteration history trace: 0.000000,0.000000,0.000000,0.000000,0.000000,0.000000,0.000000,0.000000,0.000000,0.000000,
   **   ~~~   ** Air System Named = PSZ-AC_5:5 did not converge for mass flow rate
   **   ~~~   ** Check values should be zero. Most Recent values listed first.
   **   ~~~   ** Demand-to-Supply interface mass flow rate check value iteration history trace: 0.271108,0.000000,0.260518,0.000000,0.264205,0.000000,0.271108,0.000000,0.271108,0.000000,
   **   ~~~   ** Supply-to-demand interface deck 1 mass flow rate check value iteration history trace: 0.000000,0.000000,0.000000,0.000000,0.000000,0.000000,0.000000,0.000000,0.000000,0.000000,
   **   ~~~   ** Air System Named = PSZ-AC_5:5 did not converge for energy
   **   ~~~   ** Check values should be zero. Most Recent values listed first.
   **   ~~~   ** Demand-to-Supply interface energy check value iteration history trace: 5729.928157,44.426550,5491.609734,88.853100,5598.764391,31.472754,5734.332447,94.785947,5766.559669,189.571894,
   **   ~~~   ** Supply-to-demand interface deck 1 energy check value iteration history trace: 0.000000,0.000000,0.000000,0.000000,0.000000,0.000000,0.000000,0.000000,0.000000,0.000000,
   **   ~~~   ** Air System Named = PSZ-AC_6:6 did not converge for mass flow rate
   **   ~~~   ** Check values should be zero. Most Recent values listed first.
   **   ~~~   ** Demand-to-Supply interface mass flow rate check value iteration history trace: 1.442419,4.440892E-016,0.000000,1.552748,0.000000,1.552748,1.095347,4.440892E-016,1.274455,4.440892E-016,
   **   ~~~   ** Supply-to-demand interface deck 1 mass flow rate check value iteration history trace: 0.000000,0.000000,0.000000,0.000000,0.000000,0.000000,0.000000,0.000000,0.000000,0.000000,
   **   ~~~   ** Air System Named = PSZ-AC_6:6 did not converge for energy
   **   ~~~   ** Check values should be zero. Most Recent values listed first.
   **   ~~~   ** Demand-to-Supply interface energy check value iteration history trace: 30549.826524,196.090699,0.000000,32690.457027,0.000000,31807.298152,22437.665099,144.740333,25987.796816,289.480665,
   **   ~~~   ** Supply-to-demand interface deck 1 energy check value iteration history trace: 0.000000,0.000000,0.000000,0.000000,0.000000,0.000000,0.000000,0.000000,0.000000,0.000000,
   **   ~~~   ** Air System Named = PSZ-AC_7:7 did not converge for mass flow rate
   **   ~~~   ** Check values should be zero. Most Recent values listed first.
   **   ~~~   ** Demand-to-Supply interface mass flow rate check value iteration history trace: 0.758527,2.220446E-016,0.734411,2.220446E-016,0.717500,2.220446E-016,0.795779,2.220446E-016,0.000000,0.801480,
   **   ~~~   ** Supply-to-demand interface deck 1 mass flow rate check value iteration history trace: 0.000000,0.000000,0.000000,0.000000,0.000000,0.000000,0.000000,0.000000,0.000000,0.000000,
   **   ~~~   ** Air System Named = PSZ-AC_7:7 did not converge for energy
   **   ~~~   ** Check values should be zero. Most Recent values listed first.
   **   ~~~   ** Demand-to-Supply interface energy check value iteration history trace: 15983.387880,2.315964E-002,15475.193252,4.631929E-002,15118.896902,61.238833,16829.169885,72.103312,0.000000,16877.625960,
   **   ~~~   ** Supply-to-demand interface deck 1 energy check value iteration history trace: 0.000000,0.000000,0.000000,0.000000,0.000000,0.000000,0.000000,0.000000,0.000000,0.000000,
   **   ~~~   ** Air System Named = PSZ-AC_9:9 did not converge for mass flow rate
   **   ~~~   ** Check values should be zero. Most Recent values listed first.
   **   ~~~   ** Demand-to-Supply interface mass flow rate check value iteration history trace: 0.741046,0.000000,0.777242,0.000000,0.770915,0.000000,0.000000,0.794487,0.707413,0.000000,
   **   ~~~   ** Supply-to-demand interface deck 1 mass flow rate check value iteration history trace: 0.000000,0.000000,0.000000,0.000000,0.000000,0.000000,0.000000,0.000000,0.000000,0.000000,
   **   ~~~   ** Air System Named = PSZ-AC_9:9 did not converge for energy
   **   ~~~   ** Check values should be zero. Most Recent values listed first.
   **   ~~~   ** Demand-to-Supply interface energy check value iteration history trace: 15662.749245,50.849218,16378.024326,101.698436,16343.381470,329.805060,0.000000,16728.416281,14895.008632,430.191950,
   **   ~~~   ** Supply-to-demand interface deck 1 energy check value iteration history trace: 0.000000,0.000000,0.000000,0.000000,0.000000,0.000000,0.000000,0.000000,0.000000,0.000000,
   ** Warning ** SimHVAC: Maximum iterations (20) exceeded for all HVAC loops, at RUNPERIOD 1, 02/06 08:03 - 08:07
   **   ~~~   ** The solution for one or more of the Air Loop HVAC systems did not appear to converge
   **   ~~~   ** Air System Named = PSZ-AC_3:3 did not converge for energy
   **   ~~~   ** Check values should be zero. Most Recent values listed first.
   **   ~~~   ** Demand-to-Supply interface energy check value iteration history trace: 36.364463,341.450098,4297.823180,2.026385E-006,36.364123,341.448221,4297.812938,2.137684E-006,36.364393,341.450058,
   **   ~~~   ** Supply-to-demand interface deck 1 energy check value iteration history trace: 0.000000,0.000000,0.000000,0.000000,0.000000,0.000000,0.000000,0.000000,0.000000,0.000000,
   **   ~~~   ** Air System Named = PSZ-AC_4:4 did not converge for energy
   **   ~~~   ** Check values should be zero. Most Recent values listed first.
   **   ~~~   ** Demand-to-Supply interface energy check value iteration history trace: 36.033711,339.173748,4270.319647,2.126517E-006,36.033367,339.171844,4270.309518,2.243304E-006,36.033636,339.173684,
   **   ~~~   ** Supply-to-demand interface deck 1 energy check value iteration history trace: 0.000000,0.000000,0.000000,0.000000,0.000000,0.000000,0.000000,0.000000,0.000000,0.000000,
   **   ~~~   ** Air System Named = PSZ-AC_5:5 did not converge for energy
   **   ~~~   ** Check values should be zero. Most Recent values listed first.
   **   ~~~   ** Demand-to-Supply interface energy check value iteration history trace: 35.744242,337.454518,4254.143633,2.211153E-006,35.744047,337.453655,4254.146479,2.332845E-006,35.744062,337.453733,
   **   ~~~   ** Supply-to-demand interface deck 1 energy check value iteration history trace: 0.000000,0.000000,0.000000,0.000000,0.000000,0.000000,0.000000,0.000000,0.000000,0.000000,
   ** Warning ** Coil control failed for AirLoopHVAC:UnitarySystem:PSZ-AC_2:2_UNITARY_PACKAGE_DX
   **   ~~~   **   sensible part-load ratio determined to be outside the range of 0-1.
   **   ~~~   ** Sensible load to be met = -3287.23 (watts), and the simulation continues.
   **   ~~~   **  Environment=RUNPERIOD 1, at Simulation time=04/16 17:00 - 17:10
   ** Warning ** Coil control failed for AirLoopHVAC:UnitarySystem:PSZ-AC_3:3_UNITARY_PACKAGE_DX
   **   ~~~   **   sensible part-load ratio determined to be outside the range of 0-1.
   **   ~~~   ** Sensible load to be met = -3554.12 (watts), and the simulation continues.
   **   ~~~   **  Environment=RUNPERIOD 1, at Simulation time=05/05 20:40 - 20:45
   ** Warning ** Coil control failed for AirLoopHVAC:UnitarySystem:PSZ-AC_6:6_UNITARY_PACKAGE_DX
   **   ~~~   **   sensible part-load ratio determined to be outside the range of 0-1.
   **   ~~~   ** Sensible load to be met = -3695.31 (watts), and the simulation continues.
   **   ~~~   **  Environment=RUNPERIOD 1, at Simulation time=05/20 18:40 - 18:50
   ** Warning ** Coil control failed for AirLoopHVAC:UnitarySystem:PSZ-AC_7:7_UNITARY_PACKAGE_DX
   **   ~~~   **   sensible part-load ratio determined to be outside the range of 0-1.
   **   ~~~   ** Sensible load to be met = -1885.15 (watts), and the simulation continues.
   **   ~~~   **  Environment=RUNPERIOD 1, at Simulation time=05/20 18:40 - 18:50
   ** Warning ** Coil control failed for AirLoopHVAC:UnitarySystem:PSZ-AC_8:8_UNITARY_PACKAGE_DX
   **   ~~~   **   sensible part-load ratio determined to be outside the range of 0-1.
   **   ~~~   ** Sensible load to be met = -3828.61 (watts), and the simulation continues.
   **   ~~~   **  Environment=RUNPERIOD 1, at Simulation time=05/20 19:10 - 19:15
   ** Warning ** Coil control failed for AirLoopHVAC:UnitarySystem:PSZ-AC_5:5_UNITARY_PACKAGE_DX
   **   ~~~   **   sensible part-load ratio determined to be outside the range of 0-1.
   **   ~~~   ** Sensible load to be met = -31.04 (watts), and the simulation continues.
   **   ~~~   **  Environment=RUNPERIOD 1, at Simulation time=05/20 19:55 - 19:60
   ** Warning ** Coil control failed for AirLoopHVAC:UnitarySystem:PSZ-AC_4:4_UNITARY_PACKAGE_DX
   **   ~~~   **   sensible part-load ratio determined to be outside the range of 0-1.
   **   ~~~   ** Sensible load to be met = -1871.20 (watts), and the simulation continues.
   **   ~~~   **  Environment=RUNPERIOD 1, at Simulation time=05/21 17:30 - 17:40
   ** Warning ** Coil control failed to converge for AirLoopHVAC:UnitarySystem:PSZ-AC_5:5_UNITARY_PACKAGE_DX
   **   ~~~   **   Iteration limit exceeded in calculating system sensible part-load ratio.
   **   ~~~   ** Sensible load to be met = -2983.98 (watts), sensible output = -2988.93 (watts), and the simulation continues.
   **   ~~~   **  Environment=RUNPERIOD 1, at Simulation time=05/23 20:27 - 20:28
   ** Warning ** Coil control failed for AirLoopHVAC:UnitarySystem:PSZ-AC_10:10_UNITARY_PACKAGE_DX
   **   ~~~   **   sensible part-load ratio determined to be outside the range of 0-1.
   **   ~~~   ** Sensible load to be met = -187.91 (watts), and the simulation continues.
   **   ~~~   **  Environment=RUNPERIOD 1, at Simulation time=05/23 20:30 - 20:40
   ** Warning ** Coil control failed for AirLoopHVAC:UnitarySystem:PSZ-AC_9:9_UNITARY_PACKAGE_DX
   **   ~~~   **   sensible part-load ratio determined to be outside the range of 0-1.
   **   ~~~   ** Sensible load to be met = -1999.31 (watts), and the simulation continues.
   **   ~~~   **  Environment=RUNPERIOD 1, at Simulation time=05/24 21:10 - 21:20
   ** Warning ** Coil control failed for AirLoopHVAC:UnitarySystem:PSZ-AC_1:1_UNITARY_PACKAGE_DX
   **   ~~~   **   sensible part-load ratio determined to be outside the range of 0-1.
   **   ~~~   ** Sensible load to be met = -8274.02 (watts), and the simulation continues.
   **   ~~~   **  Environment=RUNPERIOD 1, at Simulation time=05/24 23:30 - 23:35
   ** Warning ** Coil control failed to converge for AirLoopHVAC:UnitarySystem:PSZ-AC_10:10_UNITARY_PACKAGE_DX
   **   ~~~   **   Iteration limit exceeded in calculating system sensible part-load ratio.
   **   ~~~   ** Sensible load to be met = -2614.23 (watts), sensible output = -2607.70 (watts), and the simulation continues.
   **   ~~~   **  Environment=RUNPERIOD 1, at Simulation time=06/01 21:00 - 21:10
   ** Warning ** Coil control failed to converge for AirLoopHVAC:UnitarySystem:PSZ-AC_9:9_UNITARY_PACKAGE_DX
   **   ~~~   **   Iteration limit exceeded in calculating system sensible part-load ratio.
   **   ~~~   ** Sensible load to be met = -1101.47 (watts), sensible output = -1097.34 (watts), and the simulation continues.
   **   ~~~   **  Environment=RUNPERIOD 1, at Simulation time=06/30 00:25 - 00:28
   ** Warning ** Coil control failed to converge for AirLoopHVAC:UnitarySystem:PSZ-AC_1:1_UNITARY_PACKAGE_DX
   **   ~~~   **   Iteration limit exceeded in calculating system sensible part-load ratio.
   **   ~~~   ** Sensible load to be met = -1164.35 (watts), sensible output = -1169.65 (watts), and the simulation continues.
   **   ~~~   **  Environment=RUNPERIOD 1, at Simulation time=07/19 04:50 - 04:55
   ************* Simulation Error Summary *************
   ************* There are 21 unused schedules in input.
   ************* Use Output:Diagnostics,DisplayUnusedSchedules; to see them.
   *************
   ************* ===== Recurring Error Summary =====
   ************* The following recurring error messages occurred.
   *************
   *************  ** Warning ** SimHVAC: Exceeding Maximum iterations for all HVAC loops, during RUNPERIOD 1 continues
   *************  **   ~~~   **   This error occurred 25 total times;
   *************  **   ~~~   **   during Warmup 0 times;
   *************  **   ~~~   **   during Sizing 0 times.
   *************
   *************  ** Warning ** AirLoopHVAC:UnitarySystem "PSZ-AC_2:2_UNITARY_PACKAGE_DX" - sensible part-load ratio out of range error continues. Sensible load statistics:
   *************  **   ~~~   **   This error occurred 1591 total times;
   *************  **   ~~~   **   during Warmup 0 times;
   *************  **   ~~~   **   during Sizing 0 times.
   *************  **   ~~~   **   Max=-584.036389  Min=-6354.241678
   *************
   *************  ** Warning ** AirLoopHVAC:UnitarySystem "PSZ-AC_3:3_UNITARY_PACKAGE_DX" - sensible part-load ratio out of range error continues. Sensible load statistics:
   *************  **   ~~~   **   This error occurred 438 total times;
   *************  **   ~~~   **   during Warmup 0 times;
   *************  **   ~~~   **   during Sizing 0 times.
   *************  **   ~~~   **   Max=-596.364487  Min=-6388.74479
   *************
   *************  ** Warning ** AirLoopHVAC:UnitarySystem "PSZ-AC_6:6_UNITARY_PACKAGE_DX" - sensible part-load ratio out of range error continues. Sensible load statistics:
   *************  **   ~~~   **   This error occurred 415 total times;
   *************  **   ~~~   **   during Warmup 0 times;
   *************  **   ~~~   **   during Sizing 0 times.
   *************  **   ~~~   **   Max=-1120.64505  Min=-10541.80486
   *************
   *************  ** Warning ** AirLoopHVAC:UnitarySystem "PSZ-AC_7:7_UNITARY_PACKAGE_DX" - sensible part-load ratio out of range error continues. Sensible load statistics:
   *************  **   ~~~   **   This error occurred 404 total times;
   *************  **   ~~~   **   during Warmup 0 times;
   *************  **   ~~~   **   during Sizing 0 times.
   *************  **   ~~~   **   Max=-660.30962  Min=-5298.630179
   *************
   *************  ** Warning ** AirLoopHVAC:UnitarySystem "PSZ-AC_8:8_UNITARY_PACKAGE_DX" - sensible part-load ratio out of range error continues. Sensible load statistics:
   *************  **   ~~~   **   This error occurred 346 total times;
   *************  **   ~~~   **   during Warmup 0 times;
   *************  **   ~~~   **   during Sizing 0 times.
   *************  **   ~~~   **   Max=-664.732213  Min=-5234.893236
   *************
   *************  ** Warning ** AirLoopHVAC:UnitarySystem "PSZ-AC_5:5_UNITARY_PACKAGE_DX" - sensible part-load ratio out of range error continues. Sensible load statistics:
   *************  **   ~~~   **   This error occurred 498 total times;
   *************  **   ~~~   **   during Warmup 0 times;
   *************  **   ~~~   **   during Sizing 0 times.
   *************  **   ~~~   **   Max=-5.492792  Min=-5351.8075
   *************
   *************  ** Warning ** AirLoopHVAC:UnitarySystem "PSZ-AC_4:4_UNITARY_PACKAGE_DX" - sensible part-load ratio out of range error continues. Sensible load statistics:
   *************  **   ~~~   **   This error occurred 368 total times;
   *************  **   ~~~   **   during Warmup 0 times;
   *************  **   ~~~   **   during Sizing 0 times.
   *************  **   ~~~   **   Max=-662.661291  Min=-5778.123363
   *************
   *************  ** Warning ** AirLoopHVAC:UnitarySystem "PSZ-AC_5:5_UNITARY_PACKAGE_DX" - Iteration limit exceeded in calculating sensible part-load ratio error continues. Sensible load statistics:
   *************  **   ~~~   **   This error occurred 109 total times;
   *************  **   ~~~   **   during Warmup 0 times;
   *************  **   ~~~   **   during Sizing 0 times.
   *************  **   ~~~   **   Max=-346.912541  Min=-3757.135688
   *************
   *************  ** Warning ** AirLoopHVAC:UnitarySystem "PSZ-AC_10:10_UNITARY_PACKAGE_DX" - sensible part-load ratio out of range error continues. Sensible load statistics:
   *************  **   ~~~   **   This error occurred 155 total times;
   *************  **   ~~~   **   during Warmup 0 times;
   *************  **   ~~~   **   during Sizing 0 times.
   *************  **   ~~~   **   Max=-10.135763  Min=-3507.355747
   *************
   *************  ** Warning ** AirLoopHVAC:UnitarySystem "PSZ-AC_9:9_UNITARY_PACKAGE_DX" - sensible part-load ratio out of range error continues. Sensible load statistics:
   *************  **   ~~~   **   This error occurred 335 total times;
   *************  **   ~~~   **   during Warmup 0 times;
   *************  **   ~~~   **   during Sizing 0 times.
   *************  **   ~~~   **   Max=-56.104122  Min=-5197.897054
   *************
   *************  ** Warning ** AirLoopHVAC:UnitarySystem "PSZ-AC_1:1_UNITARY_PACKAGE_DX" - sensible part-load ratio out of range error continues. Sensible load statistics:
   *************  **   ~~~   **   This error occurred 185 total times;
   *************  **   ~~~   **   during Warmup 0 times;
   *************  **   ~~~   **   during Sizing 0 times.
   *************  **   ~~~   **   Max=-123.963444  Min=-10259.801432
   *************
   *************  ** Warning ** AirLoopHVAC:UnitarySystem "PSZ-AC_10:10_UNITARY_PACKAGE_DX" - Iteration limit exceeded in calculating sensible part-load ratio error continues. Sensible load statistics:
   *************  **   ~~~   **   This error occurred 188 total times;
   *************  **   ~~~   **   during Warmup 0 times;
   *************  **   ~~~   **   during Sizing 0 times.
   *************  **   ~~~   **   Max=-289.683897  Min=-3616.884573
   *************
   *************  ** Warning ** AirLoopHVAC:UnitarySystem "PSZ-AC_9:9_UNITARY_PACKAGE_DX" - Iteration limit exceeded in calculating sensible part-load ratio error continues. Sensible load statistics:
   *************  **   ~~~   **   This error occurred 1 total times;
   *************  **   ~~~   **   during Warmup 0 times;
   *************  **   ~~~   **   during Sizing 0 times.
   *************  **   ~~~   **   Max=-1101.475544  Min=-1101.475544
   *************
   *************  ** Warning ** AirLoopHVAC:UnitarySystem "PSZ-AC_1:1_UNITARY_PACKAGE_DX" - Iteration limit exceeded in calculating sensible part-load ratio error continues. Sensible load statistics:
   *************  **   ~~~   **   This error occurred 5 total times;
   *************  **   ~~~   **   during Warmup 0 times;
   *************  **   ~~~   **   during Sizing 0 times.
   *************  **   ~~~   **   Max=-910.524261  Min=-4585.089343
   *************
   *************
   ************* ===== Final Error Summary =====
   ************* The following error categories occurred.  Consider correcting or noting.
   ************* Nominally Unused Constructions
   ************* ..The nominally unused constructions warning is provided to alert you to potential conditions that can cause
   ************* ..extra time during simulation. Each construction is calculated by the algorithm indicated in the HeatBalanceAlgorithm
   ************* ..object. You may remove the constructions indicated (when you use the DisplayExtraWarnings option).
   *************
   ************* EnergyPlus Warmup Error Summary. During Warmup: 0 Warning; 0 Severe Errors.
   ************* EnergyPlus Sizing Error Summary. During Sizing: 2 Warning; 0 Severe Errors.
   ************* EnergyPlus Completed Successfully-- 5859 Warning; 0 Severe Errors; Elapsed Time=00hr 02min 46.13sec
