Program Version,EnergyPlus, Version 22.1.0-ed759b17ee, YMD=2026.07.28 23:58,
   ************* Beginning Zone Sizing Calculations
   ** Warning ** ProcessScheduleInput: Schedule:Constant="VAV_POD_1 MAX OA FRACTION", Blank Schedule Type Limits Name input -- will not be validated.
   ** Warning ** ProcessScheduleInput: Schedule:Constant="VAV_POD_2 MAX OA FRACTION", Blank Schedule Type Limits Name input -- will not be validated.
   ** Warning ** ProcessScheduleInput: Schedule:Constant="VAV_POD_3 MAX OA FRACTION", Blank Schedule Type Limits Name input -- will not be validated.
   ** Warning ** ProcessScheduleInput: Schedule:Constant="VAV_OTHER MAX OA FRACTION", Blank Schedule Type Limits Name input -- will not be validated.
   ** Warning ** CheckUsedConstructions: There are 29 nominally unused constructions in input.
   **   ~~~   ** Each Unused construction is shown.
   ************* Construction=AIR_WALL
   ************* Construction=DROPCEILING
   ************* Construction=OPAQUEDOOR
   ************* Construction=ATTICROOFDECK
   ************* Construction=EXT_SLAB_8IN_WITH_CARPET
   ************* Construction=EXT_SLAB_8IN
   ************* Construction=EXT_SLAB_6IN_WITH_CARPET
   ************* Construction=EXT_SLAB_6IN
   ************* Construction=INT_SLAB_FLOOR
   ************* Construction=INT_SLAB_CEILING
   ************* Construction=BASEMENT_WALL
   ************* Construction=INT_WOOD_FLOOR
   ************* Construction=EXT_SOFFIT_FLOOR
   ************* Construction=RES_ROOF
   ************* Construction=SEMIHEATED_ROOF
   ************* Construction=NONRES_EXT_WALL_MID
   ************* Construction=NONRES_EXT_WALL_TOP
   ************* Construction=RES_EXT_WALL_GRD
   ************* Construction=RES_EXT_WALL_MID
   ************* Construction=RES_EXT_WALL_TOP
   ************* Construction=SEMIHEATED_EXT_WALL_GRD
   ************* Construction=SEMIHEATED_EXT_WALL_MID
   ************* Construction=SEMIHEATED_EXT_WALL_TOP
   ************* Construction=NONRES_FLOOR
   ************* Construction=RES_FLOOR
   ************* Construction=SEMIHEATED_FLOOR
   ************* Construction=NONRES_FLOOR_CEILING
   ************* Construction=RES_FLOOR_CEILING
   ************* Construction=SEMIHEATED_FLOOR_CEILING
   ** Warning ** GetDaylightingControls: Fraction of zone or space controlled by the Daylighting reference points is < 1.0.
   **   ~~~   ** ..discovered in Daylighting:Controls="CORNER_CLASS_1_POD_1_ZN_1_FLR_1_DAYLCTRL", only 0.760 of the zone or space is controlled.
   ** Warning ** GetDaylightingControls: Fraction of zone or space controlled by the Daylighting reference points is < 1.0.
   **   ~~~   ** ..discovered in Daylighting:Controls="MULT_CLASS_1_POD_1_ZN_1_FLR_1_DAYLCTRL", only 0.560 of the zone or space is controlled.
   ** Warning ** GetDaylightingControls: Fraction of zone or space controlled by the Daylighting reference points is < 1.0.
   **   ~~~   ** ..discovered in Daylighting:Controls="CORNER_CLASS_2_POD_1_ZN_1_FLR_1_DAYLCTRL", only 0.780 of the zone or space is controlled.
   ** Warning ** GetDaylightingControls: Fraction of zone or space controlled by the Daylighting reference points is < 1.0.
   **   ~~~   ** ..discovered in Daylighting:Controls="MULT_CLASS_2_POD_1_ZN_1_FLR_1_DAYLCTRL", only 0.560 of the zone or space is controlled.
   ** Warning ** GetDaylightingControls: Fraction of zone or space controlled by the Daylighting reference points is < 1.0.
   **   ~~~   ** ..discovered in Daylighting:Controls="CORNER_CLASS_1_POD_2_ZN_1_FLR_1_DAYLCTRL", only 0.760 of the zone or space is controlled.
   ** Warning ** GetDaylightingControls: Fraction of zone or space controlled by the Daylighting reference points is < 1.0.
   **   ~~~   ** ..discovered in Daylighting:Controls="MULT_CLASS_1_POD_2_ZN_1_FLR_1_DAYLCTRL", only 0.560 of the zone or space is controlled.
   ** Warning ** GetDaylightingControls: Fraction of zone or space controlled by the Daylighting reference points is < 1.0.
   **   ~~~   ** ..discovered in Daylighting:Controls="CORNER_CLASS_2_POD_2_ZN_1_FLR_1_DAYLCTRL", only 0.760 of the zone or space is controlled.
   ** Warning ** GetDaylightingControls: Fraction of zone or space controlled by the Daylighting reference points is < 1.0.
   **   ~~~   ** ..discovered in Daylighting:Controls="MULT_CLASS_2_POD_2_ZN_1_FLR_1_DAYLCTRL", only 0.560 of the zone or space is controlled.
   ** Warning ** GetDaylightingControls: Fraction of zone or space controlled by the Daylighting reference points is < 1.0.
   **   ~~~   ** ..discovered in Daylighting:Controls="CORNER_CLASS_1_POD_3_ZN_1_FLR_1_DAYLCTRL", only 0.760 of the zone or space is controlled.
   ** Warning ** GetDaylightingControls: Fraction of zone or space controlled by the Daylighting reference points is < 1.0.
   **   ~~~   ** ..discovered in Daylighting:Controls="MULT_CLASS_1_POD_3_ZN_1_FLR_1_DAYLCTRL", only 0.280 of the zone or space is controlled.
   ** Warning ** GetDaylightingControls: Fraction of zone or space controlled by the Daylighting reference points is < 1.0.
   **   ~~~   ** ..discovered in Daylighting:Controls="CORNER_CLASS_2_POD_3_ZN_1_FLR_1_DAYLCTRL", only 0.760 of the zone or space is controlled.
   ** Warning ** GetDaylightingControls: Fraction of zone or space controlled by the Daylighting reference points is < 1.0.
   **   ~~~   ** ..discovered in Daylighting:Controls="MULT_CLASS_2_POD_3_ZN_1_FLR_1_DAYLCTRL", only 0.560 of the zone or space is controlled.
   ** Warning ** GetDaylightingControls: Fraction of zone or space controlled by the Daylighting reference points is < 1.0.
   **   ~~~   ** ..discovered in Daylighting:Controls="COMPUTER_CLASS_ZN_1_FLR_1_DAYLCTRL", only 0.560 of the zone or space is controlled.
   ** Warning ** GetDaylightingControls: Fraction of zone or space controlled by the Daylighting reference points is < 1.0.
   **   ~~~   ** ..discovered in Daylighting:Controls="LOBBY_ZN_1_FLR_1_DAYLCTRL", only 0.560 of the zone or space is controlled.
   ** Warning ** GetDaylightingControls: Fraction of zone or space controlled by the Daylighting reference points is < 1.0.
   **   ~~~   ** ..discovered in Daylighting:Controls="OFFICES_ZN_1_FLR_1_DAYLCTRL", only 0.420 of the zone or space is controlled.
   ** Warning ** GetDaylightingControls: Fraction of zone or space controlled by the Daylighting reference points is < 1.0.
   **   ~~~   ** ..discovered in Daylighting:Controls="CAFETERIA_ZN_1_FLR_1_DAYLCTRL", only 0.500 of the zone or space is controlled.
   ** Warning ** GetDaylightingControls: Fraction of zone or space controlled by the Daylighting reference points is < 1.0.
   **   ~~~   ** ..discovered in Daylighting:Controls="LIBRARY_MEDIA_CENTER_ZN_1_FLR_1_DAYLCTRL", only 0.440 of the zone or space is controlled.
   ** Warning ** GetSimpleAirModelInputs: ZoneInfiltration:DesignFlowRate="MECH_ZN_1_FLR_1_INFILTRATION", Design Flow Rate Calculation Method specifies Flow per Exterior Surface Area, but Exterior Wall Area = 0.  0 Infiltration will result.
   ************* Beginning System Sizing Calculations
   ************* Beginning Plant Sizing Calculations
   ************* SizeHVACSingleDuct: Potential issue with equipment sizing for AirTerminal:SingleDuct:VAV:Reheat = "CORNER_CLASS_1_POD_1_ZN_1_FLR_1 VAV BOX COMPONENT".
   **   ~~~   ** User-Specified Minimum Cooling Air Flow Fraction of 0.50500 [m3/s]
   **   ~~~   ** differs from Design Size Minimum Cooling Air Flow Fraction of 0.27774 [m3/s]
   **   ~~~   ** This may, or may not, indicate mismatched component sizes.
   **   ~~~   ** Verify that the value entered is intended and is consistent with other components.
   ************* SizeHVACSingleDuct: Potential issue with equipment sizing for AirTerminal:SingleDuct:VAV:Reheat = "CORNER_CLASS_1_POD_1_ZN_1_FLR_1 VAV BOX COMPONENT".
   **   ~~~   ** User-Specified Maximum Flow Fraction during Reheat of 0.50000 []
   **   ~~~   ** differs from Design Size Maximum Flow Fraction during Reheat of 0.74064 []
   **   ~~~   ** This may, or may not, indicate mismatched component sizes.
   **   ~~~   ** Verify that the value entered is intended and is consistent with other components.
   ************* SizeHVACSingleDuct: Potential issue with equipment sizing for AirTerminal:SingleDuct:VAV:Reheat = "MULT_CLASS_1_POD_1_ZN_1_FLR_1 VAV BOX COMPONENT".
   **   ~~~   ** User-Specified Minimum Cooling Air Flow Fraction of 0.62900 [m3/s]
   **   ~~~   ** differs from Design Size Minimum Cooling Air Flow Fraction of 0.44113 [m3/s]
   **   ~~~   ** This may, or may not, indicate mismatched component sizes.
   **   ~~~   ** Verify that the value entered is intended and is consistent with other components.
   ************* SizeHVACSingleDuct: Potential issue with equipment sizing for AirTerminal:SingleDuct:VAV:Reheat = "MULT_CLASS_1_POD_1_ZN_1_FLR_1 VAV BOX COMPONENT".
   **   ~~~   ** User-Specified Maximum Flow Fraction during Reheat of 0.50000 []
   **   ~~~   ** differs from Design Size Maximum Flow Fraction during Reheat of 1.00000 []
   **   ~~~   ** This may, or may not, indicate mismatched component sizes.
   **   ~~~   ** Verify that the value entered is intended and is consistent with other components.
   ************* SizeHVACSingleDuct: Potential issue with equipment sizing for AirTerminal:SingleDuct:VAV:Reheat = "CORRIDOR_POD_1_ZN_1_FLR_1 VAV BOX COMPONENT".
   **   ~~~   ** User-Specified Minimum Cooling Air Flow Fraction of 0.21300 [m3/s]
   **   ~~~   ** differs from Design Size Minimum Cooling Air Flow Fraction of 0.70161 [m3/s]
   **   ~~~   ** This may, or may not, indicate mismatched component sizes.
   **   ~~~   ** Verify that the value entered is intended and is consistent with other components.
   ************* SizeHVACSingleDuct: Potential issue with equipment sizing for AirTerminal:SingleDuct:VAV:Reheat = "CORRIDOR_POD_1_ZN_1_FLR_1 VAV BOX COMPONENT".
   **   ~~~   ** User-Specified Maximum Flow Fraction during Reheat of 0.50000 []
   **   ~~~   ** differs from Design Size Maximum Flow Fraction during Reheat of 1.00000 []
   **   ~~~   ** This may, or may not, indicate mismatched component sizes.
   **   ~~~   ** Verify that the value entered is intended and is consistent with other components.
   ************* SizeHVACSingleDuct: Potential issue with equipment sizing for AirTerminal:SingleDuct:VAV:Reheat = "CORNER_CLASS_2_POD_1_ZN_1_FLR_1 VAV BOX COMPONENT".
   **   ~~~   ** User-Specified Minimum Cooling Air Flow Fraction of 0.55800 [m3/s]
   **   ~~~   ** differs from Design Size Minimum Cooling Air Flow Fraction of 0.33431 [m3/s]
   **   ~~~   ** This may, or may not, indicate mismatched component sizes.
   **   ~~~   ** Verify that the value entered is intended and is consistent with other components.
   ************* SizeHVACSingleDuct: Potential issue with equipment sizing for AirTerminal:SingleDuct:VAV:Reheat = "CORNER_CLASS_2_POD_1_ZN_1_FLR_1 VAV BOX COMPONENT".
   **   ~~~   ** User-Specified Maximum Flow Fraction during Reheat of 0.50000 []
   **   ~~~   ** differs from Design Size Maximum Flow Fraction during Reheat of 0.89148 []
   **   ~~~   ** This may, or may not, indicate mismatched component sizes.
   **   ~~~   ** Verify that the value entered is intended and is consistent with other components.
   ************* SizeHVACSingleDuct: Potential issue with equipment sizing for AirTerminal:SingleDuct:VAV:Reheat = "MULT_CLASS_2_POD_1_ZN_1_FLR_1 VAV BOX COMPONENT".
   **   ~~~   ** User-Specified Minimum Cooling Air Flow Fraction of 0.77700 [m3/s]
   **   ~~~   ** differs from Design Size Minimum Cooling Air Flow Fraction of 0.66142 [m3/s]
   **   ~~~   ** This may, or may not, indicate mismatched component sizes.
   **   ~~~   ** Verify that the value entered is intended and is consistent with other components.
   ************* SizeHVACSingleDuct: Potential issue with equipment sizing for AirTerminal:SingleDuct:VAV:Reheat = "MULT_CLASS_2_POD_1_ZN_1_FLR_1 VAV BOX COMPONENT".
   **   ~~~   ** User-Specified Maximum Flow Fraction during Reheat of 0.50000 []
   **   ~~~   ** differs from Design Size Maximum Flow Fraction during Reheat of 1.00000 []
   **   ~~~   ** This may, or may not, indicate mismatched component sizes.
   **   ~~~   ** Verify that the value entered is intended and is consistent with other components.
   ************* SizeHVACSingleDuct: Potential issue with equipment sizing for AirTerminal:SingleDuct:VAV:Reheat = "CORNER_CLASS_1_POD_2_ZN_1_FLR_1 VAV BOX COMPONENT".
   **   ~~~   ** User-Specified Minimum Cooling Air Flow Fraction of 0.51300 [m3/s]
   **   ~~~   ** differs from Design Size Minimum Cooling Air Flow Fraction of 0.28561 [m3/s]
   **   ~~~   ** This may, or may not, indicate mismatched component sizes.
   **   ~~~   ** Verify that the value entered is intended and is consistent with other components.
   ************* SizeHVACSingleDuct: Potential issue with equipment sizing for AirTerminal:SingleDuct:VAV:Reheat = "CORNER_CLASS_1_POD_2_ZN_1_FLR_1 VAV BOX COMPONENT".
   **   ~~~   ** User-Specified Maximum Flow Fraction during Reheat of 0.50000 []
   **   ~~~   ** differs from Design Size Maximum Flow Fraction during Reheat of 0.76163 []
   **   ~~~   ** This may, or may not, indicate mismatched component sizes.
   **   ~~~   ** Verify that the value entered is intended and is consistent with other components.
   ************* SizeHVACSingleDuct: Potential issue with equipment sizing for AirTerminal:SingleDuct:VAV:Reheat = "MULT_CLASS_1_POD_2_ZN_1_FLR_1 VAV BOX COMPONENT".
   **   ~~~   ** User-Specified Minimum Cooling Air Flow Fraction of 0.64400 [m3/s]
   **   ~~~   ** differs from Design Size Minimum Cooling Air Flow Fraction of 0.46707 [m3/s]
   **   ~~~   ** This may, or may not, indicate mismatched component sizes.
   **   ~~~   ** Verify that the value entered is intended and is consistent with other components.
   ************* SizeHVACSingleDuct: Potential issue with equipment sizing for AirTerminal:SingleDuct:VAV:Reheat = "MULT_CLASS_1_POD_2_ZN_1_FLR_1 VAV BOX COMPONENT".
   **   ~~~   ** User-Specified Maximum Flow Fraction during Reheat of 0.50000 []
   **   ~~~   ** differs from Design Size Maximum Flow Fraction during Reheat of 1.00000 []
   **   ~~~   ** This may, or may not, indicate mismatched component sizes.
   **   ~~~   ** Verify that the value entered is intended and is consistent with other components.
   ************* SizeHVACSingleDuct: Potential issue with equipment sizing for AirTerminal:SingleDuct:VAV:Reheat = "CORRIDOR_POD_2_ZN_1_FLR_1 VAV BOX COMPONENT".
   **   ~~~   ** User-Specified Minimum Cooling Air Flow Fraction of 0.22400 [m3/s]
   **   ~~~   ** differs from Design Size Minimum Cooling Air Flow Fraction of 0.71179 [m3/s]
   **   ~~~   ** This may, or may not, indicate mismatched component sizes.
   **   ~~~   ** Verify that the value entered is intended and is consistent with other components.
   ************* SizeHVACSingleDuct: Potential issue with equipment sizing for AirTerminal:SingleDuct:VAV:Reheat = "CORRIDOR_POD_2_ZN_1_FLR_1 VAV BOX COMPONENT".
   **   ~~~   ** User-Specified Maximum Flow Fraction during Reheat of 0.50000 []
   **   ~~~   ** differs from Design Size Maximum Flow Fraction during Reheat of 1.00000 []
   **   ~~~   ** This may, or may not, indicate mismatched component sizes.
   **   ~~~   ** Verify that the value entered is intended and is consistent with other components.
   ************* SizeHVACSingleDuct: Potential issue with equipment sizing for AirTerminal:SingleDuct:VAV:Reheat = "CORNER_CLASS_2_POD_2_ZN_1_FLR_1 VAV BOX COMPONENT".
   **   ~~~   ** User-Specified Minimum Cooling Air Flow Fraction of 0.55800 [m3/s]
   **   ~~~   ** differs from Design Size Minimum Cooling Air Flow Fraction of 0.33373 [m3/s]
   **   ~~~   ** This may, or may not, indicate mismatched component sizes.
   **   ~~~   ** Verify that the value entered is intended and is consistent with other components.
   ************* SizeHVACSingleDuct: Potential issue with equipment sizing for AirTerminal:SingleDuct:VAV:Reheat = "CORNER_CLASS_2_POD_2_ZN_1_FLR_1 VAV BOX COMPONENT".
   **   ~~~   ** User-Specified Maximum Flow Fraction during Reheat of 0.50000 []
   **   ~~~   ** differs from Design Size Maximum Flow Fraction during Reheat of 0.88995 []
   **   ~~~   ** This may, or may not, indicate mismatched component sizes.
   **   ~~~   ** Verify that the value entered is intended and is consistent with other components.
   ************* SizeHVACSingleDuct: Potential issue with equipment sizing for AirTerminal:SingleDuct:VAV:Reheat = "MULT_CLASS_2_POD_2_ZN_1_FLR_1 VAV BOX COMPONENT".
   **   ~~~   ** User-Specified Minimum Cooling Air Flow Fraction of 0.77600 [m3/s]
   **   ~~~   ** differs from Design Size Minimum Cooling Air Flow Fraction of 0.66109 [m3/s]
   **   ~~~   ** This may, or may not, indicate mismatched component sizes.
   **   ~~~   ** Verify that the value entered is intended and is consistent with other components.
   ************* SizeHVACSingleDuct: Potential issue with equipment sizing for AirTerminal:SingleDuct:VAV:Reheat = "MULT_CLASS_2_POD_2_ZN_1_FLR_1 VAV BOX COMPONENT".
   **   ~~~   ** User-Specified Maximum Flow Fraction during Reheat of 0.50000 []
   **   ~~~   ** differs from Design Size Maximum Flow Fraction during Reheat of 1.00000 []
   **   ~~~   ** This may, or may not, indicate mismatched component sizes.
   **   ~~~   ** Verify that the value entered is intended and is consistent with other components.
   ************* SizeHVACSingleDuct: Potential issue with equipment sizing for AirTerminal:SingleDuct:VAV:Reheat = "CORNER_CLASS_1_POD_3_ZN_1_FLR_1 VAV BOX COMPONENT".
   **   ~~~   ** User-Specified Minimum Cooling Air Flow Fraction of 0.51200 [m3/s]
   **   ~~~   ** differs from Design Size Minimum Cooling Air Flow Fraction of 0.28491 [m3/s]
   **   ~~~   ** This may, or may not, indicate mismatched component sizes.
   **   ~~~   ** Verify that the value entered is intended and is consistent with other components.
   ************* SizeHVACSingleDuct: Potential issue with equipment sizing for AirTerminal:SingleDuct:VAV:Reheat = "CORNER_CLASS_1_POD_3_ZN_1_FLR_1 VAV BOX COMPONENT".
   **   ~~~   ** User-Specified Maximum Flow Fraction during Reheat of 0.50000 []
   **   ~~~   ** differs from Design Size Maximum Flow Fraction during Reheat of 0.75975 []
   **   ~~~   ** This may, or may not, indicate mismatched component sizes.
   **   ~~~   ** Verify that the value entered is intended and is consistent with other components.
   ************* SizeHVACSingleDuct: Potential issue with equipment sizing for AirTerminal:SingleDuct:VAV:Reheat = "MULT_CLASS_1_POD_3_ZN_1_FLR_1 VAV BOX COMPONENT".
   **   ~~~   ** User-Specified Minimum Cooling Air Flow Fraction of 0.64100 [m3/s]
   **   ~~~   ** differs from Design Size Minimum Cooling Air Flow Fraction of 0.46338 [m3/s]
   **   ~~~   ** This may, or may not, indicate mismatched component sizes.
   **   ~~~   ** Verify that the value entered is intended and is consistent with other components.
   ************* SizeHVACSingleDuct: Potential issue with equipment sizing for AirTerminal:SingleDuct:VAV:Reheat = "MULT_CLASS_1_POD_3_ZN_1_FLR_1 VAV BOX COMPONENT".
   **   ~~~   ** User-Specified Maximum Flow Fraction during Reheat of 0.50000 []
   **   ~~~   ** differs from Design Size Maximum Flow Fraction during Reheat of 1.00000 []
   **   ~~~   ** This may, or may not, indicate mismatched component sizes.
   **   ~~~   ** Verify that the value entered is intended and is consistent with other components.
   ************* SizeHVACSingleDuct: Potential issue with equipment sizing for AirTerminal:SingleDuct:VAV:Reheat = "CORRIDOR_POD_3_ZN_1_FLR_1 VAV BOX COMPONENT".
   **   ~~~   ** User-Specified Minimum Cooling Air Flow Fraction of 0.21900 [m3/s]
   **   ~~~   ** differs from Design Size Minimum Cooling Air Flow Fraction of 0.69789 [m3/s]
   **   ~~~   ** This may, or may not, indicate mismatched component sizes.
   **   ~~~   ** Verify that the value entered is intended and is consistent with other components.
   ************* SizeHVACSingleDuct: Potential issue with equipment sizing for AirTerminal:SingleDuct:VAV:Reheat = "CORRIDOR_POD_3_ZN_1_FLR_1 VAV BOX COMPONENT".
   **   ~~~   ** User-Specified Maximum Flow Fraction during Reheat of 0.50000 []
   **   ~~~   ** differs from Design Size Maximum Flow Fraction during Reheat of 1.00000 []
   **   ~~~   ** This may, or may not, indicate mismatched component sizes.
   **   ~~~   ** Verify that the value entered is intended and is consistent with other components.
   ************* SizeHVACSingleDuct: Potential issue with equipment sizing for AirTerminal:SingleDuct:VAV:Reheat = "CORNER_CLASS_2_POD_3_ZN_1_FLR_1 VAV BOX COMPONENT".
   **   ~~~   ** User-Specified Minimum Cooling Air Flow Fraction of 0.55000 [m3/s]
   **   ~~~   ** differs from Design Size Minimum Cooling Air Flow Fraction of 0.32401 [m3/s]
   **   ~~~   ** This may, or may not, indicate mismatched component sizes.
   **   ~~~   ** Verify that the value entered is intended and is consistent with other components.
   ************* SizeHVACSingleDuct: Potential issue with equipment sizing for AirTerminal:SingleDuct:VAV:Reheat = "CORNER_CLASS_2_POD_3_ZN_1_FLR_1 VAV BOX COMPONENT".
   **   ~~~   ** User-Specified Maximum Flow Fraction during Reheat of 0.50000 []
   **   ~~~   ** differs from Design Size Maximum Flow Fraction during Reheat of 0.86402 []
   **   ~~~   ** This may, or may not, indicate mismatched component sizes.
   **   ~~~   ** Verify that the value entered is intended and is consistent with other components.
   ************* SizeHVACSingleDuct: Potential issue with equipment sizing for AirTerminal:SingleDuct:VAV:Reheat = "MULT_CLASS_2_POD_3_ZN_1_FLR_1 VAV BOX COMPONENT".
   **   ~~~   ** User-Specified Minimum Cooling Air Flow Fraction of 0.75100 [m3/s]
   **   ~~~   ** differs from Design Size Minimum Cooling Air Flow Fraction of 0.65049 [m3/s]
   **   ~~~   ** This may, or may not, indicate mismatched component sizes.
   **   ~~~   ** Verify that the value entered is intended and is consistent with other components.
   ************* SizeHVACSingleDuct: Potential issue with equipment sizing for AirTerminal:SingleDuct:VAV:Reheat = "MULT_CLASS_2_POD_3_ZN_1_FLR_1 VAV BOX COMPONENT".
   **   ~~~   ** User-Specified Maximum Flow Fraction during Reheat of 0.50000 []
   **   ~~~   ** differs from Design Size Maximum Flow Fraction during Reheat of 1.00000 []
   **   ~~~   ** This may, or may not, indicate mismatched component sizes.
   **   ~~~   ** Verify that the value entered is intended and is consistent with other components.
   ************* SizeHVACSingleDuct: Potential issue with equipment sizing for AirTerminal:SingleDuct:VAV:Reheat = "COMPUTER_CLASS_ZN_1_FLR_1 VAV BOX COMPONENT".
   **   ~~~   ** User-Specified Maximum Flow Fraction during Reheat of 0.50000 []
   **   ~~~   ** differs from Design Size Maximum Flow Fraction during Reheat of 1.00000 []
   **   ~~~   ** This may, or may not, indicate mismatched component sizes.
   **   ~~~   ** Verify that the value entered is intended and is consistent with other components.
   ************* SizeHVACSingleDuct: Potential issue with equipment sizing for AirTerminal:SingleDuct:VAV:Reheat = "MAIN_CORRIDOR_ZN_1_FLR_1 VAV BOX COMPONENT".
   **   ~~~   ** User-Specified Minimum Cooling Air Flow Fraction of 0.30800 [m3/s]
   **   ~~~   ** differs from Design Size Minimum Cooling Air Flow Fraction of 0.89925 [m3/s]
   **   ~~~   ** This may, or may not, indicate mismatched component sizes.
   **   ~~~   ** Verify that the value entered is intended and is consistent with other components.
   ************* SizeHVACSingleDuct: Potential issue with equipment sizing for AirTerminal:SingleDuct:VAV:Reheat = "MAIN_CORRIDOR_ZN_1_FLR_1 VAV BOX COMPONENT".
   **   ~~~   ** User-Specified Maximum Flow Fraction during Reheat of 0.50000 []
   **   ~~~   ** differs from Design Size Maximum Flow Fraction during Reheat of 1.00000 []
   **   ~~~   ** This may, or may not, indicate mismatched component sizes.
   **   ~~~   ** Verify that the value entered is intended and is consistent with other components.
   ************* SizeHVACSingleDuct: Potential issue with equipment sizing for AirTerminal:SingleDuct:VAV:Reheat = "LOBBY_ZN_1_FLR_1 VAV BOX COMPONENT".
   **   ~~~   ** User-Specified Minimum Cooling Air Flow Fraction of 0.26900 [m3/s]
   **   ~~~   ** differs from Design Size Minimum Cooling Air Flow Fraction of 0.43658 [m3/s]
   **   ~~~   ** This may, or may not, indicate mismatched component sizes.
   **   ~~~   ** Verify that the value entered is intended and is consistent with other components.
   ************* SizeHVACSingleDuct: Potential issue with equipment sizing for AirTerminal:SingleDuct:VAV:Reheat = "LOBBY_ZN_1_FLR_1 VAV BOX COMPONENT".
   **   ~~~   ** User-Specified Maximum Flow Fraction during Reheat of 0.50000 []
   **   ~~~   ** differs from Design Size Maximum Flow Fraction during Reheat of 1.00000 []
   **   ~~~   ** This may, or may not, indicate mismatched component sizes.
   **   ~~~   ** Verify that the value entered is intended and is consistent with other components.
   ************* SizeHVACSingleDuct: Potential issue with equipment sizing for AirTerminal:SingleDuct:VAV:Reheat = "MECH_ZN_1_FLR_1 VAV BOX COMPONENT".
   **   ~~~   ** User-Specified Minimum Cooling Air Flow Fraction of 1.00000E-002 [m3/s]
   **   ~~~   ** differs from Design Size Minimum Cooling Air Flow Fraction of 0.86037 [m3/s]
   **   ~~~   ** This may, or may not, indicate mismatched component sizes.
   **   ~~~   ** Verify that the value entered is intended and is consistent with other components.
   ************* SizeHVACSingleDuct: Potential issue with equipment sizing for AirTerminal:SingleDuct:VAV:Reheat = "MECH_ZN_1_FLR_1 VAV BOX COMPONENT".
   **   ~~~   ** User-Specified Maximum Flow Fraction during Reheat of 0.50000 []
   **   ~~~   ** differs from Design Size Maximum Flow Fraction during Reheat of 1.00000 []
   **   ~~~   ** This may, or may not, indicate mismatched component sizes.
   **   ~~~   ** Verify that the value entered is intended and is consistent with other components.
   ************* SizeHVACSingleDuct: Potential issue with equipment sizing for AirTerminal:SingleDuct:VAV:Reheat = "BATH_ZN_1_FLR_1 VAV BOX COMPONENT".
   **   ~~~   ** User-Specified Minimum Cooling Air Flow Fraction of 1.00000E-002 [m3/s]
   **   ~~~   ** differs from Design Size Minimum Cooling Air Flow Fraction of 0.56809 [m3/s]
   **   ~~~   ** This may, or may not, indicate mismatched component sizes.
   **   ~~~   ** Verify that the value entered is intended and is consistent with other components.
   ************* SizeHVACSingleDuct: Potential issue with equipment sizing for AirTerminal:SingleDuct:VAV:Reheat = "BATH_ZN_1_FLR_1 VAV BOX COMPONENT".
   **   ~~~   ** User-Specified Maximum Flow Fraction during Reheat of 0.50000 []
   **   ~~~   ** differs from Design Size Maximum Flow Fraction during Reheat of 1.00000 []
   **   ~~~   ** This may, or may not, indicate mismatched component sizes.
   **   ~~~   ** Verify that the value entered is intended and is consistent with other components.
   ************* SizeHVACSingleDuct: Potential issue with equipment sizing for AirTerminal:SingleDuct:VAV:Reheat = "OFFICES_ZN_1_FLR_1 VAV BOX COMPONENT".
   **   ~~~   ** User-Specified Maximum Flow Fraction during Reheat of 0.50000 []
   **   ~~~   ** differs from Design Size Maximum Flow Fraction during Reheat of 1.00000 []
   **   ~~~   ** This may, or may not, indicate mismatched component sizes.
   **   ~~~   ** Verify that the value entered is intended and is consistent with other components.
   ************* SizeHVACSingleDuct: Potential issue with equipment sizing for AirTerminal:SingleDuct:VAV:Reheat = "LIBRARY_MEDIA_CENTER_ZN_1_FLR_1 VAV BOX COMPONENT".
   **   ~~~   ** User-Specified Minimum Cooling Air Flow Fraction of 0.35900 [m3/s]
   **   ~~~   ** differs from Design Size Minimum Cooling Air Flow Fraction of 0.55248 [m3/s]
   **   ~~~   ** This may, or may not, indicate mismatched component sizes.
   **   ~~~   ** Verify that the value entered is intended and is consistent with other components.
   ************* SizeHVACSingleDuct: Potential issue with equipment sizing for AirTerminal:SingleDuct:VAV:Reheat = "LIBRARY_MEDIA_CENTER_ZN_1_FLR_1 VAV BOX COMPONENT".
   **   ~~~   ** User-Specified Maximum Flow Fraction during Reheat of 0.50000 []
   **   ~~~   ** differs from Design Size Maximum Flow Fraction during Reheat of 1.00000 []
   **   ~~~   ** This may, or may not, indicate mismatched component sizes.
   **   ~~~   ** Verify that the value entered is intended and is consistent with other components.
   ** Warning ** Controller:MechanicalVentilation="VAV_POD_1_DCV", Zone OA/person rate
   **   ~~~   ** For Zone="CORNER_CLASS_1_POD_1_ZN_1_FLR_1".
   **   ~~~   ** Zone outside air per person rate not set in Design Specification Outdoor Air Object="SZ DSOA CORNER_CLASS_1_POD_1_ZN_1_FLR_1".
   ** Warning ** Controller:MechanicalVentilation="VAV_POD_1_DCV", Zone OA/person rate
   **   ~~~   ** For Zone="MULT_CLASS_1_POD_1_ZN_1_FLR_1".
   **   ~~~   ** Zone outside air per person rate not set in Design Specification Outdoor Air Object="SZ DSOA MULT_CLASS_1_POD_1_ZN_1_FLR_1".
   ** Warning ** Controller:MechanicalVentilation="VAV_POD_1_DCV", Zone OA/person rate
   **   ~~~   ** For Zone="CORRIDOR_POD_1_ZN_1_FLR_1".
   **   ~~~   ** Zone outside air per person rate not set in Design Specification Outdoor Air Object="SZ DSOA CORRIDOR_POD_1_ZN_1_FLR_1".
   ** Warning ** Controller:MechanicalVentilation="VAV_POD_1_DCV", Zone OA/person rate
   **   ~~~   ** For Zone="CORNER_CLASS_2_POD_1_ZN_1_FLR_1".
   **   ~~~   ** Zone outside air per person rate not set in Design Specification Outdoor Air Object="SZ DSOA CORNER_CLASS_2_POD_1_ZN_1_FLR_1".
   ** Warning ** Controller:MechanicalVentilation="VAV_POD_1_DCV", Zone OA/person rate
   **   ~~~   ** For Zone="MULT_CLASS_2_POD_1_ZN_1_FLR_1".
   **   ~~~   ** Zone outside air per person rate not set in Design Specification Outdoor Air Object="SZ DSOA MULT_CLASS_2_POD_1_ZN_1_FLR_1".
   ** Warning ** Controller:MechanicalVentilation="VAV_POD_2_DCV", Zone OA/person rate
   **   ~~~   ** For Zone="CORNER_CLASS_1_POD_2_ZN_1_FLR_1".
   **   ~~~   ** Zone outside air per person rate not set in Design Specification Outdoor Air Object="SZ DSOA CORNER_CLASS_1_POD_2_ZN_1_FLR_1".
   ** Warning ** Controller:MechanicalVentilation="VAV_POD_2_DCV", Zone OA/person rate
   **   ~~~   ** For Zone="MULT_CLASS_1_POD_2_ZN_1_FLR_1".
   **   ~~~   ** Zone outside air per person rate not set in Design Specification Outdoor Air Object="SZ DSOA MULT_CLASS_1_POD_2_ZN_1_FLR_1".
   ** Warning ** Controller:MechanicalVentilation="VAV_POD_2_DCV", Zone OA/person rate
   **   ~~~   ** For Zone="CORRIDOR_POD_2_ZN_1_FLR_1".
   **   ~~~   ** Zone outside air per person rate not set in Design Specification Outdoor Air Object="SZ DSOA CORRIDOR_POD_2_ZN_1_FLR_1".
   ** Warning ** Controller:MechanicalVentilation="VAV_POD_2_DCV", Zone OA/person rate
   **   ~~~   ** For Zone="CORNER_CLASS_2_POD_2_ZN_1_FLR_1".
   **   ~~~   ** Zone outside air per person rate not set in Design Specification Outdoor Air Object="SZ DSOA CORNER_CLASS_2_POD_2_ZN_1_FLR_1".
   ** Warning ** Controller:MechanicalVentilation="VAV_POD_2_DCV", Zone OA/person rate
   **   ~~~   ** For Zone="MULT_CLASS_2_POD_2_ZN_1_FLR_1".
   **   ~~~   ** Zone outside air per person rate not set in Design Specification Outdoor Air Object="SZ DSOA MULT_CLASS_2_POD_2_ZN_1_FLR_1".
   ** Warning ** Controller:MechanicalVentilation="VAV_POD_3_DCV", Zone OA/person rate
   **   ~~~   ** For Zone="CORNER_CLASS_1_POD_3_ZN_1_FLR_1".
   **   ~~~   ** Zone outside air per person rate not set in Design Specification Outdoor Air Object="SZ DSOA CORNER_CLASS_1_POD_3_ZN_1_FLR_1".
   ** Warning ** Controller:MechanicalVentilation="VAV_POD_3_DCV", Zone OA/person rate
   **   ~~~   ** For Zone="MULT_CLASS_1_POD_3_ZN_1_FLR_1".
   **   ~~~   ** Zone outside air per person rate not set in Design Specification Outdoor Air Object="SZ DSOA MULT_CLASS_1_POD_3_ZN_1_FLR_1".
   ** Warning ** Controller:MechanicalVentilation="VAV_POD_3_DCV", Zone OA/person rate
   **   ~~~   ** For Zone="CORRIDOR_POD_3_ZN_1_FLR_1".
   **   ~~~   ** Zone outside air per person rate not set in Design Specification Outdoor Air Object="SZ DSOA CORRIDOR_POD_3_ZN_1_FLR_1".
   ** Warning ** Controller:MechanicalVentilation="VAV_POD_3_DCV", Zone OA/person rate
   **   ~~~   ** For Zone="CORNER_CLASS_2_POD_3_ZN_1_FLR_1".
   **   ~~~   ** Zone outside air per person rate not set in Design Specification Outdoor Air Object="SZ DSOA CORNER_CLASS_2_POD_3_ZN_1_FLR_1".
   ** Warning ** Controller:MechanicalVentilation="VAV_POD_3_DCV", Zone OA/person rate
   **   ~~~   ** For Zone="MULT_CLASS_2_POD_3_ZN_1_FLR_1".
   **   ~~~   ** Zone outside air per person rate not set in Design Specification Outdoor Air Object="SZ DSOA MULT_CLASS_2_POD_3_ZN_1_FLR_1".
   ** Warning ** Controller:MechanicalVentilation="VAV_OTHER_DCV", Zone OA/person rate
   **   ~~~   ** For Zone="MAIN_CORRIDOR_ZN_1_FLR_1".
   **   ~~~   ** Zone outside air per person rate not set in Design Specification Outdoor Air Object="SZ DSOA MAIN_CORRIDOR_ZN_1_FLR_1".
   ** Warning ** Controller:MechanicalVentilation="VAV_OTHER_DCV", Zone OA/person rate
   **   ~~~   ** For Zone="LOBBY_ZN_1_FLR_1".
   **   ~~~   ** Zone outside air per person rate not set in Design Specification Outdoor Air Object="SZ DSOA LOBBY_ZN_1_FLR_1".
   ** Warning ** Controller:MechanicalVentilation="VAV_OTHER_DCV", Zone OA/person rate
   **   ~~~   ** For Zone="MECH_ZN_1_FLR_1".
   **   ~~~   ** Zone outside air per person rate not set in Design Specification Outdoor Air Object="SZ DSOA MECH_ZN_1_FLR_1".
   ** Warning ** Controller:MechanicalVentilation="VAV_OTHER_DCV", Zone OA/person rate
   **   ~~~   ** For Zone="BATH_ZN_1_FLR_1".
   **   ~~~   ** Zone outside air per person rate not set in Design Specification Outdoor Air Object="SZ DSOA BATH_ZN_1_FLR_1".
   ** Warning ** Controller:MechanicalVentilation="VAV_OTHER_DCV", Zone OA/person rate
   **   ~~~   ** For Zone="OFFICES_ZN_1_FLR_1".
   **   ~~~   ** Zone outside air per person rate not set in Design Specification Outdoor Air Object="SZ DSOA OFFICES_ZN_1_FLR_1".
   ** Warning ** Controller:MechanicalVentilation="VAV_OTHER_DCV", Zone OA/person rate
   **   ~~~   ** For Zone="LIBRARY_MEDIA_CENTER_ZN_1_FLR_1".
   **   ~~~   ** Zone outside air per person rate not set in Design Specification Outdoor Air Object="SZ DSOA LIBRARY_MEDIA_CENTER_ZN_1_FLR_1".
   ** Warning ** SizeDXCoil Coil:Cooling:DX:TwoSpeed VAV_POD_1 COOLING COIL
   **   ~~~   ** ...High Speed Gross Rated Total Cooling Capacity [W] will be limited by the minimum rated volume flow per rated total capacity ratio.
   **   ~~~   ** ...DX coil volume flow rate (m3/s ) = 1.929056
   **   ~~~   ** ...Requested capacity (W ) = 64282.614
   **   ~~~   ** ...Requested flow/capacity ratio (m3/s/W ) = 3.000E-005
   **   ~~~   ** ...Minimum flow/capacity ratio (m3/s/W ) = 4.027E-005
   **   ~~~   ** ...Adjusted capacity ( W ) = 47903.058
   ** Warning ** SizeDXCoil Coil:Cooling:DX:TwoSpeed VAV_POD_2 COOLING COIL
   **   ~~~   ** ...High Speed Gross Rated Total Cooling Capacity [W] will be limited by the minimum rated volume flow per rated total capacity ratio.
   **   ~~~   ** ...DX coil volume flow rate (m3/s ) = 1.874335
   **   ~~~   ** ...Requested capacity (W ) = 62459.146
   **   ~~~   ** ...Requested flow/capacity ratio (m3/s/W ) = 3.000E-005
   **   ~~~   ** ...Minimum flow/capacity ratio (m3/s/W ) = 4.027E-005
   **   ~~~   ** ...Adjusted capacity ( W ) = 46544.220
   ** Warning ** SizeDXCoil Coil:Cooling:DX:TwoSpeed VAV_POD_3 COOLING COIL
   **   ~~~   ** ...High Speed Gross Rated Total Cooling Capacity [W] will be limited by the minimum rated volume flow per rated total capacity ratio.
   **   ~~~   ** ...DX coil volume flow rate (m3/s ) = 1.762846
   **   ~~~   ** ...Requested capacity (W ) = 58768.334
   **   ~~~   ** ...Requested flow/capacity ratio (m3/s/W ) = 2.999E-005
   **   ~~~   ** ...Minimum flow/capacity ratio (m3/s/W ) = 4.027E-005
   **   ~~~   ** ...Adjusted capacity ( W ) = 43775.671
   ** Warning ** SizeDXCoil Coil:Cooling:DX:TwoSpeed VAV_OTHER COOLING COIL
   **   ~~~   ** ...High Speed Gross Rated Total Cooling Capacity [W] will be limited by the minimum rated volume flow per rated total capacity ratio.
   **   ~~~   ** ...DX coil volume flow rate (m3/s ) = 2.543504
   **   ~~~   ** ...Requested capacity (W ) = 68876.103
   **   ~~~   ** ...Requested flow/capacity ratio (m3/s/W ) = 3.692E-005
   **   ~~~   ** ...Minimum flow/capacity ratio (m3/s/W ) = 4.027E-005
   **   ~~~   ** ...Adjusted capacity ( W ) = 63161.278
   ************* SizeDXCoil: Potential issue with equipment sizing for Coil:Cooling:DX:MultiSpeed PSZ-AC_2:5 COOLING COIL
   **   ~~~   ** User-Specified Speed 2 Rated Air Flow Rate [m3/s] = 1.42465
   **   ~~~   ** differs from Design Size Speed 2 Rated Air Flow Rate [m3/s] = 0.57840
   **   ~~~   ** This may, or may not, indicate mismatched component sizes.
   **   ~~~   ** Verify that the value entered is intended and is consistent with other components.
   ************* SizeDXCoil: Potential issue with equipment sizing for Coil:Cooling:DX:MultiSpeed PSZ-AC_2:5 COOLING COIL
   **   ~~~   ** User-Specified Speed 1 Rated Air Flow Rate [m3/s] = 0.94977
   **   ~~~   ** differs from Design Size Speed 1 Rated Air Flow Rate [m3/s] = 0.28920
   **   ~~~   ** This may, or may not, indicate mismatched component sizes.
   **   ~~~   ** Verify that the value entered is intended and is consistent with other components.
   ************* SizeDXCoil: Potential issue with equipment sizing for Coil:Cooling:DX:MultiSpeed PSZ-AC_2:5 COOLING COIL
   **   ~~~   ** User-Specified Speed 2 Gross Rated Total Cooling Capacity [W] = 34378.67000
   **   ~~~   ** differs from Design Size Speed 2 Gross Rated Total Cooling Capacity [W] = 23583.01606
   **   ~~~   ** This may, or may not, indicate mismatched component sizes.
   **   ~~~   ** Verify that the value entered is intended and is consistent with other components.
   ************* SizeDXCoil: Potential issue with equipment sizing for Coil:Cooling:DX:MultiSpeed PSZ-AC_2:5 COOLING COIL
   **   ~~~   ** User-Specified Speed 1 Gross Rated Total Cooling Capacity [W] = 17189.33500
   **   ~~~   ** differs from Design Size Speed 1 Gross Rated Total Cooling Capacity [W] = 11791.50803
   **   ~~~   ** This may, or may not, indicate mismatched component sizes.
   **   ~~~   ** Verify that the value entered is intended and is consistent with other components.
   ************* SizeDXCoil: Potential issue with equipment sizing for Coil:Cooling:DX:MultiSpeed PSZ-AC_2:5 COOLING COIL
   **   ~~~   ** User-Specified Speed 2 Rated Sensible Heat Ratio = 0.71020
   **   ~~~   ** differs from Design Size Speed 2 Rated Sensible Heat Ratio = 0.60208
   **   ~~~   ** This may, or may not, indicate mismatched component sizes.
   **   ~~~   ** Verify that the value entered is intended and is consistent with other components.
   ** Warning ** The Standard Ratings is calculated for Coil:Cooling:DX:MultiSpeed = PSZ-AC_2:5 COOLING COIL but not at the AHRI test condition due to curve out of bound.
   **   ~~~   **  Review the Standard Ratings calculations in the Engineering Reference for this coil type. Also, use Output:Diagnostics, DisplayExtraWarnings for further guidance.
   **   ~~~   ** CheckCurveLimitsForStandardRatings: The max and/or min limits specified in the corresponding curve objects
   **   ~~~   **  do not include the AHRI test conditions required to calculate one or more of the Standard Rating values.
   **   ~~~   ** Coil:Cooling:DX:MultiSpeed=PSZ-AC_2:5 COOLING COIL:  The Seasonal Energy Efficiency Ratio (SEER) calculated is not at the AHRI test condition.
   **   ~~~   **  Check limits in Total Cooling Capacity Function of Temperature Curve, Curve Type = Curve:Biquadratic, Curve Name = SMDX_CAPFT
   **   ~~~   **  Check limits in Energy Input Ratio Function of Temperature Curve, Curve Type = Curve:Biquadratic, Curve Name = SMDX_EIRFT
   ** Warning ** The Standard Ratings is calculated for Coil:Cooling:DX:MultiSpeed = PSZ-AC_2:5 COOLING COIL but not at the AHRI test condition due to curve out of bound.
   **   ~~~   **  Review the Standard Ratings calculations in the Engineering Reference for this coil type. Also, use Output:Diagnostics, DisplayExtraWarnings for further guidance.
   **   ~~~   ** CheckCurveLimitsForStandardRatings: The max and/or min limits specified in the corresponding curve objects
   **   ~~~   **  do not include the AHRI test conditions required to calculate one or more of the Standard Rating values.
   **   ~~~   ** Coil:Cooling:DX:MultiSpeed=PSZ-AC_2:5 COOLING COIL:  The Seasonal Energy Efficiency Ratio (SEER) calculated is not at the AHRI test condition.
   **   ~~~   **  Check limits in Total Cooling Capacity Function of Temperature Curve, Curve Type = Curve:Biquadratic, Curve Name = SMDX_CAPFT
   **   ~~~   **  Check limits in Energy Input Ratio Function of Temperature Curve, Curve Type = Curve:Biquadratic, Curve Name = SMDX_EIRFT
   ************* SizeDXCoil: Potential issue with equipment sizing for Coil:Cooling:DX:MultiSpeed PSZ-AC_1:6 COOLING COIL
   **   ~~~   ** User-Specified Speed 2 Rated Air Flow Rate [m3/s] = 1.33562
   **   ~~~   ** differs from Design Size Speed 2 Rated Air Flow Rate [m3/s] = 0.79143
   **   ~~~   ** This may, or may not, indicate mismatched component sizes.
   **   ~~~   ** Verify that the value entered is intended and is consistent with other components.
   ************* SizeDXCoil: Potential issue with equipment sizing for Coil:Cooling:DX:MultiSpeed PSZ-AC_1:6 COOLING COIL
   **   ~~~   ** User-Specified Speed 1 Rated Air Flow Rate [m3/s] = 0.89041
   **   ~~~   ** differs from Design Size Speed 1 Rated Air Flow Rate [m3/s] = 0.39571
   **   ~~~   ** This may, or may not, indicate mismatched component sizes.
   **   ~~~   ** Verify that the value entered is intended and is consistent with other components.
   ************* SizeDXCoil: Potential issue with equipment sizing for Coil:Cooling:DX:MultiSpeed PSZ-AC_1:6 COOLING COIL
   **   ~~~   ** User-Specified Speed 2 Gross Rated Total Cooling Capacity [W] = 30109.76000
   **   ~~~   ** differs from Design Size Speed 2 Gross Rated Total Cooling Capacity [W] = 22109.25343
   **   ~~~   ** This may, or may not, indicate mismatched component sizes.
   **   ~~~   ** Verify that the value entered is intended and is consistent with other components.
   ************* SizeDXCoil: Potential issue with equipment sizing for Coil:Cooling:DX:MultiSpeed PSZ-AC_1:6 COOLING COIL
   **   ~~~   ** User-Specified Speed 1 Gross Rated Total Cooling Capacity [W] = 15054.88000
   **   ~~~   ** differs from Design Size Speed 1 Gross Rated Total Cooling Capacity [W] = 11054.62672
   **   ~~~   ** This may, or may not, indicate mismatched component sizes.
   **   ~~~   ** Verify that the value entered is intended and is consistent with other components.
   ** Warning ** The Standard Ratings is calculated for Coil:Cooling:DX:MultiSpeed = PSZ-AC_1:6 COOLING COIL but not at the AHRI test condition due to curve out of bound.
   **   ~~~   **  Review the Standard Ratings calculations in the Engineering Reference for this coil type. Also, use Output:Diagnostics, DisplayExtraWarnings for further guidance.
   **   ~~~   ** CheckCurveLimitsForStandardRatings: The max and/or min limits specified in the corresponding curve objects
   **   ~~~   **  do not include the AHRI test conditions required to calculate one or more of the Standard Rating values.
   **   ~~~   ** Coil:Cooling:DX:MultiSpeed=PSZ-AC_1:6 COOLING COIL:  The Seasonal Energy Efficiency Ratio (SEER) calculated is not at the AHRI test condition.
   **   ~~~   **  Check limits in Total Cooling Capacity Function of Temperature Curve, Curve Type = Curve:Biquadratic, Curve Name = SMDX_CAPFT
   **   ~~~   **  Check limits in Energy Input Ratio Function of Temperature Curve, Curve Type = Curve:Biquadratic, Curve Name = SMDX_EIRFT
   ** Warning ** The Standard Ratings is calculated for Coil:Cooling:DX:MultiSpeed = PSZ-AC_1:6 COOLING COIL but not at the AHRI test condition due to curve out of bound.
   **   ~~~   **  Review the Standard Ratings calculations in the Engineering Reference for this coil type. Also, use Output:Diagnostics, DisplayExtraWarnings for further guidance.
   **   ~~~   ** CheckCurveLimitsForStandardRatings: The max and/or min limits specified in the corresponding curve objects
   **   ~~~   **  do not include the AHRI test conditions required to calculate one or more of the Standard Rating values.
   **   ~~~   ** Coil:Cooling:DX:MultiSpeed=PSZ-AC_1:6 COOLING COIL:  The Seasonal Energy Efficiency Ratio (SEER) calculated is not at the AHRI test condition.
   **   ~~~   **  Check limits in Total Cooling Capacity Function of Temperature Curve, Curve Type = Curve:Biquadratic, Curve Name = SMDX_CAPFT
   **   ~~~   **  Check limits in Energy Input Ratio Function of Temperature Curve, Curve Type = Curve:Biquadratic, Curve Name = SMDX_EIRFT
   ************* SizeDXCoil: Potential issue with equipment sizing for Coil:Cooling:DX:MultiSpeed PSZ-AC_2:7 COOLING COIL
   **   ~~~   ** User-Specified Speed 2 Rated Air Flow Rate [m3/s] = 2.24728
   **   ~~~   ** differs from Design Size Speed 2 Rated Air Flow Rate [m3/s] = 0.44161
   **   ~~~   ** This may, or may not, indicate mismatched component sizes.
   **   ~~~   ** Verify that the value entered is intended and is consistent with other components.
   ************* SizeDXCoil: Potential issue with equipment sizing for Coil:Cooling:DX:MultiSpeed PSZ-AC_2:7 COOLING COIL
   **   ~~~   ** User-Specified Speed 1 Rated Air Flow Rate [m3/s] = 1.49819
   **   ~~~   ** differs from Design Size Speed 1 Rated Air Flow Rate [m3/s] = 0.22081
   **   ~~~   ** This may, or may not, indicate mismatched component sizes.
   **   ~~~   ** Verify that the value entered is intended and is consistent with other components.
   ************* SizeDXCoil: Potential issue with equipment sizing for Coil:Cooling:DX:MultiSpeed PSZ-AC_2:7 COOLING COIL
   **   ~~~   ** User-Specified Speed 2 Gross Rated Total Cooling Capacity [W] = 55805.42000
   **   ~~~   ** differs from Design Size Speed 2 Gross Rated Total Cooling Capacity [W] = 37200.46350
   **   ~~~   ** This may, or may not, indicate mismatched component sizes.
   **   ~~~   ** Verify that the value entered is intended and is consistent with other components.
   ************* SizeDXCoil: Potential issue with equipment sizing for Coil:Cooling:DX:MultiSpeed PSZ-AC_2:7 COOLING COIL
   **   ~~~   ** User-Specified Speed 1 Gross Rated Total Cooling Capacity [W] = 27902.71000
   **   ~~~   ** differs from Design Size Speed 1 Gross Rated Total Cooling Capacity [W] = 18600.23175
   **   ~~~   ** This may, or may not, indicate mismatched component sizes.
   **   ~~~   ** Verify that the value entered is intended and is consistent with other components.
   ** Warning ** The Standard Ratings is calculated for Coil:Cooling:DX:MultiSpeed = PSZ-AC_2:7 COOLING COIL but not at the AHRI test condition due to curve out of bound.
   **   ~~~   **  Review the Standard Ratings calculations in the Engineering Reference for this coil type. Also, use Output:Diagnostics, DisplayExtraWarnings for further guidance.
   **   ~~~   ** CheckCurveLimitsForStandardRatings: The max and/or min limits specified in the corresponding curve objects
   **   ~~~   **  do not include the AHRI test conditions required to calculate one or more of the Standard Rating values.
   **   ~~~   ** Coil:Cooling:DX:MultiSpeed=PSZ-AC_2:7 COOLING COIL:  The Seasonal Energy Efficiency Ratio (SEER) calculated is not at the AHRI test condition.
   **   ~~~   **  Check limits in Total Cooling Capacity Function of Temperature Curve, Curve Type = Curve:Biquadratic, Curve Name = SMDX_CAPFT
   **   ~~~   **  Check limits in Energy Input Ratio Function of Temperature Curve, Curve Type = Curve:Biquadratic, Curve Name = SMDX_EIRFT
   ** Warning ** The Standard Ratings is calculated for Coil:Cooling:DX:MultiSpeed = PSZ-AC_2:7 COOLING COIL but not at the AHRI test condition due to curve out of bound.
   **   ~~~   **  Review the Standard Ratings calculations in the Engineering Reference for this coil type. Also, use Output:Diagnostics, DisplayExtraWarnings for further guidance.
   **   ~~~   ** CheckCurveLimitsForStandardRatings: The max and/or min limits specified in the corresponding curve objects
   **   ~~~   **  do not include the AHRI test conditions required to calculate one or more of the Standard Rating values.
   **   ~~~   ** Coil:Cooling:DX:MultiSpeed=PSZ-AC_2:7 COOLING COIL:  The Seasonal Energy Efficiency Ratio (SEER) calculated is not at the AHRI test condition.
   **   ~~~   **  Check limits in Total Cooling Capacity Function of Temperature Curve, Curve Type = Curve:Biquadratic, Curve Name = SMDX_CAPFT
   **   ~~~   **  Check limits in Energy Input Ratio Function of Temperature Curve, Curve Type = Curve:Biquadratic, Curve Name = SMDX_EIRFT
   ************* SizeBoilerHotWater: Potential issue with equipment sizing for HEATSYS1 BOILER
   **   ~~~   ** User-Specified Nominal Capacity of 463277.42 [W]
   **   ~~~   ** differs from Design Size Nominal Capacity of 290483.35 [W]
   **   ~~~   ** This may, or may not, indicate mismatched component sizes.
   **   ~~~   ** Verify that the value entered is intended and is consistent with other components.
   ** Warning ** For zone=KITCHEN_ZN_1_FLR_1 return air cooling by refrigerated cases will be applied to the zone air.
   **   ~~~   **   This zone has no return air or is served by an on/off HVAC system.
   ** Warning ** DetermineMeterIPUnits: Meter units not recognized for IP Units conversion=[].
   **   ~~~   ** ..on Meter:Custom="WIRED_LTG_ELECTRICITY".
   **   ~~~   ** ..requests for IP units from this meter will be ignored.
   ** Warning ** Output:Meter: invalid Key Name="DISTRICTHEATING:FACILITY" - not found.
   ** Warning ** Output:Meter: invalid Key Name="DISTRICTCOOLING:FACILITY" - not found.
   ************* Testing Individual Branch Integrity
   ************* All Branches passed integrity testing
   ************* Testing Individual Supply Air Path Integrity
   ************* All Supply Air Paths passed integrity testing
   ************* Testing Individual Return Air Path Integrity
   ************* All Return Air Paths passed integrity testing
   ************* No node connection errors were found.
   ************* Beginning Simulation
   ** Warning ** Coil:Cooling:DX:MultiSpeed "PSZ-AC_1:6 COOLING COIL" - Air volume flow rate per watt of rated total cooling capacity is out of range at speed 2.
   **   ~~~   **  During Warmup, Environment=RUNPERIOD 1, at Simulation time=01/01 10:35 - 10:40
   **   ~~~   ** Expected range for VolumeFlowPerRatedTotalCapacity=[2.684E-005--6.713E-005] Current value is 2.467E-005 m3/s/W
   **   ~~~   ** Possible causes include inconsistent air flow rates in system components or
   **   ~~~   ** inconsistent supply air fan operation modes in coil and unitary system objects.
   ** Warning ** In Output:Table:Monthly 'SpaceGainsMonthly' invalid Variable or Meter Name 'ZONE HOT WATER EQUIPMENT TOTAL HEATING ENERGY'
   ** Warning ** In Output:Table:Monthly 'SpaceGainsMonthly' invalid Variable or Meter Name 'ZONE STEAM EQUIPMENT TOTAL HEATING ENERGY'
   ** Warning ** In Output:Table:Monthly 'SpaceGainsMonthly' invalid Variable or Meter Name 'ZONE OTHER EQUIPMENT TOTAL HEATING ENERGY'
   ** Warning ** In Output:Table:Monthly 'PeakSpaceGainsMonthly' invalid Variable or Meter Name 'ZONE HOT WATER EQUIPMENT TOTAL HEATING ENERGY'
   ** Warning ** In Output:Table:Monthly 'PeakSpaceGainsMonthly' invalid Variable or Meter Name 'ZONE STEAM EQUIPMENT TOTAL HEATING ENERGY'
   ** Warning ** In Output:Table:Monthly 'PeakSpaceGainsMonthly' invalid Variable or Meter Name 'ZONE OTHER EQUIPMENT TOTAL HEATING ENERGY'
   ** Warning ** In Output:Table:Monthly 'SpaceGainComponentsAtCoolingPeakMonthly' invalid Variable or Meter Name 'ZONE HOT WATER EQUIPMENT TOTAL HEATING ENERGY'
   ** Warning ** In Output:Table:Monthly 'SpaceGainComponentsAtCoolingPeakMonthly' invalid Variable or Meter Name 'ZONE STEAM EQUIPMENT TOTAL HEATING ENERGY'
   ** Warning ** In Output:Table:Monthly 'SpaceGainComponentsAtCoolingPeakMonthly' invalid Variable or Meter Name 'ZONE OTHER EQUIPMENT TOTAL HEATING ENERGY'
   ** Warning ** In Output:Table:Monthly 'EnergyConsumptionElectricityGeneratedPropaneMonthly' invalid Variable or Meter Name 'ELECTRICITYPRODUCED:FACILITY'
   ** Warning ** In Output:Table:Monthly 'EnergyConsumptionElectricityGeneratedPropaneMonthly' invalid Variable or Meter Name 'ELECTRICITYPRODUCED:FACILITY'
   ** Warning ** In Output:Table:Monthly 'EnergyConsumptionElectricityGeneratedPropaneMonthly' invalid Variable or Meter Name 'PROPANE:FACILITY'
   ** Warning ** In Output:Table:Monthly 'EnergyConsumptionElectricityGeneratedPropaneMonthly' invalid Variable or Meter Name 'PROPANE:FACILITY'
   ** Warning ** In Output:Table:Monthly 'EnergyConsumptionDieselFuelOilMonthly' invalid Variable or Meter Name 'DIESEL:FACILITY'
   ** Warning ** In Output:Table:Monthly 'EnergyConsumptionDieselFuelOilMonthly' invalid Variable or Meter Name 'DIESEL:FACILITY'
   ** Warning ** In Output:Table:Monthly 'EnergyConsumptionDieselFuelOilMonthly' invalid Variable or Meter Name 'FUELOILNO1:FACILITY'
   ** Warning ** In Output:Table:Monthly 'EnergyConsumptionDieselFuelOilMonthly' invalid Variable or Meter Name 'FUELOILNO1:FACILITY'
   ** Warning ** In Output:Table:Monthly 'EnergyConsumptionDieselFuelOilMonthly' invalid Variable or Meter Name 'FUELOILNO2:FACILITY'
   ** Warning ** In Output:Table:Monthly 'EnergyConsumptionDieselFuelOilMonthly' invalid Variable or Meter Name 'FUELOILNO2:FACILITY'
   ** Warning ** In Output:Table:Monthly 'EnergyConsumptionDistrictHeatingCoolingMonthly' invalid Variable or Meter Name 'DISTRICTCOOLING:FACILITY'
   ** Warning ** In Output:Table:Monthly 'EnergyConsumptionDistrictHeatingCoolingMonthly' invalid Variable or Meter Name 'DISTRICTCOOLING:FACILITY'
   ** Warning ** In Output:Table:Monthly 'EnergyConsumptionDistrictHeatingCoolingMonthly' invalid Variable or Meter Name 'DISTRICTHEATING:FACILITY'
   ** Warning ** In Output:Table:Monthly 'EnergyConsumptionDistrictHeatingCoolingMonthly' invalid Variable or Meter Name 'DISTRICTHEATING:FACILITY'
   ** Warning ** In Output:Table:Monthly 'EnergyConsumptionCoalGasolineMonthly' invalid Variable or Meter Name 'COAL:FACILITY'
   ** Warning ** In Output:Table:Monthly 'EnergyConsumptionCoalGasolineMonthly' invalid Variable or Meter Name 'COAL:FACILITY'
   ** Warning ** In Output:Table:Monthly 'EnergyConsumptionCoalGasolineMonthly' invalid Variable or Meter Name 'GASOLINE:FACILITY'
   ** Warning ** In Output:Table:Monthly 'EnergyConsumptionCoalGasolineMonthly' invalid Variable or Meter Name 'GASOLINE:FACILITY'
   ** Warning ** In Output:Table:Monthly 'EnergyConsumptionOtherFuelsMonthly' invalid Variable or Meter Name 'OTHERFUEL1:FACILITY'
   ** Warning ** In Output:Table:Monthly 'EnergyConsumptionOtherFuelsMonthly' invalid Variable or Meter Name 'OTHERFUEL1:FACILITY'
   ** Warning ** In Output:Table:Monthly 'EnergyConsumptionOtherFuelsMonthly' invalid Variable or Meter Name 'OTHERFUEL2:FACILITY'
   ** Warning ** In Output:Table:Monthly 'EnergyConsumptionOtherFuelsMonthly' invalid Variable or Meter Name 'OTHERFUEL2:FACILITY'
   ** Warning ** In Output:Table:Monthly 'EndUseEnergyConsumptionElectricityMonthly' invalid Variable or Meter Name 'HEATREJECTION:ELECTRICITY'
   ** Warning ** In Output:Table:Monthly 'EndUseEnergyConsumptionElectricityMonthly' invalid Variable or Meter Name 'HUMIDIFIER:ELECTRICITY'
   ** Warning ** In Output:Table:Monthly 'EndUseEnergyConsumptionElectricityMonthly' invalid Variable or Meter Name 'COGENERATION:ELECTRICITY'
   ** Warning ** In Output:Table:Monthly 'EndUseEnergyConsumptionNaturalGasMonthly' invalid Variable or Meter Name 'EXTERIOREQUIPMENT:NATURALGAS'
   ** Warning ** In Output:Table:Monthly 'EndUseEnergyConsumptionNaturalGasMonthly' invalid Variable or Meter Name 'COOLING:NATURALGAS'
   ** Warning ** In Output:Table:Monthly 'EndUseEnergyConsumptionNaturalGasMonthly' invalid Variable or Meter Name 'COGENERATION:NATURALGAS'
   ** Warning ** In Output:Table:Monthly 'EndUseEnergyConsumptionNaturalGasMonthly' invalid Variable or Meter Name 'HUMIDIFIER:NATURALGAS'
   ** Warning ** In Output:Table:Monthly 'EndUseEnergyConsumptionDieselMonthly' invalid Variable or Meter Name 'EXTERIOREQUIPMENT:DIESEL'
   ** Warning ** In Output:Table:Monthly 'EndUseEnergyConsumptionDieselMonthly' invalid Variable or Meter Name 'COOLING:DIESEL'
   ** Warning ** In Output:Table:Monthly 'EndUseEnergyConsumptionDieselMonthly' invalid Variable or Meter Name 'HEATING:DIESEL'
   ** Warning ** In Output:Table:Monthly 'EndUseEnergyConsumptionDieselMonthly' invalid Variable or Meter Name 'WATERSYSTEMS:DIESEL'
   ** Warning ** In Output:Table:Monthly 'EndUseEnergyConsumptionDieselMonthly' invalid Variable or Meter Name 'COGENERATION:DIESEL'
   ** Warning ** In Output:Table:Monthly 'EndUseEnergyConsumptionFuelOilMonthly' invalid Variable or Meter Name 'EXTERIOREQUIPMENT:FUELOILNO1'
   ** Warning ** In Output:Table:Monthly 'EndUseEnergyConsumptionFuelOilMonthly' invalid Variable or Meter Name 'COOLING:FUELOILNO1'
   ** Warning ** In Output:Table:Monthly 'EndUseEnergyConsumptionFuelOilMonthly' invalid Variable or Meter Name 'HEATING:FUELOILNO1'
   ** Warning ** In Output:Table:Monthly 'EndUseEnergyConsumptionFuelOilMonthly' invalid Variable or Meter Name 'WATERSYSTEMS:FUELOILNO1'
   ** Warning ** In Output:Table:Monthly 'EndUseEnergyConsumptionFuelOilMonthly' invalid Variable or Meter Name 'COGENERATION:FUELOILNO1'
   ** Warning ** In Output:Table:Monthly 'EndUseEnergyConsumptionFuelOilMonthly' invalid Variable or Meter Name 'EXTERIOREQUIPMENT:FUELOILNO2'
   ** Warning ** In Output:Table:Monthly 'EndUseEnergyConsumptionFuelOilMonthly' invalid Variable or Meter Name 'COOLING:FUELOILNO2'
   ** Warning ** In Output:Table:Monthly 'EndUseEnergyConsumptionFuelOilMonthly' invalid Variable or Meter Name 'HEATING:FUELOILNO2'
   ** Warning ** In Output:Table:Monthly 'EndUseEnergyConsumptionFuelOilMonthly' invalid Variable or Meter Name 'WATERSYSTEMS:FUELOILNO2'
   ** Warning ** In Output:Table:Monthly 'EndUseEnergyConsumptionFuelOilMonthly' invalid Variable or Meter Name 'COGENERATION:FUELOILNO2'
   ** Warning ** In Output:Table:Monthly 'EndUseEnergyConsumptionCoalMonthly' invalid Variable or Meter Name 'EXTERIOREQUIPMENT:COAL'
   ** Warning ** In Output:Table:Monthly 'EndUseEnergyConsumptionCoalMonthly' invalid Variable or Meter Name 'HEATING:COAL'
   ** Warning ** In Output:Table:Monthly 'EndUseEnergyConsumptionCoalMonthly' invalid Variable or Meter Name 'WATERSYSTEMS:COAL'
   ** Warning ** In Output:Table:Monthly 'EndUseEnergyConsumptionPropaneMonthly' invalid Variable or Meter Name 'EXTERIOREQUIPMENT:PROPANE'
   ** Warning ** In Output:Table:Monthly 'EndUseEnergyConsumptionPropaneMonthly' invalid Variable or Meter Name 'COOLING:PROPANE'
   ** Warning ** In Output:Table:Monthly 'EndUseEnergyConsumptionPropaneMonthly' invalid Variable or Meter Name 'HEATING:PROPANE'
   ** Warning ** In Output:Table:Monthly 'EndUseEnergyConsumptionPropaneMonthly' invalid Variable or Meter Name 'WATERSYSTEMS:PROPANE'
   ** Warning ** In Output:Table:Monthly 'EndUseEnergyConsumptionPropaneMonthly' invalid Variable or Meter Name 'COGENERATION:PROPANE'
   ** Warning ** In Output:Table:Monthly 'EndUseEnergyConsumptionPropaneMonthly' invalid Variable or Meter Name 'HUMIDIFIER:PROPANE'
   ** Warning ** In Output:Table:Monthly 'EndUseEnergyConsumptionGasolineMonthly' invalid Variable or Meter Name 'EXTERIOREQUIPMENT:GASOLINE'
   ** Warning ** In Output:Table:Monthly 'EndUseEnergyConsumptionGasolineMonthly' invalid Variable or Meter Name 'COOLING:GASOLINE'
   ** Warning ** In Output:Table:Monthly 'EndUseEnergyConsumptionGasolineMonthly' invalid Variable or Meter Name 'HEATING:GASOLINE'
   ** Warning ** In Output:Table:Monthly 'EndUseEnergyConsumptionGasolineMonthly' invalid Variable or Meter Name 'WATERSYSTEMS:GASOLINE'
   ** Warning ** In Output:Table:Monthly 'EndUseEnergyConsumptionGasolineMonthly' invalid Variable or Meter Name 'COGENERATION:GASOLINE'
   ** Warning ** In Output:Table:Monthly 'EndUseEnergyConsumptionOtherFuelsMonthly' invalid Variable or Meter Name 'EXTERIOREQUIPMENT:OTHERFUEL1'
   ** Warning ** In Output:Table:Monthly 'EndUseEnergyConsumptionOtherFuelsMonthly' invalid Variable or Meter Name 'COOLING:OTHERFUEL1'
   ** Warning ** In Output:Table:Monthly 'EndUseEnergyConsumptionOtherFuelsMonthly' invalid Variable or Meter Name 'HEATING:OTHERFUEL1'
   ** Warning ** In Output:Table:Monthly 'EndUseEnergyConsumptionOtherFuelsMonthly' invalid Variable or Meter Name 'WATERSYSTEMS:OTHERFUEL1'
   ** Warning ** In Output:Table:Monthly 'EndUseEnergyConsumptionOtherFuelsMonthly' invalid Variable or Meter Name 'COGENERATION:OTHERFUEL1'
   ** Warning ** In Output:Table:Monthly 'EndUseEnergyConsumptionOtherFuelsMonthly' invalid Variable or Meter Name 'EXTERIOREQUIPMENT:OTHERFUEL2'
   ** Warning ** In Output:Table:Monthly 'EndUseEnergyConsumptionOtherFuelsMonthly' invalid Variable or Meter Name 'COOLING:OTHERFUEL2'
   ** Warning ** In Output:Table:Monthly 'EndUseEnergyConsumptionOtherFuelsMonthly' invalid Variable or Meter Name 'HEATING:OTHERFUEL2'
   ** Warning ** In Output:Table:Monthly 'EndUseEnergyConsumptionOtherFuelsMonthly' invalid Variable or Meter Name 'WATERSYSTEMS:OTHERFUEL2'
   ** Warning ** In Output:Table:Monthly 'EndUseEnergyConsumptionOtherFuelsMonthly' invalid Variable or Meter Name 'COGENERATION:OTHERFUEL2'
   ** Warning ** In Output:Table:Monthly 'PeakEnergyEndUseElectricityPart2Monthly' invalid Variable or Meter Name 'HEATREJECTION:ELECTRICITY'
   ** Warning ** In Output:Table:Monthly 'PeakEnergyEndUseElectricityPart2Monthly' invalid Variable or Meter Name 'HUMIDIFIER:ELECTRICITY'
   ** Warning ** In Output:Table:Monthly 'PeakEnergyEndUseElectricityPart2Monthly' invalid Variable or Meter Name 'COGENERATION:ELECTRICITY'
   ** Warning ** In Output:Table:Monthly 'ElectricComponentsOfPeakDemandMonthly' invalid Variable or Meter Name 'HEATREJECTION:ELECTRICITY'
   ** Warning ** In Output:Table:Monthly 'PeakEnergyEndUseNaturalGasMonthly' invalid Variable or Meter Name 'EXTERIOREQUIPMENT:NATURALGAS'
   ** Warning ** In Output:Table:Monthly 'PeakEnergyEndUseNaturalGasMonthly' invalid Variable or Meter Name 'COOLING:NATURALGAS'
   ** Warning ** In Output:Table:Monthly 'PeakEnergyEndUseNaturalGasMonthly' invalid Variable or Meter Name 'COGENERATION:NATURALGAS'
   ** Warning ** In Output:Table:Monthly 'PeakEnergyEndUseDieselMonthly' invalid Variable or Meter Name 'EXTERIOREQUIPMENT:DIESEL'
   ** Warning ** In Output:Table:Monthly 'PeakEnergyEndUseDieselMonthly' invalid Variable or Meter Name 'COOLING:DIESEL'
   ** Warning ** In Output:Table:Monthly 'PeakEnergyEndUseDieselMonthly' invalid Variable or Meter Name 'HEATING:DIESEL'
   ** Warning ** In Output:Table:Monthly 'PeakEnergyEndUseDieselMonthly' invalid Variable or Meter Name 'WATERSYSTEMS:DIESEL'
   ** Warning ** In Output:Table:Monthly 'PeakEnergyEndUseDieselMonthly' invalid Variable or Meter Name 'COGENERATION:DIESEL'
   ** Warning ** In Output:Table:Monthly 'PeakEnergyEndUseFuelOilMonthly' invalid Variable or Meter Name 'EXTERIOREQUIPMENT:FUELOILNO1'
   ** Warning ** In Output:Table:Monthly 'PeakEnergyEndUseFuelOilMonthly' invalid Variable or Meter Name 'COOLING:FUELOILNO1'
   ** Warning ** In Output:Table:Monthly 'PeakEnergyEndUseFuelOilMonthly' invalid Variable or Meter Name 'HEATING:FUELOILNO1'
   ** Warning ** In Output:Table:Monthly 'PeakEnergyEndUseFuelOilMonthly' invalid Variable or Meter Name 'WATERSYSTEMS:FUELOILNO1'
   ** Warning ** In Output:Table:Monthly 'PeakEnergyEndUseFuelOilMonthly' invalid Variable or Meter Name 'COGENERATION:FUELOILNO1'
   ** Warning ** In Output:Table:Monthly 'PeakEnergyEndUseFuelOilMonthly' invalid Variable or Meter Name 'EXTERIOREQUIPMENT:FUELOILNO2'
   ** Warning ** In Output:Table:Monthly 'PeakEnergyEndUseFuelOilMonthly' invalid Variable or Meter Name 'COOLING:FUELOILNO2'
   ** Warning ** In Output:Table:Monthly 'PeakEnergyEndUseFuelOilMonthly' invalid Variable or Meter Name 'HEATING:FUELOILNO2'
   ** Warning ** In Output:Table:Monthly 'PeakEnergyEndUseFuelOilMonthly' invalid Variable or Meter Name 'WATERSYSTEMS:FUELOILNO2'
   ** Warning ** In Output:Table:Monthly 'PeakEnergyEndUseFuelOilMonthly' invalid Variable or Meter Name 'COGENERATION:FUELOILNO2'
   ** Warning ** In Output:Table:Monthly 'PeakEnergyEndUseCoalMonthly' invalid Variable or Meter Name 'EXTERIOREQUIPMENT:COAL'
   ** Warning ** In Output:Table:Monthly 'PeakEnergyEndUseCoalMonthly' invalid Variable or Meter Name 'HEATING:COAL'
   ** Warning ** In Output:Table:Monthly 'PeakEnergyEndUseCoalMonthly' invalid Variable or Meter Name 'WATERSYSTEMS:COAL'
   ** Warning ** In Output:Table:Monthly 'PeakEnergyEndUsePropaneMonthly' invalid Variable or Meter Name 'EXTERIOREQUIPMENT:PROPANE'
   ** Warning ** In Output:Table:Monthly 'PeakEnergyEndUsePropaneMonthly' invalid Variable or Meter Name 'COOLING:PROPANE'
   ** Warning ** In Output:Table:Monthly 'PeakEnergyEndUsePropaneMonthly' invalid Variable or Meter Name 'HEATING:PROPANE'
   ** Warning ** In Output:Table:Monthly 'PeakEnergyEndUsePropaneMonthly' invalid Variable or Meter Name 'WATERSYSTEMS:PROPANE'
   ** Warning ** In Output:Table:Monthly 'PeakEnergyEndUsePropaneMonthly' invalid Variable or Meter Name 'COGENERATION:PROPANE'
   ** Warning ** In Output:Table:Monthly 'PeakEnergyEndUseGasolineMonthly' invalid Variable or Meter Name 'EXTERIOREQUIPMENT:GASOLINE'
   ** Warning ** In Output:Table:Monthly 'PeakEnergyEndUseGasolineMonthly' invalid Variable or Meter Name 'COOLING:GASOLINE'
   ** Warning ** In Output:Table:Monthly 'PeakEnergyEndUseGasolineMonthly' invalid Variable or Meter Name 'HEATING:GASOLINE'
   ** Warning ** In Output:Table:Monthly 'PeakEnergyEndUseGasolineMonthly' invalid Variable or Meter Name 'WATERSYSTEMS:GASOLINE'
   ** Warning ** In Output:Table:Monthly 'PeakEnergyEndUseGasolineMonthly' invalid Variable or Meter Name 'COGENERATION:GASOLINE'
   ** Warning ** In Output:Table:Monthly 'PeakEnergyEndUseOtherFuelsMonthly' invalid Variable or Meter Name 'EXTERIOREQUIPMENT:OTHERFUEL1'
   ** Warning ** In Output:Table:Monthly 'PeakEnergyEndUseOtherFuelsMonthly' invalid Variable or Meter Name 'COOLING:OTHERFUEL1'
   ** Warning ** In Output:Table:Monthly 'PeakEnergyEndUseOtherFuelsMonthly' invalid Variable or Meter Name 'HEATING:OTHERFUEL1'
   ** Warning ** In Output:Table:Monthly 'PeakEnergyEndUseOtherFuelsMonthly' invalid Variable or Meter Name 'WATERSYSTEMS:OTHERFUEL1'
   ** Warning ** In Output:Table:Monthly 'PeakEnergyEndUseOtherFuelsMonthly' invalid Variable or Meter Name 'COGENERATION:OTHERFUEL1'
   ** Warning ** In Output:Table:Monthly 'PeakEnergyEndUseOtherFuelsMonthly' invalid Variable or Meter Name 'EXTERIOREQUIPMENT:OTHERFUEL2'
   ** Warning ** In Output:Table:Monthly 'PeakEnergyEndUseOtherFuelsMonthly' invalid Variable or Meter Name 'COOLING:OTHERFUEL2'
   ** Warning ** In Output:Table:Monthly 'PeakEnergyEndUseOtherFuelsMonthly' invalid Variable or Meter Name 'HEATING:OTHERFUEL2'
   ** Warning ** In Output:Table:Monthly 'PeakEnergyEndUseOtherFuelsMonthly' invalid Variable or Meter Name 'WATERSYSTEMS:OTHERFUEL2'
   ** Warning ** In Output:Table:Monthly 'PeakEnergyEndUseOtherFuelsMonthly' invalid Variable or Meter Name 'COGENERATION:OTHERFUEL2'
   ** Warning ** In Output:Table:Monthly 'UnglazedTranspiredSolarCollectorSummaryMonthly' invalid Variable or Meter Name 'SOLAR COLLECTOR SYSTEM EFFICIENCY'
   ** Warning ** In Output:Table:Monthly 'UnglazedTranspiredSolarCollectorSummaryMonthly' invalid Variable or Meter Name 'SOLAR COLLECTOR SYSTEM EFFICIENCY'
   ** Warning ** In Output:Table:Monthly 'UnglazedTranspiredSolarCollectorSummaryMonthly' invalid Variable or Meter Name 'SOLAR COLLECTOR OUTSIDE FACE SUCTION VELOCITY'
   ** Warning ** In Output:Table:Monthly 'UnglazedTranspiredSolarCollectorSummaryMonthly' invalid Variable or Meter Name 'SOLAR COLLECTOR SENSIBLE HEATING RATE'
   ** Warning ** In Output:Table:Monthly 'ChillerReportMonthly' invalid Variable or Meter Name 'CHILLER ELECTRICITY ENERGY'
   ** Warning ** In Output:Table:Monthly 'ChillerReportMonthly' invalid Variable or Meter Name 'CHILLER ELECTRICITY RATE'
   ** Warning ** In Output:Table:Monthly 'ChillerReportMonthly' invalid Variable or Meter Name 'CHILLER ELECTRICITY ENERGY'
   ** Warning ** In Output:Table:Monthly 'ChillerReportMonthly' invalid Variable or Meter Name 'CHILLER EVAPORATOR COOLING ENERGY'
   ** Warning ** In Output:Table:Monthly 'ChillerReportMonthly' invalid Variable or Meter Name 'CHILLER EVAPORATOR COOLING RATE'
   ** Warning ** In Output:Table:Monthly 'ChillerReportMonthly' invalid Variable or Meter Name 'CHILLER CONDENSER HEAT TRANSFER ENERGY'
   ** Warning ** In Output:Table:Monthly 'ChillerReportMonthly' invalid Variable or Meter Name 'CHILLER COP'
   ** Warning ** In Output:Table:Monthly 'ChillerReportMonthly' invalid Variable or Meter Name 'CHILLER COP'
   ** Warning ** In Output:Table:Monthly 'ChillerReportMonthly' invalid Variable or Meter Name 'CHILLER PART LOAD RATIO'
   ** Warning ** In Output:Table:Monthly 'ChillerReportMonthly' invalid Variable or Meter Name 'CHILLER PART LOAD RATIO'
   ** Warning ** In Output:Table:Monthly 'TowerReportMonthly' invalid Variable or Meter Name 'COOLING TOWER FAN ELECTRICITY ENERGY'
   ** Warning ** In Output:Table:Monthly 'TowerReportMonthly' invalid Variable or Meter Name 'COOLING TOWER FAN ELECTRICITY ENERGY'
   ** Warning ** In Output:Table:Monthly 'TowerReportMonthly' invalid Variable or Meter Name 'COOLING TOWER FAN ELECTRICITY RATE'
   ** Warning ** In Output:Table:Monthly 'TowerReportMonthly' invalid Variable or Meter Name 'COOLING TOWER HEAT TRANSFER RATE'
   ** Warning ** In Output:Table:Monthly 'TowerReportMonthly' invalid Variable or Meter Name 'COOLING TOWER INLET TEMPERATURE'
   ** Warning ** In Output:Table:Monthly 'TowerReportMonthly' invalid Variable or Meter Name 'COOLING TOWER OUTLET TEMPERATURE'
   ** Warning ** In Output:Table:Monthly 'TowerReportMonthly' invalid Variable or Meter Name 'COOLING TOWER MASS FLOW RATE'
   ** Warning ** In Output:Table:Monthly 'BoilerReportMonthly' invalid Variable or Meter Name 'BOILER GAS CONSUMPTION'
   ** Warning ** In Output:Table:Monthly 'BoilerReportMonthly' invalid Variable or Meter Name 'BOILER GAS CONSUMPTION RATE'
   ** Warning ** In Output:Table:Monthly 'WindowACReportMonthly' invalid Variable or Meter Name 'ZONE WINDOW AIR CONDITIONER TOTAL COOLING ENERGY'
   ** Warning ** In Output:Table:Monthly 'WindowACReportMonthly' invalid Variable or Meter Name 'ZONE WINDOW AIR CONDITIONER ELECTRICITY ENERGY'
   ** Warning ** In Output:Table:Monthly 'WindowACReportMonthly' invalid Variable or Meter Name 'ZONE WINDOW AIR CONDITIONER TOTAL COOLING ENERGY'
   ** Warning ** In Output:Table:Monthly 'WindowACReportMonthly' invalid Variable or Meter Name 'ZONE WINDOW AIR CONDITIONER SENSIBLE COOLING ENERGY'
   ** Warning ** In Output:Table:Monthly 'WindowACReportMonthly' invalid Variable or Meter Name 'ZONE WINDOW AIR CONDITIONER LATENT COOLING ENERGY'
   ** Warning ** In Output:Table:Monthly 'WindowACReportMonthly' invalid Variable or Meter Name 'ZONE WINDOW AIR CONDITIONER TOTAL COOLING RATE'
   ** Warning ** In Output:Table:Monthly 'WindowACReportMonthly' invalid Variable or Meter Name 'ZONE WINDOW AIR CONDITIONER SENSIBLE COOLING RATE'
   ** Warning ** In Output:Table:Monthly 'WindowACReportMonthly' invalid Variable or Meter Name 'ZONE WINDOW AIR CONDITIONER LATENT COOLING RATE'
   ** Warning ** In Output:Table:Monthly 'WindowACReportMonthly' invalid Variable or Meter Name 'ZONE WINDOW AIR CONDITIONER ELECTRICITY RATE'
   ** Warning ** In Output:Table:Monthly 'WaterHeaterReportMonthly' invalid Variable or Meter Name 'WATER HEATER BURNER HEATING ENERGY'
   ** Warning ** In Output:Table:Monthly 'WaterHeaterReportMonthly' invalid Variable or Meter Name 'WATER HEATER GAS CONSUMPTION'
   ** Warning ** In Output:Table:Monthly 'WaterHeaterReportMonthly' invalid Variable or Meter Name 'WATER HEATER LOSS DEMAND ENERGY'
   ** Warning ** In Output:Table:Monthly 'WaterHeaterReportMonthly' invalid Variable or Meter Name 'WATER HEATER HEAT RECOVERY SUPPLY ENERGY'
   ** Warning ** In Output:Table:Monthly 'WaterHeaterReportMonthly' invalid Variable or Meter Name 'WATER HEATER SOURCE ENERGY'
   ** Warning ** In Output:Table:Monthly 'GeneratorReportMonthly' invalid Variable or Meter Name 'GENERATOR PRODUCED AC ELECTRICITY ENERGY'
   ** Warning ** In Output:Table:Monthly 'GeneratorReportMonthly' invalid Variable or Meter Name 'GENERATOR DIESEL CONSUMPTION'
   ** Warning ** In Output:Table:Monthly 'GeneratorReportMonthly' invalid Variable or Meter Name 'GENERATOR GAS CONSUMPTION'
   ** Warning ** In Output:Table:Monthly 'GeneratorReportMonthly' invalid Variable or Meter Name 'GENERATOR PRODUCED AC ELECTRICITY ENERGY'
   ** Warning ** In Output:Table:Monthly 'GeneratorReportMonthly' invalid Variable or Meter Name 'GENERATOR TOTAL HEAT RECOVERY'
   ** Warning ** In Output:Table:Monthly 'GeneratorReportMonthly' invalid Variable or Meter Name 'GENERATOR JACKET HEAT RECOVERY ENERGY'
   ** Warning ** In Output:Table:Monthly 'GeneratorReportMonthly' invalid Variable or Meter Name 'GENERATOR LUBE HEAT RECOVERY'
   ** Warning ** In Output:Table:Monthly 'GeneratorReportMonthly' invalid Variable or Meter Name 'GENERATOR EXHAUST HEAT RECOVERY ENERGY'
   ** Warning ** In Output:Table:Monthly 'GeneratorReportMonthly' invalid Variable or Meter Name 'GENERATOR EXHAUST AIR TEMPERATURE'
   ** Warning ** In Output:Table:Monthly 'CoilReportMonthly' invalid Variable or Meter Name 'COOLING COIL WETTED AREA FRACTION'
   ** Warning ** In Output:Table:Monthly 'AirLoopSystemEnergyAndWaterUseMonthly' invalid Variable or Meter Name 'AIR SYSTEM NATURAL GAS ENERGY'
   ** Warning ** In Output:Table:Monthly 'AirLoopSystemComponentEnergyUseMonthly' invalid Variable or Meter Name 'AIR SYSTEM HEATING COIL NATURAL GAS ENERGY'
   ** Warning ** In Output:Table:Monthly 'AirLoopSystemComponentEnergyUseMonthly' invalid Variable or Meter Name 'AIR SYSTEM HUMIDIFIER NATURAL GAS ENERGY'
   ** Warning ** Processing Monthly Tabular Reports: SpaceGainsMonthly
   **   ~~~   ** ..Variable name=ZONE HOT WATER EQUIPMENT TOTAL HEATING ENERGY not valid for this simulation.
   **   ~~~   ** ..Variables not valid for this simulation will have "[Invalid/Undefined]" in the Units Column of the Table Report.
   ** Warning ** Processing Monthly Tabular Reports: SpaceGainsMonthly
   **   ~~~   ** ..Variable name=ZONE STEAM EQUIPMENT TOTAL HEATING ENERGY not valid for this simulation.
   ** Warning ** Processing Monthly Tabular Reports: SpaceGainsMonthly
   **   ~~~   ** ..Variable name=ZONE OTHER EQUIPMENT TOTAL HEATING ENERGY not valid for this simulation.
   ** Warning ** Processing Monthly Tabular Reports: SpaceGainsMonthly
   **   ~~~   ** ..Variable name=ZONE GAS EQUIPMENT TOTAL HEATING ENERGY not valid for this simulation.
   **   ~~~   ** ..i.e., Variable name=CORNER_CLASS_1_POD_1_ZN_1_FLR_1:ZONE GAS EQUIPMENT TOTAL HEATING ENERGY not valid for this simulation.
   ** Warning ** Processing Monthly Tabular Reports: SpaceGainsMonthly
   **   ~~~   ** ..Variable name=ZONE HOT WATER EQUIPMENT TOTAL HEATING ENERGY not valid for this simulation.
   **   ~~~   ** ..i.e., Variable name=CORNER_CLASS_1_POD_1_ZN_1_FLR_1:ZONE HOT WATER EQUIPMENT TOTAL HEATING ENERGY not valid for this simulation.
   ** Warning ** Processing Monthly Tabular Reports: SpaceGainsMonthly
   **   ~~~   ** ..Variable name=ZONE STEAM EQUIPMENT TOTAL HEATING ENERGY not valid for this simulation.
   **   ~~~   ** ..i.e., Variable name=CORNER_CLASS_1_POD_1_ZN_1_FLR_1:ZONE STEAM EQUIPMENT TOTAL HEATING ENERGY not valid for this simulation.
   ** Warning ** Processing Monthly Tabular Reports: SpaceGainsMonthly
   **   ~~~   ** ..Variable name=ZONE OTHER EQUIPMENT TOTAL HEATING ENERGY not valid for this simulation.
   **   ~~~   ** ..i.e., Variable name=CORNER_CLASS_1_POD_1_ZN_1_FLR_1:ZONE OTHER EQUIPMENT TOTAL HEATING ENERGY not valid for this simulation.
   ** Warning ** Processing Monthly Tabular Reports: SpaceGainsMonthly
   **   ~~~   ** ..Variable name=ZONE GAS EQUIPMENT TOTAL HEATING ENERGY not valid for this simulation.
   **   ~~~   ** ..i.e., Variable name=MULT_CLASS_1_POD_1_ZN_1_FLR_1:ZONE GAS EQUIPMENT TOTAL HEATING ENERGY not valid for this simulation.
   ** Warning ** Processing Monthly Tabular Reports: SpaceGainsMonthly
   **   ~~~   ** ..Variable name=ZONE HOT WATER EQUIPMENT TOTAL HEATING ENERGY not valid for this simulation.
   **   ~~~   ** ..i.e., Variable name=MULT_CLASS_1_POD_1_ZN_1_FLR_1:ZONE HOT WATER EQUIPMENT TOTAL HEATING ENERGY not valid for this simulation.
   ** Warning ** Processing Monthly Tabular Reports: SpaceGainsMonthly
   **   ~~~   ** ..Variable name=ZONE STEAM EQUIPMENT TOTAL HEATING ENERGY not valid for this simulation.
   **   ~~~   ** ..i.e., Variable name=MULT_CLASS_1_POD_1_ZN_1_FLR_1:ZONE STEAM EQUIPMENT TOTAL HEATING ENERGY not valid for this simulation.
   ** Warning ** Processing Monthly Tabular Reports: SpaceGainsMonthly
   **   ~~~   ** ..Variable name=ZONE OTHER EQUIPMENT TOTAL HEATING ENERGY not valid for this simulation.
   **   ~~~   ** ..i.e., Variable name=MULT_CLASS_1_POD_1_ZN_1_FLR_1:ZONE OTHER EQUIPMENT TOTAL HEATING ENERGY not valid for this simulation.
   ** Warning ** Processing Monthly Tabular Reports: SpaceGainsMonthly
   **   ~~~   ** ..Variable name=ZONE GAS EQUIPMENT TOTAL HEATING ENERGY not valid for this simulation.
   **   ~~~   ** ..i.e., Variable name=CORRIDOR_POD_1_ZN_1_FLR_1:ZONE GAS EQUIPMENT TOTAL HEATING ENERGY not valid for this simulation.
   ** Warning ** Processing Monthly Tabular Reports: SpaceGainsMonthly
   **   ~~~   ** ..Variable name=ZONE HOT WATER EQUIPMENT TOTAL HEATING ENERGY not valid for this simulation.
   **   ~~~   ** ..i.e., Variable name=CORRIDOR_POD_1_ZN_1_FLR_1:ZONE HOT WATER EQUIPMENT TOTAL HEATING ENERGY not valid for this simulation.
   ** Warning ** Processing Monthly Tabular Reports: SpaceGainsMonthly
   **   ~~~   ** ..Variable name=ZONE STEAM EQUIPMENT TOTAL HEATING ENERGY not valid for this simulation.
   **   ~~~   ** ..i.e., Variable name=CORRIDOR_POD_1_ZN_1_FLR_1:ZONE STEAM EQUIPMENT TOTAL HEATING ENERGY not valid for this simulation.
   ** Warning ** Processing Monthly Tabular Reports: SpaceGainsMonthly
   **   ~~~   ** ..Variable name=ZONE OTHER EQUIPMENT TOTAL HEATING ENERGY not valid for this simulation.
   **   ~~~   ** ..i.e., Variable name=CORRIDOR_POD_1_ZN_1_FLR_1:ZONE OTHER EQUIPMENT TOTAL HEATING ENERGY not valid for this simulation.
   ** Warning ** Processing Monthly Tabular Reports: SpaceGainsMonthly
   **   ~~~   ** ..Variable name=ZONE GAS EQUIPMENT TOTAL HEATING ENERGY not valid for this simulation.
   **   ~~~   ** ..i.e., Variable name=CORNER_CLASS_2_POD_1_ZN_1_FLR_1:ZONE GAS EQUIPMENT TOTAL HEATING ENERGY not valid for this simulation.
   ** Warning ** Processing Monthly Tabular Reports: SpaceGainsMonthly
   **   ~~~   ** ..Variable name=ZONE HOT WATER EQUIPMENT TOTAL HEATING ENERGY not valid for this simulation.
   **   ~~~   ** ..i.e., Variable name=CORNER_CLASS_2_POD_1_ZN_1_FLR_1:ZONE HOT WATER EQUIPMENT TOTAL HEATING ENERGY not valid for this simulation.
   ** Warning ** Processing Monthly Tabular Reports: SpaceGainsMonthly
   **   ~~~   ** ..Variable name=ZONE STEAM EQUIPMENT TOTAL HEATING ENERGY not valid for this simulation.
   **   ~~~   ** ..i.e., Variable name=CORNER_CLASS_2_POD_1_ZN_1_FLR_1:ZONE STEAM EQUIPMENT TOTAL HEATING ENERGY not valid for this simulation.
   ** Warning ** Processing Monthly Tabular Reports: SpaceGainsMonthly
   **   ~~~   ** ..Variable name=ZONE OTHER EQUIPMENT TOTAL HEATING ENERGY not valid for this simulation.
   **   ~~~   ** ..i.e., Variable name=CORNER_CLASS_2_POD_1_ZN_1_FLR_1:ZONE OTHER EQUIPMENT TOTAL HEATING ENERGY not valid for this simulation.
   ** Warning ** Processing Monthly Tabular Reports: SpaceGainsMonthly
   **   ~~~   ** ..Variable name=ZONE GAS EQUIPMENT TOTAL HEATING ENERGY not valid for this simulation.
   **   ~~~   ** ..i.e., Variable name=MULT_CLASS_2_POD_1_ZN_1_FLR_1:ZONE GAS EQUIPMENT TOTAL HEATING ENERGY not valid for this simulation.
   ** Warning ** Processing Monthly Tabular Reports: SpaceGainsMonthly
   **   ~~~   ** ..Variable name=ZONE HOT WATER EQUIPMENT TOTAL HEATING ENERGY not valid for this simulation.
   **   ~~~   ** ..i.e., Variable name=MULT_CLASS_2_POD_1_ZN_1_FLR_1:ZONE HOT WATER EQUIPMENT TOTAL HEATING ENERGY not valid for this simulation.
   ** Warning ** Processing Monthly Tabular Reports: SpaceGainsMonthly
   **   ~~~   ** ..Variable name=ZONE STEAM EQUIPMENT TOTAL HEATING ENERGY not valid for this simulation.
   **   ~~~   ** ..i.e., Variable name=MULT_CLASS_2_POD_1_ZN_1_FLR_1:ZONE STEAM EQUIPMENT TOTAL HEATING ENERGY not valid for this simulation.
   ** Warning ** Processing Monthly Tabular Reports: SpaceGainsMonthly
   **   ~~~   ** ..Variable name=ZONE OTHER EQUIPMENT TOTAL HEATING ENERGY not valid for this simulation.
   **   ~~~   ** ..i.e., Variable name=MULT_CLASS_2_POD_1_ZN_1_FLR_1:ZONE OTHER EQUIPMENT TOTAL HEATING ENERGY not valid for this simulation.
   ** Warning ** Processing Monthly Tabular Reports: SpaceGainsMonthly
   **   ~~~   ** ..Variable name=ZONE GAS EQUIPMENT TOTAL HEATING ENERGY not valid for this simulation.
   **   ~~~   ** ..i.e., Variable name=CORNER_CLASS_1_POD_2_ZN_1_FLR_1:ZONE GAS EQUIPMENT TOTAL HEATING ENERGY not valid for this simulation.
   ** Warning ** Processing Monthly Tabular Reports: SpaceGainsMonthly
   **   ~~~   ** ..Variable name=ZONE HOT WATER EQUIPMENT TOTAL HEATING ENERGY not valid for this simulation.
   **   ~~~   ** ..i.e., Variable name=CORNER_CLASS_1_POD_2_ZN_1_FLR_1:ZONE HOT WATER EQUIPMENT TOTAL HEATING ENERGY not valid for this simulation.
   ** Warning ** Processing Monthly Tabular Reports: SpaceGainsMonthly
   **   ~~~   ** ..Variable name=ZONE STEAM EQUIPMENT TOTAL HEATING ENERGY not valid for this simulation.
   **   ~~~   ** ..i.e., Variable name=CORNER_CLASS_1_POD_2_ZN_1_FLR_1:ZONE STEAM EQUIPMENT TOTAL HEATING ENERGY not valid for this simulation.
   ** Warning ** Processing Monthly Tabular Reports: SpaceGainsMonthly
   **   ~~~   ** ..Variable name=ZONE OTHER EQUIPMENT TOTAL HEATING ENERGY not valid for this simulation.
   **   ~~~   ** ..i.e., Variable name=CORNER_CLASS_1_POD_2_ZN_1_FLR_1:ZONE OTHER EQUIPMENT TOTAL HEATING ENERGY not valid for this simulation.
   ** Warning ** Processing Monthly Tabular Reports: SpaceGainsMonthly
   **   ~~~   ** ..Variable name=ZONE GAS EQUIPMENT TOTAL HEATING ENERGY not valid for this simulation.
   **   ~~~   ** ..i.e., Variable name=MULT_CLASS_1_POD_2_ZN_1_FLR_1:ZONE GAS EQUIPMENT TOTAL HEATING ENERGY not valid for this simulation.
   ** Warning ** Processing Monthly Tabular Reports: SpaceGainsMonthly
   **   ~~~   ** ..Variable name=ZONE HOT WATER EQUIPMENT TOTAL HEATING ENERGY not valid for this simulation.
   **   ~~~   ** ..i.e., Variable name=MULT_CLASS_1_POD_2_ZN_1_FLR_1:ZONE HOT WATER EQUIPMENT TOTAL HEATING ENERGY not valid for this simulation.
   ** Warning ** Processing Monthly Tabular Reports: SpaceGainsMonthly
   **   ~~~   ** ..Variable name=ZONE STEAM EQUIPMENT TOTAL HEATING ENERGY not valid for this simulation.
   **   ~~~   ** ..i.e., Variable name=MULT_CLASS_1_POD_2_ZN_1_FLR_1:ZONE STEAM EQUIPMENT TOTAL HEATING ENERGY not valid for this simulation.
   ** Warning ** Processing Monthly Tabular Reports: SpaceGainsMonthly
   **   ~~~   ** ..Variable name=ZONE OTHER EQUIPMENT TOTAL HEATING ENERGY not valid for this simulation.
   **   ~~~   ** ..i.e., Variable name=MULT_CLASS_1_POD_2_ZN_1_FLR_1:ZONE OTHER EQUIPMENT TOTAL HEATING ENERGY not valid for this simulation.
   ** Warning ** Processing Monthly Tabular Reports: SpaceGainsMonthly
   **   ~~~   ** ..Variable name=ZONE GAS EQUIPMENT TOTAL HEATING ENERGY not valid for this simulation.
   **   ~~~   ** ..i.e., Variable name=CORRIDOR_POD_2_ZN_1_FLR_1:ZONE GAS EQUIPMENT TOTAL HEATING ENERGY not valid for this simulation.
   ** Warning ** Processing Monthly Tabular Reports: SpaceGainsMonthly
   **   ~~~   ** ..Variable name=ZONE HOT WATER EQUIPMENT TOTAL HEATING ENERGY not valid for this simulation.
   **   ~~~   ** ..i.e., Variable name=CORRIDOR_POD_2_ZN_1_FLR_1:ZONE HOT WATER EQUIPMENT TOTAL HEATING ENERGY not valid for this simulation.
   ** Warning ** Processing Monthly Tabular Reports: SpaceGainsMonthly
   **   ~~~   ** ..Variable name=ZONE STEAM EQUIPMENT TOTAL HEATING ENERGY not valid for this simulation.
   **   ~~~   ** ..i.e., Variable name=CORRIDOR_POD_2_ZN_1_FLR_1:ZONE STEAM EQUIPMENT TOTAL HEATING ENERGY not valid for this simulation.
   ** Warning ** Processing Monthly Tabular Reports: SpaceGainsMonthly
   **   ~~~   ** ..Variable name=ZONE OTHER EQUIPMENT TOTAL HEATING ENERGY not valid for this simulation.
   **   ~~~   ** ..i.e., Variable name=CORRIDOR_POD_2_ZN_1_FLR_1:ZONE OTHER EQUIPMENT TOTAL HEATING ENERGY not valid for this simulation.
   ** Warning ** Processing Monthly Tabular Reports: SpaceGainsMonthly
   **   ~~~   ** ..Variable name=ZONE GAS EQUIPMENT TOTAL HEATING ENERGY not valid for this simulation.
   **   ~~~   ** ..i.e., Variable name=CORNER_CLASS_2_POD_2_ZN_1_FLR_1:ZONE GAS EQUIPMENT TOTAL HEATING ENERGY not valid for this simulation.
   ** Warning ** Processing Monthly Tabular Reports: SpaceGainsMonthly
   **   ~~~   ** ..Variable name=ZONE HOT WATER EQUIPMENT TOTAL HEATING ENERGY not valid for this simulation.
   **   ~~~   ** ..i.e., Variable name=CORNER_CLASS_2_POD_2_ZN_1_FLR_1:ZONE HOT WATER EQUIPMENT TOTAL HEATING ENERGY not valid for this simulation.
   ** Warning ** Processing Monthly Tabular Reports: SpaceGainsMonthly
   **   ~~~   ** ..Variable name=ZONE STEAM EQUIPMENT TOTAL HEATING ENERGY not valid for this simulation.
   **   ~~~   ** ..i.e., Variable name=CORNER_CLASS_2_POD_2_ZN_1_FLR_1:ZONE STEAM EQUIPMENT TOTAL HEATING ENERGY not valid for this simulation.
   ** Warning ** Processing Monthly Tabular Reports: SpaceGainsMonthly
   **   ~~~   ** ..Variable name=ZONE OTHER EQUIPMENT TOTAL HEATING ENERGY not valid for this simulation.
   **   ~~~   ** ..i.e., Variable name=CORNER_CLASS_2_POD_2_ZN_1_FLR_1:ZONE OTHER EQUIPMENT TOTAL HEATING ENERGY not valid for this simulation.
   ** Warning ** Processing Monthly Tabular Reports: SpaceGainsMonthly
   **   ~~~   ** ..Variable name=ZONE GAS EQUIPMENT TOTAL HEATING ENERGY not valid for this simulation.
   **   ~~~   ** ..i.e., Variable name=MULT_CLASS_2_POD_2_ZN_1_FLR_1:ZONE GAS EQUIPMENT TOTAL HEATING ENERGY not valid for this simulation.
   ** Warning ** Processing Monthly Tabular Reports: SpaceGainsMonthly
   **   ~~~   ** ..Variable name=ZONE HOT WATER EQUIPMENT TOTAL HEATING ENERGY not valid for this simulation.
   **   ~~~   ** ..i.e., Variable name=MULT_CLASS_2_POD_2_ZN_1_FLR_1:ZONE HOT WATER EQUIPMENT TOTAL HEATING ENERGY not valid for this simulation.
   ** Warning ** Processing Monthly Tabular Reports: SpaceGainsMonthly
   **   ~~~   ** ..Variable name=ZONE STEAM EQUIPMENT TOTAL HEATING ENERGY not valid for this simulation.
   **   ~~~   ** ..i.e., Variable name=MULT_CLASS_2_POD_2_ZN_1_FLR_1:ZONE STEAM EQUIPMENT TOTAL HEATING ENERGY not valid for this simulation.
   ** Warning ** Processing Monthly Tabular Reports: SpaceGainsMonthly
   **   ~~~   ** ..Variable name=ZONE OTHER EQUIPMENT TOTAL HEATING ENERGY not valid for this simulation.
   **   ~~~   ** ..i.e., Variable name=MULT_CLASS_2_POD_2_ZN_1_FLR_1:ZONE OTHER EQUIPMENT TOTAL HEATING ENERGY not valid for this simulation.
   ** Warning ** Processing Monthly Tabular Reports: SpaceGainsMonthly
   **   ~~~   ** ..Variable name=ZONE GAS EQUIPMENT TOTAL HEATING ENERGY not valid for this simulation.
   **   ~~~   ** ..i.e., Variable name=CORNER_CLASS_1_POD_3_ZN_1_FLR_1:ZONE GAS EQUIPMENT TOTAL HEATING ENERGY not valid for this simulation.
   ** Warning ** Processing Monthly Tabular Reports: SpaceGainsMonthly
   **   ~~~   ** ..Variable name=ZONE HOT WATER EQUIPMENT TOTAL HEATING ENERGY not valid for this simulation.
   **   ~~~   ** ..i.e., Variable name=CORNER_CLASS_1_POD_3_ZN_1_FLR_1:ZONE HOT WATER EQUIPMENT TOTAL HEATING ENERGY not valid for this simulation.
   ** Warning ** Processing Monthly Tabular Reports: SpaceGainsMonthly
   **   ~~~   ** ..Variable name=ZONE STEAM EQUIPMENT TOTAL HEATING ENERGY not valid for this simulation.
   **   ~~~   ** ..i.e., Variable name=CORNER_CLASS_1_POD_3_ZN_1_FLR_1:ZONE STEAM EQUIPMENT TOTAL HEATING ENERGY not valid for this simulation.
   ** Warning ** Processing Monthly Tabular Reports: SpaceGainsMonthly
   **   ~~~   ** ..Variable name=ZONE OTHER EQUIPMENT TOTAL HEATING ENERGY not valid for this simulation.
   **   ~~~   ** ..i.e., Variable name=CORNER_CLASS_1_POD_3_ZN_1_FLR_1:ZONE OTHER EQUIPMENT TOTAL HEATING ENERGY not valid for this simulation.
   ** Warning ** Processing Monthly Tabular Reports: SpaceGainsMonthly
   **   ~~~   ** ..Variable name=ZONE GAS EQUIPMENT TOTAL HEATING ENERGY not valid for this simulation.
   **   ~~~   ** ..i.e., Variable name=MULT_CLASS_1_POD_3_ZN_1_FLR_1:ZONE GAS EQUIPMENT TOTAL HEATING ENERGY not valid for this simulation.
   ** Warning ** Processing Monthly Tabular Reports: SpaceGainsMonthly
   **   ~~~   ** ..Variable name=ZONE HOT WATER EQUIPMENT TOTAL HEATING ENERGY not valid for this simulation.
   **   ~~~   ** ..i.e., Variable name=MULT_CLASS_1_POD_3_ZN_1_FLR_1:ZONE HOT WATER EQUIPMENT TOTAL HEATING ENERGY not valid for this simulation.
   ** Warning ** Processing Monthly Tabular Reports: SpaceGainsMonthly
   **   ~~~   ** ..Variable name=ZONE STEAM EQUIPMENT TOTAL HEATING ENERGY not valid for this simulation.
   **   ~~~   ** ..i.e., Variable name=MULT_CLASS_1_POD_3_ZN_1_FLR_1:ZONE STEAM EQUIPMENT TOTAL HEATING ENERGY not valid for this simulation.
   ** Warning ** Processing Monthly Tabular Reports: SpaceGainsMonthly
   **   ~~~   ** ..Variable name=ZONE OTHER EQUIPMENT TOTAL HEATING ENERGY not valid for this simulation.
   **   ~~~   ** ..i.e., Variable name=MULT_CLASS_1_POD_3_ZN_1_FLR_1:ZONE OTHER EQUIPMENT TOTAL HEATING ENERGY not valid for this simulation.
   ** Warning ** Processing Monthly Tabular Reports: SpaceGainsMonthly
   **   ~~~   ** ..Variable name=ZONE GAS EQUIPMENT TOTAL HEATING ENERGY not valid for this simulation.
   **   ~~~   ** ..i.e., Variable name=CORRIDOR_POD_3_ZN_1_FLR_1:ZONE GAS EQUIPMENT TOTAL HEATING ENERGY not valid for this simulation.
   ** Warning ** Processing Monthly Tabular Reports: SpaceGainsMonthly
   **   ~~~   ** ..Variable name=ZONE HOT WATER EQUIPMENT TOTAL HEATING ENERGY not valid for this simulation.
   **   ~~~   ** ..i.e., Variable name=CORRIDOR_POD_3_ZN_1_FLR_1:ZONE HOT WATER EQUIPMENT TOTAL HEATING ENERGY not valid for this simulation.
   ** Warning ** Processing Monthly Tabular Reports: SpaceGainsMonthly
   **   ~~~   ** ..Variable name=ZONE STEAM EQUIPMENT TOTAL HEATING ENERGY not valid for this simulation.
   **   ~~~   ** ..i.e., Variable name=CORRIDOR_POD_3_ZN_1_FLR_1:ZONE STEAM EQUIPMENT TOTAL HEATING ENERGY not valid for this simulation.
   ** Warning ** Processing Monthly Tabular Reports: SpaceGainsMonthly
   **   ~~~   ** ..Variable name=ZONE OTHER EQUIPMENT TOTAL HEATING ENERGY not valid for this simulation.
   **   ~~~   ** ..i.e., Variable name=CORRIDOR_POD_3_ZN_1_FLR_1:ZONE OTHER EQUIPMENT TOTAL HEATING ENERGY not valid for this simulation.
   ** Warning ** Processing Monthly Tabular Reports: SpaceGainsMonthly
   **   ~~~   ** ..Variable name=ZONE GAS EQUIPMENT TOTAL HEATING ENERGY not valid for this simulation.
   **   ~~~   ** ..i.e., Variable name=CORNER_CLASS_2_POD_3_ZN_1_FLR_1:ZONE GAS EQUIPMENT TOTAL HEATING ENERGY not valid for this simulation.
   ** Warning ** Processing Monthly Tabular Reports: SpaceGainsMonthly
   **   ~~~   ** ..Variable name=ZONE HOT WATER EQUIPMENT TOTAL HEATING ENERGY not valid for this simulation.
   **   ~~~   ** ..i.e., Variable name=CORNER_CLASS_2_POD_3_ZN_1_FLR_1:ZONE HOT WATER EQUIPMENT TOTAL HEATING ENERGY not valid for this simulation.
   ** Warning ** Processing Monthly Tabular Reports: SpaceGainsMonthly
   **   ~~~   ** ..Variable name=ZONE STEAM EQUIPMENT TOTAL HEATING ENERGY not valid for this simulation.
   **   ~~~   ** ..i.e., Variable name=CORNER_CLASS_2_POD_3_ZN_1_FLR_1:ZONE STEAM EQUIPMENT TOTAL HEATING ENERGY not valid for this simulation.
   ** Warning ** Processing Monthly Tabular Reports: SpaceGainsMonthly
   **   ~~~   ** ..Variable name=ZONE OTHER EQUIPMENT TOTAL HEATING ENERGY not valid for this simulation.
   **   ~~~   ** ..i.e., Variable name=CORNER_CLASS_2_POD_3_ZN_1_FLR_1:ZONE OTHER EQUIPMENT TOTAL HEATING ENERGY not valid for this simulation.
   ** Warning ** Processing Monthly Tabular Reports: SpaceGainsMonthly
   **   ~~~   ** ..Variable name=ZONE GAS EQUIPMENT TOTAL HEATING ENERGY not valid for this simulation.
   **   ~~~   ** ..i.e., Variable name=MULT_CLASS_2_POD_3_ZN_1_FLR_1:ZONE GAS EQUIPMENT TOTAL HEATING ENERGY not valid for this simulation.
   ** Warning ** Processing Monthly Tabular Reports: SpaceGainsMonthly
   **   ~~~   ** ..Variable name=ZONE HOT WATER EQUIPMENT TOTAL HEATING ENERGY not valid for this simulation.
   **   ~~~   ** ..i.e., Variable name=MULT_CLASS_2_POD_3_ZN_1_FLR_1:ZONE HOT WATER EQUIPMENT TOTAL HEATING ENERGY not valid for this simulation.
   ** Warning ** Processing Monthly Tabular Reports: SpaceGainsMonthly
   **   ~~~   ** ..Variable name=ZONE STEAM EQUIPMENT TOTAL HEATING ENERGY not valid for this simulation.
   **   ~~~   ** ..i.e., Variable name=MULT_CLASS_2_POD_3_ZN_1_FLR_1:ZONE STEAM EQUIPMENT TOTAL HEATING ENERGY not valid for this simulation.
   ** Warning ** Processing Monthly Tabular Reports: SpaceGainsMonthly
   **   ~~~   ** ..Variable name=ZONE OTHER EQUIPMENT TOTAL HEATING ENERGY not valid for this simulation.
   **   ~~~   ** ..i.e., Variable name=MULT_CLASS_2_POD_3_ZN_1_FLR_1:ZONE OTHER EQUIPMENT TOTAL HEATING ENERGY not valid for this simulation.
   ** Warning ** Processing Monthly Tabular Reports: SpaceGainsMonthly
   **   ~~~   ** ..Variable name=ZONE GAS EQUIPMENT TOTAL HEATING ENERGY not valid for this simulation.
   **   ~~~   ** ..i.e., Variable name=COMPUTER_CLASS_ZN_1_FLR_1:ZONE GAS EQUIPMENT TOTAL HEATING ENERGY not valid for this simulation.
   ** Warning ** Processing Monthly Tabular Reports: SpaceGainsMonthly
   **   ~~~   ** ..Variable name=ZONE HOT WATER EQUIPMENT TOTAL HEATING ENERGY not valid for this simulation.
   **   ~~~   ** ..i.e., Variable name=COMPUTER_CLASS_ZN_1_FLR_1:ZONE HOT WATER EQUIPMENT TOTAL HEATING ENERGY not valid for this simulation.
   ** Warning ** Processing Monthly Tabular Reports: SpaceGainsMonthly
   **   ~~~   ** ..Variable name=ZONE STEAM EQUIPMENT TOTAL HEATING ENERGY not valid for this simulation.
   **   ~~~   ** ..i.e., Variable name=COMPUTER_CLASS_ZN_1_FLR_1:ZONE STEAM EQUIPMENT TOTAL HEATING ENERGY not valid for this simulation.
   ** Warning ** Processing Monthly Tabular Reports: SpaceGainsMonthly
   **   ~~~   ** ..Variable name=ZONE OTHER EQUIPMENT TOTAL HEATING ENERGY not valid for this simulation.
   **   ~~~   ** ..i.e., Variable name=COMPUTER_CLASS_ZN_1_FLR_1:ZONE OTHER EQUIPMENT TOTAL HEATING ENERGY not valid for this simulation.
   ** Warning ** Processing Monthly Tabular Reports: SpaceGainsMonthly
   **   ~~~   ** ..Variable name=ZONE GAS EQUIPMENT TOTAL HEATING ENERGY not valid for this simulation.
   **   ~~~   ** ..i.e., Variable name=MAIN_CORRIDOR_ZN_1_FLR_1:ZONE GAS EQUIPMENT TOTAL HEATING ENERGY not valid for this simulation.
   ** Warning ** Processing Monthly Tabular Reports: SpaceGainsMonthly
   **   ~~~   ** ..Variable name=ZONE HOT WATER EQUIPMENT TOTAL HEATING ENERGY not valid for this simulation.
   **   ~~~   ** ..i.e., Variable name=MAIN_CORRIDOR_ZN_1_FLR_1:ZONE HOT WATER EQUIPMENT TOTAL HEATING ENERGY not valid for this simulation.
   ** Warning ** Processing Monthly Tabular Reports: SpaceGainsMonthly
   **   ~~~   ** ..Variable name=ZONE STEAM EQUIPMENT TOTAL HEATING ENERGY not valid for this simulation.
   **   ~~~   ** ..i.e., Variable name=MAIN_CORRIDOR_ZN_1_FLR_1:ZONE STEAM EQUIPMENT TOTAL HEATING ENERGY not valid for this simulation.
   ** Warning ** Processing Monthly Tabular Reports: SpaceGainsMonthly
   **   ~~~   ** ..Variable name=ZONE OTHER EQUIPMENT TOTAL HEATING ENERGY not valid for this simulation.
   **   ~~~   ** ..i.e., Variable name=MAIN_CORRIDOR_ZN_1_FLR_1:ZONE OTHER EQUIPMENT TOTAL HEATING ENERGY not valid for this simulation.
   ** Warning ** Processing Monthly Tabular Reports: SpaceGainsMonthly
   **   ~~~   ** ..Variable name=ZONE GAS EQUIPMENT TOTAL HEATING ENERGY not valid for this simulation.
   **   ~~~   ** ..i.e., Variable name=LOBBY_ZN_1_FLR_1:ZONE GAS EQUIPMENT TOTAL HEATING ENERGY not valid for this simulation.
   ** Warning ** Processing Monthly Tabular Reports: SpaceGainsMonthly
   **   ~~~   ** ..Variable name=ZONE HOT WATER EQUIPMENT TOTAL HEATING ENERGY not valid for this simulation.
   **   ~~~   ** ..i.e., Variable name=LOBBY_ZN_1_FLR_1:ZONE HOT WATER EQUIPMENT TOTAL HEATING ENERGY not valid for this simulation.
   ** Warning ** Processing Monthly Tabular Reports: SpaceGainsMonthly
   **   ~~~   ** ..Variable name=ZONE STEAM EQUIPMENT TOTAL HEATING ENERGY not valid for this simulation.
   **   ~~~   ** ..i.e., Variable name=LOBBY_ZN_1_FLR_1:ZONE STEAM EQUIPMENT TOTAL HEATING ENERGY not valid for this simulation.
   ** Warning ** Processing Monthly Tabular Reports: SpaceGainsMonthly
   **   ~~~   ** ..Variable name=ZONE OTHER EQUIPMENT TOTAL HEATING ENERGY not valid for this simulation.
   **   ~~~   ** ..i.e., Variable name=LOBBY_ZN_1_FLR_1:ZONE OTHER EQUIPMENT TOTAL HEATING ENERGY not valid for this simulation.
   ** Warning ** Processing Monthly Tabular Reports: SpaceGainsMonthly
   **   ~~~   ** ..Variable name=ZONE GAS EQUIPMENT TOTAL HEATING ENERGY not valid for this simulation.
   **   ~~~   ** ..i.e., Variable name=MECH_ZN_1_FLR_1:ZONE GAS EQUIPMENT TOTAL HEATING ENERGY not valid for this simulation.
   ** Warning ** Processing Monthly Tabular Reports: SpaceGainsMonthly
   **   ~~~   ** ..Variable name=ZONE HOT WATER EQUIPMENT TOTAL HEATING ENERGY not valid for this simulation.
   **   ~~~   ** ..i.e., Variable name=MECH_ZN_1_FLR_1:ZONE HOT WATER EQUIPMENT TOTAL HEATING ENERGY not valid for this simulation.
   ** Warning ** Processing Monthly Tabular Reports: SpaceGainsMonthly
   **   ~~~   ** ..Variable name=ZONE STEAM EQUIPMENT TOTAL HEATING ENERGY not valid for this simulation.
   **   ~~~   ** ..i.e., Variable name=MECH_ZN_1_FLR_1:ZONE STEAM EQUIPMENT TOTAL HEATING ENERGY not valid for this simulation.
   ** Warning ** Processing Monthly Tabular Reports: SpaceGainsMonthly
   **   ~~~   ** ..Variable name=ZONE OTHER EQUIPMENT TOTAL HEATING ENERGY not valid for this simulation.
   **   ~~~   ** ..i.e., Variable name=MECH_ZN_1_FLR_1:ZONE OTHER EQUIPMENT TOTAL HEATING ENERGY not valid for this simulation.
   ** Warning ** Processing Monthly Tabular Reports: SpaceGainsMonthly
   **   ~~~   ** ..Variable name=ZONE GAS EQUIPMENT TOTAL HEATING ENERGY not valid for this simulation.
   **   ~~~   ** ..i.e., Variable name=BATH_ZN_1_FLR_1:ZONE GAS EQUIPMENT TOTAL HEATING ENERGY not valid for this simulation.
   ** Warning ** Processing Monthly Tabular Reports: SpaceGainsMonthly
   **   ~~~   ** ..Variable name=ZONE HOT WATER EQUIPMENT TOTAL HEATING ENERGY not valid for this simulation.
   **   ~~~   ** ..i.e., Variable name=BATH_ZN_1_FLR_1:ZONE HOT WATER EQUIPMENT TOTAL HEATING ENERGY not valid for this simulation.
   ** Warning ** Processing Monthly Tabular Reports: SpaceGainsMonthly
   **   ~~~   ** ..Variable name=ZONE STEAM EQUIPMENT TOTAL HEATING ENERGY not valid for this simulation.
   **   ~~~   ** ..i.e., Variable name=BATH_ZN_1_FLR_1:ZONE STEAM EQUIPMENT TOTAL HEATING ENERGY not valid for this simulation.
   ** Warning ** Processing Monthly Tabular Reports: SpaceGainsMonthly
   **   ~~~   ** ..Variable name=ZONE OTHER EQUIPMENT TOTAL HEATING ENERGY not valid for this simulation.
   **   ~~~   ** ..i.e., Variable name=BATH_ZN_1_FLR_1:ZONE OTHER EQUIPMENT TOTAL HEATING ENERGY not valid for this simulation.
   ** Warning ** Processing Monthly Tabular Reports: SpaceGainsMonthly
   **   ~~~   ** ..Variable name=ZONE GAS EQUIPMENT TOTAL HEATING ENERGY not valid for this simulation.
   **   ~~~   ** ..i.e., Variable name=OFFICES_ZN_1_FLR_1:ZONE GAS EQUIPMENT TOTAL HEATING ENERGY not valid for this simulation.
   ** Warning ** Processing Monthly Tabular Reports: SpaceGainsMonthly
   **   ~~~   ** ..Variable name=ZONE HOT WATER EQUIPMENT TOTAL HEATING ENERGY not valid for this simulation.
   **   ~~~   ** ..i.e., Variable name=OFFICES_ZN_1_FLR_1:ZONE HOT WATER EQUIPMENT TOTAL HEATING ENERGY not valid for this simulation.
   ** Warning ** Processing Monthly Tabular Reports: SpaceGainsMonthly
   **   ~~~   ** ..Variable name=ZONE STEAM EQUIPMENT TOTAL HEATING ENERGY not valid for this simulation.
   **   ~~~   ** ..i.e., Variable name=OFFICES_ZN_1_FLR_1:ZONE STEAM EQUIPMENT TOTAL HEATING ENERGY not valid for this simulation.
   ** Warning ** Processing Monthly Tabular Reports: SpaceGainsMonthly
   **   ~~~   ** ..Variable name=ZONE OTHER EQUIPMENT TOTAL HEATING ENERGY not valid for this simulation.
   **   ~~~   ** ..i.e., Variable name=OFFICES_ZN_1_FLR_1:ZONE OTHER EQUIPMENT TOTAL HEATING ENERGY not valid for this simulation.
   ** Warning ** Processing Monthly Tabular Reports: SpaceGainsMonthly
   **   ~~~   ** ..Variable name=ZONE GAS EQUIPMENT TOTAL HEATING ENERGY not valid for this simulation.
   **   ~~~   ** ..i.e., Variable name=GYM_ZN_1_FLR_1:ZONE GAS EQUIPMENT TOTAL HEATING ENERGY not valid for this simulation.
   ** Warning ** Processing Monthly Tabular Reports: SpaceGainsMonthly
   **   ~~~   ** ..Variable name=ZONE HOT WATER EQUIPMENT TOTAL HEATING ENERGY not valid for this simulation.
   **   ~~~   ** ..i.e., Variable name=GYM_ZN_1_FLR_1:ZONE HOT WATER EQUIPMENT TOTAL HEATING ENERGY not valid for this simulation.
   ** Warning ** Processing Monthly Tabular Reports: SpaceGainsMonthly
   **   ~~~   ** ..Variable name=ZONE STEAM EQUIPMENT TOTAL HEATING ENERGY not valid for this simulation.
   **   ~~~   ** ..i.e., Variable name=GYM_ZN_1_FLR_1:ZONE STEAM EQUIPMENT TOTAL HEATING ENERGY not valid for this simulation.
   ** Warning ** Processing Monthly Tabular Reports: SpaceGainsMonthly
   **   ~~~   ** ..Variable name=ZONE OTHER EQUIPMENT TOTAL HEATING ENERGY not valid for this simulation.
   **   ~~~   ** ..i.e., Variable name=GYM_ZN_1_FLR_1:ZONE OTHER EQUIPMENT TOTAL HEATING ENERGY not valid for this simulation.
   ** Warning ** Processing Monthly Tabular Reports: SpaceGainsMonthly
   **   ~~~   ** ..Variable name=ZONE HOT WATER EQUIPMENT TOTAL HEATING ENERGY not valid for this simulation.
   **   ~~~   ** ..i.e., Variable name=KITCHEN_ZN_1_FLR_1:ZONE HOT WATER EQUIPMENT TOTAL HEATING ENERGY not valid for this simulation.
   ** Warning ** Processing Monthly Tabular Reports: SpaceGainsMonthly
   **   ~~~   ** ..Variable name=ZONE STEAM EQUIPMENT TOTAL HEATING ENERGY not valid for this simulation.
   **   ~~~   ** ..i.e., Variable name=KITCHEN_ZN_1_FLR_1:ZONE STEAM EQUIPMENT TOTAL HEATING ENERGY not valid for this simulation.
   ** Warning ** Processing Monthly Tabular Reports: SpaceGainsMonthly
   **   ~~~   ** ..Variable name=ZONE OTHER EQUIPMENT TOTAL HEATING ENERGY not valid for this simulation.
   **   ~~~   ** ..i.e., Variable name=KITCHEN_ZN_1_FLR_1:ZONE OTHER EQUIPMENT TOTAL HEATING ENERGY not valid for this simulation.
   ** Warning ** Processing Monthly Tabular Reports: SpaceGainsMonthly
   **   ~~~   ** ..Variable name=ZONE GAS EQUIPMENT TOTAL HEATING ENERGY not valid for this simulation.
   **   ~~~   ** ..i.e., Variable name=CAFETERIA_ZN_1_FLR_1:ZONE GAS EQUIPMENT TOTAL HEATING ENERGY not valid for this simulation.
   ** Warning ** Processing Monthly Tabular Reports: SpaceGainsMonthly
   **   ~~~   ** ..Variable name=ZONE HOT WATER EQUIPMENT TOTAL HEATING ENERGY not valid for this simulation.
   **   ~~~   ** ..i.e., Variable name=CAFETERIA_ZN_1_FLR_1:ZONE HOT WATER EQUIPMENT TOTAL HEATING ENERGY not valid for this simulation.
   ** Warning ** Processing Monthly Tabular Reports: SpaceGainsMonthly
   **   ~~~   ** ..Variable name=ZONE STEAM EQUIPMENT TOTAL HEATING ENERGY not valid for this simulation.
   **   ~~~   ** ..i.e., Variable name=CAFETERIA_ZN_1_FLR_1:ZONE STEAM EQUIPMENT TOTAL HEATING ENERGY not valid for this simulation.
   ** Warning ** Processing Monthly Tabular Reports: SpaceGainsMonthly
   **   ~~~   ** ..Variable name=ZONE OTHER EQUIPMENT TOTAL HEATING ENERGY not valid for this simulation.
   **   ~~~   ** ..i.e., Variable name=CAFETERIA_ZN_1_FLR_1:ZONE OTHER EQUIPMENT TOTAL HEATING ENERGY not valid for this simulation.
   ** Warning ** Processing Monthly Tabular Reports: SpaceGainsMonthly
   **   ~~~   ** ..Variable name=ZONE GAS EQUIPMENT TOTAL HEATING ENERGY not valid for this simulation.
   **   ~~~   ** ..i.e., Variable name=LIBRARY_MEDIA_CENTER_ZN_1_FLR_1:ZONE GAS EQUIPMENT TOTAL HEATING ENERGY not valid for this simulation.
   ** Warning ** Processing Monthly Tabular Reports: SpaceGainsMonthly
   **   ~~~   ** ..Variable name=ZONE HOT WATER EQUIPMENT TOTAL HEATING ENERGY not valid for this simulation.
   **   ~~~   ** ..i.e., Variable name=LIBRARY_MEDIA_CENTER_ZN_1_FLR_1:ZONE HOT WATER EQUIPMENT TOTAL HEATING ENERGY not valid for this simulation.
   ** Warning ** Processing Monthly Tabular Reports: SpaceGainsMonthly
   **   ~~~   ** ..Variable name=ZONE STEAM EQUIPMENT TOTAL HEATING ENERGY not valid for this simulation.
   **   ~~~   ** ..i.e., Variable name=LIBRARY_MEDIA_CENTER_ZN_1_FLR_1:ZONE STEAM EQUIPMENT TOTAL HEATING ENERGY not valid for this simulation.
   ** Warning ** Processing Monthly Tabular Reports: SpaceGainsMonthly
   **   ~~~   ** ..Variable name=ZONE OTHER EQUIPMENT TOTAL HEATING ENERGY not valid for this simulation.
   **   ~~~   ** ..i.e., Variable name=LIBRARY_MEDIA_CENTER_ZN_1_FLR_1:ZONE OTHER EQUIPMENT TOTAL HEATING ENERGY not valid for this simulation.
   ** Warning ** Processing Monthly Tabular Reports: PeakSpaceGainsMonthly
   **   ~~~   ** ..Variable name=ZONE HOT WATER EQUIPMENT TOTAL HEATING ENERGY not valid for this simulation.
   ** Warning ** Processing Monthly Tabular Reports: PeakSpaceGainsMonthly
   **   ~~~   ** ..Variable name=ZONE STEAM EQUIPMENT TOTAL HEATING ENERGY not valid for this simulation.
   ** Warning ** Processing Monthly Tabular Reports: PeakSpaceGainsMonthly
   **   ~~~   ** ..Variable name=ZONE OTHER EQUIPMENT TOTAL HEATING ENERGY not valid for this simulation.
   ** Warning ** Processing Monthly Tabular Reports: PeakSpaceGainsMonthly
   **   ~~~   ** ..Variable name=ZONE GAS EQUIPMENT TOTAL HEATING ENERGY not valid for this simulation.
   **   ~~~   ** ..i.e., Variable name=CORNER_CLASS_1_POD_1_ZN_1_FLR_1:ZONE GAS EQUIPMENT TOTAL HEATING ENERGY not valid for this simulation.
   ** Warning ** Processing Monthly Tabular Reports: PeakSpaceGainsMonthly
   **   ~~~   ** ..Variable name=ZONE HOT WATER EQUIPMENT TOTAL HEATING ENERGY not valid for this simulation.
   **   ~~~   ** ..i.e., Variable name=CORNER_CLASS_1_POD_1_ZN_1_FLR_1:ZONE HOT WATER EQUIPMENT TOTAL HEATING ENERGY not valid for this simulation.
   ** Warning ** Processing Monthly Tabular Reports: PeakSpaceGainsMonthly
   **   ~~~   ** ..Variable name=ZONE STEAM EQUIPMENT TOTAL HEATING ENERGY not valid for this simulation.
   **   ~~~   ** ..i.e., Variable name=CORNER_CLASS_1_POD_1_ZN_1_FLR_1:ZONE STEAM EQUIPMENT TOTAL HEATING ENERGY not valid for this simulation.
   ** Warning ** Processing Monthly Tabular Reports: PeakSpaceGainsMonthly
   **   ~~~   ** ..Variable name=ZONE OTHER EQUIPMENT TOTAL HEATING ENERGY not valid for this simulation.
   **   ~~~   ** ..i.e., Variable name=CORNER_CLASS_1_POD_1_ZN_1_FLR_1:ZONE OTHER EQUIPMENT TOTAL HEATING ENERGY not valid for this simulation.
   ** Warning ** Processing Monthly Tabular Reports: PeakSpaceGainsMonthly
   **   ~~~   ** ..Variable name=ZONE GAS EQUIPMENT TOTAL HEATING ENERGY not valid for this simulation.
   **   ~~~   ** ..i.e., Variable name=MULT_CLASS_1_POD_1_ZN_1_FLR_1:ZONE GAS EQUIPMENT TOTAL HEATING ENERGY not valid for this simulation.
   ** Warning ** Processing Monthly Tabular Reports: PeakSpaceGainsMonthly
   **   ~~~   ** ..Variable name=ZONE HOT WATER EQUIPMENT TOTAL HEATING ENERGY not valid for this simulation.
   **   ~~~   ** ..i.e., Variable name=MULT_CLASS_1_POD_1_ZN_1_FLR_1:ZONE HOT WATER EQUIPMENT TOTAL HEATING ENERGY not valid for this simulation.
   ** Warning ** Processing Monthly Tabular Reports: PeakSpaceGainsMonthly
   **   ~~~   ** ..Variable name=ZONE STEAM EQUIPMENT TOTAL HEATING ENERGY not valid for this simulation.
   **   ~~~   ** ..i.e., Variable name=MULT_CLASS_1_POD_1_ZN_1_FLR_1:ZONE STEAM EQUIPMENT TOTAL HEATING ENERGY not valid for this simulation.
   ** Warning ** Processing Monthly Tabular Reports: PeakSpaceGainsMonthly
   **   ~~~   ** ..Variable name=ZONE OTHER EQUIPMENT TOTAL HEATING ENERGY not valid for this simulation.
   **   ~~~   ** ..i.e., Variable name=MULT_CLASS_1_POD_1_ZN_1_FLR_1:ZONE OTHER EQUIPMENT TOTAL HEATING ENERGY not valid for this simulation.
   ** Warning ** Processing Monthly Tabular Reports: PeakSpaceGainsMonthly
   **   ~~~   ** ..Variable name=ZONE GAS EQUIPMENT TOTAL HEATING ENERGY not valid for this simulation.
   **   ~~~   ** ..i.e., Variable name=CORRIDOR_POD_1_ZN_1_FLR_1:ZONE GAS EQUIPMENT TOTAL HEATING ENERGY not valid for this simulation.
   ** Warning ** Processing Monthly Tabular Reports: PeakSpaceGainsMonthly
   **   ~~~   ** ..Variable name=ZONE HOT WATER EQUIPMENT TOTAL HEATING ENERGY not valid for this simulation.
   **   ~~~   ** ..i.e., Variable name=CORRIDOR_POD_1_ZN_1_FLR_1:ZONE HOT WATER EQUIPMENT TOTAL HEATING ENERGY not valid for this simulation.
   ** Warning ** Processing Monthly Tabular Reports: PeakSpaceGainsMonthly
   **   ~~~   ** ..Variable name=ZONE STEAM EQUIPMENT TOTAL HEATING ENERGY not valid for this simulation.
   **   ~~~   ** ..i.e., Variable name=CORRIDOR_POD_1_ZN_1_FLR_1:ZONE STEAM EQUIPMENT TOTAL HEATING ENERGY not valid for this simulation.
   ** Warning ** Processing Monthly Tabular Reports: PeakSpaceGainsMonthly
   **   ~~~   ** ..Variable name=ZONE OTHER EQUIPMENT TOTAL HEATING ENERGY not valid for this simulation.
   **   ~~~   ** ..i.e., Variable name=CORRIDOR_POD_1_ZN_1_FLR_1:ZONE OTHER EQUIPMENT TOTAL HEATING ENERGY not valid for this simulation.
   ** Warning ** Processing Monthly Tabular Reports: PeakSpaceGainsMonthly
   **   ~~~   ** ..Variable name=ZONE GAS EQUIPMENT TOTAL HEATING ENERGY not valid for this simulation.
   **   ~~~   ** ..i.e., Variable name=CORNER_CLASS_2_POD_1_ZN_1_FLR_1:ZONE GAS EQUIPMENT TOTAL HEATING ENERGY not valid for this simulation.
   ** Warning ** Processing Monthly Tabular Reports: PeakSpaceGainsMonthly
   **   ~~~   ** ..Variable name=ZONE HOT WATER EQUIPMENT TOTAL HEATING ENERGY not valid for this simulation.
   **   ~~~   ** ..i.e., Variable name=CORNER_CLASS_2_POD_1_ZN_1_FLR_1:ZONE HOT WATER EQUIPMENT TOTAL HEATING ENERGY not valid for this simulation.
   ** Warning ** Processing Monthly Tabular Reports: PeakSpaceGainsMonthly
   **   ~~~   ** ..Variable name=ZONE STEAM EQUIPMENT TOTAL HEATING ENERGY not valid for this simulation.
   **   ~~~   ** ..i.e., Variable name=CORNER_CLASS_2_POD_1_ZN_1_FLR_1:ZONE STEAM EQUIPMENT TOTAL HEATING ENERGY not valid for this simulation.
   ** Warning ** Processing Monthly Tabular Reports: PeakSpaceGainsMonthly
   **   ~~~   ** ..Variable name=ZONE OTHER EQUIPMENT TOTAL HEATING ENERGY not valid for this simulation.
   **   ~~~   ** ..i.e., Variable name=CORNER_CLASS_2_POD_1_ZN_1_FLR_1:ZONE OTHER EQUIPMENT TOTAL HEATING ENERGY not valid for this simulation.
   ** Warning ** Processing Monthly Tabular Reports: PeakSpaceGainsMonthly
   **   ~~~   ** ..Variable name=ZONE GAS EQUIPMENT TOTAL HEATING ENERGY not valid for this simulation.
   **   ~~~   ** ..i.e., Variable name=MULT_CLASS_2_POD_1_ZN_1_FLR_1:ZONE GAS EQUIPMENT TOTAL HEATING ENERGY not valid for this simulation.
   ** Warning ** Processing Monthly Tabular Reports: PeakSpaceGainsMonthly
   **   ~~~   ** ..Variable name=ZONE HOT WATER EQUIPMENT TOTAL HEATING ENERGY not valid for this simulation.
   **   ~~~   ** ..i.e., Variable name=MULT_CLASS_2_POD_1_ZN_1_FLR_1:ZONE HOT WATER EQUIPMENT TOTAL HEATING ENERGY not valid for this simulation.
   ** Warning ** Processing Monthly Tabular Reports: PeakSpaceGainsMonthly
   **   ~~~   ** ..Variable name=ZONE STEAM EQUIPMENT TOTAL HEATING ENERGY not valid for this simulation.
   **   ~~~   ** ..i.e., Variable name=MULT_CLASS_2_POD_1_ZN_1_FLR_1:ZONE STEAM EQUIPMENT TOTAL HEATING ENERGY not valid for this simulation.
   ** Warning ** Processing Monthly Tabular Reports: PeakSpaceGainsMonthly
   **   ~~~   ** ..Variable name=ZONE OTHER EQUIPMENT TOTAL HEATING ENERGY not valid for this simulation.
   **   ~~~   ** ..i.e., Variable name=MULT_CLASS_2_POD_1_ZN_1_FLR_1:ZONE OTHER EQUIPMENT TOTAL HEATING ENERGY not valid for this simulation.
   ** Warning ** Processing Monthly Tabular Reports: PeakSpaceGainsMonthly
   **   ~~~   ** ..Variable name=ZONE GAS EQUIPMENT TOTAL HEATING ENERGY not valid for this simulation.
   **   ~~~   ** ..i.e., Variable name=CORNER_CLASS_1_POD_2_ZN_1_FLR_1:ZONE GAS EQUIPMENT TOTAL HEATING ENERGY not valid for this simulation.
   ** Warning ** Processing Monthly Tabular Reports: PeakSpaceGainsMonthly
   **   ~~~   ** ..Variable name=ZONE HOT WATER EQUIPMENT TOTAL HEATING ENERGY not valid for this simulation.
   **   ~~~   ** ..i.e., Variable name=CORNER_CLASS_1_POD_2_ZN_1_FLR_1:ZONE HOT WATER EQUIPMENT TOTAL HEATING ENERGY not valid for this simulation.
   ** Warning ** Processing Monthly Tabular Reports: PeakSpaceGainsMonthly
   **   ~~~   ** ..Variable name=ZONE STEAM EQUIPMENT TOTAL HEATING ENERGY not valid for this simulation.
   **   ~~~   ** ..i.e., Variable name=CORNER_CLASS_1_POD_2_ZN_1_FLR_1:ZONE STEAM EQUIPMENT TOTAL HEATING ENERGY not valid for this simulation.
   ** Warning ** Processing Monthly Tabular Reports: PeakSpaceGainsMonthly
   **   ~~~   ** ..Variable name=ZONE OTHER EQUIPMENT TOTAL HEATING ENERGY not valid for this simulation.
   **   ~~~   ** ..i.e., Variable name=CORNER_CLASS_1_POD_2_ZN_1_FLR_1:ZONE OTHER EQUIPMENT TOTAL HEATING ENERGY not valid for this simulation.
   ** Warning ** Processing Monthly Tabular Reports: PeakSpaceGainsMonthly
   **   ~~~   ** ..Variable name=ZONE GAS EQUIPMENT TOTAL HEATING ENERGY not valid for this simulation.
   **   ~~~   ** ..i.e., Variable name=MULT_CLASS_1_POD_2_ZN_1_FLR_1:ZONE GAS EQUIPMENT TOTAL HEATING ENERGY not valid for this simulation.
   ** Warning ** Processing Monthly Tabular Reports: PeakSpaceGainsMonthly
   **   ~~~   ** ..Variable name=ZONE HOT WATER EQUIPMENT TOTAL HEATING ENERGY not valid for this simulation.
   **   ~~~   ** ..i.e., Variable name=MULT_CLASS_1_POD_2_ZN_1_FLR_1:ZONE HOT WATER EQUIPMENT TOTAL HEATING ENERGY not valid for this simulation.
   ** Warning ** Processing Monthly Tabular Reports: PeakSpaceGainsMonthly
   **   ~~~   ** ..Variable name=ZONE STEAM EQUIPMENT TOTAL HEATING ENERGY not valid for this simulation.
   **   ~~~   ** ..i.e., Variable name=MULT_CLASS_1_POD_2_ZN_1_FLR_1:ZONE STEAM EQUIPMENT TOTAL HEATING ENERGY not valid for this simulation.
   ** Warning ** Processing Monthly Tabular Reports: PeakSpaceGainsMonthly
   **   ~~~   ** ..Variable name=ZONE OTHER EQUIPMENT TOTAL HEATING ENERGY not valid for this simulation.
   **   ~~~   ** ..i.e., Variable name=MULT_CLASS_1_POD_2_ZN_1_FLR_1:ZONE OTHER EQUIPMENT TOTAL HEATING ENERGY not valid for this simulation.
   ** Warning ** Processing Monthly Tabular Reports: PeakSpaceGainsMonthly
   **   ~~~   ** ..Variable name=ZONE GAS EQUIPMENT TOTAL HEATING ENERGY not valid for this simulation.
   **   ~~~   ** ..i.e., Variable name=CORRIDOR_POD_2_ZN_1_FLR_1:ZONE GAS EQUIPMENT TOTAL HEATING ENERGY not valid for this simulation.
   ** Warning ** Processing Monthly Tabular Reports: PeakSpaceGainsMonthly
   **   ~~~   ** ..Variable name=ZONE HOT WATER EQUIPMENT TOTAL HEATING ENERGY not valid for this simulation.
   **   ~~~   ** ..i.e., Variable name=CORRIDOR_POD_2_ZN_1_FLR_1:ZONE HOT WATER EQUIPMENT TOTAL HEATING ENERGY not valid for this simulation.
   ** Warning ** Processing Monthly Tabular Reports: PeakSpaceGainsMonthly
   **   ~~~   ** ..Variable name=ZONE STEAM EQUIPMENT TOTAL HEATING ENERGY not valid for this simulation.
   **   ~~~   ** ..i.e., Variable name=CORRIDOR_POD_2_ZN_1_FLR_1:ZONE STEAM EQUIPMENT TOTAL HEATING ENERGY not valid for this simulation.
   ** Warning ** Processing Monthly Tabular Reports: PeakSpaceGainsMonthly
   **   ~~~   ** ..Variable name=ZONE OTHER EQUIPMENT TOTAL HEATING ENERGY not valid for this simulation.
   **   ~~~   ** ..i.e., Variable name=CORRIDOR_POD_2_ZN_1_FLR_1:ZONE OTHER EQUIPMENT TOTAL HEATING ENERGY not valid for this simulation.
   ** Warning ** Processing Monthly Tabular Reports: PeakSpaceGainsMonthly
   **   ~~~   ** ..Variable name=ZONE GAS EQUIPMENT TOTAL HEATING ENERGY not valid for this simulation.
   **   ~~~   ** ..i.e., Variable name=CORNER_CLASS_2_POD_2_ZN_1_FLR_1:ZONE GAS EQUIPMENT TOTAL HEATING ENERGY not valid for this simulation.
   ** Warning ** Processing Monthly Tabular Reports: PeakSpaceGainsMonthly
   **   ~~~   ** ..Variable name=ZONE HOT WATER EQUIPMENT TOTAL HEATING ENERGY not valid for this simulation.
   **   ~~~   ** ..i.e., Variable name=CORNER_CLASS_2_POD_2_ZN_1_FLR_1:ZONE HOT WATER EQUIPMENT TOTAL HEATING ENERGY not valid for this simulation.
   ** Warning ** Processing Monthly Tabular Reports: PeakSpaceGainsMonthly
   **   ~~~   ** ..Variable name=ZONE STEAM EQUIPMENT TOTAL HEATING ENERGY not valid for this simulation.
   **   ~~~   ** ..i.e., Variable name=CORNER_CLASS_2_POD_2_ZN_1_FLR_1:ZONE STEAM EQUIPMENT TOTAL HEATING ENERGY not valid for this simulation.
   ** Warning ** Processing Monthly Tabular Reports: PeakSpaceGainsMonthly
   **   ~~~   ** ..Variable name=ZONE OTHER EQUIPMENT TOTAL HEATING ENERGY not valid for this simulation.
   **   ~~~   ** ..i.e., Variable name=CORNER_CLASS_2_POD_2_ZN_1_FLR_1:ZONE OTHER EQUIPMENT TOTAL HEATING ENERGY not valid for this simulation.
   ** Warning ** Processing Monthly Tabular Reports: PeakSpaceGainsMonthly
   **   ~~~   ** ..Variable name=ZONE GAS EQUIPMENT TOTAL HEATING ENERGY not valid for this simulation.
   **   ~~~   ** ..i.e., Variable name=MULT_CLASS_2_POD_2_ZN_1_FLR_1:ZONE GAS EQUIPMENT TOTAL HEATING ENERGY not valid for this simulation.
   ** Warning ** Processing Monthly Tabular Reports: PeakSpaceGainsMonthly
   **   ~~~   ** ..Variable name=ZONE HOT WATER EQUIPMENT TOTAL HEATING ENERGY not valid for this simulation.
   **   ~~~   ** ..i.e., Variable name=MULT_CLASS_2_POD_2_ZN_1_FLR_1:ZONE HOT WATER EQUIPMENT TOTAL HEATING ENERGY not valid for this simulation.
   ** Warning ** Processing Monthly Tabular Reports: PeakSpaceGainsMonthly
   **   ~~~   ** ..Variable name=ZONE STEAM EQUIPMENT TOTAL HEATING ENERGY not valid for this simulation.
   **   ~~~   ** ..i.e., Variable name=MULT_CLASS_2_POD_2_ZN_1_FLR_1:ZONE STEAM EQUIPMENT TOTAL HEATING ENERGY not valid for this simulation.
   ** Warning ** Processing Monthly Tabular Reports: PeakSpaceGainsMonthly
   **   ~~~   ** ..Variable name=ZONE OTHER EQUIPMENT TOTAL HEATING ENERGY not valid for this simulation.
   **   ~~~   ** ..i.e., Variable name=MULT_CLASS_2_POD_2_ZN_1_FLR_1:ZONE OTHER EQUIPMENT TOTAL HEATING ENERGY not valid for this simulation.
   ** Warning ** Processing Monthly Tabular Reports: PeakSpaceGainsMonthly
   **   ~~~   ** ..Variable name=ZONE GAS EQUIPMENT TOTAL HEATING ENERGY not valid for this simulation.
   **   ~~~   ** ..i.e., Variable name=CORNER_CLASS_1_POD_3_ZN_1_FLR_1:ZONE GAS EQUIPMENT TOTAL HEATING ENERGY not valid for this simulation.
   ** Warning ** Processing Monthly Tabular Reports: PeakSpaceGainsMonthly
   **   ~~~   ** ..Variable name=ZONE HOT WATER EQUIPMENT TOTAL HEATING ENERGY not valid for this simulation.
   **   ~~~   ** ..i.e., Variable name=CORNER_CLASS_1_POD_3_ZN_1_FLR_1:ZONE HOT WATER EQUIPMENT TOTAL HEATING ENERGY not valid for this simulation.
   ** Warning ** Processing Monthly Tabular Reports: PeakSpaceGainsMonthly
   **   ~~~   ** ..Variable name=ZONE STEAM EQUIPMENT TOTAL HEATING ENERGY not valid for this simulation.
   **   ~~~   ** ..i.e., Variable name=CORNER_CLASS_1_POD_3_ZN_1_FLR_1:ZONE STEAM EQUIPMENT TOTAL HEATING ENERGY not valid for this simulation.
   ** Warning ** Processing Monthly Tabular Reports: PeakSpaceGainsMonthly
   **   ~~~   ** ..Variable name=ZONE OTHER EQUIPMENT TOTAL HEATING ENERGY not valid for this simulation.
   **   ~~~   ** ..i.e., Variable name=CORNER_CLASS_1_POD_3_ZN_1_FLR_1:ZONE OTHER EQUIPMENT TOTAL HEATING ENERGY not valid for this simulation.
   ** Warning ** Processing Monthly Tabular Reports: PeakSpaceGainsMonthly
   **   ~~~   ** ..Variable name=ZONE GAS EQUIPMENT TOTAL HEATING ENERGY not valid for this simulation.
   **   ~~~   ** ..i.e., Variable name=MULT_CLASS_1_POD_3_ZN_1_FLR_1:ZONE GAS EQUIPMENT TOTAL HEATING ENERGY not valid for this simulation.
   ** Warning ** Processing Monthly Tabular Reports: PeakSpaceGainsMonthly
   **   ~~~   ** ..Variable name=ZONE HOT WATER EQUIPMENT TOTAL HEATING ENERGY not valid for this simulation.
   **   ~~~   ** ..i.e., Variable name=MULT_CLASS_1_POD_3_ZN_1_FLR_1:ZONE HOT WATER EQUIPMENT TOTAL HEATING ENERGY not valid for this simulation.
   ** Warning ** Processing Monthly Tabular Reports: PeakSpaceGainsMonthly
   **   ~~~   ** ..Variable name=ZONE STEAM EQUIPMENT TOTAL HEATING ENERGY not valid for this simulation.
   **   ~~~   ** ..i.e., Variable name=MULT_CLASS_1_POD_3_ZN_1_FLR_1:ZONE STEAM EQUIPMENT TOTAL HEATING ENERGY not valid for this simulation.
   ** Warning ** Processing Monthly Tabular Reports: PeakSpaceGainsMonthly
   **   ~~~   ** ..Variable name=ZONE OTHER EQUIPMENT TOTAL HEATING ENERGY not valid for this simulation.
   **   ~~~   ** ..i.e., Variable name=MULT_CLASS_1_POD_3_ZN_1_FLR_1:ZONE OTHER EQUIPMENT TOTAL HEATING ENERGY not valid for this simulation.
   ** Warning ** Processing Monthly Tabular Reports: PeakSpaceGainsMonthly
   **   ~~~   ** ..Variable name=ZONE GAS EQUIPMENT TOTAL HEATING ENERGY not valid for this simulation.
   **   ~~~   ** ..i.e., Variable name=CORRIDOR_POD_3_ZN_1_FLR_1:ZONE GAS EQUIPMENT TOTAL HEATING ENERGY not valid for this simulation.
   ** Warning ** Processing Monthly Tabular Reports: PeakSpaceGainsMonthly
   **   ~~~   ** ..Variable name=ZONE HOT WATER EQUIPMENT TOTAL HEATING ENERGY not valid for this simulation.
   **   ~~~   ** ..i.e., Variable name=CORRIDOR_POD_3_ZN_1_FLR_1:ZONE HOT WATER EQUIPMENT TOTAL HEATING ENERGY not valid for this simulation.
   ** Warning ** Processing Monthly Tabular Reports: PeakSpaceGainsMonthly
   **   ~~~   ** ..Variable name=ZONE STEAM EQUIPMENT TOTAL HEATING ENERGY not valid for this simulation.
   **   ~~~   ** ..i.e., Variable name=CORRIDOR_POD_3_ZN_1_FLR_1:ZONE STEAM EQUIPMENT TOTAL HEATING ENERGY not valid for this simulation.
   ** Warning ** Processing Monthly Tabular Reports: PeakSpaceGainsMonthly
   **   ~~~   ** ..Variable name=ZONE OTHER EQUIPMENT TOTAL HEATING ENERGY not valid for this simulation.
   **   ~~~   ** ..i.e., Variable name=CORRIDOR_POD_3_ZN_1_FLR_1:ZONE OTHER EQUIPMENT TOTAL HEATING ENERGY not valid for this simulation.
   ** Warning ** Processing Monthly Tabular Reports: PeakSpaceGainsMonthly
   **   ~~~   ** ..Variable name=ZONE GAS EQUIPMENT TOTAL HEATING ENERGY not valid for this simulation.
   **   ~~~   ** ..i.e., Variable name=CORNER_CLASS_2_POD_3_ZN_1_FLR_1:ZONE GAS EQUIPMENT TOTAL HEATING ENERGY not valid for this simulation.
   ** Warning ** Processing Monthly Tabular Reports: PeakSpaceGainsMonthly
   **   ~~~   ** ..Variable name=ZONE HOT WATER EQUIPMENT TOTAL HEATING ENERGY not valid for this simulation.
   **   ~~~   ** ..i.e., Variable name=CORNER_CLASS_2_POD_3_ZN_1_FLR_1:ZONE HOT WATER EQUIPMENT TOTAL HEATING ENERGY not valid for this simulation.
   ** Warning ** Processing Monthly Tabular Reports: PeakSpaceGainsMonthly
   **   ~~~   ** ..Variable name=ZONE STEAM EQUIPMENT TOTAL HEATING ENERGY not valid for this simulation.
   **   ~~~   ** ..i.e., Variable name=CORNER_CLASS_2_POD_3_ZN_1_FLR_1:ZONE STEAM EQUIPMENT TOTAL HEATING ENERGY not valid for this simulation.
   ** Warning ** Processing Monthly Tabular Reports: PeakSpaceGainsMonthly
   **   ~~~   ** ..Variable name=ZONE OTHER EQUIPMENT TOTAL HEATING ENERGY not valid for this simulation.
   **   ~~~   ** ..i.e., Variable name=CORNER_CLASS_2_POD_3_ZN_1_FLR_1:ZONE OTHER EQUIPMENT TOTAL HEATING ENERGY not valid for this simulation.
   ** Warning ** Processing Monthly Tabular Reports: PeakSpaceGainsMonthly
   **   ~~~   ** ..Variable name=ZONE GAS EQUIPMENT TOTAL HEATING ENERGY not valid for this simulation.
   **   ~~~   ** ..i.e., Variable name=MULT_CLASS_2_POD_3_ZN_1_FLR_1:ZONE GAS EQUIPMENT TOTAL HEATING ENERGY not valid for this simulation.
   ** Warning ** Processing Monthly Tabular Reports: PeakSpaceGainsMonthly
   **   ~~~   ** ..Variable name=ZONE HOT WATER EQUIPMENT TOTAL HEATING ENERGY not valid for this simulation.
   **   ~~~   ** ..i.e., Variable name=MULT_CLASS_2_POD_3_ZN_1_FLR_1:ZONE HOT WATER EQUIPMENT TOTAL HEATING ENERGY not valid for this simulation.
   ** Warning ** Processing Monthly Tabular Reports: PeakSpaceGainsMonthly
   **   ~~~   ** ..Variable name=ZONE STEAM EQUIPMENT TOTAL HEATING ENERGY not valid for this simulation.
   **   ~~~   ** ..i.e., Variable name=MULT_CLASS_2_POD_3_ZN_1_FLR_1:ZONE STEAM EQUIPMENT TOTAL HEATING ENERGY not valid for this simulation.
   ** Warning ** Processing Monthly Tabular Reports: PeakSpaceGainsMonthly
   **   ~~~   ** ..Variable name=ZONE OTHER EQUIPMENT TOTAL HEATING ENERGY not valid for this simulation.
   **   ~~~   ** ..i.e., Variable name=MULT_CLASS_2_POD_3_ZN_1_FLR_1:ZONE OTHER EQUIPMENT TOTAL HEATING ENERGY not valid for this simulation.
   ** Warning ** Processing Monthly Tabular Reports: PeakSpaceGainsMonthly
   **   ~~~   ** ..Variable name=ZONE GAS EQUIPMENT TOTAL HEATING ENERGY not valid for this simulation.
   **   ~~~   ** ..i.e., Variable name=COMPUTER_CLASS_ZN_1_FLR_1:ZONE GAS EQUIPMENT TOTAL HEATING ENERGY not valid for this simulation.
   ** Warning ** Processing Monthly Tabular Reports: PeakSpaceGainsMonthly
   **   ~~~   ** ..Variable name=ZONE HOT WATER EQUIPMENT TOTAL HEATING ENERGY not valid for this simulation.
   **   ~~~   ** ..i.e., Variable name=COMPUTER_CLASS_ZN_1_FLR_1:ZONE HOT WATER EQUIPMENT TOTAL HEATING ENERGY not valid for this simulation.
   ** Warning ** Processing Monthly Tabular Reports: PeakSpaceGainsMonthly
   **   ~~~   ** ..Variable name=ZONE STEAM EQUIPMENT TOTAL HEATING ENERGY not valid for this simulation.
   **   ~~~   ** ..i.e., Variable name=COMPUTER_CLASS_ZN_1_FLR_1:ZONE STEAM EQUIPMENT TOTAL HEATING ENERGY not valid for this simulation.
   ** Warning ** Processing Monthly Tabular Reports: PeakSpaceGainsMonthly
   **   ~~~   ** ..Variable name=ZONE OTHER EQUIPMENT TOTAL HEATING ENERGY not valid for this simulation.
   **   ~~~   ** ..i.e., Variable name=COMPUTER_CLASS_ZN_1_FLR_1:ZONE OTHER EQUIPMENT TOTAL HEATING ENERGY not valid for this simulation.
   ** Warning ** Processing Monthly Tabular Reports: PeakSpaceGainsMonthly
   **   ~~~   ** ..Variable name=ZONE GAS EQUIPMENT TOTAL HEATING ENERGY not valid for this simulation.
   **   ~~~   ** ..i.e., Variable name=MAIN_CORRIDOR_ZN_1_FLR_1:ZONE GAS EQUIPMENT TOTAL HEATING ENERGY not valid for this simulation.
   ** Warning ** Processing Monthly Tabular Reports: PeakSpaceGainsMonthly
   **   ~~~   ** ..Variable name=ZONE HOT WATER EQUIPMENT TOTAL HEATING ENERGY not valid for this simulation.
   **   ~~~   ** ..i.e., Variable name=MAIN_CORRIDOR_ZN_1_FLR_1:ZONE HOT WATER EQUIPMENT TOTAL HEATING ENERGY not valid for this simulation.
   ** Warning ** Processing Monthly Tabular Reports: PeakSpaceGainsMonthly
   **   ~~~   ** ..Variable name=ZONE STEAM EQUIPMENT TOTAL HEATING ENERGY not valid for this simulation.
   **   ~~~   ** ..i.e., Variable name=MAIN_CORRIDOR_ZN_1_FLR_1:ZONE STEAM EQUIPMENT TOTAL HEATING ENERGY not valid for this simulation.
   ** Warning ** Processing Monthly Tabular Reports: PeakSpaceGainsMonthly
   **   ~~~   ** ..Variable name=ZONE OTHER EQUIPMENT TOTAL HEATING ENERGY not valid for this simulation.
   **   ~~~   ** ..i.e., Variable name=MAIN_CORRIDOR_ZN_1_FLR_1:ZONE OTHER EQUIPMENT TOTAL HEATING ENERGY not valid for this simulation.
   ** Warning ** Processing Monthly Tabular Reports: PeakSpaceGainsMonthly
   **   ~~~   ** ..Variable name=ZONE GAS EQUIPMENT TOTAL HEATING ENERGY not valid for this simulation.
   **   ~~~   ** ..i.e., Variable name=LOBBY_ZN_1_FLR_1:ZONE GAS EQUIPMENT TOTAL HEATING ENERGY not valid for this simulation.
   ** Warning ** Processing Monthly Tabular Reports: PeakSpaceGainsMonthly
   **   ~~~   ** ..Variable name=ZONE HOT WATER EQUIPMENT TOTAL HEATING ENERGY not valid for this simulation.
   **   ~~~   ** ..i.e., Variable name=LOBBY_ZN_1_FLR_1:ZONE HOT WATER EQUIPMENT TOTAL HEATING ENERGY not valid for this simulation.
   ** Warning ** Processing Monthly Tabular Reports: PeakSpaceGainsMonthly
   **   ~~~   ** ..Variable name=ZONE STEAM EQUIPMENT TOTAL HEATING ENERGY not valid for this simulation.
   **   ~~~   ** ..i.e., Variable name=LOBBY_ZN_1_FLR_1:ZONE STEAM EQUIPMENT TOTAL HEATING ENERGY not valid for this simulation.
   ** Warning ** Processing Monthly Tabular Reports: PeakSpaceGainsMonthly
   **   ~~~   ** ..Variable name=ZONE OTHER EQUIPMENT TOTAL HEATING ENERGY not valid for this simulation.
   **   ~~~   ** ..i.e., Variable name=LOBBY_ZN_1_FLR_1:ZONE OTHER EQUIPMENT TOTAL HEATING ENERGY not valid for this simulation.
   ** Warning ** Processing Monthly Tabular Reports: PeakSpaceGainsMonthly
   **   ~~~   ** ..Variable name=ZONE GAS EQUIPMENT TOTAL HEATING ENERGY not valid for this simulation.
   **   ~~~   ** ..i.e., Variable name=MECH_ZN_1_FLR_1:ZONE GAS EQUIPMENT TOTAL HEATING ENERGY not valid for this simulation.
   ** Warning ** Processing Monthly Tabular Reports: PeakSpaceGainsMonthly
   **   ~~~   ** ..Variable name=ZONE HOT WATER EQUIPMENT TOTAL HEATING ENERGY not valid for this simulation.
   **   ~~~   ** ..i.e., Variable name=MECH_ZN_1_FLR_1:ZONE HOT WATER EQUIPMENT TOTAL HEATING ENERGY not valid for this simulation.
   ** Warning ** Processing Monthly Tabular Reports: PeakSpaceGainsMonthly
   **   ~~~   ** ..Variable name=ZONE STEAM EQUIPMENT TOTAL HEATING ENERGY not valid for this simulation.
   **   ~~~   ** ..i.e., Variable name=MECH_ZN_1_FLR_1:ZONE STEAM EQUIPMENT TOTAL HEATING ENERGY not valid for this simulation.
   ** Warning ** Processing Monthly Tabular Reports: PeakSpaceGainsMonthly
   **   ~~~   ** ..Variable name=ZONE OTHER EQUIPMENT TOTAL HEATING ENERGY not valid for this simulation.
   **   ~~~   ** ..i.e., Variable name=MECH_ZN_1_FLR_1:ZONE OTHER EQUIPMENT TOTAL HEATING ENERGY not valid for this simulation.
   ** Warning ** Processing Monthly Tabular Reports: PeakSpaceGainsMonthly
   **   ~~~   ** ..Variable name=ZONE GAS EQUIPMENT TOTAL HEATING ENERGY not valid for this simulation.
   **   ~~~   ** ..i.e., Variable name=BATH_ZN_1_FLR_1:ZONE GAS EQUIPMENT TOTAL HEATING ENERGY not valid for this simulation.
   ** Warning ** Processing Monthly Tabular Reports: PeakSpaceGainsMonthly
   **   ~~~   ** ..Variable name=ZONE HOT WATER EQUIPMENT TOTAL HEATING ENERGY not valid for this simulation.
   **   ~~~   ** ..i.e., Variable name=BATH_ZN_1_FLR_1:ZONE HOT WATER EQUIPMENT TOTAL HEATING ENERGY not valid for this simulation.
   ** Warning ** Processing Monthly Tabular Reports: PeakSpaceGainsMonthly
   **   ~~~   ** ..Variable name=ZONE STEAM EQUIPMENT TOTAL HEATING ENERGY not valid for this simulation.
   **   ~~~   ** ..i.e., Variable name=BATH_ZN_1_FLR_1:ZONE STEAM EQUIPMENT TOTAL HEATING ENERGY not valid for this simulation.
   ** Warning ** Processing Monthly Tabular Reports: PeakSpaceGainsMonthly
   **   ~~~   ** ..Variable name=ZONE OTHER EQUIPMENT TOTAL HEATING ENERGY not valid for this simulation.
   **   ~~~   ** ..i.e., Variable name=BATH_ZN_1_FLR_1:ZONE OTHER EQUIPMENT TOTAL HEATING ENERGY not valid for this simulation.
   ** Warning ** Processing Monthly Tabular Reports: PeakSpaceGainsMonthly
   **   ~~~   ** ..Variable name=ZONE GAS EQUIPMENT TOTAL HEATING ENERGY not valid for this simulation.
   **   ~~~   ** ..i.e., Variable name=OFFICES_ZN_1_FLR_1:ZONE GAS EQUIPMENT TOTAL HEATING ENERGY not valid for this simulation.
   ** Warning ** Processing Monthly Tabular Reports: PeakSpaceGainsMonthly
   **   ~~~   ** ..Variable name=ZONE HOT WATER EQUIPMENT TOTAL HEATING ENERGY not valid for this simulation.
   **   ~~~   ** ..i.e., Variable name=OFFICES_ZN_1_FLR_1:ZONE HOT WATER EQUIPMENT TOTAL HEATING ENERGY not valid for this simulation.
   ** Warning ** Processing Monthly Tabular Reports: PeakSpaceGainsMonthly
   **   ~~~   ** ..Variable name=ZONE STEAM EQUIPMENT TOTAL HEATING ENERGY not valid for this simulation.
   **   ~~~   ** ..i.e., Variable name=OFFICES_ZN_1_FLR_1:ZONE STEAM EQUIPMENT TOTAL HEATING ENERGY not valid for this simulation.
   ** Warning ** Processing Monthly Tabular Reports: PeakSpaceGainsMonthly
   **   ~~~   ** ..Variable name=ZONE OTHER EQUIPMENT TOTAL HEATING ENERGY not valid for this simulation.
   **   ~~~   ** ..i.e., Variable name=OFFICES_ZN_1_FLR_1:ZONE OTHER EQUIPMENT TOTAL HEATING ENERGY not valid for this simulation.
   ** Warning ** Processing Monthly Tabular Reports: PeakSpaceGainsMonthly
   **   ~~~   ** ..Variable name=ZONE GAS EQUIPMENT TOTAL HEATING ENERGY not valid for this simulation.
   **   ~~~   ** ..i.e., Variable name=GYM_ZN_1_FLR_1:ZONE GAS EQUIPMENT TOTAL HEATING ENERGY not valid for this simulation.
   ** Warning ** Processing Monthly Tabular Reports: PeakSpaceGainsMonthly
   **   ~~~   ** ..Variable name=ZONE HOT WATER EQUIPMENT TOTAL HEATING ENERGY not valid for this simulation.
   **   ~~~   ** ..i.e., Variable name=GYM_ZN_1_FLR_1:ZONE HOT WATER EQUIPMENT TOTAL HEATING ENERGY not valid for this simulation.
   ** Warning ** Processing Monthly Tabular Reports: PeakSpaceGainsMonthly
   **   ~~~   ** ..Variable name=ZONE STEAM EQUIPMENT TOTAL HEATING ENERGY not valid for this simulation.
   **   ~~~   ** ..i.e., Variable name=GYM_ZN_1_FLR_1:ZONE STEAM EQUIPMENT TOTAL HEATING ENERGY not valid for this simulation.
   ** Warning ** Processing Monthly Tabular Reports: PeakSpaceGainsMonthly
   **   ~~~   ** ..Variable name=ZONE OTHER EQUIPMENT TOTAL HEATING ENERGY not valid for this simulation.
   **   ~~~   ** ..i.e., Variable name=GYM_ZN_1_FLR_1:ZONE OTHER EQUIPMENT TOTAL HEATING ENERGY not valid for this simulation.
   ** Warning ** Processing Monthly Tabular Reports: PeakSpaceGainsMonthly
   **   ~~~   ** ..Variable name=ZONE HOT WATER EQUIPMENT TOTAL HEATING ENERGY not valid for this simulation.
   **   ~~~   ** ..i.e., Variable name=KITCHEN_ZN_1_FLR_1:ZONE HOT WATER EQUIPMENT TOTAL HEATING ENERGY not valid for this simulation.
   ** Warning ** Processing Monthly Tabular Reports: PeakSpaceGainsMonthly
   **   ~~~   ** ..Variable name=ZONE STEAM EQUIPMENT TOTAL HEATING ENERGY not valid for this simulation.
   **   ~~~   ** ..i.e., Variable name=KITCHEN_ZN_1_FLR_1:ZONE STEAM EQUIPMENT TOTAL HEATING ENERGY not valid for this simulation.
   ** Warning ** Processing Monthly Tabular Reports: PeakSpaceGainsMonthly
   **   ~~~   ** ..Variable name=ZONE OTHER EQUIPMENT TOTAL HEATING ENERGY not valid for this simulation.
   **   ~~~   ** ..i.e., Variable name=KITCHEN_ZN_1_FLR_1:ZONE OTHER EQUIPMENT TOTAL HEATING ENERGY not valid for this simulation.
   ** Warning ** Processing Monthly Tabular Reports: PeakSpaceGainsMonthly
   **   ~~~   ** ..Variable name=ZONE GAS EQUIPMENT TOTAL HEATING ENERGY not valid for this simulation.
   **   ~~~   ** ..i.e., Variable name=CAFETERIA_ZN_1_FLR_1:ZONE GAS EQUIPMENT TOTAL HEATING ENERGY not valid for this simulation.
   ** Warning ** Processing Monthly Tabular Reports: PeakSpaceGainsMonthly
   **   ~~~   ** ..Variable name=ZONE HOT WATER EQUIPMENT TOTAL HEATING ENERGY not valid for this simulation.
   **   ~~~   ** ..i.e., Variable name=CAFETERIA_ZN_1_FLR_1:ZONE HOT WATER EQUIPMENT TOTAL HEATING ENERGY not valid for this simulation.
   ** Warning ** Processing Monthly Tabular Reports: PeakSpaceGainsMonthly
   **   ~~~   ** ..Variable name=ZONE STEAM EQUIPMENT TOTAL HEATING ENERGY not valid for this simulation.
   **   ~~~   ** ..i.e., Variable name=CAFETERIA_ZN_1_FLR_1:ZONE STEAM EQUIPMENT TOTAL HEATING ENERGY not valid for this simulation.
   ** Warning ** Processing Monthly Tabular Reports: PeakSpaceGainsMonthly
   **   ~~~   ** ..Variable name=ZONE OTHER EQUIPMENT TOTAL HEATING ENERGY not valid for this simulation.
   **   ~~~   ** ..i.e., Variable name=CAFETERIA_ZN_1_FLR_1:ZONE OTHER EQUIPMENT TOTAL HEATING ENERGY not valid for this simulation.
   ** Warning ** Processing Monthly Tabular Reports: PeakSpaceGainsMonthly
   **   ~~~   ** ..Variable name=ZONE GAS EQUIPMENT TOTAL HEATING ENERGY not valid for this simulation.
   **   ~~~   ** ..i.e., Variable name=LIBRARY_MEDIA_CENTER_ZN_1_FLR_1:ZONE GAS EQUIPMENT TOTAL HEATING ENERGY not valid for this simulation.
   ** Warning ** Processing Monthly Tabular Reports: PeakSpaceGainsMonthly
   **   ~~~   ** ..Variable name=ZONE HOT WATER EQUIPMENT TOTAL HEATING ENERGY not valid for this simulation.
   **   ~~~   ** ..i.e., Variable name=LIBRARY_MEDIA_CENTER_ZN_1_FLR_1:ZONE HOT WATER EQUIPMENT TOTAL HEATING ENERGY not valid for this simulation.
   ** Warning ** Processing Monthly Tabular Reports: PeakSpaceGainsMonthly
   **   ~~~   ** ..Variable name=ZONE STEAM EQUIPMENT TOTAL HEATING ENERGY not valid for this simulation.
   **   ~~~   ** ..i.e., Variable name=LIBRARY_MEDIA_CENTER_ZN_1_FLR_1:ZONE STEAM EQUIPMENT TOTAL HEATING ENERGY not valid for this simulation.
   ** Warning ** Processing Monthly Tabular Reports: PeakSpaceGainsMonthly
   **   ~~~   ** ..Variable name=ZONE OTHER EQUIPMENT TOTAL HEATING ENERGY not valid for this simulation.
   **   ~~~   ** ..i.e., Variable name=LIBRARY_MEDIA_CENTER_ZN_1_FLR_1:ZONE OTHER EQUIPMENT TOTAL HEATING ENERGY not valid for this simulation.
   ** Warning ** Processing Monthly Tabular Reports: SpaceGainComponentsAtCoolingPeakMonthly
   **   ~~~   ** ..Variable name=ZONE HOT WATER EQUIPMENT TOTAL HEATING ENERGY not valid for this simulation.
   ** Warning ** Processing Monthly Tabular Reports: SpaceGainComponentsAtCoolingPeakMonthly
   **   ~~~   ** ..Variable name=ZONE STEAM EQUIPMENT TOTAL HEATING ENERGY not valid for this simulation.
   ** Warning ** Processing Monthly Tabular Reports: SpaceGainComponentsAtCoolingPeakMonthly
   **   ~~~   ** ..Variable name=ZONE OTHER EQUIPMENT TOTAL HEATING ENERGY not valid for this simulation.
   ** Warning ** Processing Monthly Tabular Reports: SpaceGainComponentsAtCoolingPeakMonthly
   **   ~~~   ** ..Variable name=ZONE GAS EQUIPMENT TOTAL HEATING ENERGY not valid for this simulation.
   **   ~~~   ** ..i.e., Variable name=CORNER_CLASS_1_POD_1_ZN_1_FLR_1:ZONE GAS EQUIPMENT TOTAL HEATING ENERGY not valid for this simulation.
   ** Warning ** Processing Monthly Tabular Reports: SpaceGainComponentsAtCoolingPeakMonthly
   **   ~~~   ** ..Variable name=ZONE HOT WATER EQUIPMENT TOTAL HEATING ENERGY not valid for this simulation.
   **   ~~~   ** ..i.e., Variable name=CORNER_CLASS_1_POD_1_ZN_1_FLR_1:ZONE HOT WATER EQUIPMENT TOTAL HEATING ENERGY not valid for this simulation.
   ** Warning ** Processing Monthly Tabular Reports: SpaceGainComponentsAtCoolingPeakMonthly
   **   ~~~   ** ..Variable name=ZONE STEAM EQUIPMENT TOTAL HEATING ENERGY not valid for this simulation.
   **   ~~~   ** ..i.e., Variable name=CORNER_CLASS_1_POD_1_ZN_1_FLR_1:ZONE STEAM EQUIPMENT TOTAL HEATING ENERGY not valid for this simulation.
   ** Warning ** Processing Monthly Tabular Reports: SpaceGainComponentsAtCoolingPeakMonthly
   **   ~~~   ** ..Variable name=ZONE OTHER EQUIPMENT TOTAL HEATING ENERGY not valid for this simulation.
   **   ~~~   ** ..i.e., Variable name=CORNER_CLASS_1_POD_1_ZN_1_FLR_1:ZONE OTHER EQUIPMENT TOTAL HEATING ENERGY not valid for this simulation.
   ** Warning ** Processing Monthly Tabular Reports: SpaceGainComponentsAtCoolingPeakMonthly
   **   ~~~   ** ..Variable name=ZONE GAS EQUIPMENT TOTAL HEATING ENERGY not valid for this simulation.
   **   ~~~   ** ..i.e., Variable name=MULT_CLASS_1_POD_1_ZN_1_FLR_1:ZONE GAS EQUIPMENT TOTAL HEATING ENERGY not valid for this simulation.
   ** Warning ** Processing Monthly Tabular Reports: SpaceGainComponentsAtCoolingPeakMonthly
   **   ~~~   ** ..Variable name=ZONE HOT WATER EQUIPMENT TOTAL HEATING ENERGY not valid for this simulation.
   **   ~~~   ** ..i.e., Variable name=MULT_CLASS_1_POD_1_ZN_1_FLR_1:ZONE HOT WATER EQUIPMENT TOTAL HEATING ENERGY not valid for this simulation.
   ** Warning ** Processing Monthly Tabular Reports: SpaceGainComponentsAtCoolingPeakMonthly
   **   ~~~   ** ..Variable name=ZONE STEAM EQUIPMENT TOTAL HEATING ENERGY not valid for this simulation.
   **   ~~~   ** ..i.e., Variable name=MULT_CLASS_1_POD_1_ZN_1_FLR_1:ZONE STEAM EQUIPMENT TOTAL HEATING ENERGY not valid for this simulation.
   ** Warning ** Processing Monthly Tabular Reports: SpaceGainComponentsAtCoolingPeakMonthly
   **   ~~~   ** ..Variable name=ZONE OTHER EQUIPMENT TOTAL HEATING ENERGY not valid for this simulation.
   **   ~~~   ** ..i.e., Variable name=MULT_CLASS_1_POD_1_ZN_1_FLR_1:ZONE OTHER EQUIPMENT TOTAL HEATING ENERGY not valid for this simulation.
   ** Warning ** Processing Monthly Tabular Reports: SpaceGainComponentsAtCoolingPeakMonthly
   **   ~~~   ** ..Variable name=ZONE GAS EQUIPMENT TOTAL HEATING ENERGY not valid for this simulation.
   **   ~~~   ** ..i.e., Variable name=CORRIDOR_POD_1_ZN_1_FLR_1:ZONE GAS EQUIPMENT TOTAL HEATING ENERGY not valid for this simulation.
   ** Warning ** Processing Monthly Tabular Reports: SpaceGainComponentsAtCoolingPeakMonthly
   **   ~~~   ** ..Variable name=ZONE HOT WATER EQUIPMENT TOTAL HEATING ENERGY not valid for this simulation.
   **   ~~~   ** ..i.e., Variable name=CORRIDOR_POD_1_ZN_1_FLR_1:ZONE HOT WATER EQUIPMENT TOTAL HEATING ENERGY not valid for this simulation.
   ** Warning ** Processing Monthly Tabular Reports: SpaceGainComponentsAtCoolingPeakMonthly
   **   ~~~   ** ..Variable name=ZONE STEAM EQUIPMENT TOTAL HEATING ENERGY not valid for this simulation.
   **   ~~~   ** ..i.e., Variable name=CORRIDOR_POD_1_ZN_1_FLR_1:ZONE STEAM EQUIPMENT TOTAL HEATING ENERGY not valid for this simulation.
   ** Warning ** Processing Monthly Tabular Reports: SpaceGainComponentsAtCoolingPeakMonthly
   **   ~~~   ** ..Variable name=ZONE OTHER EQUIPMENT TOTAL HEATING ENERGY not valid for this simulation.
   **   ~~~   ** ..i.e., Variable name=CORRIDOR_POD_1_ZN_1_FLR_1:ZONE OTHER EQUIPMENT TOTAL HEATING ENERGY not valid for this simulation.
   ** Warning ** Processing Monthly Tabular Reports: SpaceGainComponentsAtCoolingPeakMonthly
   **   ~~~   ** ..Variable name=ZONE GAS EQUIPMENT TOTAL HEATING ENERGY not valid for this simulation.
   **   ~~~   ** ..i.e., Variable name=CORNER_CLASS_2_POD_1_ZN_1_FLR_1:ZONE GAS EQUIPMENT TOTAL HEATING ENERGY not valid for this simulation.
   ** Warning ** Processing Monthly Tabular Reports: SpaceGainComponentsAtCoolingPeakMonthly
   **   ~~~   ** ..Variable name=ZONE HOT WATER EQUIPMENT TOTAL HEATING ENERGY not valid for this simulation.
   **   ~~~   ** ..i.e., Variable name=CORNER_CLASS_2_POD_1_ZN_1_FLR_1:ZONE HOT WATER EQUIPMENT TOTAL HEATING ENERGY not valid for this simulation.
   ** Warning ** Processing Monthly Tabular Reports: SpaceGainComponentsAtCoolingPeakMonthly
   **   ~~~   ** ..Variable name=ZONE STEAM EQUIPMENT TOTAL HEATING ENERGY not valid for this simulation.
   **   ~~~   ** ..i.e., Variable name=CORNER_CLASS_2_POD_1_ZN_1_FLR_1:ZONE STEAM EQUIPMENT TOTAL HEATING ENERGY not valid for this simulation.
   ** Warning ** Processing Monthly Tabular Reports: SpaceGainComponentsAtCoolingPeakMonthly
   **   ~~~   ** ..Variable name=ZONE OTHER EQUIPMENT TOTAL HEATING ENERGY not valid for this simulation.
   **   ~~~   ** ..i.e., Variable name=CORNER_CLASS_2_POD_1_ZN_1_FLR_1:ZONE OTHER EQUIPMENT TOTAL HEATING ENERGY not valid for this simulation.
   ** Warning ** Processing Monthly Tabular Reports: SpaceGainComponentsAtCoolingPeakMonthly
   **   ~~~   ** ..Variable name=ZONE GAS EQUIPMENT TOTAL HEATING ENERGY not valid for this simulation.
   **   ~~~   ** ..i.e., Variable name=MULT_CLASS_2_POD_1_ZN_1_FLR_1:ZONE GAS EQUIPMENT TOTAL HEATING ENERGY not valid for this simulation.
   ** Warning ** Processing Monthly Tabular Reports: SpaceGainComponentsAtCoolingPeakMonthly
   **   ~~~   ** ..Variable name=ZONE HOT WATER EQUIPMENT TOTAL HEATING ENERGY not valid for this simulation.
   **   ~~~   ** ..i.e., Variable name=MULT_CLASS_2_POD_1_ZN_1_FLR_1:ZONE HOT WATER EQUIPMENT TOTAL HEATING ENERGY not valid for this simulation.
   ** Warning ** Processing Monthly Tabular Reports: SpaceGainComponentsAtCoolingPeakMonthly
   **   ~~~   ** ..Variable name=ZONE STEAM EQUIPMENT TOTAL HEATING ENERGY not valid for this simulation.
   **   ~~~   ** ..i.e., Variable name=MULT_CLASS_2_POD_1_ZN_1_FLR_1:ZONE STEAM EQUIPMENT TOTAL HEATING ENERGY not valid for this simulation.
   ** Warning ** Processing Monthly Tabular Reports: SpaceGainComponentsAtCoolingPeakMonthly
   **   ~~~   ** ..Variable name=ZONE OTHER EQUIPMENT TOTAL HEATING ENERGY not valid for this simulation.
   **   ~~~   ** ..i.e., Variable name=MULT_CLASS_2_POD_1_ZN_1_FLR_1:ZONE OTHER EQUIPMENT TOTAL HEATING ENERGY not valid for this simulation.
   ** Warning ** Processing Monthly Tabular Reports: SpaceGainComponentsAtCoolingPeakMonthly
   **   ~~~   ** ..Variable name=ZONE GAS EQUIPMENT TOTAL HEATING ENERGY not valid for this simulation.
   **   ~~~   ** ..i.e., Variable name=CORNER_CLASS_1_POD_2_ZN_1_FLR_1:ZONE GAS EQUIPMENT TOTAL HEATING ENERGY not valid for this simulation.
   ** Warning ** Processing Monthly Tabular Reports: SpaceGainComponentsAtCoolingPeakMonthly
   **   ~~~   ** ..Variable name=ZONE HOT WATER EQUIPMENT TOTAL HEATING ENERGY not valid for this simulation.
   **   ~~~   ** ..i.e., Variable name=CORNER_CLASS_1_POD_2_ZN_1_FLR_1:ZONE HOT WATER EQUIPMENT TOTAL HEATING ENERGY not valid for this simulation.
   ** Warning ** Processing Monthly Tabular Reports: SpaceGainComponentsAtCoolingPeakMonthly
   **   ~~~   ** ..Variable name=ZONE STEAM EQUIPMENT TOTAL HEATING ENERGY not valid for this simulation.
   **   ~~~   ** ..i.e., Variable name=CORNER_CLASS_1_POD_2_ZN_1_FLR_1:ZONE STEAM EQUIPMENT TOTAL HEATING ENERGY not valid for this simulation.
   ** Warning ** Processing Monthly Tabular Reports: SpaceGainComponentsAtCoolingPeakMonthly
   **   ~~~   ** ..Variable name=ZONE OTHER EQUIPMENT TOTAL HEATING ENERGY not valid for this simulation.
   **   ~~~   ** ..i.e., Variable name=CORNER_CLASS_1_POD_2_ZN_1_FLR_1:ZONE OTHER EQUIPMENT TOTAL HEATING ENERGY not valid for this simulation.
   ** Warning ** Processing Monthly Tabular Reports: SpaceGainComponentsAtCoolingPeakMonthly
   **   ~~~   ** ..Variable name=ZONE GAS EQUIPMENT TOTAL HEATING ENERGY not valid for this simulation.
   **   ~~~   ** ..i.e., Variable name=MULT_CLASS_1_POD_2_ZN_1_FLR_1:ZONE GAS EQUIPMENT TOTAL HEATING ENERGY not valid for this simulation.
   ** Warning ** Processing Monthly Tabular Reports: SpaceGainComponentsAtCoolingPeakMonthly
   **   ~~~   ** ..Variable name=ZONE HOT WATER EQUIPMENT TOTAL HEATING ENERGY not valid for this simulation.
   **   ~~~   ** ..i.e., Variable name=MULT_CLASS_1_POD_2_ZN_1_FLR_1:ZONE HOT WATER EQUIPMENT TOTAL HEATING ENERGY not valid for this simulation.
   ** Warning ** Processing Monthly Tabular Reports: SpaceGainComponentsAtCoolingPeakMonthly
   **   ~~~   ** ..Variable name=ZONE STEAM EQUIPMENT TOTAL HEATING ENERGY not valid for this simulation.
   **   ~~~   ** ..i.e., Variable name=MULT_CLASS_1_POD_2_ZN_1_FLR_1:ZONE STEAM EQUIPMENT TOTAL HEATING ENERGY not valid for this simulation.
   ** Warning ** Processing Monthly Tabular Reports: SpaceGainComponentsAtCoolingPeakMonthly
   **   ~~~   ** ..Variable name=ZONE OTHER EQUIPMENT TOTAL HEATING ENERGY not valid for this simulation.
   **   ~~~   ** ..i.e., Variable name=MULT_CLASS_1_POD_2_ZN_1_FLR_1:ZONE OTHER EQUIPMENT TOTAL HEATING ENERGY not valid for this simulation.
   ** Warning ** Processing Monthly Tabular Reports: SpaceGainComponentsAtCoolingPeakMonthly
   **   ~~~   ** ..Variable name=ZONE GAS EQUIPMENT TOTAL HEATING ENERGY not valid for this simulation.
   **   ~~~   ** ..i.e., Variable name=CORRIDOR_POD_2_ZN_1_FLR_1:ZONE GAS EQUIPMENT TOTAL HEATING ENERGY not valid for this simulation.
   ** Warning ** Processing Monthly Tabular Reports: SpaceGainComponentsAtCoolingPeakMonthly
   **   ~~~   ** ..Variable name=ZONE HOT WATER EQUIPMENT TOTAL HEATING ENERGY not valid for this simulation.
   **   ~~~   ** ..i.e., Variable name=CORRIDOR_POD_2_ZN_1_FLR_1:ZONE HOT WATER EQUIPMENT TOTAL HEATING ENERGY not valid for this simulation.
   ** Warning ** Processing Monthly Tabular Reports: SpaceGainComponentsAtCoolingPeakMonthly
   **   ~~~   ** ..Variable name=ZONE STEAM EQUIPMENT TOTAL HEATING ENERGY not valid for this simulation.
   **   ~~~   ** ..i.e., Variable name=CORRIDOR_POD_2_ZN_1_FLR_1:ZONE STEAM EQUIPMENT TOTAL HEATING ENERGY not valid for this simulation.
   ** Warning ** Processing Monthly Tabular Reports: SpaceGainComponentsAtCoolingPeakMonthly
   **   ~~~   ** ..Variable name=ZONE OTHER EQUIPMENT TOTAL HEATING ENERGY not valid for this simulation.
   **   ~~~   ** ..i.e., Variable name=CORRIDOR_POD_2_ZN_1_FLR_1:ZONE OTHER EQUIPMENT TOTAL HEATING ENERGY not valid for this simulation.
   ** Warning ** Processing Monthly Tabular Reports: SpaceGainComponentsAtCoolingPeakMonthly
   **   ~~~   ** ..Variable name=ZONE GAS EQUIPMENT TOTAL HEATING ENERGY not valid for this simulation.
   **   ~~~   ** ..i.e., Variable name=CORNER_CLASS_2_POD_2_ZN_1_FLR_1:ZONE GAS EQUIPMENT TOTAL HEATING ENERGY not valid for this simulation.
   ** Warning ** Processing Monthly Tabular Reports: SpaceGainComponentsAtCoolingPeakMonthly
   **   ~~~   ** ..Variable name=ZONE HOT WATER EQUIPMENT TOTAL HEATING ENERGY not valid for this simulation.
   **   ~~~   ** ..i.e., Variable name=CORNER_CLASS_2_POD_2_ZN_1_FLR_1:ZONE HOT WATER EQUIPMENT TOTAL HEATING ENERGY not valid for this simulation.
   ** Warning ** Processing Monthly Tabular Reports: SpaceGainComponentsAtCoolingPeakMonthly
   **   ~~~   ** ..Variable name=ZONE STEAM EQUIPMENT TOTAL HEATING ENERGY not valid for this simulation.
   **   ~~~   ** ..i.e., Variable name=CORNER_CLASS_2_POD_2_ZN_1_FLR_1:ZONE STEAM EQUIPMENT TOTAL HEATING ENERGY not valid for this simulation.
   ** Warning ** Processing Monthly Tabular Reports: SpaceGainComponentsAtCoolingPeakMonthly
   **   ~~~   ** ..Variable name=ZONE OTHER EQUIPMENT TOTAL HEATING ENERGY not valid for this simulation.
   **   ~~~   ** ..i.e., Variable name=CORNER_CLASS_2_POD_2_ZN_1_FLR_1:ZONE OTHER EQUIPMENT TOTAL HEATING ENERGY not valid for this simulation.
   ** Warning ** Processing Monthly Tabular Reports: SpaceGainComponentsAtCoolingPeakMonthly
   **   ~~~   ** ..Variable name=ZONE GAS EQUIPMENT TOTAL HEATING ENERGY not valid for this simulation.
   **   ~~~   ** ..i.e., Variable name=MULT_CLASS_2_POD_2_ZN_1_FLR_1:ZONE GAS EQUIPMENT TOTAL HEATING ENERGY not valid for this simulation.
   ** Warning ** Processing Monthly Tabular Reports: SpaceGainComponentsAtCoolingPeakMonthly
   **   ~~~   ** ..Variable name=ZONE HOT WATER EQUIPMENT TOTAL HEATING ENERGY not valid for this simulation.
   **   ~~~   ** ..i.e., Variable name=MULT_CLASS_2_POD_2_ZN_1_FLR_1:ZONE HOT WATER EQUIPMENT TOTAL HEATING ENERGY not valid for this simulation.
   ** Warning ** Processing Monthly Tabular Reports: SpaceGainComponentsAtCoolingPeakMonthly
   **   ~~~   ** ..Variable name=ZONE STEAM EQUIPMENT TOTAL HEATING ENERGY not valid for this simulation.
   **   ~~~   ** ..i.e., Variable name=MULT_CLASS_2_POD_2_ZN_1_FLR_1:ZONE STEAM EQUIPMENT TOTAL HEATING ENERGY not valid for this simulation.
   ** Warning ** Processing Monthly Tabular Reports: SpaceGainComponentsAtCoolingPeakMonthly
   **   ~~~   ** ..Variable name=ZONE OTHER EQUIPMENT TOTAL HEATING ENERGY not valid for this simulation.
   **   ~~~   ** ..i.e., Variable name=MULT_CLASS_2_POD_2_ZN_1_FLR_1:ZONE OTHER EQUIPMENT TOTAL HEATING ENERGY not valid for this simulation.
   ** Warning ** Processing Monthly Tabular Reports: SpaceGainComponentsAtCoolingPeakMonthly
   **   ~~~   ** ..Variable name=ZONE GAS EQUIPMENT TOTAL HEATING ENERGY not valid for this simulation.
   **   ~~~   ** ..i.e., Variable name=CORNER_CLASS_1_POD_3_ZN_1_FLR_1:ZONE GAS EQUIPMENT TOTAL HEATING ENERGY not valid for this simulation.
   ** Warning ** Processing Monthly Tabular Reports: SpaceGainComponentsAtCoolingPeakMonthly
   **   ~~~   ** ..Variable name=ZONE HOT WATER EQUIPMENT TOTAL HEATING ENERGY not valid for this simulation.
   **   ~~~   ** ..i.e., Variable name=CORNER_CLASS_1_POD_3_ZN_1_FLR_1:ZONE HOT WATER EQUIPMENT TOTAL HEATING ENERGY not valid for this simulation.
   ** Warning ** Processing Monthly Tabular Reports: SpaceGainComponentsAtCoolingPeakMonthly
   **   ~~~   ** ..Variable name=ZONE STEAM EQUIPMENT TOTAL HEATING ENERGY not valid for this simulation.
   **   ~~~   ** ..i.e., Variable name=CORNER_CLASS_1_POD_3_ZN_1_FLR_1:ZONE STEAM EQUIPMENT TOTAL HEATING ENERGY not valid for this simulation.
   ** Warning ** Processing Monthly Tabular Reports: SpaceGainComponentsAtCoolingPeakMonthly
   **   ~~~   ** ..Variable name=ZONE OTHER EQUIPMENT TOTAL HEATING ENERGY not valid for this simulation.
   **   ~~~   ** ..i.e., Variable name=CORNER_CLASS_1_POD_3_ZN_1_FLR_1:ZONE OTHER EQUIPMENT TOTAL HEATING ENERGY not valid for this simulation.
   ** Warning ** Processing Monthly Tabular Reports: SpaceGainComponentsAtCoolingPeakMonthly
   **   ~~~   ** ..Variable name=ZONE GAS EQUIPMENT TOTAL HEATING ENERGY not valid for this simulation.
   **   ~~~   ** ..i.e., Variable name=MULT_CLASS_1_POD_3_ZN_1_FLR_1:ZONE GAS EQUIPMENT TOTAL HEATING ENERGY not valid for this simulation.
   ** Warning ** Processing Monthly Tabular Reports: SpaceGainComponentsAtCoolingPeakMonthly
   **   ~~~   ** ..Variable name=ZONE HOT WATER EQUIPMENT TOTAL HEATING ENERGY not valid for this simulation.
   **   ~~~   ** ..i.e., Variable name=MULT_CLASS_1_POD_3_ZN_1_FLR_1:ZONE HOT WATER EQUIPMENT TOTAL HEATING ENERGY not valid for this simulation.
   ** Warning ** Processing Monthly Tabular Reports: SpaceGainComponentsAtCoolingPeakMonthly
   **   ~~~   ** ..Variable name=ZONE STEAM EQUIPMENT TOTAL HEATING ENERGY not valid for this simulation.
   **   ~~~   ** ..i.e., Variable name=MULT_CLASS_1_POD_3_ZN_1_FLR_1:ZONE STEAM EQUIPMENT TOTAL HEATING ENERGY not valid for this simulation.
   ** Warning ** Processing Monthly Tabular Reports: SpaceGainComponentsAtCoolingPeakMonthly
   **   ~~~   ** ..Variable name=ZONE OTHER EQUIPMENT TOTAL HEATING ENERGY not valid for this simulation.
   **   ~~~   ** ..i.e., Variable name=MULT_CLASS_1_POD_3_ZN_1_FLR_1:ZONE OTHER EQUIPMENT TOTAL HEATING ENERGY not valid for this simulation.
   ** Warning ** Processing Monthly Tabular Reports: SpaceGainComponentsAtCoolingPeakMonthly
   **   ~~~   ** ..Variable name=ZONE GAS EQUIPMENT TOTAL HEATING ENERGY not valid for this simulation.
   **   ~~~   ** ..i.e., Variable name=CORRIDOR_POD_3_ZN_1_FLR_1:ZONE GAS EQUIPMENT TOTAL HEATING ENERGY not valid for this simulation.
   ** Warning ** Processing Monthly Tabular Reports: SpaceGainComponentsAtCoolingPeakMonthly
   **   ~~~   ** ..Variable name=ZONE HOT WATER EQUIPMENT TOTAL HEATING ENERGY not valid for this simulation.
   **   ~~~   ** ..i.e., Variable name=CORRIDOR_POD_3_ZN_1_FLR_1:ZONE HOT WATER EQUIPMENT TOTAL HEATING ENERGY not valid for this simulation.
   ** Warning ** Processing Monthly Tabular Reports: SpaceGainComponentsAtCoolingPeakMonthly
   **   ~~~   ** ..Variable name=ZONE STEAM EQUIPMENT TOTAL HEATING ENERGY not valid for this simulation.
   **   ~~~   ** ..i.e., Variable name=CORRIDOR_POD_3_ZN_1_FLR_1:ZONE STEAM EQUIPMENT TOTAL HEATING ENERGY not valid for this simulation.
   ** Warning ** Processing Monthly Tabular Reports: SpaceGainComponentsAtCoolingPeakMonthly
   **   ~~~   ** ..Variable name=ZONE OTHER EQUIPMENT TOTAL HEATING ENERGY not valid for this simulation.
   **   ~~~   ** ..i.e., Variable name=CORRIDOR_POD_3_ZN_1_FLR_1:ZONE OTHER EQUIPMENT TOTAL HEATING ENERGY not valid for this simulation.
   ** Warning ** Processing Monthly Tabular Reports: SpaceGainComponentsAtCoolingPeakMonthly
   **   ~~~   ** ..Variable name=ZONE GAS EQUIPMENT TOTAL HEATING ENERGY not valid for this simulation.
   **   ~~~   ** ..i.e., Variable name=CORNER_CLASS_2_POD_3_ZN_1_FLR_1:ZONE GAS EQUIPMENT TOTAL HEATING ENERGY not valid for this simulation.
   ** Warning ** Processing Monthly Tabular Reports: SpaceGainComponentsAtCoolingPeakMonthly
   **   ~~~   ** ..Variable name=ZONE HOT WATER EQUIPMENT TOTAL HEATING ENERGY not valid for this simulation.
   **   ~~~   ** ..i.e., Variable name=CORNER_CLASS_2_POD_3_ZN_1_FLR_1:ZONE HOT WATER EQUIPMENT TOTAL HEATING ENERGY not valid for this simulation.
   ** Warning ** Processing Monthly Tabular Reports: SpaceGainComponentsAtCoolingPeakMonthly
   **   ~~~   ** ..Variable name=ZONE STEAM EQUIPMENT TOTAL HEATING ENERGY not valid for this simulation.
   **   ~~~   ** ..i.e., Variable name=CORNER_CLASS_2_POD_3_ZN_1_FLR_1:ZONE STEAM EQUIPMENT TOTAL HEATING ENERGY not valid for this simulation.
   ** Warning ** Processing Monthly Tabular Reports: SpaceGainComponentsAtCoolingPeakMonthly
   **   ~~~   ** ..Variable name=ZONE OTHER EQUIPMENT TOTAL HEATING ENERGY not valid for this simulation.
   **   ~~~   ** ..i.e., Variable name=CORNER_CLASS_2_POD_3_ZN_1_FLR_1:ZONE OTHER EQUIPMENT TOTAL HEATING ENERGY not valid for this simulation.
   ** Warning ** Processing Monthly Tabular Reports: SpaceGainComponentsAtCoolingPeakMonthly
   **   ~~~   ** ..Variable name=ZONE GAS EQUIPMENT TOTAL HEATING ENERGY not valid for this simulation.
   **   ~~~   ** ..i.e., Variable name=MULT_CLASS_2_POD_3_ZN_1_FLR_1:ZONE GAS EQUIPMENT TOTAL HEATING ENERGY not valid for this simulation.
   ** Warning ** Processing Monthly Tabular Reports: SpaceGainComponentsAtCoolingPeakMonthly
   **   ~~~   ** ..Variable name=ZONE HOT WATER EQUIPMENT TOTAL HEATING ENERGY not valid for this simulation.
   **   ~~~   ** ..i.e., Variable name=MULT_CLASS_2_POD_3_ZN_1_FLR_1:ZONE HOT WATER EQUIPMENT TOTAL HEATING ENERGY not valid for this simulation.
   ** Warning ** Processing Monthly Tabular Reports: SpaceGainComponentsAtCoolingPeakMonthly
   **   ~~~   ** ..Variable name=ZONE STEAM EQUIPMENT TOTAL HEATING ENERGY not valid for this simulation.
   **   ~~~   ** ..i.e., Variable name=MULT_CLASS_2_POD_3_ZN_1_FLR_1:ZONE STEAM EQUIPMENT TOTAL HEATING ENERGY not valid for this simulation.
   ** Warning ** Processing Monthly Tabular Reports: SpaceGainComponentsAtCoolingPeakMonthly
   **   ~~~   ** ..Variable name=ZONE OTHER EQUIPMENT TOTAL HEATING ENERGY not valid for this simulation.
   **   ~~~   ** ..i.e., Variable name=MULT_CLASS_2_POD_3_ZN_1_FLR_1:ZONE OTHER EQUIPMENT TOTAL HEATING ENERGY not valid for this simulation.
   ** Warning ** Processing Monthly Tabular Reports: SpaceGainComponentsAtCoolingPeakMonthly
   **   ~~~   ** ..Variable name=ZONE GAS EQUIPMENT TOTAL HEATING ENERGY not valid for this simulation.
   **   ~~~   ** ..i.e., Variable name=COMPUTER_CLASS_ZN_1_FLR_1:ZONE GAS EQUIPMENT TOTAL HEATING ENERGY not valid for this simulation.
   ** Warning ** Processing Monthly Tabular Reports: SpaceGainComponentsAtCoolingPeakMonthly
   **   ~~~   ** ..Variable name=ZONE HOT WATER EQUIPMENT TOTAL HEATING ENERGY not valid for this simulation.
   **   ~~~   ** ..i.e., Variable name=COMPUTER_CLASS_ZN_1_FLR_1:ZONE HOT WATER EQUIPMENT TOTAL HEATING ENERGY not valid for this simulation.
   ** Warning ** Processing Monthly Tabular Reports: SpaceGainComponentsAtCoolingPeakMonthly
   **   ~~~   ** ..Variable name=ZONE STEAM EQUIPMENT TOTAL HEATING ENERGY not valid for this simulation.
   **   ~~~   ** ..i.e., Variable name=COMPUTER_CLASS_ZN_1_FLR_1:ZONE STEAM EQUIPMENT TOTAL HEATING ENERGY not valid for this simulation.
   ** Warning ** Processing Monthly Tabular Reports: SpaceGainComponentsAtCoolingPeakMonthly
   **   ~~~   ** ..Variable name=ZONE OTHER EQUIPMENT TOTAL HEATING ENERGY not valid for this simulation.
   **   ~~~   ** ..i.e., Variable name=COMPUTER_CLASS_ZN_1_FLR_1:ZONE OTHER EQUIPMENT TOTAL HEATING ENERGY not valid for this simulation.
   ** Warning ** Processing Monthly Tabular Reports: SpaceGainComponentsAtCoolingPeakMonthly
   **   ~~~   ** ..Variable name=ZONE GAS EQUIPMENT TOTAL HEATING ENERGY not valid for this simulation.
   **   ~~~   ** ..i.e., Variable name=MAIN_CORRIDOR_ZN_1_FLR_1:ZONE GAS EQUIPMENT TOTAL HEATING ENERGY not valid for this simulation.
   ** Warning ** Processing Monthly Tabular Reports: SpaceGainComponentsAtCoolingPeakMonthly
   **   ~~~   ** ..Variable name=ZONE HOT WATER EQUIPMENT TOTAL HEATING ENERGY not valid for this simulation.
   **   ~~~   ** ..i.e., Variable name=MAIN_CORRIDOR_ZN_1_FLR_1:ZONE HOT WATER EQUIPMENT TOTAL HEATING ENERGY not valid for this simulation.
   ** Warning ** Processing Monthly Tabular Reports: SpaceGainComponentsAtCoolingPeakMonthly
   **   ~~~   ** ..Variable name=ZONE STEAM EQUIPMENT TOTAL HEATING ENERGY not valid for this simulation.
   **   ~~~   ** ..i.e., Variable name=MAIN_CORRIDOR_ZN_1_FLR_1:ZONE STEAM EQUIPMENT TOTAL HEATING ENERGY not valid for this simulation.
   ** Warning ** Processing Monthly Tabular Reports: SpaceGainComponentsAtCoolingPeakMonthly
   **   ~~~   ** ..Variable name=ZONE OTHER EQUIPMENT TOTAL HEATING ENERGY not valid for this simulation.
   **   ~~~   ** ..i.e., Variable name=MAIN_CORRIDOR_ZN_1_FLR_1:ZONE OTHER EQUIPMENT TOTAL HEATING ENERGY not valid for this simulation.
   ** Warning ** Processing Monthly Tabular Reports: SpaceGainComponentsAtCoolingPeakMonthly
   **   ~~~   ** ..Variable name=ZONE GAS EQUIPMENT TOTAL HEATING ENERGY not valid for this simulation.
   **   ~~~   ** ..i.e., Variable name=LOBBY_ZN_1_FLR_1:ZONE GAS EQUIPMENT TOTAL HEATING ENERGY not valid for this simulation.
   ** Warning ** Processing Monthly Tabular Reports: SpaceGainComponentsAtCoolingPeakMonthly
   **   ~~~   ** ..Variable name=ZONE HOT WATER EQUIPMENT TOTAL HEATING ENERGY not valid for this simulation.
   **   ~~~   ** ..i.e., Variable name=LOBBY_ZN_1_FLR_1:ZONE HOT WATER EQUIPMENT TOTAL HEATING ENERGY not valid for this simulation.
   ** Warning ** Processing Monthly Tabular Reports: SpaceGainComponentsAtCoolingPeakMonthly
   **   ~~~   ** ..Variable name=ZONE STEAM EQUIPMENT TOTAL HEATING ENERGY not valid for this simulation.
   **   ~~~   ** ..i.e., Variable name=LOBBY_ZN_1_FLR_1:ZONE STEAM EQUIPMENT TOTAL HEATING ENERGY not valid for this simulation.
   ** Warning ** Processing Monthly Tabular Reports: SpaceGainComponentsAtCoolingPeakMonthly
   **   ~~~   ** ..Variable name=ZONE OTHER EQUIPMENT TOTAL HEATING ENERGY not valid for this simulation.
   **   ~~~   ** ..i.e., Variable name=LOBBY_ZN_1_FLR_1:ZONE OTHER EQUIPMENT TOTAL HEATING ENERGY not valid for this simulation.
   ** Warning ** Processing Monthly Tabular Reports: SpaceGainComponentsAtCoolingPeakMonthly
   **   ~~~   ** ..Variable name=ZONE GAS EQUIPMENT TOTAL HEATING ENERGY not valid for this simulation.
   **   ~~~   ** ..i.e., Variable name=MECH_ZN_1_FLR_1:ZONE GAS EQUIPMENT TOTAL HEATING ENERGY not valid for this simulation.
   ** Warning ** Processing Monthly Tabular Reports: SpaceGainComponentsAtCoolingPeakMonthly
   **   ~~~   ** ..Variable name=ZONE HOT WATER EQUIPMENT TOTAL HEATING ENERGY not valid for this simulation.
   **   ~~~   ** ..i.e., Variable name=MECH_ZN_1_FLR_1:ZONE HOT WATER EQUIPMENT TOTAL HEATING ENERGY not valid for this simulation.
   ** Warning ** Processing Monthly Tabular Reports: SpaceGainComponentsAtCoolingPeakMonthly
   **   ~~~   ** ..Variable name=ZONE STEAM EQUIPMENT TOTAL HEATING ENERGY not valid for this simulation.
   **   ~~~   ** ..i.e., Variable name=MECH_ZN_1_FLR_1:ZONE STEAM EQUIPMENT TOTAL HEATING ENERGY not valid for this simulation.
   ** Warning ** Processing Monthly Tabular Reports: SpaceGainComponentsAtCoolingPeakMonthly
   **   ~~~   ** ..Variable name=ZONE OTHER EQUIPMENT TOTAL HEATING ENERGY not valid for this simulation.
   **   ~~~   ** ..i.e., Variable name=MECH_ZN_1_FLR_1:ZONE OTHER EQUIPMENT TOTAL HEATING ENERGY not valid for this simulation.
   ** Warning ** Processing Monthly Tabular Reports: SpaceGainComponentsAtCoolingPeakMonthly
   **   ~~~   ** ..Variable name=ZONE GAS EQUIPMENT TOTAL HEATING ENERGY not valid for this simulation.
   **   ~~~   ** ..i.e., Variable name=BATH_ZN_1_FLR_1:ZONE GAS EQUIPMENT TOTAL HEATING ENERGY not valid for this simulation.
   ** Warning ** Processing Monthly Tabular Reports: SpaceGainComponentsAtCoolingPeakMonthly
   **   ~~~   ** ..Variable name=ZONE HOT WATER EQUIPMENT TOTAL HEATING ENERGY not valid for this simulation.
   **   ~~~   ** ..i.e., Variable name=BATH_ZN_1_FLR_1:ZONE HOT WATER EQUIPMENT TOTAL HEATING ENERGY not valid for this simulation.
   ** Warning ** Processing Monthly Tabular Reports: SpaceGainComponentsAtCoolingPeakMonthly
   **   ~~~   ** ..Variable name=ZONE STEAM EQUIPMENT TOTAL HEATING ENERGY not valid for this simulation.
   **   ~~~   ** ..i.e., Variable name=BATH_ZN_1_FLR_1:ZONE STEAM EQUIPMENT TOTAL HEATING ENERGY not valid for this simulation.
   ** Warning ** Processing Monthly Tabular Reports: SpaceGainComponentsAtCoolingPeakMonthly
   **   ~~~   ** ..Variable name=ZONE OTHER EQUIPMENT TOTAL HEATING ENERGY not valid for this simulation.
   **   ~~~   ** ..i.e., Variable name=BATH_ZN_1_FLR_1:ZONE OTHER EQUIPMENT TOTAL HEATING ENERGY not valid for this simulation.
   ** Warning ** Processing Monthly Tabular Reports: SpaceGainComponentsAtCoolingPeakMonthly
   **   ~~~   ** ..Variable name=ZONE GAS EQUIPMENT TOTAL HEATING ENERGY not valid for this simulation.
   **   ~~~   ** ..i.e., Variable name=OFFICES_ZN_1_FLR_1:ZONE GAS EQUIPMENT TOTAL HEATING ENERGY not valid for this simulation.
   ** Warning ** Processing Monthly Tabular Reports: SpaceGainComponentsAtCoolingPeakMonthly
   **   ~~~   ** ..Variable name=ZONE HOT WATER EQUIPMENT TOTAL HEATING ENERGY not valid for this simulation.
   **   ~~~   ** ..i.e., Variable name=OFFICES_ZN_1_FLR_1:ZONE HOT WATER EQUIPMENT TOTAL HEATING ENERGY not valid for this simulation.
   ** Warning ** Processing Monthly Tabular Reports: SpaceGainComponentsAtCoolingPeakMonthly
   **   ~~~   ** ..Variable name=ZONE STEAM EQUIPMENT TOTAL HEATING ENERGY not valid for this simulation.
   **   ~~~   ** ..i.e., Variable name=OFFICES_ZN_1_FLR_1:ZONE STEAM EQUIPMENT TOTAL HEATING ENERGY not valid for this simulation.
   ** Warning ** Processing Monthly Tabular Reports: SpaceGainComponentsAtCoolingPeakMonthly
   **   ~~~   ** ..Variable name=ZONE OTHER EQUIPMENT TOTAL HEATING ENERGY not valid for this simulation.
   **   ~~~   ** ..i.e., Variable name=OFFICES_ZN_1_FLR_1:ZONE OTHER EQUIPMENT TOTAL HEATING ENERGY not valid for this simulation.
   ** Warning ** Processing Monthly Tabular Reports: SpaceGainComponentsAtCoolingPeakMonthly
   **   ~~~   ** ..Variable name=ZONE GAS EQUIPMENT TOTAL HEATING ENERGY not valid for this simulation.
   **   ~~~   ** ..i.e., Variable name=GYM_ZN_1_FLR_1:ZONE GAS EQUIPMENT TOTAL HEATING ENERGY not valid for this simulation.
   ** Warning ** Processing Monthly Tabular Reports: SpaceGainComponentsAtCoolingPeakMonthly
   **   ~~~   ** ..Variable name=ZONE HOT WATER EQUIPMENT TOTAL HEATING ENERGY not valid for this simulation.
   **   ~~~   ** ..i.e., Variable name=GYM_ZN_1_FLR_1:ZONE HOT WATER EQUIPMENT TOTAL HEATING ENERGY not valid for this simulation.
   ** Warning ** Processing Monthly Tabular Reports: SpaceGainComponentsAtCoolingPeakMonthly
   **   ~~~   ** ..Variable name=ZONE STEAM EQUIPMENT TOTAL HEATING ENERGY not valid for this simulation.
   **   ~~~   ** ..i.e., Variable name=GYM_ZN_1_FLR_1:ZONE STEAM EQUIPMENT TOTAL HEATING ENERGY not valid for this simulation.
   ** Warning ** Processing Monthly Tabular Reports: SpaceGainComponentsAtCoolingPeakMonthly
   **   ~~~   ** ..Variable name=ZONE OTHER EQUIPMENT TOTAL HEATING ENERGY not valid for this simulation.
   **   ~~~   ** ..i.e., Variable name=GYM_ZN_1_FLR_1:ZONE OTHER EQUIPMENT TOTAL HEATING ENERGY not valid for this simulation.
   ** Warning ** Processing Monthly Tabular Reports: SpaceGainComponentsAtCoolingPeakMonthly
   **   ~~~   ** ..Variable name=ZONE HOT WATER EQUIPMENT TOTAL HEATING ENERGY not valid for this simulation.
   **   ~~~   ** ..i.e., Variable name=KITCHEN_ZN_1_FLR_1:ZONE HOT WATER EQUIPMENT TOTAL HEATING ENERGY not valid for this simulation.
   ** Warning ** Processing Monthly Tabular Reports: SpaceGainComponentsAtCoolingPeakMonthly
   **   ~~~   ** ..Variable name=ZONE STEAM EQUIPMENT TOTAL HEATING ENERGY not valid for this simulation.
   **   ~~~   ** ..i.e., Variable name=KITCHEN_ZN_1_FLR_1:ZONE STEAM EQUIPMENT TOTAL HEATING ENERGY not valid for this simulation.
   ** Warning ** Processing Monthly Tabular Reports: SpaceGainComponentsAtCoolingPeakMonthly
   **   ~~~   ** ..Variable name=ZONE OTHER EQUIPMENT TOTAL HEATING ENERGY not valid for this simulation.
   **   ~~~   ** ..i.e., Variable name=KITCHEN_ZN_1_FLR_1:ZONE OTHER EQUIPMENT TOTAL HEATING ENERGY not valid for this simulation.
   ** Warning ** Processing Monthly Tabular Reports: SpaceGainComponentsAtCoolingPeakMonthly
   **   ~~~   ** ..Variable name=ZONE GAS EQUIPMENT TOTAL HEATING ENERGY not valid for this simulation.
   **   ~~~   ** ..i.e., Variable name=CAFETERIA_ZN_1_FLR_1:ZONE GAS EQUIPMENT TOTAL HEATING ENERGY not valid for this simulation.
   ** Warning ** Processing Monthly Tabular Reports: SpaceGainComponentsAtCoolingPeakMonthly
   **   ~~~   ** ..Variable name=ZONE HOT WATER EQUIPMENT TOTAL HEATING ENERGY not valid for this simulation.
   **   ~~~   ** ..i.e., Variable name=CAFETERIA_ZN_1_FLR_1:ZONE HOT WATER EQUIPMENT TOTAL HEATING ENERGY not valid for this simulation.
   ** Warning ** Processing Monthly Tabular Reports: SpaceGainComponentsAtCoolingPeakMonthly
   **   ~~~   ** ..Variable name=ZONE STEAM EQUIPMENT TOTAL HEATING ENERGY not valid for this simulation.
   **   ~~~   ** ..i.e., Variable name=CAFETERIA_ZN_1_FLR_1:ZONE STEAM EQUIPMENT TOTAL HEATING ENERGY not valid for this simulation.
   ** Warning ** Processing Monthly Tabular Reports: SpaceGainComponentsAtCoolingPeakMonthly
   **   ~~~   ** ..Variable name=ZONE OTHER EQUIPMENT TOTAL HEATING ENERGY not valid for this simulation.
   **   ~~~   ** ..i.e., Variable name=CAFETERIA_ZN_1_FLR_1:ZONE OTHER EQUIPMENT TOTAL HEATING ENERGY not valid for this simulation.
   ** Warning ** Processing Monthly Tabular Reports: SpaceGainComponentsAtCoolingPeakMonthly
   **   ~~~   ** ..Variable name=ZONE GAS EQUIPMENT TOTAL HEATING ENERGY not valid for this simulation.
   **   ~~~   ** ..i.e., Variable name=LIBRARY_MEDIA_CENTER_ZN_1_FLR_1:ZONE GAS EQUIPMENT TOTAL HEATING ENERGY not valid for this simulation.
   ** Warning ** Processing Monthly Tabular Reports: SpaceGainComponentsAtCoolingPeakMonthly
   **   ~~~   ** ..Variable name=ZONE HOT WATER EQUIPMENT TOTAL HEATING ENERGY not valid for this simulation.
   **   ~~~   ** ..i.e., Variable name=LIBRARY_MEDIA_CENTER_ZN_1_FLR_1:ZONE HOT WATER EQUIPMENT TOTAL HEATING ENERGY not valid for this simulation.
   ** Warning ** Processing Monthly Tabular Reports: SpaceGainComponentsAtCoolingPeakMonthly
   **   ~~~   ** ..Variable name=ZONE STEAM EQUIPMENT TOTAL HEATING ENERGY not valid for this simulation.
   **   ~~~   ** ..i.e., Variable name=LIBRARY_MEDIA_CENTER_ZN_1_FLR_1:ZONE STEAM EQUIPMENT TOTAL HEATING ENERGY not valid for this simulation.
   ** Warning ** Processing Monthly Tabular Reports: SpaceGainComponentsAtCoolingPeakMonthly
   **   ~~~   ** ..Variable name=ZONE OTHER EQUIPMENT TOTAL HEATING ENERGY not valid for this simulation.
   **   ~~~   ** ..i.e., Variable name=LIBRARY_MEDIA_CENTER_ZN_1_FLR_1:ZONE OTHER EQUIPMENT TOTAL HEATING ENERGY not valid for this simulation.
   ** Warning ** Processing Monthly Tabular Reports: EnergyConsumptionElectricityGeneratedPropaneMonthly
   **   ~~~   ** ..Variable name=ELECTRICITYPRODUCED:FACILITY not valid for this simulation.
   ** Warning ** Processing Monthly Tabular Reports: EnergyConsumptionElectricityGeneratedPropaneMonthly
   **   ~~~   ** ..Variable name=ELECTRICITYPRODUCED:FACILITY not valid for this simulation.
   ** Warning ** Processing Monthly Tabular Reports: EnergyConsumptionElectricityGeneratedPropaneMonthly
   **   ~~~   ** ..Variable name=PROPANE:FACILITY not valid for this simulation.
   ** Warning ** Processing Monthly Tabular Reports: EnergyConsumptionElectricityGeneratedPropaneMonthly
   **   ~~~   ** ..Variable name=PROPANE:FACILITY not valid for this simulation.
   ** Warning ** Processing Monthly Tabular Reports: EnergyConsumptionDieselFuelOilMonthly
   **   ~~~   ** ..Variable name=DIESEL:FACILITY not valid for this simulation.
   ** Warning ** Processing Monthly Tabular Reports: EnergyConsumptionDieselFuelOilMonthly
   **   ~~~   ** ..Variable name=DIESEL:FACILITY not valid for this simulation.
   ** Warning ** Processing Monthly Tabular Reports: EnergyConsumptionDieselFuelOilMonthly
   **   ~~~   ** ..Variable name=FUELOILNO1:FACILITY not valid for this simulation.
   ** Warning ** Processing Monthly Tabular Reports: EnergyConsumptionDieselFuelOilMonthly
   **   ~~~   ** ..Variable name=FUELOILNO1:FACILITY not valid for this simulation.
   ** Warning ** Processing Monthly Tabular Reports: EnergyConsumptionDieselFuelOilMonthly
   **   ~~~   ** ..Variable name=FUELOILNO2:FACILITY not valid for this simulation.
   ** Warning ** Processing Monthly Tabular Reports: EnergyConsumptionDieselFuelOilMonthly
   **   ~~~   ** ..Variable name=FUELOILNO2:FACILITY not valid for this simulation.
   ** Warning ** Processing Monthly Tabular Reports: EnergyConsumptionDistrictHeatingCoolingMonthly
   **   ~~~   ** ..Variable name=DISTRICTCOOLING:FACILITY not valid for this simulation.
   ** Warning ** Processing Monthly Tabular Reports: EnergyConsumptionDistrictHeatingCoolingMonthly
   **   ~~~   ** ..Variable name=DISTRICTCOOLING:FACILITY not valid for this simulation.
   ** Warning ** Processing Monthly Tabular Reports: EnergyConsumptionDistrictHeatingCoolingMonthly
   **   ~~~   ** ..Variable name=DISTRICTHEATING:FACILITY not valid for this simulation.
   ** Warning ** Processing Monthly Tabular Reports: EnergyConsumptionDistrictHeatingCoolingMonthly
   **   ~~~   ** ..Variable name=DISTRICTHEATING:FACILITY not valid for this simulation.
   ** Warning ** Processing Monthly Tabular Reports: EnergyConsumptionCoalGasolineMonthly
   **   ~~~   ** ..Variable name=COAL:FACILITY not valid for this simulation.
   ** Warning ** Processing Monthly Tabular Reports: EnergyConsumptionCoalGasolineMonthly
   **   ~~~   ** ..Variable name=COAL:FACILITY not valid for this simulation.
   ** Warning ** Processing Monthly Tabular Reports: EnergyConsumptionCoalGasolineMonthly
   **   ~~~   ** ..Variable name=GASOLINE:FACILITY not valid for this simulation.
   ** Warning ** Processing Monthly Tabular Reports: EnergyConsumptionCoalGasolineMonthly
   **   ~~~   ** ..Variable name=GASOLINE:FACILITY not valid for this simulation.
   ** Warning ** Processing Monthly Tabular Reports: EnergyConsumptionOtherFuelsMonthly
   **   ~~~   ** ..Variable name=OTHERFUEL1:FACILITY not valid for this simulation.
   ** Warning ** Processing Monthly Tabular Reports: EnergyConsumptionOtherFuelsMonthly
   **   ~~~   ** ..Variable name=OTHERFUEL1:FACILITY not valid for this simulation.
   ** Warning ** Processing Monthly Tabular Reports: EnergyConsumptionOtherFuelsMonthly
   **   ~~~   ** ..Variable name=OTHERFUEL2:FACILITY not valid for this simulation.
   ** Warning ** Processing Monthly Tabular Reports: EnergyConsumptionOtherFuelsMonthly
   **   ~~~   ** ..Variable name=OTHERFUEL2:FACILITY not valid for this simulation.
   ** Warning ** Processing Monthly Tabular Reports: EndUseEnergyConsumptionElectricityMonthly
   **   ~~~   ** ..Variable name=HEATREJECTION:ELECTRICITY not valid for this simulation.
   ** Warning ** Processing Monthly Tabular Reports: EndUseEnergyConsumptionElectricityMonthly
   **   ~~~   ** ..Variable name=HUMIDIFIER:ELECTRICITY not valid for this simulation.
   ** Warning ** Processing Monthly Tabular Reports: EndUseEnergyConsumptionElectricityMonthly
   **   ~~~   ** ..Variable name=COGENERATION:ELECTRICITY not valid for this simulation.
   ** Warning ** Processing Monthly Tabular Reports: EndUseEnergyConsumptionElectricityMonthly
   **   ~~~   ** ..Variable name=HEATREJECTION:ELECTRICITY not valid for this simulation.
   **   ~~~   ** ..i.e., Variable name=Meter:HEATREJECTION:ELECTRICITY not valid for this simulation.
   ** Warning ** Processing Monthly Tabular Reports: EndUseEnergyConsumptionElectricityMonthly
   **   ~~~   ** ..Variable name=HUMIDIFIER:ELECTRICITY not valid for this simulation.
   **   ~~~   ** ..i.e., Variable name=Meter:HUMIDIFIER:ELECTRICITY not valid for this simulation.
   ** Warning ** Processing Monthly Tabular Reports: EndUseEnergyConsumptionElectricityMonthly
   **   ~~~   ** ..Variable name=COGENERATION:ELECTRICITY not valid for this simulation.
   **   ~~~   ** ..i.e., Variable name=Meter:COGENERATION:ELECTRICITY not valid for this simulation.
   ** Warning ** Processing Monthly Tabular Reports: EndUseEnergyConsumptionNaturalGasMonthly
   **   ~~~   ** ..Variable name=EXTERIOREQUIPMENT:NATURALGAS not valid for this simulation.
   ** Warning ** Processing Monthly Tabular Reports: EndUseEnergyConsumptionNaturalGasMonthly
   **   ~~~   ** ..Variable name=COOLING:NATURALGAS not valid for this simulation.
   ** Warning ** Processing Monthly Tabular Reports: EndUseEnergyConsumptionNaturalGasMonthly
   **   ~~~   ** ..Variable name=COGENERATION:NATURALGAS not valid for this simulation.
   ** Warning ** Processing Monthly Tabular Reports: EndUseEnergyConsumptionNaturalGasMonthly
   **   ~~~   ** ..Variable name=HUMIDIFIER:NATURALGAS not valid for this simulation.
   ** Warning ** Processing Monthly Tabular Reports: EndUseEnergyConsumptionNaturalGasMonthly
   **   ~~~   ** ..Variable name=EXTERIOREQUIPMENT:NATURALGAS not valid for this simulation.
   **   ~~~   ** ..i.e., Variable name=Meter:EXTERIOREQUIPMENT:NATURALGAS not valid for this simulation.
   ** Warning ** Processing Monthly Tabular Reports: EndUseEnergyConsumptionNaturalGasMonthly
   **   ~~~   ** ..Variable name=COOLING:NATURALGAS not valid for this simulation.
   **   ~~~   ** ..i.e., Variable name=Meter:COOLING:NATURALGAS not valid for this simulation.
   ** Warning ** Processing Monthly Tabular Reports: EndUseEnergyConsumptionNaturalGasMonthly
   **   ~~~   ** ..Variable name=COGENERATION:NATURALGAS not valid for this simulation.
   **   ~~~   ** ..i.e., Variable name=Meter:COGENERATION:NATURALGAS not valid for this simulation.
   ** Warning ** Processing Monthly Tabular Reports: EndUseEnergyConsumptionNaturalGasMonthly
   **   ~~~   ** ..Variable name=HUMIDIFIER:NATURALGAS not valid for this simulation.
   **   ~~~   ** ..i.e., Variable name=Meter:HUMIDIFIER:NATURALGAS not valid for this simulation.
   ** Warning ** Processing Monthly Tabular Reports: EndUseEnergyConsumptionDieselMonthly
   **   ~~~   ** ..Variable name=EXTERIOREQUIPMENT:DIESEL not valid for this simulation.
   ** Warning ** Processing Monthly Tabular Reports: EndUseEnergyConsumptionDieselMonthly
   **   ~~~   ** ..Variable name=COOLING:DIESEL not valid for this simulation.
   ** Warning ** Processing Monthly Tabular Reports: EndUseEnergyConsumptionDieselMonthly
   **   ~~~   ** ..Variable name=HEATING:DIESEL not valid for this simulation.
   ** Warning ** Processing Monthly Tabular Reports: EndUseEnergyConsumptionDieselMonthly
   **   ~~~   ** ..Variable name=WATERSYSTEMS:DIESEL not valid for this simulation.
   ** Warning ** Processing Monthly Tabular Reports: EndUseEnergyConsumptionDieselMonthly
   **   ~~~   ** ..Variable name=COGENERATION:DIESEL not valid for this simulation.
   ** Warning ** Processing Monthly Tabular Reports: EndUseEnergyConsumptionFuelOilMonthly
   **   ~~~   ** ..Variable name=EXTERIOREQUIPMENT:FUELOILNO1 not valid for this simulation.
   ** Warning ** Processing Monthly Tabular Reports: EndUseEnergyConsumptionFuelOilMonthly
   **   ~~~   ** ..Variable name=COOLING:FUELOILNO1 not valid for this simulation.
   ** Warning ** Processing Monthly Tabular Reports: EndUseEnergyConsumptionFuelOilMonthly
   **   ~~~   ** ..Variable name=HEATING:FUELOILNO1 not valid for this simulation.
   ** Warning ** Processing Monthly Tabular Reports: EndUseEnergyConsumptionFuelOilMonthly
   **   ~~~   ** ..Variable name=WATERSYSTEMS:FUELOILNO1 not valid for this simulation.
   ** Warning ** Processing Monthly Tabular Reports: EndUseEnergyConsumptionFuelOilMonthly
   **   ~~~   ** ..Variable name=COGENERATION:FUELOILNO1 not valid for this simulation.
   ** Warning ** Processing Monthly Tabular Reports: EndUseEnergyConsumptionFuelOilMonthly
   **   ~~~   ** ..Variable name=EXTERIOREQUIPMENT:FUELOILNO2 not valid for this simulation.
   ** Warning ** Processing Monthly Tabular Reports: EndUseEnergyConsumptionFuelOilMonthly
   **   ~~~   ** ..Variable name=COOLING:FUELOILNO2 not valid for this simulation.
   ** Warning ** Processing Monthly Tabular Reports: EndUseEnergyConsumptionFuelOilMonthly
   **   ~~~   ** ..Variable name=HEATING:FUELOILNO2 not valid for this simulation.
   ** Warning ** Processing Monthly Tabular Reports: EndUseEnergyConsumptionFuelOilMonthly
   **   ~~~   ** ..Variable name=WATERSYSTEMS:FUELOILNO2 not valid for this simulation.
   ** Warning ** Processing Monthly Tabular Reports: EndUseEnergyConsumptionFuelOilMonthly
   **   ~~~   ** ..Variable name=COGENERATION:FUELOILNO2 not valid for this simulation.
   ** Warning ** Processing Monthly Tabular Reports: EndUseEnergyConsumptionCoalMonthly
   **   ~~~   ** ..Variable name=EXTERIOREQUIPMENT:COAL not valid for this simulation.
   ** Warning ** Processing Monthly Tabular Reports: EndUseEnergyConsumptionCoalMonthly
   **   ~~~   ** ..Variable name=HEATING:COAL not valid for this simulation.
   ** Warning ** Processing Monthly Tabular Reports: EndUseEnergyConsumptionCoalMonthly
   **   ~~~   ** ..Variable name=WATERSYSTEMS:COAL not valid for this simulation.
   ** Warning ** Processing Monthly Tabular Reports: EndUseEnergyConsumptionPropaneMonthly
   **   ~~~   ** ..Variable name=EXTERIOREQUIPMENT:PROPANE not valid for this simulation.
   ** Warning ** Processing Monthly Tabular Reports: EndUseEnergyConsumptionPropaneMonthly
   **   ~~~   ** ..Variable name=COOLING:PROPANE not valid for this simulation.
   ** Warning ** Processing Monthly Tabular Reports: EndUseEnergyConsumptionPropaneMonthly
   **   ~~~   ** ..Variable name=HEATING:PROPANE not valid for this simulation.
   ** Warning ** Processing Monthly Tabular Reports: EndUseEnergyConsumptionPropaneMonthly
   **   ~~~   ** ..Variable name=WATERSYSTEMS:PROPANE not valid for this simulation.
   ** Warning ** Processing Monthly Tabular Reports: EndUseEnergyConsumptionPropaneMonthly
   **   ~~~   ** ..Variable name=COGENERATION:PROPANE not valid for this simulation.
   ** Warning ** Processing Monthly Tabular Reports: EndUseEnergyConsumptionPropaneMonthly
   **   ~~~   ** ..Variable name=HUMIDIFIER:PROPANE not valid for this simulation.
   ** Warning ** Processing Monthly Tabular Reports: EndUseEnergyConsumptionGasolineMonthly
   **   ~~~   ** ..Variable name=EXTERIOREQUIPMENT:GASOLINE not valid for this simulation.
   ** Warning ** Processing Monthly Tabular Reports: EndUseEnergyConsumptionGasolineMonthly
   **   ~~~   ** ..Variable name=COOLING:GASOLINE not valid for this simulation.
   ** Warning ** Processing Monthly Tabular Reports: EndUseEnergyConsumptionGasolineMonthly
   **   ~~~   ** ..Variable name=HEATING:GASOLINE not valid for this simulation.
   ** Warning ** Processing Monthly Tabular Reports: EndUseEnergyConsumptionGasolineMonthly
   **   ~~~   ** ..Variable name=WATERSYSTEMS:GASOLINE not valid for this simulation.
   ** Warning ** Processing Monthly Tabular Reports: EndUseEnergyConsumptionGasolineMonthly
   **   ~~~   ** ..Variable name=COGENERATION:GASOLINE not valid for this simulation.
   ** Warning ** Processing Monthly Tabular Reports: EndUseEnergyConsumptionOtherFuelsMonthly
   **   ~~~   ** ..Variable name=EXTERIOREQUIPMENT:OTHERFUEL1 not valid for this simulation.
   ** Warning ** Processing Monthly Tabular Reports: EndUseEnergyConsumptionOtherFuelsMonthly
   **   ~~~   ** ..Variable name=COOLING:OTHERFUEL1 not valid for this simulation.
   ** Warning ** Processing Monthly Tabular Reports: EndUseEnergyConsumptionOtherFuelsMonthly
   **   ~~~   ** ..Variable name=HEATING:OTHERFUEL1 not valid for this simulation.
   ** Warning ** Processing Monthly Tabular Reports: EndUseEnergyConsumptionOtherFuelsMonthly
   **   ~~~   ** ..Variable name=WATERSYSTEMS:OTHERFUEL1 not valid for this simulation.
   ** Warning ** Processing Monthly Tabular Reports: EndUseEnergyConsumptionOtherFuelsMonthly
   **   ~~~   ** ..Variable name=COGENERATION:OTHERFUEL1 not valid for this simulation.
   ** Warning ** Processing Monthly Tabular Reports: EndUseEnergyConsumptionOtherFuelsMonthly
   **   ~~~   ** ..Variable name=EXTERIOREQUIPMENT:OTHERFUEL2 not valid for this simulation.
   ** Warning ** Processing Monthly Tabular Reports: EndUseEnergyConsumptionOtherFuelsMonthly
   **   ~~~   ** ..Variable name=COOLING:OTHERFUEL2 not valid for this simulation.
   ** Warning ** Processing Monthly Tabular Reports: EndUseEnergyConsumptionOtherFuelsMonthly
   **   ~~~   ** ..Variable name=HEATING:OTHERFUEL2 not valid for this simulation.
   ** Warning ** Processing Monthly Tabular Reports: EndUseEnergyConsumptionOtherFuelsMonthly
   **   ~~~   ** ..Variable name=WATERSYSTEMS:OTHERFUEL2 not valid for this simulation.
   ** Warning ** Processing Monthly Tabular Reports: EndUseEnergyConsumptionOtherFuelsMonthly
   **   ~~~   ** ..Variable name=COGENERATION:OTHERFUEL2 not valid for this simulation.
   ** Warning ** Processing Monthly Tabular Reports: PeakEnergyEndUseElectricityPart2Monthly
   **   ~~~   ** ..Variable name=HEATREJECTION:ELECTRICITY not valid for this simulation.
   ** Warning ** Processing Monthly Tabular Reports: PeakEnergyEndUseElectricityPart2Monthly
   **   ~~~   ** ..Variable name=HUMIDIFIER:ELECTRICITY not valid for this simulation.
   ** Warning ** Processing Monthly Tabular Reports: PeakEnergyEndUseElectricityPart2Monthly
   **   ~~~   ** ..Variable name=COGENERATION:ELECTRICITY not valid for this simulation.
   ** Warning ** Processing Monthly Tabular Reports: PeakEnergyEndUseElectricityPart2Monthly
   **   ~~~   ** ..Variable name=HEATREJECTION:ELECTRICITY not valid for this simulation.
   **   ~~~   ** ..i.e., Variable name=Meter:HEATREJECTION:ELECTRICITY not valid for this simulation.
   ** Warning ** Processing Monthly Tabular Reports: PeakEnergyEndUseElectricityPart2Monthly
   **   ~~~   ** ..Variable name=HUMIDIFIER:ELECTRICITY not valid for this simulation.
   **   ~~~   ** ..i.e., Variable name=Meter:HUMIDIFIER:ELECTRICITY not valid for this simulation.
   ** Warning ** Processing Monthly Tabular Reports: PeakEnergyEndUseElectricityPart2Monthly
   **   ~~~   ** ..Variable name=COGENERATION:ELECTRICITY not valid for this simulation.
   **   ~~~   ** ..i.e., Variable name=Meter:COGENERATION:ELECTRICITY not valid for this simulation.
   ** Warning ** Processing Monthly Tabular Reports: ElectricComponentsOfPeakDemandMonthly
   **   ~~~   ** ..Variable name=HEATREJECTION:ELECTRICITY not valid for this simulation.
   ** Warning ** Processing Monthly Tabular Reports: ElectricComponentsOfPeakDemandMonthly
   **   ~~~   ** ..Variable name=HEATREJECTION:ELECTRICITY not valid for this simulation.
   **   ~~~   ** ..i.e., Variable name=Meter:HEATREJECTION:ELECTRICITY not valid for this simulation.
   ** Warning ** Processing Monthly Tabular Reports: PeakEnergyEndUseNaturalGasMonthly
   **   ~~~   ** ..Variable name=EXTERIOREQUIPMENT:NATURALGAS not valid for this simulation.
   ** Warning ** Processing Monthly Tabular Reports: PeakEnergyEndUseNaturalGasMonthly
   **   ~~~   ** ..Variable name=COOLING:NATURALGAS not valid for this simulation.
   ** Warning ** Processing Monthly Tabular Reports: PeakEnergyEndUseNaturalGasMonthly
   **   ~~~   ** ..Variable name=COGENERATION:NATURALGAS not valid for this simulation.
   ** Warning ** Processing Monthly Tabular Reports: PeakEnergyEndUseNaturalGasMonthly
   **   ~~~   ** ..Variable name=EXTERIOREQUIPMENT:NATURALGAS not valid for this simulation.
   **   ~~~   ** ..i.e., Variable name=Meter:EXTERIOREQUIPMENT:NATURALGAS not valid for this simulation.
   ** Warning ** Processing Monthly Tabular Reports: PeakEnergyEndUseNaturalGasMonthly
   **   ~~~   ** ..Variable name=COOLING:NATURALGAS not valid for this simulation.
   **   ~~~   ** ..i.e., Variable name=Meter:COOLING:NATURALGAS not valid for this simulation.
   ** Warning ** Processing Monthly Tabular Reports: PeakEnergyEndUseNaturalGasMonthly
   **   ~~~   ** ..Variable name=COGENERATION:NATURALGAS not valid for this simulation.
   **   ~~~   ** ..i.e., Variable name=Meter:COGENERATION:NATURALGAS not valid for this simulation.
   ** Warning ** Processing Monthly Tabular Reports: PeakEnergyEndUseDieselMonthly
   **   ~~~   ** ..Variable name=EXTERIOREQUIPMENT:DIESEL not valid for this simulation.
   ** Warning ** Processing Monthly Tabular Reports: PeakEnergyEndUseDieselMonthly
   **   ~~~   ** ..Variable name=COOLING:DIESEL not valid for this simulation.
   ** Warning ** Processing Monthly Tabular Reports: PeakEnergyEndUseDieselMonthly
   **   ~~~   ** ..Variable name=HEATING:DIESEL not valid for this simulation.
   ** Warning ** Processing Monthly Tabular Reports: PeakEnergyEndUseDieselMonthly
   **   ~~~   ** ..Variable name=WATERSYSTEMS:DIESEL not valid for this simulation.
   ** Warning ** Processing Monthly Tabular Reports: PeakEnergyEndUseDieselMonthly
   **   ~~~   ** ..Variable name=COGENERATION:DIESEL not valid for this simulation.
   ** Warning ** Processing Monthly Tabular Reports: PeakEnergyEndUseFuelOilMonthly
   **   ~~~   ** ..Variable name=EXTERIOREQUIPMENT:FUELOILNO1 not valid for this simulation.
   ** Warning ** Processing Monthly Tabular Reports: PeakEnergyEndUseFuelOilMonthly
   **   ~~~   ** ..Variable name=COOLING:FUELOILNO1 not valid for this simulation.
   ** Warning ** Processing Monthly Tabular Reports: PeakEnergyEndUseFuelOilMonthly
   **   ~~~   ** ..Variable name=HEATING:FUELOILNO1 not valid for this simulation.
   ** Warning ** Processing Monthly Tabular Reports: PeakEnergyEndUseFuelOilMonthly
   **   ~~~   ** ..Variable name=WATERSYSTEMS:FUELOILNO1 not valid for this simulation.
   ** Warning ** Processing Monthly Tabular Reports: PeakEnergyEndUseFuelOilMonthly
   **   ~~~   ** ..Variable name=COGENERATION:FUELOILNO1 not valid for this simulation.
   ** Warning ** Processing Monthly Tabular Reports: PeakEnergyEndUseFuelOilMonthly
   **   ~~~   ** ..Variable name=EXTERIOREQUIPMENT:FUELOILNO2 not valid for this simulation.
   ** Warning ** Processing Monthly Tabular Reports: PeakEnergyEndUseFuelOilMonthly
   **   ~~~   ** ..Variable name=COOLING:FUELOILNO2 not valid for this simulation.
   ** Warning ** Processing Monthly Tabular Reports: PeakEnergyEndUseFuelOilMonthly
   **   ~~~   ** ..Variable name=HEATING:FUELOILNO2 not valid for this simulation.
   ** Warning ** Processing Monthly Tabular Reports: PeakEnergyEndUseFuelOilMonthly
   **   ~~~   ** ..Variable name=WATERSYSTEMS:FUELOILNO2 not valid for this simulation.
   ** Warning ** Processing Monthly Tabular Reports: PeakEnergyEndUseFuelOilMonthly
   **   ~~~   ** ..Variable name=COGENERATION:FUELOILNO2 not valid for this simulation.
   ** Warning ** Processing Monthly Tabular Reports: PeakEnergyEndUseCoalMonthly
   **   ~~~   ** ..Variable name=EXTERIOREQUIPMENT:COAL not valid for this simulation.
   ** Warning ** Processing Monthly Tabular Reports: PeakEnergyEndUseCoalMonthly
   **   ~~~   ** ..Variable name=HEATING:COAL not valid for this simulation.
   ** Warning ** Processing Monthly Tabular Reports: PeakEnergyEndUseCoalMonthly
   **   ~~~   ** ..Variable name=WATERSYSTEMS:COAL not valid for this simulation.
   ** Warning ** Processing Monthly Tabular Reports: PeakEnergyEndUsePropaneMonthly
   **   ~~~   ** ..Variable name=EXTERIOREQUIPMENT:PROPANE not valid for this simulation.
   ** Warning ** Processing Monthly Tabular Reports: PeakEnergyEndUsePropaneMonthly
   **   ~~~   ** ..Variable name=COOLING:PROPANE not valid for this simulation.
   ** Warning ** Processing Monthly Tabular Reports: PeakEnergyEndUsePropaneMonthly
   **   ~~~   ** ..Variable name=HEATING:PROPANE not valid for this simulation.
   ** Warning ** Processing Monthly Tabular Reports: PeakEnergyEndUsePropaneMonthly
   **   ~~~   ** ..Variable name=WATERSYSTEMS:PROPANE not valid for this simulation.
   ** Warning ** Processing Monthly Tabular Reports: PeakEnergyEndUsePropaneMonthly
   **   ~~~   ** ..Variable name=COGENERATION:PROPANE not valid for this simulation.
   ** Warning ** Processing Monthly Tabular Reports: PeakEnergyEndUseGasolineMonthly
   **   ~~~   ** ..Variable name=EXTERIOREQUIPMENT:GASOLINE not valid for this simulation.
   ** Warning ** Processing Monthly Tabular Reports: PeakEnergyEndUseGasolineMonthly
   **   ~~~   ** ..Variable name=COOLING:GASOLINE not valid for this simulation.
   ** Warning ** Processing Monthly Tabular Reports: PeakEnergyEndUseGasolineMonthly
   **   ~~~   ** ..Variable name=HEATING:GASOLINE not valid for this simulation.
   ** Warning ** Processing Monthly Tabular Reports: PeakEnergyEndUseGasolineMonthly
   **   ~~~   ** ..Variable name=WATERSYSTEMS:GASOLINE not valid for this simulation.
   ** Warning ** Processing Monthly Tabular Reports: PeakEnergyEndUseGasolineMonthly
   **   ~~~   ** ..Variable name=COGENERATION:GASOLINE not valid for this simulation.
   ** Warning ** Processing Monthly Tabular Reports: PeakEnergyEndUseOtherFuelsMonthly
   **   ~~~   ** ..Variable name=EXTERIOREQUIPMENT:OTHERFUEL1 not valid for this simulation.
   ** Warning ** Processing Monthly Tabular Reports: PeakEnergyEndUseOtherFuelsMonthly
   **   ~~~   ** ..Variable name=COOLING:OTHERFUEL1 not valid for this simulation.
   ** Warning ** Processing Monthly Tabular Reports: PeakEnergyEndUseOtherFuelsMonthly
   **   ~~~   ** ..Variable name=HEATING:OTHERFUEL1 not valid for this simulation.
   ** Warning ** Processing Monthly Tabular Reports: PeakEnergyEndUseOtherFuelsMonthly
   **   ~~~   ** ..Variable name=WATERSYSTEMS:OTHERFUEL1 not valid for this simulation.
   ** Warning ** Processing Monthly Tabular Reports: PeakEnergyEndUseOtherFuelsMonthly
   **   ~~~   ** ..Variable name=COGENERATION:OTHERFUEL1 not valid for this simulation.
   ** Warning ** Processing Monthly Tabular Reports: PeakEnergyEndUseOtherFuelsMonthly
   **   ~~~   ** ..Variable name=EXTERIOREQUIPMENT:OTHERFUEL2 not valid for this simulation.
   ** Warning ** Processing Monthly Tabular Reports: PeakEnergyEndUseOtherFuelsMonthly
   **   ~~~   ** ..Variable name=COOLING:OTHERFUEL2 not valid for this simulation.
   ** Warning ** Processing Monthly Tabular Reports: PeakEnergyEndUseOtherFuelsMonthly
   **   ~~~   ** ..Variable name=HEATING:OTHERFUEL2 not valid for this simulation.
   ** Warning ** Processing Monthly Tabular Reports: PeakEnergyEndUseOtherFuelsMonthly
   **   ~~~   ** ..Variable name=WATERSYSTEMS:OTHERFUEL2 not valid for this simulation.
   ** Warning ** Processing Monthly Tabular Reports: PeakEnergyEndUseOtherFuelsMonthly
   **   ~~~   ** ..Variable name=COGENERATION:OTHERFUEL2 not valid for this simulation.
   ** Warning ** Processing Monthly Tabular Reports: UnglazedTranspiredSolarCollectorSummaryMonthly
   **   ~~~   ** ..Variable name=SOLAR COLLECTOR SYSTEM EFFICIENCY not valid for this simulation.
   ** Warning ** Processing Monthly Tabular Reports: UnglazedTranspiredSolarCollectorSummaryMonthly
   **   ~~~   ** ..Variable name=SOLAR COLLECTOR SYSTEM EFFICIENCY not valid for this simulation.
   ** Warning ** Processing Monthly Tabular Reports: UnglazedTranspiredSolarCollectorSummaryMonthly
   **   ~~~   ** ..Variable name=SOLAR COLLECTOR OUTSIDE FACE SUCTION VELOCITY not valid for this simulation.
   ** Warning ** Processing Monthly Tabular Reports: UnglazedTranspiredSolarCollectorSummaryMonthly
   **   ~~~   ** ..Variable name=SOLAR COLLECTOR SENSIBLE HEATING RATE not valid for this simulation.
   ** Warning ** Processing Monthly Tabular Reports: ChillerReportMonthly
   **   ~~~   ** ..Variable name=CHILLER ELECTRICITY ENERGY not valid for this simulation.
   ** Warning ** Processing Monthly Tabular Reports: ChillerReportMonthly
   **   ~~~   ** ..Variable name=CHILLER ELECTRICITY RATE not valid for this simulation.
   ** Warning ** Processing Monthly Tabular Reports: ChillerReportMonthly
   **   ~~~   ** ..Variable name=CHILLER ELECTRICITY ENERGY not valid for this simulation.
   ** Warning ** Processing Monthly Tabular Reports: ChillerReportMonthly
   **   ~~~   ** ..Variable name=CHILLER EVAPORATOR COOLING ENERGY not valid for this simulation.
   ** Warning ** Processing Monthly Tabular Reports: ChillerReportMonthly
   **   ~~~   ** ..Variable name=CHILLER EVAPORATOR COOLING RATE not valid for this simulation.
   ** Warning ** Processing Monthly Tabular Reports: ChillerReportMonthly
   **   ~~~   ** ..Variable name=CHILLER CONDENSER HEAT TRANSFER ENERGY not valid for this simulation.
   ** Warning ** Processing Monthly Tabular Reports: ChillerReportMonthly
   **   ~~~   ** ..Variable name=CHILLER COP not valid for this simulation.
   ** Warning ** Processing Monthly Tabular Reports: ChillerReportMonthly
   **   ~~~   ** ..Variable name=CHILLER COP not valid for this simulation.
   ** Warning ** Processing Monthly Tabular Reports: ChillerReportMonthly
   **   ~~~   ** ..Variable name=CHILLER PART LOAD RATIO not valid for this simulation.
   ** Warning ** Processing Monthly Tabular Reports: ChillerReportMonthly
   **   ~~~   ** ..Variable name=CHILLER PART LOAD RATIO not valid for this simulation.
   ** Warning ** Processing Monthly Tabular Reports: TowerReportMonthly
   **   ~~~   ** ..Variable name=COOLING TOWER FAN ELECTRICITY ENERGY not valid for this simulation.
   ** Warning ** Processing Monthly Tabular Reports: TowerReportMonthly
   **   ~~~   ** ..Variable name=COOLING TOWER FAN ELECTRICITY ENERGY not valid for this simulation.
   ** Warning ** Processing Monthly Tabular Reports: TowerReportMonthly
   **   ~~~   ** ..Variable name=COOLING TOWER FAN ELECTRICITY RATE not valid for this simulation.
   ** Warning ** Processing Monthly Tabular Reports: TowerReportMonthly
   **   ~~~   ** ..Variable name=COOLING TOWER HEAT TRANSFER RATE not valid for this simulation.
   ** Warning ** Processing Monthly Tabular Reports: TowerReportMonthly
   **   ~~~   ** ..Variable name=COOLING TOWER INLET TEMPERATURE not valid for this simulation.
   ** Warning ** Processing Monthly Tabular Reports: TowerReportMonthly
   **   ~~~   ** ..Variable name=COOLING TOWER OUTLET TEMPERATURE not valid for this simulation.
   ** Warning ** Processing Monthly Tabular Reports: TowerReportMonthly
   **   ~~~   ** ..Variable name=COOLING TOWER MASS FLOW RATE not valid for this simulation.
   ** Warning ** Processing Monthly Tabular Reports: BoilerReportMonthly
   **   ~~~   ** ..Variable name=BOILER GAS CONSUMPTION not valid for this simulation.
   ** Warning ** Processing Monthly Tabular Reports: BoilerReportMonthly
   **   ~~~   ** ..Variable name=BOILER GAS CONSUMPTION RATE not valid for this simulation.
   ** Warning ** Processing Monthly Tabular Reports: BoilerReportMonthly
   **   ~~~   ** ..Variable name=BOILER GAS CONSUMPTION not valid for this simulation.
   **   ~~~   ** ..i.e., Variable name=HEATSYS1 BOILER:BOILER GAS CONSUMPTION not valid for this simulation.
   ** Warning ** Processing Monthly Tabular Reports: BoilerReportMonthly
   **   ~~~   ** ..Variable name=BOILER GAS CONSUMPTION RATE not valid for this simulation.
   **   ~~~   ** ..i.e., Variable name=HEATSYS1 BOILER:BOILER GAS CONSUMPTION RATE not valid for this simulation.
   ** Warning ** Processing Monthly Tabular Reports: DXReportMonthly
   **   ~~~   ** ..Variable name=COOLING COIL CRANKCASE HEATER ELECTRICITY ENERGY not valid for this simulation.
   **   ~~~   ** ..i.e., Variable name=VAV_POD_1 COOLING COIL:COOLING COIL CRANKCASE HEATER ELECTRICITY ENERGY not valid for this simulation.
   ** Warning ** Processing Monthly Tabular Reports: DXReportMonthly
   **   ~~~   ** ..Variable name=COOLING COIL CRANKCASE HEATER ELECTRICITY RATE not valid for this simulation.
   **   ~~~   ** ..i.e., Variable name=VAV_POD_1 COOLING COIL:COOLING COIL CRANKCASE HEATER ELECTRICITY RATE not valid for this simulation.
   ** Warning ** Processing Monthly Tabular Reports: DXReportMonthly
   **   ~~~   ** ..Variable name=COOLING COIL CRANKCASE HEATER ELECTRICITY ENERGY not valid for this simulation.
   **   ~~~   ** ..i.e., Variable name=VAV_POD_2 COOLING COIL:COOLING COIL CRANKCASE HEATER ELECTRICITY ENERGY not valid for this simulation.
   ** Warning ** Processing Monthly Tabular Reports: DXReportMonthly
   **   ~~~   ** ..Variable name=COOLING COIL CRANKCASE HEATER ELECTRICITY RATE not valid for this simulation.
   **   ~~~   ** ..i.e., Variable name=VAV_POD_2 COOLING COIL:COOLING COIL CRANKCASE HEATER ELECTRICITY RATE not valid for this simulation.
   ** Warning ** Processing Monthly Tabular Reports: DXReportMonthly
   **   ~~~   ** ..Variable name=COOLING COIL CRANKCASE HEATER ELECTRICITY ENERGY not valid for this simulation.
   **   ~~~   ** ..i.e., Variable name=VAV_POD_3 COOLING COIL:COOLING COIL CRANKCASE HEATER ELECTRICITY ENERGY not valid for this simulation.
   ** Warning ** Processing Monthly Tabular Reports: DXReportMonthly
   **   ~~~   ** ..Variable name=COOLING COIL CRANKCASE HEATER ELECTRICITY RATE not valid for this simulation.
   **   ~~~   ** ..i.e., Variable name=VAV_POD_3 COOLING COIL:COOLING COIL CRANKCASE HEATER ELECTRICITY RATE not valid for this simulation.
   ** Warning ** Processing Monthly Tabular Reports: DXReportMonthly
   **   ~~~   ** ..Variable name=COOLING COIL CRANKCASE HEATER ELECTRICITY ENERGY not valid for this simulation.
   **   ~~~   ** ..i.e., Variable name=VAV_OTHER COOLING COIL:COOLING COIL CRANKCASE HEATER ELECTRICITY ENERGY not valid for this simulation.
   ** Warning ** Processing Monthly Tabular Reports: DXReportMonthly
   **   ~~~   ** ..Variable name=COOLING COIL CRANKCASE HEATER ELECTRICITY RATE not valid for this simulation.
   **   ~~~   ** ..i.e., Variable name=VAV_OTHER COOLING COIL:COOLING COIL CRANKCASE HEATER ELECTRICITY RATE not valid for this simulation.
   ** Warning ** Processing Monthly Tabular Reports: WindowACReportMonthly
   **   ~~~   ** ..Variable name=ZONE WINDOW AIR CONDITIONER TOTAL COOLING ENERGY not valid for this simulation.
   ** Warning ** Processing Monthly Tabular Reports: WindowACReportMonthly
   **   ~~~   ** ..Variable name=ZONE WINDOW AIR CONDITIONER ELECTRICITY ENERGY not valid for this simulation.
   ** Warning ** Processing Monthly Tabular Reports: WindowACReportMonthly
   **   ~~~   ** ..Variable name=ZONE WINDOW AIR CONDITIONER TOTAL COOLING ENERGY not valid for this simulation.
   ** Warning ** Processing Monthly Tabular Reports: WindowACReportMonthly
   **   ~~~   ** ..Variable name=ZONE WINDOW AIR CONDITIONER SENSIBLE COOLING ENERGY not valid for this simulation.
   ** Warning ** Processing Monthly Tabular Reports: WindowACReportMonthly
   **   ~~~   ** ..Variable name=ZONE WINDOW AIR CONDITIONER LATENT COOLING ENERGY not valid for this simulation.
   ** Warning ** Processing Monthly Tabular Reports: WindowACReportMonthly
   **   ~~~   ** ..Variable name=ZONE WINDOW AIR CONDITIONER TOTAL COOLING RATE not valid for this simulation.
   ** Warning ** Processing Monthly Tabular Reports: WindowACReportMonthly
   **   ~~~   ** ..Variable name=ZONE WINDOW AIR CONDITIONER SENSIBLE COOLING RATE not valid for this simulation.
   ** Warning ** Processing Monthly Tabular Reports: WindowACReportMonthly
   **   ~~~   ** ..Variable name=ZONE WINDOW AIR CONDITIONER LATENT COOLING RATE not valid for this simulation.
   ** Warning ** Processing Monthly Tabular Reports: WindowACReportMonthly
   **   ~~~   ** ..Variable name=ZONE WINDOW AIR CONDITIONER ELECTRICITY RATE not valid for this simulation.
   ** Warning ** Processing Monthly Tabular Reports: WaterHeaterReportMonthly
   **   ~~~   ** ..Variable name=WATER HEATER BURNER HEATING ENERGY not valid for this simulation.
   ** Warning ** Processing Monthly Tabular Reports: WaterHeaterReportMonthly
   **   ~~~   ** ..Variable name=WATER HEATER GAS CONSUMPTION not valid for this simulation.
   ** Warning ** Processing Monthly Tabular Reports: WaterHeaterReportMonthly
   **   ~~~   ** ..Variable name=WATER HEATER LOSS DEMAND ENERGY not valid for this simulation.
   ** Warning ** Processing Monthly Tabular Reports: WaterHeaterReportMonthly
   **   ~~~   ** ..Variable name=WATER HEATER HEAT RECOVERY SUPPLY ENERGY not valid for this simulation.
   ** Warning ** Processing Monthly Tabular Reports: WaterHeaterReportMonthly
   **   ~~~   ** ..Variable name=WATER HEATER SOURCE ENERGY not valid for this simulation.
   ** Warning ** Processing Monthly Tabular Reports: WaterHeaterReportMonthly
   **   ~~~   ** ..Variable name=WATER HEATER BURNER HEATING ENERGY not valid for this simulation.
   **   ~~~   ** ..i.e., Variable name=SWH BOOSTER E WATER HEATER:WATER HEATER BURNER HEATING ENERGY not valid for this simulation.
   ** Warning ** Processing Monthly Tabular Reports: WaterHeaterReportMonthly
   **   ~~~   ** ..Variable name=WATER HEATER GAS CONSUMPTION not valid for this simulation.
   **   ~~~   ** ..i.e., Variable name=SWH BOOSTER E WATER HEATER:WATER HEATER GAS CONSUMPTION not valid for this simulation.
   ** Warning ** Processing Monthly Tabular Reports: WaterHeaterReportMonthly
   **   ~~~   ** ..Variable name=WATER HEATER LOSS DEMAND ENERGY not valid for this simulation.
   **   ~~~   ** ..i.e., Variable name=SWH BOOSTER E WATER HEATER:WATER HEATER LOSS DEMAND ENERGY not valid for this simulation.
   ** Warning ** Processing Monthly Tabular Reports: WaterHeaterReportMonthly
   **   ~~~   ** ..Variable name=WATER HEATER HEAT RECOVERY SUPPLY ENERGY not valid for this simulation.
   **   ~~~   ** ..i.e., Variable name=SWH BOOSTER E WATER HEATER:WATER HEATER HEAT RECOVERY SUPPLY ENERGY not valid for this simulation.
   ** Warning ** Processing Monthly Tabular Reports: WaterHeaterReportMonthly
   **   ~~~   ** ..Variable name=WATER HEATER SOURCE ENERGY not valid for this simulation.
   **   ~~~   ** ..i.e., Variable name=SWH BOOSTER E WATER HEATER:WATER HEATER SOURCE ENERGY not valid for this simulation.
   ** Warning ** Processing Monthly Tabular Reports: WaterHeaterReportMonthly
   **   ~~~   ** ..Variable name=WATER HEATER BURNER HEATING ENERGY not valid for this simulation.
   **   ~~~   ** ..i.e., Variable name=SWHSYS1 WATER HEATER:WATER HEATER BURNER HEATING ENERGY not valid for this simulation.
   ** Warning ** Processing Monthly Tabular Reports: WaterHeaterReportMonthly
   **   ~~~   ** ..Variable name=WATER HEATER GAS CONSUMPTION not valid for this simulation.
   **   ~~~   ** ..i.e., Variable name=SWHSYS1 WATER HEATER:WATER HEATER GAS CONSUMPTION not valid for this simulation.
   ** Warning ** Processing Monthly Tabular Reports: WaterHeaterReportMonthly
   **   ~~~   ** ..Variable name=WATER HEATER LOSS DEMAND ENERGY not valid for this simulation.
   **   ~~~   ** ..i.e., Variable name=SWHSYS1 WATER HEATER:WATER HEATER LOSS DEMAND ENERGY not valid for this simulation.
   ** Warning ** Processing Monthly Tabular Reports: WaterHeaterReportMonthly
   **   ~~~   ** ..Variable name=WATER HEATER HEAT RECOVERY SUPPLY ENERGY not valid for this simulation.
   **   ~~~   ** ..i.e., Variable name=SWHSYS1 WATER HEATER:WATER HEATER HEAT RECOVERY SUPPLY ENERGY not valid for this simulation.
   ** Warning ** Processing Monthly Tabular Reports: WaterHeaterReportMonthly
   **   ~~~   ** ..Variable name=WATER HEATER SOURCE ENERGY not valid for this simulation.
   **   ~~~   ** ..i.e., Variable name=SWHSYS1 WATER HEATER:WATER HEATER SOURCE ENERGY not valid for this simulation.
   ** Warning ** Processing Monthly Tabular Reports: GeneratorReportMonthly
   **   ~~~   ** ..Variable name=GENERATOR PRODUCED AC ELECTRICITY ENERGY not valid for this simulation.
   ** Warning ** Processing Monthly Tabular Reports: GeneratorReportMonthly
   **   ~~~   ** ..Variable name=GENERATOR DIESEL CONSUMPTION not valid for this simulation.
   ** Warning ** Processing Monthly Tabular Reports: GeneratorReportMonthly
   **   ~~~   ** ..Variable name=GENERATOR GAS CONSUMPTION not valid for this simulation.
   ** Warning ** Processing Monthly Tabular Reports: GeneratorReportMonthly
   **   ~~~   ** ..Variable name=GENERATOR PRODUCED AC ELECTRICITY ENERGY not valid for this simulation.
   ** Warning ** Processing Monthly Tabular Reports: GeneratorReportMonthly
   **   ~~~   ** ..Variable name=GENERATOR TOTAL HEAT RECOVERY not valid for this simulation.
   ** Warning ** Processing Monthly Tabular Reports: GeneratorReportMonthly
   **   ~~~   ** ..Variable name=GENERATOR JACKET HEAT RECOVERY ENERGY not valid for this simulation.
   ** Warning ** Processing Monthly Tabular Reports: GeneratorReportMonthly
   **   ~~~   ** ..Variable name=GENERATOR LUBE HEAT RECOVERY not valid for this simulation.
   ** Warning ** Processing Monthly Tabular Reports: GeneratorReportMonthly
   **   ~~~   ** ..Variable name=GENERATOR EXHAUST HEAT RECOVERY ENERGY not valid for this simulation.
   ** Warning ** Processing Monthly Tabular Reports: GeneratorReportMonthly
   **   ~~~   ** ..Variable name=GENERATOR EXHAUST AIR TEMPERATURE not valid for this simulation.
   ** Warning ** Processing Monthly Tabular Reports: CoilReportMonthly
   **   ~~~   ** ..Variable name=COOLING COIL WETTED AREA FRACTION not valid for this simulation.
   ** Warning ** Processing Monthly Tabular Reports: CoilReportMonthly
   **   ~~~   ** ..Variable name=COOLING COIL TOTAL COOLING ENERGY not valid for this simulation.
   **   ~~~   ** ..i.e., Variable name=VAV_POD_1 HEATING COIL:COOLING COIL TOTAL COOLING ENERGY not valid for this simulation.
   ** Warning ** Processing Monthly Tabular Reports: CoilReportMonthly
   **   ~~~   ** ..Variable name=COOLING COIL SENSIBLE COOLING ENERGY not valid for this simulation.
   **   ~~~   ** ..i.e., Variable name=VAV_POD_1 HEATING COIL:COOLING COIL SENSIBLE COOLING ENERGY not valid for this simulation.
   ** Warning ** Processing Monthly Tabular Reports: CoilReportMonthly
   **   ~~~   ** ..Variable name=COOLING COIL TOTAL COOLING RATE not valid for this simulation.
   **   ~~~   ** ..i.e., Variable name=VAV_POD_1 HEATING COIL:COOLING COIL TOTAL COOLING RATE not valid for this simulation.
   ** Warning ** Processing Monthly Tabular Reports: CoilReportMonthly
   **   ~~~   ** ..Variable name=COOLING COIL SENSIBLE COOLING RATE not valid for this simulation.
   **   ~~~   ** ..i.e., Variable name=VAV_POD_1 HEATING COIL:COOLING COIL SENSIBLE COOLING RATE not valid for this simulation.
   ** Warning ** Processing Monthly Tabular Reports: CoilReportMonthly
   **   ~~~   ** ..Variable name=COOLING COIL WETTED AREA FRACTION not valid for this simulation.
   **   ~~~   ** ..i.e., Variable name=VAV_POD_1 HEATING COIL:COOLING COIL WETTED AREA FRACTION not valid for this simulation.
   ** Warning ** Processing Monthly Tabular Reports: CoilReportMonthly
   **   ~~~   ** ..Variable name=COOLING COIL TOTAL COOLING ENERGY not valid for this simulation.
   **   ~~~   ** ..i.e., Variable name=CORNER_CLASS_1_POD_1_ZN_1_FLR_1 VAV BOX REHEAT COIL:COOLING COIL TOTAL COOLING ENERGY not valid for this simulation.
   ** Warning ** Processing Monthly Tabular Reports: CoilReportMonthly
   **   ~~~   ** ..Variable name=COOLING COIL SENSIBLE COOLING ENERGY not valid for this simulation.
   **   ~~~   ** ..i.e., Variable name=CORNER_CLASS_1_POD_1_ZN_1_FLR_1 VAV BOX REHEAT COIL:COOLING COIL SENSIBLE COOLING ENERGY not valid for this simulation.
   ** Warning ** Processing Monthly Tabular Reports: CoilReportMonthly
   **   ~~~   ** ..Variable name=COOLING COIL TOTAL COOLING RATE not valid for this simulation.
   **   ~~~   ** ..i.e., Variable name=CORNER_CLASS_1_POD_1_ZN_1_FLR_1 VAV BOX REHEAT COIL:COOLING COIL TOTAL COOLING RATE not valid for this simulation.
   ** Warning ** Processing Monthly Tabular Reports: CoilReportMonthly
   **   ~~~   ** ..Variable name=COOLING COIL SENSIBLE COOLING RATE not valid for this simulation.
   **   ~~~   ** ..i.e., Variable name=CORNER_CLASS_1_POD_1_ZN_1_FLR_1 VAV BOX REHEAT COIL:COOLING COIL SENSIBLE COOLING RATE not valid for this simulation.
   ** Warning ** Processing Monthly Tabular Reports: CoilReportMonthly
   **   ~~~   ** ..Variable name=COOLING COIL WETTED AREA FRACTION not valid for this simulation.
   **   ~~~   ** ..i.e., Variable name=CORNER_CLASS_1_POD_1_ZN_1_FLR_1 VAV BOX REHEAT COIL:COOLING COIL WETTED AREA FRACTION not valid for this simulation.
   ** Warning ** Processing Monthly Tabular Reports: CoilReportMonthly
   **   ~~~   ** ..Variable name=COOLING COIL TOTAL COOLING ENERGY not valid for this simulation.
   **   ~~~   ** ..i.e., Variable name=MULT_CLASS_1_POD_1_ZN_1_FLR_1 VAV BOX REHEAT COIL:COOLING COIL TOTAL COOLING ENERGY not valid for this simulation.
   ** Warning ** Processing Monthly Tabular Reports: CoilReportMonthly
   **   ~~~   ** ..Variable name=COOLING COIL SENSIBLE COOLING ENERGY not valid for this simulation.
   **   ~~~   ** ..i.e., Variable name=MULT_CLASS_1_POD_1_ZN_1_FLR_1 VAV BOX REHEAT COIL:COOLING COIL SENSIBLE COOLING ENERGY not valid for this simulation.
   ** Warning ** Processing Monthly Tabular Reports: CoilReportMonthly
   **   ~~~   ** ..Variable name=COOLING COIL TOTAL COOLING RATE not valid for this simulation.
   **   ~~~   ** ..i.e., Variable name=MULT_CLASS_1_POD_1_ZN_1_FLR_1 VAV BOX REHEAT COIL:COOLING COIL TOTAL COOLING RATE not valid for this simulation.
   ** Warning ** Processing Monthly Tabular Reports: CoilReportMonthly
   **   ~~~   ** ..Variable name=COOLING COIL SENSIBLE COOLING RATE not valid for this simulation.
   **   ~~~   ** ..i.e., Variable name=MULT_CLASS_1_POD_1_ZN_1_FLR_1 VAV BOX REHEAT COIL:COOLING COIL SENSIBLE COOLING RATE not valid for this simulation.
   ** Warning ** Processing Monthly Tabular Reports: CoilReportMonthly
   **   ~~~   ** ..Variable name=COOLING COIL WETTED AREA FRACTION not valid for this simulation.
   **   ~~~   ** ..i.e., Variable name=MULT_CLASS_1_POD_1_ZN_1_FLR_1 VAV BOX REHEAT COIL:COOLING COIL WETTED AREA FRACTION not valid for this simulation.
   ** Warning ** Processing Monthly Tabular Reports: CoilReportMonthly
   **   ~~~   ** ..Variable name=COOLING COIL TOTAL COOLING ENERGY not valid for this simulation.
   **   ~~~   ** ..i.e., Variable name=CORRIDOR_POD_1_ZN_1_FLR_1 VAV BOX REHEAT COIL:COOLING COIL TOTAL COOLING ENERGY not valid for this simulation.
   ** Warning ** Processing Monthly Tabular Reports: CoilReportMonthly
   **   ~~~   ** ..Variable name=COOLING COIL SENSIBLE COOLING ENERGY not valid for this simulation.
   **   ~~~   ** ..i.e., Variable name=CORRIDOR_POD_1_ZN_1_FLR_1 VAV BOX REHEAT COIL:COOLING COIL SENSIBLE COOLING ENERGY not valid for this simulation.
   ** Warning ** Processing Monthly Tabular Reports: CoilReportMonthly
   **   ~~~   ** ..Variable name=COOLING COIL TOTAL COOLING RATE not valid for this simulation.
   **   ~~~   ** ..i.e., Variable name=CORRIDOR_POD_1_ZN_1_FLR_1 VAV BOX REHEAT COIL:COOLING COIL TOTAL COOLING RATE not valid for this simulation.
   ** Warning ** Processing Monthly Tabular Reports: CoilReportMonthly
   **   ~~~   ** ..Variable name=COOLING COIL SENSIBLE COOLING RATE not valid for this simulation.
   **   ~~~   ** ..i.e., Variable name=CORRIDOR_POD_1_ZN_1_FLR_1 VAV BOX REHEAT COIL:COOLING COIL SENSIBLE COOLING RATE not valid for this simulation.
   ** Warning ** Processing Monthly Tabular Reports: CoilReportMonthly
   **   ~~~   ** ..Variable name=COOLING COIL WETTED AREA FRACTION not valid for this simulation.
   **   ~~~   ** ..i.e., Variable name=CORRIDOR_POD_1_ZN_1_FLR_1 VAV BOX REHEAT COIL:COOLING COIL WETTED AREA FRACTION not valid for this simulation.
   ** Warning ** Processing Monthly Tabular Reports: CoilReportMonthly
   **   ~~~   ** ..Variable name=COOLING COIL TOTAL COOLING ENERGY not valid for this simulation.
   **   ~~~   ** ..i.e., Variable name=CORNER_CLASS_2_POD_1_ZN_1_FLR_1 VAV BOX REHEAT COIL:COOLING COIL TOTAL COOLING ENERGY not valid for this simulation.
   ** Warning ** Processing Monthly Tabular Reports: CoilReportMonthly
   **   ~~~   ** ..Variable name=COOLING COIL SENSIBLE COOLING ENERGY not valid for this simulation.
   **   ~~~   ** ..i.e., Variable name=CORNER_CLASS_2_POD_1_ZN_1_FLR_1 VAV BOX REHEAT COIL:COOLING COIL SENSIBLE COOLING ENERGY not valid for this simulation.
   ** Warning ** Processing Monthly Tabular Reports: CoilReportMonthly
   **   ~~~   ** ..Variable name=COOLING COIL TOTAL COOLING RATE not valid for this simulation.
   **   ~~~   ** ..i.e., Variable name=CORNER_CLASS_2_POD_1_ZN_1_FLR_1 VAV BOX REHEAT COIL:COOLING COIL TOTAL COOLING RATE not valid for this simulation.
   ** Warning ** Processing Monthly Tabular Reports: CoilReportMonthly
   **   ~~~   ** ..Variable name=COOLING COIL SENSIBLE COOLING RATE not valid for this simulation.
   **   ~~~   ** ..i.e., Variable name=CORNER_CLASS_2_POD_1_ZN_1_FLR_1 VAV BOX REHEAT COIL:COOLING COIL SENSIBLE COOLING RATE not valid for this simulation.
   ** Warning ** Processing Monthly Tabular Reports: CoilReportMonthly
   **   ~~~   ** ..Variable name=COOLING COIL WETTED AREA FRACTION not valid for this simulation.
   **   ~~~   ** ..i.e., Variable name=CORNER_CLASS_2_POD_1_ZN_1_FLR_1 VAV BOX REHEAT COIL:COOLING COIL WETTED AREA FRACTION not valid for this simulation.
   ** Warning ** Processing Monthly Tabular Reports: CoilReportMonthly
   **   ~~~   ** ..Variable name=COOLING COIL TOTAL COOLING ENERGY not valid for this simulation.
   **   ~~~   ** ..i.e., Variable name=MULT_CLASS_2_POD_1_ZN_1_FLR_1 VAV BOX REHEAT COIL:COOLING COIL TOTAL COOLING ENERGY not valid for this simulation.
   ** Warning ** Processing Monthly Tabular Reports: CoilReportMonthly
   **   ~~~   ** ..Variable name=COOLING COIL SENSIBLE COOLING ENERGY not valid for this simulation.
   **   ~~~   ** ..i.e., Variable name=MULT_CLASS_2_POD_1_ZN_1_FLR_1 VAV BOX REHEAT COIL:COOLING COIL SENSIBLE COOLING ENERGY not valid for this simulation.
   ** Warning ** Processing Monthly Tabular Reports: CoilReportMonthly
   **   ~~~   ** ..Variable name=COOLING COIL TOTAL COOLING RATE not valid for this simulation.
   **   ~~~   ** ..i.e., Variable name=MULT_CLASS_2_POD_1_ZN_1_FLR_1 VAV BOX REHEAT COIL:COOLING COIL TOTAL COOLING RATE not valid for this simulation.
   ** Warning ** Processing Monthly Tabular Reports: CoilReportMonthly
   **   ~~~   ** ..Variable name=COOLING COIL SENSIBLE COOLING RATE not valid for this simulation.
   **   ~~~   ** ..i.e., Variable name=MULT_CLASS_2_POD_1_ZN_1_FLR_1 VAV BOX REHEAT COIL:COOLING COIL SENSIBLE COOLING RATE not valid for this simulation.
   ** Warning ** Processing Monthly Tabular Reports: CoilReportMonthly
   **   ~~~   ** ..Variable name=COOLING COIL WETTED AREA FRACTION not valid for this simulation.
   **   ~~~   ** ..i.e., Variable name=MULT_CLASS_2_POD_1_ZN_1_FLR_1 VAV BOX REHEAT COIL:COOLING COIL WETTED AREA FRACTION not valid for this simulation.
   ** Warning ** Processing Monthly Tabular Reports: CoilReportMonthly
   **   ~~~   ** ..Variable name=COOLING COIL TOTAL COOLING ENERGY not valid for this simulation.
   **   ~~~   ** ..i.e., Variable name=VAV_POD_2 HEATING COIL:COOLING COIL TOTAL COOLING ENERGY not valid for this simulation.
   ** Warning ** Processing Monthly Tabular Reports: CoilReportMonthly
   **   ~~~   ** ..Variable name=COOLING COIL SENSIBLE COOLING ENERGY not valid for this simulation.
   **   ~~~   ** ..i.e., Variable name=VAV_POD_2 HEATING COIL:COOLING COIL SENSIBLE COOLING ENERGY not valid for this simulation.
   ** Warning ** Processing Monthly Tabular Reports: CoilReportMonthly
   **   ~~~   ** ..Variable name=COOLING COIL TOTAL COOLING RATE not valid for this simulation.
   **   ~~~   ** ..i.e., Variable name=VAV_POD_2 HEATING COIL:COOLING COIL TOTAL COOLING RATE not valid for this simulation.
   ** Warning ** Processing Monthly Tabular Reports: CoilReportMonthly
   **   ~~~   ** ..Variable name=COOLING COIL SENSIBLE COOLING RATE not valid for this simulation.
   **   ~~~   ** ..i.e., Variable name=VAV_POD_2 HEATING COIL:COOLING COIL SENSIBLE COOLING RATE not valid for this simulation.
   ** Warning ** Processing Monthly Tabular Reports: CoilReportMonthly
   **   ~~~   ** ..Variable name=COOLING COIL WETTED AREA FRACTION not valid for this simulation.
   **   ~~~   ** ..i.e., Variable name=VAV_POD_2 HEATING COIL:COOLING COIL WETTED AREA FRACTION not valid for this simulation.
   ** Warning ** Processing Monthly Tabular Reports: CoilReportMonthly
   **   ~~~   ** ..Variable name=COOLING COIL TOTAL COOLING ENERGY not valid for this simulation.
   **   ~~~   ** ..i.e., Variable name=CORNER_CLASS_1_POD_2_ZN_1_FLR_1 VAV BOX REHEAT COIL:COOLING COIL TOTAL COOLING ENERGY not valid for this simulation.
   ** Warning ** Processing Monthly Tabular Reports: CoilReportMonthly
   **   ~~~   ** ..Variable name=COOLING COIL SENSIBLE COOLING ENERGY not valid for this simulation.
   **   ~~~   ** ..i.e., Variable name=CORNER_CLASS_1_POD_2_ZN_1_FLR_1 VAV BOX REHEAT COIL:COOLING COIL SENSIBLE COOLING ENERGY not valid for this simulation.
   ** Warning ** Processing Monthly Tabular Reports: CoilReportMonthly
   **   ~~~   ** ..Variable name=COOLING COIL TOTAL COOLING RATE not valid for this simulation.
   **   ~~~   ** ..i.e., Variable name=CORNER_CLASS_1_POD_2_ZN_1_FLR_1 VAV BOX REHEAT COIL:COOLING COIL TOTAL COOLING RATE not valid for this simulation.
   ** Warning ** Processing Monthly Tabular Reports: CoilReportMonthly
   **   ~~~   ** ..Variable name=COOLING COIL SENSIBLE COOLING RATE not valid for this simulation.
   **   ~~~   ** ..i.e., Variable name=CORNER_CLASS_1_POD_2_ZN_1_FLR_1 VAV BOX REHEAT COIL:COOLING COIL SENSIBLE COOLING RATE not valid for this simulation.
   ** Warning ** Processing Monthly Tabular Reports: CoilReportMonthly
   **   ~~~   ** ..Variable name=COOLING COIL WETTED AREA FRACTION not valid for this simulation.
   **   ~~~   ** ..i.e., Variable name=CORNER_CLASS_1_POD_2_ZN_1_FLR_1 VAV BOX REHEAT COIL:COOLING COIL WETTED AREA FRACTION not valid for this simulation.
   ** Warning ** Processing Monthly Tabular Reports: CoilReportMonthly
   **   ~~~   ** ..Variable name=COOLING COIL TOTAL COOLING ENERGY not valid for this simulation.
   **   ~~~   ** ..i.e., Variable name=MULT_CLASS_1_POD_2_ZN_1_FLR_1 VAV BOX REHEAT COIL:COOLING COIL TOTAL COOLING ENERGY not valid for this simulation.
   ** Warning ** Processing Monthly Tabular Reports: CoilReportMonthly
   **   ~~~   ** ..Variable name=COOLING COIL SENSIBLE COOLING ENERGY not valid for this simulation.
   **   ~~~   ** ..i.e., Variable name=MULT_CLASS_1_POD_2_ZN_1_FLR_1 VAV BOX REHEAT COIL:COOLING COIL SENSIBLE COOLING ENERGY not valid for this simulation.
   ** Warning ** Processing Monthly Tabular Reports: CoilReportMonthly
   **   ~~~   ** ..Variable name=COOLING COIL TOTAL COOLING RATE not valid for this simulation.
   **   ~~~   ** ..i.e., Variable name=MULT_CLASS_1_POD_2_ZN_1_FLR_1 VAV BOX REHEAT COIL:COOLING COIL TOTAL COOLING RATE not valid for this simulation.
   ** Warning ** Processing Monthly Tabular Reports: CoilReportMonthly
   **   ~~~   ** ..Variable name=COOLING COIL SENSIBLE COOLING RATE not valid for this simulation.
   **   ~~~   ** ..i.e., Variable name=MULT_CLASS_1_POD_2_ZN_1_FLR_1 VAV BOX REHEAT COIL:COOLING COIL SENSIBLE COOLING RATE not valid for this simulation.
   ** Warning ** Processing Monthly Tabular Reports: CoilReportMonthly
   **   ~~~   ** ..Variable name=COOLING COIL WETTED AREA FRACTION not valid for this simulation.
   **   ~~~   ** ..i.e., Variable name=MULT_CLASS_1_POD_2_ZN_1_FLR_1 VAV BOX REHEAT COIL:COOLING COIL WETTED AREA FRACTION not valid for this simulation.
   ** Warning ** Processing Monthly Tabular Reports: CoilReportMonthly
   **   ~~~   ** ..Variable name=COOLING COIL TOTAL COOLING ENERGY not valid for this simulation.
   **   ~~~   ** ..i.e., Variable name=CORRIDOR_POD_2_ZN_1_FLR_1 VAV BOX REHEAT COIL:COOLING COIL TOTAL COOLING ENERGY not valid for this simulation.
   ** Warning ** Processing Monthly Tabular Reports: CoilReportMonthly
   **   ~~~   ** ..Variable name=COOLING COIL SENSIBLE COOLING ENERGY not valid for this simulation.
   **   ~~~   ** ..i.e., Variable name=CORRIDOR_POD_2_ZN_1_FLR_1 VAV BOX REHEAT COIL:COOLING COIL SENSIBLE COOLING ENERGY not valid for this simulation.
   ** Warning ** Processing Monthly Tabular Reports: CoilReportMonthly
   **   ~~~   ** ..Variable name=COOLING COIL TOTAL COOLING RATE not valid for this simulation.
   **   ~~~   ** ..i.e., Variable name=CORRIDOR_POD_2_ZN_1_FLR_1 VAV BOX REHEAT COIL:COOLING COIL TOTAL COOLING RATE not valid for this simulation.
   ** Warning ** Processing Monthly Tabular Reports: CoilReportMonthly
   **   ~~~   ** ..Variable name=COOLING COIL SENSIBLE COOLING RATE not valid for this simulation.
   **   ~~~   ** ..i.e., Variable name=CORRIDOR_POD_2_ZN_1_FLR_1 VAV BOX REHEAT COIL:COOLING COIL SENSIBLE COOLING RATE not valid for this simulation.
   ** Warning ** Processing Monthly Tabular Reports: CoilReportMonthly
   **   ~~~   ** ..Variable name=COOLING COIL WETTED AREA FRACTION not valid for this simulation.
   **   ~~~   ** ..i.e., Variable name=CORRIDOR_POD_2_ZN_1_FLR_1 VAV BOX REHEAT COIL:COOLING COIL WETTED AREA FRACTION not valid for this simulation.
   ** Warning ** Processing Monthly Tabular Reports: CoilReportMonthly
   **   ~~~   ** ..Variable name=COOLING COIL TOTAL COOLING ENERGY not valid for this simulation.
   **   ~~~   ** ..i.e., Variable name=CORNER_CLASS_2_POD_2_ZN_1_FLR_1 VAV BOX REHEAT COIL:COOLING COIL TOTAL COOLING ENERGY not valid for this simulation.
   ** Warning ** Processing Monthly Tabular Reports: CoilReportMonthly
   **   ~~~   ** ..Variable name=COOLING COIL SENSIBLE COOLING ENERGY not valid for this simulation.
   **   ~~~   ** ..i.e., Variable name=CORNER_CLASS_2_POD_2_ZN_1_FLR_1 VAV BOX REHEAT COIL:COOLING COIL SENSIBLE COOLING ENERGY not valid for this simulation.
   ** Warning ** Processing Monthly Tabular Reports: CoilReportMonthly
   **   ~~~   ** ..Variable name=COOLING COIL TOTAL COOLING RATE not valid for this simulation.
   **   ~~~   ** ..i.e., Variable name=CORNER_CLASS_2_POD_2_ZN_1_FLR_1 VAV BOX REHEAT COIL:COOLING COIL TOTAL COOLING RATE not valid for this simulation.
   ** Warning ** Processing Monthly Tabular Reports: CoilReportMonthly
   **   ~~~   ** ..Variable name=COOLING COIL SENSIBLE COOLING RATE not valid for this simulation.
   **   ~~~   ** ..i.e., Variable name=CORNER_CLASS_2_POD_2_ZN_1_FLR_1 VAV BOX REHEAT COIL:COOLING COIL SENSIBLE COOLING RATE not valid for this simulation.
   ** Warning ** Processing Monthly Tabular Reports: CoilReportMonthly
   **   ~~~   ** ..Variable name=COOLING COIL WETTED AREA FRACTION not valid for this simulation.
   **   ~~~   ** ..i.e., Variable name=CORNER_CLASS_2_POD_2_ZN_1_FLR_1 VAV BOX REHEAT COIL:COOLING COIL WETTED AREA FRACTION not valid for this simulation.
   ** Warning ** Processing Monthly Tabular Reports: CoilReportMonthly
   **   ~~~   ** ..Variable name=COOLING COIL TOTAL COOLING ENERGY not valid for this simulation.
   **   ~~~   ** ..i.e., Variable name=MULT_CLASS_2_POD_2_ZN_1_FLR_1 VAV BOX REHEAT COIL:COOLING COIL TOTAL COOLING ENERGY not valid for this simulation.
   ** Warning ** Processing Monthly Tabular Reports: CoilReportMonthly
   **   ~~~   ** ..Variable name=COOLING COIL SENSIBLE COOLING ENERGY not valid for this simulation.
   **   ~~~   ** ..i.e., Variable name=MULT_CLASS_2_POD_2_ZN_1_FLR_1 VAV BOX REHEAT COIL:COOLING COIL SENSIBLE COOLING ENERGY not valid for this simulation.
   ** Warning ** Processing Monthly Tabular Reports: CoilReportMonthly
   **   ~~~   ** ..Variable name=COOLING COIL TOTAL COOLING RATE not valid for this simulation.
   **   ~~~   ** ..i.e., Variable name=MULT_CLASS_2_POD_2_ZN_1_FLR_1 VAV BOX REHEAT COIL:COOLING COIL TOTAL COOLING RATE not valid for this simulation.
   ** Warning ** Processing Monthly Tabular Reports: CoilReportMonthly
   **   ~~~   ** ..Variable name=COOLING COIL SENSIBLE COOLING RATE not valid for this simulation.
   **   ~~~   ** ..i.e., Variable name=MULT_CLASS_2_POD_2_ZN_1_FLR_1 VAV BOX REHEAT COIL:COOLING COIL SENSIBLE COOLING RATE not valid for this simulation.
   ** Warning ** Processing Monthly Tabular Reports: CoilReportMonthly
   **   ~~~   ** ..Variable name=COOLING COIL WETTED AREA FRACTION not valid for this simulation.
   **   ~~~   ** ..i.e., Variable name=MULT_CLASS_2_POD_2_ZN_1_FLR_1 VAV BOX REHEAT COIL:COOLING COIL WETTED AREA FRACTION not valid for this simulation.
   ** Warning ** Processing Monthly Tabular Reports: CoilReportMonthly
   **   ~~~   ** ..Variable name=COOLING COIL TOTAL COOLING ENERGY not valid for this simulation.
   **   ~~~   ** ..i.e., Variable name=VAV_POD_3 HEATING COIL:COOLING COIL TOTAL COOLING ENERGY not valid for this simulation.
   ** Warning ** Processing Monthly Tabular Reports: CoilReportMonthly
   **   ~~~   ** ..Variable name=COOLING COIL SENSIBLE COOLING ENERGY not valid for this simulation.
   **   ~~~   ** ..i.e., Variable name=VAV_POD_3 HEATING COIL:COOLING COIL SENSIBLE COOLING ENERGY not valid for this simulation.
   ** Warning ** Processing Monthly Tabular Reports: CoilReportMonthly
   **   ~~~   ** ..Variable name=COOLING COIL TOTAL COOLING RATE not valid for this simulation.
   **   ~~~   ** ..i.e., Variable name=VAV_POD_3 HEATING COIL:COOLING COIL TOTAL COOLING RATE not valid for this simulation.
   ** Warning ** Processing Monthly Tabular Reports: CoilReportMonthly
   **   ~~~   ** ..Variable name=COOLING COIL SENSIBLE COOLING RATE not valid for this simulation.
   **   ~~~   ** ..i.e., Variable name=VAV_POD_3 HEATING COIL:COOLING COIL SENSIBLE COOLING RATE not valid for this simulation.
   ** Warning ** Processing Monthly Tabular Reports: CoilReportMonthly
   **   ~~~   ** ..Variable name=COOLING COIL WETTED AREA FRACTION not valid for this simulation.
   **   ~~~   ** ..i.e., Variable name=VAV_POD_3 HEATING COIL:COOLING COIL WETTED AREA FRACTION not valid for this simulation.
   ** Warning ** Processing Monthly Tabular Reports: CoilReportMonthly
   **   ~~~   ** ..Variable name=COOLING COIL TOTAL COOLING ENERGY not valid for this simulation.
   **   ~~~   ** ..i.e., Variable name=CORNER_CLASS_1_POD_3_ZN_1_FLR_1 VAV BOX REHEAT COIL:COOLING COIL TOTAL COOLING ENERGY not valid for this simulation.
   ** Warning ** Processing Monthly Tabular Reports: CoilReportMonthly
   **   ~~~   ** ..Variable name=COOLING COIL SENSIBLE COOLING ENERGY not valid for this simulation.
   **   ~~~   ** ..i.e., Variable name=CORNER_CLASS_1_POD_3_ZN_1_FLR_1 VAV BOX REHEAT COIL:COOLING COIL SENSIBLE COOLING ENERGY not valid for this simulation.
   ** Warning ** Processing Monthly Tabular Reports: CoilReportMonthly
   **   ~~~   ** ..Variable name=COOLING COIL TOTAL COOLING RATE not valid for this simulation.
   **   ~~~   ** ..i.e., Variable name=CORNER_CLASS_1_POD_3_ZN_1_FLR_1 VAV BOX REHEAT COIL:COOLING COIL TOTAL COOLING RATE not valid for this simulation.
   ** Warning ** Processing Monthly Tabular Reports: CoilReportMonthly
   **   ~~~   ** ..Variable name=COOLING COIL SENSIBLE COOLING RATE not valid for this simulation.
   **   ~~~   ** ..i.e., Variable name=CORNER_CLASS_1_POD_3_ZN_1_FLR_1 VAV BOX REHEAT COIL:COOLING COIL SENSIBLE COOLING RATE not valid for this simulation.
   ** Warning ** Processing Monthly Tabular Reports: CoilReportMonthly
   **   ~~~   ** ..Variable name=COOLING COIL WETTED AREA FRACTION not valid for this simulation.
   **   ~~~   ** ..i.e., Variable name=CORNER_CLASS_1_POD_3_ZN_1_FLR_1 VAV BOX REHEAT COIL:COOLING COIL WETTED AREA FRACTION not valid for this simulation.
   ** Warning ** Processing Monthly Tabular Reports: CoilReportMonthly
   **   ~~~   ** ..Variable name=COOLING COIL TOTAL COOLING ENERGY not valid for this simulation.
   **   ~~~   ** ..i.e., Variable name=MULT_CLASS_1_POD_3_ZN_1_FLR_1 VAV BOX REHEAT COIL:COOLING COIL TOTAL COOLING ENERGY not valid for this simulation.
   ** Warning ** Processing Monthly Tabular Reports: CoilReportMonthly
   **   ~~~   ** ..Variable name=COOLING COIL SENSIBLE COOLING ENERGY not valid for this simulation.
   **   ~~~   ** ..i.e., Variable name=MULT_CLASS_1_POD_3_ZN_1_FLR_1 VAV BOX REHEAT COIL:COOLING COIL SENSIBLE COOLING ENERGY not valid for this simulation.
   ** Warning ** Processing Monthly Tabular Reports: CoilReportMonthly
   **   ~~~   ** ..Variable name=COOLING COIL TOTAL COOLING RATE not valid for this simulation.
   **   ~~~   ** ..i.e., Variable name=MULT_CLASS_1_POD_3_ZN_1_FLR_1 VAV BOX REHEAT COIL:COOLING COIL TOTAL COOLING RATE not valid for this simulation.
   ** Warning ** Processing Monthly Tabular Reports: CoilReportMonthly
   **   ~~~   ** ..Variable name=COOLING COIL SENSIBLE COOLING RATE not valid for this simulation.
   **   ~~~   ** ..i.e., Variable name=MULT_CLASS_1_POD_3_ZN_1_FLR_1 VAV BOX REHEAT COIL:COOLING COIL SENSIBLE COOLING RATE not valid for this simulation.
   ** Warning ** Processing Monthly Tabular Reports: CoilReportMonthly
   **   ~~~   ** ..Variable name=COOLING COIL WETTED AREA FRACTION not valid for this simulation.
   **   ~~~   ** ..i.e., Variable name=MULT_CLASS_1_POD_3_ZN_1_FLR_1 VAV BOX REHEAT COIL:COOLING COIL WETTED AREA FRACTION not valid for this simulation.
   ** Warning ** Processing Monthly Tabular Reports: CoilReportMonthly
   **   ~~~   ** ..Variable name=COOLING COIL TOTAL COOLING ENERGY not valid for this simulation.
   **   ~~~   ** ..i.e., Variable name=CORRIDOR_POD_3_ZN_1_FLR_1 VAV BOX REHEAT COIL:COOLING COIL TOTAL COOLING ENERGY not valid for this simulation.
   ** Warning ** Processing Monthly Tabular Reports: CoilReportMonthly
   **   ~~~   ** ..Variable name=COOLING COIL SENSIBLE COOLING ENERGY not valid for this simulation.
   **   ~~~   ** ..i.e., Variable name=CORRIDOR_POD_3_ZN_1_FLR_1 VAV BOX REHEAT COIL:COOLING COIL SENSIBLE COOLING ENERGY not valid for this simulation.
   ** Warning ** Processing Monthly Tabular Reports: CoilReportMonthly
   **   ~~~   ** ..Variable name=COOLING COIL TOTAL COOLING RATE not valid for this simulation.
   **   ~~~   ** ..i.e., Variable name=CORRIDOR_POD_3_ZN_1_FLR_1 VAV BOX REHEAT COIL:COOLING COIL TOTAL COOLING RATE not valid for this simulation.
   ** Warning ** Processing Monthly Tabular Reports: CoilReportMonthly
   **   ~~~   ** ..Variable name=COOLING COIL SENSIBLE COOLING RATE not valid for this simulation.
   **   ~~~   ** ..i.e., Variable name=CORRIDOR_POD_3_ZN_1_FLR_1 VAV BOX REHEAT COIL:COOLING COIL SENSIBLE COOLING RATE not valid for this simulation.
   ** Warning ** Processing Monthly Tabular Reports: CoilReportMonthly
   **   ~~~   ** ..Variable name=COOLING COIL WETTED AREA FRACTION not valid for this simulation.
   **   ~~~   ** ..i.e., Variable name=CORRIDOR_POD_3_ZN_1_FLR_1 VAV BOX REHEAT COIL:COOLING COIL WETTED AREA FRACTION not valid for this simulation.
   ** Warning ** Processing Monthly Tabular Reports: CoilReportMonthly
   **   ~~~   ** ..Variable name=COOLING COIL TOTAL COOLING ENERGY not valid for this simulation.
   **   ~~~   ** ..i.e., Variable name=CORNER_CLASS_2_POD_3_ZN_1_FLR_1 VAV BOX REHEAT COIL:COOLING COIL TOTAL COOLING ENERGY not valid for this simulation.
   ** Warning ** Processing Monthly Tabular Reports: CoilReportMonthly
   **   ~~~   ** ..Variable name=COOLING COIL SENSIBLE COOLING ENERGY not valid for this simulation.
   **   ~~~   ** ..i.e., Variable name=CORNER_CLASS_2_POD_3_ZN_1_FLR_1 VAV BOX REHEAT COIL:COOLING COIL SENSIBLE COOLING ENERGY not valid for this simulation.
   ** Warning ** Processing Monthly Tabular Reports: CoilReportMonthly
   **   ~~~   ** ..Variable name=COOLING COIL TOTAL COOLING RATE not valid for this simulation.
   **   ~~~   ** ..i.e., Variable name=CORNER_CLASS_2_POD_3_ZN_1_FLR_1 VAV BOX REHEAT COIL:COOLING COIL TOTAL COOLING RATE not valid for this simulation.
   ** Warning ** Processing Monthly Tabular Reports: CoilReportMonthly
   **   ~~~   ** ..Variable name=COOLING COIL SENSIBLE COOLING RATE not valid for this simulation.
   **   ~~~   ** ..i.e., Variable name=CORNER_CLASS_2_POD_3_ZN_1_FLR_1 VAV BOX REHEAT COIL:COOLING COIL SENSIBLE COOLING RATE not valid for this simulation.
   ** Warning ** Processing Monthly Tabular Reports: CoilReportMonthly
   **   ~~~   ** ..Variable name=COOLING COIL WETTED AREA FRACTION not valid for this simulation.
   **   ~~~   ** ..i.e., Variable name=CORNER_CLASS_2_POD_3_ZN_1_FLR_1 VAV BOX REHEAT COIL:COOLING COIL WETTED AREA FRACTION not valid for this simulation.
   ** Warning ** Processing Monthly Tabular Reports: CoilReportMonthly
   **   ~~~   ** ..Variable name=COOLING COIL TOTAL COOLING ENERGY not valid for this simulation.
   **   ~~~   ** ..i.e., Variable name=MULT_CLASS_2_POD_3_ZN_1_FLR_1 VAV BOX REHEAT COIL:COOLING COIL TOTAL COOLING ENERGY not valid for this simulation.
   ** Warning ** Processing Monthly Tabular Reports: CoilReportMonthly
   **   ~~~   ** ..Variable name=COOLING COIL SENSIBLE COOLING ENERGY not valid for this simulation.
   **   ~~~   ** ..i.e., Variable name=MULT_CLASS_2_POD_3_ZN_1_FLR_1 VAV BOX REHEAT COIL:COOLING COIL SENSIBLE COOLING ENERGY not valid for this simulation.
   ** Warning ** Processing Monthly Tabular Reports: CoilReportMonthly
   **   ~~~   ** ..Variable name=COOLING COIL TOTAL COOLING RATE not valid for this simulation.
   **   ~~~   ** ..i.e., Variable name=MULT_CLASS_2_POD_3_ZN_1_FLR_1 VAV BOX REHEAT COIL:COOLING COIL TOTAL COOLING RATE not valid for this simulation.
   ** Warning ** Processing Monthly Tabular Reports: CoilReportMonthly
   **   ~~~   ** ..Variable name=COOLING COIL SENSIBLE COOLING RATE not valid for this simulation.
   **   ~~~   ** ..i.e., Variable name=MULT_CLASS_2_POD_3_ZN_1_FLR_1 VAV BOX REHEAT COIL:COOLING COIL SENSIBLE COOLING RATE not valid for this simulation.
   ** Warning ** Processing Monthly Tabular Reports: CoilReportMonthly
   **   ~~~   ** ..Variable name=COOLING COIL WETTED AREA FRACTION not valid for this simulation.
   **   ~~~   ** ..i.e., Variable name=MULT_CLASS_2_POD_3_ZN_1_FLR_1 VAV BOX REHEAT COIL:COOLING COIL WETTED AREA FRACTION not valid for this simulation.
   ** Warning ** Processing Monthly Tabular Reports: CoilReportMonthly
   **   ~~~   ** ..Variable name=COOLING COIL TOTAL COOLING ENERGY not valid for this simulation.
   **   ~~~   ** ..i.e., Variable name=VAV_OTHER HEATING COIL:COOLING COIL TOTAL COOLING ENERGY not valid for this simulation.
   ** Warning ** Processing Monthly Tabular Reports: CoilReportMonthly
   **   ~~~   ** ..Variable name=COOLING COIL SENSIBLE COOLING ENERGY not valid for this simulation.
   **   ~~~   ** ..i.e., Variable name=VAV_OTHER HEATING COIL:COOLING COIL SENSIBLE COOLING ENERGY not valid for this simulation.
   ** Warning ** Processing Monthly Tabular Reports: CoilReportMonthly
   **   ~~~   ** ..Variable name=COOLING COIL TOTAL COOLING RATE not valid for this simulation.
   **   ~~~   ** ..i.e., Variable name=VAV_OTHER HEATING COIL:COOLING COIL TOTAL COOLING RATE not valid for this simulation.
   ** Warning ** Processing Monthly Tabular Reports: CoilReportMonthly
   **   ~~~   ** ..Variable name=COOLING COIL SENSIBLE COOLING RATE not valid for this simulation.
   **   ~~~   ** ..i.e., Variable name=VAV_OTHER HEATING COIL:COOLING COIL SENSIBLE COOLING RATE not valid for this simulation.
   ** Warning ** Processing Monthly Tabular Reports: CoilReportMonthly
   **   ~~~   ** ..Variable name=COOLING COIL WETTED AREA FRACTION not valid for this simulation.
   **   ~~~   ** ..i.e., Variable name=VAV_OTHER HEATING COIL:COOLING COIL WETTED AREA FRACTION not valid for this simulation.
   ** Warning ** Processing Monthly Tabular Reports: CoilReportMonthly
   **   ~~~   ** ..Variable name=COOLING COIL TOTAL COOLING ENERGY not valid for this simulation.
   **   ~~~   ** ..i.e., Variable name=COMPUTER_CLASS_ZN_1_FLR_1 VAV BOX REHEAT COIL:COOLING COIL TOTAL COOLING ENERGY not valid for this simulation.
   ** Warning ** Processing Monthly Tabular Reports: CoilReportMonthly
   **   ~~~   ** ..Variable name=COOLING COIL SENSIBLE COOLING ENERGY not valid for this simulation.
   **   ~~~   ** ..i.e., Variable name=COMPUTER_CLASS_ZN_1_FLR_1 VAV BOX REHEAT COIL:COOLING COIL SENSIBLE COOLING ENERGY not valid for this simulation.
   ** Warning ** Processing Monthly Tabular Reports: CoilReportMonthly
   **   ~~~   ** ..Variable name=COOLING COIL TOTAL COOLING RATE not valid for this simulation.
   **   ~~~   ** ..i.e., Variable name=COMPUTER_CLASS_ZN_1_FLR_1 VAV BOX REHEAT COIL:COOLING COIL TOTAL COOLING RATE not valid for this simulation.
   ** Warning ** Processing Monthly Tabular Reports: CoilReportMonthly
   **   ~~~   ** ..Variable name=COOLING COIL SENSIBLE COOLING RATE not valid for this simulation.
   **   ~~~   ** ..i.e., Variable name=COMPUTER_CLASS_ZN_1_FLR_1 VAV BOX REHEAT COIL:COOLING COIL SENSIBLE COOLING RATE not valid for this simulation.
   ** Warning ** Processing Monthly Tabular Reports: CoilReportMonthly
   **   ~~~   ** ..Variable name=COOLING COIL WETTED AREA FRACTION not valid for this simulation.
   **   ~~~   ** ..i.e., Variable name=COMPUTER_CLASS_ZN_1_FLR_1 VAV BOX REHEAT COIL:COOLING COIL WETTED AREA FRACTION not valid for this simulation.
   ** Warning ** Processing Monthly Tabular Reports: CoilReportMonthly
   **   ~~~   ** ..Variable name=COOLING COIL TOTAL COOLING ENERGY not valid for this simulation.
   **   ~~~   ** ..i.e., Variable name=MAIN_CORRIDOR_ZN_1_FLR_1 VAV BOX REHEAT COIL:COOLING COIL TOTAL COOLING ENERGY not valid for this simulation.
   ** Warning ** Processing Monthly Tabular Reports: CoilReportMonthly
   **   ~~~   ** ..Variable name=COOLING COIL SENSIBLE COOLING ENERGY not valid for this simulation.
   **   ~~~   ** ..i.e., Variable name=MAIN_CORRIDOR_ZN_1_FLR_1 VAV BOX REHEAT COIL:COOLING COIL SENSIBLE COOLING ENERGY not valid for this simulation.
   ** Warning ** Processing Monthly Tabular Reports: CoilReportMonthly
   **   ~~~   ** ..Variable name=COOLING COIL TOTAL COOLING RATE not valid for this simulation.
   **   ~~~   ** ..i.e., Variable name=MAIN_CORRIDOR_ZN_1_FLR_1 VAV BOX REHEAT COIL:COOLING COIL TOTAL COOLING RATE not valid for this simulation.
   ** Warning ** Processing Monthly Tabular Reports: CoilReportMonthly
   **   ~~~   ** ..Variable name=COOLING COIL SENSIBLE COOLING RATE not valid for this simulation.
   **   ~~~   ** ..i.e., Variable name=MAIN_CORRIDOR_ZN_1_FLR_1 VAV BOX REHEAT COIL:COOLING COIL SENSIBLE COOLING RATE not valid for this simulation.
   ** Warning ** Processing Monthly Tabular Reports: CoilReportMonthly
   **   ~~~   ** ..Variable name=COOLING COIL WETTED AREA FRACTION not valid for this simulation.
   **   ~~~   ** ..i.e., Variable name=MAIN_CORRIDOR_ZN_1_FLR_1 VAV BOX REHEAT COIL:COOLING COIL WETTED AREA FRACTION not valid for this simulation.
   ** Warning ** Processing Monthly Tabular Reports: CoilReportMonthly
   **   ~~~   ** ..Variable name=COOLING COIL TOTAL COOLING ENERGY not valid for this simulation.
   **   ~~~   ** ..i.e., Variable name=LOBBY_ZN_1_FLR_1 VAV BOX REHEAT COIL:COOLING COIL TOTAL COOLING ENERGY not valid for this simulation.
   ** Warning ** Processing Monthly Tabular Reports: CoilReportMonthly
   **   ~~~   ** ..Variable name=COOLING COIL SENSIBLE COOLING ENERGY not valid for this simulation.
   **   ~~~   ** ..i.e., Variable name=LOBBY_ZN_1_FLR_1 VAV BOX REHEAT COIL:COOLING COIL SENSIBLE COOLING ENERGY not valid for this simulation.
   ** Warning ** Processing Monthly Tabular Reports: CoilReportMonthly
   **   ~~~   ** ..Variable name=COOLING COIL TOTAL COOLING RATE not valid for this simulation.
   **   ~~~   ** ..i.e., Variable name=LOBBY_ZN_1_FLR_1 VAV BOX REHEAT COIL:COOLING COIL TOTAL COOLING RATE not valid for this simulation.
   ** Warning ** Processing Monthly Tabular Reports: CoilReportMonthly
   **   ~~~   ** ..Variable name=COOLING COIL SENSIBLE COOLING RATE not valid for this simulation.
   **   ~~~   ** ..i.e., Variable name=LOBBY_ZN_1_FLR_1 VAV BOX REHEAT COIL:COOLING COIL SENSIBLE COOLING RATE not valid for this simulation.
   ** Warning ** Processing Monthly Tabular Reports: CoilReportMonthly
   **   ~~~   ** ..Variable name=COOLING COIL WETTED AREA FRACTION not valid for this simulation.
   **   ~~~   ** ..i.e., Variable name=LOBBY_ZN_1_FLR_1 VAV BOX REHEAT COIL:COOLING COIL WETTED AREA FRACTION not valid for this simulation.
   ** Warning ** Processing Monthly Tabular Reports: CoilReportMonthly
   **   ~~~   ** ..Variable name=COOLING COIL TOTAL COOLING ENERGY not valid for this simulation.
   **   ~~~   ** ..i.e., Variable name=MECH_ZN_1_FLR_1 VAV BOX REHEAT COIL:COOLING COIL TOTAL COOLING ENERGY not valid for this simulation.
   ** Warning ** Processing Monthly Tabular Reports: CoilReportMonthly
   **   ~~~   ** ..Variable name=COOLING COIL SENSIBLE COOLING ENERGY not valid for this simulation.
   **   ~~~   ** ..i.e., Variable name=MECH_ZN_1_FLR_1 VAV BOX REHEAT COIL:COOLING COIL SENSIBLE COOLING ENERGY not valid for this simulation.
   ** Warning ** Processing Monthly Tabular Reports: CoilReportMonthly
   **   ~~~   ** ..Variable name=COOLING COIL TOTAL COOLING RATE not valid for this simulation.
   **   ~~~   ** ..i.e., Variable name=MECH_ZN_1_FLR_1 VAV BOX REHEAT COIL:COOLING COIL TOTAL COOLING RATE not valid for this simulation.
   ** Warning ** Processing Monthly Tabular Reports: CoilReportMonthly
   **   ~~~   ** ..Variable name=COOLING COIL SENSIBLE COOLING RATE not valid for this simulation.
   **   ~~~   ** ..i.e., Variable name=MECH_ZN_1_FLR_1 VAV BOX REHEAT COIL:COOLING COIL SENSIBLE COOLING RATE not valid for this simulation.
   ** Warning ** Processing Monthly Tabular Reports: CoilReportMonthly
   **   ~~~   ** ..Variable name=COOLING COIL WETTED AREA FRACTION not valid for this simulation.
   **   ~~~   ** ..i.e., Variable name=MECH_ZN_1_FLR_1 VAV BOX REHEAT COIL:COOLING COIL WETTED AREA FRACTION not valid for this simulation.
   ** Warning ** Processing Monthly Tabular Reports: CoilReportMonthly
   **   ~~~   ** ..Variable name=COOLING COIL TOTAL COOLING ENERGY not valid for this simulation.
   **   ~~~   ** ..i.e., Variable name=BATH_ZN_1_FLR_1 VAV BOX REHEAT COIL:COOLING COIL TOTAL COOLING ENERGY not valid for this simulation.
   ** Warning ** Processing Monthly Tabular Reports: CoilReportMonthly
   **   ~~~   ** ..Variable name=COOLING COIL SENSIBLE COOLING ENERGY not valid for this simulation.
   **   ~~~   ** ..i.e., Variable name=BATH_ZN_1_FLR_1 VAV BOX REHEAT COIL:COOLING COIL SENSIBLE COOLING ENERGY not valid for this simulation.
   ** Warning ** Processing Monthly Tabular Reports: CoilReportMonthly
   **   ~~~   ** ..Variable name=COOLING COIL TOTAL COOLING RATE not valid for this simulation.
   **   ~~~   ** ..i.e., Variable name=BATH_ZN_1_FLR_1 VAV BOX REHEAT COIL:COOLING COIL TOTAL COOLING RATE not valid for this simulation.
   ** Warning ** Processing Monthly Tabular Reports: CoilReportMonthly
   **   ~~~   ** ..Variable name=COOLING COIL SENSIBLE COOLING RATE not valid for this simulation.
   **   ~~~   ** ..i.e., Variable name=BATH_ZN_1_FLR_1 VAV BOX REHEAT COIL:COOLING COIL SENSIBLE COOLING RATE not valid for this simulation.
   ** Warning ** Processing Monthly Tabular Reports: CoilReportMonthly
   **   ~~~   ** ..Variable name=COOLING COIL WETTED AREA FRACTION not valid for this simulation.
   **   ~~~   ** ..i.e., Variable name=BATH_ZN_1_FLR_1 VAV BOX REHEAT COIL:COOLING COIL WETTED AREA FRACTION not valid for this simulation.
   ** Warning ** Processing Monthly Tabular Reports: CoilReportMonthly
   **   ~~~   ** ..Variable name=COOLING COIL TOTAL COOLING ENERGY not valid for this simulation.
   **   ~~~   ** ..i.e., Variable name=OFFICES_ZN_1_FLR_1 VAV BOX REHEAT COIL:COOLING COIL TOTAL COOLING ENERGY not valid for this simulation.
   ** Warning ** Processing Monthly Tabular Reports: CoilReportMonthly
   **   ~~~   ** ..Variable name=COOLING COIL SENSIBLE COOLING ENERGY not valid for this simulation.
   **   ~~~   ** ..i.e., Variable name=OFFICES_ZN_1_FLR_1 VAV BOX REHEAT COIL:COOLING COIL SENSIBLE COOLING ENERGY not valid for this simulation.
   ** Warning ** Processing Monthly Tabular Reports: CoilReportMonthly
   **   ~~~   ** ..Variable name=COOLING COIL TOTAL COOLING RATE not valid for this simulation.
   **   ~~~   ** ..i.e., Variable name=OFFICES_ZN_1_FLR_1 VAV BOX REHEAT COIL:COOLING COIL TOTAL COOLING RATE not valid for this simulation.
   ** Warning ** Processing Monthly Tabular Reports: CoilReportMonthly
   **   ~~~   ** ..Variable name=COOLING COIL SENSIBLE COOLING RATE not valid for this simulation.
   **   ~~~   ** ..i.e., Variable name=OFFICES_ZN_1_FLR_1 VAV BOX REHEAT COIL:COOLING COIL SENSIBLE COOLING RATE not valid for this simulation.
   ** Warning ** Processing Monthly Tabular Reports: CoilReportMonthly
   **   ~~~   ** ..Variable name=COOLING COIL WETTED AREA FRACTION not valid for this simulation.
   **   ~~~   ** ..i.e., Variable name=OFFICES_ZN_1_FLR_1 VAV BOX REHEAT COIL:COOLING COIL WETTED AREA FRACTION not valid for this simulation.
   ** Warning ** Processing Monthly Tabular Reports: CoilReportMonthly
   **   ~~~   ** ..Variable name=COOLING COIL TOTAL COOLING ENERGY not valid for this simulation.
   **   ~~~   ** ..i.e., Variable name=LIBRARY_MEDIA_CENTER_ZN_1_FLR_1 VAV BOX REHEAT COIL:COOLING COIL TOTAL COOLING ENERGY not valid for this simulation.
   ** Warning ** Processing Monthly Tabular Reports: CoilReportMonthly
   **   ~~~   ** ..Variable name=COOLING COIL SENSIBLE COOLING ENERGY not valid for this simulation.
   **   ~~~   ** ..i.e., Variable name=LIBRARY_MEDIA_CENTER_ZN_1_FLR_1 VAV BOX REHEAT COIL:COOLING COIL SENSIBLE COOLING ENERGY not valid for this simulation.
   ** Warning ** Processing Monthly Tabular Reports: CoilReportMonthly
   **   ~~~   ** ..Variable name=COOLING COIL TOTAL COOLING RATE not valid for this simulation.
   **   ~~~   ** ..i.e., Variable name=LIBRARY_MEDIA_CENTER_ZN_1_FLR_1 VAV BOX REHEAT COIL:COOLING COIL TOTAL COOLING RATE not valid for this simulation.
   ** Warning ** Processing Monthly Tabular Reports: CoilReportMonthly
   **   ~~~   ** ..Variable name=COOLING COIL SENSIBLE COOLING RATE not valid for this simulation.
   **   ~~~   ** ..i.e., Variable name=LIBRARY_MEDIA_CENTER_ZN_1_FLR_1 VAV BOX REHEAT COIL:COOLING COIL SENSIBLE COOLING RATE not valid for this simulation.
   ** Warning ** Processing Monthly Tabular Reports: CoilReportMonthly
   **   ~~~   ** ..Variable name=COOLING COIL WETTED AREA FRACTION not valid for this simulation.
   **   ~~~   ** ..i.e., Variable name=LIBRARY_MEDIA_CENTER_ZN_1_FLR_1 VAV BOX REHEAT COIL:COOLING COIL WETTED AREA FRACTION not valid for this simulation.
   ** Warning ** Processing Monthly Tabular Reports: CoilReportMonthly
   **   ~~~   ** ..Variable name=COOLING COIL TOTAL COOLING ENERGY not valid for this simulation.
   **   ~~~   ** ..i.e., Variable name=PSZ-AC_2:5 HEATING COIL:COOLING COIL TOTAL COOLING ENERGY not valid for this simulation.
   ** Warning ** Processing Monthly Tabular Reports: CoilReportMonthly
   **   ~~~   ** ..Variable name=COOLING COIL SENSIBLE COOLING ENERGY not valid for this simulation.
   **   ~~~   ** ..i.e., Variable name=PSZ-AC_2:5 HEATING COIL:COOLING COIL SENSIBLE COOLING ENERGY not valid for this simulation.
   ** Warning ** Processing Monthly Tabular Reports: CoilReportMonthly
   **   ~~~   ** ..Variable name=COOLING COIL TOTAL COOLING RATE not valid for this simulation.
   **   ~~~   ** ..i.e., Variable name=PSZ-AC_2:5 HEATING COIL:COOLING COIL TOTAL COOLING RATE not valid for this simulation.
   ** Warning ** Processing Monthly Tabular Reports: CoilReportMonthly
   **   ~~~   ** ..Variable name=COOLING COIL SENSIBLE COOLING RATE not valid for this simulation.
   **   ~~~   ** ..i.e., Variable name=PSZ-AC_2:5 HEATING COIL:COOLING COIL SENSIBLE COOLING RATE not valid for this simulation.
   ** Warning ** Processing Monthly Tabular Reports: CoilReportMonthly
   **   ~~~   ** ..Variable name=COOLING COIL WETTED AREA FRACTION not valid for this simulation.
   **   ~~~   ** ..i.e., Variable name=PSZ-AC_2:5 HEATING COIL:COOLING COIL WETTED AREA FRACTION not valid for this simulation.
   ** Warning ** Processing Monthly Tabular Reports: CoilReportMonthly
   **   ~~~   ** ..Variable name=COOLING COIL TOTAL COOLING ENERGY not valid for this simulation.
   **   ~~~   ** ..i.e., Variable name=PSZ-AC_1:6 HEATING COIL:COOLING COIL TOTAL COOLING ENERGY not valid for this simulation.
   ** Warning ** Processing Monthly Tabular Reports: CoilReportMonthly
   **   ~~~   ** ..Variable name=COOLING COIL SENSIBLE COOLING ENERGY not valid for this simulation.
   **   ~~~   ** ..i.e., Variable name=PSZ-AC_1:6 HEATING COIL:COOLING COIL SENSIBLE COOLING ENERGY not valid for this simulation.
   ** Warning ** Processing Monthly Tabular Reports: CoilReportMonthly
   **   ~~~   ** ..Variable name=COOLING COIL TOTAL COOLING RATE not valid for this simulation.
   **   ~~~   ** ..i.e., Variable name=PSZ-AC_1:6 HEATING COIL:COOLING COIL TOTAL COOLING RATE not valid for this simulation.
   ** Warning ** Processing Monthly Tabular Reports: CoilReportMonthly
   **   ~~~   ** ..Variable name=COOLING COIL SENSIBLE COOLING RATE not valid for this simulation.
   **   ~~~   ** ..i.e., Variable name=PSZ-AC_1:6 HEATING COIL:COOLING COIL SENSIBLE COOLING RATE not valid for this simulation.
   ** Warning ** Processing Monthly Tabular Reports: CoilReportMonthly
   **   ~~~   ** ..Variable name=COOLING COIL WETTED AREA FRACTION not valid for this simulation.
   **   ~~~   ** ..i.e., Variable name=PSZ-AC_1:6 HEATING COIL:COOLING COIL WETTED AREA FRACTION not valid for this simulation.
   ** Warning ** Processing Monthly Tabular Reports: CoilReportMonthly
   **   ~~~   ** ..Variable name=COOLING COIL TOTAL COOLING ENERGY not valid for this simulation.
   **   ~~~   ** ..i.e., Variable name=PSZ-AC_2:7 HEATING COIL:COOLING COIL TOTAL COOLING ENERGY not valid for this simulation.
   ** Warning ** Processing Monthly Tabular Reports: CoilReportMonthly
   **   ~~~   ** ..Variable name=COOLING COIL SENSIBLE COOLING ENERGY not valid for this simulation.
   **   ~~~   ** ..i.e., Variable name=PSZ-AC_2:7 HEATING COIL:COOLING COIL SENSIBLE COOLING ENERGY not valid for this simulation.
   ** Warning ** Processing Monthly Tabular Reports: CoilReportMonthly
   **   ~~~   ** ..Variable name=COOLING COIL TOTAL COOLING RATE not valid for this simulation.
   **   ~~~   ** ..i.e., Variable name=PSZ-AC_2:7 HEATING COIL:COOLING COIL TOTAL COOLING RATE not valid for this simulation.
   ** Warning ** Processing Monthly Tabular Reports: CoilReportMonthly
   **   ~~~   ** ..Variable name=COOLING COIL SENSIBLE COOLING RATE not valid for this simulation.
   **   ~~~   ** ..i.e., Variable name=PSZ-AC_2:7 HEATING COIL:COOLING COIL SENSIBLE COOLING RATE not valid for this simulation.
   ** Warning ** Processing Monthly Tabular Reports: CoilReportMonthly
   **   ~~~   ** ..Variable name=COOLING COIL WETTED AREA FRACTION not valid for this simulation.
   **   ~~~   ** ..i.e., Variable name=PSZ-AC_2:7 HEATING COIL:COOLING COIL WETTED AREA FRACTION not valid for this simulation.
   ** Warning ** Processing Monthly Tabular Reports: CoilReportMonthly
   **   ~~~   ** ..Variable name=HEATING COIL HEATING ENERGY not valid for this simulation.
   **   ~~~   ** ..i.e., Variable name=VAV_POD_1 COOLING COIL:HEATING COIL HEATING ENERGY not valid for this simulation.
   ** Warning ** Processing Monthly Tabular Reports: CoilReportMonthly
   **   ~~~   ** ..Variable name=HEATING COIL HEATING RATE not valid for this simulation.
   **   ~~~   ** ..i.e., Variable name=VAV_POD_1 COOLING COIL:HEATING COIL HEATING RATE not valid for this simulation.
   ** Warning ** Processing Monthly Tabular Reports: CoilReportMonthly
   **   ~~~   ** ..Variable name=COOLING COIL WETTED AREA FRACTION not valid for this simulation.
   **   ~~~   ** ..i.e., Variable name=VAV_POD_1 COOLING COIL:COOLING COIL WETTED AREA FRACTION not valid for this simulation.
   ** Warning ** Processing Monthly Tabular Reports: CoilReportMonthly
   **   ~~~   ** ..Variable name=HEATING COIL HEATING ENERGY not valid for this simulation.
   **   ~~~   ** ..i.e., Variable name=VAV_POD_2 COOLING COIL:HEATING COIL HEATING ENERGY not valid for this simulation.
   ** Warning ** Processing Monthly Tabular Reports: CoilReportMonthly
   **   ~~~   ** ..Variable name=HEATING COIL HEATING RATE not valid for this simulation.
   **   ~~~   ** ..i.e., Variable name=VAV_POD_2 COOLING COIL:HEATING COIL HEATING RATE not valid for this simulation.
   ** Warning ** Processing Monthly Tabular Reports: CoilReportMonthly
   **   ~~~   ** ..Variable name=COOLING COIL WETTED AREA FRACTION not valid for this simulation.
   **   ~~~   ** ..i.e., Variable name=VAV_POD_2 COOLING COIL:COOLING COIL WETTED AREA FRACTION not valid for this simulation.
   ** Warning ** Processing Monthly Tabular Reports: CoilReportMonthly
   **   ~~~   ** ..Variable name=HEATING COIL HEATING ENERGY not valid for this simulation.
   **   ~~~   ** ..i.e., Variable name=VAV_POD_3 COOLING COIL:HEATING COIL HEATING ENERGY not valid for this simulation.
   ** Warning ** Processing Monthly Tabular Reports: CoilReportMonthly
   **   ~~~   ** ..Variable name=HEATING COIL HEATING RATE not valid for this simulation.
   **   ~~~   ** ..i.e., Variable name=VAV_POD_3 COOLING COIL:HEATING COIL HEATING RATE not valid for this simulation.
   ** Warning ** Processing Monthly Tabular Reports: CoilReportMonthly
   **   ~~~   ** ..Variable name=COOLING COIL WETTED AREA FRACTION not valid for this simulation.
   **   ~~~   ** ..i.e., Variable name=VAV_POD_3 COOLING COIL:COOLING COIL WETTED AREA FRACTION not valid for this simulation.
   ** Warning ** Processing Monthly Tabular Reports: CoilReportMonthly
   **   ~~~   ** ..Variable name=HEATING COIL HEATING ENERGY not valid for this simulation.
   **   ~~~   ** ..i.e., Variable name=VAV_OTHER COOLING COIL:HEATING COIL HEATING ENERGY not valid for this simulation.
   ** Warning ** Processing Monthly Tabular Reports: CoilReportMonthly
   **   ~~~   ** ..Variable name=HEATING COIL HEATING RATE not valid for this simulation.
   **   ~~~   ** ..i.e., Variable name=VAV_OTHER COOLING COIL:HEATING COIL HEATING RATE not valid for this simulation.
   ** Warning ** Processing Monthly Tabular Reports: CoilReportMonthly
   **   ~~~   ** ..Variable name=COOLING COIL WETTED AREA FRACTION not valid for this simulation.
   **   ~~~   ** ..i.e., Variable name=VAV_OTHER COOLING COIL:COOLING COIL WETTED AREA FRACTION not valid for this simulation.
   ** Warning ** Processing Monthly Tabular Reports: CoilReportMonthly
   **   ~~~   ** ..Variable name=HEATING COIL HEATING ENERGY not valid for this simulation.
   **   ~~~   ** ..i.e., Variable name=PSZ-AC_2:5 COOLING COIL:HEATING COIL HEATING ENERGY not valid for this simulation.
   ** Warning ** Processing Monthly Tabular Reports: CoilReportMonthly
   **   ~~~   ** ..Variable name=HEATING COIL HEATING RATE not valid for this simulation.
   **   ~~~   ** ..i.e., Variable name=PSZ-AC_2:5 COOLING COIL:HEATING COIL HEATING RATE not valid for this simulation.
   ** Warning ** Processing Monthly Tabular Reports: CoilReportMonthly
   **   ~~~   ** ..Variable name=COOLING COIL WETTED AREA FRACTION not valid for this simulation.
   **   ~~~   ** ..i.e., Variable name=PSZ-AC_2:5 COOLING COIL:COOLING COIL WETTED AREA FRACTION not valid for this simulation.
   ** Warning ** Processing Monthly Tabular Reports: CoilReportMonthly
   **   ~~~   ** ..Variable name=HEATING COIL HEATING ENERGY not valid for this simulation.
   **   ~~~   ** ..i.e., Variable name=PSZ-AC_1:6 COOLING COIL:HEATING COIL HEATING ENERGY not valid for this simulation.
   ** Warning ** Processing Monthly Tabular Reports: CoilReportMonthly
   **   ~~~   ** ..Variable name=HEATING COIL HEATING RATE not valid for this simulation.
   **   ~~~   ** ..i.e., Variable name=PSZ-AC_1:6 COOLING COIL:HEATING COIL HEATING RATE not valid for this simulation.
   ** Warning ** Processing Monthly Tabular Reports: CoilReportMonthly
   **   ~~~   ** ..Variable name=COOLING COIL WETTED AREA FRACTION not valid for this simulation.
   **   ~~~   ** ..i.e., Variable name=PSZ-AC_1:6 COOLING COIL:COOLING COIL WETTED AREA FRACTION not valid for this simulation.
   ** Warning ** Processing Monthly Tabular Reports: CoilReportMonthly
   **   ~~~   ** ..Variable name=HEATING COIL HEATING ENERGY not valid for this simulation.
   **   ~~~   ** ..i.e., Variable name=PSZ-AC_2:7 COOLING COIL:HEATING COIL HEATING ENERGY not valid for this simulation.
   ** Warning ** Processing Monthly Tabular Reports: CoilReportMonthly
   **   ~~~   ** ..Variable name=HEATING COIL HEATING RATE not valid for this simulation.
   **   ~~~   ** ..i.e., Variable name=PSZ-AC_2:7 COOLING COIL:HEATING COIL HEATING RATE not valid for this simulation.
   ** Warning ** Processing Monthly Tabular Reports: CoilReportMonthly
   **   ~~~   ** ..Variable name=COOLING COIL WETTED AREA FRACTION not valid for this simulation.
   **   ~~~   ** ..i.e., Variable name=PSZ-AC_2:7 COOLING COIL:COOLING COIL WETTED AREA FRACTION not valid for this simulation.
   ** Warning ** Processing Monthly Tabular Reports: AirLoopSystemEnergyAndWaterUseMonthly
   **   ~~~   ** ..Variable name=AIR SYSTEM NATURAL GAS ENERGY not valid for this simulation.
   ** Warning ** Processing Monthly Tabular Reports: AirLoopSystemEnergyAndWaterUseMonthly
   **   ~~~   ** ..Variable name=AIR SYSTEM NATURAL GAS ENERGY not valid for this simulation.
   **   ~~~   ** ..i.e., Variable name=VAV_POD_1:AIR SYSTEM NATURAL GAS ENERGY not valid for this simulation.
   ** Warning ** Processing Monthly Tabular Reports: AirLoopSystemEnergyAndWaterUseMonthly
   **   ~~~   ** ..Variable name=AIR SYSTEM NATURAL GAS ENERGY not valid for this simulation.
   **   ~~~   ** ..i.e., Variable name=VAV_POD_2:AIR SYSTEM NATURAL GAS ENERGY not valid for this simulation.
   ** Warning ** Processing Monthly Tabular Reports: AirLoopSystemEnergyAndWaterUseMonthly
   **   ~~~   ** ..Variable name=AIR SYSTEM NATURAL GAS ENERGY not valid for this simulation.
   **   ~~~   ** ..i.e., Variable name=VAV_POD_3:AIR SYSTEM NATURAL GAS ENERGY not valid for this simulation.
   ** Warning ** Processing Monthly Tabular Reports: AirLoopSystemEnergyAndWaterUseMonthly
   **   ~~~   ** ..Variable name=AIR SYSTEM NATURAL GAS ENERGY not valid for this simulation.
   **   ~~~   ** ..i.e., Variable name=VAV_OTHER:AIR SYSTEM NATURAL GAS ENERGY not valid for this simulation.
   ** Warning ** Processing Monthly Tabular Reports: AirLoopSystemEnergyAndWaterUseMonthly
   **   ~~~   ** ..Variable name=AIR SYSTEM NATURAL GAS ENERGY not valid for this simulation.
   **   ~~~   ** ..i.e., Variable name=PSZ-AC_2:5:AIR SYSTEM NATURAL GAS ENERGY not valid for this simulation.
   ** Warning ** Processing Monthly Tabular Reports: AirLoopSystemEnergyAndWaterUseMonthly
   **   ~~~   ** ..Variable name=AIR SYSTEM NATURAL GAS ENERGY not valid for this simulation.
   **   ~~~   ** ..i.e., Variable name=PSZ-AC_1:6:AIR SYSTEM NATURAL GAS ENERGY not valid for this simulation.
   ** Warning ** Processing Monthly Tabular Reports: AirLoopSystemEnergyAndWaterUseMonthly
   **   ~~~   ** ..Variable name=AIR SYSTEM NATURAL GAS ENERGY not valid for this simulation.
   **   ~~~   ** ..i.e., Variable name=PSZ-AC_2:7:AIR SYSTEM NATURAL GAS ENERGY not valid for this simulation.
   ** Warning ** Processing Monthly Tabular Reports: AirLoopSystemComponentEnergyUseMonthly
   **   ~~~   ** ..Variable name=AIR SYSTEM HEATING COIL NATURAL GAS ENERGY not valid for this simulation.
   ** Warning ** Processing Monthly Tabular Reports: AirLoopSystemComponentEnergyUseMonthly
   **   ~~~   ** ..Variable name=AIR SYSTEM HUMIDIFIER NATURAL GAS ENERGY not valid for this simulation.
   ** Warning ** Processing Monthly Tabular Reports: AirLoopSystemComponentEnergyUseMonthly
   **   ~~~   ** ..Variable name=AIR SYSTEM HEATING COIL NATURAL GAS ENERGY not valid for this simulation.
   **   ~~~   ** ..i.e., Variable name=VAV_POD_1:AIR SYSTEM HEATING COIL NATURAL GAS ENERGY not valid for this simulation.
   ** Warning ** Processing Monthly Tabular Reports: AirLoopSystemComponentEnergyUseMonthly
   **   ~~~   ** ..Variable name=AIR SYSTEM HUMIDIFIER NATURAL GAS ENERGY not valid for this simulation.
   **   ~~~   ** ..i.e., Variable name=VAV_POD_1:AIR SYSTEM HUMIDIFIER NATURAL GAS ENERGY not valid for this simulation.
   ** Warning ** Processing Monthly Tabular Reports: AirLoopSystemComponentEnergyUseMonthly
   **   ~~~   ** ..Variable name=AIR SYSTEM HEATING COIL NATURAL GAS ENERGY not valid for this simulation.
   **   ~~~   ** ..i.e., Variable name=VAV_POD_2:AIR SYSTEM HEATING COIL NATURAL GAS ENERGY not valid for this simulation.
   ** Warning ** Processing Monthly Tabular Reports: AirLoopSystemComponentEnergyUseMonthly
   **   ~~~   ** ..Variable name=AIR SYSTEM HUMIDIFIER NATURAL GAS ENERGY not valid for this simulation.
   **   ~~~   ** ..i.e., Variable name=VAV_POD_2:AIR SYSTEM HUMIDIFIER NATURAL GAS ENERGY not valid for this simulation.
   ** Warning ** Processing Monthly Tabular Reports: AirLoopSystemComponentEnergyUseMonthly
   **   ~~~   ** ..Variable name=AIR SYSTEM HEATING COIL NATURAL GAS ENERGY not valid for this simulation.
   **   ~~~   ** ..i.e., Variable name=VAV_POD_3:AIR SYSTEM HEATING COIL NATURAL GAS ENERGY not valid for this simulation.
   ** Warning ** Processing Monthly Tabular Reports: AirLoopSystemComponentEnergyUseMonthly
   **   ~~~   ** ..Variable name=AIR SYSTEM HUMIDIFIER NATURAL GAS ENERGY not valid for this simulation.
   **   ~~~   ** ..i.e., Variable name=VAV_POD_3:AIR SYSTEM HUMIDIFIER NATURAL GAS ENERGY not valid for this simulation.
   ** Warning ** Processing Monthly Tabular Reports: AirLoopSystemComponentEnergyUseMonthly
   **   ~~~   ** ..Variable name=AIR SYSTEM HEATING COIL NATURAL GAS ENERGY not valid for this simulation.
   **   ~~~   ** ..i.e., Variable name=VAV_OTHER:AIR SYSTEM HEATING COIL NATURAL GAS ENERGY not valid for this simulation.
   ** Warning ** Processing Monthly Tabular Reports: AirLoopSystemComponentEnergyUseMonthly
   **   ~~~   ** ..Variable name=AIR SYSTEM HUMIDIFIER NATURAL GAS ENERGY not valid for this simulation.
   **   ~~~   ** ..i.e., Variable name=VAV_OTHER:AIR SYSTEM HUMIDIFIER NATURAL GAS ENERGY not valid for this simulation.
   ** Warning ** Processing Monthly Tabular Reports: AirLoopSystemComponentEnergyUseMonthly
   **   ~~~   ** ..Variable name=AIR SYSTEM HEATING COIL NATURAL GAS ENERGY not valid for this simulation.
   **   ~~~   ** ..i.e., Variable name=PSZ-AC_2:5:AIR SYSTEM HEATING COIL NATURAL GAS ENERGY not valid for this simulation.
   ** Warning ** Processing Monthly Tabular Reports: AirLoopSystemComponentEnergyUseMonthly
   **   ~~~   ** ..Variable name=AIR SYSTEM HUMIDIFIER NATURAL GAS ENERGY not valid for this simulation.
   **   ~~~   ** ..i.e., Variable name=PSZ-AC_2:5:AIR SYSTEM HUMIDIFIER NATURAL GAS ENERGY not valid for this simulation.
   ** Warning ** Processing Monthly Tabular Reports: AirLoopSystemComponentEnergyUseMonthly
   **   ~~~   ** ..Variable name=AIR SYSTEM HEATING COIL NATURAL GAS ENERGY not valid for this simulation.
   **   ~~~   ** ..i.e., Variable name=PSZ-AC_1:6:AIR SYSTEM HEATING COIL NATURAL GAS ENERGY not valid for this simulation.
   ** Warning ** Processing Monthly Tabular Reports: AirLoopSystemComponentEnergyUseMonthly
   **   ~~~   ** ..Variable name=AIR SYSTEM HUMIDIFIER NATURAL GAS ENERGY not valid for this simulation.
   **   ~~~   ** ..i.e., Variable name=PSZ-AC_1:6:AIR SYSTEM HUMIDIFIER NATURAL GAS ENERGY not valid for this simulation.
   ** Warning ** Processing Monthly Tabular Reports: AirLoopSystemComponentEnergyUseMonthly
   **   ~~~   ** ..Variable name=AIR SYSTEM HEATING COIL NATURAL GAS ENERGY not valid for this simulation.
   **   ~~~   ** ..i.e., Variable name=PSZ-AC_2:7:AIR SYSTEM HEATING COIL NATURAL GAS ENERGY not valid for this simulation.
   ** Warning ** Processing Monthly Tabular Reports: AirLoopSystemComponentEnergyUseMonthly
   **   ~~~   ** ..Variable name=AIR SYSTEM HUMIDIFIER NATURAL GAS ENERGY not valid for this simulation.
   **   ~~~   ** ..i.e., Variable name=PSZ-AC_2:7:AIR SYSTEM HUMIDIFIER NATURAL GAS ENERGY not valid for this simulation.
   ** Warning ** In zone BATH_ZN_1_FLR_1 there is unbalanced air flow. Load due to induced outdoor air is neglected.
   **   ~~~   **  Environment=RUNPERIOD 1, at Simulation time=01/01 00:05 - 00:08
   **   ~~~   **   Flows [m3/s]: Inlets: 0.127426  Unbalanced exhausts: 0.283168  Returns: 0.000000
   **   ~~~   **   Infiltration: 6.319223E-003  Zone Ventilation: 0.000000  Mixing (incoming): 0.000000
   **   ~~~   **   Imbalance (excess outflow): 0.149423  Total system OA flow (for all airloops serving this zone): 1.373918
   **   ~~~   **   This error will only be reported once per zone.
   ** Warning ** In zone CAFETERIA_ZN_1_FLR_1 there is unbalanced air flow. Load due to induced outdoor air is neglected.
   **   ~~~   **  Environment=RUNPERIOD 1, at Simulation time=01/01 00:05 - 00:08
   **   ~~~   **   Flows [m3/s]: Inlets: 0.441614  Unbalanced exhausts: 1.381862  Returns: 0.000000
   **   ~~~   **   Infiltration: 2.273321E-002  Zone Ventilation: 0.000000  Mixing (incoming): 0.000000
   **   ~~~   **   Imbalance (excess outflow): 0.917514  Total system OA flow (for all airloops serving this zone): 0.441614
   **   ~~~   **   This error will only be reported once per zone.
   ** Warning ** In zone GYM_ZN_1_FLR_1 there is unbalanced air flow. Load due to induced outdoor air is neglected.
   **   ~~~   **  Environment=RUNPERIOD 1, at Simulation time=01/01 00:10 - 00:20
   **   ~~~   **   Flows [m3/s]: Inlets: 0.423828  Unbalanced exhausts: 0.544155  Returns: 0.000000
   **   ~~~   **   Infiltration: 1.012199E-002  Zone Ventilation: 0.000000  Mixing (incoming): 0.000000
   **   ~~~   **   Imbalance (excess outflow): 0.110206  Total system OA flow (for all airloops serving this zone): 0.578397
   **   ~~~   **   This error will only be reported once per zone.
   ** Warning ** In zone LIBRARY_MEDIA_CENTER_ZN_1_FLR_1 there is unbalanced air flow. Load due to induced outdoor air is neglected.
   **   ~~~   **  Environment=RUNPERIOD 1, at Simulation time=01/01 00:20 - 00:30
   **   ~~~   **   Flows [m3/s]: Inlets: 0.244797  Unbalanced exhausts: 0.283168  Returns: 0.000000
   **   ~~~   **   Infiltration: 2.237334E-002  Zone Ventilation: 0.000000  Mixing (incoming): 0.000000
   **   ~~~   **   Imbalance (excess outflow): 1.599832E-002  Total system OA flow (for all airloops serving this zone): 0.898394
   **   ~~~   **   This error will only be reported once per zone.
   ** Warning ** SimHVAC: Maximum iterations (20) exceeded for all HVAC loops, at RUNPERIOD 1, 01/01 04:00 - 04:03
   **   ~~~   ** The solution for one or more of the Air Loop HVAC systems did not appear to converge
   **   ~~~   ** Air System Named = PSZ-AC_2:5 did not converge for mass flow rate
   **   ~~~   ** Check values should be zero. Most Recent values listed first.
   **   ~~~   ** Demand-to-Supply interface mass flow rate check value iteration history trace: 2.328319E-002,2.328319E-002,2.328319E-002,2.328319E-002,2.328319E-002,0.000000,2.328319E-002,2.328319E-002,2.328319E-002,2.328319E-002,
   **   ~~~   ** Supply-to-demand interface deck 1 mass flow rate check value iteration history trace: 2.328319E-002,2.328319E-002,2.328319E-002,2.328319E-002,2.328319E-002,2.328319E-002,2.328319E-002,2.328319E-002,2.328319E-002,2.328319E-002,
   **   ~~~   ** Air System Named = PSZ-AC_2:5 did not converge for temperature
   **   ~~~   ** Check values should be zero. Most Recent values listed first.
   **   ~~~   ** Demand-to-Supply interface temperature check value iteration history trace: 0.000000,0.000000,0.000000,0.000000,0.000000,0.000000,0.000000,0.000000,0.000000,0.000000,
   **   ~~~   ** Supply-to-demand interface deck 1 temperature check value iteration history trace: 0.725667,0.725667,0.725667,0.725667,0.000000,0.725667,0.725667,0.725667,0.725667,0.725667,
   **   ~~~   ** Air System Named = PSZ-AC_2:5 did not converge for energy
   **   ~~~   ** Check values should be zero. Most Recent values listed first.
   **   ~~~   ** Demand-to-Supply interface energy check value iteration history trace: 482.455350,482.455350,482.455350,482.455350,482.455350,0.000000,482.455350,482.455350,482.455350,482.455350,
   **   ~~~   ** Supply-to-demand interface deck 1 energy check value iteration history trace: 239.959011,-239.959011,239.959011,-239.959011,718.092642,239.959011,-239.959011,239.959011,-239.959011,239.959011,
   **   ~~~   ** Node named GYM_ZN_1_FLR_1 DIRECT AIR INLET NODE shows oscillating humidity ratio across iterations with a repeated value of 3.226717E-003
   **   ~~~   ** Node named GYM_ZN_1_FLR_1 DIRECT AIR INLET NODE humidity ratio [kg-water/kg-dryair] iteration history trace (most recent first): 3.226717E-003,3.224671E-003,3.226717E-003,3.224671E-003,3.226717E-003,3.224671E-003,3.226717E-003,3.224671E-003,3.226717E-003,3.224671E-003,
   **   ~~~   ** Node named GYM_ZN_1_FLR_1 DIRECT AIR INLET NODE shows oscillating mass flow rate across iterations with a repeated value of 0.678995
   **   ~~~   ** Node named GYM_ZN_1_FLR_1 DIRECT AIR INLET NODE mass flow rate [kg/s] iteration history trace (most recent first): 0.678995,0.655712,0.678995,0.655712,0.678995,0.655712,0.678995,0.655712,0.678995,0.655712,
   **   ~~~   ** Node named GYM_ZN_1_FLR_1 DIRECT AIR INLET NODE shows oscillating temperatures across iterations with a repeated value of 30.693000
   **   ~~~   ** Node named GYM_ZN_1_FLR_1 DIRECT AIR INLET NODE temperature [C] iteration history trace (most recent first): 30.693000,31.418668,30.693000,31.418668,30.693000,31.418668,30.693000,31.418668,30.693000,31.418668,
   ** Warning ** SimHVAC: Maximum iterations (20) exceeded for all HVAC loops, at RUNPERIOD 1, 01/01 06:00 - 06:03
   **   ~~~   ** The solution for one or more of the Air Loop HVAC systems did not appear to converge
   **   ~~~   ** Air System Named = PSZ-AC_2:5 did not converge for mass flow rate
   **   ~~~   ** Check values should be zero. Most Recent values listed first.
   **   ~~~   ** Demand-to-Supply interface mass flow rate check value iteration history trace: 4.019724E-002,4.019724E-002,4.019724E-002,4.019724E-002,4.019724E-002,0.000000,4.019724E-002,4.019724E-002,4.019724E-002,4.019724E-002,
   **   ~~~   ** Supply-to-demand interface deck 1 mass flow rate check value iteration history trace: 4.926098E-002,4.926098E-002,4.926098E-002,4.926098E-002,4.926098E-002,4.926098E-002,4.926098E-002,4.926098E-002,4.926098E-002,4.926098E-002,
   **   ~~~   ** Air System Named = PSZ-AC_2:5 did not converge for temperature
   **   ~~~   ** Check values should be zero. Most Recent values listed first.
   **   ~~~   ** Demand-to-Supply interface temperature check value iteration history trace: 0.000000,0.000000,0.000000,0.000000,0.000000,0.000000,0.000000,0.000000,0.000000,0.000000,
   **   ~~~   ** Supply-to-demand interface deck 1 temperature check value iteration history trace: 1.256207,1.256207,1.256207,1.256207,0.000000,1.256207,1.256207,1.256207,1.256207,1.256207,
   **   ~~~   ** Air System Named = PSZ-AC_2:5 did not converge for energy
   **   ~~~   ** Check values should be zero. Most Recent values listed first.
   **   ~~~   ** Demand-to-Supply interface energy check value iteration history trace: 832.864158,832.864158,832.864158,832.864158,832.864158,0.000000,832.864158,832.864158,832.864158,832.864158,
   **   ~~~   ** Supply-to-demand interface deck 1 energy check value iteration history trace: 721.611717,-721.611717,721.611717,-721.611717,1516.520235,721.611717,-721.611717,721.611717,-721.611717,721.611717,
   **   ~~~   ** Node named GYM_ZN_1_FLR_1 DIRECT AIR INLET NODE shows oscillating humidity ratio across iterations with a repeated value of 3.152623E-003
   **   ~~~   ** Node named GYM_ZN_1_FLR_1 DIRECT AIR INLET NODE humidity ratio [kg-water/kg-dryair] iteration history trace (most recent first): 3.152623E-003,3.153263E-003,3.152623E-003,3.153263E-003,3.152623E-003,3.153263E-003,3.152623E-003,3.153263E-003,3.152623E-003,3.153263E-003,
   **   ~~~   ** Node named GYM_ZN_1_FLR_1 DIRECT AIR INLET NODE shows oscillating mass flow rate across iterations with a repeated value of 0.678995
   **   ~~~   ** Node named GYM_ZN_1_FLR_1 DIRECT AIR INLET NODE mass flow rate [kg/s] iteration history trace (most recent first): 0.678995,0.629734,0.678995,0.629734,0.678995,0.629734,0.678995,0.629734,0.678995,0.629734,
   **   ~~~   ** Node named GYM_ZN_1_FLR_1 DIRECT AIR INLET NODE shows oscillating temperatures across iterations with a repeated value of 30.637019
   **   ~~~   ** Node named GYM_ZN_1_FLR_1 DIRECT AIR INLET NODE temperature [C] iteration history trace (most recent first): 30.637019,31.893226,30.637019,31.893226,30.637019,31.893226,30.637019,31.893226,30.637019,31.893226,
   ** Severe  ** CheckAirLoopFlowBalance: AirLoopHVAC PSZ-AC_2:5 is unbalanced. Supply is > return plus outdoor air.
   **   ~~~   **  Environment=RUNPERIOD 1, at Simulation time=01/01 06:00 - 06:03
   **   ~~~   **   Flows [m3/s at standard density]: Supply=0.578397  Return=3.424173E-002  Outdoor Air=0.536435
   **   ~~~   **   Imbalance=7.720889E-003
   **   ~~~   **   This error will only be reported once per system.
   ** Warning ** SimHVAC: Maximum iterations (20) exceeded for all HVAC loops, at RUNPERIOD 1, 01/01 09:20 - 09:23
   **   ~~~   ** The solution for one or more of the Air Loop HVAC systems did not appear to converge
   **   ~~~   ** Air System Named = PSZ-AC_2:5 did not converge for mass flow rate
   **   ~~~   ** Check values should be zero. Most Recent values listed first.
   **   ~~~   ** Demand-to-Supply interface mass flow rate check value iteration history trace: 1.977035E-002,1.977035E-002,1.977035E-002,1.977035E-002,1.977035E-002,0.000000,1.977035E-002,1.977035E-002,1.977035E-002,1.977035E-002,
   **   ~~~   ** Supply-to-demand interface deck 1 mass flow rate check value iteration history trace: 4.096651E-002,4.096651E-002,4.096651E-002,4.096651E-002,4.096651E-002,4.096651E-002,4.096651E-002,4.096651E-002,4.096651E-002,4.096651E-002,
   **   ~~~   ** Air System Named = PSZ-AC_2:5 did not converge for temperature
   **   ~~~   ** Check values should be zero. Most Recent values listed first.
   **   ~~~   ** Demand-to-Supply interface temperature check value iteration history trace: 3.552714E-015,3.552714E-015,3.552714E-015,3.552714E-015,3.552714E-015,0.000000,3.552714E-015,3.552714E-015,3.552714E-015,3.552714E-015,
   **   ~~~   ** Supply-to-demand interface deck 1 temperature check value iteration history trace: 0.645522,0.645522,0.645522,0.645522,0.000000,0.645522,0.645522,0.645522,0.645522,0.645522,
   **   ~~~   ** Air System Named = PSZ-AC_2:5 did not converge for energy
   **   ~~~   ** Check values should be zero. Most Recent values listed first.
   **   ~~~   ** Demand-to-Supply interface energy check value iteration history trace: 410.278320,410.278320,410.278320,410.278320,410.278320,0.000000,410.278320,410.278320,410.278320,410.278320,
   **   ~~~   ** Supply-to-demand interface deck 1 energy check value iteration history trace: 850.145434,-850.145434,850.145434,-850.145434,1250.752010,850.145434,-850.145434,850.145434,-850.145434,850.145434,
   **   ~~~   ** Node named GYM_ZN_1_FLR_1 DIRECT AIR INLET NODE shows oscillating humidity ratio across iterations with a repeated value of 3.206856E-003
   **   ~~~   ** Node named GYM_ZN_1_FLR_1 DIRECT AIR INLET NODE humidity ratio [kg-water/kg-dryair] iteration history trace (most recent first): 3.206856E-003,3.205673E-003,3.206856E-003,3.205673E-003,3.206856E-003,3.205673E-003,3.206856E-003,3.205673E-003,3.206856E-003,3.205673E-003,
   **   ~~~   ** Node named GYM_ZN_1_FLR_1 DIRECT AIR INLET NODE shows oscillating mass flow rate across iterations with a repeated value of 0.658568
   **   ~~~   ** Node named GYM_ZN_1_FLR_1 DIRECT AIR INLET NODE mass flow rate [kg/s] iteration history trace (most recent first): 0.658568,0.617602,0.658568,0.617602,0.658568,0.617602,0.658568,0.617602,0.658568,0.617602,
   **   ~~~   ** Node named GYM_ZN_1_FLR_1 DIRECT AIR INLET NODE shows oscillating temperatures across iterations with a repeated value of 30.383903
   **   ~~~   ** Node named GYM_ZN_1_FLR_1 DIRECT AIR INLET NODE temperature [C] iteration history trace (most recent first): 30.383903,31.029425,30.383903,31.029425,30.383903,31.029425,30.383903,31.029425,30.383903,31.029425,
   ** Warning ** SimHVAC: Maximum iterations (20) exceeded for all HVAC loops, at RUNPERIOD 1, 01/01 11:30 - 11:32
   **   ~~~   ** The solution for one or more of the Air Loop HVAC systems did not appear to converge
   **   ~~~   ** Air System Named = PSZ-AC_2:5 did not converge for mass flow rate
   **   ~~~   ** Check values should be zero. Most Recent values listed first.
   **   ~~~   ** Demand-to-Supply interface mass flow rate check value iteration history trace: 3.347092E-002,3.347092E-002,3.347092E-002,3.347092E-002,3.347092E-002,0.000000,3.347092E-002,3.347092E-002,3.347092E-002,3.347092E-002,
   **   ~~~   ** Supply-to-demand interface deck 1 mass flow rate check value iteration history trace: 6.036260E-002,6.036260E-002,6.036260E-002,6.036260E-002,6.036260E-002,6.036260E-002,6.036260E-002,6.036260E-002,6.036260E-002,6.036260E-002,
   **   ~~~   ** Air System Named = PSZ-AC_2:5 did not converge for temperature
   **   ~~~   ** Check values should be zero. Most Recent values listed first.
   **   ~~~   ** Demand-to-Supply interface temperature check value iteration history trace: 0.000000,0.000000,0.000000,0.000000,0.000000,0.000000,0.000000,0.000000,0.000000,0.000000,
   **   ~~~   ** Supply-to-demand interface deck 1 temperature check value iteration history trace: 1.033434,1.033434,1.033434,1.033434,0.000000,1.033434,1.033434,1.033434,1.033434,1.033434,
   **   ~~~   ** Air System Named = PSZ-AC_2:5 did not converge for energy
   **   ~~~   ** Check values should be zero. Most Recent values listed first.
   **   ~~~   ** Demand-to-Supply interface energy check value iteration history trace: 698.067264,698.067264,698.067264,698.067264,698.067264,0.000000,698.067264,698.067264,698.067264,698.067264,
   **   ~~~   ** Supply-to-demand interface deck 1 energy check value iteration history trace: 1258.918490,-1258.918490,1258.918490,-1258.918490,1894.346523,1258.918490,-1258.918490,1258.918490,-1258.918490,1258.918490,
   **   ~~~   ** Node named GYM_ZN_1_FLR_1 DIRECT AIR INLET NODE shows oscillating humidity ratio across iterations with a repeated value of 3.248715E-003
   **   ~~~   ** Node named GYM_ZN_1_FLR_1 DIRECT AIR INLET NODE humidity ratio [kg-water/kg-dryair] iteration history trace (most recent first): 3.248715E-003,3.245656E-003,3.248715E-003,3.245656E-003,3.248715E-003,3.245656E-003,3.248715E-003,3.245656E-003,3.248715E-003,3.245656E-003,
   **   ~~~   ** Node named GYM_ZN_1_FLR_1 DIRECT AIR INLET NODE shows oscillating mass flow rate across iterations with a repeated value of 0.672269
   **   ~~~   ** Node named GYM_ZN_1_FLR_1 DIRECT AIR INLET NODE mass flow rate [kg/s] iteration history trace (most recent first): 0.672269,0.611906,0.672269,0.611906,0.672269,0.611906,0.672269,0.611906,0.672269,0.611906,
   **   ~~~   ** Node named GYM_ZN_1_FLR_1 DIRECT AIR INLET NODE shows oscillating temperatures across iterations with a repeated value of 31.231499
   **   ~~~   ** Node named GYM_ZN_1_FLR_1 DIRECT AIR INLET NODE temperature [C] iteration history trace (most recent first): 31.231499,32.264933,31.231499,32.264933,31.231499,32.264933,31.231499,32.264933,31.231499,32.264933,
   ** Warning ** In zone KITCHEN_ZN_1_FLR_1 there is unbalanced air flow. Load due to induced outdoor air is neglected.
   **   ~~~   **  Environment=RUNPERIOD 1, at Simulation time=01/01 11:35 - 11:38
   **   ~~~   **   Flows [m3/s]: Inlets: 0.235893  Unbalanced exhausts: 2.123763  Returns: 0.000000
   **   ~~~   **   Infiltration: 3.901448E-003  Zone Ventilation: 0.000000  Mixing (incoming): 0.000000
   **   ~~~   **   Imbalance (excess outflow): 1.883969  Total system OA flow (for all airloops serving this zone): 0.791427
   **   ~~~   **   This error will only be reported once per zone.
   ** Warning ** SimHVAC: Maximum iterations (20) exceeded for all HVAC loops, at RUNPERIOD 1, 01/01 18:40 - 18:43
   **   ~~~   ** The solution for one or more of the Air Loop HVAC systems did not appear to converge
   **   ~~~   ** Air System Named = PSZ-AC_2:5 did not converge for mass flow rate
   **   ~~~   ** Check values should be zero. Most Recent values listed first.
   **   ~~~   ** Demand-to-Supply interface mass flow rate check value iteration history trace: 3.082678E-002,3.082678E-002,3.082678E-002,3.082678E-002,3.082678E-002,0.000000,3.082678E-002,3.082678E-002,3.082678E-002,3.082678E-002,
   **   ~~~   ** Supply-to-demand interface deck 1 mass flow rate check value iteration history trace: 5.892169E-002,5.892169E-002,5.892169E-002,5.892169E-002,5.892169E-002,5.892169E-002,5.892169E-002,5.892169E-002,5.892169E-002,5.892169E-002,
   **   ~~~   ** Air System Named = PSZ-AC_2:5 did not converge for temperature
   **   ~~~   ** Check values should be zero. Most Recent values listed first.
   **   ~~~   ** Demand-to-Supply interface temperature check value iteration history trace: 0.000000,0.000000,0.000000,0.000000,0.000000,0.000000,0.000000,0.000000,0.000000,0.000000,
   **   ~~~   ** Supply-to-demand interface deck 1 temperature check value iteration history trace: 0.973018,0.973018,0.973018,0.973018,0.000000,0.973018,0.973018,0.973018,0.973018,0.973018,
   **   ~~~   ** Air System Named = PSZ-AC_2:5 did not converge for energy
   **   ~~~   ** Check values should be zero. Most Recent values listed first.
   **   ~~~   ** Demand-to-Supply interface energy check value iteration history trace: 639.245915,639.245915,639.245915,639.245915,639.245915,0.000000,639.245915,639.245915,639.245915,639.245915,
   **   ~~~   ** Supply-to-demand interface deck 1 energy check value iteration history trace: 1221.841881,-1221.841881,1221.841881,-1221.841881,1818.945193,1221.841881,-1221.841881,1221.841881,-1221.841881,1221.841881,
   **   ~~~   ** Node named GYM_ZN_1_FLR_1 DIRECT AIR INLET NODE shows oscillating humidity ratio across iterations with a repeated value of 3.418720E-003
   **   ~~~   ** Node named GYM_ZN_1_FLR_1 DIRECT AIR INLET NODE humidity ratio [kg-water/kg-dryair] iteration history trace (most recent first): 3.418720E-003,3.420261E-003,3.418720E-003,3.420261E-003,3.418720E-003,3.420261E-003,3.418720E-003,3.420261E-003,3.418720E-003,3.420261E-003,
   **   ~~~   ** Node named GYM_ZN_1_FLR_1 DIRECT AIR INLET NODE shows oscillating mass flow rate across iterations with a repeated value of 0.669625
   **   ~~~   ** Node named GYM_ZN_1_FLR_1 DIRECT AIR INLET NODE mass flow rate [kg/s] iteration history trace (most recent first): 0.669625,0.610703,0.669625,0.610703,0.669625,0.610703,0.669625,0.610703,0.669625,0.610703,
   **   ~~~   ** Node named GYM_ZN_1_FLR_1 DIRECT AIR INLET NODE shows oscillating temperatures across iterations with a repeated value of 30.721738
   **   ~~~   ** Node named GYM_ZN_1_FLR_1 DIRECT AIR INLET NODE temperature [C] iteration history trace (most recent first): 30.721738,31.694756,30.721738,31.694756,30.721738,31.694756,30.721738,31.694756,30.721738,31.694756,
   ** Warning ** SimHVAC: Maximum iterations (20) exceeded for all HVAC loops, at RUNPERIOD 1, 01/02 01:20 - 01:30
   **   ~~~   ** The solution for one or more of the Air Loop HVAC systems did not appear to converge
   **   ~~~   ** Air System Named = PSZ-AC_2:5 did not converge for mass flow rate
   **   ~~~   ** Check values should be zero. Most Recent values listed first.
   **   ~~~   ** Demand-to-Supply interface mass flow rate check value iteration history trace: 9.464108E-003,9.464108E-003,9.464108E-003,9.464108E-003,9.464108E-003,0.000000,9.464108E-003,9.464108E-003,9.464108E-003,9.464108E-003,
   **   ~~~   ** Supply-to-demand interface deck 1 mass flow rate check value iteration history trace: 2.182364E-002,2.182364E-002,2.182364E-002,2.182364E-002,2.182364E-002,2.182364E-002,2.182364E-002,2.182364E-002,2.182364E-002,2.182364E-002,
   **   ~~~   ** Air System Named = PSZ-AC_2:5 did not converge for temperature
   **   ~~~   ** Check values should be zero. Most Recent values listed first.
   **   ~~~   ** Demand-to-Supply interface temperature check value iteration history trace: 7.105427E-015,0.000000,0.000000,7.105427E-015,7.105427E-015,0.000000,0.000000,0.000000,7.105427E-015,7.105427E-015,
   **   ~~~   ** Supply-to-demand interface deck 1 temperature check value iteration history trace: 0.321469,0.321469,0.321469,0.321469,0.000000,0.321469,0.321469,0.321469,0.321469,0.321469,
   **   ~~~   ** Air System Named = PSZ-AC_2:5 did not converge for energy
   **   ~~~   ** Check values should be zero. Most Recent values listed first.
   **   ~~~   ** Demand-to-Supply interface energy check value iteration history trace: 193.266272,193.266272,193.266272,193.266272,193.266272,0.000000,193.266272,193.266272,193.266272,193.266272,
   **   ~~~   ** Supply-to-demand interface deck 1 energy check value iteration history trace: 445.660017,-445.660017,445.660017,-445.660017,648.015968,445.660017,-445.660017,445.660017,-445.660017,445.660017,
   **   ~~~   ** Node named GYM_ZN_1_FLR_1 DIRECT AIR INLET NODE shows oscillating humidity ratio across iterations with a repeated value of 2.924050E-003
   **   ~~~   ** Node named GYM_ZN_1_FLR_1 DIRECT AIR INLET NODE humidity ratio [kg-water/kg-dryair] iteration history trace (most recent first): 2.924050E-003,2.926464E-003,2.924050E-003,2.926464E-003,2.924050E-003,2.926464E-003,2.924050E-003,2.926464E-003,2.924050E-003,2.926464E-003,
   **   ~~~   ** Node named GYM_ZN_1_FLR_1 DIRECT AIR INLET NODE shows oscillating mass flow rate across iterations with a repeated value of 0.648262
   **   ~~~   ** Node named GYM_ZN_1_FLR_1 DIRECT AIR INLET NODE mass flow rate [kg/s] iteration history trace (most recent first): 0.648262,0.626438,0.648262,0.626438,0.648262,0.626438,0.648262,0.626438,0.648262,0.626438,
   **   ~~~   ** Node named GYM_ZN_1_FLR_1 DIRECT AIR INLET NODE shows oscillating temperatures across iterations with a repeated value of 29.550157
   **   ~~~   ** Node named GYM_ZN_1_FLR_1 DIRECT AIR INLET NODE temperature [C] iteration history trace (most recent first): 29.550157,29.871626,29.550157,29.871626,29.550157,29.871626,29.550157,29.871626,29.550157,29.871626,
   ** Warning ** SimHVAC: Maximum iterations (20) exceeded for all HVAC loops, at RUNPERIOD 1, 01/02 01:20 - 01:25
   **   ~~~   ** The solution for one or more of the Air Loop HVAC systems did not appear to converge
   **   ~~~   ** Air System Named = PSZ-AC_2:5 did not converge for mass flow rate
   **   ~~~   ** Check values should be zero. Most Recent values listed first.
   **   ~~~   ** Demand-to-Supply interface mass flow rate check value iteration history trace: 2.819423E-002,2.819423E-002,2.819423E-002,2.819423E-002,2.819423E-002,0.000000,2.819423E-002,2.819423E-002,2.819423E-002,2.819423E-002,
   **   ~~~   ** Supply-to-demand interface deck 1 mass flow rate check value iteration history trace: 6.342348E-002,6.342348E-002,6.342348E-002,6.342348E-002,6.342348E-002,6.342348E-002,6.342348E-002,6.342348E-002,6.342348E-002,6.342348E-002,
   **   ~~~   ** Air System Named = PSZ-AC_2:5 did not converge for temperature
   **   ~~~   ** Check values should be zero. Most Recent values listed first.
   **   ~~~   ** Demand-to-Supply interface temperature check value iteration history trace: 7.105427E-015,7.105427E-015,7.105427E-015,7.105427E-015,7.105427E-015,0.000000,7.105427E-015,7.105427E-015,7.105427E-015,7.105427E-015,
   **   ~~~   ** Supply-to-demand interface deck 1 temperature check value iteration history trace: 0.941930,0.941930,0.941930,0.941930,0.000000,0.941930,0.941930,0.941930,0.941930,0.941930,
   **   ~~~   ** Air System Named = PSZ-AC_2:5 did not converge for energy
   **   ~~~   ** Check values should be zero. Most Recent values listed first.
   **   ~~~   ** Demand-to-Supply interface energy check value iteration history trace: 583.226301,583.226301,583.226301,583.226301,583.226301,0.000000,583.226301,583.226301,583.226301,583.226301,
   **   ~~~   ** Supply-to-demand interface deck 1 energy check value iteration history trace: 1311.979064,-1311.979064,1311.979064,-1311.979064,1883.252330,1311.979064,-1311.979064,1311.979064,-1311.979064,1311.979064,
   **   ~~~   ** Node named GYM_ZN_1_FLR_1 DIRECT AIR INLET NODE shows oscillating humidity ratio across iterations with a repeated value of 2.924050E-003
   **   ~~~   ** Node named GYM_ZN_1_FLR_1 DIRECT AIR INLET NODE humidity ratio [kg-water/kg-dryair] iteration history trace (most recent first): 2.924050E-003,2.931052E-003,2.924050E-003,2.931052E-003,2.924050E-003,2.931052E-003,2.924050E-003,2.931052E-003,2.924050E-003,2.931052E-003,
   **   ~~~   ** Node named GYM_ZN_1_FLR_1 DIRECT AIR INLET NODE shows oscillating mass flow rate across iterations with a repeated value of 0.666992
   **   ~~~   ** Node named GYM_ZN_1_FLR_1 DIRECT AIR INLET NODE mass flow rate [kg/s] iteration history trace (most recent first): 0.666992,0.603569,0.666992,0.603569,0.666992,0.603569,0.666992,0.603569,0.666992,0.603569,
   **   ~~~   ** Node named GYM_ZN_1_FLR_1 DIRECT AIR INLET NODE shows oscillating temperatures across iterations with a repeated value of 29.550157
   **   ~~~   ** Node named GYM_ZN_1_FLR_1 DIRECT AIR INLET NODE temperature [C] iteration history trace (most recent first): 29.550157,30.492087,29.550157,30.492087,29.550157,30.492087,29.550157,30.492087,29.550157,30.492087,
   ** Warning ** SimHVAC: Maximum iterations (20) exceeded for all HVAC loops, at RUNPERIOD 1, 01/02 02:00 - 02:10
   **   ~~~   ** The solution for one or more of the Air Loop HVAC systems did not appear to converge
   **   ~~~   ** Air System Named = PSZ-AC_2:5 did not converge for mass flow rate
   **   ~~~   ** Check values should be zero. Most Recent values listed first.
   **   ~~~   ** Demand-to-Supply interface mass flow rate check value iteration history trace: 3.392453E-002,3.392453E-002,3.392453E-002,3.392453E-002,3.392453E-002,0.000000,3.392453E-002,3.392453E-002,3.392453E-002,3.392453E-002,
   **   ~~~   ** Supply-to-demand interface deck 1 mass flow rate check value iteration history trace: 7.193319E-002,7.193319E-002,7.193319E-002,7.193319E-002,7.193319E-002,7.193319E-002,7.193319E-002,7.193319E-002,7.193319E-002,7.193319E-002,
   **   ~~~   ** Air System Named = PSZ-AC_2:5 did not converge for temperature
   **   ~~~   ** Check values should be zero. Most Recent values listed first.
   **   ~~~   ** Demand-to-Supply interface temperature check value iteration history trace: 0.000000,0.000000,0.000000,0.000000,0.000000,0.000000,0.000000,0.000000,0.000000,0.000000,
   **   ~~~   ** Supply-to-demand interface deck 1 temperature check value iteration history trace: 1.108690,1.108690,1.108690,1.108690,0.000000,1.108690,1.108690,1.108690,1.108690,1.108690,
   **   ~~~   ** Air System Named = PSZ-AC_2:5 did not converge for energy
   **   ~~~   ** Check values should be zero. Most Recent values listed first.
   **   ~~~   ** Demand-to-Supply interface energy check value iteration history trace: 691.541999,691.541999,691.541999,691.541999,691.541999,0.000000,691.541999,691.541999,691.541999,691.541999,
   **   ~~~   ** Supply-to-demand interface deck 1 energy check value iteration history trace: 1466.337748,-1466.337748,1466.337748,-1466.337748,2135.652937,1466.337748,-1466.337748,1466.337748,-1466.337748,1466.337748,
   **   ~~~   ** Node named GYM_ZN_1_FLR_1 DIRECT AIR INLET NODE shows oscillating humidity ratio across iterations with a repeated value of 2.991592E-003
   **   ~~~   ** Node named GYM_ZN_1_FLR_1 DIRECT AIR INLET NODE humidity ratio [kg-water/kg-dryair] iteration history trace (most recent first): 2.991592E-003,2.994693E-003,2.991592E-003,2.994693E-003,2.991592E-003,2.994693E-003,2.991592E-003,2.994693E-003,2.991592E-003,2.994693E-003,
   **   ~~~   ** Node named GYM_ZN_1_FLR_1 DIRECT AIR INLET NODE shows oscillating mass flow rate across iterations with a repeated value of 0.672722
   **   ~~~   ** Node named GYM_ZN_1_FLR_1 DIRECT AIR INLET NODE mass flow rate [kg/s] iteration history trace (most recent first): 0.672722,0.600789,0.672722,0.600789,0.672722,0.600789,0.672722,0.600789,0.672722,0.600789,
   **   ~~~   ** Node named GYM_ZN_1_FLR_1 DIRECT AIR INLET NODE shows oscillating temperatures across iterations with a repeated value of 29.546273
   **   ~~~   ** Node named GYM_ZN_1_FLR_1 DIRECT AIR INLET NODE temperature [C] iteration history trace (most recent first): 29.546273,30.654963,29.546273,30.654963,29.546273,30.654963,29.546273,30.654963,29.546273,30.654963,
   ** Warning ** SimHVAC: Maximum iterations (20) exceeded for all HVAC loops, at RUNPERIOD 1, 01/02 02:00 - 02:05
   **   ~~~   ** The solution for one or more of the Air Loop HVAC systems did not appear to converge
   **   ~~~   ** Air System Named = PSZ-AC_2:5 did not converge for mass flow rate
   **   ~~~   ** Check values should be zero. Most Recent values listed first.
   **   ~~~   ** Demand-to-Supply interface mass flow rate check value iteration history trace: 4.019724E-002,4.019724E-002,4.019724E-002,4.019724E-002,4.019724E-002,0.000000,4.019724E-002,4.019724E-002,4.019724E-002,4.019724E-002,
   **   ~~~   ** Supply-to-demand interface deck 1 mass flow rate check value iteration history trace: 7.454828E-002,7.454828E-002,7.454828E-002,7.454828E-002,7.454828E-002,7.454828E-002,7.454828E-002,7.454828E-002,7.454828E-002,7.454828E-002,
   **   ~~~   ** Air System Named = PSZ-AC_2:5 did not converge for temperature
   **   ~~~   ** Check values should be zero. Most Recent values listed first.
   **   ~~~   ** Demand-to-Supply interface temperature check value iteration history trace: 0.000000,0.000000,0.000000,0.000000,0.000000,0.000000,0.000000,0.000000,0.000000,0.000000,
   **   ~~~   ** Supply-to-demand interface deck 1 temperature check value iteration history trace: 1.317994,1.317994,1.317994,1.317994,0.000000,1.317994,1.317994,1.317994,1.317994,1.317994,
   **   ~~~   ** Air System Named = PSZ-AC_2:5 did not converge for energy
   **   ~~~   ** Check values should be zero. Most Recent values listed first.
   **   ~~~   ** Demand-to-Supply interface energy check value iteration history trace: 830.627047,830.627047,830.627047,830.627047,830.627047,0.000000,830.627047,830.627047,830.627047,830.627047,
   **   ~~~   ** Supply-to-demand interface deck 1 energy check value iteration history trace: 1412.777160,-1412.777160,1412.777160,-1412.777160,2213.293244,1412.777160,-1412.777160,1412.777160,-1412.777160,1412.777160,
   **   ~~~   ** Node named GYM_ZN_1_FLR_1 DIRECT AIR INLET NODE shows oscillating humidity ratio across iterations with a repeated value of 2.991592E-003
   **   ~~~   ** Node named GYM_ZN_1_FLR_1 DIRECT AIR INLET NODE humidity ratio [kg-water/kg-dryair] iteration history trace (most recent first): 2.991592E-003,2.995241E-003,2.991592E-003,2.995241E-003,2.991592E-003,2.995241E-003,2.991592E-003,2.995241E-003,2.991592E-003,2.995241E-003,
   **   ~~~   ** Node named GYM_ZN_1_FLR_1 DIRECT AIR INLET NODE shows oscillating mass flow rate across iterations with a repeated value of 0.678995
   **   ~~~   ** Node named GYM_ZN_1_FLR_1 DIRECT AIR INLET NODE mass flow rate [kg/s] iteration history trace (most recent first): 0.678995,0.604447,0.678995,0.604447,0.678995,0.604447,0.678995,0.604447,0.678995,0.604447,
   **   ~~~   ** Node named GYM_ZN_1_FLR_1 DIRECT AIR INLET NODE shows oscillating temperatures across iterations with a repeated value of 29.546273
   **   ~~~   ** Node named GYM_ZN_1_FLR_1 DIRECT AIR INLET NODE temperature [C] iteration history trace (most recent first): 29.546273,30.864267,29.546273,30.864267,29.546273,30.864267,29.546273,30.864267,29.546273,30.864267,
   ** Warning ** SimHVAC: Maximum iterations (20) exceeded for all HVAC loops, at RUNPERIOD 1, 01/02 02:40 - 02:50
   **   ~~~   ** The solution for one or more of the Air Loop HVAC systems did not appear to converge
   **   ~~~   ** Air System Named = PSZ-AC_2:5 did not converge for mass flow rate
   **   ~~~   ** Check values should be zero. Most Recent values listed first.
   **   ~~~   ** Demand-to-Supply interface mass flow rate check value iteration history trace: 2.567152E-002,2.567152E-002,2.567152E-002,2.567152E-002,2.567152E-002,0.000000,2.567152E-002,2.567152E-002,2.567152E-002,2.567152E-002,
   **   ~~~   ** Supply-to-demand interface deck 1 mass flow rate check value iteration history trace: 5.591143E-002,5.591143E-002,5.591143E-002,5.591143E-002,5.591143E-002,5.591143E-002,5.591143E-002,5.591143E-002,5.591143E-002,5.591143E-002,
   **   ~~~   ** Air System Named = PSZ-AC_2:5 did not converge for temperature
   **   ~~~   ** Check values should be zero. Most Recent values listed first.
   **   ~~~   ** Demand-to-Supply interface temperature check value iteration history trace: 3.552714E-015,3.552714E-015,3.552714E-015,3.552714E-015,3.552714E-015,0.000000,3.552714E-015,3.552714E-015,3.552714E-015,3.552714E-015,
   **   ~~~   ** Supply-to-demand interface deck 1 temperature check value iteration history trace: 0.849804,0.849804,0.849804,0.849804,0.000000,0.849804,0.849804,0.849804,0.849804,0.849804,
   **   ~~~   ** Air System Named = PSZ-AC_2:5 did not converge for energy
   **   ~~~   ** Check values should be zero. Most Recent values listed first.
   **   ~~~   ** Demand-to-Supply interface energy check value iteration history trace: 523.572039,523.572039,523.572039,523.572039,523.572039,0.000000,523.572039,523.572039,523.572039,523.572039,
   **   ~~~   ** Supply-to-demand interface deck 1 energy check value iteration history trace: 1140.316850,-1140.316850,1140.316850,-1140.316850,1659.976667,1140.316850,-1140.316850,1140.316850,-1140.316850,1140.316850,
   **   ~~~   ** Node named GYM_ZN_1_FLR_1 DIRECT AIR INLET NODE shows oscillating humidity ratio across iterations with a repeated value of 2.991592E-003
   **   ~~~   ** Node named GYM_ZN_1_FLR_1 DIRECT AIR INLET NODE humidity ratio [kg-water/kg-dryair] iteration history trace (most recent first): 2.991592E-003,2.993309E-003,2.991592E-003,2.993309E-003,2.991592E-003,2.993309E-003,2.991592E-003,2.993309E-003,2.991592E-003,2.993309E-003,
   **   ~~~   ** Node named GYM_ZN_1_FLR_1 DIRECT AIR INLET NODE shows oscillating mass flow rate across iterations with a repeated value of 0.664469
   **   ~~~   ** Node named GYM_ZN_1_FLR_1 DIRECT AIR INLET NODE mass flow rate [kg/s] iteration history trace (most recent first): 0.664469,0.608558,0.664469,0.608558,0.664469,0.608558,0.664469,0.608558,0.664469,0.608558,
   **   ~~~   ** Node named GYM_ZN_1_FLR_1 DIRECT AIR INLET NODE shows oscillating temperatures across iterations with a repeated value of 29.546273
   **   ~~~   ** Node named GYM_ZN_1_FLR_1 DIRECT AIR INLET NODE temperature [C] iteration history trace (most recent first): 29.546273,30.396077,29.546273,30.396077,29.546273,30.396077,29.546273,30.396077,29.546273,30.396077,
   ** Warning ** SimHVAC: Maximum iterations (20) exceeded for all HVAC loops, at RUNPERIOD 1, 01/02 02:40 - 02:45
   **   ~~~   ** The solution for one or more of the Air Loop HVAC systems did not appear to converge
   **   ~~~   ** Air System Named = PSZ-AC_2:5 did not converge for mass flow rate
   **   ~~~   ** Check values should be zero. Most Recent values listed first.
   **   ~~~   ** Demand-to-Supply interface mass flow rate check value iteration history trace: 4.019724E-002,4.019724E-002,4.019724E-002,4.019724E-002,4.019724E-002,0.000000,4.019724E-002,4.019724E-002,4.019724E-002,4.019724E-002,
   **   ~~~   ** Supply-to-demand interface deck 1 mass flow rate check value iteration history trace: 8.227672E-002,8.227672E-002,8.227672E-002,8.227672E-002,8.227672E-002,8.227672E-002,8.227672E-002,8.227672E-002,8.227672E-002,8.227672E-002,
   **   ~~~   ** Air System Named = PSZ-AC_2:5 did not converge for temperature
   **   ~~~   ** Check values should be zero. Most Recent values listed first.
   **   ~~~   ** Demand-to-Supply interface temperature check value iteration history trace: 0.000000,0.000000,0.000000,0.000000,0.000000,0.000000,0.000000,0.000000,0.000000,0.000000,
   **   ~~~   ** Supply-to-demand interface deck 1 temperature check value iteration history trace: 1.318389,1.318389,1.318389,1.318389,0.000000,1.318389,1.318389,1.318389,1.318389,1.318389,
   **   ~~~   ** Air System Named = PSZ-AC_2:5 did not converge for energy
   **   ~~~   ** Check values should be zero. Most Recent values listed first.
   **   ~~~   ** Demand-to-Supply interface energy check value iteration history trace: 830.883556,830.883556,830.883556,830.883556,830.883556,0.000000,830.883556,830.883556,830.883556,830.883556,
   **   ~~~   ** Supply-to-demand interface deck 1 energy check value iteration history trace: 1652.228386,-1652.228386,1652.228386,-1652.228386,2442.746034,1652.228386,-1652.228386,1652.228386,-1652.228386,1652.228386,
   **   ~~~   ** Node named GYM_ZN_1_FLR_1 DIRECT AIR INLET NODE shows oscillating humidity ratio across iterations with a repeated value of 2.991592E-003
   **   ~~~   ** Node named GYM_ZN_1_FLR_1 DIRECT AIR INLET NODE humidity ratio [kg-water/kg-dryair] iteration history trace (most recent first): 2.991592E-003,2.994229E-003,2.991592E-003,2.994229E-003,2.991592E-003,2.994229E-003,2.991592E-003,2.994229E-003,2.991592E-003,2.994229E-003,
   **   ~~~   ** Node named GYM_ZN_1_FLR_1 DIRECT AIR INLET NODE shows oscillating mass flow rate across iterations with a repeated value of 0.678995
   **   ~~~   ** Node named GYM_ZN_1_FLR_1 DIRECT AIR INLET NODE mass flow rate [kg/s] iteration history trace (most recent first): 0.678995,0.596718,0.678995,0.596718,0.678995,0.596718,0.678995,0.596718,0.678995,0.596718,
   **   ~~~   ** Node named GYM_ZN_1_FLR_1 DIRECT AIR INLET NODE shows oscillating temperatures across iterations with a repeated value of 29.546273
   **   ~~~   ** Node named GYM_ZN_1_FLR_1 DIRECT AIR INLET NODE temperature [C] iteration history trace (most recent first): 29.546273,30.864662,29.546273,30.864662,29.546273,30.864662,29.546273,30.864662,29.546273,30.864662,
   ** Warning ** SimHVAC: Maximum iterations (20) exceeded for all HVAC loops, at RUNPERIOD 1, 01/02 03:20 - 03:25
   **   ~~~   ** The solution for one or more of the Air Loop HVAC systems did not appear to converge
   **   ~~~   ** Air System Named = PSZ-AC_2:5 did not converge for mass flow rate
   **   ~~~   ** Check values should be zero. Most Recent values listed first.
   **   ~~~   ** Demand-to-Supply interface mass flow rate check value iteration history trace: 2.137306E-002,2.137306E-002,2.137306E-002,2.137306E-002,2.137306E-002,0.000000,2.137306E-002,2.137306E-002,2.137306E-002,2.137306E-002,
   **   ~~~   ** Supply-to-demand interface deck 1 mass flow rate check value iteration history trace: 4.706011E-002,4.706011E-002,4.706011E-002,4.706011E-002,4.706011E-002,4.706011E-002,4.706011E-002,4.706011E-002,4.706011E-002,4.706011E-002,
   **   ~~~   ** Air System Named = PSZ-AC_2:5 did not converge for temperature
   **   ~~~   ** Check values should be zero. Most Recent values listed first.
   **   ~~~   ** Demand-to-Supply interface temperature check value iteration history trace: 3.552714E-015,3.552714E-015,3.552714E-015,3.552714E-015,3.552714E-015,0.000000,3.552714E-015,3.552714E-015,3.552714E-015,3.552714E-015,
   **   ~~~   ** Supply-to-demand interface deck 1 temperature check value iteration history trace: 0.711417,0.711417,0.711417,0.711417,0.000000,0.711417,0.711417,0.711417,0.711417,0.711417,
   **   ~~~   ** Air System Named = PSZ-AC_2:5 did not converge for energy
   **   ~~~   ** Check values should be zero. Most Recent values listed first.
   **   ~~~   ** Demand-to-Supply interface energy check value iteration history trace: 441.848203,441.848203,441.848203,441.848203,441.848203,0.000000,441.848203,441.848203,441.848203,441.848203,
   **   ~~~   ** Supply-to-demand interface deck 1 energy check value iteration history trace: 972.880063,-972.880063,972.880063,-972.880063,1411.170014,972.880063,-972.880063,972.880063,-972.880063,972.880063,
   **   ~~~   ** Node named GYM_ZN_1_FLR_1 DIRECT AIR INLET NODE shows oscillating humidity ratio across iterations with a repeated value of 3.066105E-003
   **   ~~~   ** Node named GYM_ZN_1_FLR_1 DIRECT AIR INLET NODE humidity ratio [kg-water/kg-dryair] iteration history trace (most recent first): 3.066105E-003,3.064789E-003,3.066105E-003,3.064789E-003,3.066105E-003,3.064789E-003,3.066105E-003,3.064789E-003,3.066105E-003,3.064789E-003,
   **   ~~~   ** Node named GYM_ZN_1_FLR_1 DIRECT AIR INLET NODE shows oscillating mass flow rate across iterations with a repeated value of 0.660171
   **   ~~~   ** Node named GYM_ZN_1_FLR_1 DIRECT AIR INLET NODE mass flow rate [kg/s] iteration history trace (most recent first): 0.660171,0.613111,0.660171,0.613111,0.660171,0.613111,0.660171,0.613111,0.660171,0.613111,
   **   ~~~   ** Node named GYM_ZN_1_FLR_1 DIRECT AIR INLET NODE shows oscillating temperatures across iterations with a repeated value of 29.841990
   **   ~~~   ** Node named GYM_ZN_1_FLR_1 DIRECT AIR INLET NODE temperature [C] iteration history trace (most recent first): 29.841990,30.553407,29.841990,30.553407,29.841990,30.553407,29.841990,30.553407,29.841990,30.553407,
   ** Warning ** HeatExchanger:AirToAir:SensibleAndLatent "VAV_POD_1 OA HEAT RECOVERY"
   **   ~~~   ** Average air volume flow rate is <50% or >130% of the nominal HX supply air volume flow rate.
   **   ~~~   ** Air volume flow rate ratio = 0.429. Environment=RUNPERIOD 1, at Simulation time=01/02 08:00 - 08:10
   ** Warning ** HeatExchanger:AirToAir:SensibleAndLatent "VAV_POD_2 OA HEAT RECOVERY"
   **   ~~~   ** Average air volume flow rate is <50% or >130% of the nominal HX supply air volume flow rate.
   **   ~~~   ** Air volume flow rate ratio = 0.422. Environment=RUNPERIOD 1, at Simulation time=01/02 08:00 - 08:10
   ** Warning ** HeatExchanger:AirToAir:SensibleAndLatent "VAV_POD_3 OA HEAT RECOVERY"
   **   ~~~   ** Average air volume flow rate is <50% or >130% of the nominal HX supply air volume flow rate.
   **   ~~~   ** Air volume flow rate ratio = 0.433. Environment=RUNPERIOD 1, at Simulation time=01/02 08:00 - 08:10
   ** Warning ** CalcEquipmentFlowRates: "BATH_ZN_1_FLR_1 SWH_DEFAULT" - Target water temperature is greater than the hot water temperature (0.91 C)
   **   ~~~   **  Environment=RUNPERIOD 1, at Simulation time=01/02 08:00 - 08:10
   **   ~~~   ** ...target water temperature       = 60.00 C
   **   ~~~   ** ...hot water temperature       = 59.09 C
   **   ~~~   ** ...Note: target water temperature should be less than or equal to the hot water temperature
   **   ~~~   ** ...Target water temperature should be less than or equal to the hot water temperature. Verify temperature setpoints and schedules.
   ** Warning ** CalcEquipmentFlowRates: "KITCHEN_ZN_1_FLR_1 SWH_DEFAULT" - Target water temperature is greater than the hot water temperature (0.91 C)
   **   ~~~   **  Environment=RUNPERIOD 1, at Simulation time=01/02 08:00 - 08:10
   **   ~~~   ** ...target water temperature       = 60.00 C
   **   ~~~   ** ...hot water temperature       = 59.09 C
   **   ~~~   ** ...Note: target water temperature should be less than or equal to the hot water temperature
   **   ~~~   ** ...Target water temperature should be less than or equal to the hot water temperature. Verify temperature setpoints and schedules.
   ** Warning ** SimHVAC: Maximum iterations (20) exceeded for all HVAC loops, at RUNPERIOD 1, 01/02 23:10 - 23:20
   **   ~~~   ** The solution for one or more of the Air Loop HVAC systems did not appear to converge
   **   ~~~   ** Air System Named = PSZ-AC_2:5 did not converge for mass flow rate
   **   ~~~   ** Check values should be zero. Most Recent values listed first.
   **   ~~~   ** Demand-to-Supply interface mass flow rate check value iteration history trace: 7.426489E-003,7.426489E-003,7.426489E-003,7.426489E-003,7.426489E-003,0.000000,7.426489E-003,7.426489E-003,7.426489E-003,7.426489E-003,
   **   ~~~   ** Supply-to-demand interface deck 1 mass flow rate check value iteration history trace: 1.900765E-002,1.900765E-002,1.900765E-002,1.900765E-002,1.900765E-002,1.900765E-002,1.900765E-002,1.900765E-002,1.900765E-002,1.900765E-002,
   **   ~~~   ** Air System Named = PSZ-AC_2:5 did not converge for temperature
   **   ~~~   ** Check values should be zero. Most Recent values listed first.
   **   ~~~   ** Demand-to-Supply interface temperature check value iteration history trace: 0.000000,0.000000,0.000000,0.000000,0.000000,0.000000,0.000000,0.000000,0.000000,0.000000,
   **   ~~~   ** Supply-to-demand interface deck 1 temperature check value iteration history trace: 0.260436,0.260436,0.260436,0.260436,0.000000,0.260436,0.260436,0.260436,0.260436,0.260436,
   **   ~~~   ** Air System Named = PSZ-AC_2:5 did not converge for energy
   **   ~~~   ** Check values should be zero. Most Recent values listed first.
   **   ~~~   ** Demand-to-Supply interface energy check value iteration history trace: 152.780792,152.780792,152.780792,152.780792,152.780792,0.000000,152.780792,152.780792,152.780792,152.780792,
   **   ~~~   ** Supply-to-demand interface deck 1 energy check value iteration history trace: 391.033142,-391.033142,391.033142,-391.033142,555.174427,391.033142,-391.033142,391.033142,-391.033142,391.033142,
   **   ~~~   ** Node named GYM_ZN_1_FLR_1 DIRECT AIR INLET NODE shows oscillating humidity ratio across iterations with a repeated value of 2.628679E-003
   **   ~~~   ** Node named GYM_ZN_1_FLR_1 DIRECT AIR INLET NODE humidity ratio [kg-water/kg-dryair] iteration history trace (most recent first): 2.628679E-003,2.636488E-003,2.628679E-003,2.636488E-003,2.628679E-003,2.636488E-003,2.628679E-003,2.636488E-003,2.628679E-003,2.636488E-003,
   **   ~~~   ** Node named GYM_ZN_1_FLR_1 DIRECT AIR INLET NODE shows oscillating mass flow rate across iterations with a repeated value of 0.646224
   **   ~~~   ** Node named GYM_ZN_1_FLR_1 DIRECT AIR INLET NODE mass flow rate [kg/s] iteration history trace (most recent first): 0.646224,0.627217,0.646224,0.627217,0.646224,0.627217,0.646224,0.627217,0.646224,0.627217,
   **   ~~~   ** Node named GYM_ZN_1_FLR_1 DIRECT AIR INLET NODE shows oscillating temperatures across iterations with a repeated value of 29.067150
   **   ~~~   ** Node named GYM_ZN_1_FLR_1 DIRECT AIR INLET NODE temperature [C] iteration history trace (most recent first): 29.067150,29.327586,29.067150,29.327586,29.067150,29.327586,29.067150,29.327586,29.067150,29.327586,
   ** Warning ** SimHVAC: Maximum iterations (20) exceeded for all HVAC loops, at RUNPERIOD 1, 01/02 23:50 - 24:00
   **   ~~~   ** The solution for one or more of the Air Loop HVAC systems did not appear to converge
   **   ~~~   ** Air System Named = PSZ-AC_2:5 did not converge for mass flow rate
   **   ~~~   ** Check values should be zero. Most Recent values listed first.
   **   ~~~   ** Demand-to-Supply interface mass flow rate check value iteration history trace: 1.848022E-002,1.848022E-002,1.848022E-002,1.848022E-002,1.848022E-002,0.000000,1.848022E-002,1.848022E-002,1.848022E-002,1.848022E-002,
   **   ~~~   ** Supply-to-demand interface deck 1 mass flow rate check value iteration history trace: 4.530333E-002,4.530333E-002,4.530333E-002,4.530333E-002,4.530333E-002,4.530333E-002,4.530333E-002,4.530333E-002,4.530333E-002,4.530333E-002,
   **   ~~~   ** Air System Named = PSZ-AC_2:5 did not converge for temperature
   **   ~~~   ** Check values should be zero. Most Recent values listed first.
   **   ~~~   ** Demand-to-Supply interface temperature check value iteration history trace: 3.552714E-015,0.000000,0.000000,3.552714E-015,3.552714E-015,0.000000,0.000000,0.000000,3.552714E-015,3.552714E-015,
   **   ~~~   ** Supply-to-demand interface deck 1 temperature check value iteration history trace: 0.636946,0.636946,0.636946,0.636946,0.000000,0.636946,0.636946,0.636946,0.636946,0.636946,
   **   ~~~   ** Air System Named = PSZ-AC_2:5 did not converge for energy
   **   ~~~   ** Check values should be zero. Most Recent values listed first.
   **   ~~~   ** Demand-to-Supply interface energy check value iteration history trace: 379.993265,379.993265,379.993265,379.993265,379.993265,0.000000,379.993265,379.993265,379.993265,379.993265,
   **   ~~~   ** Supply-to-demand interface deck 1 energy check value iteration history trace: 931.534291,-931.534291,931.534291,-931.534291,1323.217375,931.534291,-931.534291,931.534291,-931.534291,931.534291,
   **   ~~~   ** Node named GYM_ZN_1_FLR_1 DIRECT AIR INLET NODE shows oscillating humidity ratio across iterations with a repeated value of 2.628679E-003
   **   ~~~   ** Node named GYM_ZN_1_FLR_1 DIRECT AIR INLET NODE humidity ratio [kg-water/kg-dryair] iteration history trace (most recent first): 2.628679E-003,2.643635E-003,2.628679E-003,2.643635E-003,2.628679E-003,2.643635E-003,2.628679E-003,2.643635E-003,2.628679E-003,2.643635E-003,
   **   ~~~   ** Node named GYM_ZN_1_FLR_1 DIRECT AIR INLET NODE shows oscillating mass flow rate across iterations with a repeated value of 0.657278
   **   ~~~   ** Node named GYM_ZN_1_FLR_1 DIRECT AIR INLET NODE mass flow rate [kg/s] iteration history trace (most recent first): 0.657278,0.611975,0.657278,0.611975,0.657278,0.611975,0.657278,0.611975,0.657278,0.611975,
   **   ~~~   ** Node named GYM_ZN_1_FLR_1 DIRECT AIR INLET NODE shows oscillating temperatures across iterations with a repeated value of 29.067150
   **   ~~~   ** Node named GYM_ZN_1_FLR_1 DIRECT AIR INLET NODE temperature [C] iteration history trace (most recent first): 29.067150,29.704096,29.067150,29.704096,29.067150,29.704096,29.067150,29.704096,29.067150,29.704096,
   ** Warning ** WetBulb not converged after 101 iterations(PsyTwbFnTdbWPb)
   **   ~~~   **  Routine=CalcMultiSpeedDXCoilCooling, Environment=RUNPERIOD 1, at Simulation time=01/05 01:15 - 01:20
   **   ~~~   **  Input Temperature = 6.31
   **   ~~~   **  Input Humidity Ratio= 1.303898E-003
   **   ~~~   **  Input Pressure = 99200.00
   **   ~~~   **  Resultant Temperature= 2.26E-002
   ** Warning ** Temperature out of range [-100. to 200.] (PsyPsatFnTemp)
   **   ~~~   **  Routine=PsyTwbFnTdbWPb, Environment=RUNPERIOD 1, at Simulation time=01/06 06:20 - 06:30
   **   ~~~   **  Input Temperature=-478.34
   ** Warning ** Coil control failed for AirLoopHVAC:UnitarySystem:PSZ-AC_1:6_UNITARY_PACKAGE_DX
   **   ~~~   **   sensible part-load ratio determined to be outside the range of 0-1.
   **   ~~~   ** Sensible load to be met = -13931.13 (watts), and the simulation continues.
   **   ~~~   **  Environment=RUNPERIOD 1, at Simulation time=01/17 04:40 - 04:43
   ** Severe  ** CheckAirLoopFlowBalance: AirLoopHVAC PSZ-AC_1:6 is unbalanced. Supply is > return plus outdoor air.
   **   ~~~   **  Environment=RUNPERIOD 1, at Simulation time=01/18 21:35 - 21:38
   **   ~~~   **   Flows [m3/s at standard density]: Supply=1.826643E-003  Return=0.000000  Outdoor Air=0.000000
   **   ~~~   **   Imbalance=1.826643E-003
   **   ~~~   **   This error will only be reported once per system.
   ** Warning ** Coil:Cooling:DX:MultiSpeed "PSZ-AC_2:5 COOLING COIL" - Air volume flow rate per watt of rated total cooling capacity is out of range at speed 1.
   **   ~~~   **  Environment=RUNPERIOD 1, at Simulation time=04/16 10:28 - 10:30
   **   ~~~   ** Expected range for VolumeFlowPerRatedTotalCapacity=[2.684E-005--6.713E-005] Current value is 2.284E-005 m3/s/W
   **   ~~~   ** Possible causes include inconsistent air flow rates in system components or
   **   ~~~   ** inconsistent supply air fan operation modes in coil and unitary system objects.
   ** Warning ** Coil:Cooling:DX:MultiSpeed "PSZ-AC_2:5 COOLING COIL" - Air volume flow rate per watt of rated total cooling capacity is out of range at speed 2.
   **   ~~~   **  Environment=RUNPERIOD 1, at Simulation time=04/16 10:28 - 10:30
   **   ~~~   ** Expected range for VolumeFlowPerRatedTotalCapacity=[2.684E-005--6.713E-005] Current value is 1.730E-005 m3/s/W
   **   ~~~   ** Possible causes include inconsistent air flow rates in system components or
   **   ~~~   ** inconsistent supply air fan operation modes in coil and unitary system objects.
   ** Warning ** Coil control failed for AirLoopHVAC:UnitarySystem:PSZ-AC_2:5_UNITARY_PACKAGE_DX
   **   ~~~   **   sensible part-load ratio determined to be outside the range of 0-1.
   **   ~~~   ** Sensible load to be met = -4593.42 (watts), and the simulation continues.
   **   ~~~   **  Environment=RUNPERIOD 1, at Simulation time=04/16 11:30 - 11:35
   ** Warning ** Coil:Cooling:DX:MultiSpeed "PSZ-AC_2:7 COOLING COIL" - Air volume flow rate per watt of rated total cooling capacity is out of range at speed 1.
   **   ~~~   **  Environment=RUNPERIOD 1, at Simulation time=05/17 12:50 - 13:00
   **   ~~~   ** Expected range for VolumeFlowPerRatedTotalCapacity=[2.684E-005--6.713E-005] Current value is 1.057E-005 m3/s/W
   **   ~~~   ** Possible causes include inconsistent air flow rates in system components or
   **   ~~~   ** inconsistent supply air fan operation modes in coil and unitary system objects.
   ** Warning ** Coil:Cooling:DX:MultiSpeed "PSZ-AC_2:7 COOLING COIL" - Air volume flow rate per watt of rated total cooling capacity is out of range at speed 2.
   **   ~~~   **  Environment=RUNPERIOD 1, at Simulation time=05/17 12:50 - 13:00
   **   ~~~   ** Expected range for VolumeFlowPerRatedTotalCapacity=[2.684E-005--6.713E-005] Current value is 8.011E-006 m3/s/W
   **   ~~~   ** Possible causes include inconsistent air flow rates in system components or
   **   ~~~   ** inconsistent supply air fan operation modes in coil and unitary system objects.
   ** Warning ** Coil control failed for AirLoopHVAC:UnitarySystem:PSZ-AC_2:7_UNITARY_PACKAGE_DX
   **   ~~~   **   sensible part-load ratio determined to be outside the range of 0-1.
   **   ~~~   ** Sensible load to be met = -2059.19 (watts), and the simulation continues.
   **   ~~~   **  Environment=RUNPERIOD 1, at Simulation time=06/04 11:57 - 12:00
   ************* Simulation Error Summary *************
   ************* There are 34 unused schedules in input.
   ************* Use Output:Diagnostics,DisplayUnusedSchedules; to see them.
   *************
   ************* ===== Recurring Error Summary =====
   ************* The following recurring error messages occurred.
   *************
   *************  ** Warning ** Coil:Cooling:DX:MultiSpeed "PSZ-AC_1:6 COOLING COIL" - Air volume flow rate per watt of rated total cooling capacity is out of range at speed 2 error continues...
   *************  **   ~~~   **   This error occurred 140249 total times;
   *************  **   ~~~   **   during Warmup 188 times;
   *************  **   ~~~   **   during Sizing 0 times.
   *************  **   ~~~   **   Max=2.684000E-005  Min=2.296059E-005
   *************
   *************  ** Warning ** HeatExchanger:AirToAir:SensibleAndLatent "VAV_POD_1 OA HEAT RECOVERY":  Average air volume flow rate is <50% or >130% warning continues. Air flow rate ratio statistics follow.
   *************  **   ~~~   **   This error occurred 732608 total times;
   *************  **   ~~~   **   during Warmup 0 times;
   *************  **   ~~~   **   during Sizing 0 times.
   *************  **   ~~~   **   Max=0.499985  Min=0.295736
   *************
   *************  ** Warning ** HeatExchanger:AirToAir:SensibleAndLatent "VAV_POD_2 OA HEAT RECOVERY":  Average air volume flow rate is <50% or >130% warning continues. Air flow rate ratio statistics follow.
   *************  **   ~~~   **   This error occurred 733547 total times;
   *************  **   ~~~   **   during Warmup 0 times;
   *************  **   ~~~   **   during Sizing 0 times.
   *************  **   ~~~   **   Max=0.499988  Min=0.306308
   *************
   *************  ** Warning ** HeatExchanger:AirToAir:SensibleAndLatent "VAV_POD_3 OA HEAT RECOVERY":  Average air volume flow rate is <50% or >130% warning continues. Air flow rate ratio statistics follow.
   *************  **   ~~~   **   This error occurred 734594 total times;
   *************  **   ~~~   **   during Warmup 0 times;
   *************  **   ~~~   **   during Sizing 0 times.
   *************  **   ~~~   **   Max=0.499922  Min=0.279032
   *************
   *************  ** Warning ** "BATH_ZN_1_FLR_1 SWH_DEFAULT" - Target water temperature should be less than or equal to the hot water temperature error continues...
   *************  **   ~~~   **   This error occurred 397695 total times;
   *************  **   ~~~   **   during Warmup 0 times;
   *************  **   ~~~   **   during Sizing 0 times.
   *************  **   ~~~   **   Max=1.933825  Min=0.154958
   *************
   *************  ** Warning ** "KITCHEN_ZN_1_FLR_1 SWH_DEFAULT" - Target water temperature should be less than or equal to the hot water temperature error continues...
   *************  **   ~~~   **   This error occurred 397695 total times;
   *************  **   ~~~   **   during Warmup 0 times;
   *************  **   ~~~   **   during Sizing 0 times.
   *************  **   ~~~   **   Max=1.933825  Min=0.154958
   *************
   *************  ** Warning ** SimHVAC: Exceeding Maximum iterations for all HVAC loops, during RUNPERIOD 1 continues
   *************  **   ~~~   **   This error occurred 1250 total times;
   *************  **   ~~~   **   during Warmup 0 times;
   *************  **   ~~~   **   during Sizing 0 times.
   *************
   *************  ** Warning ** WetBulb not converged after max iterations(PsyTwbFnTdbWPb)
   *************  **   ~~~   **   This error occurred 12 total times;
   *************  **   ~~~   **   during Warmup 0 times;
   *************  **   ~~~   **   during Sizing 0 times.
   *************
   *************  ** Warning ** Temperature out of range [-100. to 200.] (PsyPsatFnTemp)
   *************  **   ~~~   **   This error occurred 17 total times;
   *************  **   ~~~   **   during Warmup 0 times;
   *************  **   ~~~   **   during Sizing 0 times.
   *************  **   ~~~   **   Max=-109.68911 C  Min=-1610.729675 C
   *************
   *************  ** Warning ** AirLoopHVAC:UnitarySystem "PSZ-AC_1:6_UNITARY_PACKAGE_DX" - sensible part-load ratio out of range error continues. Sensible load statistics:
   *************  **   ~~~   **   This error occurred 4083 total times;
   *************  **   ~~~   **   during Warmup 0 times;
   *************  **   ~~~   **   during Sizing 0 times.
   *************  **   ~~~   **   Max=-993.986062  Min=-22587.145263
   *************
   *************  ** Warning ** Coil:Cooling:DX:MultiSpeed "PSZ-AC_2:5 COOLING COIL" - Air volume flow rate per watt of rated total cooling capacity is out of range at speed 1 error continues...
   *************  **   ~~~   **   This error occurred 736092 total times;
   *************  **   ~~~   **   during Warmup 0 times;
   *************  **   ~~~   **   during Sizing 0 times.
   *************  **   ~~~   **   Max=2.387475E-005  Min=2.145011E-005
   *************
   *************  ** Warning ** Coil:Cooling:DX:MultiSpeed "PSZ-AC_2:5 COOLING COIL" - Air volume flow rate per watt of rated total cooling capacity is out of range at speed 2 error continues...
   *************  **   ~~~   **   This error occurred 133965 total times;
   *************  **   ~~~   **   during Warmup 0 times;
   *************  **   ~~~   **   during Sizing 0 times.
   *************  **   ~~~   **   Max=1.808693E-005  Min=1.625009E-005
   *************
   *************  ** Warning ** AirLoopHVAC:UnitarySystem "PSZ-AC_2:5_UNITARY_PACKAGE_DX" - sensible part-load ratio out of range error continues. Sensible load statistics:
   *************  **   ~~~   **   This error occurred 652 total times;
   *************  **   ~~~   **   during Warmup 0 times;
   *************  **   ~~~   **   during Sizing 0 times.
   *************  **   ~~~   **   Max=-652.874244  Min=-7015.751584
   *************
   *************  ** Warning ** Coil:Cooling:DX:MultiSpeed "PSZ-AC_2:7 COOLING COIL" - Air volume flow rate per watt of rated total cooling capacity is out of range at speed 1 error continues...
   *************  **   ~~~   **   This error occurred 548647 total times;
   *************  **   ~~~   **   during Warmup 0 times;
   *************  **   ~~~   **   during Sizing 0 times.
   *************  **   ~~~   **   Max=1.122971E-005  Min=1.030819E-005
   *************
   *************  ** Warning ** Coil:Cooling:DX:MultiSpeed "PSZ-AC_2:7 COOLING COIL" - Air volume flow rate per watt of rated total cooling capacity is out of range at speed 2 error continues...
   *************  **   ~~~   **   This error occurred 74184 total times;
   *************  **   ~~~   **   during Warmup 0 times;
   *************  **   ~~~   **   during Sizing 0 times.
   *************  **   ~~~   **   Max=8.507359E-006  Min=7.809236E-006
   *************
   *************  ** Warning ** AirLoopHVAC:UnitarySystem "PSZ-AC_2:7_UNITARY_PACKAGE_DX" - sensible part-load ratio out of range error continues. Sensible load statistics:
   *************  **   ~~~   **   This error occurred 47 total times;
   *************  **   ~~~   **   during Warmup 0 times;
   *************  **   ~~~   **   during Sizing 0 times.
   *************  **   ~~~   **   Max=-1069.274649  Min=-2835.065629
   *************
   *************
   ************* ===== Final Error Summary =====
   ************* The following error categories occurred.  Consider correcting or noting.
   ************* Nominally Unused Constructions
   ************* ..The nominally unused constructions warning is provided to alert you to potential conditions that can cause
   ************* ..extra time during simulation. Each construction is calculated by the algorithm indicated in the HeatBalanceAlgorithm
   ************* ..object. You may remove the constructions indicated (when you use the DisplayExtraWarnings option).
   *************
   ************* EnergyPlus Warmup Error Summary. During Warmup: 0 Warning; 0 Severe Errors.
   ************* EnergyPlus Sizing Error Summary. During Sizing: 23 Warning; 0 Severe Errors.
   ************* EnergyPlus Completed Successfully-- 4636281 Warning; 2 Severe Errors; Elapsed Time=00hr 08min 23.04sec
