Program Version:,EnergyPlus, Version 22.1.0-ed759b17ee, YMD=2026.07.28 21:36
Tabular Output Report in Format: ,Comma

Building:,OfficeMedium
Environment:,RUNPERIOD 1 ** BUFFALO NY USA TMY2-14733 WMO#=725280

----------------------------------------------------------------------------------------------------
REPORT:,Annual Building Utility Performance Summary
FOR:,Entire Facility
Values gathered over      8760.00 hours

Site and Source Energy

,,Total Energy [GJ],Energy Per Total Building Area [MJ/m2],Energy Per Conditioned Building Area [MJ/m2]
,Total Site Energy,107211.68,21519.00,21519.00
,Net Site Energy,107211.68,21519.00,21519.00
,Total Source Energy,337086.13,67658.28,67658.28
,Net Source Energy,337086.13,67658.28,67658.28


Site to Source Energy Conversion Factors

,,Site=>Source Conversion Factor
,Electricity,3.167
,Natural Gas,1.084
,District Cooling,1.056
,District Heating,3.613
,Steam,1.200
,Gasoline,1.050
,Diesel,1.050
,Coal,1.050
,Fuel Oil No 1,1.050
,Fuel Oil No 2,1.050
,Propane,1.050
,Other Fuel 1,1.000
,Other Fuel 2,1.000


Building Area

,,Area [m2]
,Total Building Area,4982.19
,Net Conditioned Building Area,4982.19
,Unconditioned Building Area,0.00


End Uses

,,Electricity [GJ],Natural Gas [GJ],Gasoline [GJ],Diesel [GJ],Coal [GJ],Fuel Oil No 1 [GJ],Fuel Oil No 2 [GJ],Propane [GJ],Other Fuel 1 [GJ],Other Fuel 2 [GJ],District Cooling [GJ],District Heating [GJ],Water [m3]
,Heating,77920.11,1041.72,0.00,0.00,0.00,0.00,0.00,0.00,0.00,0.00,0.00,0.00,0.00
,Cooling,18243.65,0.00,0.00,0.00,0.00,0.00,0.00,0.00,0.00,0.00,0.00,0.00,0.00
,Interior Lighting,342.79,0.00,0.00,0.00,0.00,0.00,0.00,0.00,0.00,0.00,0.00,0.00,0.00
,Exterior Lighting,51.25,0.00,0.00,0.00,0.00,0.00,0.00,0.00,0.00,0.00,0.00,0.00,0.00
,Interior Equipment,423.59,0.00,0.00,0.00,0.00,0.00,0.00,0.00,0.00,0.00,0.00,0.00,0.00
,Exterior Equipment,7.37,0.00,0.00,0.00,0.00,0.00,0.00,0.00,0.00,0.00,0.00,0.00,0.00
,Fans,9045.02,0.00,0.00,0.00,0.00,0.00,0.00,0.00,0.00,0.00,0.00,0.00,0.00
,Pumps,0.15,0.00,0.00,0.00,0.00,0.00,0.00,0.00,0.00,0.00,0.00,0.00,0.00
,Heat Rejection,0.00,0.00,0.00,0.00,0.00,0.00,0.00,0.00,0.00,0.00,0.00,0.00,0.00
,Humidification,0.00,0.00,0.00,0.00,0.00,0.00,0.00,0.00,0.00,0.00,0.00,0.00,0.00
,Heat Recovery,0.00,0.00,0.00,0.00,0.00,0.00,0.00,0.00,0.00,0.00,0.00,0.00,0.00
,Water Systems,0.00,136.03,0.00,0.00,0.00,0.00,0.00,0.00,0.00,0.00,0.00,0.00,271.06
,Refrigeration,0.00,0.00,0.00,0.00,0.00,0.00,0.00,0.00,0.00,0.00,0.00,0.00,0.00
,Generators,0.00,0.00,0.00,0.00,0.00,0.00,0.00,0.00,0.00,0.00,0.00,0.00,0.00
,,,,,,,,,,,,,,
,Total End Uses,106033.93,1177.75,0.00,0.00,0.00,0.00,0.00,0.00,0.00,0.00,0.00,0.00,271.06
Note: Electricity appears to be the principal heating source based on energy usage.


End Uses By Subcategory

,,Subcategory,Electricity [GJ],Natural Gas [GJ],Gasoline [GJ],Diesel [GJ],Coal [GJ],Fuel Oil No 1 [GJ],Fuel Oil No 2 [GJ],Propane [GJ],Other Fuel 1 [GJ],Other Fuel 2 [GJ],District Cooling [GJ],District Heating [GJ],Water [m3]
,Heating,General,77920.11,1041.72,0.00,0.00,0.00,0.00,0.00,0.00,0.00,0.00,0.00,0.00,0.00
,Cooling,General,18243.65,0.00,0.00,0.00,0.00,0.00,0.00,0.00,0.00,0.00,0.00,0.00,0.00
,Interior Lighting,LightsWired,342.79,0.00,0.00,0.00,0.00,0.00,0.00,0.00,0.00,0.00,0.00,0.00,0.00
,Exterior Lighting,General,51.25,0.00,0.00,0.00,0.00,0.00,0.00,0.00,0.00,0.00,0.00,0.00,0.00
,Interior Equipment,MiscPlug,362.26,0.00,0.00,0.00,0.00,0.00,0.00,0.00,0.00,0.00,0.00,0.00,0.00
,,ElevatorLift,36.09,0.00,0.00,0.00,0.00,0.00,0.00,0.00,0.00,0.00,0.00,0.00,0.00
,,ElevatorLightsFan,25.23,0.00,0.00,0.00,0.00,0.00,0.00,0.00,0.00,0.00,0.00,0.00,0.00
,Exterior Equipment,Transformer,7.37,0.00,0.00,0.00,0.00,0.00,0.00,0.00,0.00,0.00,0.00,0.00,0.00
,Fans,General,9045.02,0.00,0.00,0.00,0.00,0.00,0.00,0.00,0.00,0.00,0.00,0.00,0.00
,Pumps,General,0.15,0.00,0.00,0.00,0.00,0.00,0.00,0.00,0.00,0.00,0.00,0.00,0.00
,Heat Rejection,General,0.00,0.00,0.00,0.00,0.00,0.00,0.00,0.00,0.00,0.00,0.00,0.00,0.00
,Humidification,General,0.00,0.00,0.00,0.00,0.00,0.00,0.00,0.00,0.00,0.00,0.00,0.00,0.00
,Heat Recovery,General,0.00,0.00,0.00,0.00,0.00,0.00,0.00,0.00,0.00,0.00,0.00,0.00,0.00
,Water Systems,General,0.00,0.00,0.00,0.00,0.00,0.00,0.00,0.00,0.00,0.00,0.00,0.00,0.00
,,WaterUse,0.00,0.00,0.00,0.00,0.00,0.00,0.00,0.00,0.00,0.00,0.00,0.00,271.06
,,Water Heater,0.00,136.03,0.00,0.00,0.00,0.00,0.00,0.00,0.00,0.00,0.00,0.00,0.00
,Refrigeration,General,0.00,0.00,0.00,0.00,0.00,0.00,0.00,0.00,0.00,0.00,0.00,0.00,0.00
,Generators,General,0.00,0.00,0.00,0.00,0.00,0.00,0.00,0.00,0.00,0.00,0.00,0.00,0.00


End Uses By Space Type

,,Space Type,Electricity [GJ],Natural Gas [GJ],Gasoline [GJ],Diesel [GJ],Coal [GJ],Fuel Oil No 1 [GJ],Fuel Oil No 2 [GJ],Propane [GJ],Other Fuel 1 [GJ],Other Fuel 2 [GJ],District Cooling [GJ],District Heating [GJ],Water [m3]
,Heating,Unassigned,77920.11,1041.72,0.00,0.00,0.00,0.00,0.00,0.00,0.00,0.00,0.00,0.00,0.00
,Cooling,Unassigned,18243.65,0.00,0.00,0.00,0.00,0.00,0.00,0.00,0.00,0.00,0.00,0.00,0.00
,Interior Lighting,GENERAL,342.79,0.00,0.00,0.00,0.00,0.00,0.00,0.00,0.00,0.00,0.00,0.00,0.00
,Exterior Lighting,Unassigned,51.25,0.00,0.00,0.00,0.00,0.00,0.00,0.00,0.00,0.00,0.00,0.00,0.00
,Interior Equipment,GENERAL,423.59,0.00,0.00,0.00,0.00,0.00,0.00,0.00,0.00,0.00,0.00,0.00,0.00
,Exterior Equipment,Unassigned,7.37,0.00,0.00,0.00,0.00,0.00,0.00,0.00,0.00,0.00,0.00,0.00,0.00
,Fans,Unassigned,9045.02,0.00,0.00,0.00,0.00,0.00,0.00,0.00,0.00,0.00,0.00,0.00,0.00
,Pumps,Unassigned,0.15,0.00,0.00,0.00,0.00,0.00,0.00,0.00,0.00,0.00,0.00,0.00,0.00
,Heat Rejection,Unassigned,0.00,0.00,0.00,0.00,0.00,0.00,0.00,0.00,0.00,0.00,0.00,0.00,0.00
,Humidification,Unassigned,0.00,0.00,0.00,0.00,0.00,0.00,0.00,0.00,0.00,0.00,0.00,0.00,0.00
,Heat Recovery,Unassigned,0.00,0.00,0.00,0.00,0.00,0.00,0.00,0.00,0.00,0.00,0.00,0.00,0.00
,Water Systems,Unassigned,0.00,136.03,0.00,0.00,0.00,0.00,0.00,0.00,0.00,0.00,0.00,0.00,271.06
,Refrigeration,Unassigned,0.00,0.00,0.00,0.00,0.00,0.00,0.00,0.00,0.00,0.00,0.00,0.00,0.00
,Generators,Unassigned,0.00,0.00,0.00,0.00,0.00,0.00,0.00,0.00,0.00,0.00,0.00,0.00,0.00


Normalized Metrics
Utility Use Per Conditioned Floor Area

,,Electricity Intensity [MJ/m2],Natural Gas Intensity [MJ/m2],Gasoline Intensity [MJ/m2],Diesel Intensity [MJ/m2],Coal Intensity [MJ/m2],Fuel Oil No 1 Intensity [MJ/m2],Fuel Oil No 2 Intensity [MJ/m2],Propane Intensity [MJ/m2],Other Fuel 1 Intensity [MJ/m2],Other Fuel 2 Intensity [MJ/m2],District Cooling Intensity [MJ/m2],District Heating Intensity [MJ/m2],Water Intensity [m3/m2]
,Lighting,79.09,0.00,0.00,0.00,0.00,0.00,0.00,0.00,0.00,0.00,0.00,0.00,0.00
,HVAC,21117.02,236.39,0.00,0.00,0.00,0.00,0.00,0.00,0.00,0.00,0.00,0.00,0.05
,Other,86.50,0.00,0.00,0.00,0.00,0.00,0.00,0.00,0.00,0.00,0.00,0.00,0.00
,Total,21282.61,236.39,0.00,0.00,0.00,0.00,0.00,0.00,0.00,0.00,0.00,0.00,0.05


Utility Use Per Total Floor Area

,,Electricity Intensity [MJ/m2],Natural Gas Intensity [MJ/m2],Gasoline Intensity [MJ/m2],Diesel Intensity [MJ/m2],Coal Intensity [MJ/m2],Fuel Oil No 1 Intensity [MJ/m2],Fuel Oil No 2 Intensity [MJ/m2],Propane Intensity [MJ/m2],Other Fuel 1 Intensity [MJ/m2],Other Fuel 2 Intensity [MJ/m2],District Cooling Intensity [MJ/m2],District Heating Intensity [MJ/m2],Water Intensity [m3/m2]
,Lighting,79.09,0.00,0.00,0.00,0.00,0.00,0.00,0.00,0.00,0.00,0.00,0.00,0.00
,HVAC,21117.02,236.39,0.00,0.00,0.00,0.00,0.00,0.00,0.00,0.00,0.00,0.00,0.05
,Other,86.50,0.00,0.00,0.00,0.00,0.00,0.00,0.00,0.00,0.00,0.00,0.00,0.00
,Total,21282.61,236.39,0.00,0.00,0.00,0.00,0.00,0.00,0.00,0.00,0.00,0.00,0.05


Electric Loads Satisfied

,,Electricity [GJ],Percent Electricity [%]
,Fuel-Fired Power Generation,0.000,0.00
,High Temperature Geothermal*,0.000,0.00
,Photovoltaic Power,0.000,0.00
,Wind Power,0.000,0.00
,Power Conversion,0.000,0.00
,Net Decrease in On-Site Storage,0.000,0.00
,Total On-Site Electric Sources,0.000,0.00
,,,
,Electricity Coming From Utility,106033.928,100.00
,Surplus Electricity Going To Utility,0.000,0.00
,Net Electricity From Utility,106033.928,100.00
,,,
,Total On-Site and Utility Electric Sources,106033.928,100.00
,Total Electricity End Uses,106033.928,100.00


On-Site Thermal Sources

,,Heat [GJ],Percent Heat [%]
,Water-Side Heat Recovery,0.00,
,Air to Air Heat Recovery for Cooling,0.00,
,Air to Air Heat Recovery for Heating,0.00,
,High-Temperature Geothermal*,0.00,
,Solar Water Thermal,0.00,
,Solar Air Thermal,0.00,
,Total On-Site Thermal Sources,0.00,


Water Source Summary

,,Water [m3],Percent Water [%]
,Rainwater Collection,0.00,0.00
,Condensate Collection,0.00,0.00
,Groundwater Well,0.00,0.00
,Total On Site Water Sources,0.00,0.00
,-,-,-
,Initial Storage,0.00,0.00
,Final Storage,0.00,0.00
,Change in Storage,0.00,0.00
,-,-,-
,Water Supplied by Utility,271.06,100.00
,-,-,-
,Total On Site, Change in Storage, and Utility Water Sources,271.06,100.00
,Total Water End Uses,271.06,100.00


Setpoint Not Met Criteria

,,Degrees [deltaC]
,Tolerance for Zone Heating Setpoint Not Met Time,0.56
,Tolerance for Zone Cooling Setpoint Not Met Time,0.56


Comfort and Setpoint Not Met Summary

,,Facility [Hours]
,Time Setpoint Not Met During Occupied Heating,315.50
,Time Setpoint Not Met During Occupied Cooling,14.33
,Time Not Comfortable Based on Simple ASHRAE 55-2004,2528.83


Note 1: An asterisk (*) indicates that the feature is not yet implemented.
----------------------------------------------------------------------------------------------------
REPORT:,Input Verification and Results Summary
FOR:,Entire Facility
General

,,Value
,Program Version and Build,EnergyPlus, Version 22.1.0-ed759b17ee, YMD=2026.07.28 21:36
,RunPeriod,RUNPERIOD 1
,Weather File,BUFFALO NY USA TMY2-14733 WMO#=725280
,Latitude [deg],42.93
,Longitude [deg],-78.7
,Elevation [m],215.00
,Time Zone,-5.0
,North Axis Angle [deg],0.00
,Rotation for Appendix G [deg],0.00
,Hours Simulated [hrs],8760.00


ENVELOPE
Window-Wall Ratio

,,Total,North (315 to 45 deg),East (45 to 135 deg),South (135 to 225 deg),West (225 to 315 deg)
,Gross Wall Area [m2],1977.67,593.30,395.53,593.30,395.53
,Above Ground Wall Area [m2],1977.67,593.30,395.53,593.30,395.53
,Window Opening Area [m2],652.62,195.79,130.53,195.79,130.53
,Gross Window-Wall Ratio [%],33.00,33.00,33.00,33.00,33.00
,Above Ground Window-Wall Ratio [%],33.00,33.00,33.00,33.00,33.00


Conditioned Window-Wall Ratio

,,Total,North (315 to 45 deg),East (45 to 135 deg),South (135 to 225 deg),West (225 to 315 deg)
,Gross Wall Area [m2],1977.67,593.30,395.53,593.30,395.53
,Above Ground Wall Area [m2],1977.67,593.30,395.53,593.30,395.53
,Window Opening Area [m2],652.62,195.79,130.53,195.79,130.53
,Gross Window-Wall Ratio [%],33.00,33.00,33.00,33.00,33.00
,Above Ground Window-Wall Ratio [%],33.00,33.00,33.00,33.00,33.00


Skylight-Roof Ratio

,,Total
,Gross Roof Area [m2],1660.73
,Skylight Area [m2],0.00
,Skylight-Roof Ratio [%],0.00


PERFORMANCE
Zone Summary

,,Area [m2],Conditioned (Y/N),Part of Total Floor Area (Y/N),Volume [m3],Multipliers,Above Ground Gross Wall Area [m2],Underground Gross Wall Area [m2],Window Glass Area [m2],Opening Area [m2],Lighting [W/m2],People [m2 per person],Plug and Process [W/m2]
,CORE_BOTTOM,983.54,Yes,Yes,2698.04,1.00,0.00,0.00,0.00,0.00,10.0000,20.00,15.0000
,TOPFLOOR_PLENUM,1660.73,Yes,No,2024.76,1.00,202.84,0.00,0.00,0.00,0.0000,,0.0000
,MIDFLOOR_PLENUM,1660.73,Yes,No,2024.76,1.00,202.84,0.00,0.00,0.00,0.0000,,0.0000
,FIRSTFLOOR_PLENUM,1660.73,Yes,No,2024.76,1.00,202.84,0.00,0.00,0.00,0.0000,,0.0000
,CORE_MID,983.54,Yes,Yes,2698.04,1.00,0.00,0.00,0.00,0.00,10.0000,20.00,5.0000
,CORE_TOP,983.54,Yes,Yes,2698.04,1.00,0.00,0.00,0.00,0.00,10.0000,20.00,5.0000
,PERIMETER_TOP_ZN_3,207.34,Yes,Yes,568.77,1.00,136.92,0.00,65.26,65.26,10.0000,20.00,5.0000
,PERIMETER_TOP_ZN_2,131.26,Yes,Yes,360.08,1.00,91.28,0.00,43.51,43.51,10.0000,20.00,5.0000
,PERIMETER_TOP_ZN_1,207.34,Yes,Yes,568.77,1.00,136.92,0.00,65.26,65.26,10.0000,20.00,5.0000
,PERIMETER_TOP_ZN_4,131.25,Yes,Yes,360.05,1.00,91.28,0.00,43.51,43.51,10.0000,20.00,5.0000
,PERIMETER_BOT_ZN_3,207.34,Yes,Yes,568.77,1.00,136.92,0.00,65.26,65.26,10.0000,20.00,5.0000
,PERIMETER_BOT_ZN_2,131.26,Yes,Yes,360.08,1.00,91.28,0.00,43.51,43.51,10.0000,20.00,5.0000
,PERIMETER_BOT_ZN_1,207.34,Yes,Yes,568.77,1.00,136.92,0.00,65.26,65.26,10.0000,20.00,5.0000
,PERIMETER_BOT_ZN_4,131.25,Yes,Yes,360.05,1.00,91.28,0.00,43.51,43.51,10.0000,20.00,5.0000
,PERIMETER_MID_ZN_3,207.34,Yes,Yes,568.77,1.00,136.92,0.00,65.26,65.26,10.0000,20.00,5.0000
,PERIMETER_MID_ZN_2,131.26,Yes,Yes,360.08,1.00,91.28,0.00,43.51,43.51,10.0000,20.00,5.0000
,PERIMETER_MID_ZN_1,207.34,Yes,Yes,568.77,1.00,136.92,0.00,65.26,65.26,10.0000,20.00,5.0000
,PERIMETER_MID_ZN_4,131.25,Yes,Yes,360.05,1.00,91.28,0.00,43.51,43.51,10.0000,20.00,5.0000
,Total,4982.19,,,13667.13,,1369.16,0.00,652.62,652.62,10.0000,20.00,6.9741
,Conditioned Total,4982.19,,,13667.13,,1369.16,0.00,652.62,652.62,10.0000,20.00,6.9741
,Unconditioned Total,0.00,,,0.00,,0.00,0.00,0.00,0.00,,,
,Not Part of Total,4982.19,,,6074.28,,608.51,0.00,0.00,0.00,0.0000,,0.0000


Space Summary

,,Area [m2],Conditioned (Y/N),Part of Total Floor Area (Y/N),Multipliers,Zone Name,Space Type,Radiant/Solar Enclosure Name,Lighting [W/m2],People [m2 per person],Plug and Process [W/m2],Tags
,CORE_BOTTOM,983.54,Yes,Yes,1.00,CORE_BOTTOM,GENERAL,CORE_BOTTOM,10.0000,20.00,15.0000,
,TOPFLOOR_PLENUM,1660.73,Yes,No,1.00,TOPFLOOR_PLENUM,GENERAL,TOPFLOOR_PLENUM,0.0000,0.00,0.0000,
,MIDFLOOR_PLENUM,1660.73,Yes,No,1.00,MIDFLOOR_PLENUM,GENERAL,MIDFLOOR_PLENUM,0.0000,0.00,0.0000,
,FIRSTFLOOR_PLENUM,1660.73,Yes,No,1.00,FIRSTFLOOR_PLENUM,GENERAL,FIRSTFLOOR_PLENUM,0.0000,0.00,0.0000,
,CORE_MID,983.54,Yes,Yes,1.00,CORE_MID,GENERAL,CORE_MID,10.0000,20.00,5.0000,
,CORE_TOP,983.54,Yes,Yes,1.00,CORE_TOP,GENERAL,CORE_TOP,10.0000,20.00,5.0000,
,PERIMETER_TOP_ZN_3,207.34,Yes,Yes,1.00,PERIMETER_TOP_ZN_3,GENERAL,PERIMETER_TOP_ZN_3,10.0000,20.00,5.0000,
,PERIMETER_TOP_ZN_2,131.26,Yes,Yes,1.00,PERIMETER_TOP_ZN_2,GENERAL,PERIMETER_TOP_ZN_2,10.0000,20.00,5.0000,
,PERIMETER_TOP_ZN_1,207.34,Yes,Yes,1.00,PERIMETER_TOP_ZN_1,GENERAL,PERIMETER_TOP_ZN_1,10.0000,20.00,5.0000,
,PERIMETER_TOP_ZN_4,131.25,Yes,Yes,1.00,PERIMETER_TOP_ZN_4,GENERAL,PERIMETER_TOP_ZN_4,10.0000,20.00,5.0000,
,PERIMETER_BOT_ZN_3,207.34,Yes,Yes,1.00,PERIMETER_BOT_ZN_3,GENERAL,PERIMETER_BOT_ZN_3,10.0000,20.00,5.0000,
,PERIMETER_BOT_ZN_2,131.26,Yes,Yes,1.00,PERIMETER_BOT_ZN_2,GENERAL,PERIMETER_BOT_ZN_2,10.0000,20.00,5.0000,
,PERIMETER_BOT_ZN_1,207.34,Yes,Yes,1.00,PERIMETER_BOT_ZN_1,GENERAL,PERIMETER_BOT_ZN_1,10.0000,20.00,5.0000,
,PERIMETER_BOT_ZN_4,131.25,Yes,Yes,1.00,PERIMETER_BOT_ZN_4,GENERAL,PERIMETER_BOT_ZN_4,10.0000,20.00,5.0000,
,PERIMETER_MID_ZN_3,207.34,Yes,Yes,1.00,PERIMETER_MID_ZN_3,GENERAL,PERIMETER_MID_ZN_3,10.0000,20.00,5.0000,
,PERIMETER_MID_ZN_2,131.26,Yes,Yes,1.00,PERIMETER_MID_ZN_2,GENERAL,PERIMETER_MID_ZN_2,10.0000,20.00,5.0000,
,PERIMETER_MID_ZN_1,207.34,Yes,Yes,1.00,PERIMETER_MID_ZN_1,GENERAL,PERIMETER_MID_ZN_1,10.0000,20.00,5.0000,
,PERIMETER_MID_ZN_4,131.25,Yes,Yes,1.00,PERIMETER_MID_ZN_4,GENERAL,PERIMETER_MID_ZN_4,10.0000,20.00,5.0000,
,Total,4982.19,,,,,,,10.0000,10.00,6.9741,
,Conditioned Total,4982.19,,,,,,,10.0000,10.00,6.9741,
,Unconditioned Total,0.00,,,,,,,0.0000,0.00,0.0000,
,Not Part of Total,4982.19,,,,,,,0.0000,0.00,0.0000,


Space Type Summary

,,Total Area [m2],Conditioned Area [m2],Unconditioned Area [m2],Not Part of Total Area [m2],Lighting [W/m2],People [m2 per person],Plug and Process [W/m2]
,GENERAL,4982.19,4982.19,0.00,4982.19,10.0000,20.00,6.9741
,Total,4982.19,4982.19,0.00,4982.19,,,


----------------------------------------------------------------------------------------------------
REPORT:,Demand End Use Components Summary
FOR:,Entire Facility
End Uses

,,Electricity [W],Natural Gas [W],Gasoline [W],Diesel [W],Coal [W],Fuel Oil No 1 [W],Fuel Oil No 2 [W],Propane [W],Other Fuel 1 [W],Other Fuel 2 [W],District Cooling [W],Steam [W],Water [m3/s]
,Time of Peak,07-MAR-07:10,25-JAN-07:10,-,-,-,-,-,-,-,-,-,-,02-JAN-12:09
,Heating,9632829.88,14016295.88,0.00,0.00,0.00,0.00,0.00,0.00,0.00,0.00,0.00,0.00,0.00
,Cooling,0.00,0.00,0.00,0.00,0.00,0.00,0.00,0.00,0.00,0.00,0.00,0.00,0.00
,Interior Lighting,10496.43,0.00,0.00,0.00,0.00,0.00,0.00,0.00,0.00,0.00,0.00,0.00,0.00
,Exterior Lighting,0.00,0.00,0.00,0.00,0.00,0.00,0.00,0.00,0.00,0.00,0.00,0.00,0.00
,Interior Equipment,12939.29,0.00,0.00,0.00,0.00,0.00,0.00,0.00,0.00,0.00,0.00,0.00,0.00
,Exterior Equipment,188.64,0.00,0.00,0.00,0.00,0.00,0.00,0.00,0.00,0.00,0.00,0.00,0.00
,Fans,412183.16,0.00,0.00,0.00,0.00,0.00,0.00,0.00,0.00,0.00,0.00,0.00,0.00
,Pumps,6.85,0.00,0.00,0.00,0.00,0.00,0.00,0.00,0.00,0.00,0.00,0.00,0.00
,Heat Rejection,0.00,0.00,0.00,0.00,0.00,0.00,0.00,0.00,0.00,0.00,0.00,0.00,0.00
,Humidification,0.00,0.00,0.00,0.00,0.00,0.00,0.00,0.00,0.00,0.00,0.00,0.00,0.00
,Heat Recovery,0.00,0.00,0.00,0.00,0.00,0.00,0.00,0.00,0.00,0.00,0.00,0.00,0.00
,Water Systems,0.00,8894.72,0.00,0.00,0.00,0.00,0.00,0.00,0.00,0.00,0.00,0.00,0.00
,Refrigeration,0.00,0.00,0.00,0.00,0.00,0.00,0.00,0.00,0.00,0.00,0.00,0.00,0.00
,Generators,0.00,0.00,0.00,0.00,0.00,0.00,0.00,0.00,0.00,0.00,0.00,0.00,0.00
,,,,,,,,,,,,,,
,Total End Uses,10068644.25,14025190.60,0.00,0.00,0.00,0.00,0.00,0.00,0.00,0.00,0.00,0.00,0.00


End Uses By Subcategory

,,Subcategory,Electricity [W],Natural Gas [W],Gasoline [W],Diesel [W],Coal [W],Fuel Oil No 1 [W],Fuel Oil No 2 [W],Propane [W],Other Fuel 1 [W],Other Fuel 2 [W],District Cooling [W],Steam [W],Water [m3/s]
,Heating,General,9632829.88,14016295.88,0.00,0.00,0.00,0.00,0.00,0.00,0.00,0.00,0.00,0.00,0.00
,Cooling,General,0.00,0.00,0.00,0.00,0.00,0.00,0.00,0.00,0.00,0.00,0.00,0.00,0.00
,Interior Lighting,LightsWired,10496.43,0.00,0.00,0.00,0.00,0.00,0.00,0.00,0.00,0.00,0.00,0.00,0.00
,Exterior Lighting,General,0.00,0.00,0.00,0.00,0.00,0.00,0.00,0.00,0.00,0.00,0.00,0.00,0.00
,Interior Equipment,MiscPlug,9496.91,0.00,0.00,0.00,0.00,0.00,0.00,0.00,0.00,0.00,0.00,0.00,0.00
,,ElevatorLift,1721.19,0.00,0.00,0.00,0.00,0.00,0.00,0.00,0.00,0.00,0.00,0.00,0.00
,,ElevatorLightsFan,1721.19,0.00,0.00,0.00,0.00,0.00,0.00,0.00,0.00,0.00,0.00,0.00,0.00
,Exterior Equipment,Transformer,188.64,0.00,0.00,0.00,0.00,0.00,0.00,0.00,0.00,0.00,0.00,0.00,0.00
,Fans,General,412183.16,0.00,0.00,0.00,0.00,0.00,0.00,0.00,0.00,0.00,0.00,0.00,0.00
,Pumps,General,6.85,0.00,0.00,0.00,0.00,0.00,0.00,0.00,0.00,0.00,0.00,0.00,0.00
,Heat Rejection,General,0.00,0.00,0.00,0.00,0.00,0.00,0.00,0.00,0.00,0.00,0.00,0.00,0.00
,Humidification,General,0.00,0.00,0.00,0.00,0.00,0.00,0.00,0.00,0.00,0.00,0.00,0.00,0.00
,Heat Recovery,General,0.00,0.00,0.00,0.00,0.00,0.00,0.00,0.00,0.00,0.00,0.00,0.00,0.00
,Water Systems,General,0.00,0.00,0.00,0.00,0.00,0.00,0.00,0.00,0.00,0.00,0.00,0.00,0.00
,,WaterUse,0.00,0.00,0.00,0.00,0.00,0.00,0.00,0.00,0.00,0.00,0.00,0.00,0.00
,,Water Heater,0.00,8894.72,0.00,0.00,0.00,0.00,0.00,0.00,0.00,0.00,0.00,0.00,0.00
,Refrigeration,General,0.00,0.00,0.00,0.00,0.00,0.00,0.00,0.00,0.00,0.00,0.00,0.00,0.00
,Generators,General,0.00,0.00,0.00,0.00,0.00,0.00,0.00,0.00,0.00,0.00,0.00,0.00,0.00


----------------------------------------------------------------------------------------------------
REPORT:,Source Energy End Use Components Summary
FOR:,Entire Facility
Values gathered over      8760.00 hours

Source Energy End Use Components Summary

,,Source Electricity [GJ],Source Natural Gas [GJ],Source Gasoline [GJ],Source Diesel [GJ],Source Coal [GJ],Source Fuel Oil No 1 [GJ],Source Fuel Oil No 2 [GJ],Source Propane [GJ],Source Other Fuel 1 [GJ],Source Other Fuel 2 [GJ],Source District Cooling [GJ],Source District Heating [GJ]
,Heating,246773.00,1129.23,0.00,0.00,0.00,0.00,0.00,0.00,0.00,0.00,0.00,0.00
,Cooling,57777.63,0.00,0.00,0.00,0.00,0.00,0.00,0.00,0.00,0.00,0.00,0.00
,Interior Lighting,1085.60,0.00,0.00,0.00,0.00,0.00,0.00,0.00,0.00,0.00,0.00,0.00
,Exterior Lighting,162.31,0.00,0.00,0.00,0.00,0.00,0.00,0.00,0.00,0.00,0.00,0.00
,Interior Equipment,1341.51,0.00,0.00,0.00,0.00,0.00,0.00,0.00,0.00,0.00,0.00,0.00
,Exterior Equipment,23.35,0.00,0.00,0.00,0.00,0.00,0.00,0.00,0.00,0.00,0.00,0.00
,Fans,28645.58,0.00,0.00,0.00,0.00,0.00,0.00,0.00,0.00,0.00,0.00,0.00
,Pumps,0.46,0.00,0.00,0.00,0.00,0.00,0.00,0.00,0.00,0.00,0.00,0.00
,Heat Rejection,0.00,0.00,0.00,0.00,0.00,0.00,0.00,0.00,0.00,0.00,0.00,0.00
,Humidification,0.00,0.00,0.00,0.00,0.00,0.00,0.00,0.00,0.00,0.00,0.00,0.00
,Heat Recovery,0.00,0.00,0.00,0.00,0.00,0.00,0.00,0.00,0.00,0.00,0.00,0.00
,Water Systems,0.00,147.46,0.00,0.00,0.00,0.00,0.00,0.00,0.00,0.00,0.00,0.00
,Refrigeration,0.00,0.00,0.00,0.00,0.00,0.00,0.00,0.00,0.00,0.00,0.00,0.00
,Generators,0.00,0.00,0.00,0.00,0.00,0.00,0.00,0.00,0.00,0.00,0.00,0.00
,,,,,,,,,,,,,
,Total Source Energy End Use Components,335809.45,1276.68,0.00,0.00,0.00,0.00,0.00,0.00,0.00,0.00,0.00,0.00


Normalized Metrics
Source Energy End Use Components Per Conditioned Floor Area

,,Source Electricity [MJ/m2],Source Natural Gas [MJ/m2],Source Gasoline [MJ/m2],Source Diesel [MJ/m2],Source Coal [MJ/m2],Source Fuel Oil No 1 [MJ/m2],Source Fuel Oil No 2 [MJ/m2],Source Propane [MJ/m2],Source Other Fuel 1 [MJ/m2],Source Other Fuel 2 [MJ/m2],Source District Cooling [MJ/m2],Source District Heating [MJ/m2]
,Heating,49531.07,226.65,0.00,0.00,0.00,0.00,0.00,0.00,0.00,0.00,0.00,0.00
,Cooling,11596.84,0.00,0.00,0.00,0.00,0.00,0.00,0.00,0.00,0.00,0.00,0.00
,Interior Lighting,217.90,0.00,0.00,0.00,0.00,0.00,0.00,0.00,0.00,0.00,0.00,0.00
,Exterior Lighting,32.58,0.00,0.00,0.00,0.00,0.00,0.00,0.00,0.00,0.00,0.00,0.00
,Interior Equipment,269.26,0.00,0.00,0.00,0.00,0.00,0.00,0.00,0.00,0.00,0.00,0.00
,Exterior Equipment,4.69,0.00,0.00,0.00,0.00,0.00,0.00,0.00,0.00,0.00,0.00,0.00
,Fans,5749.60,0.00,0.00,0.00,0.00,0.00,0.00,0.00,0.00,0.00,0.00,0.00
,Pumps,0.09,0.00,0.00,0.00,0.00,0.00,0.00,0.00,0.00,0.00,0.00,0.00
,Heat Rejection,0.00,0.00,0.00,0.00,0.00,0.00,0.00,0.00,0.00,0.00,0.00,0.00
,Humidification,0.00,0.00,0.00,0.00,0.00,0.00,0.00,0.00,0.00,0.00,0.00,0.00
,Heat Recovery,0.00,0.00,0.00,0.00,0.00,0.00,0.00,0.00,0.00,0.00,0.00,0.00
,Water Systems,0.00,29.60,0.00,0.00,0.00,0.00,0.00,0.00,0.00,0.00,0.00,0.00
,Refrigeration,0.00,0.00,0.00,0.00,0.00,0.00,0.00,0.00,0.00,0.00,0.00,0.00
,Generators,0.00,0.00,0.00,0.00,0.00,0.00,0.00,0.00,0.00,0.00,0.00,0.00
,,,,,,,,,,,,,
,Total Source Energy End Use Components,67402.03,256.25,0.00,0.00,0.00,0.00,0.00,0.00,0.00,0.00,0.00,0.00


Source Energy End Use Components Per Total Floor Area

,,Source Electricity [MJ/m2],Source Natural Gas [MJ/m2],Source Gasoline [MJ/m2],Source Diesel [MJ/m2],Source Coal [MJ/m2],Source Fuel Oil No 1 [MJ/m2],Source Fuel Oil No 2 [MJ/m2],Source Propane [MJ/m2],Source Other Fuel 1 [MJ/m2],Source Other Fuel 2 [MJ/m2],Source District Cooling [MJ/m2],Source District Heating [MJ/m2]
,Heating,49531.07,226.65,0.00,0.00,0.00,0.00,0.00,0.00,0.00,0.00,0.00,0.00
,Cooling,11596.84,0.00,0.00,0.00,0.00,0.00,0.00,0.00,0.00,0.00,0.00,0.00
,Interior Lighting,217.90,0.00,0.00,0.00,0.00,0.00,0.00,0.00,0.00,0.00,0.00,0.00
,Exterior Lighting,32.58,0.00,0.00,0.00,0.00,0.00,0.00,0.00,0.00,0.00,0.00,0.00
,Interior Equipment,269.26,0.00,0.00,0.00,0.00,0.00,0.00,0.00,0.00,0.00,0.00,0.00
,Exterior Equipment,4.69,0.00,0.00,0.00,0.00,0.00,0.00,0.00,0.00,0.00,0.00,0.00
,Fans,5749.60,0.00,0.00,0.00,0.00,0.00,0.00,0.00,0.00,0.00,0.00,0.00
,Pumps,0.09,0.00,0.00,0.00,0.00,0.00,0.00,0.00,0.00,0.00,0.00,0.00
,Heat Rejection,0.00,0.00,0.00,0.00,0.00,0.00,0.00,0.00,0.00,0.00,0.00,0.00
,Humidification,0.00,0.00,0.00,0.00,0.00,0.00,0.00,0.00,0.00,0.00,0.00,0.00
,Heat Recovery,0.00,0.00,0.00,0.00,0.00,0.00,0.00,0.00,0.00,0.00,0.00,0.00
,Water Systems,0.00,29.60,0.00,0.00,0.00,0.00,0.00,0.00,0.00,0.00,0.00,0.00
,Refrigeration,0.00,0.00,0.00,0.00,0.00,0.00,0.00,0.00,0.00,0.00,0.00,0.00
,Generators,0.00,0.00,0.00,0.00,0.00,0.00,0.00,0.00,0.00,0.00,0.00,0.00
,,,,,,,,,,,,,
,Total Source Energy End Use Components,67402.03,256.25,0.00,0.00,0.00,0.00,0.00,0.00,0.00,0.00,0.00,0.00


----------------------------------------------------------------------------------------------------
REPORT:,Component Sizing Summary
FOR:,Entire Facility
AirTerminal:SingleDuct:VAV:Reheat

,,Design Size Maximum Air Flow Rate [m3/s],Design Size Constant Minimum Air Flow Fraction,User-Specified Constant Minimum Air Flow Fraction,Design Size Minimum Air Flow Rate [m3/s],Design Size Maximum Flow Fraction during Reheat [],User-Specified Maximum Flow Fraction during Reheat [],Design Size Maximum Flow per Zone Floor Area during Reheat [m3/s-m2]
,CORE_BOTTOM VAV BOX COMPONENT,491.77,0.001524,0.223000,109.66,0.300000,0.500000,0.250000
,CORE_MID VAV BOX COMPONENT,491.77,0.001524,0.305000,149.99,0.305000,0.500000,0.250000
,CORE_TOP VAV BOX COMPONENT,491.77,0.001524,0.293000,144.09,0.300000,0.500000,0.250000
,PERIMETER_TOP_ZN_3 VAV BOX COMPONENT,103.67,0.001524,0.197000,20.42,0.300000,0.500000,0.250000
,PERIMETER_TOP_ZN_2 VAV BOX COMPONENT,65.63,0.001524,0.106000,6.96,0.300000,0.500000,0.250000
,PERIMETER_TOP_ZN_1 VAV BOX COMPONENT,103.67,0.001524,0.136000,14.10,0.300000,0.500000,0.250000
,PERIMETER_TOP_ZN_4 VAV BOX COMPONENT,65.63,0.001524,0.097000,6.37,0.300000,0.500000,0.250000
,PERIMETER_BOT_ZN_3 VAV BOX COMPONENT,103.67,0.001524,0.252000,26.12,0.300000,0.500000,0.250000
,PERIMETER_BOT_ZN_2 VAV BOX COMPONENT,65.63,0.001524,0.130000,8.53,0.300000,0.500000,0.250000
,PERIMETER_BOT_ZN_1 VAV BOX COMPONENT,103.67,0.001524,0.170000,17.62,0.300000,0.500000,0.250000
,PERIMETER_BOT_ZN_4 VAV BOX COMPONENT,65.63,0.001524,0.124000,8.14,0.300000,0.500000,0.250000
,PERIMETER_MID_ZN_3 VAV BOX COMPONENT,103.67,0.001524,0.225000,23.33,0.300000,0.500000,0.250000
,PERIMETER_MID_ZN_2 VAV BOX COMPONENT,65.63,,,,0.300000,0.500000,0.250000
,PERIMETER_MID_ZN_1 VAV BOX COMPONENT,103.67,0.001524,0.149000,15.45,0.300000,0.500000,0.250000
,PERIMETER_MID_ZN_4 VAV BOX COMPONENT,65.63,0.001524,0.104000,6.83,0.300000,0.500000,0.250000
User-Specified values were used. Design Size values were used if no User-Specified values were provided. Design Size values may be derived from alternate User-Specified values.


Coil:Heating:Electric

,,Design Size Nominal Capacity [W]
,CORE_BOTTOM VAV BOX REHEAT COIL,3570689.71
,CORE_MID VAV BOX REHEAT COIL,4883678.75
,CORE_TOP VAV BOX REHEAT COIL,4691534.01
,PERIMETER_TOP_ZN_3 VAV BOX REHEAT COIL,664970.17
,PERIMETER_TOP_ZN_2 VAV BOX REHEAT COIL,226517.76
,PERIMETER_TOP_ZN_1 VAV BOX REHEAT COIL,459065.70
,PERIMETER_TOP_ZN_4 VAV BOX REHEAT COIL,207271.52
,PERIMETER_BOT_ZN_3 VAV BOX REHEAT COIL,850621.74
,PERIMETER_BOT_ZN_2 VAV BOX REHEAT COIL,277804.80
,PERIMETER_BOT_ZN_1 VAV BOX REHEAT COIL,573832.12
,PERIMETER_BOT_ZN_4 VAV BOX REHEAT COIL,264965.66
,PERIMETER_MID_ZN_3 VAV BOX REHEAT COIL,759483.69
,PERIMETER_MID_ZN_2 VAV BOX REHEAT COIL,126080.64
,PERIMETER_MID_ZN_1 VAV BOX REHEAT COIL,502946.98
,PERIMETER_MID_ZN_4 VAV BOX REHEAT COIL,222229.26
User-Specified values were used. Design Size values were used if no User-Specified values were provided.


AirLoopHVAC

,,Sum of Air Terminal Maximum Heating Flow Rates [m3/s],Sum of Air Terminal Minimum Heating Flow Rates [m3/s],Sum of Air Terminal Maximum Flow Rates [m3/s],Adjusted Heating Design Air Flow Rate [m3/s],Adjusted Cooling Design Air Flow Rate [m3/s],Adjusted Main Design Air Flow Rate [m3/s],User Heating Air Flow Ratio [],Calculated Heating Air Flow Ratio [],Design Supply Air Flow Rate [m3/s]
,PACU_VAV_BOT,415.18,170.08,830.36,830.36,830.36,830.36,0.300000,1.00,830.36
,PACU_VAV_MID,415.18,202.67,830.36,830.36,830.36,830.36,0.300000,1.00,830.36
,PACU_VAV_TOP,415.18,191.93,830.36,830.36,830.36,830.36,0.300000,1.00,830.36
User-Specified values were used. Design Size values were used if no User-Specified values were provided.


Controller:OutdoorAir

,,Maximum Outdoor Air Flow Rate [m3/s]
,PACU_VAV_BOT_OA_CONTROLLER,830.36
,PACU_VAV_MID_OA_CONTROLLER,830.36
,PACU_VAV_TOP_OA_CONTROLLER,830.36
User-Specified values were used. Design Size values were used if no User-Specified values were provided.


Coil:Cooling:DX:TwoSpeed

,,Design Size High Speed Rated Air Flow Rate [m3/s],Design Size High Speed Gross Rated Total Cooling Capacity [W],Design Size High Speed Rated Sensible Heat Ratio,Design Size Low Speed Rated Air Flow Rate [m3/s],Design Size Low Speed Gross Rated Total Cooling Capacity [W],Design Size Low Speed Gross Rated Sensible Heat Ratio
,PACU_VAV_BOT COOLING COIL,830.36,15178203.18,0.800951,276.76,5058895.12,0.800951
,PACU_VAV_MID COOLING COIL,830.36,15392356.48,0.800319,276.76,5130272.41,0.800319
,PACU_VAV_TOP COOLING COIL,830.36,15442153.26,0.800260,276.76,5146869.68,0.800260
User-Specified values were used. Design Size values were used if no User-Specified values were provided.


Coil:Heating:Fuel

,,Design Size Nominal Capacity [W]
,PACU_VAV_BOT HEATING COIL,3737678.90
,PACU_VAV_MID HEATING COIL,3737678.90
,PACU_VAV_TOP HEATING COIL,3737678.90
User-Specified values were used. Design Size values were used if no User-Specified values were provided.


Fan:VariableVolume

,,Design Size Maximum Flow Rate [m3/s]
,PACU_VAV_BOT FAN,830.36
,PACU_VAV_MID FAN,830.36
,PACU_VAV_TOP FAN,830.36
User-Specified values were used. Design Size values were used if no User-Specified values were provided.


PlantLoop

,,Maximum Loop Flow Rate [m3/s],Plant Loop Volume [m3]
,SWHSYS1,0.000054,0.006435
User-Specified values were used. Design Size values were used if no User-Specified values were provided.


Pump:ConstantSpeed

,,Design Flow Rate [m3/s],Design Power Consumption [W]
,SWHSYS1 PUMP,0.000054,6.85
User-Specified values were used. Design Size values were used if no User-Specified values were provided.


WaterHeater:Mixed

,,Use Side Design Flow Rate [m3/s]
,SWHSYS1 WATER HEATER,0.000054
User-Specified values were used. Design Size values were used if no User-Specified values were provided.


----------------------------------------------------------------------------------------------------
REPORT:,Surface Shadowing Summary
FOR:,Entire Facility
Surfaces (Walls, Roofs, etc) that may be Shadowed by Other Surfaces

,,None


Subsurfaces (Windows and Doors) that may be Shadowed by Surfaces

,,Possible Shadow Receivers
,PERIMETER_TOP_ZN_3_WALL_NORTH,PERIMETER_TOP_ZN_3_WALL_NORTH_WINDOW |
,PERIMETER_TOP_ZN_2_WALL_EAST,PERIMETER_TOP_ZN_2_WALL_EAST_WINDOW |
,PERIMETER_TOP_ZN_1_WALL_SOUTH,PERIMETER_TOP_ZN_1_WALL_SOUTH_WINDOW |
,PERIMETER_TOP_ZN_4_WALL_WEST,PERIMETER_TOP_ZN_4_WALL_WEST_WINDOW |
,PERIMETER_BOT_ZN_3_WALL_NORTH,PERIMETER_BOT_ZN_3_WALL_NORTH_DOOR1 | PERIMETER_BOT_ZN_3_WALL_NORTH_DOOR2 | PERIMETER_BOT_ZN_3_WALL_NORTH_WINDOW1 | PERIMETER_BOT_ZN_3_WALL_NORTH_WINDOW2 | PERIMETER_BOT_ZN_3_WALL_NORTH_WINDOW3 |
,PERIMETER_BOT_ZN_2_WALL_EAST,PERIMETER_BOT_ZN_2_WALL_EAST_DOOR | PERIMETER_BOT_ZN_2_WALL_EAST_WINDOW1 | PERIMETER_BOT_ZN_2_WALL_EAST_WINDOW2 |
,PERIMETER_BOT_ZN_1_WALL_SOUTH,PERIMETER_BOT_ZN_1_WALL_SOUTH_DOOR1 | PERIMETER_BOT_ZN_1_WALL_SOUTH_DOOR2 | PERIMETER_BOT_ZN_1_WALL_SOUTH_WINDOW1 | PERIMETER_BOT_ZN_1_WALL_SOUTH_WINDOW2 | PERIMETER_BOT_ZN_1_WALL_SOUTH_WINDOW3 |
,PERIMETER_BOT_ZN_4_WALL_WEST,PERIMETER_BOT_ZN_4_WALL_WEST_DOOR | PERIMETER_BOT_ZN_4_WALL_WEST_WINDOW1 | PERIMETER_BOT_ZN_4_WALL_WEST_WINDOW2 |
,PERIMETER_MID_ZN_3_WALL_NORTH,PERIMETER_MID_ZN_3_WALL_NORTH_WINDOW |
,PERIMETER_MID_ZN_2_WALL_EAST,PERIMETER_MID_ZN_2_WALL_EAST_WINDOW |
,PERIMETER_MID_ZN_1_WALL_SOUTH,PERIMETER_MID_ZN_1_WALL_SOUTH_WINDOW |
,PERIMETER_MID_ZN_4_WALL_WEST,PERIMETER_MID_ZN_4_WALL_WEST_WINDOW |


----------------------------------------------------------------------------------------------------
REPORT:,Adaptive Comfort Summary
FOR:,Entire Facility
Time Not Meeting the Adaptive Comfort Models during Occupied Hours

,,ASHRAE55 90% Acceptability Limits [Hours],ASHRAE55 80% Acceptability Limits  [Hours],CEN15251 Category I Acceptability Limits [Hours],CEN15251 Category II Acceptability Limits [Hours],CEN15251 Category III Acceptability Limits [Hours]


----------------------------------------------------------------------------------------------------
REPORT:,Initialization Summary
FOR:,Entire Facility
Version

,,Version ID
,1,22.1


Timesteps per Hour

,,#TimeSteps,Minutes per TimeStep {minutes}
,1,6,10


System Convergence Limits

,,Minimum System TimeStep {minutes},Max HVAC Iterations,Minimum Plant Iterations,Maximum Plant Iterations
,1,1,20,2,8


Simulation Control

,,Do Zone Sizing,Do System Sizing,Do Plant Sizing,Do Design Days,Do Weather Simulation,Do HVAC Sizing Simulation
,1,Yes,Yes,Yes,No,Yes,No


Performance Precision Tradeoffs

,,Use Coil Direct Simulation,Zone Radiant Exchange Algorithm,Override Mode,Number of Timestep In Hour,Force Euler Method,Minimum Number of Warmup Days,Force Suppress All Begin Environment Resets,Minimum System Timestep,MaxZoneTempDiff,MaxAllowedDelTemp
,1,No,ScriptF,Normal,6,No,1,No,1.0,0.300,2.0000E-003


Output Reporting Tolerances

,,Tolerance for Time Heating Setpoint Not Met,Tolerance for Zone Cooling Setpoint Not Met Time
,1,0.556,0.556


Site:GroundTemperature:BuildingSurface

,,Jan{C},Feb{C},Mar{C},Apr{C},May{C},Jun{C},Jul{C},Aug{C},Sep{C},Oct{C},Nov{C},Dec{C}
,1,18.00,18.00,18.00,18.00,18.00,18.00,18.00,18.00,18.00,18.00,18.00,18.00


Site:GroundTemperature:FCfactorMethod

,,Jan{C},Feb{C},Mar{C},Apr{C},May{C},Jun{C},Jul{C},Aug{C},Sep{C},Oct{C},Nov{C},Dec{C}
,1,9.70,6.00,-2.20,-3.40,-4.20,2.70,7.50,13.70,18.60,22.00,20.70,16.50


Site:GroundTemperature:Shallow

,,Jan{C},Feb{C},Mar{C},Apr{C},May{C},Jun{C},Jul{C},Aug{C},Sep{C},Oct{C},Nov{C},Dec{C}
,1,13.00,13.00,13.00,13.00,13.00,13.00,13.00,13.00,13.00,13.00,13.00,13.00


Site:GroundTemperature:Deep

,,Jan{C},Feb{C},Mar{C},Apr{C},May{C},Jun{C},Jul{C},Aug{C},Sep{C},Oct{C},Nov{C},Dec{C}
,1,16.00,16.00,16.00,16.00,16.00,16.00,16.00,16.00,16.00,16.00,16.00,16.00


Site:GroundReflectance

,,Jan{dimensionless},Feb{dimensionless},Mar{dimensionless},Apr{dimensionless},May{dimensionless},Jun{dimensionless},Jul{dimensionless},Aug{dimensionless},Sep{dimensionless},Oct{dimensionless},Nov{dimensionless},Dec{dimensionless}
,1,0.20,0.20,0.20,0.20,0.20,0.20,0.20,0.20,0.20,0.20,0.20,0.20


Site:GroundReflectance:SnowModifier

,,Normal,Daylighting {dimensionless}
,1,1.000,1.000


Site:GroundReflectance:Snow

,,Jan{dimensionless},Feb{dimensionless},Mar{dimensionless},Apr{dimensionless},May{dimensionless},Jun{dimensionless},Jul{dimensionless},Aug{dimensionless},Sep{dimensionless},Oct{dimensionless},Nov{dimensionless},Dec{dimensionless}
,1,0.20,0.20,0.20,0.20,0.20,0.20,0.20,0.20,0.20,0.20,0.20,0.20


Site:GroundReflectance:Snow:Daylighting

,,Jan{dimensionless},Feb{dimensionless},Mar{dimensionless},Apr{dimensionless},May{dimensionless},Jun{dimensionless},Jul{dimensionless},Aug{dimensionless},Sep{dimensionless},Oct{dimensionless},Nov{dimensionless},Dec{dimensionless}
,1,0.20,0.20,0.20,0.20,0.20,0.20,0.20,0.20,0.20,0.20,0.20,0.20


Environment:Weather Station

,,Wind Sensor Height Above Ground {m},Wind Speed Profile Exponent {},Wind Speed Profile Boundary Layer Thickness {m},Air Temperature Sensor Height Above Ground {m},Wind Speed Modifier Coefficient-Internal,Temperature Modifier Coefficient-Internal
,1,10.000,0.140,270.000,1.500,1.586,9.750E-003


Site:Location

,,Location Name,Latitude {N+/S- Deg},Longitude {E+/W- Deg},Time Zone Number {GMT+/-},Elevation {m},Standard Pressure at Elevation {Pa},Standard RhoAir at Elevation
,1,BUFFALO NY USA TMY2-14733 WMO#=725280,42.93,-78.73,-5.00,215.00,98769,1.1739


Site Water Mains Temperature Information

,,Calculation Method{},Water Mains Temperature Schedule Name{},Annual Average Outdoor Air Temperature{C},Maximum Difference In Monthly Average Outdoor Air Temperatures{deltaC},Fixed Default Water Mains Temperature{C}
,1,Correlation,NA,8.97,26.20,NA


Building Information

,,Building Name,North Axis {deg},Terrain,Loads Convergence Tolerance Value,Temperature Convergence Tolerance Value,Solar Distribution,Maximum Number of Warmup Days,Minimum Number of Warmup Days
,1,OfficeMedium,0.000,City,4.00000E-002,0.20000,FullInteriorAndExterior,25,6


Inside Convection Algorithm

,,Algorithm {Simple
,,TARP
,,CeilingDiffuser
,,AdaptiveConvectionAlgorithm}
,1,TARP


Outside Convection Algorithm

,,Algorithm {SimpleCombined
,,TARP
,,MoWitt
,,DOE-2
,,AdaptiveConvectionAlgorithm}
,1,TARP


Sky Radiance Distribution

,,Value {Anisotropic}
,1,Anisotropic


Zone Air Solution Algorithm

,,Value {ThirdOrderBackwardDifference
,,AnalyticalSolution
,,EulerMethod}
,1,ThirdOrderBackwardDifference


Zone Air Carbon Dioxide Balance Simulation

,,Simulation {Yes/No},Carbon Dioxide Concentration
,1,No,N/A


Zone Air Generic Contaminant Balance Simulation

,,Simulation {Yes/No},Generic Contaminant Concentration
,1,No,N/A


Zone Air Mass Flow Balance Simulation

,,Enforce Mass Balance,Adjust Zone Mixing and Return {AdjustMixingOnly,Adjust Zone Infiltration {AddInfiltration,Infiltration Zones {MixingSourceZonesOnly
,,,AdjustReturnOnly,AdjustInfiltration,AllZones}
,,,AdjustMixingThenReturn,None},
,,,AdjustReturnThenMixing,,
,,,None},,
,1,No,N/A,N/A,N/A


HVACSystemRootFindingAlgorithm

,,Value {RegulaFalsi
,,Bisection
,,BisectionThenRegulaFalsi
,,RegulaFalsiThenBisection}
,1,RegulaFalsi


Environment:Site Atmospheric Variation

,,Wind Speed Profile Exponent {},Wind Speed Profile Boundary Layer Thickness {m},Air Temperature Gradient Coefficient {K/m}
,1,0.330,460.000,6.500000E-003


Surface Geometry

,,Starting Corner,Vertex Input Direction,Coordinate System,Daylight Reference Point Coordinate System,Rectangular (Simple) Surface Coordinate System
,1,UpperLeftCorner,Counterclockwise,RelativeCoordinateSystem,RelativeCoordinateSystem,RelativeToZoneOrigin


Surface Heat Transfer Algorithm

,,Value {CTF - ConductionTransferFunction,Inside Surface Max Temperature Limit{C},Surface Convection Coefficient Lower Limit {W/m2-K},Surface Convection Coefficient Upper Limit {W/m2-K}
,,EMPD - MoisturePenetrationDepthConductionTransferFunction,,,
,,CondFD - ConductionFiniteDifference,,,
,,HAMT - CombinedHeatAndMoistureFiniteElement} - Description,,,
,1,CTF - ConductionTransferFunction,200,0.10,1000.0


Shading Summary

,,Number of Fixed Detached Shades,Number of Building Detached Shades,Number of Attached Shades
,1,0,0,0


Zone Summary

,,Number of Zones,Number of Zone Surfaces,Number of SubSurfaces
,1,18,167,24


Zone Information

,,Zone Name,North Axis {deg},Origin X-Coordinate {m},Origin Y-Coordinate {m},Origin Z-Coordinate {m},Centroid X-Coordinate {m},Centroid Y-Coordinate {m},Centroid Z-Coordinate {m},Type,Zone Multiplier,Zone List Multiplier,Minimum X {m},Maximum X {m},Minimum Y {m},Maximum Y {m},Minimum Z {m},Maximum Z {m},Ceiling Height {m},Volume {m3},Zone Inside Convection Algorithm {Simple-Detailed-CeilingDiffuser-TrombeWall},Zone Outside Convection Algorithm {Simple-Detailed-Tarp-MoWitt-DOE-2-BLAST},Floor Area {m2},Exterior Gross Wall Area {m2},Exterior Net Wall Area {m2},Exterior Window Area {m2},Number of Surfaces,Number of SubSurfaces,Number of Shading SubSurfaces,Part of Total Building Area
,1,CORE_BOTTOM,0.0,0.00,0.00,0.00,24.96,16.64,1.37,1,1,1,4.57,45.34,4.57,28.70,0.00,2.74,2.74,2698.04,TARP,TARP,983.54,0.00,0.00,0.00,6,0,0,Yes
,2,TOPFLOOR_PLENUM,0.0,0.00,0.00,0.00,24.96,16.64,11.28,1,1,1,0.00,49.91,0.00,33.27,10.67,11.89,1.22,2024.76,TARP,TARP,1660.73,202.84,202.84,0.00,10,0,0,No
,3,MIDFLOOR_PLENUM,0.0,0.00,0.00,0.00,24.96,16.64,7.32,1,1,1,0.00,49.91,0.00,33.27,6.71,7.92,1.22,2024.76,TARP,TARP,1660.73,202.84,202.84,0.00,14,0,0,No
,4,FIRSTFLOOR_PLENUM,0.0,0.00,0.00,0.00,24.96,16.64,3.35,1,1,1,0.00,49.91,0.00,33.27,2.74,3.96,1.22,2024.76,TARP,TARP,1660.73,202.84,202.84,0.00,14,0,0,No
,5,CORE_MID,0.0,0.00,0.00,0.00,24.96,16.64,5.33,1,1,1,4.57,45.34,4.57,28.70,3.96,6.71,2.74,2698.04,TARP,TARP,983.54,0.00,0.00,0.00,6,0,0,Yes
,6,CORE_TOP,0.0,0.00,0.00,0.00,24.96,16.64,9.30,1,1,1,4.57,45.34,4.57,28.70,7.92,10.67,2.74,2698.04,TARP,TARP,983.54,0.00,0.00,0.00,6,0,0,Yes
,7,PERIMETER_TOP_ZN_3,0.0,0.00,0.00,0.00,24.96,31.11,9.30,1,1,1,0.00,49.91,28.70,33.27,7.92,10.67,2.74,568.77,TARP,TARP,207.34,136.92,71.65,65.26,6,1,0,Yes
,8,PERIMETER_TOP_ZN_2,0.0,0.00,0.00,0.00,47.82,16.64,9.30,1,1,1,45.34,49.91,0.00,33.27,7.92,10.67,2.74,360.08,TARP,TARP,131.26,91.28,47.77,43.51,6,1,0,Yes
,9,PERIMETER_TOP_ZN_1,0.0,0.00,0.00,0.00,24.96,2.16,9.30,1,1,1,0.00,49.91,0.00,4.57,7.92,10.67,2.74,568.77,TARP,TARP,207.34,136.92,71.65,65.26,6,1,0,Yes
,10,PERIMETER_TOP_ZN_4,0.0,0.00,0.00,0.00,2.09,16.64,9.30,1,1,1,0.00,4.57,0.00,33.27,7.92,10.67,2.74,360.05,TARP,TARP,131.25,91.28,47.77,43.51,6,1,0,Yes
,11,PERIMETER_BOT_ZN_3,0.0,0.00,0.00,0.00,24.96,31.11,1.37,1,1,1,0.00,49.91,28.70,33.27,0.00,2.74,2.74,568.77,TARP,TARP,207.34,136.92,67.75,65.26,6,5,0,Yes
,12,PERIMETER_BOT_ZN_2,0.0,0.00,0.00,0.00,47.82,16.64,1.37,1,1,1,45.34,49.91,0.00,33.27,0.00,2.74,2.74,360.08,TARP,TARP,131.26,91.28,45.82,43.51,6,3,0,Yes
,13,PERIMETER_BOT_ZN_1,0.0,0.00,0.00,0.00,24.96,2.16,1.37,1,1,1,0.00,49.91,0.00,4.57,0.00,2.74,2.74,568.77,TARP,TARP,207.34,136.92,67.75,65.26,6,5,0,Yes
,14,PERIMETER_BOT_ZN_4,0.0,0.00,0.00,0.00,2.09,16.64,1.37,1,1,1,0.00,4.57,0.00,33.27,0.00,2.74,2.74,360.05,TARP,TARP,131.25,91.28,45.82,43.51,6,3,0,Yes
,15,PERIMETER_MID_ZN_3,0.0,0.00,0.00,0.00,24.96,31.11,5.33,1,1,1,0.00,49.91,28.70,33.27,3.96,6.71,2.74,568.77,TARP,TARP,207.34,136.92,71.65,65.26,6,1,0,Yes
,16,PERIMETER_MID_ZN_2,0.0,0.00,0.00,0.00,47.82,16.64,5.33,1,1,1,45.34,49.91,0.00,33.27,3.96,6.71,2.74,360.08,TARP,TARP,131.26,91.28,47.77,43.51,6,1,0,Yes
,17,PERIMETER_MID_ZN_1,0.0,0.00,0.00,0.00,24.96,2.16,5.33,1,1,1,0.00,49.91,0.00,4.57,3.96,6.71,2.74,568.77,TARP,TARP,207.34,136.92,71.65,65.26,6,1,0,Yes
,18,PERIMETER_MID_ZN_4,0.0,0.00,0.00,0.00,2.09,16.64,5.33,1,1,1,0.00,4.57,0.00,33.27,3.96,6.71,2.74,360.05,TARP,TARP,131.25,91.28,47.77,43.51,6,1,0,Yes


Zone Internal Gains Nominal

,,Zone Name,Floor Area {m2},# Occupants,Area per Occupant {m2/person},Occupant per Area {person/m2},Interior Lighting {W/m2},Electric Load {W/m2},Gas Load {W/m2},Other Load {W/m2},Hot Water Eq {W/m2},Steam Equipment {W/m2},Sum Loads per Area {W/m2},Outdoor Controlled Baseboard Heat
,1,CORE_BOTTOM,983.54,49.2,20.000,5.000E-002,10.000,15.000,0.000,0.000,0.000,0.000,25.000,No
,2,TOPFLOOR_PLENUM,1660.73,0.0,N/A,0.000,0.000,0.000,0.000,0.000,0.000,0.000,0.000,No
,3,MIDFLOOR_PLENUM,1660.73,0.0,N/A,0.000,0.000,0.000,0.000,0.000,0.000,0.000,0.000,No
,4,FIRSTFLOOR_PLENUM,1660.73,0.0,N/A,0.000,0.000,0.000,0.000,0.000,0.000,0.000,0.000,No
,5,CORE_MID,983.54,49.2,20.000,5.000E-002,10.000,5.000,0.000,0.000,0.000,0.000,15.000,No
,6,CORE_TOP,983.54,49.2,20.000,5.000E-002,10.000,5.000,0.000,0.000,0.000,0.000,15.000,No
,7,PERIMETER_TOP_ZN_3,207.34,10.4,20.000,5.000E-002,10.000,5.000,0.000,0.000,0.000,0.000,15.000,No
,8,PERIMETER_TOP_ZN_2,131.26,6.6,20.000,5.000E-002,10.000,5.000,0.000,0.000,0.000,0.000,15.000,No
,9,PERIMETER_TOP_ZN_1,207.34,10.4,20.000,5.000E-002,10.000,5.000,0.000,0.000,0.000,0.000,15.000,No
,10,PERIMETER_TOP_ZN_4,131.25,6.6,20.000,5.000E-002,10.000,5.000,0.000,0.000,0.000,0.000,15.000,No
,11,PERIMETER_BOT_ZN_3,207.34,10.4,20.000,5.000E-002,10.000,5.000,0.000,0.000,0.000,0.000,15.000,No
,12,PERIMETER_BOT_ZN_2,131.26,6.6,20.000,5.000E-002,10.000,5.000,0.000,0.000,0.000,0.000,15.000,No
,13,PERIMETER_BOT_ZN_1,207.34,10.4,20.000,5.000E-002,10.000,5.000,0.000,0.000,0.000,0.000,15.000,No
,14,PERIMETER_BOT_ZN_4,131.25,6.6,20.000,5.000E-002,10.000,5.000,0.000,0.000,0.000,0.000,15.000,No
,15,PERIMETER_MID_ZN_3,207.34,10.4,20.000,5.000E-002,10.000,5.000,0.000,0.000,0.000,0.000,15.000,No
,16,PERIMETER_MID_ZN_2,131.26,6.6,20.000,5.000E-002,10.000,5.000,0.000,0.000,0.000,0.000,15.000,No
,17,PERIMETER_MID_ZN_1,207.34,10.4,20.000,5.000E-002,10.000,5.000,0.000,0.000,0.000,0.000,15.000,No
,18,PERIMETER_MID_ZN_4,131.25,6.6,20.000,5.000E-002,10.000,5.000,0.000,0.000,0.000,0.000,15.000,No


People Internal Gains Nominal

,,Name,Schedule Name,Zone Name,Zone Floor Area {m2},# Zone Occupants,Number of People {},People/Floor Area {person/m2},Floor Area per person {m2/person},Fraction Radiant,Fraction Convected,Sensible Fraction Calculation,Activity level,ASHRAE 55 Warnings,Carbon Dioxide Generation Rate,Nominal Minimum Number of People,Nominal Maximum Number of People,MRT Calculation Type,Work Efficiency,Clothing Insulation Calculation Method,Clothing Insulation Calculation Method Schedule,Clothing,Air Velocity,Fanger Calculation,Pierce Calculation,KSU Calculation,Cooling Effect Calculation,Ankle Draft Calculation
,1,CORE_BOTTOM,BLDG_OCC_SCH_WO_SB,CORE_BOTTOM,983.54,49.2,49.2,5.000E-002,20.000,0.300,0.700,AutoCalculate,ACTIVITY_SCH,No,3.8200E-008,0,49,Zone Averaged,WORK_EFF_SCH,Clothing Insulation Schedule,N/A,CLOTHING_SCH,AIR_VELO_SCH,Yes,No,No,No,No
,2,CORE_MID,BLDG_OCC_SCH_WO_SB,CORE_MID,983.54,49.2,49.2,5.000E-002,20.000,0.300,0.700,AutoCalculate,ACTIVITY_SCH,No,3.8200E-008,0,49,Zone Averaged,WORK_EFF_SCH,Clothing Insulation Schedule,N/A,CLOTHING_SCH,AIR_VELO_SCH,Yes,No,No,No,No
,3,CORE_TOP,BLDG_OCC_SCH_WO_SB,CORE_TOP,983.54,49.2,49.2,5.000E-002,20.000,0.300,0.700,AutoCalculate,ACTIVITY_SCH,No,3.8200E-008,0,49,Zone Averaged,WORK_EFF_SCH,Clothing Insulation Schedule,N/A,CLOTHING_SCH,AIR_VELO_SCH,Yes,No,No,No,No
,4,PERIMETER_TOP_ZN_3,BLDG_OCC_SCH_WO_SB,PERIMETER_TOP_ZN_3,207.34,10.4,10.4,5.000E-002,20.000,0.300,0.700,AutoCalculate,ACTIVITY_SCH,No,3.8200E-008,0,10,Zone Averaged,WORK_EFF_SCH,Clothing Insulation Schedule,N/A,CLOTHING_SCH,AIR_VELO_SCH,Yes,No,No,No,No
,5,PERIMETER_TOP_ZN_2,BLDG_OCC_SCH_WO_SB,PERIMETER_TOP_ZN_2,131.26,6.6,6.6,5.000E-002,20.000,0.300,0.700,AutoCalculate,ACTIVITY_SCH,No,3.8200E-008,0,7,Zone Averaged,WORK_EFF_SCH,Clothing Insulation Schedule,N/A,CLOTHING_SCH,AIR_VELO_SCH,Yes,No,No,No,No
,6,PERIMETER_TOP_ZN_1,BLDG_OCC_SCH_WO_SB,PERIMETER_TOP_ZN_1,207.34,10.4,10.4,5.000E-002,20.000,0.300,0.700,AutoCalculate,ACTIVITY_SCH,No,3.8200E-008,0,10,Zone Averaged,WORK_EFF_SCH,Clothing Insulation Schedule,N/A,CLOTHING_SCH,AIR_VELO_SCH,Yes,No,No,No,No
,7,PERIMETER_TOP_ZN_4,BLDG_OCC_SCH_WO_SB,PERIMETER_TOP_ZN_4,131.25,6.6,6.6,5.000E-002,20.000,0.300,0.700,AutoCalculate,ACTIVITY_SCH,No,3.8200E-008,0,7,Zone Averaged,WORK_EFF_SCH,Clothing Insulation Schedule,N/A,CLOTHING_SCH,AIR_VELO_SCH,Yes,No,No,No,No
,8,PERIMETER_BOT_ZN_3,BLDG_OCC_SCH_WO_SB,PERIMETER_BOT_ZN_3,207.34,10.4,10.4,5.000E-002,20.000,0.300,0.700,AutoCalculate,ACTIVITY_SCH,No,3.8200E-008,0,10,Zone Averaged,WORK_EFF_SCH,Clothing Insulation Schedule,N/A,CLOTHING_SCH,AIR_VELO_SCH,Yes,No,No,No,No
,9,PERIMETER_BOT_ZN_2,BLDG_OCC_SCH_WO_SB,PERIMETER_BOT_ZN_2,131.26,6.6,6.6,5.000E-002,20.000,0.300,0.700,AutoCalculate,ACTIVITY_SCH,No,3.8200E-008,0,7,Zone Averaged,WORK_EFF_SCH,Clothing Insulation Schedule,N/A,CLOTHING_SCH,AIR_VELO_SCH,Yes,No,No,No,No
,10,PERIMETER_BOT_ZN_1,BLDG_OCC_SCH_WO_SB,PERIMETER_BOT_ZN_1,207.34,10.4,10.4,5.000E-002,20.000,0.300,0.700,AutoCalculate,ACTIVITY_SCH,No,3.8200E-008,0,10,Zone Averaged,WORK_EFF_SCH,Clothing Insulation Schedule,N/A,CLOTHING_SCH,AIR_VELO_SCH,Yes,No,No,No,No
,11,PERIMETER_BOT_ZN_4,BLDG_OCC_SCH_WO_SB,PERIMETER_BOT_ZN_4,131.25,6.6,6.6,5.000E-002,20.000,0.300,0.700,AutoCalculate,ACTIVITY_SCH,No,3.8200E-008,0,7,Zone Averaged,WORK_EFF_SCH,Clothing Insulation Schedule,N/A,CLOTHING_SCH,AIR_VELO_SCH,Yes,No,No,No,No
,12,PERIMETER_MID_ZN_3,BLDG_OCC_SCH_WO_SB,PERIMETER_MID_ZN_3,207.34,10.4,10.4,5.000E-002,20.000,0.300,0.700,AutoCalculate,ACTIVITY_SCH,No,3.8200E-008,0,10,Zone Averaged,WORK_EFF_SCH,Clothing Insulation Schedule,N/A,CLOTHING_SCH,AIR_VELO_SCH,Yes,No,No,No,No
,13,PERIMETER_MID_ZN_2,BLDG_OCC_SCH_W_SB,PERIMETER_MID_ZN_2,131.26,6.6,6.6,5.000E-002,20.000,0.300,0.700,AutoCalculate,ACTIVITY_SCH,No,3.8200E-008,0,7,Zone Averaged,WORK_EFF_SCH,Clothing Insulation Schedule,N/A,CLOTHING_SCH,AIR_VELO_SCH,Yes,No,No,No,No
,14,PERIMETER_MID_ZN_1,BLDG_OCC_SCH_WO_SB,PERIMETER_MID_ZN_1,207.34,10.4,10.4,5.000E-002,20.000,0.300,0.700,AutoCalculate,ACTIVITY_SCH,No,3.8200E-008,0,10,Zone Averaged,WORK_EFF_SCH,Clothing Insulation Schedule,N/A,CLOTHING_SCH,AIR_VELO_SCH,Yes,No,No,No,No
,15,PERIMETER_MID_ZN_4,BLDG_OCC_SCH_WO_SB,PERIMETER_MID_ZN_4,131.25,6.6,6.6,5.000E-002,20.000,0.300,0.700,AutoCalculate,ACTIVITY_SCH,No,3.8200E-008,0,7,Zone Averaged,WORK_EFF_SCH,Clothing Insulation Schedule,N/A,CLOTHING_SCH,AIR_VELO_SCH,Yes,No,No,No,No


Lights Internal Gains Nominal

,,Name,Schedule Name,Zone Name,Zone Floor Area {m2},# Zone Occupants,Lighting Level {W},Lights/Floor Area {W/m2},Lights per person {W/person},Fraction Return Air,Fraction Radiant,Fraction Short Wave,Fraction Convected,Fraction Replaceable,End-Use Category,Nominal Minimum Lighting Level {W},Nominal Maximum Lighting Level {W}
,1,CORE_BOTTOM_LIGHTS,LTG_SCH_OFFICE,CORE_BOTTOM,983.54,49.2,9835.366,10.000,200.000,0.000,0.700,0.200,0.100,1.000,LightsWired,0.000,9835.366
,2,CORE_MID_LIGHTS,LTG_SCH_OFFICE,CORE_MID,983.54,49.2,9835.366,10.000,200.000,0.000,0.700,0.200,0.100,1.000,LightsWired,0.000,9835.366
,3,CORE_TOP_LIGHTS,LTG_SCH_OFFICE,CORE_TOP,983.54,49.2,9835.366,10.000,200.000,0.000,0.700,0.200,0.100,1.000,LightsWired,0.000,9835.366
,4,PERIMETER_TOP_ZN_3_LIGHTS,LTG_SCH_OFFICE,PERIMETER_TOP_ZN_3,207.34,10.4,2073.381,10.000,200.000,0.000,0.700,0.200,0.100,1.000,LightsWired,0.000,2073.381
,5,PERIMETER_TOP_ZN_2_LIGHTS,LTG_SCH_OFFICE,PERIMETER_TOP_ZN_2,131.26,6.6,1312.622,10.000,200.000,0.000,0.700,0.200,0.100,1.000,LightsWired,0.000,1312.622
,6,PERIMETER_TOP_ZN_1_LIGHTS,LTG_SCH_OFFICE,PERIMETER_TOP_ZN_1,207.34,10.4,2073.381,10.000,200.000,0.000,0.700,0.200,0.100,1.000,LightsWired,0.000,2073.381
,7,PERIMETER_TOP_ZN_4_LIGHTS,LTG_SCH_OFFICE,PERIMETER_TOP_ZN_4,131.25,6.6,1312.536,10.000,200.000,0.000,0.700,0.200,0.100,1.000,LightsWired,0.000,1312.536
,8,PERIMETER_BOT_ZN_3_LIGHTS,LTG_SCH_OFFICE,PERIMETER_BOT_ZN_3,207.34,10.4,2073.381,10.000,200.000,0.000,0.700,0.200,0.100,1.000,LightsWired,0.000,2073.381
,9,PERIMETER_BOT_ZN_2_LIGHTS,LTG_SCH_OFFICE,PERIMETER_BOT_ZN_2,131.26,6.6,1312.622,10.000,200.000,0.000,0.700,0.200,0.100,1.000,LightsWired,0.000,1312.622
,10,PERIMETER_BOT_ZN_1_LIGHTS,LTG_SCH_OFFICE,PERIMETER_BOT_ZN_1,207.34,10.4,2073.381,10.000,200.000,0.000,0.700,0.200,0.100,1.000,LightsWired,0.000,2073.381
,11,PERIMETER_BOT_ZN_4_LIGHTS,LTG_SCH_OFFICE,PERIMETER_BOT_ZN_4,131.25,6.6,1312.536,10.000,200.000,0.000,0.700,0.200,0.100,1.000,LightsWired,0.000,1312.536
,12,PERIMETER_MID_ZN_3_LIGHTS,LTG_SCH_OFFICE,PERIMETER_MID_ZN_3,207.34,10.4,2073.381,10.000,200.000,0.000,0.700,0.200,0.100,1.000,LightsWired,0.000,2073.381
,13,PERIMETER_MID_ZN_2_LIGHTS,LTG_SCH_OFFICE,PERIMETER_MID_ZN_2,131.26,6.6,1312.622,10.000,200.000,0.000,0.700,0.200,0.100,1.000,LightsWired,0.000,1312.622
,14,PERIMETER_MID_ZN_1_LIGHTS,LTG_SCH_OFFICE,PERIMETER_MID_ZN_1,207.34,10.4,2073.381,10.000,200.000,0.000,0.700,0.200,0.100,1.000,LightsWired,0.000,2073.381
,15,PERIMETER_MID_ZN_4_LIGHTS,LTG_SCH_OFFICE,PERIMETER_MID_ZN_4,131.25,6.6,1312.536,10.000,200.000,0.000,0.700,0.200,0.100,1.000,LightsWired,0.000,1312.536


ElectricEquipment Internal Gains Nominal

,,Name,Schedule Name,Zone Name,Zone Floor Area {m2},# Zone Occupants,Equipment Level {W},Equipment/Floor Area {W/m2},Equipment per person {W/person},Fraction Latent,Fraction Radiant,Fraction Lost,Fraction Convected,End-Use SubCategory,Nominal Minimum Equipment Level {W},Nominal Maximum Equipment Level {W}
,1,CORE_BOTTOM_MISCPLUG_EQUIP,BLDG_EQUIP_SCH,CORE_BOTTOM,983.54,49.2,4917.680,5.000,100.000,0.000,0.500,0.000,0.500,MiscPlug,0.000,4917.680
,2,CORE_MID_MISCPLUG_EQUIP,BLDG_EQUIP_SCH,CORE_MID,983.54,49.2,4917.680,5.000,100.000,0.000,0.500,0.000,0.500,MiscPlug,0.000,4917.680
,3,CORE_TOP_MISCPLUG_EQUIP,BLDG_EQUIP_SCH,CORE_TOP,983.54,49.2,4917.680,5.000,100.000,0.000,0.500,0.000,0.500,MiscPlug,0.000,4917.680
,4,PERIMETER_TOP_ZN_3_MISCPLUG_EQUIP,BLDG_EQUIP_SCH,PERIMETER_TOP_ZN_3,207.34,10.4,1036.690,5.000,100.000,0.000,0.500,0.000,0.500,MiscPlug,0.000,1036.690
,5,PERIMETER_TOP_ZN_2_MISCPLUG_EQUIP,BLDG_EQUIP_SCH,PERIMETER_TOP_ZN_2,131.26,6.6,656.310,5.000,100.000,0.000,0.500,0.000,0.500,MiscPlug,0.000,656.310
,6,PERIMETER_TOP_ZN_1_MISCPLUG_EQUIP,BLDG_EQUIP_SCH,PERIMETER_TOP_ZN_1,207.34,10.4,1036.690,5.000,100.000,0.000,0.500,0.000,0.500,MiscPlug,0.000,1036.690
,7,PERIMETER_TOP_ZN_4_MISCPLUG_EQUIP,BLDG_EQUIP_SCH,PERIMETER_TOP_ZN_4,131.25,6.6,656.270,5.000,100.000,0.000,0.500,0.000,0.500,MiscPlug,0.000,656.270
,8,PERIMETER_BOT_ZN_3_MISCPLUG_EQUIP,BLDG_EQUIP_SCH,PERIMETER_BOT_ZN_3,207.34,10.4,1036.690,5.000,100.000,0.000,0.500,0.000,0.500,MiscPlug,0.000,1036.690
,9,PERIMETER_BOT_ZN_2_MISCPLUG_EQUIP,BLDG_EQUIP_SCH,PERIMETER_BOT_ZN_2,131.26,6.6,656.310,5.000,100.000,0.000,0.500,0.000,0.500,MiscPlug,0.000,656.310
,10,PERIMETER_BOT_ZN_1_MISCPLUG_EQUIP,BLDG_EQUIP_SCH,PERIMETER_BOT_ZN_1,207.34,10.4,1036.690,5.000,100.000,0.000,0.500,0.000,0.500,MiscPlug,0.000,1036.690
,11,PERIMETER_BOT_ZN_4_MISCPLUG_EQUIP,BLDG_EQUIP_SCH,PERIMETER_BOT_ZN_4,131.25,6.6,656.270,5.000,100.000,0.000,0.500,0.000,0.500,MiscPlug,0.000,656.270
,12,PERIMETER_MID_ZN_3_MISCPLUG_EQUIP,BLDG_EQUIP_SCH,PERIMETER_MID_ZN_3,207.34,10.4,1036.690,5.000,100.000,0.000,0.500,0.000,0.500,MiscPlug,0.000,1036.690
,13,PERIMETER_MID_ZN_2_MISCPLUG_EQUIP,BLDG_EQUIP_SCH,PERIMETER_MID_ZN_2,131.26,6.6,656.310,5.000,100.000,0.000,0.500,0.000,0.500,MiscPlug,0.000,656.310
,14,PERIMETER_MID_ZN_1_MISCPLUG_EQUIP,BLDG_EQUIP_SCH,PERIMETER_MID_ZN_1,207.34,10.4,1036.690,5.000,100.000,0.000,0.500,0.000,0.500,MiscPlug,0.000,1036.690
,15,PERIMETER_MID_ZN_4_MISCPLUG_EQUIP,BLDG_EQUIP_SCH,PERIMETER_MID_ZN_4,131.25,6.6,656.270,5.000,100.000,0.000,0.500,0.000,0.500,MiscPlug,0.000,656.270
,16,CORE_BOTTOM_ELEVATORS_EQUIP,BLDG_ELEVATORS,CORE_BOTTOM,983.54,49.2,4917.680,5.000,100.000,0.000,0.500,0.000,0.500,ElevatorLift,590.122,3393.199
,17,ELEVATORS_LIGHTS_FAN,ELEV_LIGHT_FAN_SCH_ADD_DF,CORE_BOTTOM,983.54,49.2,4917.680,5.000,100.000,0.000,0.500,0.000,0.500,ElevatorLightsFan,0.000,3393.199


Construction CTF

,,Construction Name,Index,#Layers,#CTFs,Time Step {hours},ThermalConductance {w/m2-K},OuterThermalAbsorptance,InnerThermalAbsorptance,OuterSolarAbsorptance,InnerSolarAbsorptance,Roughness
,1,SWINGING DOOR_CON,1,1,1,0.167,2.101,0.900,0.900,0.700,0.700,MediumRough
,2,INTERIORFURNISHINGS,2,1,9,0.167,0.8000,0.900,0.900,0.700,0.700,MediumSmooth
,3,DROPCEILING,4,1,3,0.167,4.488,0.900,0.900,0.700,0.700,MediumSmooth
,4,INT_WALL,7,2,4,0.167,6.299,0.900,0.900,0.700,0.700,Smooth
,5,INT_SLAB_FLOOR,12,2,7,0.167,3.839,0.900,0.900,0.700,0.700,MediumRough
,6,INT_SLAB_CEILING,13,2,7,0.167,3.839,0.900,0.900,0.700,0.700,VeryRough
,7,NONRES_ROOF,17,3,3,0.167,0.1864,0.900,0.900,0.700,0.700,Rough
,8,NONRES_EXT_WALL_GRD,20,4,7,0.167,0.8022,0.900,0.900,0.700,0.700,Smooth
,9,NONRES_EXT_WALL_MID,21,4,7,0.167,0.7887,0.900,0.900,0.700,0.700,Smooth
,10,NONRES_EXT_WALL_TOP,22,4,7,0.167,1.032,0.900,0.900,0.700,0.700,Smooth
,11,PERIMETER_BOT_ZN_1_FLOOR_FFACTOR,39,2,7,0.167,0.2242,0.000,0.900,0.000,0.700,MediumRough
,12,PERIMETER_BOT_ZN_2_FLOOR_FFACTOR,40,2,7,0.167,0.2365,0.000,0.900,0.000,0.700,MediumRough
,13,PERIMETER_BOT_ZN_3_FLOOR_FFACTOR,41,2,7,0.167,0.2242,0.000,0.900,0.000,0.700,MediumRough
,14,PERIMETER_BOT_ZN_4_FLOOR_FFACTOR,42,2,7,0.167,0.2366,0.000,0.900,0.000,0.700,MediumRough
,15,CORE_BOT_ZN_5_FLOOR_FFACTOR,43,2,8,0.167,0.5650E-02,0.000,0.900,0.000,0.700,MediumRough


Material CTF Summary

,,Material Name,Thickness {m},Conductivity {w/m-K},Density {kg/m3},Specific Heat {J/kg-K},ThermalResistance {m2-K/w}
,1,OPAQUE DOOR PANEL_CON,0.0000,0.000,0.000,0.000,0.4760
,2,STD WOOD 6INCH,0.1500,0.120,540.000,1210.000,1.250
,3,AC02 ACOUSTIC CEILING,0.0127,0.057,288.000,1339.000,0.2228
,4,G01 13MM GYPSUM BOARD,0.0127,0.160,800.000,1090.000,0.7937E-01
,5,G01 13MM GYPSUM BOARD,0.0127,0.160,800.000,1090.000,0.7937E-01
,6,100MM NORMALWEIGHT CONCRETE FLOOR,0.1016,2.310,2322.000,832.000,0.4398E-01
,7,CP02 CARPET PAD,0.0000,0.000,0.000,0.000,0.2165
,8,CP02 CARPET PAD,0.0000,0.000,0.000,0.000,0.2165
,9,100MM NORMALWEIGHT CONCRETE FLOOR,0.1016,2.310,2322.000,832.000,0.4398E-01
,10,F13 BUILT-UP ROOFING,0.0095,0.160,1120.000,1460.000,0.5938E-01
,11,NONRES_ROOF_INSULATION,0.0000,0.000,0.000,0.000,5.307
,12,F08 METAL SURFACE,0.0008,45.280,7824.000,500.000,0.1767E-04
,13,F07 25MM STUCCO,0.0254,0.720,1856.000,840.000,0.3528E-01
,14,G01 16MM GYPSUM BOARD,0.0159,0.160,800.000,1090.000,0.9938E-01
,15,NONRES_EXTERIOR_WALL_INSULATION_GRD,0.0000,0.000,0.000,0.000,1.013
,16,G01 16MM GYPSUM BOARD,0.0159,0.160,800.000,1090.000,0.9938E-01
,17,F07 25MM STUCCO,0.0254,0.720,1856.000,840.000,0.3528E-01
,18,G01 16MM GYPSUM BOARD,0.0159,0.160,800.000,1090.000,0.9938E-01
,19,NONRES_EXTERIOR_WALL_INSULATION_MID,0.0000,0.000,0.000,0.000,1.034
,20,G01 16MM GYPSUM BOARD,0.0159,0.160,800.000,1090.000,0.9938E-01
,21,F07 25MM STUCCO,0.0254,0.720,1856.000,840.000,0.3528E-01
,22,G01 16MM GYPSUM BOARD,0.0159,0.160,800.000,1090.000,0.9938E-01
,23,NONRES_EXTERIOR_WALL_INSULATION_TOP,0.0000,0.000,0.000,0.000,0.7350
,24,G01 16MM GYPSUM BOARD,0.0159,0.160,800.000,1090.000,0.9938E-01
,25,~FC_Insulation_1,0.0000,0.000,0.000,0.000,4.383
,26,~FC_Concrete,0.1500,1.950,2240.000,900.000,0.7692E-01
,27,~FC_Insulation_2,0.0000,0.000,0.000,0.000,4.151
,28,~FC_Concrete,0.1500,1.950,2240.000,900.000,0.7692E-01
,29,~FC_Insulation_3,0.0000,0.000,0.000,0.000,4.383
,30,~FC_Concrete,0.1500,1.950,2240.000,900.000,0.7692E-01
,31,~FC_Insulation_4,0.0000,0.000,0.000,0.000,4.150
,32,~FC_Concrete,0.1500,1.950,2240.000,900.000,0.7692E-01
,33,~FC_Insulation_5,0.0000,0.000,0.000,0.000,176.9
,34,~FC_Concrete,0.1500,1.950,2240.000,900.000,0.7692E-01


CTF

,,Time,Outside,Cross,Inside,Flux (except final one)
,1,1,0.0000000,0.0000000,-0.0000000,-0.0000000
,2,0,2.1009573,2.1009573,2.1009573,
,3,9,-0.27580628E-02,0.97439125E-12,-0.27580628E-02,0.28516790E-03
,4,8,0.73590997E-01,0.21837543E-08,0.73590997E-01,-0.77836043E-02
,5,7,-0.82599318,0.23162835E-06,-0.82599318,0.89703933E-01
,6,6,5.1113916,0.48671053E-05,5.1113916,-0.57224845
,7,5,-19.214933,0.30163627E-04,-19.214933,2.2266322
,8,4,45.557404,0.63181060E-04,45.557404,-5.4853312
,9,3,-68.275533,0.44785456E-04,-68.275533,8.5710568
,10,2,62.555368,0.93952058E-05,62.555368,-8.2111738
,11,1,-31.904423,0.39200004E-06,-31.904423,4.3886678
,12,0,6.9260389,0.77047546E-09,6.9260389,
,13,3,-0.21589802E-09,0.15643069E-09,-0.21589802E-09,0.12999471E-21
,14,2,0.50772448E-02,0.30006816E-02,0.50772448E-02,-0.13693132E-08
,15,1,-2.5944910,1.4597758,-2.5944910,0.76344767E-02
,16,0,7.0433378,2.9911476,7.0433378,
,17,4,0.68458728E-09,0.26079551E-09,0.68458728E-09,-0.34507121E-18
,18,3,-0.72180374E-03,0.24295686E-03,-0.72180374E-03,0.69691454E-09
,19,2,0.83054762,0.27682775,0.83054762,-0.35168967E-03
,20,1,-12.650482,3.3590720,-12.650482,0.19281313
,21,0,16.907513,1.4507143,16.907513,
,22,7,0.43260499E-16,0.34524919E-16,0.52793240E-17,0.0000000
,23,6,0.69434179E-09,0.98085174E-11,0.18162501E-10,-0.40870994E-12
,24,5,-0.12888762E-04,0.28373718E-06,-0.16918523E-06,0.92361873E-08
,25,4,0.25174112E-01,0.33697681E-03,0.22646198E-03,-0.31467795E-04
,26,3,-3.7600775,0.27170599E-01,-0.48495626E-01,0.94171705E-02
,27,2,51.553741,0.22121684,1.2284947,-0.25833933
,28,1,-128.86110,0.21944682,-5.1479470,1.1228340
,29,0,81.526494,0.16043334E-01,4.4519351,
,30,7,0.52793240E-17,0.34524919E-16,0.43260499E-16,0.0000000
,31,6,0.18162501E-10,0.98085174E-11,0.69434179E-09,-0.40870994E-12
,32,5,-0.16918523E-06,0.28373718E-06,-0.12888762E-04,0.92361873E-08
,33,4,0.22646198E-03,0.33697681E-03,0.25174112E-01,-0.31467795E-04
,34,3,-0.48495626E-01,0.27170599E-01,-3.7600775,0.94171705E-02
,35,2,1.2284947,0.22121684,51.553741,-0.25833933
,36,1,-5.1479470,0.21944682,-128.86110,1.1228340
,37,0,4.4519351,0.16043334E-01,81.526494,
,38,3,-0.62854340E-06,0.84784826E-09,-0.38512804E-05,0.91756347E-17
,39,2,0.78257096,0.11428808E-02,1.0614277,-0.73836085E-06
,40,1,-21.991499,0.76199851E-01,-6.3161914,0.20349372
,41,0,21.357363,0.71091016E-01,5.4032014,
,42,7,-0.29755900E-12,0.81313074E-15,-0.93602003E-13,0.14510957E-15
,43,6,0.28367368E-07,0.22496401E-09,0.65009128E-08,-0.13359594E-12
,44,5,-0.18856357E-03,0.19286971E-05,-0.97009749E-04,0.64274374E-08
,45,4,0.29034011,0.94012602E-03,0.99033658E-01,-0.33316087E-04
,46,3,-7.2305496,0.29163423E-01,-2.3282961,0.28833673E-01
,47,2,40.753148,0.10379063,15.221555,-0.33202618
,48,1,-80.455373,0.46876469E-01,-29.102648,1.0766925
,49,0,46.824339,0.94379271E-03,16.292168,
,50,7,-0.29905644E-12,0.21441847E-14,-0.94350753E-13,0.15229914E-15
,51,6,0.28527035E-07,0.22156944E-09,0.65361533E-08,-0.13441220E-12
,52,5,-0.18937502E-03,0.18976302E-05,-0.97416439E-04,0.64617957E-08
,53,4,0.29129073,0.92413897E-03,0.99375489E-01,-0.33450099E-04
,54,3,-7.2493786,0.28644335E-01,-2.3338831,0.28925940E-01
,55,2,40.815249,0.10187053,15.244478,-0.33271782
,56,1,-80.502964,0.45980673E-01,-29.123201,1.0777067
,57,0,46.824339,0.92519179E-03,16.291675,
,58,7,-0.27570686E-12,0.13707328E-14,-0.80264236E-13,0.78378346E-16
,59,6,0.25615968E-07,0.28022365E-09,0.58936169E-08,-0.11887149E-12
,60,5,-0.17446821E-03,0.24481169E-05,-0.89927666E-04,0.58344893E-08
,61,4,0.27366067,0.12133616E-02,0.93044102E-01,-0.30982017E-04
,62,3,-6.8997845,0.38197916E-01,-2.2301787,0.27213971E-01
,63,2,39.661773,0.13771433,14.818013,-0.31987377
,64,1,-79.618511,0.62899977E-01,-28.740542,1.0588596
,65,0,46.824345,0.12804488E-02,16.301062,
,66,7,-0.18778705E-08,-0.48456698E-15,0.68415356E-14,-0.90766841E-16
,67,6,0.62832840E-05,0.42957215E-08,0.31879255E-02,-0.26742991E-04
,68,5,-0.45150393E-03,0.25448514E-05,-0.22361406,0.19551748E-02
,69,4,0.10383635E-01,0.11583744E-03,4.8277051,-0.45247288E-01
,70,3,-0.91177470E-01,0.92119394E-03,-38.011019,0.39853883
,71,2,0.32374524,0.15324382E-02,116.46371,-1.4176686
,72,1,-0.46727348,0.46697369E-03,-143.89540,2.0488441
,73,0,0.22781756,0.11275910E-04,60.838472,
,74,7,-0.17777358E-08,-0.41207670E-15,0.60771148E-14,-0.79247013E-16
,75,6,0.66205355E-05,0.45347915E-08,0.31869553E-02,-0.26734852E-04
,76,5,-0.47643654E-03,0.26865296E-05,-0.22355891,0.19546881E-02
,77,4,0.10961386E-01,0.12229770E-03,4.8267865,-0.45238458E-01
,78,3,-0.96263561E-01,0.97262436E-03,-38.005829,0.39848146
,79,2,0.34182167,0.16181264E-02,116.45361,-1.4175335
,80,1,-0.49337445,0.49308431E-03,-143.88945,2.0487464
,81,0,0.24054552,0.11921404E-04,60.838472,
,82,7,-0.18778705E-08,-0.48456747E-15,0.68415356E-14,-0.90766840E-16
,83,6,0.62832840E-05,0.42957215E-08,0.31879255E-02,-0.26742991E-04
,84,5,-0.45150393E-03,0.25448514E-05,-0.22361406,0.19551748E-02
,85,4,0.10383635E-01,0.11583744E-03,4.8277051,-0.45247288E-01
,86,3,-0.91177470E-01,0.92119394E-03,-38.011019,0.39853883
,87,2,0.32374524,0.15324382E-02,116.46371,-1.4176686
,88,1,-0.46727348,0.46697369E-03,-143.89540,2.0488441
,89,0,0.22781756,0.11275910E-04,60.838472,
,90,7,-0.17776120E-08,-0.41258204E-15,0.60425363E-14,-0.82023253E-16
,91,6,0.66209765E-05,0.45351028E-08,0.31869540E-02,-0.26734841E-04
,92,5,-0.47646911E-03,0.26867147E-05,-0.22355884,0.19546874E-02
,93,4,0.10962140E-01,0.12230614E-03,4.8267853,-0.45238446E-01
,94,3,-0.96270204E-01,0.97269154E-03,-38.005822,0.39848139
,95,2,0.34184528,0.16182383E-02,116.45360,-1.4175333
,96,1,-0.49340854,0.49311848E-03,-143.88944,2.0487463
,97,0,0.24056214,0.11922214E-04,60.838472,
,98,8,0.57026216E-10,-0.29656739E-13,0.26072253E-13,-0.16907584E-15
,99,7,-0.80728763E-07,0.14958947E-11,-0.10196182E-04,0.85534123E-07
,100,6,0.59163330E-05,0.23390251E-08,0.39199948E-02,-0.33137873E-04
,101,5,-0.14678961E-03,0.29443049E-06,-0.24001665,0.21083805E-02
,102,4,0.15257864E-02,0.63469284E-05,4.9653291,-0.46676227E-01
,103,3,-0.74362311E-02,0.30151767E-04,-38.474208,0.40407555
,104,2,0.17883035E-01,0.32406056E-04,117.10039,-1.4265819
,105,1,-0.20235698E-01,0.62001922E-05,-144.19380,2.0537490
,106,0,0.84795330E-02,0.69040512E-07,60.838472,


WindowConstruction

,,Construction Name,Index,#Layers,Roughness,Conductance {W/m2-K},Conductance (Before Adjusted) {W/m2-K},Convection Coefficient Adjustment Ratio,SHGC,Solar Transmittance at Normal Incidence,Visible Transmittance at Normal Incidence
,1,WINDOW_U_0.363_SHGC_EAST_0.378,35,1,VerySmooth,0.350,0.350,1.000,0.501,,
,2,WINDOW_U_0.363_SHGC_SOUTH_0.378,36,1,VerySmooth,0.350,0.350,1.000,0.501,,
,3,WINDOW_U_0.363_SHGC_WEST_0.378,37,1,VerySmooth,0.350,0.350,1.000,0.501,,
,4,WINDOW_U_0.363_SHGC_NORTH_0.378,38,1,VerySmooth,0.350,0.350,1.000,0.501,,


WindowMaterial:Glazing

,,Material Name,Optical Data Type,Spectral Data Set Name,Thickness {m},Solar Transmittance,Front Solar Reflectance,Back Solar Reflectance,Visible Transmittance,Front Visible Reflectance,Back Visible Reflectance,Infrared Transmittance,Front Thermal Emissivity,Back Thermal Emissivity,Conductivity {W/m-K},Dirt Factor,Solar Diffusing
,1,GLAZING LAYER EAST,SpectralAverage,,5.64666E-002,0.41846,0.41379,0.41379,0.41580,0.13603,0.17565,0.00000,0.84000,0.84000,2.11428E-002,1.00000,No
,2,GLAZING LAYER SOUTH,SpectralAverage,,5.64666E-002,0.41846,0.41379,0.41379,0.41580,0.13603,0.17565,0.00000,0.84000,0.84000,2.11428E-002,1.00000,No
,3,GLAZING LAYER WEST,SpectralAverage,,5.64666E-002,0.41846,0.41379,0.41379,0.41580,0.13603,0.17565,0.00000,0.84000,0.84000,2.11428E-002,1.00000,No
,4,GLAZING LAYER NORTH,SpectralAverage,,5.64666E-002,0.41846,0.41379,0.41379,0.41580,0.13603,0.17565,0.00000,0.84000,0.84000,2.11428E-002,1.00000,No


Shadowing/Sun Position Calculations Annual Simulations

,,Shading Calculation Method,Shading Calculation Update Frequency Method,Shading Calculation Update Frequency {days},Maximum Figures in Shadow Overlap Calculations {},Polygon Clipping Algorithm,Pixel Counting Resolution,Sky Diffuse Modeling Algorithm,Output External Shading Calculation Results,Disable Self-Shading Within Shading Zone Groups,Disable Self-Shading From Shading Zone Groups to Other Zones
,1,PolygonClipping,Periodic,30,15000,SutherlandHodgman,512,SimpleSkyDiffuseModeling,No,No,No


Enclosure/Window Adjacency Daylighting Counts

,,Enclosure Name,Number of Exterior Windows,Number of Exterior Windows in Adjacent Enclosures
,1,PERIMETER_TOP_ZN_3,1,0
,2,PERIMETER_TOP_ZN_2,1,0
,3,PERIMETER_TOP_ZN_1,1,0
,4,PERIMETER_TOP_ZN_4,1,0
,5,PERIMETER_BOT_ZN_3,3,0
,6,PERIMETER_BOT_ZN_2,2,0
,7,PERIMETER_BOT_ZN_1,3,0
,8,PERIMETER_BOT_ZN_4,2,0
,9,PERIMETER_MID_ZN_3,1,0
,10,PERIMETER_MID_ZN_2,1,0
,11,PERIMETER_MID_ZN_1,1,0
,12,PERIMETER_MID_ZN_4,1,0


Enclosure/Window Adjacency Daylighting Matrix

,,Enclosure Name,Number of Adjacent Enclosures with Windows,Adjacent Enclosure Names - 1st 100 (max)
,1,PERIMETER_TOP_ZN_3,0,
,2,PERIMETER_TOP_ZN_2,0,
,3,PERIMETER_TOP_ZN_1,0,
,4,PERIMETER_TOP_ZN_4,0,
,5,PERIMETER_BOT_ZN_3,0,
,6,PERIMETER_BOT_ZN_2,0,
,7,PERIMETER_BOT_ZN_1,0,
,8,PERIMETER_BOT_ZN_4,0,
,9,PERIMETER_MID_ZN_3,0,
,10,PERIMETER_MID_ZN_2,0,
,11,PERIMETER_MID_ZN_1,0,
,12,PERIMETER_MID_ZN_4,0,


Water Heater Information

,,Type,Name,Volume {m3},Maximum Capacity {W},Standard Rated Recovery Efficiency,Standard Rated Energy Factor
,1,WaterHeater:Mixed,SWHSYS1 WATER HEATER,0.3785,29307.1,0.980,0.1802


Surface Convection Parameters

,,Surface Name,Outside Model Assignment,Outside Area [m2],Outside Perimeter [m],Outside Height [m],Inside Model Assignment,Inside Height [m],Inside Perimeter Envelope [m],Inside Hydraulic Diameter [m],Window Wall Ratio,Window Location,Near Radiant {Yes/No},Has Active HVAC {Yes/No}
,1,CORE_BOT_ZN_5_WALL_SOUTH,0,0.00,0.00,0.00,0,2.74,0.00,30.31,-999.00,0,No,No
,2,CORE_BOT_ZN_5_WALL_EAST,0,0.00,0.00,0.00,0,2.74,0.00,30.31,-999.00,0,No,No
,3,CORE_BOT_ZN_5_WALL_NORTH,0,0.00,0.00,0.00,0,2.74,0.00,30.31,-999.00,0,No,No
,4,CORE_BOT_ZN_5_WALL_WEST,0,0.00,0.00,0.00,0,2.74,0.00,30.31,-999.00,0,No,No
,5,CORE_BOT_ZN_5_FLOOR,0,0.00,0.00,0.00,0,2.74,0.00,30.31,-999.00,0,No,No
,6,CORE_BOT_ZN_5_CEILING,0,0.00,0.00,0.00,0,2.74,0.00,30.31,-999.00,0,No,No
,7,CORE_BOTTOM_INTERNALMASS_1,0,0.00,0.00,0.00,0,2.74,0.00,30.31,-999.00,0,No,No
,8,PERIMETER_TOP_PLENUM_WALL_NORTH,0,593.30,143.75,11.89,0,1.22,166.37,39.93,0.00,0,No,No
,9,PERIMETER_TOP_PLENUM_WALL_EAST,0,395.53,143.75,11.89,0,1.22,166.37,39.93,0.00,0,No,No
,10,PERIMETER_TOP_PLENUM_WALL_SOUTH,0,593.30,123.60,11.89,0,1.22,166.37,39.93,0.00,0,No,No
,11,PERIMETER_TOP_PLENUM_WALL_WEST,0,395.53,90.32,11.89,0,1.22,166.37,39.93,0.00,0,No,No
,12,iz-PERIMETER_TOP_ZN_1_CEILING,0,0.00,0.00,0.00,0,1.22,166.37,39.93,0.00,0,No,No
,13,iz-PERIMETER_TOP_ZN_2_CEILING,0,0.00,0.00,0.00,0,1.22,166.37,39.93,0.00,0,No,No
,14,iz-PERIMETER_TOP_ZN_3_CEILING,0,0.00,0.00,0.00,0,1.22,166.37,39.93,0.00,0,No,No
,15,iz-PERIMETER_TOP_ZN_4_CEILING,0,0.00,0.00,0.00,0,1.22,166.37,39.93,0.00,0,No,No
,16,iz-CORE_TOP_ZN_5_CEILING,0,0.00,0.00,0.00,0,1.22,166.37,39.93,0.00,0,No,No
,17,BUILDING_ROOF,0,1660.73,183.01,0.00,0,1.22,166.37,39.93,0.00,0,No,No
,18,PERIMETER_MID_PLENUM_WALL_NORTH,0,593.30,143.75,11.89,0,1.22,166.37,39.93,0.00,0,No,No
,19,PERIMETER_MID_PLENUM_WALL_EAST,0,395.53,143.75,11.89,0,1.22,166.37,39.93,0.00,0,No,No
,20,PERIMETER_MID_PLENUM_WALL_SOUTH,0,593.30,123.60,11.89,0,1.22,166.37,39.93,0.00,0,No,No
,21,PERIMETER_MID_PLENUM_WALL_WEST,0,395.53,90.32,11.89,0,1.22,166.37,39.93,0.00,0,No,No
,22,iz-PERIMETER_MID_ZN_1_CEILING,0,0.00,0.00,0.00,0,1.22,166.37,39.93,0.00,0,No,No
,23,iz-PERIMETER_MID_ZN_2_CEILING,0,0.00,0.00,0.00,0,1.22,166.37,39.93,0.00,0,No,No
,24,iz-PERIMETER_MID_ZN_3_CEILING,0,0.00,0.00,0.00,0,1.22,166.37,39.93,0.00,0,No,No
,25,iz-PERIMETER_MID_ZN_4_CEILING,0,0.00,0.00,0.00,0,1.22,166.37,39.93,0.00,0,No,No
,26,iz-CORE_MID_ZN_5_CEILING,0,0.00,0.00,0.00,0,1.22,166.37,39.93,0.00,0,No,No
,27,iz-PERIMETER_TOP_ZN_1_FLOOR,0,0.00,0.00,0.00,0,1.22,166.37,39.93,0.00,0,No,No
,28,iz-PERIMETER_TOP_ZN_2_FLOOR,0,0.00,0.00,0.00,0,1.22,166.37,39.93,0.00,0,No,No
,29,iz-PERIMETER_TOP_ZN_3_FLOOR,0,0.00,0.00,0.00,0,1.22,166.37,39.93,0.00,0,No,No
,30,iz-PERIMETER_TOP_ZN_4_FLOOR,0,0.00,0.00,0.00,0,1.22,166.37,39.93,0.00,0,No,No
,31,iz-CORE_TOP_ZN_5_FLOOR,0,0.00,0.00,0.00,0,1.22,166.37,39.93,0.00,0,No,No
,32,PERIMETER_BOT_PLENUM_WALL_NORTH,0,593.30,143.75,11.89,0,1.22,166.37,39.93,0.00,0,No,No
,33,PERIMETER_BOT_PLENUM_WALL_EAST,0,395.53,143.75,11.89,0,1.22,166.37,39.93,0.00,0,No,No
,34,PERIMETER_BOT_PLENUM_WALL_SOUTH,0,593.30,123.60,11.89,0,1.22,166.37,39.93,0.00,0,No,No
,35,PERIMETER_BOT_PLENUM_WALL_WEST,0,395.53,90.32,11.89,0,1.22,166.37,39.93,0.00,0,No,No
,36,iz-PERIMETER_BOT_ZN_1_CEILING,0,0.00,0.00,0.00,0,1.22,166.37,39.93,0.00,0,No,No
,37,iz-PERIMETER_BOT_ZN_2_CEILING,0,0.00,0.00,0.00,0,1.22,166.37,39.93,0.00,0,No,No
,38,iz-PERIMETER_BOT_ZN_3_CEILING,0,0.00,0.00,0.00,0,1.22,166.37,39.93,0.00,0,No,No
,39,iz-PERIMETER_BOT_ZN_4_CEILING,0,0.00,0.00,0.00,0,1.22,166.37,39.93,0.00,0,No,No
,40,iz-CORE_BOT_ZN_5_CEILING,0,0.00,0.00,0.00,0,1.22,166.37,39.93,0.00,0,No,No
,41,iz-PERIMETER_MID_ZN_1_FLOOR,0,0.00,0.00,0.00,0,1.22,166.37,39.93,0.00,0,No,No
,42,iz-PERIMETER_MID_ZN_2_FLOOR,0,0.00,0.00,0.00,0,1.22,166.37,39.93,0.00,0,No,No
,43,iz-PERIMETER_MID_ZN_3_FLOOR,0,0.00,0.00,0.00,0,1.22,166.37,39.93,0.00,0,No,No
,44,iz-PERIMETER_MID_ZN_4_FLOOR,0,0.00,0.00,0.00,0,1.22,166.37,39.93,0.00,0,No,No
,45,iz-CORE_MID_ZN_5_FLOOR,0,0.00,0.00,0.00,0,1.22,166.37,39.93,0.00,0,No,No
,46,CORE_MID_ZN_5_WALL_NORTH,0,0.00,0.00,0.00,0,2.74,0.00,30.31,-999.00,0,No,No
,47,CORE_MID_ZN_5_WALL_EAST,0,0.00,0.00,0.00,0,2.74,0.00,30.31,-999.00,0,No,No
,48,CORE_MID_ZN_5_WALL_SOUTH,0,0.00,0.00,0.00,0,2.74,0.00,30.31,-999.00,0,No,No
,49,CORE_MID_ZN_5_WALL_WEST,0,0.00,0.00,0.00,0,2.74,0.00,30.31,-999.00,0,No,No
,50,CORE_MID_ZN_5_FLOOR,0,0.00,0.00,0.00,0,2.74,0.00,30.31,-999.00,0,No,No
,51,CORE_MID_ZN_5_CEILING,0,0.00,0.00,0.00,0,2.74,0.00,30.31,-999.00,0,No,No
,52,CORE_MID_INTERNALMASS_1,0,0.00,0.00,0.00,0,2.74,0.00,30.31,-999.00,0,No,No
,53,CORE_TOP_ZN_5_WALL_NORTH,0,0.00,0.00,0.00,0,2.74,0.00,30.31,-999.00,0,No,No
,54,CORE_TOP_ZN_5_WALL_EAST,0,0.00,0.00,0.00,0,2.74,0.00,30.31,-999.00,0,No,No
,55,CORE_TOP_ZN_5_WALL_SOUTH,0,0.00,0.00,0.00,0,2.74,0.00,30.31,-999.00,0,No,No
,56,CORE_TOP_ZN_5_WALL_WEST,0,0.00,0.00,0.00,0,2.74,0.00,30.31,-999.00,0,No,No
,57,CORE_TOP_ZN_5_FLOOR,0,0.00,0.00,0.00,0,2.74,0.00,30.31,-999.00,0,No,No
,58,CORE_TOP_ZN_5_CEILING,0,0.00,0.00,0.00,0,2.74,0.00,30.31,-999.00,0,No,No
,59,CORE_TOP_INTERNALMASS_1,0,0.00,0.00,0.00,0,2.74,0.00,30.31,-999.00,0,No,No
,60,PERIMETER_TOP_ZN_3_WALL_NORTH,0,593.30,143.75,11.89,0,2.74,49.91,7.61,0.48,3,No,No
,61,PERIMETER_TOP_ZN_3_WALL_NORTH_WINDOW,0,593.30,143.75,11.89,0,2.74,49.91,7.61,0.48,2,No,No
,62,PERIMETER_TOP_ZN_3_WALL_WEST,0,0.00,0.00,0.00,0,2.74,49.91,7.61,0.48,0,No,No
,63,iz-PERIMETER_TOP_ZN_2_WALL_NORTH,0,0.00,0.00,0.00,0,2.74,49.91,7.61,0.48,0,No,No
,64,iz-CORE_TOP_ZN_5_WALL_NORTH,0,0.00,0.00,0.00,0,2.74,49.91,7.61,0.48,0,No,No
,65,PERIMETER_TOP_ZN_3_FLOOR,0,0.00,0.00,0.00,0,2.74,49.91,7.61,0.48,0,No,No
,66,PERIMETER_TOP_ZN_3_CEILING,0,0.00,0.00,0.00,0,2.74,49.91,7.61,0.48,0,No,No
,67,PERIMETER_TOP_ZN_3_INTERNALMASS_1,0,0.00,0.00,0.00,0,2.74,49.91,7.61,0.48,0,No,No
,68,PERIMETER_TOP_ZN_2_WALL_EAST,0,395.53,143.75,11.89,0,2.74,33.27,6.94,0.48,3,No,No
,69,PERIMETER_TOP_ZN_2_WALL_EAST_WINDOW,0,395.53,143.75,11.89,0,2.74,33.27,6.94,0.48,2,No,No
,70,PERIMETER_TOP_ZN_2_WALL_NORTH,0,0.00,0.00,0.00,0,2.74,33.27,6.94,0.48,0,No,No
,71,iz-PERIMETER_TOP_ZN_1_WALL_EAST,0,0.00,0.00,0.00,0,2.74,33.27,6.94,0.48,0,No,No
,72,iz-CORE_TOP_ZN_5_WALL_EAST,0,0.00,0.00,0.00,0,2.74,33.27,6.94,0.48,0,No,No
,73,PERIMETER_TOP_ZN_2_FLOOR,0,0.00,0.00,0.00,0,2.74,33.27,6.94,0.48,0,No,No
,74,PERIMETER_TOP_ZN_2_CEILING,0,0.00,0.00,0.00,0,2.74,33.27,6.94,0.48,0,No,No
,75,PERIMETER_TOP_ZN_2_INTERNALMASS_1,0,0.00,0.00,0.00,0,2.74,33.27,6.94,0.48,0,No,No
,76,PERIMETER_TOP_ZN_1_WALL_SOUTH,0,593.30,123.60,11.89,0,2.74,49.91,7.61,0.48,3,No,No
,77,PERIMETER_TOP_ZN_1_WALL_SOUTH_WINDOW,0,593.30,123.60,11.89,0,2.74,49.91,7.61,0.48,2,No,No
,78,PERIMETER_TOP_ZN_1_WALL_EAST,0,0.00,0.00,0.00,0,2.74,49.91,7.61,0.48,0,No,No
,79,iz-PERIMETER_TOP_ZN_4_WALL_SOUTH,0,0.00,0.00,0.00,0,2.74,49.91,7.61,0.48,0,No,No
,80,iz-CORE_TOP_ZN_5_WALL_SOUTH,0,0.00,0.00,0.00,0,2.74,49.91,7.61,0.48,0,No,No
,81,PERIMETER_TOP_ZN_1_FLOOR,0,0.00,0.00,0.00,0,2.74,49.91,7.61,0.48,0,No,No
,82,PERIMETER_TOP_ZN_1_CEILING,0,0.00,0.00,0.00,0,2.74,49.91,7.61,0.48,0,No,No
,83,PERIMETER_TOP_ZN_1_INTERNALMASS_1,0,0.00,0.00,0.00,0,2.74,49.91,7.61,0.48,0,No,No
,84,PERIMETER_TOP_ZN_4_WALL_WEST,0,395.53,90.32,11.89,0,2.74,33.27,6.94,0.48,3,No,No
,85,PERIMETER_TOP_ZN_4_WALL_WEST_WINDOW,0,395.53,90.32,11.89,0,2.74,33.27,6.94,0.48,2,No,No
,86,PERIMETER_TOP_ZN_4_WALL_SOUTH,0,0.00,0.00,0.00,0,2.74,33.27,6.94,0.48,0,No,No
,87,iz-PERIMETER_TOP_ZN_3_WALL_WEST,0,0.00,0.00,0.00,0,2.74,33.27,6.94,0.48,0,No,No
,88,iz-CORE_TOP_ZN_5_WALL_WEST,0,0.00,0.00,0.00,0,2.74,33.27,6.94,0.48,0,No,No
,89,PERIMETER_TOP_ZN_4_FLOOR,0,0.00,0.00,0.00,0,2.74,33.27,6.94,0.48,0,No,No
,90,PERIMETER_TOP_ZN_4_CEILING,0,0.00,0.00,0.00,0,2.74,33.27,6.94,0.48,0,No,No
,91,PERIMETER_TOP_ZN_4_INTERNALMASS_1,0,0.00,0.00,0.00,0,2.74,33.27,6.94,0.48,0,No,No
,92,PERIMETER_BOT_ZN_3_WALL_NORTH,0,593.30,143.75,11.89,0,2.74,49.91,7.61,0.48,3,No,No
,93,PERIMETER_BOT_ZN_3_WALL_NORTH_WINDOW1,0,593.30,143.75,11.89,0,2.74,49.91,7.61,0.48,2,No,No
,94,PERIMETER_BOT_ZN_3_WALL_NORTH_WINDOW2,0,593.30,143.75,11.89,0,2.74,49.91,7.61,0.48,2,No,No
,95,PERIMETER_BOT_ZN_3_WALL_NORTH_WINDOW3,0,593.30,143.75,11.89,0,2.74,49.91,7.61,0.48,2,No,No
,96,PERIMETER_BOT_ZN_3_WALL_NORTH_DOOR1,0,593.30,143.75,11.89,0,2.74,49.91,7.61,0.48,0,No,No
,97,PERIMETER_BOT_ZN_3_WALL_NORTH_DOOR2,0,593.30,143.75,11.89,0,2.74,49.91,7.61,0.48,0,No,No
,98,PERIMETER_BOT_ZN_3_WALL_WEST,0,0.00,0.00,0.00,0,2.74,49.91,7.61,0.48,0,No,No
,99,iz-PERIMETER_BOT_ZN_2_WALL_NORTH,0,0.00,0.00,0.00,0,2.74,49.91,7.61,0.48,0,No,No
,100,iz-CORE_BOT_ZN_5_WALL_NORTH,0,0.00,0.00,0.00,0,2.74,49.91,7.61,0.48,0,No,No
,101,PERIMETER_BOT_ZN_3_FLOOR,0,0.00,0.00,0.00,0,2.74,49.91,7.61,0.48,0,No,No
,102,PERIMETER_BOT_ZN_3_CEILING,0,0.00,0.00,0.00,0,2.74,49.91,7.61,0.48,0,No,No
,103,PERIMETER_BOT_ZN_3_INTERNALMASS_1,0,0.00,0.00,0.00,0,2.74,49.91,7.61,0.48,0,No,No
,104,PERIMETER_BOT_ZN_2_WALL_EAST,0,395.53,143.75,11.89,0,2.74,33.27,6.94,0.48,3,No,No
,105,PERIMETER_BOT_ZN_2_WALL_EAST_WINDOW1,0,395.53,143.75,11.89,0,2.74,33.27,6.94,0.48,2,No,No
,106,PERIMETER_BOT_ZN_2_WALL_EAST_WINDOW2,0,395.53,143.75,11.89,0,2.74,33.27,6.94,0.48,2,No,No
,107,PERIMETER_BOT_ZN_2_WALL_EAST_DOOR,0,395.53,143.75,11.89,0,2.74,33.27,6.94,0.48,0,No,No
,108,PERIMETER_BOT_ZN_2_WALL_NORTH,0,0.00,0.00,0.00,0,2.74,33.27,6.94,0.48,0,No,No
,109,iz-PERIMETER_BOT_ZN_1_WALL_EAST,0,0.00,0.00,0.00,0,2.74,33.27,6.94,0.48,0,No,No
,110,iz-CORE_BOT_ZN_5_WALL_EAST,0,0.00,0.00,0.00,0,2.74,33.27,6.94,0.48,0,No,No
,111,PERIMETER_BOT_ZN_2_FLOOR,0,0.00,0.00,0.00,0,2.74,33.27,6.94,0.48,0,No,No
,112,PERIMETER_BOT_ZN_2_CEILING,0,0.00,0.00,0.00,0,2.74,33.27,6.94,0.48,0,No,No
,113,PERIMETER_BOT_ZN_2_INTERNALMASS_1,0,0.00,0.00,0.00,0,2.74,33.27,6.94,0.48,0,No,No
,114,PERIMETER_BOT_ZN_1_WALL_SOUTH,0,593.30,123.60,11.89,0,2.74,49.91,7.61,0.48,3,No,No
,115,PERIMETER_BOT_ZN_1_WALL_SOUTH_WINDOW1,0,593.30,123.60,11.89,0,2.74,49.91,7.61,0.48,2,No,No
,116,PERIMETER_BOT_ZN_1_WALL_SOUTH_WINDOW2,0,593.30,123.60,11.89,0,2.74,49.91,7.61,0.48,2,No,No
,117,PERIMETER_BOT_ZN_1_WALL_SOUTH_WINDOW3,0,593.30,123.60,11.89,0,2.74,49.91,7.61,0.48,2,No,No
,118,PERIMETER_BOT_ZN_1_WALL_SOUTH_DOOR1,0,593.30,123.60,11.89,0,2.74,49.91,7.61,0.48,0,No,No
,119,PERIMETER_BOT_ZN_1_WALL_SOUTH_DOOR2,0,593.30,123.60,11.89,0,2.74,49.91,7.61,0.48,0,No,No
,120,PERIMETER_BOT_ZN_1_WALL_EAST,0,0.00,0.00,0.00,0,2.74,49.91,7.61,0.48,0,No,No
,121,iz-PERIMETER_BOT_ZN_4_WALL_SOUTH,0,0.00,0.00,0.00,0,2.74,49.91,7.61,0.48,0,No,No
,122,iz-CORE_BOT_ZN_5_WALL_SOUTH,0,0.00,0.00,0.00,0,2.74,49.91,7.61,0.48,0,No,No
,123,PERIMETER_BOT_ZN_1_FLOOR,0,0.00,0.00,0.00,0,2.74,49.91,7.61,0.48,0,No,No
,124,PERIMETER_BOT_ZN_1_CEILING,0,0.00,0.00,0.00,0,2.74,49.91,7.61,0.48,0,No,No
,125,PERIMETER_BOT_ZN_1_INTERNALMASS_1,0,0.00,0.00,0.00,0,2.74,49.91,7.61,0.48,0,No,No
,126,PERIMETER_BOT_ZN_4_WALL_WEST,0,395.53,90.32,11.89,0,2.74,33.27,6.94,0.48,3,No,No
,127,PERIMETER_BOT_ZN_4_WALL_WEST_WINDOW1,0,395.53,90.32,11.89,0,2.74,33.27,6.94,0.48,2,No,No
,128,PERIMETER_BOT_ZN_4_WALL_WEST_WINDOW2,0,395.53,90.32,11.89,0,2.74,33.27,6.94,0.48,2,No,No
,129,PERIMETER_BOT_ZN_4_WALL_WEST_DOOR,0,395.53,90.32,11.89,0,2.74,33.27,6.94,0.48,0,No,No
,130,PERIMETER_BOT_ZN_4_WALL_SOUTH,0,0.00,0.00,0.00,0,2.74,33.27,6.94,0.48,0,No,No
,131,iz-PERIMETER_BOT_ZN_3_WALL_WEST,0,0.00,0.00,0.00,0,2.74,33.27,6.94,0.48,0,No,No
,132,iz-CORE_BOT_ZN_5_WALL_WEST,0,0.00,0.00,0.00,0,2.74,33.27,6.94,0.48,0,No,No
,133,PERIMETER_BOT_ZN_4_FLOOR,0,0.00,0.00,0.00,0,2.74,33.27,6.94,0.48,0,No,No
,134,PERIMETER_BOT_ZN_4_CEILING,0,0.00,0.00,0.00,0,2.74,33.27,6.94,0.48,0,No,No
,135,PERIMETER_BOT_ZN_4_INTERNALMASS_1,0,0.00,0.00,0.00,0,2.74,33.27,6.94,0.48,0,No,No
,136,PERIMETER_MID_ZN_3_WALL_NORTH,0,593.30,143.75,11.89,0,2.74,49.91,7.61,0.48,3,No,No
,137,PERIMETER_MID_ZN_3_WALL_NORTH_WINDOW,0,593.30,143.75,11.89,0,2.74,49.91,7.61,0.48,2,No,No
,138,PERIMETER_MID_ZN_3_WALL_WEST,0,0.00,0.00,0.00,0,2.74,49.91,7.61,0.48,0,No,No
,139,iz-PERIMETER_MID_ZN_2_WALL_NORTH,0,0.00,0.00,0.00,0,2.74,49.91,7.61,0.48,0,No,No
,140,iz-CORE_MID_ZN_5_WALL_NORTH,0,0.00,0.00,0.00,0,2.74,49.91,7.61,0.48,0,No,No
,141,PERIMETER_MID_ZN_3_FLOOR,0,0.00,0.00,0.00,0,2.74,49.91,7.61,0.48,0,No,No
,142,PERIMETER_MID_ZN_3_CEILING,0,0.00,0.00,0.00,0,2.74,49.91,7.61,0.48,0,No,No
,143,PERIMETER_MID_ZN_3_INTERNALMASS_1,0,0.00,0.00,0.00,0,2.74,49.91,7.61,0.48,0,No,No
,144,PERIMETER_MID_ZN_2_WALL_EAST,0,395.53,143.75,11.89,0,2.74,33.27,6.94,0.48,3,No,No
,145,PERIMETER_MID_ZN_2_WALL_EAST_WINDOW,0,395.53,143.75,11.89,0,2.74,33.27,6.94,0.48,2,No,No
,146,PERIMETER_MID_ZN_2_WALL_NORTH,0,0.00,0.00,0.00,0,2.74,33.27,6.94,0.48,0,No,No
,147,iz-PERIMETER_MID_ZN_1_WALL_EAST,0,0.00,0.00,0.00,0,2.74,33.27,6.94,0.48,0,No,No
,148,iz-CORE_MID_ZN_5_WALL_EAST,0,0.00,0.00,0.00,0,2.74,33.27,6.94,0.48,0,No,No
,149,PERIMETER_MID_ZN_2_FLOOR,0,0.00,0.00,0.00,0,2.74,33.27,6.94,0.48,0,No,No
,150,PERIMETER_MID_ZN_2_CEILING,0,0.00,0.00,0.00,0,2.74,33.27,6.94,0.48,0,No,No
,151,PERIMETER_MID_ZN_2_INTERNALMASS_1,0,0.00,0.00,0.00,0,2.74,33.27,6.94,0.48,0,No,No
,152,PERIMETER_MID_ZN_1_WALL_SOUTH,0,593.30,123.60,11.89,0,2.74,49.91,7.61,0.48,3,No,No
,153,PERIMETER_MID_ZN_1_WALL_SOUTH_WINDOW,0,593.30,123.60,11.89,0,2.74,49.91,7.61,0.48,2,No,No
,154,PERIMETER_MID_ZN_1_WALL_EAST,0,0.00,0.00,0.00,0,2.74,49.91,7.61,0.48,0,No,No
,155,iz-PERIMETER_MID_ZN_4_WALL_SOUTH,0,0.00,0.00,0.00,0,2.74,49.91,7.61,0.48,0,No,No
,156,iz-CORE_MID_ZN_5_WALL_SOUTH,0,0.00,0.00,0.00,0,2.74,49.91,7.61,0.48,0,No,No
,157,PERIMETER_MID_ZN_1_FLOOR,0,0.00,0.00,0.00,0,2.74,49.91,7.61,0.48,0,No,No
,158,PERIMETER_MID_ZN_1_CEILING,0,0.00,0.00,0.00,0,2.74,49.91,7.61,0.48,0,No,No
,159,PERIMETER_MID_ZN_1_INTERNALMASS_1,0,0.00,0.00,0.00,0,2.74,49.91,7.61,0.48,0,No,No
,160,PERIMETER_MID_ZN_4_WALL_WEST,0,395.53,90.32,11.89,0,2.74,33.27,6.94,0.48,3,No,No
,161,PERIMETER_MID_ZN_4_WALL_WEST_WINDOW,0,395.53,90.32,11.89,0,2.74,33.27,6.94,0.48,2,No,No
,162,PERIMETER_MID_ZN_4_WALL_SOUTH,0,0.00,0.00,0.00,0,2.74,33.27,6.94,0.48,0,No,No
,163,iz-PERIMETER_MID_ZN_3_WALL_WEST,0,0.00,0.00,0.00,0,2.74,33.27,6.94,0.48,0,No,No
,164,iz-CORE_MID_ZN_5_WALL_WEST,0,0.00,0.00,0.00,0,2.74,33.27,6.94,0.48,0,No,No
,165,PERIMETER_MID_ZN_4_FLOOR,0,0.00,0.00,0.00,0,2.74,33.27,6.94,0.48,0,No,No
,166,PERIMETER_MID_ZN_4_CEILING,0,0.00,0.00,0.00,0,2.74,33.27,6.94,0.48,0,No,No
,167,PERIMETER_MID_ZN_4_INTERNALMASS_1,0,0.00,0.00,0.00,0,2.74,33.27,6.94,0.48,0,No,No


ZoneInfiltration Airflow Stats Nominal

,,Name,Schedule Name,Zone Name,Zone Floor Area {m2},# Zone Occupants,Design Volume Flow Rate {m3/s},Volume Flow Rate/Floor Area {m3/s-m2},Volume Flow Rate/Exterior Surface Area {m3/s-m2},ACH - Air Changes per Hour,Equation A - Constant Term Coefficient {},Equation B - Temperature Term Coefficient {1/C},Equation C - Velocity Term Coefficient {s/m},Equation D - Velocity Squared Term Coefficient {s2/m2}
,1,PERIMETER_TOP_ZN_3_INFILTRATION,INFIL_SCH_PNNL,PERIMETER_TOP_ZN_3,207.34,10.4,7.798E-002,3.761E-004,5.696E-004,0.494,0.000,0.000,0.224,0.000
,2,PERIMETER_TOP_ZN_2_INFILTRATION,INFIL_SCH_PNNL,PERIMETER_TOP_ZN_2,131.26,6.6,5.199E-002,3.961E-004,5.696E-004,0.520,0.000,0.000,0.224,0.000
,3,PERIMETER_TOP_ZN_1_INFILTRATION,INFIL_SCH_PNNL,PERIMETER_TOP_ZN_1,207.34,10.4,7.798E-002,3.761E-004,5.696E-004,0.494,0.000,0.000,0.224,0.000
,4,PERIMETER_TOP_ZN_4_INFILTRATION,INFIL_SCH_PNNL,PERIMETER_TOP_ZN_4,131.25,6.6,5.199E-002,3.961E-004,5.696E-004,0.520,0.000,0.000,0.224,0.000
,5,PERIMETER_BOT_ZN_3_INFILTRATION,INFIL_SCH_PNNL,PERIMETER_BOT_ZN_3,207.34,10.4,7.798E-002,3.761E-004,5.538E-004,0.494,0.000,0.000,0.224,0.000
,6,PERIMETER_BOT_ZN_2_INFILTRATION,INFIL_SCH_PNNL,PERIMETER_BOT_ZN_2,131.26,6.6,5.199E-002,3.961E-004,5.577E-004,0.520,0.000,0.000,0.224,0.000
,7,PERIMETER_BOT_ZN_1_INFILTRATION,INFIL_SCH_PNNL,PERIMETER_BOT_ZN_1,207.34,10.4,7.798E-002,3.761E-004,5.538E-004,0.494,0.000,0.000,0.224,0.000
,8,PERIMETER_BOT_ZN_1_DOOR_INFILTRATION,INFIL_DOOR_OPENING_SCH,PERIMETER_BOT_ZN_1,207.34,10.4,0.679,3.273E-003,4.819E-003,4.296,1.000,0.000,0.000,0.000
,9,PERIMETER_BOT_ZN_4_INFILTRATION,INFIL_SCH_PNNL,PERIMETER_BOT_ZN_4,131.25,6.6,5.199E-002,3.961E-004,5.577E-004,0.520,0.000,0.000,0.224,0.000
,10,PERIMETER_MID_ZN_3_INFILTRATION,INFIL_SCH_PNNL,PERIMETER_MID_ZN_3,207.34,10.4,7.798E-002,3.761E-004,5.696E-004,0.494,0.000,0.000,0.224,0.000
,11,PERIMETER_MID_ZN_2_INFILTRATION,INFIL_SCH_PNNL,PERIMETER_MID_ZN_2,131.26,6.6,5.199E-002,3.961E-004,5.696E-004,0.520,0.000,0.000,0.224,0.000
,12,PERIMETER_MID_ZN_1_INFILTRATION,INFIL_SCH_PNNL,PERIMETER_MID_ZN_1,207.34,10.4,7.798E-002,3.761E-004,5.696E-004,0.494,0.000,0.000,0.224,0.000
,13,PERIMETER_MID_ZN_4_INFILTRATION,INFIL_SCH_PNNL,PERIMETER_MID_ZN_4,131.25,6.6,5.199E-002,3.961E-004,5.696E-004,0.520,0.000,0.000,0.224,0.000
,14,FIRSTFLOOR_PLENUM_INFILTRATION,INFIL_SCH_PNNL,FIRSTFLOOR_PLENUM,1660.73,0.0,0.116,6.957E-005,5.696E-004,0.205,0.000,0.000,0.224,0.000
,15,MIDFLOOR_PLENUM_INFILTRATION,INFIL_SCH_PNNL,MIDFLOOR_PLENUM,1660.73,0.0,0.116,6.957E-005,5.696E-004,0.205,0.000,0.000,0.224,0.000
,16,TOPFLOOR_PLENUM_INFILTRATION,INFIL_SCH_PNNL,TOPFLOOR_PLENUM,1660.73,0.0,0.116,6.957E-005,6.199E-005,0.205,0.000,0.000,0.224,0.000


AirFlow Model

,,Simple
,1,Simple


RoomAir Model

,,Zone Name,Mixing/Mundt/UCSDDV/UCSDCV/UCSDUFI/UCSDUFE/User Defined
,1,CORE_BOTTOM,Mixing/Well-Stirred
,2,TOPFLOOR_PLENUM,Mixing/Well-Stirred
,3,MIDFLOOR_PLENUM,Mixing/Well-Stirred
,4,FIRSTFLOOR_PLENUM,Mixing/Well-Stirred
,5,CORE_MID,Mixing/Well-Stirred
,6,CORE_TOP,Mixing/Well-Stirred
,7,PERIMETER_TOP_ZN_3,Mixing/Well-Stirred
,8,PERIMETER_TOP_ZN_2,Mixing/Well-Stirred
,9,PERIMETER_TOP_ZN_1,Mixing/Well-Stirred
,10,PERIMETER_TOP_ZN_4,Mixing/Well-Stirred
,11,PERIMETER_BOT_ZN_3,Mixing/Well-Stirred
,12,PERIMETER_BOT_ZN_2,Mixing/Well-Stirred
,13,PERIMETER_BOT_ZN_1,Mixing/Well-Stirred
,14,PERIMETER_BOT_ZN_4,Mixing/Well-Stirred
,15,PERIMETER_MID_ZN_3,Mixing/Well-Stirred
,16,PERIMETER_MID_ZN_2,Mixing/Well-Stirred
,17,PERIMETER_MID_ZN_1,Mixing/Well-Stirred
,18,PERIMETER_MID_ZN_4,Mixing/Well-Stirred


AirflowNetwork Model:Control

,,No Multizone or Distribution/Multizone with Distribution/Multizone without Distribution/Multizone with Distribution only during Fan Operation
,1,NoMultizoneOrDistribution


Zone Volume Capacitance Multiplier

,,Sensible Heat Capacity Multiplier,Moisture Capacity Multiplier,Carbon Dioxide Capacity Multiplier,Generic Contaminant Capacity Multiplier
,1,1.000,1.000,1.000,1.000


Load Timesteps in Zone Design Calculation Averaging Window

,,Value
,1,6


Heating Sizing Factor Information

,,Sizing Factor ID,Value
,1,Global,1.0000


Cooling Sizing Factor Information

,,Sizing Factor ID,Value
,1,Global,1.0000


Sky Daylight Factors

,,Sky Type,MonthAndDay,Daylighting Control Name,Enclosure Name,Window Name,Reference Point,Daylight Factor
,1,Clear Sky,01/21,PERIMETER_BOT_ZN_1_DAYLCTRL,PERIMETER_BOT_ZN_1,PERIMETER_BOT_ZN_1_WALL_SOUTH_WINDOW1,PERIMETER_BOT_ZN_1_DAYLREFPT1,1.2649E-002
,2,Clear Sky,01/21,PERIMETER_BOT_ZN_1_DAYLCTRL,PERIMETER_BOT_ZN_1,PERIMETER_BOT_ZN_1_WALL_SOUTH_WINDOW1,PERIMETER_BOT_ZN_1_DAYLREFPT2,1.2723E-002
,3,Clear Turbid Sky,01/21,PERIMETER_BOT_ZN_1_DAYLCTRL,PERIMETER_BOT_ZN_1,PERIMETER_BOT_ZN_1_WALL_SOUTH_WINDOW1,PERIMETER_BOT_ZN_1_DAYLREFPT1,1.3992E-002
,4,Clear Turbid Sky,01/21,PERIMETER_BOT_ZN_1_DAYLCTRL,PERIMETER_BOT_ZN_1,PERIMETER_BOT_ZN_1_WALL_SOUTH_WINDOW1,PERIMETER_BOT_ZN_1_DAYLREFPT2,1.4055E-002
,5,Intermediate Sky,01/21,PERIMETER_BOT_ZN_1_DAYLCTRL,PERIMETER_BOT_ZN_1,PERIMETER_BOT_ZN_1_WALL_SOUTH_WINDOW1,PERIMETER_BOT_ZN_1_DAYLREFPT1,8.5905E-003
,6,Intermediate Sky,01/21,PERIMETER_BOT_ZN_1_DAYLCTRL,PERIMETER_BOT_ZN_1,PERIMETER_BOT_ZN_1_WALL_SOUTH_WINDOW1,PERIMETER_BOT_ZN_1_DAYLREFPT2,8.6418E-003
,7,Overcast Sky,01/21,PERIMETER_BOT_ZN_1_DAYLCTRL,PERIMETER_BOT_ZN_1,PERIMETER_BOT_ZN_1_WALL_SOUTH_WINDOW1,PERIMETER_BOT_ZN_1_DAYLREFPT1,4.5923E-003
,8,Overcast Sky,01/21,PERIMETER_BOT_ZN_1_DAYLCTRL,PERIMETER_BOT_ZN_1,PERIMETER_BOT_ZN_1_WALL_SOUTH_WINDOW1,PERIMETER_BOT_ZN_1_DAYLREFPT2,4.6199E-003
,9,Clear Sky,01/21,PERIMETER_BOT_ZN_1_DAYLCTRL,PERIMETER_BOT_ZN_1,PERIMETER_BOT_ZN_1_WALL_SOUTH_WINDOW2,PERIMETER_BOT_ZN_1_DAYLREFPT1,0.1748
,10,Clear Sky,01/21,PERIMETER_BOT_ZN_1_DAYLCTRL,PERIMETER_BOT_ZN_1,PERIMETER_BOT_ZN_1_WALL_SOUTH_WINDOW2,PERIMETER_BOT_ZN_1_DAYLREFPT2,9.1488E-002
,11,Clear Turbid Sky,01/21,PERIMETER_BOT_ZN_1_DAYLCTRL,PERIMETER_BOT_ZN_1,PERIMETER_BOT_ZN_1_WALL_SOUTH_WINDOW2,PERIMETER_BOT_ZN_1_DAYLREFPT1,0.1988
,12,Clear Turbid Sky,01/21,PERIMETER_BOT_ZN_1_DAYLCTRL,PERIMETER_BOT_ZN_1,PERIMETER_BOT_ZN_1_WALL_SOUTH_WINDOW2,PERIMETER_BOT_ZN_1_DAYLREFPT2,0.1037
,13,Intermediate Sky,01/21,PERIMETER_BOT_ZN_1_DAYLCTRL,PERIMETER_BOT_ZN_1,PERIMETER_BOT_ZN_1_WALL_SOUTH_WINDOW2,PERIMETER_BOT_ZN_1_DAYLREFPT1,0.1213
,14,Intermediate Sky,01/21,PERIMETER_BOT_ZN_1_DAYLCTRL,PERIMETER_BOT_ZN_1,PERIMETER_BOT_ZN_1_WALL_SOUTH_WINDOW2,PERIMETER_BOT_ZN_1_DAYLREFPT2,5.0993E-002
,15,Overcast Sky,01/21,PERIMETER_BOT_ZN_1_DAYLCTRL,PERIMETER_BOT_ZN_1,PERIMETER_BOT_ZN_1_WALL_SOUTH_WINDOW2,PERIMETER_BOT_ZN_1_DAYLREFPT1,5.0106E-002
,16,Overcast Sky,01/21,PERIMETER_BOT_ZN_1_DAYLCTRL,PERIMETER_BOT_ZN_1,PERIMETER_BOT_ZN_1_WALL_SOUTH_WINDOW2,PERIMETER_BOT_ZN_1_DAYLREFPT2,1.8619E-002
,17,Clear Sky,01/21,PERIMETER_BOT_ZN_1_DAYLCTRL,PERIMETER_BOT_ZN_1,PERIMETER_BOT_ZN_1_WALL_SOUTH_WINDOW3,PERIMETER_BOT_ZN_1_DAYLREFPT1,1.2652E-002
,18,Clear Sky,01/21,PERIMETER_BOT_ZN_1_DAYLCTRL,PERIMETER_BOT_ZN_1,PERIMETER_BOT_ZN_1_WALL_SOUTH_WINDOW3,PERIMETER_BOT_ZN_1_DAYLREFPT2,1.2739E-002
,19,Clear Turbid Sky,01/21,PERIMETER_BOT_ZN_1_DAYLCTRL,PERIMETER_BOT_ZN_1,PERIMETER_BOT_ZN_1_WALL_SOUTH_WINDOW3,PERIMETER_BOT_ZN_1_DAYLREFPT1,1.3995E-002
,20,Clear Turbid Sky,01/21,PERIMETER_BOT_ZN_1_DAYLCTRL,PERIMETER_BOT_ZN_1,PERIMETER_BOT_ZN_1_WALL_SOUTH_WINDOW3,PERIMETER_BOT_ZN_1_DAYLREFPT2,1.4073E-002
,21,Intermediate Sky,01/21,PERIMETER_BOT_ZN_1_DAYLCTRL,PERIMETER_BOT_ZN_1,PERIMETER_BOT_ZN_1_WALL_SOUTH_WINDOW3,PERIMETER_BOT_ZN_1_DAYLREFPT1,8.5931E-003
,22,Intermediate Sky,01/21,PERIMETER_BOT_ZN_1_DAYLCTRL,PERIMETER_BOT_ZN_1,PERIMETER_BOT_ZN_1_WALL_SOUTH_WINDOW3,PERIMETER_BOT_ZN_1_DAYLREFPT2,8.6532E-003
,23,Overcast Sky,01/21,PERIMETER_BOT_ZN_1_DAYLCTRL,PERIMETER_BOT_ZN_1,PERIMETER_BOT_ZN_1_WALL_SOUTH_WINDOW3,PERIMETER_BOT_ZN_1_DAYLREFPT1,4.5920E-003
,24,Overcast Sky,01/21,PERIMETER_BOT_ZN_1_DAYLCTRL,PERIMETER_BOT_ZN_1,PERIMETER_BOT_ZN_1_WALL_SOUTH_WINDOW3,PERIMETER_BOT_ZN_1_DAYLREFPT2,4.6196E-003
,25,Clear Sky,01/21,PERIMETER_BOT_ZN_2_DAYLCTRL,PERIMETER_BOT_ZN_2,PERIMETER_BOT_ZN_2_WALL_EAST_WINDOW1,PERIMETER_BOT_ZN_2_DAYLREFPT1,8.2508E-002
,26,Clear Sky,01/21,PERIMETER_BOT_ZN_2_DAYLCTRL,PERIMETER_BOT_ZN_2,PERIMETER_BOT_ZN_2_WALL_EAST_WINDOW1,PERIMETER_BOT_ZN_2_DAYLREFPT2,4.7298E-002
,27,Clear Turbid Sky,01/21,PERIMETER_BOT_ZN_2_DAYLCTRL,PERIMETER_BOT_ZN_2,PERIMETER_BOT_ZN_2_WALL_EAST_WINDOW1,PERIMETER_BOT_ZN_2_DAYLREFPT1,7.9183E-002
,28,Clear Turbid Sky,01/21,PERIMETER_BOT_ZN_2_DAYLCTRL,PERIMETER_BOT_ZN_2,PERIMETER_BOT_ZN_2_WALL_EAST_WINDOW1,PERIMETER_BOT_ZN_2_DAYLREFPT2,4.4500E-002
,29,Intermediate Sky,01/21,PERIMETER_BOT_ZN_2_DAYLCTRL,PERIMETER_BOT_ZN_2,PERIMETER_BOT_ZN_2_WALL_EAST_WINDOW1,PERIMETER_BOT_ZN_2_DAYLREFPT1,7.8361E-002
,30,Intermediate Sky,01/21,PERIMETER_BOT_ZN_2_DAYLCTRL,PERIMETER_BOT_ZN_2,PERIMETER_BOT_ZN_2_WALL_EAST_WINDOW1,PERIMETER_BOT_ZN_2_DAYLREFPT2,3.9167E-002
,31,Overcast Sky,01/21,PERIMETER_BOT_ZN_2_DAYLCTRL,PERIMETER_BOT_ZN_2,PERIMETER_BOT_ZN_2_WALL_EAST_WINDOW1,PERIMETER_BOT_ZN_2_DAYLREFPT1,5.8949E-002
,32,Overcast Sky,01/21,PERIMETER_BOT_ZN_2_DAYLCTRL,PERIMETER_BOT_ZN_2,PERIMETER_BOT_ZN_2_WALL_EAST_WINDOW1,PERIMETER_BOT_ZN_2_DAYLREFPT2,2.7670E-002
,33,Clear Sky,01/21,PERIMETER_BOT_ZN_2_DAYLCTRL,PERIMETER_BOT_ZN_2,PERIMETER_BOT_ZN_2_WALL_EAST_WINDOW2,PERIMETER_BOT_ZN_2_DAYLREFPT1,7.3737E-004
,34,Clear Sky,01/21,PERIMETER_BOT_ZN_2_DAYLCTRL,PERIMETER_BOT_ZN_2,PERIMETER_BOT_ZN_2_WALL_EAST_WINDOW2,PERIMETER_BOT_ZN_2_DAYLREFPT2,7.4049E-004
,35,Clear Turbid Sky,01/21,PERIMETER_BOT_ZN_2_DAYLCTRL,PERIMETER_BOT_ZN_2,PERIMETER_BOT_ZN_2_WALL_EAST_WINDOW2,PERIMETER_BOT_ZN_2_DAYLREFPT1,7.0882E-004
,36,Clear Turbid Sky,01/21,PERIMETER_BOT_ZN_2_DAYLCTRL,PERIMETER_BOT_ZN_2,PERIMETER_BOT_ZN_2_WALL_EAST_WINDOW2,PERIMETER_BOT_ZN_2_DAYLREFPT2,7.1108E-004
,37,Intermediate Sky,01/21,PERIMETER_BOT_ZN_2_DAYLCTRL,PERIMETER_BOT_ZN_2,PERIMETER_BOT_ZN_2_WALL_EAST_WINDOW2,PERIMETER_BOT_ZN_2_DAYLREFPT1,6.5818E-004
,38,Intermediate Sky,01/21,PERIMETER_BOT_ZN_2_DAYLCTRL,PERIMETER_BOT_ZN_2,PERIMETER_BOT_ZN_2_WALL_EAST_WINDOW2,PERIMETER_BOT_ZN_2_DAYLREFPT2,6.5898E-004
,39,Overcast Sky,01/21,PERIMETER_BOT_ZN_2_DAYLCTRL,PERIMETER_BOT_ZN_2,PERIMETER_BOT_ZN_2_WALL_EAST_WINDOW2,PERIMETER_BOT_ZN_2_DAYLREFPT1,5.3588E-004
,40,Overcast Sky,01/21,PERIMETER_BOT_ZN_2_DAYLCTRL,PERIMETER_BOT_ZN_2,PERIMETER_BOT_ZN_2_WALL_EAST_WINDOW2,PERIMETER_BOT_ZN_2_DAYLREFPT2,5.3687E-004
,41,Clear Sky,01/21,PERIMETER_BOT_ZN_3_DAYLCTRL,PERIMETER_BOT_ZN_3,PERIMETER_BOT_ZN_3_WALL_NORTH_WINDOW1,PERIMETER_BOT_ZN_3_DAYLREFPT1,4.8651E-003
,42,Clear Sky,01/21,PERIMETER_BOT_ZN_3_DAYLCTRL,PERIMETER_BOT_ZN_3,PERIMETER_BOT_ZN_3_WALL_NORTH_WINDOW1,PERIMETER_BOT_ZN_3_DAYLREFPT2,4.9311E-003
,43,Clear Turbid Sky,01/21,PERIMETER_BOT_ZN_3_DAYLCTRL,PERIMETER_BOT_ZN_3,PERIMETER_BOT_ZN_3_WALL_NORTH_WINDOW1,PERIMETER_BOT_ZN_3_DAYLREFPT1,4.0729E-003
,44,Clear Turbid Sky,01/21,PERIMETER_BOT_ZN_3_DAYLCTRL,PERIMETER_BOT_ZN_3,PERIMETER_BOT_ZN_3_WALL_NORTH_WINDOW1,PERIMETER_BOT_ZN_3_DAYLREFPT2,4.1263E-003
,45,Intermediate Sky,01/21,PERIMETER_BOT_ZN_3_DAYLCTRL,PERIMETER_BOT_ZN_3,PERIMETER_BOT_ZN_3_WALL_NORTH_WINDOW1,PERIMETER_BOT_ZN_3_DAYLREFPT1,3.5650E-003
,46,Intermediate Sky,01/21,PERIMETER_BOT_ZN_3_DAYLCTRL,PERIMETER_BOT_ZN_3,PERIMETER_BOT_ZN_3_WALL_NORTH_WINDOW1,PERIMETER_BOT_ZN_3_DAYLREFPT2,3.6047E-003
,47,Overcast Sky,01/21,PERIMETER_BOT_ZN_3_DAYLCTRL,PERIMETER_BOT_ZN_3,PERIMETER_BOT_ZN_3_WALL_NORTH_WINDOW1,PERIMETER_BOT_ZN_3_DAYLREFPT1,4.5920E-003
,48,Overcast Sky,01/21,PERIMETER_BOT_ZN_3_DAYLCTRL,PERIMETER_BOT_ZN_3,PERIMETER_BOT_ZN_3_WALL_NORTH_WINDOW1,PERIMETER_BOT_ZN_3_DAYLREFPT2,4.6196E-003
,49,Clear Sky,01/21,PERIMETER_BOT_ZN_3_DAYLCTRL,PERIMETER_BOT_ZN_3,PERIMETER_BOT_ZN_3_WALL_NORTH_WINDOW2,PERIMETER_BOT_ZN_3_DAYLREFPT1,4.6267E-002
,50,Clear Sky,01/21,PERIMETER_BOT_ZN_3_DAYLCTRL,PERIMETER_BOT_ZN_3,PERIMETER_BOT_ZN_3_WALL_NORTH_WINDOW2,PERIMETER_BOT_ZN_3_DAYLREFPT2,2.6208E-002
,51,Clear Turbid Sky,01/21,PERIMETER_BOT_ZN_3_DAYLCTRL,PERIMETER_BOT_ZN_3,PERIMETER_BOT_ZN_3_WALL_NORTH_WINDOW2,PERIMETER_BOT_ZN_3_DAYLREFPT1,3.5719E-002
,52,Clear Turbid Sky,01/21,PERIMETER_BOT_ZN_3_DAYLCTRL,PERIMETER_BOT_ZN_3,PERIMETER_BOT_ZN_3_WALL_NORTH_WINDOW2,PERIMETER_BOT_ZN_3_DAYLREFPT2,2.0018E-002
,53,Intermediate Sky,01/21,PERIMETER_BOT_ZN_3_DAYLCTRL,PERIMETER_BOT_ZN_3,PERIMETER_BOT_ZN_3_WALL_NORTH_WINDOW2,PERIMETER_BOT_ZN_3_DAYLREFPT1,3.2989E-002
,54,Intermediate Sky,01/21,PERIMETER_BOT_ZN_3_DAYLCTRL,PERIMETER_BOT_ZN_3,PERIMETER_BOT_ZN_3_WALL_NORTH_WINDOW2,PERIMETER_BOT_ZN_3_DAYLREFPT2,1.3789E-002
,55,Overcast Sky,01/21,PERIMETER_BOT_ZN_3_DAYLCTRL,PERIMETER_BOT_ZN_3,PERIMETER_BOT_ZN_3_WALL_NORTH_WINDOW2,PERIMETER_BOT_ZN_3_DAYLREFPT1,5.0106E-002
,56,Overcast Sky,01/21,PERIMETER_BOT_ZN_3_DAYLCTRL,PERIMETER_BOT_ZN_3,PERIMETER_BOT_ZN_3_WALL_NORTH_WINDOW2,PERIMETER_BOT_ZN_3_DAYLREFPT2,1.8619E-002
,57,Clear Sky,01/21,PERIMETER_BOT_ZN_3_DAYLCTRL,PERIMETER_BOT_ZN_3,PERIMETER_BOT_ZN_3_WALL_NORTH_WINDOW3,PERIMETER_BOT_ZN_3_DAYLREFPT1,4.8646E-003
,58,Clear Sky,01/21,PERIMETER_BOT_ZN_3_DAYLCTRL,PERIMETER_BOT_ZN_3,PERIMETER_BOT_ZN_3_WALL_NORTH_WINDOW3,PERIMETER_BOT_ZN_3_DAYLREFPT2,4.9316E-003
,59,Clear Turbid Sky,01/21,PERIMETER_BOT_ZN_3_DAYLCTRL,PERIMETER_BOT_ZN_3,PERIMETER_BOT_ZN_3_WALL_NORTH_WINDOW3,PERIMETER_BOT_ZN_3_DAYLREFPT1,4.0718E-003
,60,Clear Turbid Sky,01/21,PERIMETER_BOT_ZN_3_DAYLCTRL,PERIMETER_BOT_ZN_3,PERIMETER_BOT_ZN_3_WALL_NORTH_WINDOW3,PERIMETER_BOT_ZN_3_DAYLREFPT2,4.1243E-003
,61,Intermediate Sky,01/21,PERIMETER_BOT_ZN_3_DAYLCTRL,PERIMETER_BOT_ZN_3,PERIMETER_BOT_ZN_3_WALL_NORTH_WINDOW3,PERIMETER_BOT_ZN_3_DAYLREFPT1,3.5626E-003
,62,Intermediate Sky,01/21,PERIMETER_BOT_ZN_3_DAYLCTRL,PERIMETER_BOT_ZN_3,PERIMETER_BOT_ZN_3_WALL_NORTH_WINDOW3,PERIMETER_BOT_ZN_3_DAYLREFPT2,3.5966E-003
,63,Overcast Sky,01/21,PERIMETER_BOT_ZN_3_DAYLCTRL,PERIMETER_BOT_ZN_3,PERIMETER_BOT_ZN_3_WALL_NORTH_WINDOW3,PERIMETER_BOT_ZN_3_DAYLREFPT1,4.5923E-003
,64,Overcast Sky,01/21,PERIMETER_BOT_ZN_3_DAYLCTRL,PERIMETER_BOT_ZN_3,PERIMETER_BOT_ZN_3_WALL_NORTH_WINDOW3,PERIMETER_BOT_ZN_3_DAYLREFPT2,4.6199E-003
,65,Clear Sky,01/21,PERIMETER_BOT_ZN_4_DAYLCTRL,PERIMETER_BOT_ZN_4,PERIMETER_BOT_ZN_4_WALL_WEST_WINDOW1,PERIMETER_BOT_ZN_4_DAYLREFPT1,6.8832E-002
,66,Clear Sky,01/21,PERIMETER_BOT_ZN_4_DAYLCTRL,PERIMETER_BOT_ZN_4,PERIMETER_BOT_ZN_4_WALL_WEST_WINDOW1,PERIMETER_BOT_ZN_4_DAYLREFPT2,4.0707E-002
,67,Clear Turbid Sky,01/21,PERIMETER_BOT_ZN_4_DAYLCTRL,PERIMETER_BOT_ZN_4,PERIMETER_BOT_ZN_4_WALL_WEST_WINDOW1,PERIMETER_BOT_ZN_4_DAYLREFPT1,6.2001E-002
,68,Clear Turbid Sky,01/21,PERIMETER_BOT_ZN_4_DAYLCTRL,PERIMETER_BOT_ZN_4,PERIMETER_BOT_ZN_4_WALL_WEST_WINDOW1,PERIMETER_BOT_ZN_4_DAYLREFPT2,3.6186E-002
,69,Intermediate Sky,01/21,PERIMETER_BOT_ZN_4_DAYLCTRL,PERIMETER_BOT_ZN_4,PERIMETER_BOT_ZN_4_WALL_WEST_WINDOW1,PERIMETER_BOT_ZN_4_DAYLREFPT1,6.7561E-002
,70,Intermediate Sky,01/21,PERIMETER_BOT_ZN_4_DAYLCTRL,PERIMETER_BOT_ZN_4,PERIMETER_BOT_ZN_4_WALL_WEST_WINDOW1,PERIMETER_BOT_ZN_4_DAYLREFPT2,3.4126E-002
,71,Overcast Sky,01/21,PERIMETER_BOT_ZN_4_DAYLCTRL,PERIMETER_BOT_ZN_4,PERIMETER_BOT_ZN_4_WALL_WEST_WINDOW1,PERIMETER_BOT_ZN_4_DAYLREFPT1,5.8950E-002
,72,Overcast Sky,01/21,PERIMETER_BOT_ZN_4_DAYLCTRL,PERIMETER_BOT_ZN_4,PERIMETER_BOT_ZN_4_WALL_WEST_WINDOW1,PERIMETER_BOT_ZN_4_DAYLREFPT2,2.7670E-002
,73,Clear Sky,01/21,PERIMETER_BOT_ZN_4_DAYLCTRL,PERIMETER_BOT_ZN_4,PERIMETER_BOT_ZN_4_WALL_WEST_WINDOW2,PERIMETER_BOT_ZN_4_DAYLREFPT1,6.5007E-004
,74,Clear Sky,01/21,PERIMETER_BOT_ZN_4_DAYLCTRL,PERIMETER_BOT_ZN_4,PERIMETER_BOT_ZN_4_WALL_WEST_WINDOW2,PERIMETER_BOT_ZN_4_DAYLREFPT2,6.5869E-004
,75,Clear Turbid Sky,01/21,PERIMETER_BOT_ZN_4_DAYLCTRL,PERIMETER_BOT_ZN_4,PERIMETER_BOT_ZN_4_WALL_WEST_WINDOW2,PERIMETER_BOT_ZN_4_DAYLREFPT1,5.9860E-004
,76,Clear Turbid Sky,01/21,PERIMETER_BOT_ZN_4_DAYLCTRL,PERIMETER_BOT_ZN_4,PERIMETER_BOT_ZN_4_WALL_WEST_WINDOW2,PERIMETER_BOT_ZN_4_DAYLREFPT2,6.0806E-004
,77,Intermediate Sky,01/21,PERIMETER_BOT_ZN_4_DAYLCTRL,PERIMETER_BOT_ZN_4,PERIMETER_BOT_ZN_4_WALL_WEST_WINDOW2,PERIMETER_BOT_ZN_4_DAYLREFPT1,5.9220E-004
,78,Intermediate Sky,01/21,PERIMETER_BOT_ZN_4_DAYLCTRL,PERIMETER_BOT_ZN_4,PERIMETER_BOT_ZN_4_WALL_WEST_WINDOW2,PERIMETER_BOT_ZN_4_DAYLREFPT2,5.9576E-004
,79,Overcast Sky,01/21,PERIMETER_BOT_ZN_4_DAYLCTRL,PERIMETER_BOT_ZN_4,PERIMETER_BOT_ZN_4_WALL_WEST_WINDOW2,PERIMETER_BOT_ZN_4_DAYLREFPT1,5.3590E-004
,80,Overcast Sky,01/21,PERIMETER_BOT_ZN_4_DAYLCTRL,PERIMETER_BOT_ZN_4,PERIMETER_BOT_ZN_4_WALL_WEST_WINDOW2,PERIMETER_BOT_ZN_4_DAYLREFPT2,5.3689E-004
,81,Clear Sky,01/21,PERIMETER_MID_ZN_1_DAYLCTRL,PERIMETER_MID_ZN_1,PERIMETER_MID_ZN_1_WALL_SOUTH_WINDOW,PERIMETER_MID_ZN_1_DAYLREFPT1,0.1761
,82,Clear Sky,01/21,PERIMETER_MID_ZN_1_DAYLCTRL,PERIMETER_MID_ZN_1,PERIMETER_MID_ZN_1_WALL_SOUTH_WINDOW,PERIMETER_MID_ZN_1_DAYLREFPT2,0.1112
,83,Clear Turbid Sky,01/21,PERIMETER_MID_ZN_1_DAYLCTRL,PERIMETER_MID_ZN_1,PERIMETER_MID_ZN_1_WALL_SOUTH_WINDOW,PERIMETER_MID_ZN_1_DAYLREFPT1,0.1973
,84,Clear Turbid Sky,01/21,PERIMETER_MID_ZN_1_DAYLCTRL,PERIMETER_MID_ZN_1,PERIMETER_MID_ZN_1_WALL_SOUTH_WINDOW,PERIMETER_MID_ZN_1_DAYLREFPT2,0.1254
,85,Intermediate Sky,01/21,PERIMETER_MID_ZN_1_DAYLCTRL,PERIMETER_MID_ZN_1,PERIMETER_MID_ZN_1_WALL_SOUTH_WINDOW,PERIMETER_MID_ZN_1_DAYLREFPT1,0.1304
,86,Intermediate Sky,01/21,PERIMETER_MID_ZN_1_DAYLCTRL,PERIMETER_MID_ZN_1,PERIMETER_MID_ZN_1_WALL_SOUTH_WINDOW,PERIMETER_MID_ZN_1_DAYLREFPT2,6.4948E-002
,87,Overcast Sky,01/21,PERIMETER_MID_ZN_1_DAYLCTRL,PERIMETER_MID_ZN_1,PERIMETER_MID_ZN_1_WALL_SOUTH_WINDOW,PERIMETER_MID_ZN_1_DAYLREFPT1,5.7258E-002
,88,Overcast Sky,01/21,PERIMETER_MID_ZN_1_DAYLCTRL,PERIMETER_MID_ZN_1,PERIMETER_MID_ZN_1_WALL_SOUTH_WINDOW,PERIMETER_MID_ZN_1_DAYLREFPT2,2.6594E-002
,89,Clear Sky,01/21,PERIMETER_MID_ZN_2_DAYLCTRL,PERIMETER_MID_ZN_2,PERIMETER_MID_ZN_2_WALL_EAST_WINDOW,PERIMETER_MID_ZN_2_DAYLREFPT1,7.9814E-002
,90,Clear Sky,01/21,PERIMETER_MID_ZN_2_DAYLCTRL,PERIMETER_MID_ZN_2,PERIMETER_MID_ZN_2_WALL_EAST_WINDOW,PERIMETER_MID_ZN_2_DAYLREFPT2,4.5737E-002
,91,Clear Turbid Sky,01/21,PERIMETER_MID_ZN_2_DAYLCTRL,PERIMETER_MID_ZN_2,PERIMETER_MID_ZN_2_WALL_EAST_WINDOW,PERIMETER_MID_ZN_2_DAYLREFPT1,7.6720E-002
,92,Clear Turbid Sky,01/21,PERIMETER_MID_ZN_2_DAYLCTRL,PERIMETER_MID_ZN_2,PERIMETER_MID_ZN_2_WALL_EAST_WINDOW,PERIMETER_MID_ZN_2_DAYLREFPT2,4.3067E-002
,93,Intermediate Sky,01/21,PERIMETER_MID_ZN_2_DAYLCTRL,PERIMETER_MID_ZN_2,PERIMETER_MID_ZN_2_WALL_EAST_WINDOW,PERIMETER_MID_ZN_2_DAYLREFPT1,7.6510E-002
,94,Intermediate Sky,01/21,PERIMETER_MID_ZN_2_DAYLCTRL,PERIMETER_MID_ZN_2,PERIMETER_MID_ZN_2_WALL_EAST_WINDOW,PERIMETER_MID_ZN_2_DAYLREFPT2,3.8052E-002
,95,Overcast Sky,01/21,PERIMETER_MID_ZN_2_DAYLCTRL,PERIMETER_MID_ZN_2,PERIMETER_MID_ZN_2_WALL_EAST_WINDOW,PERIMETER_MID_ZN_2_DAYLREFPT1,5.7856E-002
,96,Overcast Sky,01/21,PERIMETER_MID_ZN_2_DAYLCTRL,PERIMETER_MID_ZN_2,PERIMETER_MID_ZN_2_WALL_EAST_WINDOW,PERIMETER_MID_ZN_2_DAYLREFPT2,2.7004E-002
,97,Clear Sky,01/21,PERIMETER_MID_ZN_3_DAYLCTRL,PERIMETER_MID_ZN_3,PERIMETER_MID_ZN_3_WALL_NORTH_WINDOW,PERIMETER_MID_ZN_3_DAYLREFPT1,5.2808E-002
,98,Clear Sky,01/21,PERIMETER_MID_ZN_3_DAYLCTRL,PERIMETER_MID_ZN_3,PERIMETER_MID_ZN_3_WALL_NORTH_WINDOW,PERIMETER_MID_ZN_3_DAYLREFPT2,3.4312E-002
,99,Clear Turbid Sky,01/21,PERIMETER_MID_ZN_3_DAYLCTRL,PERIMETER_MID_ZN_3,PERIMETER_MID_ZN_3_WALL_NORTH_WINDOW,PERIMETER_MID_ZN_3_DAYLREFPT1,4.1533E-002
,100,Clear Turbid Sky,01/21,PERIMETER_MID_ZN_3_DAYLCTRL,PERIMETER_MID_ZN_3,PERIMETER_MID_ZN_3_WALL_NORTH_WINDOW,PERIMETER_MID_ZN_3_DAYLREFPT2,2.6993E-002
,101,Intermediate Sky,01/21,PERIMETER_MID_ZN_3_DAYLCTRL,PERIMETER_MID_ZN_3,PERIMETER_MID_ZN_3_WALL_NORTH_WINDOW,PERIMETER_MID_ZN_3_DAYLREFPT1,3.8815E-002
,102,Intermediate Sky,01/21,PERIMETER_MID_ZN_3_DAYLCTRL,PERIMETER_MID_ZN_3,PERIMETER_MID_ZN_3_WALL_NORTH_WINDOW,PERIMETER_MID_ZN_3_DAYLREFPT2,2.0200E-002
,103,Overcast Sky,01/21,PERIMETER_MID_ZN_3_DAYLCTRL,PERIMETER_MID_ZN_3,PERIMETER_MID_ZN_3_WALL_NORTH_WINDOW,PERIMETER_MID_ZN_3_DAYLREFPT1,5.7258E-002
,104,Overcast Sky,01/21,PERIMETER_MID_ZN_3_DAYLCTRL,PERIMETER_MID_ZN_3,PERIMETER_MID_ZN_3_WALL_NORTH_WINDOW,PERIMETER_MID_ZN_3_DAYLREFPT2,2.6594E-002
,105,Clear Sky,01/21,PERIMETER_MID_ZN_4_DAYLCTRL,PERIMETER_MID_ZN_4,PERIMETER_MID_ZN_4_WALL_WEST_WINDOW,PERIMETER_MID_ZN_4_DAYLREFPT1,6.6578E-002
,106,Clear Sky,01/21,PERIMETER_MID_ZN_4_DAYLCTRL,PERIMETER_MID_ZN_4,PERIMETER_MID_ZN_4_WALL_WEST_WINDOW,PERIMETER_MID_ZN_4_DAYLREFPT2,3.9451E-002
,107,Clear Turbid Sky,01/21,PERIMETER_MID_ZN_4_DAYLCTRL,PERIMETER_MID_ZN_4,PERIMETER_MID_ZN_4_WALL_WEST_WINDOW,PERIMETER_MID_ZN_4_DAYLREFPT1,6.0097E-002
,108,Clear Turbid Sky,01/21,PERIMETER_MID_ZN_4_DAYLCTRL,PERIMETER_MID_ZN_4,PERIMETER_MID_ZN_4_WALL_WEST_WINDOW,PERIMETER_MID_ZN_4_DAYLREFPT2,3.5142E-002
,109,Intermediate Sky,01/21,PERIMETER_MID_ZN_4_DAYLCTRL,PERIMETER_MID_ZN_4,PERIMETER_MID_ZN_4_WALL_WEST_WINDOW,PERIMETER_MID_ZN_4_DAYLREFPT1,6.6031E-002
,110,Intermediate Sky,01/21,PERIMETER_MID_ZN_4_DAYLCTRL,PERIMETER_MID_ZN_4,PERIMETER_MID_ZN_4_WALL_WEST_WINDOW,PERIMETER_MID_ZN_4_DAYLREFPT2,3.3231E-002
,111,Overcast Sky,01/21,PERIMETER_MID_ZN_4_DAYLCTRL,PERIMETER_MID_ZN_4,PERIMETER_MID_ZN_4_WALL_WEST_WINDOW,PERIMETER_MID_ZN_4_DAYLREFPT1,5.7856E-002
,112,Overcast Sky,01/21,PERIMETER_MID_ZN_4_DAYLCTRL,PERIMETER_MID_ZN_4,PERIMETER_MID_ZN_4_WALL_WEST_WINDOW,PERIMETER_MID_ZN_4_DAYLREFPT2,2.7005E-002
,113,Clear Sky,01/21,PERIMETER_TOP_ZN_1_DAYLCTRL,PERIMETER_TOP_ZN_1,PERIMETER_TOP_ZN_1_WALL_SOUTH_WINDOW,PERIMETER_TOP_ZN_1_DAYLREFPT1,0.1761
,114,Clear Sky,01/21,PERIMETER_TOP_ZN_1_DAYLCTRL,PERIMETER_TOP_ZN_1,PERIMETER_TOP_ZN_1_WALL_SOUTH_WINDOW,PERIMETER_TOP_ZN_1_DAYLREFPT2,0.1112
,115,Clear Turbid Sky,01/21,PERIMETER_TOP_ZN_1_DAYLCTRL,PERIMETER_TOP_ZN_1,PERIMETER_TOP_ZN_1_WALL_SOUTH_WINDOW,PERIMETER_TOP_ZN_1_DAYLREFPT1,0.1973
,116,Clear Turbid Sky,01/21,PERIMETER_TOP_ZN_1_DAYLCTRL,PERIMETER_TOP_ZN_1,PERIMETER_TOP_ZN_1_WALL_SOUTH_WINDOW,PERIMETER_TOP_ZN_1_DAYLREFPT2,0.1254
,117,Intermediate Sky,01/21,PERIMETER_TOP_ZN_1_DAYLCTRL,PERIMETER_TOP_ZN_1,PERIMETER_TOP_ZN_1_WALL_SOUTH_WINDOW,PERIMETER_TOP_ZN_1_DAYLREFPT1,0.1304
,118,Intermediate Sky,01/21,PERIMETER_TOP_ZN_1_DAYLCTRL,PERIMETER_TOP_ZN_1,PERIMETER_TOP_ZN_1_WALL_SOUTH_WINDOW,PERIMETER_TOP_ZN_1_DAYLREFPT2,6.4939E-002
,119,Overcast Sky,01/21,PERIMETER_TOP_ZN_1_DAYLCTRL,PERIMETER_TOP_ZN_1,PERIMETER_TOP_ZN_1_WALL_SOUTH_WINDOW,PERIMETER_TOP_ZN_1_DAYLREFPT1,5.7252E-002
,120,Overcast Sky,01/21,PERIMETER_TOP_ZN_1_DAYLCTRL,PERIMETER_TOP_ZN_1,PERIMETER_TOP_ZN_1_WALL_SOUTH_WINDOW,PERIMETER_TOP_ZN_1_DAYLREFPT2,2.6590E-002
,121,Clear Sky,01/21,PERIMETER_TOP_ZN_2_DAYLCTRL,PERIMETER_TOP_ZN_2,PERIMETER_TOP_ZN_2_WALL_EAST_WINDOW,PERIMETER_TOP_ZN_2_DAYLREFPT1,7.9813E-002
,122,Clear Sky,01/21,PERIMETER_TOP_ZN_2_DAYLCTRL,PERIMETER_TOP_ZN_2,PERIMETER_TOP_ZN_2_WALL_EAST_WINDOW,PERIMETER_TOP_ZN_2_DAYLREFPT2,4.5734E-002
,123,Clear Turbid Sky,01/21,PERIMETER_TOP_ZN_2_DAYLCTRL,PERIMETER_TOP_ZN_2,PERIMETER_TOP_ZN_2_WALL_EAST_WINDOW,PERIMETER_TOP_ZN_2_DAYLREFPT1,7.6718E-002
,124,Clear Turbid Sky,01/21,PERIMETER_TOP_ZN_2_DAYLCTRL,PERIMETER_TOP_ZN_2,PERIMETER_TOP_ZN_2_WALL_EAST_WINDOW,PERIMETER_TOP_ZN_2_DAYLREFPT2,4.3064E-002
,125,Intermediate Sky,01/21,PERIMETER_TOP_ZN_2_DAYLCTRL,PERIMETER_TOP_ZN_2,PERIMETER_TOP_ZN_2_WALL_EAST_WINDOW,PERIMETER_TOP_ZN_2_DAYLREFPT1,7.6505E-002
,126,Intermediate Sky,01/21,PERIMETER_TOP_ZN_2_DAYLCTRL,PERIMETER_TOP_ZN_2,PERIMETER_TOP_ZN_2_WALL_EAST_WINDOW,PERIMETER_TOP_ZN_2_DAYLREFPT2,3.8048E-002
,127,Overcast Sky,01/21,PERIMETER_TOP_ZN_2_DAYLCTRL,PERIMETER_TOP_ZN_2,PERIMETER_TOP_ZN_2_WALL_EAST_WINDOW,PERIMETER_TOP_ZN_2_DAYLREFPT1,5.7850E-002
,128,Overcast Sky,01/21,PERIMETER_TOP_ZN_2_DAYLCTRL,PERIMETER_TOP_ZN_2,PERIMETER_TOP_ZN_2_WALL_EAST_WINDOW,PERIMETER_TOP_ZN_2_DAYLREFPT2,2.7001E-002
,129,Clear Sky,01/21,PERIMETER_TOP_ZN_3_DAYLCTRL,PERIMETER_TOP_ZN_3,PERIMETER_TOP_ZN_3_WALL_NORTH_WINDOW,PERIMETER_TOP_ZN_3_DAYLREFPT1,5.2810E-002
,130,Clear Sky,01/21,PERIMETER_TOP_ZN_3_DAYLCTRL,PERIMETER_TOP_ZN_3,PERIMETER_TOP_ZN_3_WALL_NORTH_WINDOW,PERIMETER_TOP_ZN_3_DAYLREFPT2,3.4310E-002
,131,Clear Turbid Sky,01/21,PERIMETER_TOP_ZN_3_DAYLCTRL,PERIMETER_TOP_ZN_3,PERIMETER_TOP_ZN_3_WALL_NORTH_WINDOW,PERIMETER_TOP_ZN_3_DAYLREFPT1,4.1534E-002
,132,Clear Turbid Sky,01/21,PERIMETER_TOP_ZN_3_DAYLCTRL,PERIMETER_TOP_ZN_3,PERIMETER_TOP_ZN_3_WALL_NORTH_WINDOW,PERIMETER_TOP_ZN_3_DAYLREFPT2,2.6992E-002
,133,Intermediate Sky,01/21,PERIMETER_TOP_ZN_3_DAYLCTRL,PERIMETER_TOP_ZN_3,PERIMETER_TOP_ZN_3_WALL_NORTH_WINDOW,PERIMETER_TOP_ZN_3_DAYLREFPT1,3.8813E-002
,134,Intermediate Sky,01/21,PERIMETER_TOP_ZN_3_DAYLCTRL,PERIMETER_TOP_ZN_3,PERIMETER_TOP_ZN_3_WALL_NORTH_WINDOW,PERIMETER_TOP_ZN_3_DAYLREFPT2,2.0198E-002
,135,Overcast Sky,01/21,PERIMETER_TOP_ZN_3_DAYLCTRL,PERIMETER_TOP_ZN_3,PERIMETER_TOP_ZN_3_WALL_NORTH_WINDOW,PERIMETER_TOP_ZN_3_DAYLREFPT1,5.7252E-002
,136,Overcast Sky,01/21,PERIMETER_TOP_ZN_3_DAYLCTRL,PERIMETER_TOP_ZN_3,PERIMETER_TOP_ZN_3_WALL_NORTH_WINDOW,PERIMETER_TOP_ZN_3_DAYLREFPT2,2.6590E-002
,137,Clear Sky,01/21,PERIMETER_TOP_ZN_4_DAYLCTRL,PERIMETER_TOP_ZN_4,PERIMETER_TOP_ZN_4_WALL_WEST_WINDOW,PERIMETER_TOP_ZN_4_DAYLREFPT1,6.6577E-002
,138,Clear Sky,01/21,PERIMETER_TOP_ZN_4_DAYLCTRL,PERIMETER_TOP_ZN_4,PERIMETER_TOP_ZN_4_WALL_WEST_WINDOW,PERIMETER_TOP_ZN_4_DAYLREFPT2,3.9448E-002
,139,Clear Turbid Sky,01/21,PERIMETER_TOP_ZN_4_DAYLCTRL,PERIMETER_TOP_ZN_4,PERIMETER_TOP_ZN_4_WALL_WEST_WINDOW,PERIMETER_TOP_ZN_4_DAYLREFPT1,6.0096E-002
,140,Clear Turbid Sky,01/21,PERIMETER_TOP_ZN_4_DAYLCTRL,PERIMETER_TOP_ZN_4,PERIMETER_TOP_ZN_4_WALL_WEST_WINDOW,PERIMETER_TOP_ZN_4_DAYLREFPT2,3.5139E-002
,141,Intermediate Sky,01/21,PERIMETER_TOP_ZN_4_DAYLCTRL,PERIMETER_TOP_ZN_4,PERIMETER_TOP_ZN_4_WALL_WEST_WINDOW,PERIMETER_TOP_ZN_4_DAYLREFPT1,6.6027E-002
,142,Intermediate Sky,01/21,PERIMETER_TOP_ZN_4_DAYLCTRL,PERIMETER_TOP_ZN_4,PERIMETER_TOP_ZN_4_WALL_WEST_WINDOW,PERIMETER_TOP_ZN_4_DAYLREFPT2,3.3227E-002
,143,Overcast Sky,01/21,PERIMETER_TOP_ZN_4_DAYLCTRL,PERIMETER_TOP_ZN_4,PERIMETER_TOP_ZN_4_WALL_WEST_WINDOW,PERIMETER_TOP_ZN_4_DAYLREFPT1,5.7851E-002
,144,Overcast Sky,01/21,PERIMETER_TOP_ZN_4_DAYLCTRL,PERIMETER_TOP_ZN_4,PERIMETER_TOP_ZN_4_WALL_WEST_WINDOW,PERIMETER_TOP_ZN_4_DAYLREFPT2,2.7002E-002


Zone Sizing Information

,,Zone Name,Load Type,Calc Des Load {W},User Des Load {W},Calc Des Air Flow Rate {m3/s},User Des Air Flow Rate {m3/s},Design Day Name,Date/Time of Peak,Temperature at Peak {C},Humidity Ratio at Peak {kgWater/kgDryAir},Floor Area {m2},# Occupants,Calc Outdoor Air Flow Rate {m3/s},Calc DOAS Heat Addition Rate {W}
,1,CORE_BOTTOM,Cooling,30121.13014,30121.13014,2.18142,491.76829,BUFFALO.NIAGARA.INTL.AP_NY_USA ANN CLG .4% CONDNS DB=>MWB,7/21 07:10:00,22.10050,1.33525E-002,983.53657,49.17683,491.76829,0.00000
,2,CORE_BOTTOM,Heating,3124.88830,3124.88830,0.13739,491.76829,BUFFALO.NIAGARA.INTL.AP_NY_USA ANN HTG 99.6% CONDNS DB,1/21 24:00:00,-16.30000,9.24091E-004,983.53657,49.17683,491.76829,0.00000
,3,CORE_MID,Cooling,25480.30334,25480.30334,1.83604,491.76829,BUFFALO.NIAGARA.INTL.AP_NY_USA ANN CLG .4% CONDNS DB=>MWB,7/21 07:10:00,22.10050,1.33525E-002,983.53657,49.17683,491.76829,0.00000
,4,CORE_MID,Heating,6117.84175,6117.84175,0.26898,491.76829,BUFFALO.NIAGARA.INTL.AP_NY_USA ANN HTG 99.6% CONDNS DB,1/21 24:00:00,-16.30000,9.24091E-004,983.53657,49.17683,491.76829,0.00000
,5,CORE_TOP,Cooling,27183.86579,27183.86579,2.02594,491.76829,BUFFALO.NIAGARA.INTL.AP_NY_USA ANN CLG .4% CONDNS DB=>MWB,7/21 16:00:00,29.74200,1.33660E-002,983.53657,49.17683,491.76829,0.00000
,6,CORE_TOP,Heating,13837.37240,13837.37240,0.60839,491.76829,BUFFALO.NIAGARA.INTL.AP_NY_USA ANN HTG 99.6% CONDNS DB,1/21 24:00:00,-16.30000,9.24091E-004,983.53657,49.17683,491.76829,0.00000
,7,PERIMETER_TOP_ZN_3,Cooling,9179.68167,9179.68167,0.68419,103.66907,BUFFALO.NIAGARA.INTL.AP_NY_USA ANN CLG .4% CONDNS DB=>MWB,7/21 15:20:00,30.11400,1.33666E-002,207.33814,10.36691,103.66907,0.00000
,8,PERIMETER_TOP_ZN_3,Heating,7324.23009,7324.23009,0.32198,103.66907,BUFFALO.NIAGARA.INTL.AP_NY_USA ANN HTG 99.6% CONDNS DB,1/21 24:00:00,-16.30000,9.24091E-004,207.33814,10.36691,103.66907,0.00000
,9,PERIMETER_TOP_ZN_2,Cooling,12059.34667,12059.34667,0.89881,65.63110,BUFFALO.NIAGARA.INTL.AP_NY_USA ANN CLG .4% CONDNS DB=>MWB,7/21 09:30:00,25.97550,1.33593E-002,131.26219,6.56311,65.63110,0.00000
,10,PERIMETER_TOP_ZN_2,Heating,4787.54056,4787.54056,0.21046,65.63110,BUFFALO.NIAGARA.INTL.AP_NY_USA ANN HTG 99.6% CONDNS DB,1/21 24:00:00,-16.30000,9.24091E-004,131.26219,6.56311,65.63110,0.00000
,11,PERIMETER_TOP_ZN_1,Cooling,14034.91986,14034.91986,1.04606,103.66907,BUFFALO.NIAGARA.INTL.AP_NY_USA ANN CLG .4% CONDNS DB=>MWB,7/21 13:40:00,30.14500,1.33667E-002,207.33814,10.36691,103.66907,0.00000
,12,PERIMETER_TOP_ZN_1,Heating,7320.09682,7320.09682,0.32180,103.66907,BUFFALO.NIAGARA.INTL.AP_NY_USA ANN HTG 99.6% CONDNS DB,1/21 24:00:00,-16.30000,9.24091E-004,207.33814,10.36691,103.66907,0.00000
,13,PERIMETER_TOP_ZN_4,Cooling,13498.30579,13498.30579,1.00606,65.62679,BUFFALO.NIAGARA.INTL.AP_NY_USA ANN CLG .4% CONDNS DB=>MWB,7/21 17:10:00,28.84300,1.33644E-002,131.25358,6.56268,65.62679,0.00000
,14,PERIMETER_TOP_ZN_4,Heating,4794.97022,4794.97022,0.21079,65.62679,BUFFALO.NIAGARA.INTL.AP_NY_USA ANN HTG 99.6% CONDNS DB,1/21 24:00:00,-16.30000,9.24091E-004,131.25358,6.56268,65.62679,0.00000
,15,PERIMETER_BOT_ZN_3,Cooling,6827.47427,6827.47427,0.50885,103.66907,BUFFALO.NIAGARA.INTL.AP_NY_USA ANN CLG .4% CONDNS DB=>MWB,7/21 15:10:00,30.20700,1.33668E-002,207.33814,10.36691,103.66907,0.00000
,16,PERIMETER_BOT_ZN_3,Heating,4413.89338,4413.89338,0.19405,103.66907,BUFFALO.NIAGARA.INTL.AP_NY_USA ANN HTG 99.6% CONDNS DB,1/21 24:00:00,-16.30000,9.24091E-004,207.33814,10.36691,103.66907,0.00000
,17,PERIMETER_BOT_ZN_2,Cooling,9252.55197,9252.55197,0.68959,65.63110,BUFFALO.NIAGARA.INTL.AP_NY_USA ANN CLG .4% CONDNS DB=>MWB,7/21 09:40:00,26.23900,1.33598E-002,131.26219,6.56311,65.63110,0.00000
,18,PERIMETER_BOT_ZN_2,Heating,2909.88109,2909.88109,0.12793,65.63110,BUFFALO.NIAGARA.INTL.AP_NY_USA ANN HTG 99.6% CONDNS DB,1/21 24:00:00,-16.30000,9.24091E-004,131.26219,6.56311,65.63110,0.00000
,19,PERIMETER_BOT_ZN_1,Cooling,10559.71838,10559.71838,0.78701,103.66907,BUFFALO.NIAGARA.INTL.AP_NY_USA ANN CLG .4% CONDNS DB=>MWB,7/21 13:50:00,30.22250,1.33668E-002,207.33814,10.36691,103.66907,0.00000
,20,PERIMETER_BOT_ZN_1,Heating,4413.89057,4413.89057,0.19405,103.66907,BUFFALO.NIAGARA.INTL.AP_NY_USA ANN HTG 99.6% CONDNS DB,1/21 24:00:00,-16.30000,9.24091E-004,207.33814,10.36691,103.66907,0.00000
,21,PERIMETER_BOT_ZN_4,Cooling,10188.06388,10188.06388,0.75931,65.62679,BUFFALO.NIAGARA.INTL.AP_NY_USA ANN CLG .4% CONDNS DB=>MWB,7/21 18:10:00,27.83550,1.33626E-002,131.25358,6.56268,65.62679,0.00000
,22,PERIMETER_BOT_ZN_4,Heating,2913.20914,2913.20914,0.12807,65.62679,BUFFALO.NIAGARA.INTL.AP_NY_USA ANN HTG 99.6% CONDNS DB,1/21 24:00:00,-16.30000,9.24091E-004,131.25358,6.56268,65.62679,0.00000
,23,PERIMETER_MID_ZN_3,Cooling,7865.53779,7865.53779,0.58624,103.66907,BUFFALO.NIAGARA.INTL.AP_NY_USA ANN CLG .4% CONDNS DB=>MWB,7/21 15:10:00,30.20700,1.33668E-002,207.33814,10.36691,103.66907,0.00000
,24,PERIMETER_MID_ZN_3,Heating,4915.12701,4915.12701,0.21608,103.66907,BUFFALO.NIAGARA.INTL.AP_NY_USA ANN HTG 99.6% CONDNS DB,1/21 24:00:00,-16.30000,9.24091E-004,207.33814,10.36691,103.66907,0.00000
,25,PERIMETER_MID_ZN_2,Cooling,11797.37660,11797.37660,0.87927,65.63110,BUFFALO.NIAGARA.INTL.AP_NY_USA ANN CLG .4% CONDNS DB=>MWB,7/21 09:20:00,25.71200,1.33588E-002,131.26219,6.56311,65.63110,0.00000
,26,PERIMETER_MID_ZN_2,Heating,3239.15447,3239.15447,0.14240,65.63110,BUFFALO.NIAGARA.INTL.AP_NY_USA ANN HTG 99.6% CONDNS DB,1/21 24:00:00,-16.30000,9.24091E-004,131.26219,6.56311,65.63110,0.00000
,27,PERIMETER_MID_ZN_1,Cooling,12681.03702,12681.03702,0.94514,103.66907,BUFFALO.NIAGARA.INTL.AP_NY_USA ANN CLG .4% CONDNS DB=>MWB,7/21 13:30:00,30.06750,1.33665E-002,207.33814,10.36691,103.66907,0.00000
,28,PERIMETER_MID_ZN_1,Heating,4909.30502,4909.30502,0.21582,103.66907,BUFFALO.NIAGARA.INTL.AP_NY_USA ANN HTG 99.6% CONDNS DB,1/21 24:00:00,-16.30000,9.24091E-004,207.33814,10.36691,103.66907,0.00000
,29,PERIMETER_MID_ZN_4,Cooling,12505.70571,12505.70571,0.93207,65.62679,BUFFALO.NIAGARA.INTL.AP_NY_USA ANN CLG .4% CONDNS DB=>MWB,7/21 17:10:00,28.84300,1.33644E-002,131.25358,6.56268,65.62679,0.00000
,30,PERIMETER_MID_ZN_4,Heating,3240.73131,3240.73131,0.14247,65.62679,BUFFALO.NIAGARA.INTL.AP_NY_USA ANN HTG 99.6% CONDNS DB,1/21 24:00:00,-16.30000,9.24091E-004,131.25358,6.56268,65.62679,0.00000


System Sizing Information

,,System Name,Load Type,Peak Load Kind,User Design Capacity,Calc Des Air Flow Rate [m3/s],User Des Air Flow Rate [m3/s],Design Day Name,Date/Time of Peak
,1,PACU_VAV_BOT,Cooling,Sensible,13452382.48,830.36432,830.36432,BUFFALO.NIAGARA.INTL.AP_NY_USA ANN CLG .4% CONDNS DB=>MWB,7/21 05:00:00
,2,PACU_VAV_BOT,Heating,Sensible,12514193.99,830.36432,830.36432,BUFFALO.NIAGARA.INTL.AP_NY_USA ANN CLG .4% CONDNS DB=>MWB,7/21 05:00:00
,3,PACU_VAV_MID,Cooling,Sensible,13358865.20,830.36432,830.36432,BUFFALO.NIAGARA.INTL.AP_NY_USA ANN CLG .4% CONDNS DB=>MWB,7/21 05:00:00
,4,PACU_VAV_MID,Heating,Sensible,12514193.99,830.36432,830.36432,BUFFALO.NIAGARA.INTL.AP_NY_USA ANN CLG .4% CONDNS DB=>MWB,7/21 05:00:00
,5,PACU_VAV_TOP,Cooling,Sensible,13243145.23,830.36432,830.36432,BUFFALO.NIAGARA.INTL.AP_NY_USA ANN CLG .4% CONDNS DB=>MWB,7/21 05:00:00
,6,PACU_VAV_TOP,Heating,Sensible,12514193.99,830.36432,830.36432,BUFFALO.NIAGARA.INTL.AP_NY_USA ANN CLG .4% CONDNS DB=>MWB,7/21 05:00:00


Component Sizing Information

,,Component Type,Component Name,Input Field Description,Value
,1,AirTerminal:SingleDuct:VAV:Reheat,CORE_BOTTOM VAV BOX COMPONENT,Design Size Maximum Air Flow Rate [m3/s],491.76829
,2,AirTerminal:SingleDuct:VAV:Reheat,CORE_BOTTOM VAV BOX COMPONENT,Design Size Constant Minimum Air Flow Fraction,1.52400E-003
,3,AirTerminal:SingleDuct:VAV:Reheat,CORE_BOTTOM VAV BOX COMPONENT,User-Specified Constant Minimum Air Flow Fraction,0.22300
,4,AirTerminal:SingleDuct:VAV:Reheat,CORE_BOTTOM VAV BOX COMPONENT,Design Size Minimum Air Flow Rate [m3/s],109.66433
,5,AirTerminal:SingleDuct:VAV:Reheat,CORE_BOTTOM VAV BOX COMPONENT,Design Size Maximum Flow Fraction during Reheat [],0.30000
,6,AirTerminal:SingleDuct:VAV:Reheat,CORE_BOTTOM VAV BOX COMPONENT,User-Specified Maximum Flow Fraction during Reheat [],0.50000
,7,AirTerminal:SingleDuct:VAV:Reheat,CORE_BOTTOM VAV BOX COMPONENT,Design Size Maximum Flow per Zone Floor Area during Reheat [m3/s-m2],0.25000
,8,Coil:Heating:Electric,CORE_BOTTOM VAV BOX REHEAT COIL,Design Size Nominal Capacity [W],3570689.71028
,9,AirTerminal:SingleDuct:VAV:Reheat,CORE_MID VAV BOX COMPONENT,Design Size Maximum Air Flow Rate [m3/s],491.76829
,10,AirTerminal:SingleDuct:VAV:Reheat,CORE_MID VAV BOX COMPONENT,Design Size Constant Minimum Air Flow Fraction,1.52400E-003
,11,AirTerminal:SingleDuct:VAV:Reheat,CORE_MID VAV BOX COMPONENT,User-Specified Constant Minimum Air Flow Fraction,0.30500
,12,AirTerminal:SingleDuct:VAV:Reheat,CORE_MID VAV BOX COMPONENT,Design Size Minimum Air Flow Rate [m3/s],149.98933
,13,AirTerminal:SingleDuct:VAV:Reheat,CORE_MID VAV BOX COMPONENT,Design Size Maximum Flow Fraction during Reheat [],0.30500
,14,AirTerminal:SingleDuct:VAV:Reheat,CORE_MID VAV BOX COMPONENT,User-Specified Maximum Flow Fraction during Reheat [],0.50000
,15,AirTerminal:SingleDuct:VAV:Reheat,CORE_MID VAV BOX COMPONENT,Design Size Maximum Flow per Zone Floor Area during Reheat [m3/s-m2],0.25000
,16,Coil:Heating:Electric,CORE_MID VAV BOX REHEAT COIL,Design Size Nominal Capacity [W],4883678.75173
,17,AirTerminal:SingleDuct:VAV:Reheat,CORE_TOP VAV BOX COMPONENT,Design Size Maximum Air Flow Rate [m3/s],491.76829
,18,AirTerminal:SingleDuct:VAV:Reheat,CORE_TOP VAV BOX COMPONENT,Design Size Constant Minimum Air Flow Fraction,1.52400E-003
,19,AirTerminal:SingleDuct:VAV:Reheat,CORE_TOP VAV BOX COMPONENT,User-Specified Constant Minimum Air Flow Fraction,0.29300
,20,AirTerminal:SingleDuct:VAV:Reheat,CORE_TOP VAV BOX COMPONENT,Design Size Minimum Air Flow Rate [m3/s],144.08811
,21,AirTerminal:SingleDuct:VAV:Reheat,CORE_TOP VAV BOX COMPONENT,Design Size Maximum Flow Fraction during Reheat [],0.30000
,22,AirTerminal:SingleDuct:VAV:Reheat,CORE_TOP VAV BOX COMPONENT,User-Specified Maximum Flow Fraction during Reheat [],0.50000
,23,AirTerminal:SingleDuct:VAV:Reheat,CORE_TOP VAV BOX COMPONENT,Design Size Maximum Flow per Zone Floor Area during Reheat [m3/s-m2],0.25000
,24,Coil:Heating:Electric,CORE_TOP VAV BOX REHEAT COIL,Design Size Nominal Capacity [W],4691534.01396
,25,AirTerminal:SingleDuct:VAV:Reheat,PERIMETER_TOP_ZN_3 VAV BOX COMPONENT,Design Size Maximum Air Flow Rate [m3/s],103.66907
,26,AirTerminal:SingleDuct:VAV:Reheat,PERIMETER_TOP_ZN_3 VAV BOX COMPONENT,Design Size Constant Minimum Air Flow Fraction,1.52400E-003
,27,AirTerminal:SingleDuct:VAV:Reheat,PERIMETER_TOP_ZN_3 VAV BOX COMPONENT,User-Specified Constant Minimum Air Flow Fraction,0.19700
,28,AirTerminal:SingleDuct:VAV:Reheat,PERIMETER_TOP_ZN_3 VAV BOX COMPONENT,Design Size Minimum Air Flow Rate [m3/s],20.42281
,29,AirTerminal:SingleDuct:VAV:Reheat,PERIMETER_TOP_ZN_3 VAV BOX COMPONENT,Design Size Maximum Flow Fraction during Reheat [],0.30000
,30,AirTerminal:SingleDuct:VAV:Reheat,PERIMETER_TOP_ZN_3 VAV BOX COMPONENT,User-Specified Maximum Flow Fraction during Reheat [],0.50000
,31,AirTerminal:SingleDuct:VAV:Reheat,PERIMETER_TOP_ZN_3 VAV BOX COMPONENT,Design Size Maximum Flow per Zone Floor Area during Reheat [m3/s-m2],0.25000
,32,Coil:Heating:Electric,PERIMETER_TOP_ZN_3 VAV BOX REHEAT COIL,Design Size Nominal Capacity [W],664970.16756
,33,AirTerminal:SingleDuct:VAV:Reheat,PERIMETER_TOP_ZN_2 VAV BOX COMPONENT,Design Size Maximum Air Flow Rate [m3/s],65.63110
,34,AirTerminal:SingleDuct:VAV:Reheat,PERIMETER_TOP_ZN_2 VAV BOX COMPONENT,Design Size Constant Minimum Air Flow Fraction,1.52400E-003
,35,AirTerminal:SingleDuct:VAV:Reheat,PERIMETER_TOP_ZN_2 VAV BOX COMPONENT,User-Specified Constant Minimum Air Flow Fraction,0.10600
,36,AirTerminal:SingleDuct:VAV:Reheat,PERIMETER_TOP_ZN_2 VAV BOX COMPONENT,Design Size Minimum Air Flow Rate [m3/s],6.95690
,37,AirTerminal:SingleDuct:VAV:Reheat,PERIMETER_TOP_ZN_2 VAV BOX COMPONENT,Design Size Maximum Flow Fraction during Reheat [],0.30000
,38,AirTerminal:SingleDuct:VAV:Reheat,PERIMETER_TOP_ZN_2 VAV BOX COMPONENT,User-Specified Maximum Flow Fraction during Reheat [],0.50000
,39,AirTerminal:SingleDuct:VAV:Reheat,PERIMETER_TOP_ZN_2 VAV BOX COMPONENT,Design Size Maximum Flow per Zone Floor Area during Reheat [m3/s-m2],0.25000
,40,Coil:Heating:Electric,PERIMETER_TOP_ZN_2 VAV BOX REHEAT COIL,Design Size Nominal Capacity [W],226517.76103
,41,AirTerminal:SingleDuct:VAV:Reheat,PERIMETER_TOP_ZN_1 VAV BOX COMPONENT,Design Size Maximum Air Flow Rate [m3/s],103.66907
,42,AirTerminal:SingleDuct:VAV:Reheat,PERIMETER_TOP_ZN_1 VAV BOX COMPONENT,Design Size Constant Minimum Air Flow Fraction,1.52400E-003
,43,AirTerminal:SingleDuct:VAV:Reheat,PERIMETER_TOP_ZN_1 VAV BOX COMPONENT,User-Specified Constant Minimum Air Flow Fraction,0.13600
,44,AirTerminal:SingleDuct:VAV:Reheat,PERIMETER_TOP_ZN_1 VAV BOX COMPONENT,Design Size Minimum Air Flow Rate [m3/s],14.09899
,45,AirTerminal:SingleDuct:VAV:Reheat,PERIMETER_TOP_ZN_1 VAV BOX COMPONENT,Design Size Maximum Flow Fraction during Reheat [],0.30000
,46,AirTerminal:SingleDuct:VAV:Reheat,PERIMETER_TOP_ZN_1 VAV BOX COMPONENT,User-Specified Maximum Flow Fraction during Reheat [],0.50000
,47,AirTerminal:SingleDuct:VAV:Reheat,PERIMETER_TOP_ZN_1 VAV BOX COMPONENT,Design Size Maximum Flow per Zone Floor Area during Reheat [m3/s-m2],0.25000
,48,Coil:Heating:Electric,PERIMETER_TOP_ZN_1 VAV BOX REHEAT COIL,Design Size Nominal Capacity [W],459065.69943
,49,AirTerminal:SingleDuct:VAV:Reheat,PERIMETER_TOP_ZN_4 VAV BOX COMPONENT,Design Size Maximum Air Flow Rate [m3/s],65.62679
,50,AirTerminal:SingleDuct:VAV:Reheat,PERIMETER_TOP_ZN_4 VAV BOX COMPONENT,Design Size Constant Minimum Air Flow Fraction,1.52400E-003
,51,AirTerminal:SingleDuct:VAV:Reheat,PERIMETER_TOP_ZN_4 VAV BOX COMPONENT,User-Specified Constant Minimum Air Flow Fraction,9.70000E-002
,52,AirTerminal:SingleDuct:VAV:Reheat,PERIMETER_TOP_ZN_4 VAV BOX COMPONENT,Design Size Minimum Air Flow Rate [m3/s],6.36580
,53,AirTerminal:SingleDuct:VAV:Reheat,PERIMETER_TOP_ZN_4 VAV BOX COMPONENT,Design Size Maximum Flow Fraction during Reheat [],0.30000
,54,AirTerminal:SingleDuct:VAV:Reheat,PERIMETER_TOP_ZN_4 VAV BOX COMPONENT,User-Specified Maximum Flow Fraction during Reheat [],0.50000
,55,AirTerminal:SingleDuct:VAV:Reheat,PERIMETER_TOP_ZN_4 VAV BOX COMPONENT,Design Size Maximum Flow per Zone Floor Area during Reheat [m3/s-m2],0.25000
,56,Coil:Heating:Electric,PERIMETER_TOP_ZN_4 VAV BOX REHEAT COIL,Design Size Nominal Capacity [W],207271.52402
,57,AirTerminal:SingleDuct:VAV:Reheat,PERIMETER_BOT_ZN_3 VAV BOX COMPONENT,Design Size Maximum Air Flow Rate [m3/s],103.66907
,58,AirTerminal:SingleDuct:VAV:Reheat,PERIMETER_BOT_ZN_3 VAV BOX COMPONENT,Design Size Constant Minimum Air Flow Fraction,1.52400E-003
,59,AirTerminal:SingleDuct:VAV:Reheat,PERIMETER_BOT_ZN_3 VAV BOX COMPONENT,User-Specified Constant Minimum Air Flow Fraction,0.25200
,60,AirTerminal:SingleDuct:VAV:Reheat,PERIMETER_BOT_ZN_3 VAV BOX COMPONENT,Design Size Minimum Air Flow Rate [m3/s],26.12461
,61,AirTerminal:SingleDuct:VAV:Reheat,PERIMETER_BOT_ZN_3 VAV BOX COMPONENT,Design Size Maximum Flow Fraction during Reheat [],0.30000
,62,AirTerminal:SingleDuct:VAV:Reheat,PERIMETER_BOT_ZN_3 VAV BOX COMPONENT,User-Specified Maximum Flow Fraction during Reheat [],0.50000
,63,AirTerminal:SingleDuct:VAV:Reheat,PERIMETER_BOT_ZN_3 VAV BOX COMPONENT,Design Size Maximum Flow per Zone Floor Area during Reheat [m3/s-m2],0.25000
,64,Coil:Heating:Electric,PERIMETER_BOT_ZN_3 VAV BOX REHEAT COIL,Design Size Nominal Capacity [W],850621.73719
,65,AirTerminal:SingleDuct:VAV:Reheat,PERIMETER_BOT_ZN_2 VAV BOX COMPONENT,Design Size Maximum Air Flow Rate [m3/s],65.63110
,66,AirTerminal:SingleDuct:VAV:Reheat,PERIMETER_BOT_ZN_2 VAV BOX COMPONENT,Design Size Constant Minimum Air Flow Fraction,1.52400E-003
,67,AirTerminal:SingleDuct:VAV:Reheat,PERIMETER_BOT_ZN_2 VAV BOX COMPONENT,User-Specified Constant Minimum Air Flow Fraction,0.13000
,68,AirTerminal:SingleDuct:VAV:Reheat,PERIMETER_BOT_ZN_2 VAV BOX COMPONENT,Design Size Minimum Air Flow Rate [m3/s],8.53204
,69,AirTerminal:SingleDuct:VAV:Reheat,PERIMETER_BOT_ZN_2 VAV BOX COMPONENT,Design Size Maximum Flow Fraction during Reheat [],0.30000
,70,AirTerminal:SingleDuct:VAV:Reheat,PERIMETER_BOT_ZN_2 VAV BOX COMPONENT,User-Specified Maximum Flow Fraction during Reheat [],0.50000
,71,AirTerminal:SingleDuct:VAV:Reheat,PERIMETER_BOT_ZN_2 VAV BOX COMPONENT,Design Size Maximum Flow per Zone Floor Area during Reheat [m3/s-m2],0.25000
,72,Coil:Heating:Electric,PERIMETER_BOT_ZN_2 VAV BOX REHEAT COIL,Design Size Nominal Capacity [W],277804.80126
,73,AirTerminal:SingleDuct:VAV:Reheat,PERIMETER_BOT_ZN_1 VAV BOX COMPONENT,Design Size Maximum Air Flow Rate [m3/s],103.66907
,74,AirTerminal:SingleDuct:VAV:Reheat,PERIMETER_BOT_ZN_1 VAV BOX COMPONENT,Design Size Constant Minimum Air Flow Fraction,1.52400E-003
,75,AirTerminal:SingleDuct:VAV:Reheat,PERIMETER_BOT_ZN_1 VAV BOX COMPONENT,User-Specified Constant Minimum Air Flow Fraction,0.17000
,76,AirTerminal:SingleDuct:VAV:Reheat,PERIMETER_BOT_ZN_1 VAV BOX COMPONENT,Design Size Minimum Air Flow Rate [m3/s],17.62374
,77,AirTerminal:SingleDuct:VAV:Reheat,PERIMETER_BOT_ZN_1 VAV BOX COMPONENT,Design Size Maximum Flow Fraction during Reheat [],0.30000
,78,AirTerminal:SingleDuct:VAV:Reheat,PERIMETER_BOT_ZN_1 VAV BOX COMPONENT,User-Specified Maximum Flow Fraction during Reheat [],0.50000
,79,AirTerminal:SingleDuct:VAV:Reheat,PERIMETER_BOT_ZN_1 VAV BOX COMPONENT,Design Size Maximum Flow per Zone Floor Area during Reheat [m3/s-m2],0.25000
,80,Coil:Heating:Electric,PERIMETER_BOT_ZN_1 VAV BOX REHEAT COIL,Design Size Nominal Capacity [W],573832.12429
,81,AirTerminal:SingleDuct:VAV:Reheat,PERIMETER_BOT_ZN_4 VAV BOX COMPONENT,Design Size Maximum Air Flow Rate [m3/s],65.62679
,82,AirTerminal:SingleDuct:VAV:Reheat,PERIMETER_BOT_ZN_4 VAV BOX COMPONENT,Design Size Constant Minimum Air Flow Fraction,1.52400E-003
,83,AirTerminal:SingleDuct:VAV:Reheat,PERIMETER_BOT_ZN_4 VAV BOX COMPONENT,User-Specified Constant Minimum Air Flow Fraction,0.12400
,84,AirTerminal:SingleDuct:VAV:Reheat,PERIMETER_BOT_ZN_4 VAV BOX COMPONENT,Design Size Minimum Air Flow Rate [m3/s],8.13772
,85,AirTerminal:SingleDuct:VAV:Reheat,PERIMETER_BOT_ZN_4 VAV BOX COMPONENT,Design Size Maximum Flow Fraction during Reheat [],0.30000
,86,AirTerminal:SingleDuct:VAV:Reheat,PERIMETER_BOT_ZN_4 VAV BOX COMPONENT,User-Specified Maximum Flow Fraction during Reheat [],0.50000
,87,AirTerminal:SingleDuct:VAV:Reheat,PERIMETER_BOT_ZN_4 VAV BOX COMPONENT,Design Size Maximum Flow per Zone Floor Area during Reheat [m3/s-m2],0.25000
,88,Coil:Heating:Electric,PERIMETER_BOT_ZN_4 VAV BOX REHEAT COIL,Design Size Nominal Capacity [W],264965.65957
,89,AirTerminal:SingleDuct:VAV:Reheat,PERIMETER_MID_ZN_3 VAV BOX COMPONENT,Design Size Maximum Air Flow Rate [m3/s],103.66907
,90,AirTerminal:SingleDuct:VAV:Reheat,PERIMETER_MID_ZN_3 VAV BOX COMPONENT,Design Size Constant Minimum Air Flow Fraction,1.52400E-003
,91,AirTerminal:SingleDuct:VAV:Reheat,PERIMETER_MID_ZN_3 VAV BOX COMPONENT,User-Specified Constant Minimum Air Flow Fraction,0.22500
,92,AirTerminal:SingleDuct:VAV:Reheat,PERIMETER_MID_ZN_3 VAV BOX COMPONENT,Design Size Minimum Air Flow Rate [m3/s],23.32554
,93,AirTerminal:SingleDuct:VAV:Reheat,PERIMETER_MID_ZN_3 VAV BOX COMPONENT,Design Size Maximum Flow Fraction during Reheat [],0.30000
,94,AirTerminal:SingleDuct:VAV:Reheat,PERIMETER_MID_ZN_3 VAV BOX COMPONENT,User-Specified Maximum Flow Fraction during Reheat [],0.50000
,95,AirTerminal:SingleDuct:VAV:Reheat,PERIMETER_MID_ZN_3 VAV BOX COMPONENT,Design Size Maximum Flow per Zone Floor Area during Reheat [m3/s-m2],0.25000
,96,Coil:Heating:Electric,PERIMETER_MID_ZN_3 VAV BOX REHEAT COIL,Design Size Nominal Capacity [W],759483.69392
,97,AirTerminal:SingleDuct:VAV:Reheat,PERIMETER_MID_ZN_2 VAV BOX COMPONENT,Design Size Maximum Air Flow Rate [m3/s],65.63110
,98,AirTerminal:SingleDuct:VAV:Reheat,PERIMETER_MID_ZN_2 VAV BOX COMPONENT,Design Size Maximum Flow Fraction during Reheat [],0.30000
,99,AirTerminal:SingleDuct:VAV:Reheat,PERIMETER_MID_ZN_2 VAV BOX COMPONENT,User-Specified Maximum Flow Fraction during Reheat [],0.50000
,100,AirTerminal:SingleDuct:VAV:Reheat,PERIMETER_MID_ZN_2 VAV BOX COMPONENT,Design Size Maximum Flow per Zone Floor Area during Reheat [m3/s-m2],0.25000
,101,Coil:Heating:Electric,PERIMETER_MID_ZN_2 VAV BOX REHEAT COIL,Design Size Nominal Capacity [W],126080.64057
,102,AirTerminal:SingleDuct:VAV:Reheat,PERIMETER_MID_ZN_1 VAV BOX COMPONENT,Design Size Maximum Air Flow Rate [m3/s],103.66907
,103,AirTerminal:SingleDuct:VAV:Reheat,PERIMETER_MID_ZN_1 VAV BOX COMPONENT,Design Size Constant Minimum Air Flow Fraction,1.52400E-003
,104,AirTerminal:SingleDuct:VAV:Reheat,PERIMETER_MID_ZN_1 VAV BOX COMPONENT,User-Specified Constant Minimum Air Flow Fraction,0.14900
,105,AirTerminal:SingleDuct:VAV:Reheat,PERIMETER_MID_ZN_1 VAV BOX COMPONENT,Design Size Minimum Air Flow Rate [m3/s],15.44669
,106,AirTerminal:SingleDuct:VAV:Reheat,PERIMETER_MID_ZN_1 VAV BOX COMPONENT,Design Size Maximum Flow Fraction during Reheat [],0.30000
,107,AirTerminal:SingleDuct:VAV:Reheat,PERIMETER_MID_ZN_1 VAV BOX COMPONENT,User-Specified Maximum Flow Fraction during Reheat [],0.50000
,108,AirTerminal:SingleDuct:VAV:Reheat,PERIMETER_MID_ZN_1 VAV BOX COMPONENT,Design Size Maximum Flow per Zone Floor Area during Reheat [m3/s-m2],0.25000
,109,Coil:Heating:Electric,PERIMETER_MID_ZN_1 VAV BOX REHEAT COIL,Design Size Nominal Capacity [W],502946.97953
,110,AirTerminal:SingleDuct:VAV:Reheat,PERIMETER_MID_ZN_4 VAV BOX COMPONENT,Design Size Maximum Air Flow Rate [m3/s],65.62679
,111,AirTerminal:SingleDuct:VAV:Reheat,PERIMETER_MID_ZN_4 VAV BOX COMPONENT,Design Size Constant Minimum Air Flow Fraction,1.52400E-003
,112,AirTerminal:SingleDuct:VAV:Reheat,PERIMETER_MID_ZN_4 VAV BOX COMPONENT,User-Specified Constant Minimum Air Flow Fraction,0.10400
,113,AirTerminal:SingleDuct:VAV:Reheat,PERIMETER_MID_ZN_4 VAV BOX COMPONENT,Design Size Minimum Air Flow Rate [m3/s],6.82519
,114,AirTerminal:SingleDuct:VAV:Reheat,PERIMETER_MID_ZN_4 VAV BOX COMPONENT,Design Size Maximum Flow Fraction during Reheat [],0.30000
,115,AirTerminal:SingleDuct:VAV:Reheat,PERIMETER_MID_ZN_4 VAV BOX COMPONENT,User-Specified Maximum Flow Fraction during Reheat [],0.50000
,116,AirTerminal:SingleDuct:VAV:Reheat,PERIMETER_MID_ZN_4 VAV BOX COMPONENT,Design Size Maximum Flow per Zone Floor Area during Reheat [m3/s-m2],0.25000
,117,Coil:Heating:Electric,PERIMETER_MID_ZN_4 VAV BOX REHEAT COIL,Design Size Nominal Capacity [W],222229.26286
,118,AirLoopHVAC,PACU_VAV_BOT,Sum of Air Terminal Maximum Heating Flow Rates [m3/s],415.18216
,119,AirLoopHVAC,PACU_VAV_BOT,Sum of Air Terminal Minimum Heating Flow Rates [m3/s],170.08244
,120,AirLoopHVAC,PACU_VAV_BOT,Sum of Air Terminal Maximum Flow Rates [m3/s],830.36432
,121,AirLoopHVAC,PACU_VAV_BOT,Adjusted Heating Design Air Flow Rate [m3/s],830.36432
,122,AirLoopHVAC,PACU_VAV_BOT,Adjusted Cooling Design Air Flow Rate [m3/s],830.36432
,123,AirLoopHVAC,PACU_VAV_BOT,Adjusted Main Design Air Flow Rate [m3/s],830.36432
,124,AirLoopHVAC,PACU_VAV_BOT,User Heating Air Flow Ratio [],0.30000
,125,AirLoopHVAC,PACU_VAV_BOT,Calculated Heating Air Flow Ratio [],1.00000
,126,AirLoopHVAC,PACU_VAV_MID,Sum of Air Terminal Maximum Heating Flow Rates [m3/s],415.18216
,127,AirLoopHVAC,PACU_VAV_MID,Sum of Air Terminal Minimum Heating Flow Rates [m3/s],202.67490
,128,AirLoopHVAC,PACU_VAV_MID,Sum of Air Terminal Maximum Flow Rates [m3/s],830.36432
,129,AirLoopHVAC,PACU_VAV_MID,Adjusted Heating Design Air Flow Rate [m3/s],830.36432
,130,AirLoopHVAC,PACU_VAV_MID,Adjusted Cooling Design Air Flow Rate [m3/s],830.36432
,131,AirLoopHVAC,PACU_VAV_MID,Adjusted Main Design Air Flow Rate [m3/s],830.36432
,132,AirLoopHVAC,PACU_VAV_MID,User Heating Air Flow Ratio [],0.30000
,133,AirLoopHVAC,PACU_VAV_MID,Calculated Heating Air Flow Ratio [],1.00000
,134,AirLoopHVAC,PACU_VAV_TOP,Sum of Air Terminal Maximum Heating Flow Rates [m3/s],415.18216
,135,AirLoopHVAC,PACU_VAV_TOP,Sum of Air Terminal Minimum Heating Flow Rates [m3/s],191.93260
,136,AirLoopHVAC,PACU_VAV_TOP,Sum of Air Terminal Maximum Flow Rates [m3/s],830.36432
,137,AirLoopHVAC,PACU_VAV_TOP,Adjusted Heating Design Air Flow Rate [m3/s],830.36432
,138,AirLoopHVAC,PACU_VAV_TOP,Adjusted Cooling Design Air Flow Rate [m3/s],830.36432
,139,AirLoopHVAC,PACU_VAV_TOP,Adjusted Main Design Air Flow Rate [m3/s],830.36432
,140,AirLoopHVAC,PACU_VAV_TOP,User Heating Air Flow Ratio [],0.30000
,141,AirLoopHVAC,PACU_VAV_TOP,Calculated Heating Air Flow Ratio [],1.00000
,142,AirLoopHVAC,PACU_VAV_BOT,Design Supply Air Flow Rate [m3/s],830.36432
,143,AirLoopHVAC,PACU_VAV_MID,Design Supply Air Flow Rate [m3/s],830.36432
,144,AirLoopHVAC,PACU_VAV_TOP,Design Supply Air Flow Rate [m3/s],830.36432
,145,Controller:OutdoorAir,PACU_VAV_BOT_OA_CONTROLLER,Maximum Outdoor Air Flow Rate [m3/s],830.36432
,146,Coil:Cooling:DX:TwoSpeed,PACU_VAV_BOT COOLING COIL,Design Size High Speed Rated Air Flow Rate [m3/s],830.36432
,147,Coil:Cooling:DX:TwoSpeed,PACU_VAV_BOT COOLING COIL,Design Size High Speed Gross Rated Total Cooling Capacity [W],15178203.17823
,148,Coil:Cooling:DX:TwoSpeed,PACU_VAV_BOT COOLING COIL,Design Size High Speed Rated Sensible Heat Ratio,0.80095
,149,Coil:Cooling:DX:TwoSpeed,PACU_VAV_BOT COOLING COIL,Design Size Low Speed Rated Air Flow Rate [m3/s],276.76043
,150,Coil:Cooling:DX:TwoSpeed,PACU_VAV_BOT COOLING COIL,Design Size Low Speed Gross Rated Total Cooling Capacity [W],5058895.11931
,151,Coil:Cooling:DX:TwoSpeed,PACU_VAV_BOT COOLING COIL,Design Size Low Speed Gross Rated Sensible Heat Ratio,0.80095
,152,Coil:Heating:Fuel,PACU_VAV_BOT HEATING COIL,Design Size Nominal Capacity [W],3737678.90227
,153,Fan:VariableVolume,PACU_VAV_BOT FAN,Design Size Maximum Flow Rate [m3/s],830.36432
,154,Controller:OutdoorAir,PACU_VAV_MID_OA_CONTROLLER,Maximum Outdoor Air Flow Rate [m3/s],830.36432
,155,Coil:Cooling:DX:TwoSpeed,PACU_VAV_MID COOLING COIL,Design Size High Speed Rated Air Flow Rate [m3/s],830.36432
,156,Coil:Cooling:DX:TwoSpeed,PACU_VAV_MID COOLING COIL,Design Size High Speed Gross Rated Total Cooling Capacity [W],15392356.47883
,157,Coil:Cooling:DX:TwoSpeed,PACU_VAV_MID COOLING COIL,Design Size High Speed Rated Sensible Heat Ratio,0.80032
,158,Coil:Cooling:DX:TwoSpeed,PACU_VAV_MID COOLING COIL,Design Size Low Speed Rated Air Flow Rate [m3/s],276.76043
,159,Coil:Cooling:DX:TwoSpeed,PACU_VAV_MID COOLING COIL,Design Size Low Speed Gross Rated Total Cooling Capacity [W],5130272.41439
,160,Coil:Cooling:DX:TwoSpeed,PACU_VAV_MID COOLING COIL,Design Size Low Speed Gross Rated Sensible Heat Ratio,0.80032
,161,Coil:Heating:Fuel,PACU_VAV_MID HEATING COIL,Design Size Nominal Capacity [W],3737678.90227
,162,Fan:VariableVolume,PACU_VAV_MID FAN,Design Size Maximum Flow Rate [m3/s],830.36432
,163,Controller:OutdoorAir,PACU_VAV_TOP_OA_CONTROLLER,Maximum Outdoor Air Flow Rate [m3/s],830.36432
,164,Coil:Cooling:DX:TwoSpeed,PACU_VAV_TOP COOLING COIL,Design Size High Speed Rated Air Flow Rate [m3/s],830.36432
,165,Coil:Cooling:DX:TwoSpeed,PACU_VAV_TOP COOLING COIL,Design Size High Speed Gross Rated Total Cooling Capacity [W],15442153.26295
,166,Coil:Cooling:DX:TwoSpeed,PACU_VAV_TOP COOLING COIL,Design Size High Speed Rated Sensible Heat Ratio,0.80026
,167,Coil:Cooling:DX:TwoSpeed,PACU_VAV_TOP COOLING COIL,Design Size Low Speed Rated Air Flow Rate [m3/s],276.76043
,168,Coil:Cooling:DX:TwoSpeed,PACU_VAV_TOP COOLING COIL,Design Size Low Speed Gross Rated Total Cooling Capacity [W],5146869.68254
,169,Coil:Cooling:DX:TwoSpeed,PACU_VAV_TOP COOLING COIL,Design Size Low Speed Gross Rated Sensible Heat Ratio,0.80026
,170,Coil:Heating:Fuel,PACU_VAV_TOP HEATING COIL,Design Size Nominal Capacity [W],3737678.90227
,171,Fan:VariableVolume,PACU_VAV_TOP FAN,Design Size Maximum Flow Rate [m3/s],830.36432
,172,PlantLoop,SWHSYS1,Maximum Loop Flow Rate [m3/s],5.36267E-005
,173,PlantLoop,SWHSYS1,Plant Loop Volume [m3],6.43520E-003
,174,Pump:ConstantSpeed,SWHSYS1 PUMP,Design Flow Rate [m3/s],5.36267E-005
,175,Pump:ConstantSpeed,SWHSYS1 PUMP,Design Power Consumption [W],6.85023
,176,WaterHeater:Mixed,SWHSYS1 WATER HEATER,Use Side Design Flow Rate [m3/s],5.36267E-005


VAV DX Cooling Coil Standard Rating Information

,,DX Coil Type,DX Coil Name,Fan Type,Fan Name,Standard Net Cooling Capacity {W},Standard Net Cooling Capacity {Btu/h},IEER {Btu/W-h},COP 100% Capacity {W/W},COP 75% Capacity {W/W},COP 50% Capacity {W/W},COP 25% Capacity {W/W},EER 100% Capacity {Btu/W-h},EER 75% Capacity {Btu/W-h},EER 50% Capacity {Btu/W-h},EER 25% Capacity {Btu/W-h},Supply Air Flow 100% {kg/s},Supply Air Flow 75% {kg/s},Supply Air Flow 50% {kg/s},Supply Air Flow 25% {kg/s}
,1,Coil:Cooling:DX:TwoSpeed,PACU_VAV_BOT COOLING COIL,N/A,N/A,14983953.92,51127373.00,11.34,2.92,3.24,3.41,3.61,9.96,11.07,11.64,12.31,936.2890,745.3322,500.9117,200.4363
,2,Coil:Cooling:DX:TwoSpeed,PACU_VAV_MID COOLING COIL,N/A,N/A,15204426.36,51879656.19,11.37,2.93,3.25,3.42,3.62,9.98,11.10,11.67,12.35,936.2890,746.7057,502.2196,199.5871
,3,Coil:Cooling:DX:TwoSpeed,PACU_VAV_TOP COOLING COIL,N/A,N/A,15255692.52,52054583.60,11.38,2.93,3.25,3.42,3.62,9.99,11.11,11.68,12.36,936.2890,747.0959,502.5400,199.3340


Zone Surfaces

,,Zone Name,# Surfaces
,1,CORE_BOTTOM,7
,2,TOPFLOOR_PLENUM,10
,3,MIDFLOOR_PLENUM,14
,4,FIRSTFLOOR_PLENUM,14
,5,CORE_MID,7
,6,CORE_TOP,7
,7,PERIMETER_TOP_ZN_3,8
,8,PERIMETER_TOP_ZN_2,8
,9,PERIMETER_TOP_ZN_1,8
,10,PERIMETER_TOP_ZN_4,8
,11,PERIMETER_BOT_ZN_3,12
,12,PERIMETER_BOT_ZN_2,10
,13,PERIMETER_BOT_ZN_1,12
,14,PERIMETER_BOT_ZN_4,10
,15,PERIMETER_MID_ZN_3,8
,16,PERIMETER_MID_ZN_2,8
,17,PERIMETER_MID_ZN_1,8
,18,PERIMETER_MID_ZN_4,8


HeatTransfer Surface

,,Surface Name,Surface Class,Base Surface,Heat Transfer Algorithm,Construction,Nominal U (w/o film coefs) {W/m2-K},Nominal U (with film coefs) {W/m2-K},Solar Diffusing,Area (Net) {m2},Area (Gross) {m2},Area (Sunlit Calc) {m2},Azimuth {deg},Tilt {deg},~Width {m},~Height {m},Reveal {m},ExtBoundCondition,ExtConvCoeffCalc,IntConvCoeffCalc,SunExposure,WindExposure,ViewFactorToGround,ViewFactorToSky,ViewFactorToGround-IR,ViewFactorToSky-IR,#Sides
,1,CORE_BOT_ZN_5_WALL_SOUTH,Wall,,CTF - ConductionTransferFunction,INT_WALL,6.299,3.242,,111.82,111.82,111.82,180.00,90.00,40.76,2.74,0.00,iz-CORE_BOT_ZN_5_WALL_SOUTH,Other/Same Surface Int Conv,ASHRAETARP,NoSun,NoWind,0.50,0.50,0.50,0.50,4
,2,CORE_BOT_ZN_5_WALL_EAST,Wall,,CTF - ConductionTransferFunction,INT_WALL,6.299,3.242,,66.19,66.19,66.19,90.00,90.00,24.13,2.74,0.00,iz-CORE_BOT_ZN_5_WALL_EAST,Other/Same Surface Int Conv,ASHRAETARP,NoSun,NoWind,0.50,0.50,0.50,0.50,4
,3,CORE_BOT_ZN_5_WALL_NORTH,Wall,,CTF - ConductionTransferFunction,INT_WALL,6.299,3.242,,111.82,111.82,111.82,0.00,90.00,40.76,2.74,0.00,iz-CORE_BOT_ZN_5_WALL_NORTH,Other/Same Surface Int Conv,ASHRAETARP,NoSun,NoWind,0.50,0.50,0.50,0.50,4
,4,CORE_BOT_ZN_5_WALL_WEST,Wall,,CTF - ConductionTransferFunction,INT_WALL,6.299,3.242,,66.19,66.19,66.19,270.00,90.00,24.13,2.74,0.00,iz-CORE_BOT_ZN_5_WALL_WEST,Other/Same Surface Int Conv,ASHRAETARP,NoSun,NoWind,0.50,0.50,0.50,0.50,4
,5,CORE_BOT_ZN_5_FLOOR,Floor,,CTF - ConductionTransferFunction,CORE_BOT_ZN_5_FLOOR_FFACTOR,5.650E-003,5.642E-003,,983.54,983.54,983.54,0.00,180.00,40.76,24.13,0.00,CORE_BOT_ZN_5_FLOOR,Other/Same Surface Int Conv,ASHRAETARP,NoSun,NoWind,1.00,0.00,1.00,0.00,4
,6,CORE_BOT_ZN_5_CEILING,Roof,,CTF - ConductionTransferFunction,DROPCEILING,4.488,2.432,,983.54,983.54,983.54,180.00,0.00,40.76,24.13,0.00,iz-CORE_BOT_ZN_5_CEILING,Other/Same Surface Int Conv,ASHRAETARP,NoSun,NoWind,0.00,1.00,0.00,1.00,4
,7,CORE_BOTTOM_INTERNALMASS_1,Internal Mass,,CTF - ConductionTransferFunction,INTERIORFURNISHINGS,0.800,0.800,,1967.08,1967.08,1967.08,0.00,90.00,1967.08,1.00,0.00,CORE_BOTTOM_INTERNALMASS_1,Other/Same Surface Int Conv,ASHRAETARP,NoSun,NoWind,0.00,0.50,1.00,0.00,0
,8,PERIMETER_TOP_PLENUM_WALL_NORTH,Wall,,CTF - ConductionTransferFunction,NONRES_EXT_WALL_TOP,1.032,0.894,,60.85,60.85,60.85,0.00,90.00,49.91,1.22,0.00,ExternalEnvironment,ASHRAETARP,ASHRAETARP,SunExposed,WindExposed,0.50,0.50,0.50,0.50,4
,9,PERIMETER_TOP_PLENUM_WALL_EAST,Wall,,CTF - ConductionTransferFunction,NONRES_EXT_WALL_TOP,1.032,0.894,,40.57,40.57,40.57,90.00,90.00,33.27,1.22,0.00,ExternalEnvironment,ASHRAETARP,ASHRAETARP,SunExposed,WindExposed,0.50,0.50,0.50,0.50,4
,10,PERIMETER_TOP_PLENUM_WALL_SOUTH,Wall,,CTF - ConductionTransferFunction,NONRES_EXT_WALL_TOP,1.032,0.894,,60.85,60.85,60.85,180.00,90.00,49.91,1.22,0.00,ExternalEnvironment,ASHRAETARP,ASHRAETARP,SunExposed,WindExposed,0.50,0.50,0.50,0.50,4
,11,PERIMETER_TOP_PLENUM_WALL_WEST,Wall,,CTF - ConductionTransferFunction,NONRES_EXT_WALL_TOP,1.032,0.894,,40.57,40.57,40.57,270.00,90.00,33.27,1.22,0.00,ExternalEnvironment,ASHRAETARP,ASHRAETARP,SunExposed,WindExposed,0.50,0.50,0.50,0.50,4
,12,iz-PERIMETER_TOP_ZN_1_CEILING,Floor,,CTF - ConductionTransferFunction,DROPCEILING,4.488,2.147,,207.34,207.34,207.34,225.00,180.00,6.47,40.76,0.00,PERIMETER_TOP_ZN_1_CEILING,Other/Same Surface Int Conv,ASHRAETARP,NoSun,NoWind,1.00,0.00,1.00,0.00,4
,13,iz-PERIMETER_TOP_ZN_2_CEILING,Floor,,CTF - ConductionTransferFunction,DROPCEILING,4.488,2.147,,131.26,131.26,131.26,135.00,180.00,6.47,24.13,0.00,PERIMETER_TOP_ZN_2_CEILING,Other/Same Surface Int Conv,ASHRAETARP,NoSun,NoWind,1.00,0.00,1.00,0.00,4
,14,iz-PERIMETER_TOP_ZN_3_CEILING,Floor,,CTF - ConductionTransferFunction,DROPCEILING,4.488,2.147,,207.34,207.34,207.34,45.00,180.00,6.47,40.76,0.00,PERIMETER_TOP_ZN_3_CEILING,Other/Same Surface Int Conv,ASHRAETARP,NoSun,NoWind,1.00,0.00,1.00,0.00,4
,15,iz-PERIMETER_TOP_ZN_4_CEILING,Floor,,CTF - ConductionTransferFunction,DROPCEILING,4.488,2.147,,131.25,131.25,131.25,315.00,180.00,6.47,24.13,0.00,PERIMETER_TOP_ZN_4_CEILING,Other/Same Surface Int Conv,ASHRAETARP,NoSun,NoWind,1.00,0.00,1.00,0.00,4
,16,iz-CORE_TOP_ZN_5_CEILING,Floor,,CTF - ConductionTransferFunction,DROPCEILING,4.488,2.147,,983.54,983.54,983.54,180.00,180.00,40.76,24.13,0.00,CORE_TOP_ZN_5_CEILING,Other/Same Surface Int Conv,ASHRAETARP,NoSun,NoWind,1.00,0.00,1.00,0.00,4
,17,BUILDING_ROOF,Roof,,CTF - ConductionTransferFunction,NONRES_ROOF,0.186,0.180,,1660.73,1660.73,1660.73,0.00,0.00,49.91,33.27,0.00,ExternalEnvironment,ASHRAETARP,ASHRAETARP,SunExposed,WindExposed,0.00,1.00,0.00,1.00,4
,18,PERIMETER_MID_PLENUM_WALL_NORTH,Wall,,CTF - ConductionTransferFunction,NONRES_EXT_WALL_MID,0.789,0.705,,60.85,60.85,60.85,0.00,90.00,49.91,1.22,0.00,ExternalEnvironment,ASHRAETARP,ASHRAETARP,SunExposed,WindExposed,0.50,0.50,0.50,0.50,4
,19,PERIMETER_MID_PLENUM_WALL_EAST,Wall,,CTF - ConductionTransferFunction,NONRES_EXT_WALL_MID,0.789,0.705,,40.57,40.57,40.57,90.00,90.00,33.27,1.22,0.00,ExternalEnvironment,ASHRAETARP,ASHRAETARP,SunExposed,WindExposed,0.50,0.50,0.50,0.50,4
,20,PERIMETER_MID_PLENUM_WALL_SOUTH,Wall,,CTF - ConductionTransferFunction,NONRES_EXT_WALL_MID,0.789,0.705,,60.85,60.85,60.85,180.00,90.00,49.91,1.22,0.00,ExternalEnvironment,ASHRAETARP,ASHRAETARP,SunExposed,WindExposed,0.50,0.50,0.50,0.50,4
,21,PERIMETER_MID_PLENUM_WALL_WEST,Wall,,CTF - ConductionTransferFunction,NONRES_EXT_WALL_MID,0.789,0.705,,40.57,40.57,40.57,270.00,90.00,33.27,1.22,0.00,ExternalEnvironment,ASHRAETARP,ASHRAETARP,SunExposed,WindExposed,0.50,0.50,0.50,0.50,4
,22,iz-PERIMETER_MID_ZN_1_CEILING,Floor,,CTF - ConductionTransferFunction,DROPCEILING,4.488,2.147,,207.34,207.34,207.34,180.00,180.00,40.76,6.47,0.00,PERIMETER_MID_ZN_1_CEILING,Other/Same Surface Int Conv,ASHRAETARP,NoSun,NoWind,1.00,0.00,1.00,0.00,4
,23,iz-PERIMETER_MID_ZN_2_CEILING,Floor,,CTF - ConductionTransferFunction,DROPCEILING,4.488,2.147,,131.26,131.26,131.26,90.00,180.00,24.13,6.47,0.00,PERIMETER_MID_ZN_2_CEILING,Other/Same Surface Int Conv,ASHRAETARP,NoSun,NoWind,1.00,0.00,1.00,0.00,4
,24,iz-PERIMETER_MID_ZN_3_CEILING,Floor,,CTF - ConductionTransferFunction,DROPCEILING,4.488,2.147,,207.34,207.34,207.34,0.00,180.00,40.76,6.47,0.00,PERIMETER_MID_ZN_3_CEILING,Other/Same Surface Int Conv,ASHRAETARP,NoSun,NoWind,1.00,0.00,1.00,0.00,4
,25,iz-PERIMETER_MID_ZN_4_CEILING,Floor,,CTF - ConductionTransferFunction,DROPCEILING,4.488,2.147,,131.25,131.25,131.25,270.00,180.00,24.13,6.47,0.00,PERIMETER_MID_ZN_4_CEILING,Other/Same Surface Int Conv,ASHRAETARP,NoSun,NoWind,1.00,0.00,1.00,0.00,4
,26,iz-CORE_MID_ZN_5_CEILING,Floor,,CTF - ConductionTransferFunction,DROPCEILING,4.488,2.147,,983.54,983.54,983.54,0.00,180.00,40.76,24.13,0.00,CORE_MID_ZN_5_CEILING,Other/Same Surface Int Conv,ASHRAETARP,NoSun,NoWind,1.00,0.00,1.00,0.00,4
,27,iz-PERIMETER_TOP_ZN_1_FLOOR,Roof,,CTF - ConductionTransferFunction,INT_SLAB_CEILING,3.839,2.228,,207.34,207.34,207.34,0.00,0.00,40.76,6.47,0.00,PERIMETER_TOP_ZN_1_FLOOR,Other/Same Surface Int Conv,ASHRAETARP,NoSun,NoWind,0.00,1.00,0.00,1.00,4
,28,iz-PERIMETER_TOP_ZN_2_FLOOR,Roof,,CTF - ConductionTransferFunction,INT_SLAB_CEILING,3.839,2.228,,131.26,131.26,131.26,270.00,0.00,24.13,6.47,0.00,PERIMETER_TOP_ZN_2_FLOOR,Other/Same Surface Int Conv,ASHRAETARP,NoSun,NoWind,0.00,1.00,0.00,1.00,4
,29,iz-PERIMETER_TOP_ZN_3_FLOOR,Roof,,CTF - ConductionTransferFunction,INT_SLAB_CEILING,3.839,2.228,,207.34,207.34,207.34,180.00,0.00,40.76,6.47,0.00,PERIMETER_TOP_ZN_3_FLOOR,Other/Same Surface Int Conv,ASHRAETARP,NoSun,NoWind,0.00,1.00,0.00,1.00,4
,30,iz-PERIMETER_TOP_ZN_4_FLOOR,Roof,,CTF - ConductionTransferFunction,INT_SLAB_CEILING,3.839,2.228,,131.25,131.25,131.25,90.00,0.00,24.13,6.47,0.00,PERIMETER_TOP_ZN_4_FLOOR,Other/Same Surface Int Conv,ASHRAETARP,NoSun,NoWind,0.00,1.00,0.00,1.00,4
,31,iz-CORE_TOP_ZN_5_FLOOR,Roof,,CTF - ConductionTransferFunction,INT_SLAB_CEILING,3.839,2.228,,983.54,983.54,983.54,180.00,0.00,40.76,24.13,0.00,CORE_TOP_ZN_5_FLOOR,Other/Same Surface Int Conv,ASHRAETARP,NoSun,NoWind,0.00,1.00,0.00,1.00,4
,32,PERIMETER_BOT_PLENUM_WALL_NORTH,Wall,,CTF - ConductionTransferFunction,NONRES_EXT_WALL_GRD,0.802,0.716,,60.85,60.85,60.85,0.00,90.00,49.91,1.22,0.00,ExternalEnvironment,ASHRAETARP,ASHRAETARP,SunExposed,WindExposed,0.50,0.50,0.50,0.50,4
,33,PERIMETER_BOT_PLENUM_WALL_EAST,Wall,,CTF - ConductionTransferFunction,NONRES_EXT_WALL_GRD,0.802,0.716,,40.57,40.57,40.57,90.00,90.00,33.27,1.22,0.00,ExternalEnvironment,ASHRAETARP,ASHRAETARP,SunExposed,WindExposed,0.50,0.50,0.50,0.50,4
,34,PERIMETER_BOT_PLENUM_WALL_SOUTH,Wall,,CTF - ConductionTransferFunction,NONRES_EXT_WALL_GRD,0.802,0.716,,60.85,60.85,60.85,180.00,90.00,49.91,1.22,0.00,ExternalEnvironment,ASHRAETARP,ASHRAETARP,SunExposed,WindExposed,0.50,0.50,0.50,0.50,4
,35,PERIMETER_BOT_PLENUM_WALL_WEST,Wall,,CTF - ConductionTransferFunction,NONRES_EXT_WALL_GRD,0.802,0.716,,40.57,40.57,40.57,270.00,90.00,33.27,1.22,0.00,ExternalEnvironment,ASHRAETARP,ASHRAETARP,SunExposed,WindExposed,0.50,0.50,0.50,0.50,4
,36,iz-PERIMETER_BOT_ZN_1_CEILING,Floor,,CTF - ConductionTransferFunction,DROPCEILING,4.488,2.147,,207.34,207.34,207.34,180.00,180.00,40.76,6.47,0.00,PERIMETER_BOT_ZN_1_CEILING,Other/Same Surface Int Conv,ASHRAETARP,NoSun,NoWind,1.00,0.00,1.00,0.00,4
,37,iz-PERIMETER_BOT_ZN_2_CEILING,Floor,,CTF - ConductionTransferFunction,DROPCEILING,4.488,2.147,,131.26,131.26,131.26,90.00,180.00,24.13,6.47,0.00,PERIMETER_BOT_ZN_2_CEILING,Other/Same Surface Int Conv,ASHRAETARP,NoSun,NoWind,1.00,0.00,1.00,0.00,4
,38,iz-PERIMETER_BOT_ZN_3_CEILING,Floor,,CTF - ConductionTransferFunction,DROPCEILING,4.488,2.147,,207.34,207.34,207.34,0.00,180.00,40.76,6.47,0.00,PERIMETER_BOT_ZN_3_CEILING,Other/Same Surface Int Conv,ASHRAETARP,NoSun,NoWind,1.00,0.00,1.00,0.00,4
,39,iz-PERIMETER_BOT_ZN_4_CEILING,Floor,,CTF - ConductionTransferFunction,DROPCEILING,4.488,2.147,,131.25,131.25,131.25,270.00,180.00,24.13,6.47,0.00,PERIMETER_BOT_ZN_4_CEILING,Other/Same Surface Int Conv,ASHRAETARP,NoSun,NoWind,1.00,0.00,1.00,0.00,4
,40,iz-CORE_BOT_ZN_5_CEILING,Floor,,CTF - ConductionTransferFunction,DROPCEILING,4.488,2.147,,983.54,983.54,983.54,0.00,180.00,40.76,24.13,0.00,CORE_BOT_ZN_5_CEILING,Other/Same Surface Int Conv,ASHRAETARP,NoSun,NoWind,1.00,0.00,1.00,0.00,4
,41,iz-PERIMETER_MID_ZN_1_FLOOR,Roof,,CTF - ConductionTransferFunction,INT_SLAB_CEILING,3.839,2.228,,207.34,207.34,207.34,0.00,0.00,40.76,6.47,0.00,PERIMETER_MID_ZN_1_FLOOR,Other/Same Surface Int Conv,ASHRAETARP,NoSun,NoWind,0.00,1.00,0.00,1.00,4
,42,iz-PERIMETER_MID_ZN_2_FLOOR,Roof,,CTF - ConductionTransferFunction,INT_SLAB_CEILING,3.839,2.228,,131.26,131.26,131.26,270.00,0.00,24.13,6.47,0.00,PERIMETER_MID_ZN_2_FLOOR,Other/Same Surface Int Conv,ASHRAETARP,NoSun,NoWind,0.00,1.00,0.00,1.00,4
,43,iz-PERIMETER_MID_ZN_3_FLOOR,Roof,,CTF - ConductionTransferFunction,INT_SLAB_CEILING,3.839,2.228,,207.34,207.34,207.34,180.00,0.00,40.76,6.47,0.00,PERIMETER_MID_ZN_3_FLOOR,Other/Same Surface Int Conv,ASHRAETARP,NoSun,NoWind,0.00,1.00,0.00,1.00,4
,44,iz-PERIMETER_MID_ZN_4_FLOOR,Roof,,CTF - ConductionTransferFunction,INT_SLAB_CEILING,3.839,2.228,,131.25,131.25,131.25,90.00,0.00,24.13,6.47,0.00,PERIMETER_MID_ZN_4_FLOOR,Other/Same Surface Int Conv,ASHRAETARP,NoSun,NoWind,0.00,1.00,0.00,1.00,4
,45,iz-CORE_MID_ZN_5_FLOOR,Roof,,CTF - ConductionTransferFunction,INT_SLAB_CEILING,3.839,2.228,,983.54,983.54,983.54,180.00,0.00,40.76,24.13,0.00,CORE_MID_ZN_5_FLOOR,Other/Same Surface Int Conv,ASHRAETARP,NoSun,NoWind,0.00,1.00,0.00,1.00,4
,46,CORE_MID_ZN_5_WALL_NORTH,Wall,,CTF - ConductionTransferFunction,INT_WALL,6.299,3.242,,111.82,111.82,111.82,0.00,90.00,40.76,2.74,0.00,iz-CORE_MID_ZN_5_WALL_NORTH,Other/Same Surface Int Conv,ASHRAETARP,NoSun,NoWind,0.50,0.50,0.50,0.50,4
,47,CORE_MID_ZN_5_WALL_EAST,Wall,,CTF - ConductionTransferFunction,INT_WALL,6.299,3.242,,66.19,66.19,66.19,90.00,90.00,24.13,2.74,0.00,iz-CORE_MID_ZN_5_WALL_EAST,Other/Same Surface Int Conv,ASHRAETARP,NoSun,NoWind,0.50,0.50,0.50,0.50,4
,48,CORE_MID_ZN_5_WALL_SOUTH,Wall,,CTF - ConductionTransferFunction,INT_WALL,6.299,3.242,,111.82,111.82,111.82,180.00,90.00,40.76,2.74,0.00,iz-CORE_MID_ZN_5_WALL_SOUTH,Other/Same Surface Int Conv,ASHRAETARP,NoSun,NoWind,0.50,0.50,0.50,0.50,4
,49,CORE_MID_ZN_5_WALL_WEST,Wall,,CTF - ConductionTransferFunction,INT_WALL,6.299,3.242,,66.19,66.19,66.19,270.00,90.00,24.13,2.74,0.00,iz-CORE_MID_ZN_5_WALL_WEST,Other/Same Surface Int Conv,ASHRAETARP,NoSun,NoWind,0.50,0.50,0.50,0.50,4
,50,CORE_MID_ZN_5_FLOOR,Floor,,CTF - ConductionTransferFunction,INT_SLAB_FLOOR,3.839,1.986,,983.54,983.54,983.54,0.00,180.00,40.76,24.13,0.00,iz-CORE_MID_ZN_5_FLOOR,Other/Same Surface Int Conv,ASHRAETARP,NoSun,NoWind,1.00,0.00,1.00,0.00,4
,51,CORE_MID_ZN_5_CEILING,Roof,,CTF - ConductionTransferFunction,DROPCEILING,4.488,2.432,,983.54,983.54,983.54,180.00,0.00,40.76,24.13,0.00,iz-CORE_MID_ZN_5_CEILING,Other/Same Surface Int Conv,ASHRAETARP,NoSun,NoWind,0.00,1.00,0.00,1.00,4
,52,CORE_MID_INTERNALMASS_1,Internal Mass,,CTF - ConductionTransferFunction,INTERIORFURNISHINGS,0.800,0.800,,1967.08,1967.08,1967.08,0.00,90.00,1967.08,1.00,0.00,CORE_MID_INTERNALMASS_1,Other/Same Surface Int Conv,ASHRAETARP,NoSun,NoWind,0.00,0.50,1.00,0.00,0
,53,CORE_TOP_ZN_5_WALL_NORTH,Wall,,CTF - ConductionTransferFunction,INT_WALL,6.299,3.242,,111.82,111.82,111.82,0.00,90.00,40.76,2.74,0.00,iz-CORE_TOP_ZN_5_WALL_NORTH,Other/Same Surface Int Conv,ASHRAETARP,NoSun,NoWind,0.50,0.50,0.50,0.50,4
,54,CORE_TOP_ZN_5_WALL_EAST,Wall,,CTF - ConductionTransferFunction,INT_WALL,6.299,3.242,,66.19,66.19,66.19,90.00,90.00,24.13,2.74,0.00,iz-CORE_TOP_ZN_5_WALL_EAST,Other/Same Surface Int Conv,ASHRAETARP,NoSun,NoWind,0.50,0.50,0.50,0.50,4
,55,CORE_TOP_ZN_5_WALL_SOUTH,Wall,,CTF - ConductionTransferFunction,INT_WALL,6.299,3.242,,111.82,111.82,111.82,180.00,90.00,40.76,2.74,0.00,iz-CORE_TOP_ZN_5_WALL_SOUTH,Other/Same Surface Int Conv,ASHRAETARP,NoSun,NoWind,0.50,0.50,0.50,0.50,4
,56,CORE_TOP_ZN_5_WALL_WEST,Wall,,CTF - ConductionTransferFunction,INT_WALL,6.299,3.242,,66.19,66.19,66.19,270.00,90.00,24.13,2.74,0.00,iz-CORE_TOP_ZN_5_WALL_WEST,Other/Same Surface Int Conv,ASHRAETARP,NoSun,NoWind,0.50,0.50,0.50,0.50,4
,57,CORE_TOP_ZN_5_FLOOR,Floor,,CTF - ConductionTransferFunction,INT_SLAB_FLOOR,3.839,1.986,,983.54,983.54,983.54,0.00,180.00,40.76,24.13,0.00,iz-CORE_TOP_ZN_5_FLOOR,Other/Same Surface Int Conv,ASHRAETARP,NoSun,NoWind,1.00,0.00,1.00,0.00,4
,58,CORE_TOP_ZN_5_CEILING,Roof,,CTF - ConductionTransferFunction,DROPCEILING,4.488,2.432,,983.54,983.54,983.54,0.00,0.00,40.76,24.13,0.00,iz-CORE_TOP_ZN_5_CEILING,Other/Same Surface Int Conv,ASHRAETARP,NoSun,NoWind,0.00,1.00,0.00,1.00,4
,59,CORE_TOP_INTERNALMASS_1,Internal Mass,,CTF - ConductionTransferFunction,INTERIORFURNISHINGS,0.800,0.800,,1967.08,1967.08,1967.08,0.00,90.00,1967.08,1.00,0.00,CORE_TOP_INTERNALMASS_1,Other/Same Surface Int Conv,ASHRAETARP,NoSun,NoWind,0.00,0.50,1.00,0.00,0
,60,PERIMETER_TOP_ZN_3_WALL_NORTH,Wall,,CTF - ConductionTransferFunction,NONRES_EXT_WALL_TOP,1.032,0.894,,71.65,136.92,71.65,0.00,90.00,49.91,2.74,0.00,ExternalEnvironment,ASHRAETARP,ASHRAETARP,SunExposed,WindExposed,0.50,0.50,0.50,0.50,4
,61,PERIMETER_TOP_ZN_3_WALL_NORTH_WINDOW,Window,PERIMETER_TOP_ZN_3_WALL_NORTH,Window5 Detailed Fenestration,WINDOW_U_0.363_SHGC_NORTH_0.378,N/A,0.350,No,65.26,65.26,65.26,0.00,90.00,49.91,1.31,0.00,ExternalEnvironment,ASHRAETARP,ASHRAETARP,SunExposed,WindExposed,0.50,0.50,0.50,0.50,4
,62,PERIMETER_TOP_ZN_3_WALL_WEST,Wall,,CTF - ConductionTransferFunction,INT_WALL,6.299,3.242,,17.74,17.74,17.74,225.00,90.00,6.47,2.74,0.00,iz-PERIMETER_TOP_ZN_3_WALL_WEST,Other/Same Surface Int Conv,ASHRAETARP,NoSun,NoWind,0.50,0.50,0.50,0.50,4
,63,iz-PERIMETER_TOP_ZN_2_WALL_NORTH,Wall,,CTF - ConductionTransferFunction,INT_WALL,6.299,3.242,,17.74,17.74,17.74,135.00,90.00,6.47,2.74,0.00,PERIMETER_TOP_ZN_2_WALL_NORTH,Other/Same Surface Int Conv,ASHRAETARP,NoSun,NoWind,0.50,0.50,0.50,0.50,4
,64,iz-CORE_TOP_ZN_5_WALL_NORTH,Wall,,CTF - ConductionTransferFunction,INT_WALL,6.299,3.242,,111.82,111.82,111.82,180.00,90.00,40.76,2.74,0.00,CORE_TOP_ZN_5_WALL_NORTH,Other/Same Surface Int Conv,ASHRAETARP,NoSun,NoWind,0.50,0.50,0.50,0.50,4
,65,PERIMETER_TOP_ZN_3_FLOOR,Floor,,CTF - ConductionTransferFunction,INT_SLAB_FLOOR,3.839,1.986,,207.34,207.34,207.34,0.00,180.00,40.76,6.47,0.00,iz-PERIMETER_TOP_ZN_3_FLOOR,Other/Same Surface Int Conv,ASHRAETARP,NoSun,NoWind,1.00,0.00,1.00,0.00,4
,66,PERIMETER_TOP_ZN_3_CEILING,Roof,,CTF - ConductionTransferFunction,DROPCEILING,4.488,2.432,,207.34,207.34,207.34,225.00,0.00,6.47,49.91,0.00,iz-PERIMETER_TOP_ZN_3_CEILING,Other/Same Surface Int Conv,ASHRAETARP,NoSun,NoWind,0.00,1.00,0.00,1.00,4
,67,PERIMETER_TOP_ZN_3_INTERNALMASS_1,Internal Mass,,CTF - ConductionTransferFunction,INTERIORFURNISHINGS,0.800,0.800,,414.68,414.68,414.68,0.00,90.00,414.68,1.00,0.00,PERIMETER_TOP_ZN_3_INTERNALMASS_1,Other/Same Surface Int Conv,ASHRAETARP,NoSun,NoWind,0.00,0.50,1.00,0.00,0
,68,PERIMETER_TOP_ZN_2_WALL_EAST,Wall,,CTF - ConductionTransferFunction,NONRES_EXT_WALL_TOP,1.032,0.894,,47.77,91.28,47.77,90.00,90.00,33.27,2.74,0.00,ExternalEnvironment,ASHRAETARP,ASHRAETARP,SunExposed,WindExposed,0.50,0.50,0.50,0.50,4
,69,PERIMETER_TOP_ZN_2_WALL_EAST_WINDOW,Window,PERIMETER_TOP_ZN_2_WALL_EAST,Window5 Detailed Fenestration,WINDOW_U_0.363_SHGC_EAST_0.378,N/A,0.350,No,43.51,43.51,43.51,90.00,90.00,33.27,1.31,0.00,ExternalEnvironment,ASHRAETARP,ASHRAETARP,SunExposed,WindExposed,0.50,0.50,0.50,0.50,4
,70,PERIMETER_TOP_ZN_2_WALL_NORTH,Wall,,CTF - ConductionTransferFunction,INT_WALL,6.299,3.242,,17.74,17.74,17.74,315.00,90.00,6.47,2.74,0.00,iz-PERIMETER_TOP_ZN_2_WALL_NORTH,Other/Same Surface Int Conv,ASHRAETARP,NoSun,NoWind,0.50,0.50,0.50,0.50,4
,71,iz-PERIMETER_TOP_ZN_1_WALL_EAST,Wall,,CTF - ConductionTransferFunction,INT_WALL,6.299,3.242,,17.74,17.74,17.74,225.00,90.00,6.47,2.74,0.00,PERIMETER_TOP_ZN_1_WALL_EAST,Other/Same Surface Int Conv,ASHRAETARP,NoSun,NoWind,0.50,0.50,0.50,0.50,4
,72,iz-CORE_TOP_ZN_5_WALL_EAST,Wall,,CTF - ConductionTransferFunction,INT_WALL,6.299,3.242,,66.19,66.19,66.19,270.00,90.00,24.13,2.74,0.00,CORE_TOP_ZN_5_WALL_EAST,Other/Same Surface Int Conv,ASHRAETARP,NoSun,NoWind,0.50,0.50,0.50,0.50,4
,73,PERIMETER_TOP_ZN_2_FLOOR,Floor,,CTF - ConductionTransferFunction,INT_SLAB_FLOOR,3.839,1.986,,131.26,131.26,131.26,90.00,180.00,24.13,6.47,0.00,iz-PERIMETER_TOP_ZN_2_FLOOR,Other/Same Surface Int Conv,ASHRAETARP,NoSun,NoWind,1.00,0.00,1.00,0.00,4
,74,PERIMETER_TOP_ZN_2_CEILING,Roof,,CTF - ConductionTransferFunction,DROPCEILING,4.488,2.432,,131.26,131.26,131.26,315.00,0.00,6.47,33.27,0.00,iz-PERIMETER_TOP_ZN_2_CEILING,Other/Same Surface Int Conv,ASHRAETARP,NoSun,NoWind,0.00,1.00,0.00,1.00,4
,75,PERIMETER_TOP_ZN_2_INTERNALMASS_1,Internal Mass,,CTF - ConductionTransferFunction,INTERIORFURNISHINGS,0.800,0.800,,262.51,262.51,262.51,0.00,90.00,262.51,1.00,0.00,PERIMETER_TOP_ZN_2_INTERNALMASS_1,Other/Same Surface Int Conv,ASHRAETARP,NoSun,NoWind,0.00,0.50,1.00,0.00,0
,76,PERIMETER_TOP_ZN_1_WALL_SOUTH,Wall,,CTF - ConductionTransferFunction,NONRES_EXT_WALL_TOP,1.032,0.894,,71.65,136.92,71.65,180.00,90.00,49.91,2.74,0.00,ExternalEnvironment,ASHRAETARP,ASHRAETARP,SunExposed,WindExposed,0.50,0.50,0.50,0.50,4
,77,PERIMETER_TOP_ZN_1_WALL_SOUTH_WINDOW,Window,PERIMETER_TOP_ZN_1_WALL_SOUTH,Window5 Detailed Fenestration,WINDOW_U_0.363_SHGC_SOUTH_0.378,N/A,0.350,No,65.26,65.26,65.26,180.00,90.00,49.91,1.31,0.00,ExternalEnvironment,ASHRAETARP,ASHRAETARP,SunExposed,WindExposed,0.50,0.50,0.50,0.50,4
,78,PERIMETER_TOP_ZN_1_WALL_EAST,Wall,,CTF - ConductionTransferFunction,INT_WALL,6.299,3.242,,17.74,17.74,17.74,45.00,90.00,6.47,2.74,0.00,iz-PERIMETER_TOP_ZN_1_WALL_EAST,Other/Same Surface Int Conv,ASHRAETARP,NoSun,NoWind,0.50,0.50,0.50,0.50,4
,79,iz-PERIMETER_TOP_ZN_4_WALL_SOUTH,Wall,,CTF - ConductionTransferFunction,INT_WALL,6.299,3.242,,17.74,17.74,17.74,315.00,90.00,6.47,2.74,0.00,PERIMETER_TOP_ZN_4_WALL_SOUTH,Other/Same Surface Int Conv,ASHRAETARP,NoSun,NoWind,0.50,0.50,0.50,0.50,4
,80,iz-CORE_TOP_ZN_5_WALL_SOUTH,Wall,,CTF - ConductionTransferFunction,INT_WALL,6.299,3.242,,111.82,111.82,111.82,0.00,90.00,40.76,2.74,0.00,CORE_TOP_ZN_5_WALL_SOUTH,Other/Same Surface Int Conv,ASHRAETARP,NoSun,NoWind,0.50,0.50,0.50,0.50,4
,81,PERIMETER_TOP_ZN_1_FLOOR,Floor,,CTF - ConductionTransferFunction,INT_SLAB_FLOOR,3.839,1.986,,207.34,207.34,207.34,180.00,180.00,40.76,6.47,0.00,iz-PERIMETER_TOP_ZN_1_FLOOR,Other/Same Surface Int Conv,ASHRAETARP,NoSun,NoWind,1.00,0.00,1.00,0.00,4
,82,PERIMETER_TOP_ZN_1_CEILING,Roof,,CTF - ConductionTransferFunction,DROPCEILING,4.488,2.432,,207.34,207.34,207.34,45.00,0.00,6.47,49.91,0.00,iz-PERIMETER_TOP_ZN_1_CEILING,Other/Same Surface Int Conv,ASHRAETARP,NoSun,NoWind,0.00,1.00,0.00,1.00,4
,83,PERIMETER_TOP_ZN_1_INTERNALMASS_1,Internal Mass,,CTF - ConductionTransferFunction,INTERIORFURNISHINGS,0.800,0.800,,414.67,414.67,414.67,0.00,90.00,414.67,1.00,0.00,PERIMETER_TOP_ZN_1_INTERNALMASS_1,Other/Same Surface Int Conv,ASHRAETARP,NoSun,NoWind,0.00,0.50,1.00,0.00,0
,84,PERIMETER_TOP_ZN_4_WALL_WEST,Wall,,CTF - ConductionTransferFunction,NONRES_EXT_WALL_TOP,1.032,0.894,,47.77,91.28,47.77,270.00,90.00,33.27,2.74,0.00,ExternalEnvironment,ASHRAETARP,ASHRAETARP,SunExposed,WindExposed,0.50,0.50,0.50,0.50,4
,85,PERIMETER_TOP_ZN_4_WALL_WEST_WINDOW,Window,PERIMETER_TOP_ZN_4_WALL_WEST,Window5 Detailed Fenestration,WINDOW_U_0.363_SHGC_WEST_0.378,N/A,0.350,No,43.51,43.51,43.51,270.00,90.00,33.27,1.31,0.00,ExternalEnvironment,ASHRAETARP,ASHRAETARP,SunExposed,WindExposed,0.50,0.50,0.50,0.50,4
,86,PERIMETER_TOP_ZN_4_WALL_SOUTH,Wall,,CTF - ConductionTransferFunction,INT_WALL,6.299,3.242,,17.74,17.74,17.74,135.00,90.00,6.47,2.74,0.00,iz-PERIMETER_TOP_ZN_4_WALL_SOUTH,Other/Same Surface Int Conv,ASHRAETARP,NoSun,NoWind,0.50,0.50,0.50,0.50,4
,87,iz-PERIMETER_TOP_ZN_3_WALL_WEST,Wall,,CTF - ConductionTransferFunction,INT_WALL,6.299,3.242,,17.74,17.74,17.74,45.00,90.00,6.47,2.74,0.00,PERIMETER_TOP_ZN_3_WALL_WEST,Other/Same Surface Int Conv,ASHRAETARP,NoSun,NoWind,0.50,0.50,0.50,0.50,4
,88,iz-CORE_TOP_ZN_5_WALL_WEST,Wall,,CTF - ConductionTransferFunction,INT_WALL,6.299,3.242,,66.19,66.19,66.19,90.00,90.00,24.13,2.74,0.00,CORE_TOP_ZN_5_WALL_WEST,Other/Same Surface Int Conv,ASHRAETARP,NoSun,NoWind,0.50,0.50,0.50,0.50,4
,89,PERIMETER_TOP_ZN_4_FLOOR,Floor,,CTF - ConductionTransferFunction,INT_SLAB_FLOOR,3.839,1.986,,131.25,131.25,131.25,270.00,180.00,24.13,6.47,0.00,iz-PERIMETER_TOP_ZN_4_FLOOR,Other/Same Surface Int Conv,ASHRAETARP,NoSun,NoWind,1.00,0.00,1.00,0.00,4
,90,PERIMETER_TOP_ZN_4_CEILING,Roof,,CTF - ConductionTransferFunction,DROPCEILING,4.488,2.432,,131.25,131.25,131.25,135.00,0.00,6.47,33.27,0.00,iz-PERIMETER_TOP_ZN_4_CEILING,Other/Same Surface Int Conv,ASHRAETARP,NoSun,NoWind,0.00,1.00,0.00,1.00,4
,91,PERIMETER_TOP_ZN_4_INTERNALMASS_1,Internal Mass,,CTF - ConductionTransferFunction,INTERIORFURNISHINGS,0.800,0.800,,262.51,262.51,262.51,0.00,90.00,262.51,1.00,0.00,PERIMETER_TOP_ZN_4_INTERNALMASS_1,Other/Same Surface Int Conv,ASHRAETARP,NoSun,NoWind,0.00,0.50,1.00,0.00,0
,92,PERIMETER_BOT_ZN_3_WALL_NORTH,Wall,,CTF - ConductionTransferFunction,NONRES_EXT_WALL_GRD,0.802,0.716,,67.75,136.92,67.75,0.00,90.00,49.91,2.74,0.00,ExternalEnvironment,ASHRAETARP,ASHRAETARP,SunExposed,WindExposed,0.50,0.50,0.50,0.50,4
,93,PERIMETER_BOT_ZN_3_WALL_NORTH_WINDOW1,Window,PERIMETER_BOT_ZN_3_WALL_NORTH,Window5 Detailed Fenestration,WINDOW_U_0.363_SHGC_NORTH_0.378,N/A,0.350,No,21.75,21.75,21.75,0.00,90.00,15.82,1.37,0.00,ExternalEnvironment,ASHRAETARP,ASHRAETARP,SunExposed,WindExposed,0.50,0.50,0.50,0.50,4
,94,PERIMETER_BOT_ZN_3_WALL_NORTH_WINDOW2,Window,PERIMETER_BOT_ZN_3_WALL_NORTH,Window5 Detailed Fenestration,WINDOW_U_0.363_SHGC_NORTH_0.378,N/A,0.350,No,21.75,21.75,21.75,0.00,90.00,15.82,1.37,0.00,ExternalEnvironment,ASHRAETARP,ASHRAETARP,SunExposed,WindExposed,0.50,0.50,0.50,0.50,4
,95,PERIMETER_BOT_ZN_3_WALL_NORTH_WINDOW3,Window,PERIMETER_BOT_ZN_3_WALL_NORTH,Window5 Detailed Fenestration,WINDOW_U_0.363_SHGC_NORTH_0.378,N/A,0.350,No,21.75,21.75,21.75,0.00,90.00,15.82,1.37,0.00,ExternalEnvironment,ASHRAETARP,ASHRAETARP,SunExposed,WindExposed,0.50,0.50,0.50,0.50,4
,96,PERIMETER_BOT_ZN_3_WALL_NORTH_DOOR1,Door,PERIMETER_BOT_ZN_3_WALL_NORTH,CTF - ConductionTransferFunction,SWINGING DOOR_CON,2.101,2.101,,1.95,1.95,1.95,0.00,90.00,0.91,2.13,0.00,ExternalEnvironment,ASHRAETARP,ASHRAETARP,SunExposed,WindExposed,0.50,0.50,0.50,0.50,4
,97,PERIMETER_BOT_ZN_3_WALL_NORTH_DOOR2,Door,PERIMETER_BOT_ZN_3_WALL_NORTH,CTF - ConductionTransferFunction,SWINGING DOOR_CON,2.101,2.101,,1.95,1.95,1.95,0.00,90.00,0.91,2.13,0.00,ExternalEnvironment,ASHRAETARP,ASHRAETARP,SunExposed,WindExposed,0.50,0.50,0.50,0.50,4
,98,PERIMETER_BOT_ZN_3_WALL_WEST,Wall,,CTF - ConductionTransferFunction,INT_WALL,6.299,3.242,,17.74,17.74,17.74,225.00,90.00,6.47,2.74,0.00,iz-PERIMETER_BOT_ZN_3_WALL_WEST,Other/Same Surface Int Conv,ASHRAETARP,NoSun,NoWind,0.50,0.50,0.50,0.50,4
,99,iz-PERIMETER_BOT_ZN_2_WALL_NORTH,Wall,,CTF - ConductionTransferFunction,INT_WALL,6.299,3.242,,17.74,17.74,17.74,135.00,90.00,6.47,2.74,0.00,PERIMETER_BOT_ZN_2_WALL_NORTH,Other/Same Surface Int Conv,ASHRAETARP,NoSun,NoWind,0.50,0.50,0.50,0.50,4
,100,iz-CORE_BOT_ZN_5_WALL_NORTH,Wall,,CTF - ConductionTransferFunction,INT_WALL,6.299,3.242,,111.82,111.82,111.82,180.00,90.00,40.76,2.74,0.00,CORE_BOT_ZN_5_WALL_NORTH,Other/Same Surface Int Conv,ASHRAETARP,NoSun,NoWind,0.50,0.50,0.50,0.50,4
,101,PERIMETER_BOT_ZN_3_FLOOR,Floor,,CTF - ConductionTransferFunction,PERIMETER_BOT_ZN_3_FLOOR_FFACTOR,0.224,0.213,,207.34,207.34,207.34,0.00,180.00,40.76,6.47,0.00,FCGround,N/A-FCGround,ASHRAETARP,NoSun,NoWind,1.00,0.00,1.00,0.00,4
,102,PERIMETER_BOT_ZN_3_CEILING,Roof,,CTF - ConductionTransferFunction,DROPCEILING,4.488,2.432,,207.34,207.34,207.34,180.00,0.00,40.76,6.47,0.00,iz-PERIMETER_BOT_ZN_3_CEILING,Other/Same Surface Int Conv,ASHRAETARP,NoSun,NoWind,0.00,1.00,0.00,1.00,4
,103,PERIMETER_BOT_ZN_3_INTERNALMASS_1,Internal Mass,,CTF - ConductionTransferFunction,INTERIORFURNISHINGS,0.800,0.800,,414.68,414.68,414.68,0.00,90.00,414.68,1.00,0.00,PERIMETER_BOT_ZN_3_INTERNALMASS_1,Other/Same Surface Int Conv,ASHRAETARP,NoSun,NoWind,0.00,0.50,1.00,0.00,0
,104,PERIMETER_BOT_ZN_2_WALL_EAST,Wall,,CTF - ConductionTransferFunction,NONRES_EXT_WALL_GRD,0.802,0.716,,45.82,91.28,45.82,90.00,90.00,33.27,2.74,0.00,ExternalEnvironment,ASHRAETARP,ASHRAETARP,SunExposed,WindExposed,0.50,0.50,0.50,0.50,4
,105,PERIMETER_BOT_ZN_2_WALL_EAST_WINDOW1,Window,PERIMETER_BOT_ZN_2_WALL_EAST,Window5 Detailed Fenestration,WINDOW_U_0.363_SHGC_EAST_0.378,N/A,0.350,No,41.85,41.85,41.85,90.00,90.00,30.84,1.36,0.00,ExternalEnvironment,ASHRAETARP,ASHRAETARP,SunExposed,WindExposed,0.50,0.50,0.50,0.50,4
,106,PERIMETER_BOT_ZN_2_WALL_EAST_WINDOW2,Window,PERIMETER_BOT_ZN_2_WALL_EAST,Window5 Detailed Fenestration,WINDOW_U_0.363_SHGC_EAST_0.378,N/A,0.350,No,1.65,1.65,1.65,90.00,90.00,1.22,1.36,0.00,ExternalEnvironment,ASHRAETARP,ASHRAETARP,SunExposed,WindExposed,0.50,0.50,0.50,0.50,4
,107,PERIMETER_BOT_ZN_2_WALL_EAST_DOOR,Door,PERIMETER_BOT_ZN_2_WALL_EAST,CTF - ConductionTransferFunction,SWINGING DOOR_CON,2.101,2.101,,1.95,1.95,1.95,90.00,90.00,0.91,2.13,0.00,ExternalEnvironment,ASHRAETARP,ASHRAETARP,SunExposed,WindExposed,0.50,0.50,0.50,0.50,4
,108,PERIMETER_BOT_ZN_2_WALL_NORTH,Wall,,CTF - ConductionTransferFunction,INT_WALL,6.299,3.242,,17.74,17.74,17.74,315.00,90.00,6.47,2.74,0.00,iz-PERIMETER_BOT_ZN_2_WALL_NORTH,Other/Same Surface Int Conv,ASHRAETARP,NoSun,NoWind,0.50,0.50,0.50,0.50,4
,109,iz-PERIMETER_BOT_ZN_1_WALL_EAST,Wall,,CTF - ConductionTransferFunction,INT_WALL,6.299,3.242,,17.74,17.74,17.74,225.00,90.00,6.47,2.74,0.00,PERIMETER_BOT_ZN_1_WALL_EAST,Other/Same Surface Int Conv,ASHRAETARP,NoSun,NoWind,0.50,0.50,0.50,0.50,4
,110,iz-CORE_BOT_ZN_5_WALL_EAST,Wall,,CTF - ConductionTransferFunction,INT_WALL,6.299,3.242,,66.19,66.19,66.19,270.00,90.00,24.13,2.74,0.00,CORE_BOT_ZN_5_WALL_EAST,Other/Same Surface Int Conv,ASHRAETARP,NoSun,NoWind,0.50,0.50,0.50,0.50,4
,111,PERIMETER_BOT_ZN_2_FLOOR,Floor,,CTF - ConductionTransferFunction,PERIMETER_BOT_ZN_2_FLOOR_FFACTOR,0.237,0.224,,131.26,131.26,131.26,90.00,180.00,24.13,6.47,0.00,FCGround,N/A-FCGround,ASHRAETARP,NoSun,NoWind,1.00,0.00,1.00,0.00,4
,112,PERIMETER_BOT_ZN_2_CEILING,Roof,,CTF - ConductionTransferFunction,DROPCEILING,4.488,2.432,,131.26,131.26,131.26,270.00,0.00,24.13,6.47,0.00,iz-PERIMETER_BOT_ZN_2_CEILING,Other/Same Surface Int Conv,ASHRAETARP,NoSun,NoWind,0.00,1.00,0.00,1.00,4
,113,PERIMETER_BOT_ZN_2_INTERNALMASS_1,Internal Mass,,CTF - ConductionTransferFunction,INTERIORFURNISHINGS,0.800,0.800,,262.51,262.51,262.51,0.00,90.00,262.51,1.00,0.00,PERIMETER_BOT_ZN_2_INTERNALMASS_1,Other/Same Surface Int Conv,ASHRAETARP,NoSun,NoWind,0.00,0.50,1.00,0.00,0
,114,PERIMETER_BOT_ZN_1_WALL_SOUTH,Wall,,CTF - ConductionTransferFunction,NONRES_EXT_WALL_GRD,0.802,0.716,,67.75,136.92,67.75,180.00,90.00,49.91,2.74,0.00,ExternalEnvironment,ASHRAETARP,ASHRAETARP,SunExposed,WindExposed,0.50,0.50,0.50,0.50,4
,115,PERIMETER_BOT_ZN_1_WALL_SOUTH_WINDOW1,Window,PERIMETER_BOT_ZN_1_WALL_SOUTH,Window5 Detailed Fenestration,WINDOW_U_0.363_SHGC_SOUTH_0.378,N/A,0.350,No,21.75,21.75,21.75,180.00,90.00,15.82,1.37,0.00,ExternalEnvironment,ASHRAETARP,ASHRAETARP,SunExposed,WindExposed,0.50,0.50,0.50,0.50,4
,116,PERIMETER_BOT_ZN_1_WALL_SOUTH_WINDOW2,Window,PERIMETER_BOT_ZN_1_WALL_SOUTH,Window5 Detailed Fenestration,WINDOW_U_0.363_SHGC_SOUTH_0.378,N/A,0.350,No,21.75,21.75,21.75,180.00,90.00,15.82,1.37,0.00,ExternalEnvironment,ASHRAETARP,ASHRAETARP,SunExposed,WindExposed,0.50,0.50,0.50,0.50,4
,117,PERIMETER_BOT_ZN_1_WALL_SOUTH_WINDOW3,Window,PERIMETER_BOT_ZN_1_WALL_SOUTH,Window5 Detailed Fenestration,WINDOW_U_0.363_SHGC_SOUTH_0.378,N/A,0.350,No,21.75,21.75,21.75,180.00,90.00,15.82,1.37,0.00,ExternalEnvironment,ASHRAETARP,ASHRAETARP,SunExposed,WindExposed,0.50,0.50,0.50,0.50,4
,118,PERIMETER_BOT_ZN_1_WALL_SOUTH_DOOR1,Door,PERIMETER_BOT_ZN_1_WALL_SOUTH,CTF - ConductionTransferFunction,SWINGING DOOR_CON,2.101,2.101,,1.95,1.95,1.95,180.00,90.00,0.91,2.13,0.00,ExternalEnvironment,ASHRAETARP,ASHRAETARP,SunExposed,WindExposed,0.50,0.50,0.50,0.50,4
,119,PERIMETER_BOT_ZN_1_WALL_SOUTH_DOOR2,Door,PERIMETER_BOT_ZN_1_WALL_SOUTH,CTF - ConductionTransferFunction,SWINGING DOOR_CON,2.101,2.101,,1.95,1.95,1.95,180.00,90.00,0.91,2.13,0.00,ExternalEnvironment,ASHRAETARP,ASHRAETARP,SunExposed,WindExposed,0.50,0.50,0.50,0.50,4
,120,PERIMETER_BOT_ZN_1_WALL_EAST,Wall,,CTF - ConductionTransferFunction,INT_WALL,6.299,3.242,,17.74,17.74,17.74,45.00,90.00,6.47,2.74,0.00,iz-PERIMETER_BOT_ZN_1_WALL_EAST,Other/Same Surface Int Conv,ASHRAETARP,NoSun,NoWind,0.50,0.50,0.50,0.50,4
,121,iz-PERIMETER_BOT_ZN_4_WALL_SOUTH,Wall,,CTF - ConductionTransferFunction,INT_WALL,6.299,3.242,,17.74,17.74,17.74,315.00,90.00,6.47,2.74,0.00,PERIMETER_BOT_ZN_4_WALL_SOUTH,Other/Same Surface Int Conv,ASHRAETARP,NoSun,NoWind,0.50,0.50,0.50,0.50,4
,122,iz-CORE_BOT_ZN_5_WALL_SOUTH,Wall,,CTF - ConductionTransferFunction,INT_WALL,6.299,3.242,,111.82,111.82,111.82,0.00,90.00,40.76,2.74,0.00,CORE_BOT_ZN_5_WALL_SOUTH,Other/Same Surface Int Conv,ASHRAETARP,NoSun,NoWind,0.50,0.50,0.50,0.50,4
,123,PERIMETER_BOT_ZN_1_FLOOR,Floor,,CTF - ConductionTransferFunction,PERIMETER_BOT_ZN_1_FLOOR_FFACTOR,0.224,0.213,,207.34,207.34,207.34,180.00,180.00,40.76,6.47,0.00,FCGround,N/A-FCGround,ASHRAETARP,NoSun,NoWind,1.00,0.00,1.00,0.00,4
,124,PERIMETER_BOT_ZN_1_CEILING,Roof,,CTF - ConductionTransferFunction,DROPCEILING,4.488,2.432,,207.34,207.34,207.34,0.00,0.00,40.76,6.47,0.00,iz-PERIMETER_BOT_ZN_1_CEILING,Other/Same Surface Int Conv,ASHRAETARP,NoSun,NoWind,0.00,1.00,0.00,1.00,4
,125,PERIMETER_BOT_ZN_1_INTERNALMASS_1,Internal Mass,,CTF - ConductionTransferFunction,INTERIORFURNISHINGS,0.800,0.800,,414.67,414.67,414.67,0.00,90.00,414.67,1.00,0.00,PERIMETER_BOT_ZN_1_INTERNALMASS_1,Other/Same Surface Int Conv,ASHRAETARP,NoSun,NoWind,0.00,0.50,1.00,0.00,0
,126,PERIMETER_BOT_ZN_4_WALL_WEST,Wall,,CTF - ConductionTransferFunction,NONRES_EXT_WALL_GRD,0.802,0.716,,45.82,91.28,45.82,270.00,90.00,33.27,2.74,0.00,ExternalEnvironment,ASHRAETARP,ASHRAETARP,SunExposed,WindExposed,0.50,0.50,0.50,0.50,4
,127,PERIMETER_BOT_ZN_4_WALL_WEST_WINDOW1,Window,PERIMETER_BOT_ZN_4_WALL_WEST,Window5 Detailed Fenestration,WINDOW_U_0.363_SHGC_WEST_0.378,N/A,0.350,No,41.85,41.85,41.85,270.00,90.00,30.84,1.36,0.00,ExternalEnvironment,ASHRAETARP,ASHRAETARP,SunExposed,WindExposed,0.50,0.50,0.50,0.50,4
,128,PERIMETER_BOT_ZN_4_WALL_WEST_WINDOW2,Window,PERIMETER_BOT_ZN_4_WALL_WEST,Window5 Detailed Fenestration,WINDOW_U_0.363_SHGC_WEST_0.378,N/A,0.350,No,1.65,1.65,1.65,270.00,90.00,1.22,1.36,0.00,ExternalEnvironment,ASHRAETARP,ASHRAETARP,SunExposed,WindExposed,0.50,0.50,0.50,0.50,4
,129,PERIMETER_BOT_ZN_4_WALL_WEST_DOOR,Door,PERIMETER_BOT_ZN_4_WALL_WEST,CTF - ConductionTransferFunction,SWINGING DOOR_CON,2.101,2.101,,1.95,1.95,1.95,270.00,90.00,0.91,2.13,0.00,ExternalEnvironment,ASHRAETARP,ASHRAETARP,SunExposed,WindExposed,0.50,0.50,0.50,0.50,4
,130,PERIMETER_BOT_ZN_4_WALL_SOUTH,Wall,,CTF - ConductionTransferFunction,INT_WALL,6.299,3.242,,17.74,17.74,17.74,135.00,90.00,6.47,2.74,0.00,iz-PERIMETER_BOT_ZN_4_WALL_SOUTH,Other/Same Surface Int Conv,ASHRAETARP,NoSun,NoWind,0.50,0.50,0.50,0.50,4
,131,iz-PERIMETER_BOT_ZN_3_WALL_WEST,Wall,,CTF - ConductionTransferFunction,INT_WALL,6.299,3.242,,17.74,17.74,17.74,45.00,90.00,6.47,2.74,0.00,PERIMETER_BOT_ZN_3_WALL_WEST,Other/Same Surface Int Conv,ASHRAETARP,NoSun,NoWind,0.50,0.50,0.50,0.50,4
,132,iz-CORE_BOT_ZN_5_WALL_WEST,Wall,,CTF - ConductionTransferFunction,INT_WALL,6.299,3.242,,66.19,66.19,66.19,90.00,90.00,24.13,2.74,0.00,CORE_BOT_ZN_5_WALL_WEST,Other/Same Surface Int Conv,ASHRAETARP,NoSun,NoWind,0.50,0.50,0.50,0.50,4
,133,PERIMETER_BOT_ZN_4_FLOOR,Floor,,CTF - ConductionTransferFunction,PERIMETER_BOT_ZN_4_FLOOR_FFACTOR,0.237,0.224,,131.25,131.25,131.25,270.00,180.00,24.13,6.47,0.00,FCGround,N/A-FCGround,ASHRAETARP,NoSun,NoWind,1.00,0.00,1.00,0.00,4
,134,PERIMETER_BOT_ZN_4_CEILING,Roof,,CTF - ConductionTransferFunction,DROPCEILING,4.488,2.432,,131.25,131.25,131.25,90.00,0.00,24.13,6.47,0.00,iz-PERIMETER_BOT_ZN_4_CEILING,Other/Same Surface Int Conv,ASHRAETARP,NoSun,NoWind,0.00,1.00,0.00,1.00,4
,135,PERIMETER_BOT_ZN_4_INTERNALMASS_1,Internal Mass,,CTF - ConductionTransferFunction,INTERIORFURNISHINGS,0.800,0.800,,262.51,262.51,262.51,0.00,90.00,262.51,1.00,0.00,PERIMETER_BOT_ZN_4_INTERNALMASS_1,Other/Same Surface Int Conv,ASHRAETARP,NoSun,NoWind,0.00,0.50,1.00,0.00,0
,136,PERIMETER_MID_ZN_3_WALL_NORTH,Wall,,CTF - ConductionTransferFunction,NONRES_EXT_WALL_MID,0.789,0.705,,71.65,136.92,71.65,0.00,90.00,49.91,2.74,0.00,ExternalEnvironment,ASHRAETARP,ASHRAETARP,SunExposed,WindExposed,0.50,0.50,0.50,0.50,4
,137,PERIMETER_MID_ZN_3_WALL_NORTH_WINDOW,Window,PERIMETER_MID_ZN_3_WALL_NORTH,Window5 Detailed Fenestration,WINDOW_U_0.363_SHGC_NORTH_0.378,N/A,0.350,No,65.26,65.26,65.26,0.00,90.00,49.91,1.31,0.00,ExternalEnvironment,ASHRAETARP,ASHRAETARP,SunExposed,WindExposed,0.50,0.50,0.50,0.50,4
,138,PERIMETER_MID_ZN_3_WALL_WEST,Wall,,CTF - ConductionTransferFunction,INT_WALL,6.299,3.242,,17.74,17.74,17.74,225.00,90.00,6.47,2.74,0.00,iz-PERIMETER_MID_ZN_3_WALL_WEST,Other/Same Surface Int Conv,ASHRAETARP,NoSun,NoWind,0.50,0.50,0.50,0.50,4
,139,iz-PERIMETER_MID_ZN_2_WALL_NORTH,Wall,,CTF - ConductionTransferFunction,INT_WALL,6.299,3.242,,17.74,17.74,17.74,135.00,90.00,6.47,2.74,0.00,PERIMETER_MID_ZN_2_WALL_NORTH,Other/Same Surface Int Conv,ASHRAETARP,NoSun,NoWind,0.50,0.50,0.50,0.50,4
,140,iz-CORE_MID_ZN_5_WALL_NORTH,Wall,,CTF - ConductionTransferFunction,INT_WALL,6.299,3.242,,111.82,111.82,111.82,180.00,90.00,40.76,2.74,0.00,CORE_MID_ZN_5_WALL_NORTH,Other/Same Surface Int Conv,ASHRAETARP,NoSun,NoWind,0.50,0.50,0.50,0.50,4
,141,PERIMETER_MID_ZN_3_FLOOR,Floor,,CTF - ConductionTransferFunction,INT_SLAB_FLOOR,3.839,1.986,,207.34,207.34,207.34,0.00,180.00,40.76,6.47,0.00,iz-PERIMETER_MID_ZN_3_FLOOR,Other/Same Surface Int Conv,ASHRAETARP,NoSun,NoWind,1.00,0.00,1.00,0.00,4
,142,PERIMETER_MID_ZN_3_CEILING,Roof,,CTF - ConductionTransferFunction,DROPCEILING,4.488,2.432,,207.34,207.34,207.34,180.00,0.00,40.76,6.47,0.00,iz-PERIMETER_MID_ZN_3_CEILING,Other/Same Surface Int Conv,ASHRAETARP,NoSun,NoWind,0.00,1.00,0.00,1.00,4
,143,PERIMETER_MID_ZN_3_INTERNALMASS_1,Internal Mass,,CTF - ConductionTransferFunction,INTERIORFURNISHINGS,0.800,0.800,,414.68,414.68,414.68,0.00,90.00,414.68,1.00,0.00,PERIMETER_MID_ZN_3_INTERNALMASS_1,Other/Same Surface Int Conv,ASHRAETARP,NoSun,NoWind,0.00,0.50,1.00,0.00,0
,144,PERIMETER_MID_ZN_2_WALL_EAST,Wall,,CTF - ConductionTransferFunction,NONRES_EXT_WALL_MID,0.789,0.705,,47.77,91.28,47.77,90.00,90.00,33.27,2.74,0.00,ExternalEnvironment,ASHRAETARP,ASHRAETARP,SunExposed,WindExposed,0.50,0.50,0.50,0.50,4
,145,PERIMETER_MID_ZN_2_WALL_EAST_WINDOW,Window,PERIMETER_MID_ZN_2_WALL_EAST,Window5 Detailed Fenestration,WINDOW_U_0.363_SHGC_EAST_0.378,N/A,0.350,No,43.51,43.51,43.51,90.00,90.00,33.27,1.31,0.00,ExternalEnvironment,ASHRAETARP,ASHRAETARP,SunExposed,WindExposed,0.50,0.50,0.50,0.50,4
,146,PERIMETER_MID_ZN_2_WALL_NORTH,Wall,,CTF - ConductionTransferFunction,INT_WALL,6.299,3.242,,17.74,17.74,17.74,315.00,90.00,6.47,2.74,0.00,iz-PERIMETER_MID_ZN_2_WALL_NORTH,Other/Same Surface Int Conv,ASHRAETARP,NoSun,NoWind,0.50,0.50,0.50,0.50,4
,147,iz-PERIMETER_MID_ZN_1_WALL_EAST,Wall,,CTF - ConductionTransferFunction,INT_WALL,6.299,3.242,,17.74,17.74,17.74,225.00,90.00,6.47,2.74,0.00,PERIMETER_MID_ZN_1_WALL_EAST,Other/Same Surface Int Conv,ASHRAETARP,NoSun,NoWind,0.50,0.50,0.50,0.50,4
,148,iz-CORE_MID_ZN_5_WALL_EAST,Wall,,CTF - ConductionTransferFunction,INT_WALL,6.299,3.242,,66.19,66.19,66.19,270.00,90.00,24.13,2.74,0.00,CORE_MID_ZN_5_WALL_EAST,Other/Same Surface Int Conv,ASHRAETARP,NoSun,NoWind,0.50,0.50,0.50,0.50,4
,149,PERIMETER_MID_ZN_2_FLOOR,Floor,,CTF - ConductionTransferFunction,INT_SLAB_FLOOR,3.839,1.986,,131.26,131.26,131.26,90.00,180.00,24.13,6.47,0.00,iz-PERIMETER_MID_ZN_2_FLOOR,Other/Same Surface Int Conv,ASHRAETARP,NoSun,NoWind,1.00,0.00,1.00,0.00,4
,150,PERIMETER_MID_ZN_2_CEILING,Roof,,CTF - ConductionTransferFunction,DROPCEILING,4.488,2.432,,131.26,131.26,131.26,270.00,0.00,24.13,6.47,0.00,iz-PERIMETER_MID_ZN_2_CEILING,Other/Same Surface Int Conv,ASHRAETARP,NoSun,NoWind,0.00,1.00,0.00,1.00,4
,151,PERIMETER_MID_ZN_2_INTERNALMASS_1,Internal Mass,,CTF - ConductionTransferFunction,INTERIORFURNISHINGS,0.800,0.800,,262.51,262.51,262.51,0.00,90.00,262.51,1.00,0.00,PERIMETER_MID_ZN_2_INTERNALMASS_1,Other/Same Surface Int Conv,ASHRAETARP,NoSun,NoWind,0.00,0.50,1.00,0.00,0
,152,PERIMETER_MID_ZN_1_WALL_SOUTH,Wall,,CTF - ConductionTransferFunction,NONRES_EXT_WALL_MID,0.789,0.705,,71.65,136.92,71.65,180.00,90.00,49.91,2.74,0.00,ExternalEnvironment,ASHRAETARP,ASHRAETARP,SunExposed,WindExposed,0.50,0.50,0.50,0.50,4
,153,PERIMETER_MID_ZN_1_WALL_SOUTH_WINDOW,Window,PERIMETER_MID_ZN_1_WALL_SOUTH,Window5 Detailed Fenestration,WINDOW_U_0.363_SHGC_SOUTH_0.378,N/A,0.350,No,65.26,65.26,65.26,180.00,90.00,49.91,1.31,0.00,ExternalEnvironment,ASHRAETARP,ASHRAETARP,SunExposed,WindExposed,0.50,0.50,0.50,0.50,4
,154,PERIMETER_MID_ZN_1_WALL_EAST,Wall,,CTF - ConductionTransferFunction,INT_WALL,6.299,3.242,,17.74,17.74,17.74,45.00,90.00,6.47,2.74,0.00,iz-PERIMETER_MID_ZN_1_WALL_EAST,Other/Same Surface Int Conv,ASHRAETARP,NoSun,NoWind,0.50,0.50,0.50,0.50,4
,155,iz-PERIMETER_MID_ZN_4_WALL_SOUTH,Wall,,CTF - ConductionTransferFunction,INT_WALL,6.299,3.242,,17.74,17.74,17.74,315.00,90.00,6.47,2.74,0.00,PERIMETER_MID_ZN_4_WALL_SOUTH,Other/Same Surface Int Conv,ASHRAETARP,NoSun,NoWind,0.50,0.50,0.50,0.50,4
,156,iz-CORE_MID_ZN_5_WALL_SOUTH,Wall,,CTF - ConductionTransferFunction,INT_WALL,6.299,3.242,,111.82,111.82,111.82,0.00,90.00,40.76,2.74,0.00,CORE_MID_ZN_5_WALL_SOUTH,Other/Same Surface Int Conv,ASHRAETARP,NoSun,NoWind,0.50,0.50,0.50,0.50,4
,157,PERIMETER_MID_ZN_1_FLOOR,Floor,,CTF - ConductionTransferFunction,INT_SLAB_FLOOR,3.839,1.986,,207.34,207.34,207.34,180.00,180.00,40.76,6.47,0.00,iz-PERIMETER_MID_ZN_1_FLOOR,Other/Same Surface Int Conv,ASHRAETARP,NoSun,NoWind,1.00,0.00,1.00,0.00,4
,158,PERIMETER_MID_ZN_1_CEILING,Roof,,CTF - ConductionTransferFunction,DROPCEILING,4.488,2.432,,207.34,207.34,207.34,0.00,0.00,40.76,6.47,0.00,iz-PERIMETER_MID_ZN_1_CEILING,Other/Same Surface Int Conv,ASHRAETARP,NoSun,NoWind,0.00,1.00,0.00,1.00,4
,159,PERIMETER_MID_ZN_1_INTERNALMASS_1,Internal Mass,,CTF - ConductionTransferFunction,INTERIORFURNISHINGS,0.800,0.800,,414.67,414.67,414.67,0.00,90.00,414.67,1.00,0.00,PERIMETER_MID_ZN_1_INTERNALMASS_1,Other/Same Surface Int Conv,ASHRAETARP,NoSun,NoWind,0.00,0.50,1.00,0.00,0
,160,PERIMETER_MID_ZN_4_WALL_WEST,Wall,,CTF - ConductionTransferFunction,NONRES_EXT_WALL_MID,0.789,0.705,,47.77,91.28,47.77,270.00,90.00,33.27,2.74,0.00,ExternalEnvironment,ASHRAETARP,ASHRAETARP,SunExposed,WindExposed,0.50,0.50,0.50,0.50,4
,161,PERIMETER_MID_ZN_4_WALL_WEST_WINDOW,Window,PERIMETER_MID_ZN_4_WALL_WEST,Window5 Detailed Fenestration,WINDOW_U_0.363_SHGC_WEST_0.378,N/A,0.350,No,43.51,43.51,43.51,270.00,90.00,33.27,1.31,0.00,ExternalEnvironment,ASHRAETARP,ASHRAETARP,SunExposed,WindExposed,0.50,0.50,0.50,0.50,4
,162,PERIMETER_MID_ZN_4_WALL_SOUTH,Wall,,CTF - ConductionTransferFunction,INT_WALL,6.299,3.242,,17.74,17.74,17.74,135.00,90.00,6.47,2.74,0.00,iz-PERIMETER_MID_ZN_4_WALL_SOUTH,Other/Same Surface Int Conv,ASHRAETARP,NoSun,NoWind,0.50,0.50,0.50,0.50,4
,163,iz-PERIMETER_MID_ZN_3_WALL_WEST,Wall,,CTF - ConductionTransferFunction,INT_WALL,6.299,3.242,,17.74,17.74,17.74,45.00,90.00,6.47,2.74,0.00,PERIMETER_MID_ZN_3_WALL_WEST,Other/Same Surface Int Conv,ASHRAETARP,NoSun,NoWind,0.50,0.50,0.50,0.50,4
,164,iz-CORE_MID_ZN_5_WALL_WEST,Wall,,CTF - ConductionTransferFunction,INT_WALL,6.299,3.242,,66.19,66.19,66.19,90.00,90.00,24.13,2.74,0.00,CORE_MID_ZN_5_WALL_WEST,Other/Same Surface Int Conv,ASHRAETARP,NoSun,NoWind,0.50,0.50,0.50,0.50,4
,165,PERIMETER_MID_ZN_4_FLOOR,Floor,,CTF - ConductionTransferFunction,INT_SLAB_FLOOR,3.839,1.986,,131.25,131.25,131.25,270.00,180.00,24.13,6.47,0.00,iz-PERIMETER_MID_ZN_4_FLOOR,Other/Same Surface Int Conv,ASHRAETARP,NoSun,NoWind,1.00,0.00,1.00,0.00,4
,166,PERIMETER_MID_ZN_4_CEILING,Roof,,CTF - ConductionTransferFunction,DROPCEILING,4.488,2.432,,131.25,131.25,131.25,90.00,0.00,24.13,6.47,0.00,iz-PERIMETER_MID_ZN_4_CEILING,Other/Same Surface Int Conv,ASHRAETARP,NoSun,NoWind,0.00,1.00,0.00,1.00,4
,167,PERIMETER_MID_ZN_4_INTERNALMASS_1,Internal Mass,,CTF - ConductionTransferFunction,INTERIORFURNISHINGS,0.800,0.800,,262.51,262.51,262.51,0.00,90.00,262.51,1.00,0.00,PERIMETER_MID_ZN_4_INTERNALMASS_1,Other/Same Surface Int Conv,ASHRAETARP,NoSun,NoWind,0.00,0.50,1.00,0.00,0


Environment

,,Environment Name,Environment Type,Start Date,End Date,Start DayOfWeek,Duration {#days},Source:Start DayOfWeek,Use Daylight Saving,Use Holidays,Apply Weekend Holiday Rule,Use Rain Values,Use Snow Values,Sky Temperature Model
,1,RUNPERIOD 1,WeatherFileRunPeriod,01/01/2017,12/31/2017,Sunday,365,Use RunPeriod Specified Day,No,No,No,Yes,Yes,Clark and Allen


Environment:Special Days

,,Special Day Name,Special Day Type,Source,Start Date,Duration {#days}
,1,NEW YEARS DAY,Holiday,InputFile,01/01,1Environment:Special Days


Environment:Daylight Saving

,,Daylight Saving Indicator,Source,Start Date,End Date
,1,Yes,InputFile,03/12,11/05


Tabular Report

,,Style,Unit Conversion
,1,Commaandhtml,commaandhtml


Warmup Convergence Information

,,Zone Name,Environment Type/Name,Average Warmup Temperature Difference {deltaC},Std Dev Warmup Temperature Difference {deltaC},Max Temperature Pass/Fail Convergence,Min Temperature Pass/Fail Convergence,Average Warmup Load Difference {W},Std Dev Warmup Load Difference {W},Heating Load Pass/Fail Convergence,Cooling Load Pass/Fail Convergence
,1,CORE_BOTTOM,RunPeriod: RUNPERIOD 1,3.2847822234E-002,2.3656268467E-002,Pass,Pass,0.7757031362,0.7887926485,Pass,Pass
,2,TOPFLOOR_PLENUM,RunPeriod: RUNPERIOD 1,0.3291077746,0.2949269077,Pass,Pass,21.0915939631,126.1036433775,Pass,Pass
,3,MIDFLOOR_PLENUM,RunPeriod: RUNPERIOD 1,0.1437338157,0.1213456160,Pass,Pass,0.9390921270,1.5716169850,Pass,Pass
,4,FIRSTFLOOR_PLENUM,RunPeriod: RUNPERIOD 1,0.1157696656,9.5865827402E-002,Pass,Pass,0.9752527490,1.8527178515,Pass,Pass
,5,CORE_MID,RunPeriod: RUNPERIOD 1,7.9882656514E-003,7.2062289733E-003,Pass,Pass,0.9901782715,3.0655268933,Pass,Pass
,6,CORE_TOP,RunPeriod: RUNPERIOD 1,4.2346221608E-002,3.1994410016E-002,Pass,Pass,0.6839257899,0.6816846958,Pass,Pass
,7,PERIMETER_TOP_ZN_3,RunPeriod: RUNPERIOD 1,0.2234411490,0.1617445251,Pass,Pass,0.6679780993,0.6672037675,Pass,Pass
,8,PERIMETER_TOP_ZN_2,RunPeriod: RUNPERIOD 1,0.2550005437,0.1938924446,Pass,Pass,0.6693706379,0.7057862713,Pass,Pass
,9,PERIMETER_TOP_ZN_1,RunPeriod: RUNPERIOD 1,0.2184680544,0.1734085968,Pass,Pass,0.6798894306,0.7194543589,Pass,Pass
,10,PERIMETER_TOP_ZN_4,RunPeriod: RUNPERIOD 1,0.2571261313,0.1979843074,Pass,Pass,0.6741064544,0.7386503663,Pass,Pass
,11,PERIMETER_BOT_ZN_3,RunPeriod: RUNPERIOD 1,0.1658884105,0.1155967754,Pass,Pass,0.6965423395,0.7457590206,Pass,Pass
,12,PERIMETER_BOT_ZN_2,RunPeriod: RUNPERIOD 1,0.1928503206,0.1409656788,Pass,Pass,0.7116911389,0.8360249898,Pass,Pass
,13,PERIMETER_BOT_ZN_1,RunPeriod: RUNPERIOD 1,0.1532270483,0.1185217026,Pass,Pass,0.6874026573,0.7321719161,Pass,Pass
,14,PERIMETER_BOT_ZN_4,RunPeriod: RUNPERIOD 1,0.1922151474,0.1419427679,Pass,Pass,0.6982036241,0.8038363430,Pass,Pass
,15,PERIMETER_MID_ZN_3,RunPeriod: RUNPERIOD 1,0.1486471444,0.1105809728,Pass,Pass,0.6848272966,0.6686538474,Pass,Pass
,16,PERIMETER_MID_ZN_2,RunPeriod: RUNPERIOD 1,0.1754477494,0.1369090255,Pass,Pass,0.6817939285,0.6928383935,Pass,Pass
,17,PERIMETER_MID_ZN_1,RunPeriod: RUNPERIOD 1,0.1391730210,0.1226208193,Pass,Pass,9.0646167717,99.9277180740,Pass,Pass
,18,PERIMETER_MID_ZN_4,RunPeriod: RUNPERIOD 1,0.1743473768,0.1383560053,Pass,Pass,0.6827370552,0.7039794243,Pass,Pass


----------------------------------------------------------------------------------------------------
REPORT:,Annual Heat Emissions Summary
FOR:,Entire Facility
Heat Emission by Components

,,Envelope Convection,Zone Exfiltration,Zone Exhaust Air,HVAC Relief Air,HVAC Reject Heat,Total
,Heat Emissions [GJ],3250.34,115.03,0.00,11864.57,86279.81,101509.76


----------------------------------------------------------------------------------------------------
REPORT:,Climatic Data Summary
FOR:,Entire Facility
SizingPeriod:DesignDay

,,Maximum Dry Bulb [C],Daily Temperature Range [deltaC],Humidity Value,Humidity Type,Wind Speed [m/s],Wind Direction
,BUFFALO.NIAGARA.INTL.AP_NY_USA ANN HTG 99.6% CONDNS DB,-16.30,0.00,-16.30,Wetbulb [C],5.10,270.00
,BUFFALO.NIAGARA.INTL.AP_NY_USA ANN CLG .4% CONDNS DB=>MWB,30.30,9.30,21.80,Wetbulb [C],5.70,240.00


Monthly Precipitation Summary

,,Monthly Total Precipitation from .epw [mm],Monthly Total Hours of Rain from .epw,Monthly Total Precipitation in Site:Precipitation [mm],Monthly Total Roof Irrigation Depth [mm],Monthly Total Rain Collection Volume [m3]
,Jan,0.00,0,,,
,Feb,0.00,0,,,
,Mar,0.00,0,,,
,Apr,0.00,0,,,
,May,0.00,0,,,
,Jun,0.00,0,,,
,Jul,0.00,0,,,
,Aug,0.00,0,,,
,Sep,0.00,0,,,
,Oct,0.00,0,,,
,Nov,0.00,0,,,
,Dec,0.00,0,,,


Weather Statistics File

,,Value
,None,


----------------------------------------------------------------------------------------------------
REPORT:,Envelope Summary
FOR:,Entire Facility
Opaque Exterior

,,Construction,Reflectance,U-Factor with Film [W/m2-K],U-Factor no Film [W/m2-K],Gross Area [m2],Net Area [m2],Azimuth [deg],Tilt [deg],Cardinal Direction
,PERIMETER_TOP_PLENUM_WALL_NORTH,NONRES_EXT_WALL_TOP,0.30,0.894,1.032,60.85,60.85,0.00,90.00,N
,PERIMETER_TOP_PLENUM_WALL_EAST,NONRES_EXT_WALL_TOP,0.30,0.894,1.032,40.57,40.57,90.00,90.00,E
,PERIMETER_TOP_PLENUM_WALL_SOUTH,NONRES_EXT_WALL_TOP,0.30,0.894,1.032,60.85,60.85,180.00,90.00,S
,PERIMETER_TOP_PLENUM_WALL_WEST,NONRES_EXT_WALL_TOP,0.30,0.894,1.032,40.57,40.57,270.00,90.00,W
,BUILDING_ROOF,NONRES_ROOF,0.30,0.182,0.186,1660.73,1660.73,0.00,0.00,
,PERIMETER_MID_PLENUM_WALL_NORTH,NONRES_EXT_WALL_MID,0.30,0.705,0.789,60.85,60.85,0.00,90.00,N
,PERIMETER_MID_PLENUM_WALL_EAST,NONRES_EXT_WALL_MID,0.30,0.705,0.789,40.57,40.57,90.00,90.00,E
,PERIMETER_MID_PLENUM_WALL_SOUTH,NONRES_EXT_WALL_MID,0.30,0.705,0.789,60.85,60.85,180.00,90.00,S
,PERIMETER_MID_PLENUM_WALL_WEST,NONRES_EXT_WALL_MID,0.30,0.705,0.789,40.57,40.57,270.00,90.00,W
,PERIMETER_BOT_PLENUM_WALL_NORTH,NONRES_EXT_WALL_GRD,0.30,0.716,0.802,60.85,60.85,0.00,90.00,N
,PERIMETER_BOT_PLENUM_WALL_EAST,NONRES_EXT_WALL_GRD,0.30,0.716,0.802,40.57,40.57,90.00,90.00,E
,PERIMETER_BOT_PLENUM_WALL_SOUTH,NONRES_EXT_WALL_GRD,0.30,0.716,0.802,60.85,60.85,180.00,90.00,S
,PERIMETER_BOT_PLENUM_WALL_WEST,NONRES_EXT_WALL_GRD,0.30,0.716,0.802,40.57,40.57,270.00,90.00,W
,PERIMETER_TOP_ZN_3_WALL_NORTH,NONRES_EXT_WALL_TOP,0.30,0.894,1.032,136.92,71.65,0.00,90.00,N
,PERIMETER_TOP_ZN_2_WALL_EAST,NONRES_EXT_WALL_TOP,0.30,0.894,1.032,91.28,47.77,90.00,90.00,E
,PERIMETER_TOP_ZN_1_WALL_SOUTH,NONRES_EXT_WALL_TOP,0.30,0.894,1.032,136.92,71.65,180.00,90.00,S
,PERIMETER_TOP_ZN_4_WALL_WEST,NONRES_EXT_WALL_TOP,0.30,0.894,1.032,91.28,47.77,270.00,90.00,W
,PERIMETER_BOT_ZN_3_WALL_NORTH,NONRES_EXT_WALL_GRD,0.30,0.716,0.802,136.92,67.75,0.00,90.00,N
,PERIMETER_BOT_ZN_3_FLOOR,PERIMETER_BOT_ZN_3_FLOOR_FFACTOR,1.00,0.216,0.224,207.34,207.34,0.00,180.00,
,PERIMETER_BOT_ZN_2_WALL_EAST,NONRES_EXT_WALL_GRD,0.30,0.716,0.802,91.28,45.82,90.00,90.00,E
,PERIMETER_BOT_ZN_2_FLOOR,PERIMETER_BOT_ZN_2_FLOOR_FFACTOR,1.00,0.228,0.237,131.26,131.26,90.00,180.00,
,PERIMETER_BOT_ZN_1_WALL_SOUTH,NONRES_EXT_WALL_GRD,0.30,0.716,0.802,136.92,67.75,180.00,90.00,S
,PERIMETER_BOT_ZN_1_FLOOR,PERIMETER_BOT_ZN_1_FLOOR_FFACTOR,1.00,0.216,0.224,207.34,207.34,180.00,180.00,
,PERIMETER_BOT_ZN_4_WALL_WEST,NONRES_EXT_WALL_GRD,0.30,0.716,0.802,91.28,45.82,270.00,90.00,W
,PERIMETER_BOT_ZN_4_FLOOR,PERIMETER_BOT_ZN_4_FLOOR_FFACTOR,1.00,0.228,0.237,131.25,131.25,270.00,180.00,
,PERIMETER_MID_ZN_3_WALL_NORTH,NONRES_EXT_WALL_MID,0.30,0.705,0.789,136.92,71.65,0.00,90.00,N
,PERIMETER_MID_ZN_2_WALL_EAST,NONRES_EXT_WALL_MID,0.30,0.705,0.789,91.28,47.77,90.00,90.00,E
,PERIMETER_MID_ZN_1_WALL_SOUTH,NONRES_EXT_WALL_MID,0.30,0.705,0.789,136.92,71.65,180.00,90.00,S
,PERIMETER_MID_ZN_4_WALL_WEST,NONRES_EXT_WALL_MID,0.30,0.705,0.789,91.28,47.77,270.00,90.00,W


Opaque Interior

,,Construction,Reflectance,U-Factor with Film [W/m2-K],U-Factor no Film [W/m2-K],Gross Area [m2],Net Area [m2],Azimuth [deg],Tilt [deg],Cardinal Direction
,CORE_BOT_ZN_5_WALL_SOUTH,INT_WALL,0.30,2.511,6.299,111.82,111.82,180.00,90.00,S
,CORE_BOT_ZN_5_WALL_EAST,INT_WALL,0.30,2.511,6.299,66.19,66.19,90.00,90.00,E
,CORE_BOT_ZN_5_WALL_NORTH,INT_WALL,0.30,2.511,6.299,111.82,111.82,0.00,90.00,N
,CORE_BOT_ZN_5_WALL_WEST,INT_WALL,0.30,2.511,6.299,66.19,66.19,270.00,90.00,W
,CORE_BOT_ZN_5_FLOOR,CORE_BOT_ZN_5_FLOOR_FFACTOR,1.00,0.006,0.006,983.54,983.54,0.00,180.00,
,CORE_BOT_ZN_5_CEILING,DROPCEILING,0.30,2.031,4.488,983.54,983.54,180.00,0.00,
,iz-PERIMETER_TOP_ZN_1_CEILING,DROPCEILING,0.30,2.031,4.488,207.34,207.34,225.00,180.00,
,iz-PERIMETER_TOP_ZN_2_CEILING,DROPCEILING,0.30,2.031,4.488,131.26,131.26,135.00,180.00,
,iz-PERIMETER_TOP_ZN_3_CEILING,DROPCEILING,0.30,2.031,4.488,207.34,207.34,45.00,180.00,
,iz-PERIMETER_TOP_ZN_4_CEILING,DROPCEILING,0.30,2.031,4.488,131.25,131.25,315.00,180.00,
,iz-CORE_TOP_ZN_5_CEILING,DROPCEILING,0.30,2.031,4.488,983.54,983.54,180.00,180.00,
,iz-PERIMETER_MID_ZN_1_CEILING,DROPCEILING,0.30,2.031,4.488,207.34,207.34,180.00,180.00,
,iz-PERIMETER_MID_ZN_2_CEILING,DROPCEILING,0.30,2.031,4.488,131.26,131.26,90.00,180.00,
,iz-PERIMETER_MID_ZN_3_CEILING,DROPCEILING,0.30,2.031,4.488,207.34,207.34,0.00,180.00,
,iz-PERIMETER_MID_ZN_4_CEILING,DROPCEILING,0.30,2.031,4.488,131.25,131.25,270.00,180.00,
,iz-CORE_MID_ZN_5_CEILING,DROPCEILING,0.30,2.031,4.488,983.54,983.54,0.00,180.00,
,iz-PERIMETER_TOP_ZN_1_FLOOR,INT_SLAB_CEILING,0.30,1.887,3.839,207.34,207.34,0.00,0.00,
,iz-PERIMETER_TOP_ZN_2_FLOOR,INT_SLAB_CEILING,0.30,1.887,3.839,131.26,131.26,270.00,0.00,
,iz-PERIMETER_TOP_ZN_3_FLOOR,INT_SLAB_CEILING,0.30,1.887,3.839,207.34,207.34,180.00,0.00,
,iz-PERIMETER_TOP_ZN_4_FLOOR,INT_SLAB_CEILING,0.30,1.887,3.839,131.25,131.25,90.00,0.00,
,iz-CORE_TOP_ZN_5_FLOOR,INT_SLAB_CEILING,0.30,1.887,3.839,983.54,983.54,180.00,0.00,
,iz-PERIMETER_BOT_ZN_1_CEILING,DROPCEILING,0.30,2.031,4.488,207.34,207.34,180.00,180.00,
,iz-PERIMETER_BOT_ZN_2_CEILING,DROPCEILING,0.30,2.031,4.488,131.26,131.26,90.00,180.00,
,iz-PERIMETER_BOT_ZN_3_CEILING,DROPCEILING,0.30,2.031,4.488,207.34,207.34,0.00,180.00,
,iz-PERIMETER_BOT_ZN_4_CEILING,DROPCEILING,0.30,2.031,4.488,131.25,131.25,270.00,180.00,
,iz-CORE_BOT_ZN_5_CEILING,DROPCEILING,0.30,2.031,4.488,983.54,983.54,0.00,180.00,
,iz-PERIMETER_MID_ZN_1_FLOOR,INT_SLAB_CEILING,0.30,1.887,3.839,207.34,207.34,0.00,0.00,
,iz-PERIMETER_MID_ZN_2_FLOOR,INT_SLAB_CEILING,0.30,1.887,3.839,131.26,131.26,270.00,0.00,
,iz-PERIMETER_MID_ZN_3_FLOOR,INT_SLAB_CEILING,0.30,1.887,3.839,207.34,207.34,180.00,0.00,
,iz-PERIMETER_MID_ZN_4_FLOOR,INT_SLAB_CEILING,0.30,1.887,3.839,131.25,131.25,90.00,0.00,
,iz-CORE_MID_ZN_5_FLOOR,INT_SLAB_CEILING,0.30,1.887,3.839,983.54,983.54,180.00,0.00,
,CORE_MID_ZN_5_WALL_NORTH,INT_WALL,0.30,2.511,6.299,111.82,111.82,0.00,90.00,N
,CORE_MID_ZN_5_WALL_EAST,INT_WALL,0.30,2.511,6.299,66.19,66.19,90.00,90.00,E
,CORE_MID_ZN_5_WALL_SOUTH,INT_WALL,0.30,2.511,6.299,111.82,111.82,180.00,90.00,S
,CORE_MID_ZN_5_WALL_WEST,INT_WALL,0.30,2.511,6.299,66.19,66.19,270.00,90.00,W
,CORE_MID_ZN_5_FLOOR,INT_SLAB_FLOOR,0.30,1.887,3.839,983.54,983.54,0.00,180.00,
,CORE_MID_ZN_5_CEILING,DROPCEILING,0.30,2.031,4.488,983.54,983.54,180.00,0.00,
,CORE_TOP_ZN_5_WALL_NORTH,INT_WALL,0.30,2.511,6.299,111.82,111.82,0.00,90.00,N
,CORE_TOP_ZN_5_WALL_EAST,INT_WALL,0.30,2.511,6.299,66.19,66.19,90.00,90.00,E
,CORE_TOP_ZN_5_WALL_SOUTH,INT_WALL,0.30,2.511,6.299,111.82,111.82,180.00,90.00,S
,CORE_TOP_ZN_5_WALL_WEST,INT_WALL,0.30,2.511,6.299,66.19,66.19,270.00,90.00,W
,CORE_TOP_ZN_5_FLOOR,INT_SLAB_FLOOR,0.30,1.887,3.839,983.54,983.54,0.00,180.00,
,CORE_TOP_ZN_5_CEILING,DROPCEILING,0.30,2.031,4.488,983.54,983.54,0.00,0.00,
,PERIMETER_TOP_ZN_3_WALL_WEST,INT_WALL,0.30,2.511,6.299,17.74,17.74,225.00,90.00,W
,iz-PERIMETER_TOP_ZN_2_WALL_NORTH,INT_WALL,0.30,2.511,6.299,17.74,17.74,135.00,90.00,S
,iz-CORE_TOP_ZN_5_WALL_NORTH,INT_WALL,0.30,2.511,6.299,111.82,111.82,180.00,90.00,S
,PERIMETER_TOP_ZN_3_FLOOR,INT_SLAB_FLOOR,0.30,1.887,3.839,207.34,207.34,0.00,180.00,
,PERIMETER_TOP_ZN_3_CEILING,DROPCEILING,0.30,2.031,4.488,207.34,207.34,225.00,0.00,
,PERIMETER_TOP_ZN_2_WALL_NORTH,INT_WALL,0.30,2.511,6.299,17.74,17.74,315.00,90.00,N
,iz-PERIMETER_TOP_ZN_1_WALL_EAST,INT_WALL,0.30,2.511,6.299,17.74,17.74,225.00,90.00,W
,iz-CORE_TOP_ZN_5_WALL_EAST,INT_WALL,0.30,2.511,6.299,66.19,66.19,270.00,90.00,W
,PERIMETER_TOP_ZN_2_FLOOR,INT_SLAB_FLOOR,0.30,1.887,3.839,131.26,131.26,90.00,180.00,
,PERIMETER_TOP_ZN_2_CEILING,DROPCEILING,0.30,2.031,4.488,131.26,131.26,315.00,0.00,
,PERIMETER_TOP_ZN_1_WALL_EAST,INT_WALL,0.30,2.511,6.299,17.74,17.74,45.00,90.00,E
,iz-PERIMETER_TOP_ZN_4_WALL_SOUTH,INT_WALL,0.30,2.511,6.299,17.74,17.74,315.00,90.00,N
,iz-CORE_TOP_ZN_5_WALL_SOUTH,INT_WALL,0.30,2.511,6.299,111.82,111.82,0.00,90.00,N
,PERIMETER_TOP_ZN_1_FLOOR,INT_SLAB_FLOOR,0.30,1.887,3.839,207.34,207.34,180.00,180.00,
,PERIMETER_TOP_ZN_1_CEILING,DROPCEILING,0.30,2.031,4.488,207.34,207.34,45.00,0.00,
,PERIMETER_TOP_ZN_4_WALL_SOUTH,INT_WALL,0.30,2.511,6.299,17.74,17.74,135.00,90.00,S
,iz-PERIMETER_TOP_ZN_3_WALL_WEST,INT_WALL,0.30,2.511,6.299,17.74,17.74,45.00,90.00,E
,iz-CORE_TOP_ZN_5_WALL_WEST,INT_WALL,0.30,2.511,6.299,66.19,66.19,90.00,90.00,E
,PERIMETER_TOP_ZN_4_FLOOR,INT_SLAB_FLOOR,0.30,1.887,3.839,131.25,131.25,270.00,180.00,
,PERIMETER_TOP_ZN_4_CEILING,DROPCEILING,0.30,2.031,4.488,131.25,131.25,135.00,0.00,
,PERIMETER_BOT_ZN_3_WALL_WEST,INT_WALL,0.30,2.511,6.299,17.74,17.74,225.00,90.00,W
,iz-PERIMETER_BOT_ZN_2_WALL_NORTH,INT_WALL,0.30,2.511,6.299,17.74,17.74,135.00,90.00,S
,iz-CORE_BOT_ZN_5_WALL_NORTH,INT_WALL,0.30,2.511,6.299,111.82,111.82,180.00,90.00,S
,PERIMETER_BOT_ZN_3_CEILING,DROPCEILING,0.30,2.031,4.488,207.34,207.34,180.00,0.00,
,PERIMETER_BOT_ZN_2_WALL_NORTH,INT_WALL,0.30,2.511,6.299,17.74,17.74,315.00,90.00,N
,iz-PERIMETER_BOT_ZN_1_WALL_EAST,INT_WALL,0.30,2.511,6.299,17.74,17.74,225.00,90.00,W
,iz-CORE_BOT_ZN_5_WALL_EAST,INT_WALL,0.30,2.511,6.299,66.19,66.19,270.00,90.00,W
,PERIMETER_BOT_ZN_2_CEILING,DROPCEILING,0.30,2.031,4.488,131.26,131.26,270.00,0.00,
,PERIMETER_BOT_ZN_1_WALL_EAST,INT_WALL,0.30,2.511,6.299,17.74,17.74,45.00,90.00,E
,iz-PERIMETER_BOT_ZN_4_WALL_SOUTH,INT_WALL,0.30,2.511,6.299,17.74,17.74,315.00,90.00,N
,iz-CORE_BOT_ZN_5_WALL_SOUTH,INT_WALL,0.30,2.511,6.299,111.82,111.82,0.00,90.00,N
,PERIMETER_BOT_ZN_1_CEILING,DROPCEILING,0.30,2.031,4.488,207.34,207.34,0.00,0.00,
,PERIMETER_BOT_ZN_4_WALL_SOUTH,INT_WALL,0.30,2.511,6.299,17.74,17.74,135.00,90.00,S
,iz-PERIMETER_BOT_ZN_3_WALL_WEST,INT_WALL,0.30,2.511,6.299,17.74,17.74,45.00,90.00,E
,iz-CORE_BOT_ZN_5_WALL_WEST,INT_WALL,0.30,2.511,6.299,66.19,66.19,90.00,90.00,E
,PERIMETER_BOT_ZN_4_CEILING,DROPCEILING,0.30,2.031,4.488,131.25,131.25,90.00,0.00,
,PERIMETER_MID_ZN_3_WALL_WEST,INT_WALL,0.30,2.511,6.299,17.74,17.74,225.00,90.00,W
,iz-PERIMETER_MID_ZN_2_WALL_NORTH,INT_WALL,0.30,2.511,6.299,17.74,17.74,135.00,90.00,S
,iz-CORE_MID_ZN_5_WALL_NORTH,INT_WALL,0.30,2.511,6.299,111.82,111.82,180.00,90.00,S
,PERIMETER_MID_ZN_3_FLOOR,INT_SLAB_FLOOR,0.30,1.887,3.839,207.34,207.34,0.00,180.00,
,PERIMETER_MID_ZN_3_CEILING,DROPCEILING,0.30,2.031,4.488,207.34,207.34,180.00,0.00,
,PERIMETER_MID_ZN_2_WALL_NORTH,INT_WALL,0.30,2.511,6.299,17.74,17.74,315.00,90.00,N
,iz-PERIMETER_MID_ZN_1_WALL_EAST,INT_WALL,0.30,2.511,6.299,17.74,17.74,225.00,90.00,W
,iz-CORE_MID_ZN_5_WALL_EAST,INT_WALL,0.30,2.511,6.299,66.19,66.19,270.00,90.00,W
,PERIMETER_MID_ZN_2_FLOOR,INT_SLAB_FLOOR,0.30,1.887,3.839,131.26,131.26,90.00,180.00,
,PERIMETER_MID_ZN_2_CEILING,DROPCEILING,0.30,2.031,4.488,131.26,131.26,270.00,0.00,
,PERIMETER_MID_ZN_1_WALL_EAST,INT_WALL,0.30,2.511,6.299,17.74,17.74,45.00,90.00,E
,iz-PERIMETER_MID_ZN_4_WALL_SOUTH,INT_WALL,0.30,2.511,6.299,17.74,17.74,315.00,90.00,N
,iz-CORE_MID_ZN_5_WALL_SOUTH,INT_WALL,0.30,2.511,6.299,111.82,111.82,0.00,90.00,N
,PERIMETER_MID_ZN_1_FLOOR,INT_SLAB_FLOOR,0.30,1.887,3.839,207.34,207.34,180.00,180.00,
,PERIMETER_MID_ZN_1_CEILING,DROPCEILING,0.30,2.031,4.488,207.34,207.34,0.00,0.00,
,PERIMETER_MID_ZN_4_WALL_SOUTH,INT_WALL,0.30,2.511,6.299,17.74,17.74,135.00,90.00,S
,iz-PERIMETER_MID_ZN_3_WALL_WEST,INT_WALL,0.30,2.511,6.299,17.74,17.74,45.00,90.00,E
,iz-CORE_MID_ZN_5_WALL_WEST,INT_WALL,0.30,2.511,6.299,66.19,66.19,90.00,90.00,E
,PERIMETER_MID_ZN_4_FLOOR,INT_SLAB_FLOOR,0.30,1.887,3.839,131.25,131.25,270.00,180.00,
,PERIMETER_MID_ZN_4_CEILING,DROPCEILING,0.30,2.031,4.488,131.25,131.25,90.00,0.00,
,CORE_BOTTOM_INTERNALMASS_1,INTERIORFURNISHINGS,0.30,,0.800,1967.08,,0.00,90.00,N
,CORE_MID_INTERNALMASS_1,INTERIORFURNISHINGS,0.30,,0.800,1967.08,,0.00,90.00,N
,CORE_TOP_INTERNALMASS_1,INTERIORFURNISHINGS,0.30,,0.800,1967.08,,0.00,90.00,N
,PERIMETER_TOP_ZN_3_INTERNALMASS_1,INTERIORFURNISHINGS,0.30,,0.800,414.68,,0.00,90.00,N
,PERIMETER_TOP_ZN_2_INTERNALMASS_1,INTERIORFURNISHINGS,0.30,,0.800,262.51,,0.00,90.00,N
,PERIMETER_TOP_ZN_1_INTERNALMASS_1,INTERIORFURNISHINGS,0.30,,0.800,414.67,,0.00,90.00,N
,PERIMETER_TOP_ZN_4_INTERNALMASS_1,INTERIORFURNISHINGS,0.30,,0.800,262.51,,0.00,90.00,N
,PERIMETER_BOT_ZN_3_INTERNALMASS_1,INTERIORFURNISHINGS,0.30,,0.800,414.68,,0.00,90.00,N
,PERIMETER_BOT_ZN_2_INTERNALMASS_1,INTERIORFURNISHINGS,0.30,,0.800,262.51,,0.00,90.00,N
,PERIMETER_BOT_ZN_1_INTERNALMASS_1,INTERIORFURNISHINGS,0.30,,0.800,414.67,,0.00,90.00,N
,PERIMETER_BOT_ZN_4_INTERNALMASS_1,INTERIORFURNISHINGS,0.30,,0.800,262.51,,0.00,90.00,N
,PERIMETER_MID_ZN_3_INTERNALMASS_1,INTERIORFURNISHINGS,0.30,,0.800,414.68,,0.00,90.00,N
,PERIMETER_MID_ZN_2_INTERNALMASS_1,INTERIORFURNISHINGS,0.30,,0.800,262.51,,0.00,90.00,N
,PERIMETER_MID_ZN_1_INTERNALMASS_1,INTERIORFURNISHINGS,0.30,,0.800,414.67,,0.00,90.00,N
,PERIMETER_MID_ZN_4_INTERNALMASS_1,INTERIORFURNISHINGS,0.30,,0.800,262.51,,0.00,90.00,N


Exterior Fenestration

,,Construction,Frame and Divider,Glass Area [m2],Frame Area [m2],Divider Area [m2],Area of One Opening [m2],Area of Multiplied Openings [m2],Glass U-Factor [W/m2-K],Glass SHGC,Glass Visible Transmittance,Frame Conductance [W/m2-K],Divider Conductance [W/m2-K],NFRC Product Type,Assembly U-Factor [W/m2-K],Assembly SHGC,Assembly Visible Transmittance,Shade Control,Parent Surface,Azimuth [deg],Tilt [deg],Cardinal Direction
,PERIMETER_TOP_ZN_3_WALL_NORTH_WINDOW,WINDOW_U_0.363_SHGC_NORTH_0.378,,65.26,0.00,0.00,65.26,65.26,0.350,0.501,0.417,,,,,,,No,PERIMETER_TOP_ZN_3_WALL_NORTH,0.00,90.00,N
,PERIMETER_TOP_ZN_2_WALL_EAST_WINDOW,WINDOW_U_0.363_SHGC_EAST_0.378,,43.51,0.00,0.00,43.51,43.51,0.350,0.501,0.417,,,,,,,No,PERIMETER_TOP_ZN_2_WALL_EAST,90.00,90.00,E
,PERIMETER_TOP_ZN_1_WALL_SOUTH_WINDOW,WINDOW_U_0.363_SHGC_SOUTH_0.378,,65.26,0.00,0.00,65.26,65.26,0.350,0.501,0.417,,,,,,,No,PERIMETER_TOP_ZN_1_WALL_SOUTH,180.00,90.00,S
,PERIMETER_TOP_ZN_4_WALL_WEST_WINDOW,WINDOW_U_0.363_SHGC_WEST_0.378,,43.51,0.00,0.00,43.51,43.51,0.350,0.501,0.417,,,,,,,No,PERIMETER_TOP_ZN_4_WALL_WEST,270.00,90.00,W
,PERIMETER_BOT_ZN_3_WALL_NORTH_WINDOW1,WINDOW_U_0.363_SHGC_NORTH_0.378,,21.75,0.00,0.00,21.75,21.75,0.350,0.501,0.417,,,,,,,No,PERIMETER_BOT_ZN_3_WALL_NORTH,0.00,90.00,N
,PERIMETER_BOT_ZN_3_WALL_NORTH_WINDOW2,WINDOW_U_0.363_SHGC_NORTH_0.378,,21.75,0.00,0.00,21.75,21.75,0.350,0.501,0.417,,,,,,,No,PERIMETER_BOT_ZN_3_WALL_NORTH,0.00,90.00,N
,PERIMETER_BOT_ZN_3_WALL_NORTH_WINDOW3,WINDOW_U_0.363_SHGC_NORTH_0.378,,21.75,0.00,0.00,21.75,21.75,0.350,0.501,0.417,,,,,,,No,PERIMETER_BOT_ZN_3_WALL_NORTH,0.00,90.00,N
,PERIMETER_BOT_ZN_2_WALL_EAST_WINDOW1,WINDOW_U_0.363_SHGC_EAST_0.378,,41.85,0.00,0.00,41.85,41.85,0.350,0.501,0.417,,,,,,,No,PERIMETER_BOT_ZN_2_WALL_EAST,90.00,90.00,E
,PERIMETER_BOT_ZN_2_WALL_EAST_WINDOW2,WINDOW_U_0.363_SHGC_EAST_0.378,,1.65,0.00,0.00,1.65,1.65,0.350,0.501,0.417,,,,,,,No,PERIMETER_BOT_ZN_2_WALL_EAST,90.00,90.00,E
,PERIMETER_BOT_ZN_1_WALL_SOUTH_WINDOW1,WINDOW_U_0.363_SHGC_SOUTH_0.378,,21.75,0.00,0.00,21.75,21.75,0.350,0.501,0.417,,,,,,,No,PERIMETER_BOT_ZN_1_WALL_SOUTH,180.00,90.00,S
,PERIMETER_BOT_ZN_1_WALL_SOUTH_WINDOW2,WINDOW_U_0.363_SHGC_SOUTH_0.378,,21.75,0.00,0.00,21.75,21.75,0.350,0.501,0.417,,,,,,,No,PERIMETER_BOT_ZN_1_WALL_SOUTH,180.00,90.00,S
,PERIMETER_BOT_ZN_1_WALL_SOUTH_WINDOW3,WINDOW_U_0.363_SHGC_SOUTH_0.378,,21.75,0.00,0.00,21.75,21.75,0.350,0.501,0.417,,,,,,,No,PERIMETER_BOT_ZN_1_WALL_SOUTH,180.00,90.00,S
,PERIMETER_BOT_ZN_4_WALL_WEST_WINDOW1,WINDOW_U_0.363_SHGC_WEST_0.378,,41.85,0.00,0.00,41.85,41.85,0.350,0.501,0.417,,,,,,,No,PERIMETER_BOT_ZN_4_WALL_WEST,270.00,90.00,W
,PERIMETER_BOT_ZN_4_WALL_WEST_WINDOW2,WINDOW_U_0.363_SHGC_WEST_0.378,,1.65,0.00,0.00,1.65,1.65,0.350,0.501,0.417,,,,,,,No,PERIMETER_BOT_ZN_4_WALL_WEST,270.00,90.00,W
,PERIMETER_MID_ZN_3_WALL_NORTH_WINDOW,WINDOW_U_0.363_SHGC_NORTH_0.378,,65.26,0.00,0.00,65.26,65.26,0.350,0.501,0.417,,,,,,,No,PERIMETER_MID_ZN_3_WALL_NORTH,0.00,90.00,N
,PERIMETER_MID_ZN_2_WALL_EAST_WINDOW,WINDOW_U_0.363_SHGC_EAST_0.378,,43.51,0.00,0.00,43.51,43.51,0.350,0.501,0.417,,,,,,,No,PERIMETER_MID_ZN_2_WALL_EAST,90.00,90.00,E
,PERIMETER_MID_ZN_1_WALL_SOUTH_WINDOW,WINDOW_U_0.363_SHGC_SOUTH_0.378,,65.26,0.00,0.00,65.26,65.26,0.350,0.501,0.417,,,,,,,No,PERIMETER_MID_ZN_1_WALL_SOUTH,180.00,90.00,S
,PERIMETER_MID_ZN_4_WALL_WEST_WINDOW,WINDOW_U_0.363_SHGC_WEST_0.378,,43.51,0.00,0.00,43.51,43.51,0.350,0.501,0.417,,,,,,,No,PERIMETER_MID_ZN_4_WALL_WEST,270.00,90.00,W
,Total or Average,,,,,,,652.62,0.350,0.501,0.417,,,,,,,,,,,
,North Total or Average,,,,,,,195.79,0.350,0.501,0.417,,,,,,,,,,,
,Non-North Total or Average,,,,,,,456.84,0.350,0.501,0.417,,,,,,,,,,,


Exterior Fenestration Shaded State

,,Frame and Divider,Glass U-Factor [W/m2-K],Glass SHGC,Glass Visible Transmittance,NFRC Product Type,Assembly U-Factor [W/m2-K],Assembly SHGC,Assembly Visible Transmittance
,None,,,,,,,,


Interior Fenestration

,,Construction,Area of One Opening [m2],Area of Openings [m2],Glass U-Factor [W/m2-K],Glass SHGC,Glass Visible Transmittance
,Total or Average,,,0.00,-,-,-


Exterior Door

,,Construction,U-Factor with Film [W/m2-K],U-Factor no Film [W/m2-K],Gross Area [m2],Parent Surface
,PERIMETER_BOT_ZN_3_WALL_NORTH_DOOR1,SWINGING DOOR_CON,1.598,2.101,1.95,PERIMETER_BOT_ZN_3_WALL_NORTH
,PERIMETER_BOT_ZN_3_WALL_NORTH_DOOR2,SWINGING DOOR_CON,1.598,2.101,1.95,PERIMETER_BOT_ZN_3_WALL_NORTH
,PERIMETER_BOT_ZN_2_WALL_EAST_DOOR,SWINGING DOOR_CON,1.598,2.101,1.95,PERIMETER_BOT_ZN_2_WALL_EAST
,PERIMETER_BOT_ZN_1_WALL_SOUTH_DOOR1,SWINGING DOOR_CON,1.598,2.101,1.95,PERIMETER_BOT_ZN_1_WALL_SOUTH
,PERIMETER_BOT_ZN_1_WALL_SOUTH_DOOR2,SWINGING DOOR_CON,1.598,2.101,1.95,PERIMETER_BOT_ZN_1_WALL_SOUTH
,PERIMETER_BOT_ZN_4_WALL_WEST_DOOR,SWINGING DOOR_CON,1.598,2.101,1.95,PERIMETER_BOT_ZN_4_WALL_WEST


Interior Door

,,Construction,U-Factor with Film [W/m2-K],U-Factor no Film [W/m2-K],Gross Area [m2],Parent Surface
,None,,,,,


----------------------------------------------------------------------------------------------------
REPORT:,Shading Summary
FOR:,Entire Facility
Sunlit Fraction

,,March 21 9am,March 21 noon,March 21 3pm,June 21 9am,June 21 noon,June 21 3pm,December 21 9am,December 21 noon,December 21 3pm
,PERIMETER_TOP_ZN_3_WALL_NORTH_WINDOW,0.00,0.00,0.00,0.00,0.00,0.00,0.00,0.00,0.00
,PERIMETER_TOP_ZN_2_WALL_EAST_WINDOW,1.00,1.00,0.00,1.00,1.00,0.00,1.00,1.00,0.00
,PERIMETER_TOP_ZN_1_WALL_SOUTH_WINDOW,1.00,1.00,1.00,1.00,1.00,1.00,1.00,1.00,1.00
,PERIMETER_TOP_ZN_4_WALL_WEST_WINDOW,0.00,0.00,1.00,0.00,0.00,1.00,0.00,0.00,1.00
,PERIMETER_BOT_ZN_3_WALL_NORTH_WINDOW1,0.00,0.00,0.00,0.00,0.00,0.00,0.00,0.00,0.00
,PERIMETER_BOT_ZN_3_WALL_NORTH_WINDOW2,0.00,0.00,0.00,0.00,0.00,0.00,0.00,0.00,0.00
,PERIMETER_BOT_ZN_3_WALL_NORTH_WINDOW3,0.00,0.00,0.00,0.00,0.00,0.00,0.00,0.00,0.00
,PERIMETER_BOT_ZN_2_WALL_EAST_WINDOW1,1.00,1.00,0.00,1.00,1.00,0.00,1.00,1.00,0.00
,PERIMETER_BOT_ZN_2_WALL_EAST_WINDOW2,1.00,1.00,0.00,1.00,1.00,0.00,1.00,1.00,0.00
,PERIMETER_BOT_ZN_1_WALL_SOUTH_WINDOW1,1.00,1.00,1.00,1.00,1.00,1.00,1.00,1.00,1.00
,PERIMETER_BOT_ZN_1_WALL_SOUTH_WINDOW2,1.00,1.00,1.00,1.00,1.00,1.00,1.00,1.00,1.00
,PERIMETER_BOT_ZN_1_WALL_SOUTH_WINDOW3,1.00,1.00,1.00,1.00,1.00,1.00,1.00,1.00,1.00
,PERIMETER_BOT_ZN_4_WALL_WEST_WINDOW1,0.00,0.00,1.00,0.00,0.00,1.00,0.00,0.00,1.00
,PERIMETER_BOT_ZN_4_WALL_WEST_WINDOW2,0.00,0.00,1.00,0.00,0.00,1.00,0.00,0.00,1.00
,PERIMETER_MID_ZN_3_WALL_NORTH_WINDOW,0.00,0.00,0.00,0.00,0.00,0.00,0.00,0.00,0.00
,PERIMETER_MID_ZN_2_WALL_EAST_WINDOW,1.00,1.00,0.00,1.00,1.00,0.00,1.00,1.00,0.00
,PERIMETER_MID_ZN_1_WALL_SOUTH_WINDOW,1.00,1.00,1.00,1.00,1.00,1.00,1.00,1.00,1.00
,PERIMETER_MID_ZN_4_WALL_WEST_WINDOW,0.00,0.00,1.00,0.00,0.00,1.00,0.00,0.00,1.00


Window Control

,,Name,Type,Shaded Construction,Control,Glare Control
,None,,,,,


----------------------------------------------------------------------------------------------------
REPORT:,Lighting Summary
FOR:,Entire Facility
Interior Lighting

,,Zone Name,Space Name,Space Type,Lighting Power Density [W/m2],Space Area [m2],Total Power [W],End Use Subcategory,Schedule Name,Scheduled Hours/Week [hr],Hours/Week > 1% [hr],Full Load Hours/Week [hr],Return Air Fraction,Conditioned (Y/N),Consumption [GJ]
,CORE_BOTTOM_LIGHTS,CORE_BOTTOM,CORE_BOTTOM,GENERAL,10.0000,983.54,9835.37,LightsWired,LTG_SCH_OFFICE,47.17,168.00,44.61,0.0000,Y,82.36
,CORE_MID_LIGHTS,CORE_MID,CORE_MID,GENERAL,10.0000,983.54,9835.37,LightsWired,LTG_SCH_OFFICE,47.17,168.00,44.61,0.0000,Y,82.36
,CORE_TOP_LIGHTS,CORE_TOP,CORE_TOP,GENERAL,10.0000,983.54,9835.37,LightsWired,LTG_SCH_OFFICE,47.17,168.00,44.61,0.0000,Y,82.36
,PERIMETER_TOP_ZN_3_LIGHTS,PERIMETER_TOP_ZN_3,PERIMETER_TOP_ZN_3,GENERAL,10.0000,207.34,2073.38,LightsWired,LTG_SCH_OFFICE,47.17,168.00,25.23,0.0000,Y,9.82
,PERIMETER_TOP_ZN_2_LIGHTS,PERIMETER_TOP_ZN_2,PERIMETER_TOP_ZN_2,GENERAL,10.0000,131.26,1312.62,LightsWired,LTG_SCH_OFFICE,47.17,168.00,25.13,0.0000,Y,6.19
,PERIMETER_TOP_ZN_1_LIGHTS,PERIMETER_TOP_ZN_1,PERIMETER_TOP_ZN_1,GENERAL,10.0000,207.34,2073.38,LightsWired,LTG_SCH_OFFICE,47.17,168.00,24.98,0.0000,Y,9.72
,PERIMETER_TOP_ZN_4_LIGHTS,PERIMETER_TOP_ZN_4,PERIMETER_TOP_ZN_4,GENERAL,10.0000,131.25,1312.54,LightsWired,LTG_SCH_OFFICE,47.17,168.00,25.09,0.0000,Y,6.18
,PERIMETER_BOT_ZN_3_LIGHTS,PERIMETER_BOT_ZN_3,PERIMETER_BOT_ZN_3,GENERAL,10.0000,207.34,2073.38,LightsWired,LTG_SCH_OFFICE,47.17,168.00,25.19,0.0000,Y,9.80
,PERIMETER_BOT_ZN_2_LIGHTS,PERIMETER_BOT_ZN_2,PERIMETER_BOT_ZN_2,GENERAL,10.0000,131.26,1312.62,LightsWired,LTG_SCH_OFFICE,47.17,168.00,25.10,0.0000,Y,6.18
,PERIMETER_BOT_ZN_1_LIGHTS,PERIMETER_BOT_ZN_1,PERIMETER_BOT_ZN_1,GENERAL,10.0000,207.34,2073.38,LightsWired,LTG_SCH_OFFICE,47.17,168.00,24.95,0.0000,Y,9.71
,PERIMETER_BOT_ZN_4_LIGHTS,PERIMETER_BOT_ZN_4,PERIMETER_BOT_ZN_4,GENERAL,10.0000,131.25,1312.54,LightsWired,LTG_SCH_OFFICE,47.17,168.00,25.05,0.0000,Y,6.17
,PERIMETER_MID_ZN_3_LIGHTS,PERIMETER_MID_ZN_3,PERIMETER_MID_ZN_3,GENERAL,10.0000,207.34,2073.38,LightsWired,LTG_SCH_OFFICE,47.17,168.00,25.23,0.0000,Y,9.82
,PERIMETER_MID_ZN_2_LIGHTS,PERIMETER_MID_ZN_2,PERIMETER_MID_ZN_2,GENERAL,10.0000,131.26,1312.62,LightsWired,LTG_SCH_OFFICE,47.17,168.00,25.13,0.0000,Y,6.19
,PERIMETER_MID_ZN_1_LIGHTS,PERIMETER_MID_ZN_1,PERIMETER_MID_ZN_1,GENERAL,10.0000,207.34,2073.38,LightsWired,LTG_SCH_OFFICE,47.17,168.00,24.98,0.0000,Y,9.72
,PERIMETER_MID_ZN_4_LIGHTS,PERIMETER_MID_ZN_4,PERIMETER_MID_ZN_4,GENERAL,10.0000,131.25,1312.54,LightsWired,LTG_SCH_OFFICE,47.17,168.00,25.09,0.0000,Y,6.18
,Interior Lighting Total,,,,10.0000,4982.19,49821.86,,,,,,,,342.78


Daylighting

,,Zone,Control Name,Daylighting Method,Control Type,Fraction Controlled,Lighting Installed in Zone [W],Lighting Controlled [W]
,PERIMETER_BOT_ZN_1_DAYLREFPT1,PERIMETER_BOT_ZN_1,PERIMETER_BOT_ZN_1_DAYLCTRL,SplitFlux,Continuous/Off,0.38,2073.38,795.14
,PERIMETER_BOT_ZN_1_DAYLREFPT2,PERIMETER_BOT_ZN_1,PERIMETER_BOT_ZN_1_DAYLCTRL,SplitFlux,Continuous/Off,0.14,2073.38,289.24
,PERIMETER_BOT_ZN_2_DAYLREFPT1,PERIMETER_BOT_ZN_2,PERIMETER_BOT_ZN_2_DAYLCTRL,SplitFlux,Continuous/Off,0.38,1312.62,503.39
,PERIMETER_BOT_ZN_2_DAYLREFPT2,PERIMETER_BOT_ZN_2,PERIMETER_BOT_ZN_2_DAYLCTRL,SplitFlux,Continuous/Off,0.14,1312.62,183.11
,PERIMETER_BOT_ZN_3_DAYLREFPT1,PERIMETER_BOT_ZN_3,PERIMETER_BOT_ZN_3_DAYLCTRL,SplitFlux,Continuous/Off,0.38,2073.38,795.14
,PERIMETER_BOT_ZN_3_DAYLREFPT2,PERIMETER_BOT_ZN_3,PERIMETER_BOT_ZN_3_DAYLCTRL,SplitFlux,Continuous/Off,0.14,2073.38,289.24
,PERIMETER_BOT_ZN_4_DAYLREFPT1,PERIMETER_BOT_ZN_4,PERIMETER_BOT_ZN_4_DAYLCTRL,SplitFlux,Continuous/Off,0.38,1312.54,503.36
,PERIMETER_BOT_ZN_4_DAYLREFPT2,PERIMETER_BOT_ZN_4,PERIMETER_BOT_ZN_4_DAYLCTRL,SplitFlux,Continuous/Off,0.14,1312.54,183.10
,PERIMETER_MID_ZN_1_DAYLREFPT1,PERIMETER_MID_ZN_1,PERIMETER_MID_ZN_1_DAYLCTRL,SplitFlux,Continuous/Off,0.38,2073.38,795.14
,PERIMETER_MID_ZN_1_DAYLREFPT2,PERIMETER_MID_ZN_1,PERIMETER_MID_ZN_1_DAYLCTRL,SplitFlux,Continuous/Off,0.14,2073.38,289.24
,PERIMETER_MID_ZN_2_DAYLREFPT1,PERIMETER_MID_ZN_2,PERIMETER_MID_ZN_2_DAYLCTRL,SplitFlux,Continuous/Off,0.38,1312.62,503.39
,PERIMETER_MID_ZN_2_DAYLREFPT2,PERIMETER_MID_ZN_2,PERIMETER_MID_ZN_2_DAYLCTRL,SplitFlux,Continuous/Off,0.14,1312.62,183.11
,PERIMETER_MID_ZN_3_DAYLREFPT1,PERIMETER_MID_ZN_3,PERIMETER_MID_ZN_3_DAYLCTRL,SplitFlux,Continuous/Off,0.38,2073.38,795.14
,PERIMETER_MID_ZN_3_DAYLREFPT2,PERIMETER_MID_ZN_3,PERIMETER_MID_ZN_3_DAYLCTRL,SplitFlux,Continuous/Off,0.14,2073.38,289.24
,PERIMETER_MID_ZN_4_DAYLREFPT1,PERIMETER_MID_ZN_4,PERIMETER_MID_ZN_4_DAYLCTRL,SplitFlux,Continuous/Off,0.38,1312.54,503.36
,PERIMETER_MID_ZN_4_DAYLREFPT2,PERIMETER_MID_ZN_4,PERIMETER_MID_ZN_4_DAYLCTRL,SplitFlux,Continuous/Off,0.14,1312.54,183.10
,PERIMETER_TOP_ZN_1_DAYLREFPT1,PERIMETER_TOP_ZN_1,PERIMETER_TOP_ZN_1_DAYLCTRL,SplitFlux,Continuous/Off,0.38,2073.38,795.14
,PERIMETER_TOP_ZN_1_DAYLREFPT2,PERIMETER_TOP_ZN_1,PERIMETER_TOP_ZN_1_DAYLCTRL,SplitFlux,Continuous/Off,0.14,2073.38,289.24
,PERIMETER_TOP_ZN_2_DAYLREFPT1,PERIMETER_TOP_ZN_2,PERIMETER_TOP_ZN_2_DAYLCTRL,SplitFlux,Continuous/Off,0.38,1312.62,503.39
,PERIMETER_TOP_ZN_2_DAYLREFPT2,PERIMETER_TOP_ZN_2,PERIMETER_TOP_ZN_2_DAYLCTRL,SplitFlux,Continuous/Off,0.14,1312.62,183.11
,PERIMETER_TOP_ZN_3_DAYLREFPT1,PERIMETER_TOP_ZN_3,PERIMETER_TOP_ZN_3_DAYLCTRL,SplitFlux,Continuous/Off,0.38,2073.38,795.14
,PERIMETER_TOP_ZN_3_DAYLREFPT2,PERIMETER_TOP_ZN_3,PERIMETER_TOP_ZN_3_DAYLCTRL,SplitFlux,Continuous/Off,0.14,2073.38,289.24
,PERIMETER_TOP_ZN_4_DAYLREFPT1,PERIMETER_TOP_ZN_4,PERIMETER_TOP_ZN_4_DAYLCTRL,SplitFlux,Continuous/Off,0.38,1312.54,503.36
,PERIMETER_TOP_ZN_4_DAYLREFPT2,PERIMETER_TOP_ZN_4,PERIMETER_TOP_ZN_4_DAYLCTRL,SplitFlux,Continuous/Off,0.14,1312.54,183.10


Exterior Lighting

,,Total Watts,Astronomical Clock/Schedule,Schedule Name,Scheduled Hours/Week [hr],Hours/Week > 1% [hr],Full Load Hours/Week [hr],Consumption [GJ]
,EXTERIOR_LIGHTS_A,563.81,AstronomicalClock,-,,42.04,42.04,4.45
,EXTERIOR_LIGHTS_B,407.66,AstronomicalClock,-,,83.67,62.85,4.81
,EXTERIOR_LIGHTS_C,4714.72,AstronomicalClock,-,,83.67,47.45,41.99
,Exterior Lighting Total,5686.19,,,,,,51.25


----------------------------------------------------------------------------------------------------
REPORT:,Equipment Summary
FOR:,Entire Facility
Central Plant

,,Type,Reference Capacity [W],Reference Efficiency [W/W],Rated Capacity [W],Rated Efficiency [W/W],IPLV in SI Units [W/W],IPLV in IP Units [Btu/W-h]
,None,,,,,,,


Cooling Coils

,,Type,Design Coil Load [W],Nominal Total Capacity [W],Nominal Sensible Capacity [W],Nominal Latent Capacity [W],Nominal Sensible Heat Ratio,Nominal Efficiency [W/W],Nominal Coil UA Value [W/C],Nominal Coil Surface Area [m2]
,PACU_VAV_BOT COOLING COIL,Coil:Cooling:DX:TwoSpeed,,15178203.18,12156996.31,3021206.86,0.80,3.50,,
,PACU_VAV_MID COOLING COIL,Coil:Cooling:DX:TwoSpeed,,15392356.48,12318789.48,3073566.99,0.80,3.50,,
,PACU_VAV_TOP COOLING COIL,Coil:Cooling:DX:TwoSpeed,,15442153.26,12357735.72,3084417.54,0.80,3.50,,
Nominal values are gross at rated conditions, i.e., the supply air fan heat and electric power NOT accounted for.


DX Cooling Coils

,,DX Cooling Coil Type,Standard Rated Net Cooling Capacity [W],Standard Rated Net COP [W/W],EER [Btu/W-h],SEER User [Btu/W-h],SEER Standard [Btu/W-h],IEER [Btu/W-h]
,PACU_VAV_BOT COOLING COIL,,14983953.9,2.92,9.96,N/A,N/A,11.34
,PACU_VAV_MID COOLING COIL,,15204426.4,2.93,9.98,N/A,N/A,11.37
,PACU_VAV_TOP COOLING COIL,,15255692.5,2.93,9.99,N/A,N/A,11.38
ANSI/AHRI ratings include supply fan


DX Cooling Coil ASHRAE 127 Standard Ratings Report

,,DX Cooling Coil Type,Rated Net Cooling Capacity Test A [W],Rated Electric Power Test A [W],Rated Net Cooling Capacity Test B [W],Rated Electric Power Test B [W],Rated Net Cooling Capacity Test C [W],Rated Electric Power Test C [W],Rated Net Cooling Capacity Test D [W],Rated Electric Power Test D [W]
,PACU_VAV_BOT COOLING COIL,Coil:Cooling:DX:TwoSpeed,,,,,,,,
,PACU_VAV_MID COOLING COIL,Coil:Cooling:DX:TwoSpeed,,,,,,,,
,PACU_VAV_TOP COOLING COIL,Coil:Cooling:DX:TwoSpeed,,,,,,,,


DX Heating Coils

,,DX Heating Coil Type,High Temperature Heating (net) Rating Capacity [W],Low Temperature Heating (net) Rating Capacity [W],HSPF [Btu/W-h],Region Number
,None,,,,,


Heating Coils

,,Type,Design Coil Load [W],Nominal Total Capacity [W],Nominal Efficiency [W/W]
,CORE_BOTTOM VAV BOX REHEAT COIL,Coil:Heating:Electric,,3570689.71,1.00
,CORE_MID VAV BOX REHEAT COIL,Coil:Heating:Electric,,4883678.75,1.00
,CORE_TOP VAV BOX REHEAT COIL,Coil:Heating:Electric,,4691534.01,1.00
,PERIMETER_TOP_ZN_3 VAV BOX REHEAT COIL,Coil:Heating:Electric,,664970.17,1.00
,PERIMETER_TOP_ZN_2 VAV BOX REHEAT COIL,Coil:Heating:Electric,,226517.76,1.00
,PERIMETER_TOP_ZN_1 VAV BOX REHEAT COIL,Coil:Heating:Electric,,459065.70,1.00
,PERIMETER_TOP_ZN_4 VAV BOX REHEAT COIL,Coil:Heating:Electric,,207271.52,1.00
,PERIMETER_BOT_ZN_3 VAV BOX REHEAT COIL,Coil:Heating:Electric,,850621.74,1.00
,PERIMETER_BOT_ZN_2 VAV BOX REHEAT COIL,Coil:Heating:Electric,,277804.80,1.00
,PERIMETER_BOT_ZN_1 VAV BOX REHEAT COIL,Coil:Heating:Electric,,573832.12,1.00
,PERIMETER_BOT_ZN_4 VAV BOX REHEAT COIL,Coil:Heating:Electric,,264965.66,1.00
,PERIMETER_MID_ZN_3 VAV BOX REHEAT COIL,Coil:Heating:Electric,,759483.69,1.00
,PERIMETER_MID_ZN_2 VAV BOX REHEAT COIL,Coil:Heating:Electric,,126080.64,1.00
,PERIMETER_MID_ZN_1 VAV BOX REHEAT COIL,Coil:Heating:Electric,,502946.98,1.00
,PERIMETER_MID_ZN_4 VAV BOX REHEAT COIL,Coil:Heating:Electric,,222229.26,1.00
,PACU_VAV_BOT HEATING COIL,Coil:Heating:Fuel,,3737678.90,0.80
,PACU_VAV_MID HEATING COIL,Coil:Heating:Fuel,,3737678.90,0.80
,PACU_VAV_TOP HEATING COIL,Coil:Heating:Fuel,,3737678.90,0.80


Fans

,,Type,Total Efficiency [W/W],Delta Pressure [pa],Max Air Flow Rate [m3/s],Rated Electricity Rate [W],Rated Power Per Max Air Flow Rate [W-s/m3],Motor Heat In Air Fraction,Fan Energy Index,End Use Subcategory,Design Day Name for Fan Sizing Peak,Date/Time for Fan Sizing Peak
,PACU_VAV_BOT FAN,Fan:VariableVolume,0.60,1389.42,830.36,1908560.44,2298.46,1.00,1.06,General,BUFFALO.NIAGARA.INTL.AP_NY_USA ANN CLG .4% CONDNS DB=>MWB,7/21 00:10:00
,PACU_VAV_MID FAN,Fan:VariableVolume,0.60,1389.42,830.36,1920953.69,2313.39,1.00,1.06,General,BUFFALO.NIAGARA.INTL.AP_NY_USA ANN CLG .4% CONDNS DB=>MWB,7/21 00:10:00
,PACU_VAV_TOP FAN,Fan:VariableVolume,0.60,1314.72,830.36,1817676.61,2189.01,1.00,1.06,General,BUFFALO.NIAGARA.INTL.AP_NY_USA ANN CLG .4% CONDNS DB=>MWB,7/21 00:10:00


Pumps

,,Type,Control,Head [pa],Water Flow [m3/s],Electricity Rate [W],Power Per Water Flow Rate [W-s/m3],Motor Efficiency [W/W],End Use Subcategory
,SWHSYS1 PUMP,Pump:ConstantSpeed,Intermittent,29891.00,0.000054,6.85,127739.32,0.30,General


Service Water Heating

,,Type,Storage Volume [m3],Input [W],Thermal Efficiency [W/W],Recovery Efficiency [W/W],Energy Factor
,SWHSYS1 WATER HEATER,WaterHeater:Mixed,0.38,29307.11,0.81,0.98,0.18


VAV DX Cooling Standard Rating Details

,,DX Cooling Coil Type,Assocated Fan,Net Cooling Capacity [W],COP [W/W],EER [Btu/W-h],IEER [Btu/W-h],Supply Air Flow 100% [kg/s],COP 75% Capacity [W/W],EER 75% Capacity [Btu/W-h],Supply Air Flow 75% [kg/s],COP 50% Capacity [W/W],EER 50% Capacity [Btu/W-h],Supply Air Flow 50% [kg/s],COP 25% Capacity [W/W],EER 25% Capacity [Btu/W-h],Supply Air Flow 25% [kg/s]
,PACU_VAV_BOT COOLING COIL,Coil:Cooling:DX:TwoSpeed,None,14983953.92,2.92,9.96,11.34,936.2890,3.24,11.07,745.3322,3.41,11.64,500.9117,3.61,12.31,200.4363
,PACU_VAV_MID COOLING COIL,Coil:Cooling:DX:TwoSpeed,None,15204426.36,2.93,9.98,11.37,936.2890,3.25,11.10,746.7057,3.42,11.67,502.2196,3.62,12.35,199.5871
,PACU_VAV_TOP COOLING COIL,Coil:Cooling:DX:TwoSpeed,None,15255692.52,2.93,9.99,11.38,936.2890,3.25,11.11,747.0959,3.42,11.68,502.5400,3.62,12.36,199.3340
Indoor-coil-only unit ratings per ANSI/AHRI Standard 340/360-2007 with Addenda 1 and 2, with supply fan specific power at 365 {{W/1000cfm}} (773.3 {{W/(m3/s)}})


----------------------------------------------------------------------------------------------------
REPORT:,HVAC Sizing Summary
FOR:,Entire Facility
Zone Sensible Cooling

,,Calculated Design Load [W],User Design Load [W],User Design Load per Area [W/m2],Calculated Design Air Flow [m3/s],User Design Air Flow [m3/s],Design Day Name,Date/Time Of Peak {TIMESTAMP},Thermostat Setpoint Temperature at Peak Load [C],Indoor Temperature at Peak Load [C],Indoor Humidity Ratio at Peak Load [kgWater/kgDryAir],Outdoor Temperature at Peak Load [C],Outdoor Humidity Ratio at Peak Load [kgWater/kgDryAir],Minimum Outdoor Air Flow Rate [m3/s],Heat Gain Rate from DOAS [W]
,CORE_BOTTOM,30121.13,30121.13,30.63,2.181,491.768,BUFFALO.NIAGARA.INTL.AP_NY_USA ANN CLG .4% CONDNS DB=>MWB,7/21 07:10:00,24.00,24.00,0.00883,22.10,0.01335,491.768,0.00
,CORE_MID,25480.30,25480.30,25.91,1.836,491.768,BUFFALO.NIAGARA.INTL.AP_NY_USA ANN CLG .4% CONDNS DB=>MWB,7/21 07:10:00,24.00,24.00,0.00887,22.10,0.01335,491.768,0.00
,CORE_TOP,27183.87,27183.87,27.64,2.026,491.768,BUFFALO.NIAGARA.INTL.AP_NY_USA ANN CLG .4% CONDNS DB=>MWB,7/21 16:00:00,24.00,24.00,0.00891,29.74,0.01337,491.768,0.00
,PERIMETER_TOP_ZN_3,9179.68,9179.68,44.27,0.684,103.669,BUFFALO.NIAGARA.INTL.AP_NY_USA ANN CLG .4% CONDNS DB=>MWB,7/21 15:20:00,24.00,24.00,0.00902,30.11,0.01337,103.669,0.00
,PERIMETER_TOP_ZN_2,12059.35,12059.35,91.87,0.899,65.631,BUFFALO.NIAGARA.INTL.AP_NY_USA ANN CLG .4% CONDNS DB=>MWB,7/21 09:30:00,24.00,24.00,0.00877,25.98,0.01336,65.631,0.00
,PERIMETER_TOP_ZN_1,14034.92,14034.92,67.69,1.046,103.669,BUFFALO.NIAGARA.INTL.AP_NY_USA ANN CLG .4% CONDNS DB=>MWB,7/21 13:40:00,24.00,24.00,0.00885,30.14,0.01337,103.669,0.00
,PERIMETER_TOP_ZN_4,13498.31,13498.31,102.84,1.006,65.627,BUFFALO.NIAGARA.INTL.AP_NY_USA ANN CLG .4% CONDNS DB=>MWB,7/21 17:10:00,24.00,24.00,0.00874,28.84,0.01336,65.627,0.00
,PERIMETER_BOT_ZN_3,6827.47,6827.47,32.93,0.509,103.669,BUFFALO.NIAGARA.INTL.AP_NY_USA ANN CLG .4% CONDNS DB=>MWB,7/21 15:10:00,24.00,24.00,0.00903,30.21,0.01337,103.669,0.00
,PERIMETER_BOT_ZN_2,9252.55,9252.55,70.49,0.690,65.631,BUFFALO.NIAGARA.INTL.AP_NY_USA ANN CLG .4% CONDNS DB=>MWB,7/21 09:40:00,24.00,24.00,0.00876,26.24,0.01336,65.631,0.00
,PERIMETER_BOT_ZN_1,10559.72,10559.72,50.93,0.787,103.669,BUFFALO.NIAGARA.INTL.AP_NY_USA ANN CLG .4% CONDNS DB=>MWB,7/21 13:50:00,24.00,24.00,0.00885,30.22,0.01337,103.669,0.00
,PERIMETER_BOT_ZN_4,10188.06,10188.06,77.62,0.759,65.627,BUFFALO.NIAGARA.INTL.AP_NY_USA ANN CLG .4% CONDNS DB=>MWB,7/21 18:10:00,24.00,24.00,0.00873,27.84,0.01336,65.627,0.00
,PERIMETER_MID_ZN_3,7865.54,7865.54,37.94,0.586,103.669,BUFFALO.NIAGARA.INTL.AP_NY_USA ANN CLG .4% CONDNS DB=>MWB,7/21 15:10:00,24.00,24.00,0.00905,30.21,0.01337,103.669,0.00
,PERIMETER_MID_ZN_2,11797.38,11797.38,89.88,0.879,65.631,BUFFALO.NIAGARA.INTL.AP_NY_USA ANN CLG .4% CONDNS DB=>MWB,7/21 09:20:00,24.00,24.00,0.00875,25.71,0.01336,65.631,0.00
,PERIMETER_MID_ZN_1,12681.04,12681.04,61.16,0.945,103.669,BUFFALO.NIAGARA.INTL.AP_NY_USA ANN CLG .4% CONDNS DB=>MWB,7/21 13:30:00,24.00,24.00,0.00885,30.07,0.01337,103.669,0.00
,PERIMETER_MID_ZN_4,12505.71,12505.71,95.28,0.932,65.627,BUFFALO.NIAGARA.INTL.AP_NY_USA ANN CLG .4% CONDNS DB=>MWB,7/21 17:10:00,24.00,24.00,0.00873,28.84,0.01336,65.627,0.00
The Design Load is the zone sensible load only. It does not include any system effects or ventilation loads.


Zone Sensible Heating

,,Calculated Design Load [W],User Design Load [W],User Design Load per Area [W/m2],Calculated Design Air Flow [m3/s],User Design Air Flow [m3/s],Design Day Name,Date/Time Of Peak {TIMESTAMP},Thermostat Setpoint Temperature at Peak Load [C],Indoor Temperature at Peak Load [C],Indoor Humidity Ratio at Peak Load [kgWater/kgDryAir],Outdoor Temperature at Peak Load [C],Outdoor Humidity Ratio at Peak Load [kgWater/kgDryAir],Minimum Outdoor Air Flow Rate [m3/s],Heat Gain Rate from DOAS [W]
,CORE_BOTTOM,3124.89,3124.89,3.18,0.137,491.768,BUFFALO.NIAGARA.INTL.AP_NY_USA ANN HTG 99.6% CONDNS DB,1/21 24:00:00,21.00,21.00,0.00800,-16.30,0.00092,491.768,0.00
,CORE_MID,6117.84,6117.84,6.22,0.269,491.768,BUFFALO.NIAGARA.INTL.AP_NY_USA ANN HTG 99.6% CONDNS DB,1/21 24:00:00,21.00,21.00,0.00800,-16.30,0.00092,491.768,0.00
,CORE_TOP,13837.37,13837.37,14.07,0.608,491.768,BUFFALO.NIAGARA.INTL.AP_NY_USA ANN HTG 99.6% CONDNS DB,1/21 24:00:00,21.00,21.00,0.00800,-16.30,0.00092,491.768,0.00
,PERIMETER_TOP_ZN_3,7324.23,7324.23,35.33,0.322,103.669,BUFFALO.NIAGARA.INTL.AP_NY_USA ANN HTG 99.6% CONDNS DB,1/21 24:00:00,21.00,21.00,0.00714,-16.30,0.00092,103.669,0.00
,PERIMETER_TOP_ZN_2,4787.54,4787.54,36.47,0.210,65.631,BUFFALO.NIAGARA.INTL.AP_NY_USA ANN HTG 99.6% CONDNS DB,1/21 24:00:00,21.00,21.00,0.00713,-16.30,0.00092,65.631,0.00
,PERIMETER_TOP_ZN_1,7320.10,7320.10,35.31,0.322,103.669,BUFFALO.NIAGARA.INTL.AP_NY_USA ANN HTG 99.6% CONDNS DB,1/21 24:00:00,21.00,21.00,0.00714,-16.30,0.00092,103.669,0.00
,PERIMETER_TOP_ZN_4,4794.97,4794.97,36.53,0.211,65.627,BUFFALO.NIAGARA.INTL.AP_NY_USA ANN HTG 99.6% CONDNS DB,1/21 24:00:00,21.00,21.00,0.00713,-16.30,0.00092,65.627,0.00
,PERIMETER_BOT_ZN_3,4413.89,4413.89,21.29,0.194,103.669,BUFFALO.NIAGARA.INTL.AP_NY_USA ANN HTG 99.6% CONDNS DB,1/21 24:00:00,21.00,21.00,0.00723,-16.30,0.00092,103.669,0.00
,PERIMETER_BOT_ZN_2,2909.88,2909.88,22.17,0.128,65.631,BUFFALO.NIAGARA.INTL.AP_NY_USA ANN HTG 99.6% CONDNS DB,1/21 24:00:00,21.00,21.00,0.00722,-16.30,0.00092,65.631,0.00
,PERIMETER_BOT_ZN_1,4413.89,4413.89,21.29,0.194,103.669,BUFFALO.NIAGARA.INTL.AP_NY_USA ANN HTG 99.6% CONDNS DB,1/21 24:00:00,21.00,21.00,0.00723,-16.30,0.00092,103.669,0.00
,PERIMETER_BOT_ZN_4,2913.21,2913.21,22.20,0.128,65.627,BUFFALO.NIAGARA.INTL.AP_NY_USA ANN HTG 99.6% CONDNS DB,1/21 24:00:00,21.00,21.00,0.00722,-16.30,0.00092,65.627,0.00
,PERIMETER_MID_ZN_3,4915.13,4915.13,23.71,0.216,103.669,BUFFALO.NIAGARA.INTL.AP_NY_USA ANN HTG 99.6% CONDNS DB,1/21 24:00:00,21.00,21.00,0.00697,-16.30,0.00092,103.669,0.00
,PERIMETER_MID_ZN_2,3239.15,3239.15,24.68,0.142,65.631,BUFFALO.NIAGARA.INTL.AP_NY_USA ANN HTG 99.6% CONDNS DB,1/21 24:00:00,21.00,21.00,0.00696,-16.30,0.00092,65.631,0.00
,PERIMETER_MID_ZN_1,4909.31,4909.31,23.68,0.216,103.669,BUFFALO.NIAGARA.INTL.AP_NY_USA ANN HTG 99.6% CONDNS DB,1/21 24:00:00,21.00,21.00,0.00696,-16.30,0.00092,103.669,0.00
,PERIMETER_MID_ZN_4,3240.73,3240.73,24.69,0.142,65.627,BUFFALO.NIAGARA.INTL.AP_NY_USA ANN HTG 99.6% CONDNS DB,1/21 24:00:00,21.00,21.00,0.00696,-16.30,0.00092,65.627,0.00
The Design Load is the zone sensible load only. It does not include any system effects or ventilation loads.


System Design Air Flow Rates

,,Calculated cooling [m3/s],User cooling [m3/s],Calculated heating [m3/s],User heating [m3/s],Adjusted cooling [m3/s],Adjusted heating [m3/s],Adjusted main [m3/s],Calculated Heating Air Flow Ratio [],User Heating Air Flow Ratio []
,PACU_VAV_BOT,830.36,830.36,830.36,830.36,830.3643,830.3643,830.3643,1.0000,0.3000
,PACU_VAV_MID,830.36,830.36,830.36,830.36,830.3643,830.3643,830.3643,1.0000,0.3000
,PACU_VAV_TOP,830.36,830.36,830.36,830.36,830.3643,830.3643,830.3643,1.0000,0.3000


Plant Loop Coincident Design Fluid Flow Rate Adjustments

,,Previous Design Volume Flow Rate [m3/s],Algorithm Volume Flow Rate [m3/s],Coincident Design Volume Flow Rate [m3/s],Coincident Size Adjusted,Peak Sizing Period Name,Peak Day into Period {TIMESTAMP}[day],Peak Hour Of Day {TIMESTAMP}[hr],Peak Step Start Minute {TIMESTAMP}[min]
,None,,,,,,,,


Coil Sizing Summary

,,Coil Type,HVAC Type,HVAC Name,Coil Final Gross Total Capacity [W],Coil Final Gross Sensible Capacity [W],Coil Final Reference Air Volume Flow Rate [m3/s],Coil Final Reference Plant Fluid Volume Flow Rate [m3/s],Coil U-value Times Area Value [W/K],Design Day Name at Sensible Ideal Loads Peak,Date/Time at Sensible Ideal Loads Peak,Design Day Name at Air Flow Ideal Loads Peak,Date/Time at Air Flow Ideal Loads Peak,Coil Total Capacity at Ideal Loads Peak [W],Coil Sensible Capacity at Ideal Loads Peak [W],Coil Air Volume Flow Rate at Ideal Loads Peak [m3/s],Coil Entering Air Drybulb at Ideal Loads Peak [C],Coil Entering Air Wetbulb at Ideal Loads Peak [C],Coil Entering Air Humidity Ratio at Ideal Loads Peak [kgWater/kgDryAir],Coil Leaving Air Drybulb at Ideal Loads Peak [C],Coil Leaving Air Wetbulb at Ideal Loads Peak [C],Coil Leaving Air Humidity Ratio at Ideal Loads Peak [kgWater/kgDryAir],Outdoor Air Drybulb at Ideal Loads Peak [C],Outdoor Air Humidity Ratio at Ideal Loads Peak [kgWater/kgDryAir],Outdoor Air Wetbulb at Ideal Loads Peak [C],Outdoor Air Flow Percentage at Ideal Loads Peak [%],Zone Air Drybulb at Ideal Loads Peak [C],Zone Air Humidity Ratio at Ideal Loads Peak [kgWater/kgDryAir],Zone Air Relative Humidity at Ideal Loads Peak [%],Zone Sensible Heat Gain at Ideal Loads Peak [W],Zone Latent Heat Gain at Ideal Loads Peak [W],Coil Total Capacity at Rating Conditions [W],Coil Sensible Capacity at Rating Conditions [W]
,CORE_BOTTOM VAV BOX REHEAT COIL,Coil:Heating:Electric,ZONEHVAC:AIRDISTRIBUTIONUNIT,CORE_BOTTOM VAV BOX,3570689.710,3570689.710,-999.0,-999.0,-999.000,BUFFALO.NIAGARA.INTL.AP_NY_USA ANN HTG 99.6% CONDNS DB,1/21 24:00:00,BUFFALO.NIAGARA.INTL.AP_NY_USA ANN HTG 99.6% CONDNS DB,1/21 24:00:00,3570689.71,3570689.71,491.768286,12.80,11.37,0.00800000,40.00,20.89,0.00800000,-16.30,0.00092409,-16.30,0.0000,21.00,0.00800000,50.4185,3124.89,0.00,-999.00,-999.00
,CORE_MID VAV BOX REHEAT COIL,Coil:Heating:Electric,ZONEHVAC:AIRDISTRIBUTIONUNIT,CORE_MID VAV BOX,4883678.752,4883678.752,-999.0,-999.0,-999.000,BUFFALO.NIAGARA.INTL.AP_NY_USA ANN HTG 99.6% CONDNS DB,1/21 24:00:00,BUFFALO.NIAGARA.INTL.AP_NY_USA ANN HTG 99.6% CONDNS DB,1/21 24:00:00,4883678.75,4883678.75,491.768286,12.80,11.37,0.00800000,40.00,20.89,0.00800000,-16.30,0.00092409,-16.30,0.0000,21.00,0.00800000,50.4185,6117.84,0.00,-999.00,-999.00
,CORE_TOP VAV BOX REHEAT COIL,Coil:Heating:Electric,ZONEHVAC:AIRDISTRIBUTIONUNIT,CORE_TOP VAV BOX,4691534.014,4691534.014,-999.0,-999.0,-999.000,BUFFALO.NIAGARA.INTL.AP_NY_USA ANN HTG 99.6% CONDNS DB,1/21 24:00:00,BUFFALO.NIAGARA.INTL.AP_NY_USA ANN HTG 99.6% CONDNS DB,1/21 24:00:00,4691534.01,4691534.01,491.768286,12.80,11.37,0.00800000,40.00,20.89,0.00800000,-16.30,0.00092409,-16.30,0.0000,21.00,0.00800000,50.4185,13837.37,0.00,-999.00,-999.00
,PERIMETER_TOP_ZN_3 VAV BOX REHEAT COIL,Coil:Heating:Electric,ZONEHVAC:AIRDISTRIBUTIONUNIT,PERIMETER_TOP_ZN_3 VAV BOX,664970.168,664970.168,-999.0,-999.0,-999.000,BUFFALO.NIAGARA.INTL.AP_NY_USA ANN HTG 99.6% CONDNS DB,1/21 24:00:00,BUFFALO.NIAGARA.INTL.AP_NY_USA ANN HTG 99.6% CONDNS DB,1/21 24:00:00,664970.17,664970.17,103.669070,12.80,11.37,0.00800000,40.00,20.89,0.00800000,-16.30,0.00092409,-16.30,0.0000,21.00,0.00714159,45.0779,7324.23,0.00,-999.00,-999.00
,PERIMETER_TOP_ZN_2 VAV BOX REHEAT COIL,Coil:Heating:Electric,ZONEHVAC:AIRDISTRIBUTIONUNIT,PERIMETER_TOP_ZN_2 VAV BOX,226517.761,226517.761,-999.0,-999.0,-999.000,BUFFALO.NIAGARA.INTL.AP_NY_USA ANN HTG 99.6% CONDNS DB,1/21 24:00:00,BUFFALO.NIAGARA.INTL.AP_NY_USA ANN HTG 99.6% CONDNS DB,1/21 24:00:00,226517.76,226517.76,65.631097,12.80,11.37,0.00800000,40.00,20.89,0.00800000,-16.30,0.00092409,-16.30,0.0000,21.00,0.00712661,44.9848,4787.54,0.00,-999.00,-999.00
,PERIMETER_TOP_ZN_1 VAV BOX REHEAT COIL,Coil:Heating:Electric,ZONEHVAC:AIRDISTRIBUTIONUNIT,PERIMETER_TOP_ZN_1 VAV BOX,459065.699,459065.699,-999.0,-999.0,-999.000,BUFFALO.NIAGARA.INTL.AP_NY_USA ANN HTG 99.6% CONDNS DB,1/21 24:00:00,BUFFALO.NIAGARA.INTL.AP_NY_USA ANN HTG 99.6% CONDNS DB,1/21 24:00:00,459065.70,459065.70,103.669070,12.80,11.37,0.00800000,40.00,20.89,0.00800000,-16.30,0.00092409,-16.30,0.0000,21.00,0.00714116,45.0752,7320.10,0.00,-999.00,-999.00
,PERIMETER_TOP_ZN_4 VAV BOX REHEAT COIL,Coil:Heating:Electric,ZONEHVAC:AIRDISTRIBUTIONUNIT,PERIMETER_TOP_ZN_4 VAV BOX,207271.524,207271.524,-999.0,-999.0,-999.000,BUFFALO.NIAGARA.INTL.AP_NY_USA ANN HTG 99.6% CONDNS DB,1/21 24:00:00,BUFFALO.NIAGARA.INTL.AP_NY_USA ANN HTG 99.6% CONDNS DB,1/21 24:00:00,207271.52,207271.52,65.626792,12.80,11.37,0.00800000,40.00,20.89,0.00800000,-16.30,0.00092409,-16.30,0.0000,21.00,0.00712780,44.9922,4794.97,0.00,-999.00,-999.00
,PERIMETER_BOT_ZN_3 VAV BOX REHEAT COIL,Coil:Heating:Electric,ZONEHVAC:AIRDISTRIBUTIONUNIT,PERIMETER_BOT_ZN_3 VAV BOX,850621.737,850621.737,-999.0,-999.0,-999.000,BUFFALO.NIAGARA.INTL.AP_NY_USA ANN HTG 99.6% CONDNS DB,1/21 24:00:00,BUFFALO.NIAGARA.INTL.AP_NY_USA ANN HTG 99.6% CONDNS DB,1/21 24:00:00,850621.74,850621.74,103.669070,12.80,11.37,0.00800000,40.00,20.89,0.00800000,-16.30,0.00092409,-16.30,0.0000,21.00,0.00723172,45.6369,4413.89,0.00,-999.00,-999.00
,PERIMETER_BOT_ZN_2 VAV BOX REHEAT COIL,Coil:Heating:Electric,ZONEHVAC:AIRDISTRIBUTIONUNIT,PERIMETER_BOT_ZN_2 VAV BOX,277804.801,277804.801,-999.0,-999.0,-999.000,BUFFALO.NIAGARA.INTL.AP_NY_USA ANN HTG 99.6% CONDNS DB,1/21 24:00:00,BUFFALO.NIAGARA.INTL.AP_NY_USA ANN HTG 99.6% CONDNS DB,1/21 24:00:00,277804.80,277804.80,65.631097,12.80,11.37,0.00800000,40.00,20.89,0.00800000,-16.30,0.00092409,-16.30,0.0000,21.00,0.00722403,45.5891,2909.88,0.00,-999.00,-999.00
,PERIMETER_BOT_ZN_1 VAV BOX REHEAT COIL,Coil:Heating:Electric,ZONEHVAC:AIRDISTRIBUTIONUNIT,PERIMETER_BOT_ZN_1 VAV BOX,573832.124,573832.124,-999.0,-999.0,-999.000,BUFFALO.NIAGARA.INTL.AP_NY_USA ANN HTG 99.6% CONDNS DB,1/21 24:00:00,BUFFALO.NIAGARA.INTL.AP_NY_USA ANN HTG 99.6% CONDNS DB,1/21 24:00:00,573832.12,573832.12,103.669070,12.80,11.37,0.00800000,40.00,20.89,0.00800000,-16.30,0.00092409,-16.30,0.0000,21.00,0.00723172,45.6369,4413.89,0.00,-999.00,-999.00
,PERIMETER_BOT_ZN_4 VAV BOX REHEAT COIL,Coil:Heating:Electric,ZONEHVAC:AIRDISTRIBUTIONUNIT,PERIMETER_BOT_ZN_4 VAV BOX,264965.660,264965.660,-999.0,-999.0,-999.000,BUFFALO.NIAGARA.INTL.AP_NY_USA ANN HTG 99.6% CONDNS DB,1/21 24:00:00,BUFFALO.NIAGARA.INTL.AP_NY_USA ANN HTG 99.6% CONDNS DB,1/21 24:00:00,264965.66,264965.66,65.626792,12.80,11.37,0.00800000,40.00,20.89,0.00800000,-16.30,0.00092409,-16.30,0.0000,21.00,0.00722482,45.5940,2913.21,0.00,-999.00,-999.00
,PERIMETER_MID_ZN_3 VAV BOX REHEAT COIL,Coil:Heating:Electric,ZONEHVAC:AIRDISTRIBUTIONUNIT,PERIMETER_MID_ZN_3 VAV BOX,759483.694,759483.694,-999.0,-999.0,-999.000,BUFFALO.NIAGARA.INTL.AP_NY_USA ANN HTG 99.6% CONDNS DB,1/21 24:00:00,BUFFALO.NIAGARA.INTL.AP_NY_USA ANN HTG 99.6% CONDNS DB,1/21 24:00:00,759483.69,759483.69,103.669070,12.80,11.37,0.00800000,40.00,20.89,0.00800000,-16.30,0.00092409,-16.30,0.0000,21.00,0.00696540,43.9770,4915.13,0.00,-999.00,-999.00
,PERIMETER_MID_ZN_2 VAV BOX REHEAT COIL,Coil:Heating:Electric,ZONEHVAC:AIRDISTRIBUTIONUNIT,PERIMETER_MID_ZN_2 VAV BOX,126080.641,126080.641,-999.0,-999.0,-999.000,BUFFALO.NIAGARA.INTL.AP_NY_USA ANN HTG 99.6% CONDNS DB,1/21 24:00:00,BUFFALO.NIAGARA.INTL.AP_NY_USA ANN HTG 99.6% CONDNS DB,1/21 24:00:00,126080.64,126080.64,65.631097,12.80,11.37,0.00800000,40.00,20.89,0.00800000,-16.30,0.00092409,-16.30,0.0000,21.00,0.00695517,43.9134,3239.15,0.00,-999.00,-999.00
,PERIMETER_MID_ZN_1 VAV BOX REHEAT COIL,Coil:Heating:Electric,ZONEHVAC:AIRDISTRIBUTIONUNIT,PERIMETER_MID_ZN_1 VAV BOX,502946.980,502946.980,-999.0,-999.0,-999.000,BUFFALO.NIAGARA.INTL.AP_NY_USA ANN HTG 99.6% CONDNS DB,1/21 24:00:00,BUFFALO.NIAGARA.INTL.AP_NY_USA ANN HTG 99.6% CONDNS DB,1/21 24:00:00,502946.98,502946.98,103.669070,12.80,11.37,0.00800000,40.00,20.89,0.00800000,-16.30,0.00092409,-16.30,0.0000,21.00,0.00696436,43.9705,4909.31,0.00,-999.00,-999.00
,PERIMETER_MID_ZN_4 VAV BOX REHEAT COIL,Coil:Heating:Electric,ZONEHVAC:AIRDISTRIBUTIONUNIT,PERIMETER_MID_ZN_4 VAV BOX,222229.263,222229.263,-999.0,-999.0,-999.000,BUFFALO.NIAGARA.INTL.AP_NY_USA ANN HTG 99.6% CONDNS DB,1/21 24:00:00,BUFFALO.NIAGARA.INTL.AP_NY_USA ANN HTG 99.6% CONDNS DB,1/21 24:00:00,222229.26,222229.26,65.626792,12.80,11.37,0.00800000,40.00,20.89,0.00800000,-16.30,0.00092409,-16.30,0.0000,21.00,0.00695560,43.9161,3240.73,0.00,-999.00,-999.00
,PACU_VAV_BOT COOLING COIL,Coil:Cooling:DX:TwoSpeed,AirLoopHVAC,PACU_VAV_BOT,15178203.178,12156996.314,830.364316,-999.0,-999.000,BUFFALO.NIAGARA.INTL.AP_NY_USA ANN CLG .4% CONDNS DB=>MWB,7/21 06:10:00,BUFFALO.NIAGARA.INTL.AP_NY_USA ANN HTG 99.6% CONDNS DB,1/21 00:10:00,15839301.15,15068975.76,830.364316,26.53,17.27,0.00881341,10.88,10.88,0.00850000,21.29,0.01335109,19.12,0.1151,26.70,0.00866379,38.7137,9045.05,0.00,15650764.87,12166636.71
,PACU_VAV_BOT HEATING COIL,Coil:Heating:Fuel,AirLoopHVAC,PACU_VAV_BOT,3737678.902,3737678.902,-999.0,-999.0,-999.000,BUFFALO.NIAGARA.INTL.AP_NY_USA ANN CLG .4% CONDNS DB=>MWB,7/21 05:00:00,BUFFALO.NIAGARA.INTL.AP_NY_USA ANN CLG .4% CONDNS DB=>MWB,7/21 00:10:00,3737678.90,3737678.90,249.109295,0.08,0.08,0.00866785,12.80,11.37,0.00800000,21.00,0.01335058,19.03,0.3838,24.00,0.00878940,46.1061,0.00,0.00,-999.00,-999.00
,PACU_VAV_MID COOLING COIL,Coil:Cooling:DX:TwoSpeed,AirLoopHVAC,PACU_VAV_MID,15392356.479,12318789.485,830.364316,-999.0,-999.000,BUFFALO.NIAGARA.INTL.AP_NY_USA ANN CLG .4% CONDNS DB=>MWB,7/21 06:10:00,BUFFALO.NIAGARA.INTL.AP_NY_USA ANN HTG 99.6% CONDNS DB,1/21 00:10:00,16083254.82,14982635.36,830.364316,26.44,17.34,0.00894759,10.87,10.87,0.00850000,21.29,0.01335109,19.12,0.1151,26.70,0.00902697,40.3144,5302.00,0.00,15871585.66,12329875.23
,PACU_VAV_MID HEATING COIL,Coil:Heating:Fuel,AirLoopHVAC,PACU_VAV_MID,3737678.902,3737678.902,-999.0,-999.0,-999.000,BUFFALO.NIAGARA.INTL.AP_NY_USA ANN CLG .4% CONDNS DB=>MWB,7/21 05:00:00,BUFFALO.NIAGARA.INTL.AP_NY_USA ANN CLG .4% CONDNS DB=>MWB,7/21 00:10:00,3737678.90,3737678.90,249.109295,0.08,0.08,0.00874422,12.80,11.37,0.00800000,21.00,0.01335058,19.03,0.3838,24.00,0.00894428,46.9078,0.00,0.00,-999.00,-999.00
,PACU_VAV_TOP COOLING COIL,Coil:Cooling:DX:TwoSpeed,AirLoopHVAC,PACU_VAV_TOP,15442153.263,12357735.720,830.364316,-999.0,-999.000,BUFFALO.NIAGARA.INTL.AP_NY_USA ANN CLG .4% CONDNS DB=>MWB,7/21 06:10:00,BUFFALO.NIAGARA.INTL.AP_NY_USA ANN HTG 99.6% CONDNS DB,1/21 00:10:00,16150262.16,14770751.97,830.364316,26.32,17.40,0.00906469,10.97,10.97,0.00850000,21.29,0.01335109,19.12,0.1151,26.70,0.00913649,40.7967,4021.80,0.00,15922932.83,12367826.46
,PACU_VAV_TOP HEATING COIL,Coil:Heating:Fuel,AirLoopHVAC,PACU_VAV_TOP,3737678.902,3737678.902,-999.0,-999.0,-999.000,BUFFALO.NIAGARA.INTL.AP_NY_USA ANN CLG .4% CONDNS DB=>MWB,7/21 05:00:00,BUFFALO.NIAGARA.INTL.AP_NY_USA ANN CLG .4% CONDNS DB=>MWB,7/21 00:10:00,3737678.90,3737678.90,249.109295,0.08,0.08,0.00881280,12.80,11.37,0.00800000,21.00,0.01335058,19.03,0.3838,24.00,0.00907913,47.6052,0.00,0.00,-999.00,-999.00


----------------------------------------------------------------------------------------------------
REPORT:,Coil Sizing Details
FOR:,Entire Facility
Coils

,,Coil Type,Coil Location,HVAC Type,HVAC Name,Zone Name(s),System Sizing Method Concurrence,System Sizing Method Capacity,System Sizing Method Air Flow,Autosized Coil Capacity?,Autosized Coil Airflow?,Autosized Coil Water Flow?,OA Pretreated prior to coil inlet?,Coil Final Gross Total Capacity [W],Coil Final Gross Sensible Capacity [W],Coil Final Reference Air Volume Flow Rate [m3/s],Coil Final Reference Plant Fluid Volume Flow Rate [m3/s],Coil U-value Times Area Value [W/K],Terminal Unit Reheat Coil Multiplier,DX Coil Capacity Increase Ratio from Too Low Flow/Capacity Ratio,DX Coil Capacity Decrease Ratio from Too High Flow/Capacity Ratio,Moist Air Heat Capacity [J/kg-K],Dry Air Heat Capacity [J/kg-K],Standard Air Density Adjusted for Elevation [kg/m3],Supply Fan Name for Coil,Supply Fan Type for Coil,Supply Fan Maximum Air Volume Flow Rate [m3/s],Supply Fan Maximum Air Mass Flow Rate [kg/s],Plant Name for Coil,Plant Fluid Specific Heat Capacity [J/kg-K],Plant Fluid Density [kg/m3],Plant Maximum Fluid Mass Flow Rate [kg/s],Plant Design Fluid Return Temperature [C],Plant Design Fluid Supply Temperature [C],Plant Design Fluid Temperature Difference [deltaC],Plant Design Capacity [W],Coil Capacity Percentage of Plant Design Capacity [%],Coil Fluid Flow Rate Percentage of Plant Design Flow Rate [%],Design Day Name at Sensible Ideal Loads Peak,Date/Time at Sensible Ideal Loads Peak,Design Day Name at Total Ideal Loads Peak,Date/Time at Total Ideal Loads Peak,Design Day Name at Air Flow Ideal Loads Peak,Date/Time at Air Flow Ideal Loads Peak,Peak Load Type to Size On,Coil Total Capacity at Ideal Loads Peak [W],Coil Sensible Capacity at Ideal Loads Peak [W],Coil Off-Rating Capacity Modifier at Ideal Loads Peak [ ],Coil Air Mass Flow Rate at Ideal Loads Peak [kg/s],Coil Air Volume Flow Rate at Ideal Loads Peak [m3/s],Coil Entering Air Drybulb at Ideal Loads Peak [C],Coil Entering Air Wetbulb at Ideal Loads Peak [C],Coil Entering Air Humidity Ratio at Ideal Loads Peak [kgWater/kgDryAir],Coil Entering Air Enthalpy at Ideal Loads Peak [J/KG-K],Coil Leaving Air Drybulb at Ideal Loads Peak [C],Coil Leaving Air Wetbulb at Ideal Loads Peak [C],Coil Leaving Air Humidity Ratio at Ideal Loads Peak [kgWater/kgDryAir],Coil Leaving Air Enthalpy at Ideal Loads Peak [J/KG-K],Coil Plant Fluid Mass Flow Rate at Ideal Loads Peak [kg/s],Coil Entering Plant Fluid Temperature at Ideal Loads Peak [C],Coil Leaving Plant Fluid Temperature at Ideal Loads Peak [C],Coil Plant Fluid Temperature Difference at Ideal Loads Peak [deltaC],Supply Fan Air Heat Gain at Ideal Loads Peak [W],Coil and Fan Net Total Capacity at Ideal Loads Peak [W],Outdoor Air Drybulb at Ideal Loads Peak [C],Outdoor Air Humidity Ratio at Ideal Loads Peak [kgWater/kgDryAir],Outdoor Air Wetbulb at Ideal Loads Peak [C],Outdoor Air Volume Flow Rate at Ideal Loads Peak [m3/s],Outdoor Air Flow Percentage at Ideal Loads Peak [%],System Return Air Drybulb at Ideal Loads Peak [C],System Return Air Humidity Ratio at Ideal Loads Peak [kgWater/kgDryAir],Zone Air Drybulb at Ideal Loads Peak [C],Zone Air Humidity Ratio at Ideal Loads Peak [kgWater/kgDryAir],Zone Air Relative Humidity at Ideal Loads Peak [%],Zone Sensible Heat Gain at Ideal Loads Peak [W],Zone Latent Heat Gain at Ideal Loads Peak [W],Coil Total Capacity at Rating Conditions [W],Coil Sensible Capacity at Rating Conditions [W],Coil Air Mass Flow Rate at Rating Conditions [kg/s],Coil Entering Air Drybulb at Rating Conditions [C],Coil Entering Air Wetbulb at Rating Conditions [C],Coil Entering Air Humidity Ratio at Rating Conditions [kgWater/kgDryAir],Coil Entering Air Enthalpy at Rating Conditions [J/KG-K],Coil Leaving Air Drybulb at Rating Conditions [C],Coil Leaving Air Wetbulb at Rating Conditions [C],Coil Leaving Air Humidity Ratio at Rating Conditions [kgWater/kgDryAir],Coil Leaving Air Enthalpy at Rating Conditions [J/KG-K]
,CORE_BOTTOM VAV BOX REHEAT COIL,Coil:Heating:Electric,Zone Equipment,ZONEHVAC:AIRDISTRIBUTIONUNIT,CORE_BOTTOM VAV BOX,CORE_BOTTOM,N/A,N/A,N/A,Yes,No,unknown,No,3570689.710,3570689.710,-999.0,-999.0,-999.000,-999.0000,1.00000,1.00000,1019.7116,1004.8586,1.1739,unknown,unknown,-999.0,-999.0,,-999.0000,-999.0000,-999.0,-999.00,-999.00,-999.00,-999.00,-999.0000,-999.0,BUFFALO.NIAGARA.INTL.AP_NY_USA ANN HTG 99.6% CONDNS DB,1/21 24:00:00,unknown,unknown,BUFFALO.NIAGARA.INTL.AP_NY_USA ANN HTG 99.6% CONDNS DB,1/21 24:00:00,Sensible,3570689.71,3570689.71,1.0000,577.29923924,491.768286,12.80,11.37,0.00800000,33059.8,40.00,20.89,0.00800000,60796.0,-999.0,-999.00,-999.00,-999.00,0.000,3570689.71,-16.30,0.00092409,-16.30,0.00000000,0.0000,21.00,0.00800000,21.00,0.00800000,50.4185,3124.89,0.00,-999.00,-999.00,-999.0,-999.00,-999.00,-999.0,-999.0,-999.00,-999.00,-999.0,-999.0
,CORE_MID VAV BOX REHEAT COIL,Coil:Heating:Electric,Zone Equipment,ZONEHVAC:AIRDISTRIBUTIONUNIT,CORE_MID VAV BOX,CORE_MID,N/A,N/A,N/A,Yes,No,unknown,No,4883678.752,4883678.752,-999.0,-999.0,-999.000,-999.0000,1.00000,1.00000,1019.7116,1004.8586,1.1739,unknown,unknown,-999.0,-999.0,,-999.0000,-999.0000,-999.0,-999.00,-999.00,-999.00,-999.00,-999.0000,-999.0,BUFFALO.NIAGARA.INTL.AP_NY_USA ANN HTG 99.6% CONDNS DB,1/21 24:00:00,unknown,unknown,BUFFALO.NIAGARA.INTL.AP_NY_USA ANN HTG 99.6% CONDNS DB,1/21 24:00:00,Sensible,4883678.75,4883678.75,1.0000,577.29923924,491.768286,12.80,11.37,0.00800000,33059.8,40.00,20.89,0.00800000,60796.0,-999.0,-999.00,-999.00,-999.00,0.000,4883678.75,-16.30,0.00092409,-16.30,0.00000000,0.0000,21.00,0.00800000,21.00,0.00800000,50.4185,6117.84,0.00,-999.00,-999.00,-999.0,-999.00,-999.00,-999.0,-999.0,-999.00,-999.00,-999.0,-999.0
,CORE_TOP VAV BOX REHEAT COIL,Coil:Heating:Electric,Zone Equipment,ZONEHVAC:AIRDISTRIBUTIONUNIT,CORE_TOP VAV BOX,CORE_TOP,N/A,N/A,N/A,Yes,No,unknown,No,4691534.014,4691534.014,-999.0,-999.0,-999.000,-999.0000,1.00000,1.00000,1019.7116,1004.8586,1.1739,unknown,unknown,-999.0,-999.0,,-999.0000,-999.0000,-999.0,-999.00,-999.00,-999.00,-999.00,-999.0000,-999.0,BUFFALO.NIAGARA.INTL.AP_NY_USA ANN HTG 99.6% CONDNS DB,1/21 24:00:00,unknown,unknown,BUFFALO.NIAGARA.INTL.AP_NY_USA ANN HTG 99.6% CONDNS DB,1/21 24:00:00,Sensible,4691534.01,4691534.01,1.0000,577.29923924,491.768286,12.80,11.37,0.00800000,33059.8,40.00,20.89,0.00800000,60796.0,-999.0,-999.00,-999.00,-999.00,0.000,4691534.01,-16.30,0.00092409,-16.30,0.00000000,0.0000,21.00,0.00800000,21.00,0.00800000,50.4185,13837.37,0.00,-999.00,-999.00,-999.0,-999.00,-999.00,-999.0,-999.0,-999.00,-999.00,-999.0,-999.0
,PERIMETER_TOP_ZN_3 VAV BOX REHEAT COIL,Coil:Heating:Electric,Zone Equipment,ZONEHVAC:AIRDISTRIBUTIONUNIT,PERIMETER_TOP_ZN_3 VAV BOX,PERIMETER_TOP_ZN_3,N/A,N/A,N/A,Yes,No,unknown,No,664970.168,664970.168,-999.0,-999.0,-999.000,-999.0000,1.00000,1.00000,1019.7116,1004.8586,1.1739,unknown,unknown,-999.0,-999.0,,-999.0000,-999.0000,-999.0,-999.00,-999.00,-999.00,-999.00,-999.0000,-999.0,BUFFALO.NIAGARA.INTL.AP_NY_USA ANN HTG 99.6% CONDNS DB,1/21 24:00:00,unknown,unknown,BUFFALO.NIAGARA.INTL.AP_NY_USA ANN HTG 99.6% CONDNS DB,1/21 24:00:00,Sensible,664970.17,664970.17,1.0000,121.69974608,103.669070,12.80,11.37,0.00800000,33059.8,40.00,20.89,0.00800000,60796.0,-999.0,-999.00,-999.00,-999.00,0.000,664970.17,-16.30,0.00092409,-16.30,0.00000000,0.0000,21.00,0.00714159,21.00,0.00714159,45.0779,7324.23,0.00,-999.00,-999.00,-999.0,-999.00,-999.00,-999.0,-999.0,-999.00,-999.00,-999.0,-999.0
,PERIMETER_TOP_ZN_2 VAV BOX REHEAT COIL,Coil:Heating:Electric,Zone Equipment,ZONEHVAC:AIRDISTRIBUTIONUNIT,PERIMETER_TOP_ZN_2 VAV BOX,PERIMETER_TOP_ZN_2,N/A,N/A,N/A,Yes,No,unknown,No,226517.761,226517.761,-999.0,-999.0,-999.000,-999.0000,1.00000,1.00000,1019.7116,1004.8586,1.1739,unknown,unknown,-999.0,-999.0,,-999.0000,-999.0000,-999.0,-999.00,-999.00,-999.00,-999.00,-999.0000,-999.0,BUFFALO.NIAGARA.INTL.AP_NY_USA ANN HTG 99.6% CONDNS DB,1/21 24:00:00,unknown,unknown,BUFFALO.NIAGARA.INTL.AP_NY_USA ANN HTG 99.6% CONDNS DB,1/21 24:00:00,Sensible,226517.76,226517.76,1.0000,77.04600618,65.631097,12.80,11.37,0.00800000,33059.8,40.00,20.89,0.00800000,60796.0,-999.0,-999.00,-999.00,-999.00,0.000,226517.76,-16.30,0.00092409,-16.30,0.00000000,0.0000,21.00,0.00712661,21.00,0.00712661,44.9848,4787.54,0.00,-999.00,-999.00,-999.0,-999.00,-999.00,-999.0,-999.0,-999.00,-999.00,-999.0,-999.0
,PERIMETER_TOP_ZN_1 VAV BOX REHEAT COIL,Coil:Heating:Electric,Zone Equipment,ZONEHVAC:AIRDISTRIBUTIONUNIT,PERIMETER_TOP_ZN_1 VAV BOX,PERIMETER_TOP_ZN_1,N/A,N/A,N/A,Yes,No,unknown,No,459065.699,459065.699,-999.0,-999.0,-999.000,-999.0000,1.00000,1.00000,1019.7116,1004.8586,1.1739,unknown,unknown,-999.0,-999.0,,-999.0000,-999.0000,-999.0,-999.00,-999.00,-999.00,-999.00,-999.0000,-999.0,BUFFALO.NIAGARA.INTL.AP_NY_USA ANN HTG 99.6% CONDNS DB,1/21 24:00:00,unknown,unknown,BUFFALO.NIAGARA.INTL.AP_NY_USA ANN HTG 99.6% CONDNS DB,1/21 24:00:00,Sensible,459065.70,459065.70,1.0000,121.69974608,103.669070,12.80,11.37,0.00800000,33059.8,40.00,20.89,0.00800000,60796.0,-999.0,-999.00,-999.00,-999.00,0.000,459065.70,-16.30,0.00092409,-16.30,0.00000000,0.0000,21.00,0.00714116,21.00,0.00714116,45.0752,7320.10,0.00,-999.00,-999.00,-999.0,-999.00,-999.00,-999.0,-999.0,-999.00,-999.00,-999.0,-999.0
,PERIMETER_TOP_ZN_4 VAV BOX REHEAT COIL,Coil:Heating:Electric,Zone Equipment,ZONEHVAC:AIRDISTRIBUTIONUNIT,PERIMETER_TOP_ZN_4 VAV BOX,PERIMETER_TOP_ZN_4,N/A,N/A,N/A,Yes,No,unknown,No,207271.524,207271.524,-999.0,-999.0,-999.000,-999.0000,1.00000,1.00000,1019.7116,1004.8586,1.1739,unknown,unknown,-999.0,-999.0,,-999.0000,-999.0000,-999.0,-999.00,-999.00,-999.00,-999.00,-999.0000,-999.0,BUFFALO.NIAGARA.INTL.AP_NY_USA ANN HTG 99.6% CONDNS DB,1/21 24:00:00,unknown,unknown,BUFFALO.NIAGARA.INTL.AP_NY_USA ANN HTG 99.6% CONDNS DB,1/21 24:00:00,Sensible,207271.52,207271.52,1.0000,77.04095233,65.626792,12.80,11.37,0.00800000,33059.8,40.00,20.89,0.00800000,60796.0,-999.0,-999.00,-999.00,-999.00,0.000,207271.52,-16.30,0.00092409,-16.30,0.00000000,0.0000,21.00,0.00712780,21.00,0.00712780,44.9922,4794.97,0.00,-999.00,-999.00,-999.0,-999.00,-999.00,-999.0,-999.0,-999.00,-999.00,-999.0,-999.0
,PERIMETER_BOT_ZN_3 VAV BOX REHEAT COIL,Coil:Heating:Electric,Zone Equipment,ZONEHVAC:AIRDISTRIBUTIONUNIT,PERIMETER_BOT_ZN_3 VAV BOX,PERIMETER_BOT_ZN_3,N/A,N/A,N/A,Yes,No,unknown,No,850621.737,850621.737,-999.0,-999.0,-999.000,-999.0000,1.00000,1.00000,1019.7116,1004.8586,1.1739,unknown,unknown,-999.0,-999.0,,-999.0000,-999.0000,-999.0,-999.00,-999.00,-999.00,-999.00,-999.0000,-999.0,BUFFALO.NIAGARA.INTL.AP_NY_USA ANN HTG 99.6% CONDNS DB,1/21 24:00:00,unknown,unknown,BUFFALO.NIAGARA.INTL.AP_NY_USA ANN HTG 99.6% CONDNS DB,1/21 24:00:00,Sensible,850621.74,850621.74,1.0000,121.69974608,103.669070,12.80,11.37,0.00800000,33059.8,40.00,20.89,0.00800000,60796.0,-999.0,-999.00,-999.00,-999.00,0.000,850621.74,-16.30,0.00092409,-16.30,0.00000000,0.0000,21.00,0.00723172,21.00,0.00723172,45.6369,4413.89,0.00,-999.00,-999.00,-999.0,-999.00,-999.00,-999.0,-999.0,-999.00,-999.00,-999.0,-999.0
,PERIMETER_BOT_ZN_2 VAV BOX REHEAT COIL,Coil:Heating:Electric,Zone Equipment,ZONEHVAC:AIRDISTRIBUTIONUNIT,PERIMETER_BOT_ZN_2 VAV BOX,PERIMETER_BOT_ZN_2,N/A,N/A,N/A,Yes,No,unknown,No,277804.801,277804.801,-999.0,-999.0,-999.000,-999.0000,1.00000,1.00000,1019.7116,1004.8586,1.1739,unknown,unknown,-999.0,-999.0,,-999.0000,-999.0000,-999.0,-999.00,-999.00,-999.00,-999.00,-999.0000,-999.0,BUFFALO.NIAGARA.INTL.AP_NY_USA ANN HTG 99.6% CONDNS DB,1/21 24:00:00,unknown,unknown,BUFFALO.NIAGARA.INTL.AP_NY_USA ANN HTG 99.6% CONDNS DB,1/21 24:00:00,Sensible,277804.80,277804.80,1.0000,77.04600618,65.631097,12.80,11.37,0.00800000,33059.8,40.00,20.89,0.00800000,60796.0,-999.0,-999.00,-999.00,-999.00,0.000,277804.80,-16.30,0.00092409,-16.30,0.00000000,0.0000,21.00,0.00722403,21.00,0.00722403,45.5891,2909.88,0.00,-999.00,-999.00,-999.0,-999.00,-999.00,-999.0,-999.0,-999.00,-999.00,-999.0,-999.0
,PERIMETER_BOT_ZN_1 VAV BOX REHEAT COIL,Coil:Heating:Electric,Zone Equipment,ZONEHVAC:AIRDISTRIBUTIONUNIT,PERIMETER_BOT_ZN_1 VAV BOX,PERIMETER_BOT_ZN_1,N/A,N/A,N/A,Yes,No,unknown,No,573832.124,573832.124,-999.0,-999.0,-999.000,-999.0000,1.00000,1.00000,1019.7116,1004.8586,1.1739,unknown,unknown,-999.0,-999.0,,-999.0000,-999.0000,-999.0,-999.00,-999.00,-999.00,-999.00,-999.0000,-999.0,BUFFALO.NIAGARA.INTL.AP_NY_USA ANN HTG 99.6% CONDNS DB,1/21 24:00:00,unknown,unknown,BUFFALO.NIAGARA.INTL.AP_NY_USA ANN HTG 99.6% CONDNS DB,1/21 24:00:00,Sensible,573832.12,573832.12,1.0000,121.69974608,103.669070,12.80,11.37,0.00800000,33059.8,40.00,20.89,0.00800000,60796.0,-999.0,-999.00,-999.00,-999.00,0.000,573832.12,-16.30,0.00092409,-16.30,0.00000000,0.0000,21.00,0.00723172,21.00,0.00723172,45.6369,4413.89,0.00,-999.00,-999.00,-999.0,-999.00,-999.00,-999.0,-999.0,-999.00,-999.00,-999.0,-999.0
,PERIMETER_BOT_ZN_4 VAV BOX REHEAT COIL,Coil:Heating:Electric,Zone Equipment,ZONEHVAC:AIRDISTRIBUTIONUNIT,PERIMETER_BOT_ZN_4 VAV BOX,PERIMETER_BOT_ZN_4,N/A,N/A,N/A,Yes,No,unknown,No,264965.660,264965.660,-999.0,-999.0,-999.000,-999.0000,1.00000,1.00000,1019.7116,1004.8586,1.1739,unknown,unknown,-999.0,-999.0,,-999.0000,-999.0000,-999.0,-999.00,-999.00,-999.00,-999.00,-999.0000,-999.0,BUFFALO.NIAGARA.INTL.AP_NY_USA ANN HTG 99.6% CONDNS DB,1/21 24:00:00,unknown,unknown,BUFFALO.NIAGARA.INTL.AP_NY_USA ANN HTG 99.6% CONDNS DB,1/21 24:00:00,Sensible,264965.66,264965.66,1.0000,77.04095233,65.626792,12.80,11.37,0.00800000,33059.8,40.00,20.89,0.00800000,60796.0,-999.0,-999.00,-999.00,-999.00,0.000,264965.66,-16.30,0.00092409,-16.30,0.00000000,0.0000,21.00,0.00722482,21.00,0.00722482,45.5940,2913.21,0.00,-999.00,-999.00,-999.0,-999.00,-999.00,-999.0,-999.0,-999.00,-999.00,-999.0,-999.0
,PERIMETER_MID_ZN_3 VAV BOX REHEAT COIL,Coil:Heating:Electric,Zone Equipment,ZONEHVAC:AIRDISTRIBUTIONUNIT,PERIMETER_MID_ZN_3 VAV BOX,PERIMETER_MID_ZN_3,N/A,N/A,N/A,Yes,No,unknown,No,759483.694,759483.694,-999.0,-999.0,-999.000,-999.0000,1.00000,1.00000,1019.7116,1004.8586,1.1739,unknown,unknown,-999.0,-999.0,,-999.0000,-999.0000,-999.0,-999.00,-999.00,-999.00,-999.00,-999.0000,-999.0,BUFFALO.NIAGARA.INTL.AP_NY_USA ANN HTG 99.6% CONDNS DB,1/21 24:00:00,unknown,unknown,BUFFALO.NIAGARA.INTL.AP_NY_USA ANN HTG 99.6% CONDNS DB,1/21 24:00:00,Sensible,759483.69,759483.69,1.0000,121.69974608,103.669070,12.80,11.37,0.00800000,33059.8,40.00,20.89,0.00800000,60796.0,-999.0,-999.00,-999.00,-999.00,0.000,759483.69,-16.30,0.00092409,-16.30,0.00000000,0.0000,21.00,0.00696540,21.00,0.00696540,43.9770,4915.13,0.00,-999.00,-999.00,-999.0,-999.00,-999.00,-999.0,-999.0,-999.00,-999.00,-999.0,-999.0
,PERIMETER_MID_ZN_2 VAV BOX REHEAT COIL,Coil:Heating:Electric,Zone Equipment,ZONEHVAC:AIRDISTRIBUTIONUNIT,PERIMETER_MID_ZN_2 VAV BOX,PERIMETER_MID_ZN_2,N/A,N/A,N/A,Yes,No,unknown,No,126080.641,126080.641,-999.0,-999.0,-999.000,-999.0000,1.00000,1.00000,1019.7116,1004.8586,1.1739,unknown,unknown,-999.0,-999.0,,-999.0000,-999.0000,-999.0,-999.00,-999.00,-999.00,-999.00,-999.0000,-999.0,BUFFALO.NIAGARA.INTL.AP_NY_USA ANN HTG 99.6% CONDNS DB,1/21 24:00:00,unknown,unknown,BUFFALO.NIAGARA.INTL.AP_NY_USA ANN HTG 99.6% CONDNS DB,1/21 24:00:00,Sensible,126080.64,126080.64,1.0000,77.04600618,65.631097,12.80,11.37,0.00800000,33059.8,40.00,20.89,0.00800000,60796.0,-999.0,-999.00,-999.00,-999.00,0.000,126080.64,-16.30,0.00092409,-16.30,0.00000000,0.0000,21.00,0.00695517,21.00,0.00695517,43.9134,3239.15,0.00,-999.00,-999.00,-999.0,-999.00,-999.00,-999.0,-999.0,-999.00,-999.00,-999.0,-999.0
,PERIMETER_MID_ZN_1 VAV BOX REHEAT COIL,Coil:Heating:Electric,Zone Equipment,ZONEHVAC:AIRDISTRIBUTIONUNIT,PERIMETER_MID_ZN_1 VAV BOX,PERIMETER_MID_ZN_1,N/A,N/A,N/A,Yes,No,unknown,No,502946.980,502946.980,-999.0,-999.0,-999.000,-999.0000,1.00000,1.00000,1019.7116,1004.8586,1.1739,unknown,unknown,-999.0,-999.0,,-999.0000,-999.0000,-999.0,-999.00,-999.00,-999.00,-999.00,-999.0000,-999.0,BUFFALO.NIAGARA.INTL.AP_NY_USA ANN HTG 99.6% CONDNS DB,1/21 24:00:00,unknown,unknown,BUFFALO.NIAGARA.INTL.AP_NY_USA ANN HTG 99.6% CONDNS DB,1/21 24:00:00,Sensible,502946.98,502946.98,1.0000,121.69974608,103.669070,12.80,11.37,0.00800000,33059.8,40.00,20.89,0.00800000,60796.0,-999.0,-999.00,-999.00,-999.00,0.000,502946.98,-16.30,0.00092409,-16.30,0.00000000,0.0000,21.00,0.00696436,21.00,0.00696436,43.9705,4909.31,0.00,-999.00,-999.00,-999.0,-999.00,-999.00,-999.0,-999.0,-999.00,-999.00,-999.0,-999.0
,PERIMETER_MID_ZN_4 VAV BOX REHEAT COIL,Coil:Heating:Electric,Zone Equipment,ZONEHVAC:AIRDISTRIBUTIONUNIT,PERIMETER_MID_ZN_4 VAV BOX,PERIMETER_MID_ZN_4,N/A,N/A,N/A,Yes,No,unknown,No,222229.263,222229.263,-999.0,-999.0,-999.000,-999.0000,1.00000,1.00000,1019.7116,1004.8586,1.1739,unknown,unknown,-999.0,-999.0,,-999.0000,-999.0000,-999.0,-999.00,-999.00,-999.00,-999.00,-999.0000,-999.0,BUFFALO.NIAGARA.INTL.AP_NY_USA ANN HTG 99.6% CONDNS DB,1/21 24:00:00,unknown,unknown,BUFFALO.NIAGARA.INTL.AP_NY_USA ANN HTG 99.6% CONDNS DB,1/21 24:00:00,Sensible,222229.26,222229.26,1.0000,77.04095233,65.626792,12.80,11.37,0.00800000,33059.8,40.00,20.89,0.00800000,60796.0,-999.0,-999.00,-999.00,-999.00,0.000,222229.26,-16.30,0.00092409,-16.30,0.00000000,0.0000,21.00,0.00695560,21.00,0.00695560,43.9161,3240.73,0.00,-999.00,-999.00,-999.0,-999.00,-999.00,-999.0,-999.0,-999.00,-999.00,-999.0,-999.0
,PACU_VAV_BOT COOLING COIL,Coil:Cooling:DX:TwoSpeed,AirLoop,AirLoopHVAC,PACU_VAV_BOT,CORE_BOTTOM; PERIMETER_BOT_ZN_1; PERIMETER_BOT_ZN_2; PERIMETER_BOT_ZN_3; PERIMETER_BOT_ZN_4;,Coincident,CoolingDesignCapacity,N/A,Yes,Yes,unknown,No,15178203.178,12156996.314,830.364316,-999.0,-999.000,-999.0000,1.00000,1.00000,1021.2237,1004.8586,1.1739,PACU_VAV_BOT FAN,Fan:VariableVolume,830.364316,974.78568992,,-999.0000,-999.0000,-999.0,-999.00,-999.00,-999.00,-999.00,-999.0000,-999.0,BUFFALO.NIAGARA.INTL.AP_NY_USA ANN CLG .4% CONDNS DB=>MWB,7/21 06:10:00,BUFFALO.NIAGARA.INTL.AP_NY_USA ANN CLG .4% CONDNS DB=>MWB,7/21 06:10:00,BUFFALO.NIAGARA.INTL.AP_NY_USA ANN HTG 99.6% CONDNS DB,1/21 00:10:00,Sensible,15839301.15,15068975.76,1.0436,974.78568992,830.364316,26.53,17.27,0.00881341,49138.6,10.88,10.88,0.00850000,32365.4,-999.0,-999.00,-999.00,-999.00,1908560.443,13930740.70,21.29,0.01335109,19.12,0.95610000,0.1151,26.54,0.00880818,26.70,0.00866379,38.7137,9045.05,0.00,15650764.87,12166636.71,936.28902397,26.67,19.44,0.01118466,55322.4,13.96,13.76,0.00972566,38606.6
,PACU_VAV_BOT HEATING COIL,Coil:Heating:Fuel,AirLoop,AirLoopHVAC,PACU_VAV_BOT,CORE_BOTTOM; PERIMETER_BOT_ZN_1; PERIMETER_BOT_ZN_2; PERIMETER_BOT_ZN_3; PERIMETER_BOT_ZN_4;,Coincident,HeatingDesignCapacity,N/A,Yes,No,unknown,No,3737678.902,3737678.902,-999.0,-999.0,-999.000,-999.0000,1.00000,1.00000,1019.7116,1004.8586,1.1739,PACU_VAV_BOT FAN,Fan:VariableVolume,830.364316,974.78568992,,-999.0000,-999.0000,-999.0,-999.00,-999.00,-999.00,-999.00,-999.0000,-999.0,BUFFALO.NIAGARA.INTL.AP_NY_USA ANN CLG .4% CONDNS DB=>MWB,7/21 05:00:00,unknown,unknown,BUFFALO.NIAGARA.INTL.AP_NY_USA ANN CLG .4% CONDNS DB=>MWB,7/21 00:10:00,Sensible,3737678.90,3737678.90,1.0000,292.43570697,249.109295,0.08,0.08,0.00866785,21760.1,12.80,11.37,0.00800000,33059.8,-999.0,-999.00,-999.00,-999.00,0.000,3737678.90,21.00,0.01335058,19.03,0.95610000,0.3838,0.00,0.00864981,24.00,0.00878940,46.1061,0.00,0.00,-999.00,-999.00,-999.0,-999.00,-999.00,-999.0,-999.0,-999.00,-999.00,-999.0,-999.0
,PACU_VAV_MID COOLING COIL,Coil:Cooling:DX:TwoSpeed,AirLoop,AirLoopHVAC,PACU_VAV_MID,CORE_MID; PERIMETER_MID_ZN_1; PERIMETER_MID_ZN_2; PERIMETER_MID_ZN_3; PERIMETER_MID_ZN_4;,Coincident,CoolingDesignCapacity,N/A,Yes,Yes,unknown,No,15392356.479,12318789.485,830.364316,-999.0,-999.000,-999.0000,1.00000,1.00000,1021.4731,1004.8586,1.1739,PACU_VAV_MID FAN,Fan:VariableVolume,830.364316,974.78568992,,-999.0000,-999.0000,-999.0,-999.00,-999.00,-999.00,-999.00,-999.0000,-999.0,BUFFALO.NIAGARA.INTL.AP_NY_USA ANN CLG .4% CONDNS DB=>MWB,7/21 06:10:00,BUFFALO.NIAGARA.INTL.AP_NY_USA ANN CLG .4% CONDNS DB=>MWB,7/21 06:10:00,BUFFALO.NIAGARA.INTL.AP_NY_USA ANN HTG 99.6% CONDNS DB,1/21 00:10:00,Sensible,16083254.82,14982635.36,1.0449,974.78568992,830.364316,26.44,17.34,0.00894759,49383.3,10.87,10.87,0.00850000,32353.2,-999.0,-999.00,-999.00,-999.00,1920953.693,14162301.12,21.29,0.01335109,19.12,0.95610000,0.1151,26.44,0.00894252,26.70,0.00902697,40.3144,5302.00,0.00,15871585.66,12329875.23,936.28902397,26.67,19.44,0.01118466,55322.4,13.79,13.67,0.00970155,38370.8
,PACU_VAV_MID HEATING COIL,Coil:Heating:Fuel,AirLoop,AirLoopHVAC,PACU_VAV_MID,CORE_MID; PERIMETER_MID_ZN_1; PERIMETER_MID_ZN_2; PERIMETER_MID_ZN_3; PERIMETER_MID_ZN_4;,Coincident,HeatingDesignCapacity,N/A,Yes,No,unknown,No,3737678.902,3737678.902,-999.0,-999.0,-999.000,-999.0000,1.00000,1.00000,1019.7116,1004.8586,1.1739,PACU_VAV_MID FAN,Fan:VariableVolume,830.364316,974.78568992,,-999.0000,-999.0000,-999.0,-999.00,-999.00,-999.00,-999.00,-999.0000,-999.0,BUFFALO.NIAGARA.INTL.AP_NY_USA ANN CLG .4% CONDNS DB=>MWB,7/21 05:00:00,unknown,unknown,BUFFALO.NIAGARA.INTL.AP_NY_USA ANN CLG .4% CONDNS DB=>MWB,7/21 00:10:00,Sensible,3737678.90,3737678.90,1.0000,292.43570697,249.109295,0.08,0.08,0.00874422,21951.1,12.80,11.37,0.00800000,33059.8,-999.0,-999.00,-999.00,-999.00,0.000,3737678.90,21.00,0.01335058,19.03,0.95610000,0.3838,0.00,0.00872647,24.00,0.00894428,46.9078,0.00,0.00,-999.00,-999.00,-999.0,-999.00,-999.00,-999.0,-999.0,-999.00,-999.00,-999.0,-999.0
,PACU_VAV_TOP COOLING COIL,Coil:Cooling:DX:TwoSpeed,AirLoop,AirLoopHVAC,PACU_VAV_TOP,CORE_TOP; PERIMETER_TOP_ZN_1; PERIMETER_TOP_ZN_2; PERIMETER_TOP_ZN_3; PERIMETER_TOP_ZN_4;,Coincident,CoolingDesignCapacity,N/A,Yes,Yes,unknown,No,15442153.263,12357735.720,830.364316,-999.0,-999.000,-999.0000,1.00000,1.00000,1021.6908,1004.8586,1.1739,PACU_VAV_TOP FAN,Fan:VariableVolume,830.364316,974.78568992,,-999.0000,-999.0000,-999.0,-999.00,-999.00,-999.00,-999.00,-999.0000,-999.0,BUFFALO.NIAGARA.INTL.AP_NY_USA ANN CLG .4% CONDNS DB=>MWB,7/21 06:10:00,BUFFALO.NIAGARA.INTL.AP_NY_USA ANN CLG .4% CONDNS DB=>MWB,7/21 06:10:00,BUFFALO.NIAGARA.INTL.AP_NY_USA ANN HTG 99.6% CONDNS DB,1/21 00:10:00,Sensible,16150262.16,14770751.97,1.0459,974.78568992,830.364316,26.32,17.40,0.00906469,49561.2,10.97,10.97,0.00850000,32459.4,-999.0,-999.00,-999.00,-999.00,1817676.612,14332585.55,21.29,0.01335109,19.12,0.95610000,0.1151,26.33,0.00905975,26.70,0.00913649,40.7967,4021.80,0.00,15922932.83,12367826.46,936.28902397,26.67,19.44,0.01118466,55322.4,13.75,13.65,0.00969594,38316.0
,PACU_VAV_TOP HEATING COIL,Coil:Heating:Fuel,AirLoop,AirLoopHVAC,PACU_VAV_TOP,CORE_TOP; PERIMETER_TOP_ZN_1; PERIMETER_TOP_ZN_2; PERIMETER_TOP_ZN_3; PERIMETER_TOP_ZN_4;,Coincident,HeatingDesignCapacity,N/A,Yes,No,unknown,No,3737678.902,3737678.902,-999.0,-999.0,-999.000,-999.0000,1.00000,1.00000,1019.7116,1004.8586,1.1739,PACU_VAV_TOP FAN,Fan:VariableVolume,830.364316,974.78568992,,-999.0000,-999.0000,-999.0,-999.00,-999.00,-999.00,-999.00,-999.0000,-999.0,BUFFALO.NIAGARA.INTL.AP_NY_USA ANN CLG .4% CONDNS DB=>MWB,7/21 05:00:00,unknown,unknown,BUFFALO.NIAGARA.INTL.AP_NY_USA ANN CLG .4% CONDNS DB=>MWB,7/21 00:10:00,Sensible,3737678.90,3737678.90,1.0000,292.43570697,249.109295,0.08,0.08,0.00881280,22122.6,12.80,11.37,0.00800000,33059.8,-999.0,-999.00,-999.00,-999.00,0.000,3737678.90,21.00,0.01335058,19.03,0.95610000,0.3838,0.00,0.00879532,24.00,0.00907913,47.6052,0.00,0.00,-999.00,-999.00,-999.0,-999.00,-999.00,-999.0,-999.0,-999.00,-999.00,-999.0,-999.0


----------------------------------------------------------------------------------------------------
REPORT:,System Summary
FOR:,Entire Facility
Economizer

,,High Limit Shutoff Control,Minimum Outdoor Air [m3/s],Maximum Outdoor Air [m3/s],Return Air Temp Limit,Return Air Enthalpy Limit,Outdoor Air Temperature Limit [C],Outdoor Air Enthalpy Limit [C]
,PACU_VAV_BOT_OA_CONTROLLER,DifferentialDryBulb,0.00,830.36,-,,,
,PACU_VAV_MID_OA_CONTROLLER,DifferentialDryBulb,0.00,830.36,-,,,
,PACU_VAV_TOP_OA_CONTROLLER,DifferentialDryBulb,0.00,830.36,-,,,


Demand Controlled Ventilation using Controller:MechanicalVentilation

,,Controller:MechanicalVentilation Name,Outdoor Air Per Person [m3/s-person],Outdoor Air Per Area [m3/s-m2],Outdoor Air Per Zone [m3/s],Outdoor Air ACH [ach],Outdoor Air Method,Outdoor Air Schedule Name,Air Distribution Effectiveness in Cooling Mode,Air Distribution Effectiveness in Heating Mode,Air Distribution Effectiveness Schedule Name
,CORE_BOTTOM,PACU_VAV_BOT_DCV,0.000000,0.500000,0.000000,0.000000,Flow/Area,,1.00,1.00,
,CORE_MID,PACU_VAV_MID_DCV,0.000000,0.500000,0.000000,0.000000,Flow/Area,,1.00,1.00,
,CORE_TOP,PACU_VAV_TOP_DCV,0.000000,0.500000,0.000000,0.000000,Flow/Area,,1.00,1.00,
,PERIMETER_TOP_ZN_3,PACU_VAV_TOP_DCV,0.000000,0.500000,0.000000,0.000000,Flow/Area,,1.00,1.00,
,PERIMETER_TOP_ZN_2,PACU_VAV_TOP_DCV,0.000000,0.500000,0.000000,0.000000,Flow/Area,,1.00,1.00,
,PERIMETER_TOP_ZN_1,PACU_VAV_TOP_DCV,0.000000,0.500000,0.000000,0.000000,Flow/Area,,1.00,1.00,
,PERIMETER_TOP_ZN_4,PACU_VAV_TOP_DCV,0.000000,0.500000,0.000000,0.000000,Flow/Area,,1.00,1.00,
,PERIMETER_BOT_ZN_3,PACU_VAV_BOT_DCV,0.000000,0.500000,0.000000,0.000000,Flow/Area,,1.00,1.00,
,PERIMETER_BOT_ZN_2,PACU_VAV_BOT_DCV,0.000000,0.500000,0.000000,0.000000,Flow/Area,,1.00,1.00,
,PERIMETER_BOT_ZN_1,PACU_VAV_BOT_DCV,0.000000,0.500000,0.000000,0.000000,Flow/Area,,1.00,1.00,
,PERIMETER_BOT_ZN_4,PACU_VAV_BOT_DCV,0.000000,0.500000,0.000000,0.000000,Flow/Area,,1.00,1.00,
,PERIMETER_MID_ZN_3,PACU_VAV_MID_DCV,0.000000,0.500000,0.000000,0.000000,Flow/Area,,1.00,1.00,
,PERIMETER_MID_ZN_2,PACU_VAV_MID_DCV,0.000000,0.500000,0.000000,0.000000,Flow/Area,PERIMETER_MID_ZN_2_OA_MULT,1.00,1.00,
,PERIMETER_MID_ZN_1,PACU_VAV_MID_DCV,0.000000,0.500000,0.000000,0.000000,Flow/Area,,1.00,1.00,
,PERIMETER_MID_ZN_4,PACU_VAV_MID_DCV,0.000000,0.500000,0.000000,0.000000,Flow/Area,,1.00,1.00,


Time Not Comfortable Based on Simple ASHRAE 55-2004

,,Winter Clothes [hr],Summer Clothes [hr],Summer or Winter Clothes [hr]
,CORE_BOTTOM,563.00,5943.00,563.00
,CORE_MID,1030.33,5943.00,1030.33
,CORE_TOP,1693.83,5943.00,1693.83
,PERIMETER_TOP_ZN_3,2235.83,5939.67,2235.33
,PERIMETER_TOP_ZN_2,1853.83,5895.67,1838.00
,PERIMETER_TOP_ZN_1,1557.33,5906.33,1550.17
,PERIMETER_TOP_ZN_4,1947.50,5910.50,1937.33
,PERIMETER_BOT_ZN_3,2362.17,5942.33,2362.17
,PERIMETER_BOT_ZN_2,1775.33,5914.83,1771.50
,PERIMETER_BOT_ZN_1,1195.00,5919.67,1193.50
,PERIMETER_BOT_ZN_4,1838.33,5927.17,1836.33
,PERIMETER_MID_ZN_3,1807.17,5941.50,1806.33
,PERIMETER_MID_ZN_2,1364.00,4989.17,1352.33
,PERIMETER_MID_ZN_1,1159.17,5911.50,1154.17
,PERIMETER_MID_ZN_4,1520.17,5913.50,1514.17
,TOPFLOOR_PLENUM,0.00,0.00,0.00
,MIDFLOOR_PLENUM,0.00,0.00,0.00
,FIRSTFLOOR_PLENUM,0.00,0.00,0.00
,Facility,2573.83,5943.00,2528.83
Aggregated over the RunPeriods for Weather


Time Setpoint Not Met

,,During Heating [hr],During Cooling [hr],During Occupied Heating [hr],During Occupied Cooling [hr]
,CORE_BOTTOM,12.17,0.00,12.17,0.00
,CORE_MID,16.33,0.00,16.33,0.00
,CORE_TOP,20.50,0.00,20.50,0.00
,PERIMETER_TOP_ZN_3,957.83,0.00,263.17,0.00
,PERIMETER_TOP_ZN_2,448.17,3.67,105.33,3.67
,PERIMETER_TOP_ZN_1,480.17,0.67,104.83,0.67
,PERIMETER_TOP_ZN_4,398.83,6.00,100.50,3.67
,PERIMETER_BOT_ZN_3,698.50,0.00,179.83,0.00
,PERIMETER_BOT_ZN_2,313.67,0.17,51.00,0.17
,PERIMETER_BOT_ZN_1,203.17,0.00,31.17,0.00
,PERIMETER_BOT_ZN_4,291.17,1.00,52.17,0.17
,PERIMETER_MID_ZN_3,745.00,0.00,189.17,0.00
,PERIMETER_MID_ZN_2,384.83,3.00,65.83,3.00
,PERIMETER_MID_ZN_1,375.67,1.50,60.33,1.50
,PERIMETER_MID_ZN_4,363.67,4.83,67.17,3.00
,TOPFLOOR_PLENUM,0.00,0.00,0.00,0.00
,MIDFLOOR_PLENUM,0.00,0.00,0.00,0.00
,FIRSTFLOOR_PLENUM,0.00,0.00,0.00,0.00
,Facility,1151.50,18.00,315.50,14.33
Aggregated over the RunPeriods for Weather


----------------------------------------------------------------------------------------------------
REPORT:,Outdoor Air Summary
FOR:,Entire Facility
Average Outdoor Air During Occupied Hours

,,Average Number of Occupants,Nominal Number of Occupants,Zone Volume [m3],Mechanical Ventilation [ach],Infiltration [ach],AFN Infiltration [ach],Simple Ventilation [ach]
,CORE_BOTTOM,20.40,49.18,2698.04,9.530,0.000,0.000,0.000
,CORE_MID,20.40,49.18,2698.04,13.369,0.000,0.000,0.000
,CORE_TOP,20.40,49.18,2698.04,13.468,0.000,0.000,0.000
,PERIMETER_TOP_ZN_3,4.30,10.37,568.77,9.051,0.110,0.000,0.000
,PERIMETER_TOP_ZN_2,2.72,6.56,360.08,4.872,0.116,0.000,0.000
,PERIMETER_TOP_ZN_1,4.30,10.37,568.77,6.251,0.110,0.000,0.000
,PERIMETER_TOP_ZN_4,2.72,6.56,360.05,4.458,0.116,0.000,0.000
,PERIMETER_BOT_ZN_3,4.30,10.37,568.77,10.762,0.059,0.000,0.000
,PERIMETER_BOT_ZN_2,2.72,6.56,360.08,5.553,0.062,0.000,0.000
,PERIMETER_BOT_ZN_1,4.30,10.37,568.77,7.264,0.872,0.000,0.000
,PERIMETER_BOT_ZN_4,2.72,6.56,360.05,5.297,0.062,0.000,0.000
,PERIMETER_MID_ZN_3,4.30,10.37,568.77,9.856,0.092,0.000,0.000
,PERIMETER_MID_ZN_2,2.39,6.56,360.08,5.524,0.102,0.000,0.000
,PERIMETER_MID_ZN_1,4.30,10.37,568.77,6.529,0.092,0.000,0.000
,PERIMETER_MID_ZN_4,2.72,6.56,360.05,4.556,0.097,0.000,0.000
Values shown for a single zone without multipliers


Minimum Outdoor Air During Occupied Hours

,,Average Number of Occupants,Nominal Number of Occupants,Zone Volume [m3],Mechanical Ventilation [ach],Infiltration [ach],AFN Infiltration [ach],Simple Ventilation [ach]
,CORE_BOTTOM,20.40,49.18,2698.04,0.000,0.000,0.000,0.000
,CORE_MID,20.40,49.18,2698.04,0.000,0.000,0.000,0.000
,CORE_TOP,20.40,49.18,2698.04,0.000,0.000,0.000,0.000
,PERIMETER_TOP_ZN_3,4.30,10.37,568.77,0.000,0.000,0.000,0.000
,PERIMETER_TOP_ZN_2,2.72,6.56,360.08,0.000,0.000,0.000,0.000
,PERIMETER_TOP_ZN_1,4.30,10.37,568.77,0.000,0.000,0.000,0.000
,PERIMETER_TOP_ZN_4,2.72,6.56,360.05,0.000,0.000,0.000,0.000
,PERIMETER_BOT_ZN_3,4.30,10.37,568.77,0.000,0.000,0.000,0.000
,PERIMETER_BOT_ZN_2,2.72,6.56,360.08,0.000,0.000,0.000,0.000
,PERIMETER_BOT_ZN_1,4.30,10.37,568.77,0.000,0.000,0.000,0.000
,PERIMETER_BOT_ZN_4,2.72,6.56,360.05,0.000,0.000,0.000,0.000
,PERIMETER_MID_ZN_3,4.30,10.37,568.77,0.000,0.000,0.000,0.000
,PERIMETER_MID_ZN_2,2.39,6.56,360.08,0.000,0.000,0.000,0.000
,PERIMETER_MID_ZN_1,4.30,10.37,568.77,0.000,0.000,0.000,0.000
,PERIMETER_MID_ZN_4,2.72,6.56,360.05,0.000,0.000,0.000,0.000
Values shown for a single zone without multipliers


----------------------------------------------------------------------------------------------------
REPORT:,Outdoor Air Details
FOR:,Entire Facility
Mechanical Ventilation Parameters by Zone

,,AirLoop Name,Average Number of Occupants,Nominal Number of Occupants,Zone Volume [m3],Zone Area [m2],Design Zone Outdoor Airflow - Voz [m3/s],Minimum Dynamic Target Ventilation - Voz-dyn-min [m3/s]
,CORE_BOTTOM,PACU_VAV_BOT,20.40,49.18,2698.04,983.54,0.0000,491.768
,CORE_MID,PACU_VAV_MID,20.40,49.18,2698.04,983.54,0.0000,491.768
,CORE_TOP,PACU_VAV_TOP,20.40,49.18,2698.04,983.54,0.0000,491.768
,PERIMETER_TOP_ZN_3,PACU_VAV_TOP,4.30,10.37,568.77,207.34,0.0000,103.669
,PERIMETER_TOP_ZN_2,PACU_VAV_TOP,2.72,6.56,360.08,131.26,0.0000,65.631
,PERIMETER_TOP_ZN_1,PACU_VAV_TOP,4.30,10.37,568.77,207.34,0.0000,103.669
,PERIMETER_TOP_ZN_4,PACU_VAV_TOP,2.72,6.56,360.05,131.25,0.0000,65.627
,PERIMETER_BOT_ZN_3,PACU_VAV_BOT,4.30,10.37,568.77,207.34,0.0000,103.669
,PERIMETER_BOT_ZN_2,PACU_VAV_BOT,2.72,6.56,360.08,131.26,0.0000,65.631
,PERIMETER_BOT_ZN_1,PACU_VAV_BOT,4.30,10.37,568.77,207.34,0.0000,103.669
,PERIMETER_BOT_ZN_4,PACU_VAV_BOT,2.72,6.56,360.05,131.25,0.0000,65.627
,PERIMETER_MID_ZN_3,PACU_VAV_MID,4.30,10.37,568.77,207.34,0.0000,103.669
,PERIMETER_MID_ZN_2,PACU_VAV_MID,2.39,6.56,360.08,131.26,0.0000,65.631
,PERIMETER_MID_ZN_1,PACU_VAV_MID,4.30,10.37,568.77,207.34,0.0000,103.669
,PERIMETER_MID_ZN_4,PACU_VAV_MID,2.72,6.56,360.05,131.25,0.0000,65.627
,Total Facility,,102.98,249.11,13667.13,4982.19,0.0000,2491.093


Total Outdoor Air by Zone

,,Mechanical Ventilation [m3],Natural Ventilation [m3],Total Ventilation [m3],Infiltration [m3],Total Ventilation and Infiltration [m3],Dynamic Target Ventilation - Voz-dyn [m3],Time Below Voz-dyn [hr],Time At Voz-dyn [hr],Time Above Voz-dyn [hr],Time Above Zero When Unoccupied [hr]
,CORE_BOTTOM,0.24E+09,0.00,0.24E+09,0.00,0.24E+09,0.16E+11,8760.00,0.00,0.00,806.06
,CORE_MID,0.34E+09,0.00,0.34E+09,0.00,0.34E+09,0.16E+11,8760.00,0.00,0.00,835.32
,CORE_TOP,0.38E+09,0.00,0.38E+09,0.00,0.38E+09,0.16E+11,8760.00,0.00,0.00,1061.53
,PERIMETER_TOP_ZN_3,54529091.65,0.00,54529091.65,735008.88,55264100.53,0.33E+10,8760.00,0.00,0.00,1061.53
,PERIMETER_TOP_ZN_2,18574980.28,0.00,18574980.28,490002.98,19064983.26,0.21E+10,8760.00,0.00,0.00,1061.53
,PERIMETER_TOP_ZN_1,37644449.06,0.00,37644449.06,735008.88,38379457.94,0.33E+10,8760.00,0.00,0.00,1061.53
,PERIMETER_TOP_ZN_4,16996744.34,0.00,16996744.34,490002.98,17486747.31,0.21E+10,8760.00,0.00,0.00,1061.53
,PERIMETER_BOT_ZN_3,57642132.55,0.00,57642132.55,390799.43,58032931.98,0.33E+10,8760.00,0.00,0.00,806.06
,PERIMETER_BOT_ZN_2,18825360.88,0.00,18825360.88,260531.39,19085892.27,0.21E+10,8760.00,0.00,0.00,806.06
,PERIMETER_BOT_ZN_1,38885565.61,0.00,38885565.61,3125308.70,42010874.31,0.33E+10,8760.00,0.00,0.00,806.06
,PERIMETER_BOT_ZN_4,17955320.21,0.00,17955320.21,260531.39,18215851.60,0.21E+10,8760.00,0.00,0.00,806.06
,PERIMETER_MID_ZN_3,52861340.61,0.00,52861340.61,611837.75,53473178.36,0.33E+10,8760.00,0.00,0.00,835.32
,PERIMETER_MID_ZN_2,15961425.26,0.00,15961425.26,407889.38,16369314.64,0.19E+10,7851.00,0.00,909.00,1744.32
,PERIMETER_MID_ZN_1,35005954.45,0.00,35005954.45,611837.75,35617792.20,0.33E+10,8760.00,0.00,0.00,835.32
,PERIMETER_MID_ZN_4,15467529.92,0.00,15467529.92,407889.38,15875419.30,0.21E+10,8760.00,0.00,0.00,835.32
,Total Facility,0.13E+10,0.00,0.13E+10,8526648.89,0.14E+10,0.78E+11,8760.00,0.00,909.00,2154.83


Average Outdoor Air During Occupancy by Zone - Flow Rates

,,Mechanical Ventilation [m3/s],Natural Ventilation [m3/s],Total Ventilation [m3/s],Infiltration [m3/s],Total Ventilation and Infiltration [m3/s],Dynamic Target Ventilation - Voz-dyn [m3/s],Time Below Voz-dyn [hr],Time At Voz-dyn [hr],Time Above Voz-dyn [hr]
,CORE_BOTTOM,7.0921,0.0000,7.0921,0.0000,7.0921,491.7683,5943.00,0.00,0.00
,CORE_MID,9.9477,0.0000,9.9477,0.0000,9.9477,491.7683,5943.00,0.00,0.00
,CORE_TOP,10.0245,0.0000,10.0245,0.0000,10.0245,491.7683,5943.00,0.00,0.00
,PERIMETER_TOP_ZN_3,1.4209,0.0000,1.4209,0.0173,1.4381,103.6691,5943.00,0.00,0.00
,PERIMETER_TOP_ZN_2,0.4840,0.0000,0.4840,0.0115,0.4955,65.6311,5943.00,0.00,0.00
,PERIMETER_TOP_ZN_1,0.9809,0.0000,0.9809,0.0173,0.9982,103.6691,5943.00,0.00,0.00
,PERIMETER_TOP_ZN_4,0.4429,0.0000,0.4429,0.0115,0.4544,65.6268,5943.00,0.00,0.00
,PERIMETER_BOT_ZN_3,1.6895,0.0000,1.6895,0.0092,1.6987,103.6691,5943.00,0.00,0.00
,PERIMETER_BOT_ZN_2,0.5518,0.0000,0.5518,0.0061,0.5579,65.6311,5943.00,0.00,0.00
,PERIMETER_BOT_ZN_1,1.1397,0.0000,1.1397,0.1370,1.2767,103.6691,5943.00,0.00,0.00
,PERIMETER_BOT_ZN_4,0.5263,0.0000,0.5263,0.0061,0.5324,65.6268,5943.00,0.00,0.00
,PERIMETER_MID_ZN_3,1.5470,0.0000,1.5470,0.0144,1.5614,103.6691,5943.00,0.00,0.00
,PERIMETER_MID_ZN_2,0.5488,0.0000,0.5488,0.0102,0.5589,65.6311,5034.00,0.00,0.00
,PERIMETER_MID_ZN_1,1.0245,0.0000,1.0245,0.0144,1.0389,103.6691,5943.00,0.00,0.00
,PERIMETER_MID_ZN_4,0.4527,0.0000,0.4527,0.0096,0.4623,65.6268,5943.00,0.00,0.00
,Total Facility,37.8731,0.0000,37.8731,0.2646,38.1377,2491.0929,5943.00,0.00,909.00


Total Outdoor Air by AirLoop

,,Mechanical Ventilation [m3],Natural Ventilation [m3/s],Total Ventilation [m3/s],Sum Zone Dynamic Target Ventilation - Voz-sum-dyn [m3],Time Below Voz-sum-dyn [hr],Time At Voz-sum-dyn [hr],Time Above Voz-sum-dyn [hr],Time Above Zero When Unoccupied [hr]
,PACU_VAV_BOT,0.52E+09,0.00,0.52E+09,0.26E+11,8760.00,0.00,0.00,806.06
,PACU_VAV_MID,0.63E+09,0.00,0.63E+09,0.26E+11,8760.00,0.00,0.00,835.32
,PACU_VAV_TOP,0.71E+09,0.00,0.71E+09,0.26E+11,8760.00,0.00,0.00,1061.53


Average Outdoor Air During Occupancy by AirLoop

,,Mechanical Ventilation [m3/s],Natural Ventilation [m3/s],Total Ventilation [m3/s],Sum Zone Dynamic Target Ventilation - Voz-sum-dyn [m3/s],Time Below Voz-sum-dyn [hr],Time At Voz-sum-dyn [hr],Time Above Voz-sum-dyn [hr]
,PACU_VAV_BOT,15.1582,0.0000,15.1582,830.3643,5943.00,0.00,0.00
,PACU_VAV_MID,18.5178,0.0000,18.5178,820.3258,5943.00,0.00,0.00
,PACU_VAV_TOP,18.4019,0.0000,18.4019,830.3643,5943.00,0.00,0.00


Outdoor Air Controller Limiting Factors by AirLoop

,,No Limiting Factor [hr],Limits and Scheduled Limits [hr],Economizer [hr],Exhaust Flow [hr],Mixed Air Flow [hr],High Humidity [hr],Demand Controlled Ventilation [hr],Night Ventilation [hr],Demand Limiting [hr],Energy Management System [hr]
,PACU_VAV_BOT,0.00,4301.44,1490.53,0.00,0.00,0.00,45.17,0.00,0.00,0.00
,PACU_VAV_MID,0.00,4301.91,1546.92,0.00,0.00,0.00,45.17,0.00,0.00,0.00
,PACU_VAV_TOP,0.00,4305.04,1833.84,0.00,0.00,0.00,45.17,0.00,0.00,0.00


Average Outdoor Air for Limiting Factors During Occupancy

,,No Limiting Factor [m3/s],Limits and Scheduled Limits [m3/s],Economizer [m3/s],Exhaust Flow [m3/s],Mixed Air Flow [m3/s],High Humidity [m3/s],Demand Controlled Ventilation [m3/s],Night Ventilation [m3/s],Demand Limiting [m3/s],Energy Management System [m3/s]
,PACU_VAV_BOT,0.0000,1.3179,107.7834,0.0000,0.0000,0.0000,235.2588,0.0000,0.0000,0.0000
,PACU_VAV_MID,0.0000,1.3180,129.0681,0.0000,0.0000,0.0000,280.3409,0.0000,0.0000,0.0000
,PACU_VAV_TOP,0.0000,1.3177,118.6865,0.0000,0.0000,0.0000,265.4821,0.0000,0.0000,0.0000


----------------------------------------------------------------------------------------------------
REPORT:,Object Count Summary
FOR:,Entire Facility
Surfaces by Class

,,Total,Outdoors
,Wall,72,24
,Floor,30,4
,Roof,26,1
,Internal Mass,15,0
,Building Detached Shading,0,0
,Fixed Detached Shading,0,0
,Window,18,18
,Door,6,6
,Glass Door,0,0
,Shading,0,0
,Overhang,0,0
,Fin,0,0
,Tubular Daylighting Device Dome,0,0
,Tubular Daylighting Device Diffuser,0,0


HVAC

,,Count
,HVAC Air Loops,3
,Conditioned Zones,18
,Unconditioned Zones,0
,Supply Plenums,0
,Return Plenums,3


Input Fields

,,Count
,IDF Objects,949
,Defaulted Fields,546
,Fields with Defaults,2241
,Autosized Fields,150
,Autosizable Fields,202
,Autocalculated Fields,155
,Autocalculatable Fields,276


----------------------------------------------------------------------------------------------------
REPORT:,Energy Meters
FOR:,Entire Facility
Annual and Peak Values - Electricity

,,Electricity Annual Value [GJ],Electricity Minimum Value [W],Timestamp of Minimum {TIMESTAMP},Electricity Maximum Value [W],Timestamp of Maximum {TIMESTAMP}
,Electricity:Facility,106033.93,7522.56,23-APR-17:30,10068644.25,07-MAR-07:10
,Electricity:Building,766.38,7379.11,16-APR-17:20,65163.11,03-NOV-07:10
,Electricity:Zone:CORE_BOTTOM,215.20,1936.64,01-JAN-00:10,18412.08,02-JAN-08:10
,Electricity:SpaceType:GENERAL,766.38,7379.11,16-APR-17:20,65163.11,03-NOV-07:10
,InteriorLights:Electricity,342.79,1040.66,16-APR-17:20,37522.83,02-JAN-16:50
,InteriorLights:Electricity:Zone:CORE_BOTTOM,82.36,211.73,01-JAN-00:10,7407.41,02-JAN-08:10
,InteriorLights:Electricity:SpaceType:GENERAL,342.79,1040.66,16-APR-17:20,37522.83,02-JAN-16:50
,LightsWired:InteriorLights:Electricity,342.79,1040.66,16-APR-17:20,37522.83,02-JAN-16:50
,LightsWired:InteriorLights:Electricity:Zone:CORE_BOTTOM,82.36,211.73,01-JAN-00:10,7407.41,02-JAN-08:10
,LightsWired:InteriorLights:Electricity:SpaceType:GENERAL,342.79,1040.66,16-APR-17:20,37522.83,02-JAN-16:50
,Electricity:Zone:CORE_MID,153.88,1346.52,01-JAN-00:10,11625.69,02-JAN-08:10
,InteriorLights:Electricity:Zone:CORE_MID,82.36,211.73,01-JAN-00:10,7407.41,02-JAN-08:10
,LightsWired:InteriorLights:Electricity:Zone:CORE_MID,82.36,211.73,01-JAN-00:10,7407.41,02-JAN-08:10
,Electricity:Zone:CORE_TOP,153.88,1346.52,01-JAN-00:10,11625.69,02-JAN-08:10
,InteriorLights:Electricity:Zone:CORE_TOP,82.36,211.73,01-JAN-00:10,7407.41,02-JAN-08:10
,LightsWired:InteriorLights:Electricity:Zone:CORE_TOP,82.36,211.73,01-JAN-00:10,7407.41,02-JAN-08:10
,Electricity:Zone:PERIMETER_TOP_ZN_3,24.90,280.60,19-MAR-17:10,2450.80,02-JAN-16:50
,InteriorLights:Electricity:Zone:PERIMETER_TOP_ZN_3,9.82,41.38,01-JAN-10:20,1561.55,02-JAN-16:50
,LightsWired:InteriorLights:Electricity:Zone:PERIMETER_TOP_ZN_3,9.82,41.38,01-JAN-10:20,1561.55,02-JAN-16:50
,Electricity:Zone:PERIMETER_TOP_ZN_2,15.74,177.64,16-APR-17:10,1551.56,02-JAN-16:50
,InteriorLights:Electricity:Zone:PERIMETER_TOP_ZN_2,6.19,26.20,01-JAN-09:10,988.59,02-JAN-16:50
,LightsWired:InteriorLights:Electricity:Zone:PERIMETER_TOP_ZN_2,6.19,26.20,01-JAN-09:10,988.59,02-JAN-16:50
,Electricity:Zone:PERIMETER_TOP_ZN_1,24.80,280.60,12-MAR-17:10,2450.80,02-JAN-16:50
,InteriorLights:Electricity:Zone:PERIMETER_TOP_ZN_1,9.72,41.38,01-JAN-09:10,1561.55,02-JAN-16:50
,LightsWired:InteriorLights:Electricity:Zone:PERIMETER_TOP_ZN_1,9.72,41.38,01-JAN-09:10,1561.55,02-JAN-16:50
,Electricity:Zone:PERIMETER_TOP_ZN_4,15.72,177.63,12-MAR-17:10,1551.46,02-JAN-16:50
,InteriorLights:Electricity:Zone:PERIMETER_TOP_ZN_4,6.18,26.20,01-JAN-10:00,988.52,02-JAN-16:50
,LightsWired:InteriorLights:Electricity:Zone:PERIMETER_TOP_ZN_4,6.18,26.20,01-JAN-10:00,988.52,02-JAN-16:50
,Electricity:Zone:PERIMETER_BOT_ZN_3,24.88,280.60,19-MAR-17:10,2450.80,02-JAN-16:50
,InteriorLights:Electricity:Zone:PERIMETER_BOT_ZN_3,9.80,41.38,01-JAN-10:10,1561.55,02-JAN-16:50
,LightsWired:InteriorLights:Electricity:Zone:PERIMETER_BOT_ZN_3,9.80,41.38,01-JAN-10:10,1561.55,02-JAN-16:50
,Electricity:Zone:PERIMETER_BOT_ZN_2,15.73,177.64,09-APR-17:10,1551.56,02-JAN-16:50
,InteriorLights:Electricity:Zone:PERIMETER_BOT_ZN_2,6.18,26.20,01-JAN-09:00,988.59,02-JAN-16:50
,LightsWired:InteriorLights:Electricity:Zone:PERIMETER_BOT_ZN_2,6.18,26.20,01-JAN-09:00,988.59,02-JAN-16:50
,Electricity:Zone:PERIMETER_BOT_ZN_1,24.79,280.60,12-MAR-17:10,2450.80,02-JAN-16:50
,InteriorLights:Electricity:Zone:PERIMETER_BOT_ZN_1,9.71,41.38,01-JAN-09:10,1561.55,02-JAN-16:50
,LightsWired:InteriorLights:Electricity:Zone:PERIMETER_BOT_ZN_1,9.71,41.38,01-JAN-09:10,1561.55,02-JAN-16:50
,Electricity:Zone:PERIMETER_BOT_ZN_4,15.72,177.63,12-MAR-17:10,1551.46,02-JAN-16:50
,InteriorLights:Electricity:Zone:PERIMETER_BOT_ZN_4,6.17,26.20,01-JAN-09:50,988.52,02-JAN-16:50
,LightsWired:InteriorLights:Electricity:Zone:PERIMETER_BOT_ZN_4,6.17,26.20,01-JAN-09:50,988.52,02-JAN-16:50
,Electricity:Zone:PERIMETER_MID_ZN_3,24.90,280.60,19-MAR-17:10,2450.80,02-JAN-16:50
,InteriorLights:Electricity:Zone:PERIMETER_MID_ZN_3,9.82,41.38,01-JAN-10:20,1561.55,02-JAN-16:50
,LightsWired:InteriorLights:Electricity:Zone:PERIMETER_MID_ZN_3,9.82,41.38,01-JAN-10:20,1561.55,02-JAN-16:50
,Electricity:Zone:PERIMETER_MID_ZN_2,15.74,177.64,16-APR-17:10,1551.56,02-JAN-16:50
,InteriorLights:Electricity:Zone:PERIMETER_MID_ZN_2,6.19,26.20,01-JAN-09:10,988.59,02-JAN-16:50
,LightsWired:InteriorLights:Electricity:Zone:PERIMETER_MID_ZN_2,6.19,26.20,01-JAN-09:10,988.59,02-JAN-16:50
,Electricity:Zone:PERIMETER_MID_ZN_1,24.80,280.60,12-MAR-17:10,2450.80,02-JAN-16:50
,InteriorLights:Electricity:Zone:PERIMETER_MID_ZN_1,9.72,41.38,01-JAN-09:10,1561.55,02-JAN-16:50
,LightsWired:InteriorLights:Electricity:Zone:PERIMETER_MID_ZN_1,9.72,41.38,01-JAN-09:10,1561.55,02-JAN-16:50
,Electricity:Zone:PERIMETER_MID_ZN_4,15.72,177.63,12-MAR-17:10,1551.46,02-JAN-16:50
,InteriorLights:Electricity:Zone:PERIMETER_MID_ZN_4,6.18,26.20,01-JAN-10:00,988.52,02-JAN-16:50
,LightsWired:InteriorLights:Electricity:Zone:PERIMETER_MID_ZN_4,6.18,26.20,01-JAN-10:00,988.52,02-JAN-16:50
,InteriorEquipment:Electricity,423.59,6338.45,01-JAN-00:10,28154.44,02-JAN-08:10
,InteriorEquipment:Electricity:Zone:CORE_BOTTOM,132.84,1724.90,01-JAN-00:10,11004.68,02-JAN-08:10
,InteriorEquipment:Electricity:SpaceType:GENERAL,423.59,6338.45,01-JAN-00:10,28154.44,02-JAN-08:10
,MiscPlug:InteriorEquipment:Electricity,362.26,5748.33,01-JAN-00:10,21368.05,02-JAN-08:10
,MiscPlug:InteriorEquipment:Electricity:Zone:CORE_BOTTOM,71.51,1134.78,01-JAN-00:10,4218.28,02-JAN-08:10
,MiscPlug:InteriorEquipment:Electricity:SpaceType:GENERAL,362.26,5748.33,01-JAN-00:10,21368.05,02-JAN-08:10
,InteriorEquipment:Electricity:Zone:CORE_MID,71.51,1134.78,01-JAN-00:10,4218.28,02-JAN-08:10
,MiscPlug:InteriorEquipment:Electricity:Zone:CORE_MID,71.51,1134.78,01-JAN-00:10,4218.28,02-JAN-08:10
,InteriorEquipment:Electricity:Zone:CORE_TOP,71.51,1134.78,01-JAN-00:10,4218.28,02-JAN-08:10
,MiscPlug:InteriorEquipment:Electricity:Zone:CORE_TOP,71.51,1134.78,01-JAN-00:10,4218.28,02-JAN-08:10
,InteriorEquipment:Electricity:Zone:PERIMETER_TOP_ZN_3,15.08,239.22,01-JAN-00:10,889.25,02-JAN-08:10
,MiscPlug:InteriorEquipment:Electricity:Zone:PERIMETER_TOP_ZN_3,15.08,239.22,01-JAN-00:10,889.25,02-JAN-08:10
,InteriorEquipment:Electricity:Zone:PERIMETER_TOP_ZN_2,9.54,151.45,01-JAN-00:10,562.97,02-JAN-08:10
,MiscPlug:InteriorEquipment:Electricity:Zone:PERIMETER_TOP_ZN_2,9.54,151.45,01-JAN-00:10,562.97,02-JAN-08:10
,InteriorEquipment:Electricity:Zone:PERIMETER_TOP_ZN_1,15.08,239.22,01-JAN-00:10,889.25,02-JAN-08:10
,MiscPlug:InteriorEquipment:Electricity:Zone:PERIMETER_TOP_ZN_1,15.08,239.22,01-JAN-00:10,889.25,02-JAN-08:10
,InteriorEquipment:Electricity:Zone:PERIMETER_TOP_ZN_4,9.54,151.44,01-JAN-00:10,562.93,02-JAN-08:10
,MiscPlug:InteriorEquipment:Electricity:Zone:PERIMETER_TOP_ZN_4,9.54,151.44,01-JAN-00:10,562.93,02-JAN-08:10
,InteriorEquipment:Electricity:Zone:PERIMETER_BOT_ZN_3,15.08,239.22,01-JAN-00:10,889.25,02-JAN-08:10
,MiscPlug:InteriorEquipment:Electricity:Zone:PERIMETER_BOT_ZN_3,15.08,239.22,01-JAN-00:10,889.25,02-JAN-08:10
,InteriorEquipment:Electricity:Zone:PERIMETER_BOT_ZN_2,9.54,151.45,01-JAN-00:10,562.97,02-JAN-08:10
,MiscPlug:InteriorEquipment:Electricity:Zone:PERIMETER_BOT_ZN_2,9.54,151.45,01-JAN-00:10,562.97,02-JAN-08:10
,InteriorEquipment:Electricity:Zone:PERIMETER_BOT_ZN_1,15.08,239.22,01-JAN-00:10,889.25,02-JAN-08:10
,MiscPlug:InteriorEquipment:Electricity:Zone:PERIMETER_BOT_ZN_1,15.08,239.22,01-JAN-00:10,889.25,02-JAN-08:10
,InteriorEquipment:Electricity:Zone:PERIMETER_BOT_ZN_4,9.54,151.44,01-JAN-00:10,562.93,02-JAN-08:10
,MiscPlug:InteriorEquipment:Electricity:Zone:PERIMETER_BOT_ZN_4,9.54,151.44,01-JAN-00:10,562.93,02-JAN-08:10
,InteriorEquipment:Electricity:Zone:PERIMETER_MID_ZN_3,15.08,239.22,01-JAN-00:10,889.25,02-JAN-08:10
,MiscPlug:InteriorEquipment:Electricity:Zone:PERIMETER_MID_ZN_3,15.08,239.22,01-JAN-00:10,889.25,02-JAN-08:10
,InteriorEquipment:Electricity:Zone:PERIMETER_MID_ZN_2,9.54,151.45,01-JAN-00:10,562.97,02-JAN-08:10
,MiscPlug:InteriorEquipment:Electricity:Zone:PERIMETER_MID_ZN_2,9.54,151.45,01-JAN-00:10,562.97,02-JAN-08:10
,InteriorEquipment:Electricity:Zone:PERIMETER_MID_ZN_1,15.08,239.22,01-JAN-00:10,889.25,02-JAN-08:10
,MiscPlug:InteriorEquipment:Electricity:Zone:PERIMETER_MID_ZN_1,15.08,239.22,01-JAN-00:10,889.25,02-JAN-08:10
,InteriorEquipment:Electricity:Zone:PERIMETER_MID_ZN_4,9.54,151.44,01-JAN-00:10,562.93,02-JAN-08:10
,MiscPlug:InteriorEquipment:Electricity:Zone:PERIMETER_MID_ZN_4,9.54,151.44,01-JAN-00:10,562.93,02-JAN-08:10
,ElevatorLift:InteriorEquipment:Electricity,36.09,590.12,01-JAN-00:10,3393.20,02-JAN-08:10
,ElevatorLift:InteriorEquipment:Electricity:Zone:CORE_BOTTOM,36.09,590.12,01-JAN-00:10,3393.20,02-JAN-08:10
,ElevatorLift:InteriorEquipment:Electricity:SpaceType:GENERAL,36.09,590.12,01-JAN-00:10,3393.20,02-JAN-08:10
,ElevatorLightsFan:InteriorEquipment:Electricity,25.23,0.00,01-JAN-00:10,3393.20,02-JAN-08:10
,ElevatorLightsFan:InteriorEquipment:Electricity:Zone:CORE_BOTTOM,25.23,0.00,01-JAN-00:10,3393.20,02-JAN-08:10
,ElevatorLightsFan:InteriorEquipment:Electricity:SpaceType:GENERAL,25.23,0.00,01-JAN-00:10,3393.20,02-JAN-08:10
,Electricity:HVAC,105216.15,143.45,23-APR-17:30,10045201.68,07-MAR-07:10
,ExteriorEquipment:Electricity,7.37,143.29,01-JAN-00:10,476.82,03-NOV-07:20
,Transformer:ExteriorEquipment:Electricity,7.37,143.29,01-JAN-00:10,476.82,03-NOV-07:20
,ElectricityPurchased:Facility,106033.93,7522.56,23-APR-17:30,10068644.25,07-MAR-07:10
,ElectricityPurchased:Plant,106033.93,7522.56,23-APR-17:30,10068644.25,07-MAR-07:10
,Cogeneration:ElectricityPurchased,106033.93,7522.56,23-APR-17:30,10068644.25,07-MAR-07:10
,General:Cogeneration:ElectricityPurchased,106033.93,7522.56,23-APR-17:30,10068644.25,07-MAR-07:10
,ElectricitySurplusSold:Facility,0.00,0.00,01-JAN-00:10,0.00,01-JAN-00:10
,ElectricitySurplusSold:Plant,0.00,0.00,01-JAN-00:10,0.00,01-JAN-00:10
,Cogeneration:ElectricitySurplusSold,0.00,0.00,01-JAN-00:10,0.00,01-JAN-00:10
,General:Cogeneration:ElectricitySurplusSold,0.00,0.00,01-JAN-00:10,0.00,01-JAN-00:10
,ElectricityNet:Facility,106033.93,7522.56,23-APR-17:30,10068644.25,07-MAR-07:10
,ElectricityNet:Plant,106033.93,7522.56,23-APR-17:30,10068644.25,07-MAR-07:10
,Cogeneration:ElectricityNet,106033.93,7522.56,23-APR-17:30,10068644.25,07-MAR-07:10
,General:Cogeneration:ElectricityNet,106033.93,7522.56,23-APR-17:30,10068644.25,07-MAR-07:10
,Heating:Electricity,77920.11,0.00,01-JAN-00:40,9632829.88,07-MAR-07:10
,General:Heating:Electricity,77920.11,0.00,01-JAN-00:40,9632829.88,07-MAR-07:10
,Fans:Electricity,9045.02,0.00,01-JAN-00:40,412183.16,01-JAN-00:10
,General:Fans:Electricity,9045.02,0.00,01-JAN-00:40,412183.16,01-JAN-00:10
,ExteriorLights:Electricity,51.25,0.00,01-JAN-08:00,5686.19,01-JAN-06:10
,General:ExteriorLights:Electricity,51.25,0.00,01-JAN-08:00,5686.19,01-JAN-06:10
,Cooling:Electricity,18243.65,0.00,01-JAN-00:10,2653314.73,04-JUL-10:40
,General:Cooling:Electricity,18243.65,0.00,01-JAN-00:10,2653314.73,04-JUL-10:40
,Electricity:Plant,0.15,0.00,01-JAN-00:10,6.85,04-JAN-07:10
,Pumps:Electricity,0.15,0.00,01-JAN-00:10,6.85,04-JAN-07:10
,General:Pumps:Electricity,0.15,0.00,01-JAN-00:10,6.85,04-JAN-07:10
,WIRED_LTG_ELECTRICITY,9.63,0.00,01-JAN-00:10,1054.39,02-JAN-17:00
,WIRED_INT_EQUIP,387.50,5748.33,01-JAN-00:10,24761.25,02-JAN-08:10


Annual and Peak Values - Natural Gas

,,Natural Gas Annual Value [GJ],Natural Gas Minimum Value [W],Timestamp of Minimum {TIMESTAMP},Natural Gas Maximum Value [W],Timestamp of Maximum {TIMESTAMP}
,NaturalGas:Facility,1177.75,1886.44,15-JAN-12:40,14025190.60,25-JAN-07:10
,NaturalGas:HVAC,1041.72,0.00,01-JAN-00:10,14016295.88,03-JAN-07:10
,Heating:NaturalGas,1041.72,0.00,01-JAN-00:10,14016295.88,03-JAN-07:10
,General:Heating:NaturalGas,1041.72,0.00,01-JAN-00:10,14016295.88,03-JAN-07:10
,NaturalGas:Plant,136.03,1886.44,15-JAN-12:40,11225.40,15-FEB-13:00
,WaterSystems:NaturalGas,136.03,1886.44,15-JAN-12:40,11225.40,15-FEB-13:00
,Water Heater:WaterSystems:NaturalGas,136.03,1886.44,15-JAN-12:40,11225.40,15-FEB-13:00


Annual and Peak Values - Cooling

,,Cooling Annual Value [GJ],Cooling Minimum Value [W],Timestamp of Minimum {TIMESTAMP},Cooling Maximum Value [W],Timestamp of Maximum {TIMESTAMP}
,None,,,,,


Annual and Peak Values - Water

,,Annual Value [m3],Minimum Value [m3/s],Timestamp of Minimum {TIMESTAMP},Maximum Value [m3/s],Timestamp of Maximum {TIMESTAMP}
,Water:Facility,271.06,0.00,01-JAN-00:10,0.00,02-JAN-12:10
,Water:Plant,271.06,0.00,01-JAN-00:10,0.00,02-JAN-12:10
,WaterSystems:Water,271.06,0.00,01-JAN-00:10,0.00,02-JAN-12:10
,WaterUse:WaterSystems:Water,271.06,0.00,01-JAN-00:10,0.00,02-JAN-12:10
,MainsWater:Facility,271.06,0.00,01-JAN-00:10,0.00,02-JAN-12:10
,MainsWater:Plant,271.06,0.00,01-JAN-00:10,0.00,02-JAN-12:10
,WaterSystems:MainsWater,271.06,0.00,01-JAN-00:10,0.00,02-JAN-12:10
,WaterUse:WaterSystems:MainsWater,271.06,0.00,01-JAN-00:10,0.00,02-JAN-12:10
,Water Heater:WaterSystems:Water,0.00,0.00,01-JAN-00:10,0.00,01-JAN-00:10
,Water Heater:WaterSystems:MainsWater,0.00,0.00,01-JAN-00:10,0.00,01-JAN-00:10


Annual and Peak Values - Other by Weight/Mass

,,Annual Value [kg],Minimum Value [kg/s],Timestamp of Minimum {TIMESTAMP},Maximum Value [kg/s],Timestamp of Maximum {TIMESTAMP}
,Carbon Equivalent:Facility,0.00,0.000,01-JAN-00:10,0.000,01-JAN-00:10
,CarbonEquivalentEmissions:Carbon Equivalent,0.00,0.000,01-JAN-00:10,0.000,01-JAN-00:10


Annual and Peak Values - Other Volumetric

,,Annual Value [m3],Minimum Value [m3/s],Timestamp of Minimum {TIMESTAMP},Maximum Value [m3/s],Timestamp of Maximum {TIMESTAMP}
,None,,,,,


Annual and Peak Values - Other Liquid/Gas

,,Annual Value [L],Minimum Value [L],Timestamp of Minimum {TIMESTAMP},Maximum Value [L],Timestamp of Maximum {TIMESTAMP}
,None,,,,,


Annual and Peak Values - Other

,,Annual Value [GJ],Minimum Value [W],Timestamp of Minimum {TIMESTAMP},Maximum Value [W],Timestamp of Maximum {TIMESTAMP}
,EnergyTransfer:Facility,148141.06,0.00,01-JAN-00:40,20910846.75,07-MAR-07:10
,EnergyTransfer:Building,1506.87,0.00,01-JAN-00:40,414823.22,14-JUN-05:10
,EnergyTransfer:Zone:CORE_BOTTOM,224.24,0.00,01-JAN-00:40,62199.47,27-MAR-04:20
,Heating:EnergyTransfer,247.58,0.00,01-JAN-00:40,243127.49,30-OCT-05:20
,Heating:EnergyTransfer:Zone:CORE_BOTTOM,1.46,0.00,01-JAN-00:10,30068.60,30-OCT-05:20
,General:Heating:EnergyTransfer,247.58,0.00,01-JAN-00:40,243127.49,30-OCT-05:20
,General:Heating:EnergyTransfer:Zone:CORE_BOTTOM,1.46,0.00,01-JAN-00:10,30068.60,30-OCT-05:20
,Cooling:EnergyTransfer,1259.29,0.00,01-JAN-00:40,392962.36,14-JUN-05:10
,Cooling:EnergyTransfer:Zone:CORE_BOTTOM,222.77,0.00,01-JAN-00:40,62199.47,27-MAR-04:20
,General:Cooling:EnergyTransfer,1259.29,0.00,01-JAN-00:40,392962.36,14-JUN-05:10
,General:Cooling:EnergyTransfer:Zone:CORE_BOTTOM,222.77,0.00,01-JAN-00:40,62199.47,27-MAR-04:20
,EnergyTransfer:Zone:TOPFLOOR_PLENUM,158.16,0.00,01-JAN-00:40,47026.77,14-JUN-05:10
,Heating:EnergyTransfer:Zone:TOPFLOOR_PLENUM,89.69,0.00,01-JAN-00:40,28176.45,30-OCT-05:20
,General:Heating:EnergyTransfer:Zone:TOPFLOOR_PLENUM,89.69,0.00,01-JAN-00:40,28176.45,30-OCT-05:20
,Cooling:EnergyTransfer:Zone:TOPFLOOR_PLENUM,68.48,0.00,01-JAN-00:10,33834.30,03-JUL-05:10
,General:Cooling:EnergyTransfer:Zone:TOPFLOOR_PLENUM,68.48,0.00,01-JAN-00:10,33834.30,03-JUL-05:10
,EnergyTransfer:Zone:MIDFLOOR_PLENUM,74.72,0.00,01-JAN-00:40,41364.77,14-JUN-05:10
,Heating:EnergyTransfer:Zone:MIDFLOOR_PLENUM,21.49,0.00,01-JAN-00:40,16353.01,10-NOV-06:20
,General:Heating:EnergyTransfer:Zone:MIDFLOOR_PLENUM,21.49,0.00,01-JAN-00:40,16353.01,10-NOV-06:20
,Cooling:EnergyTransfer:Zone:MIDFLOOR_PLENUM,53.23,0.00,01-JAN-00:10,37377.46,14-JUN-05:10
,General:Cooling:EnergyTransfer:Zone:MIDFLOOR_PLENUM,53.23,0.00,01-JAN-00:10,37377.46,14-JUN-05:10
,EnergyTransfer:Zone:FIRSTFLOOR_PLENUM,75.58,0.00,01-JAN-00:40,43133.62,14-JUN-05:10
,Heating:EnergyTransfer:Zone:FIRSTFLOOR_PLENUM,15.49,0.00,01-JAN-00:40,15382.90,26-DEC-06:20
,General:Heating:EnergyTransfer:Zone:FIRSTFLOOR_PLENUM,15.49,0.00,01-JAN-00:40,15382.90,26-DEC-06:20
,Cooling:EnergyTransfer:Zone:FIRSTFLOOR_PLENUM,60.09,0.00,01-JAN-00:10,41662.64,27-MAR-04:20
,General:Cooling:EnergyTransfer:Zone:FIRSTFLOOR_PLENUM,60.09,0.00,01-JAN-00:10,41662.64,27-MAR-04:20
,EnergyTransfer:Zone:CORE_MID,159.30,0.00,01-JAN-00:40,54579.71,09-MAY-04:20
,Heating:EnergyTransfer:Zone:CORE_MID,1.64,0.00,01-JAN-00:40,32972.03,30-OCT-05:20
,General:Heating:EnergyTransfer:Zone:CORE_MID,1.64,0.00,01-JAN-00:40,32972.03,30-OCT-05:20
,Cooling:EnergyTransfer:Zone:CORE_MID,157.66,0.00,01-JAN-00:10,54579.71,09-MAY-04:20
,General:Cooling:EnergyTransfer:Zone:CORE_MID,157.66,0.00,01-JAN-00:10,54579.71,09-MAY-04:20
,EnergyTransfer:Zone:CORE_TOP,145.45,0.00,01-JAN-00:40,50908.02,06-OCT-04:20
,Heating:EnergyTransfer:Zone:CORE_TOP,4.66,0.00,01-JAN-00:40,36396.05,30-OCT-05:20
,General:Heating:EnergyTransfer:Zone:CORE_TOP,4.66,0.00,01-JAN-00:40,36396.05,30-OCT-05:20
,Cooling:EnergyTransfer:Zone:CORE_TOP,140.79,0.00,01-JAN-00:10,50908.02,06-OCT-04:20
,General:Cooling:EnergyTransfer:Zone:CORE_TOP,140.79,0.00,01-JAN-00:10,50908.02,06-OCT-04:20
,EnergyTransfer:Zone:PERIMETER_TOP_ZN_3,51.95,0.00,01-JAN-00:40,12679.07,14-JUN-05:10
,Heating:EnergyTransfer:Zone:PERIMETER_TOP_ZN_3,13.35,0.00,01-JAN-00:40,9491.02,30-OCT-05:20
,General:Heating:EnergyTransfer:Zone:PERIMETER_TOP_ZN_3,13.35,0.00,01-JAN-00:40,9491.02,30-OCT-05:20
,Cooling:EnergyTransfer:Zone:PERIMETER_TOP_ZN_3,38.59,0.00,01-JAN-00:10,12679.07,14-JUN-05:10
,General:Cooling:EnergyTransfer:Zone:PERIMETER_TOP_ZN_3,38.59,0.00,01-JAN-00:10,12679.07,14-JUN-05:10
,EnergyTransfer:Zone:PERIMETER_TOP_ZN_2,50.28,0.00,01-JAN-00:40,13371.20,02-JUL-09:10
,Heating:EnergyTransfer:Zone:PERIMETER_TOP_ZN_2,8.99,0.00,01-JAN-00:40,6682.68,30-OCT-05:20
,General:Heating:EnergyTransfer:Zone:PERIMETER_TOP_ZN_2,8.99,0.00,01-JAN-00:40,6682.68,30-OCT-05:20
,Cooling:EnergyTransfer:Zone:PERIMETER_TOP_ZN_2,41.28,0.00,01-JAN-00:10,13371.20,02-JUL-09:10
,General:Cooling:EnergyTransfer:Zone:PERIMETER_TOP_ZN_2,41.28,0.00,01-JAN-00:10,13371.20,02-JUL-09:10
,EnergyTransfer:Zone:PERIMETER_TOP_ZN_1,81.07,0.00,01-JAN-00:40,20611.53,12-FEB-12:50
,Heating:EnergyTransfer:Zone:PERIMETER_TOP_ZN_1,11.60,0.00,01-JAN-00:40,9811.81,20-OCT-05:20
,General:Heating:EnergyTransfer:Zone:PERIMETER_TOP_ZN_1,11.60,0.00,01-JAN-00:40,9811.81,20-OCT-05:20
,Cooling:EnergyTransfer:Zone:PERIMETER_TOP_ZN_1,69.47,0.00,01-JAN-00:10,18688.15,12-FEB-12:50
,General:Cooling:EnergyTransfer:Zone:PERIMETER_TOP_ZN_1,69.47,0.00,01-JAN-00:10,18688.15,12-FEB-12:50
,EnergyTransfer:Zone:PERIMETER_TOP_ZN_4,49.13,0.00,01-JAN-00:40,15022.57,02-JUL-17:10
,Heating:EnergyTransfer:Zone:PERIMETER_TOP_ZN_4,9.09,0.00,01-JAN-00:40,6764.18,30-OCT-05:20
,General:Heating:EnergyTransfer:Zone:PERIMETER_TOP_ZN_4,9.09,0.00,01-JAN-00:40,6764.18,30-OCT-05:20
,Cooling:EnergyTransfer:Zone:PERIMETER_TOP_ZN_4,40.05,0.00,01-JAN-00:10,15022.57,02-JUL-17:10
,General:Cooling:EnergyTransfer:Zone:PERIMETER_TOP_ZN_4,40.05,0.00,01-JAN-00:10,15022.57,02-JUL-17:10
,EnergyTransfer:Zone:PERIMETER_BOT_ZN_3,41.76,0.00,01-JAN-00:40,12223.14,14-JUN-05:10
,Heating:EnergyTransfer:Zone:PERIMETER_BOT_ZN_3,6.72,0.00,01-JAN-00:40,7893.24,20-APR-05:20
,General:Heating:EnergyTransfer:Zone:PERIMETER_BOT_ZN_3,6.72,0.00,01-JAN-00:40,7893.24,20-APR-05:20
,Cooling:EnergyTransfer:Zone:PERIMETER_BOT_ZN_3,35.03,0.00,01-JAN-00:10,12223.14,14-JUN-05:10
,General:Cooling:EnergyTransfer:Zone:PERIMETER_BOT_ZN_3,35.03,0.00,01-JAN-00:10,12223.14,14-JUN-05:10
,EnergyTransfer:Zone:PERIMETER_BOT_ZN_2,43.69,0.00,01-JAN-00:40,11127.41,02-JUL-09:30
,Heating:EnergyTransfer:Zone:PERIMETER_BOT_ZN_2,4.17,0.00,01-JAN-00:40,5578.35,20-APR-05:20
,General:Heating:EnergyTransfer:Zone:PERIMETER_BOT_ZN_2,4.17,0.00,01-JAN-00:40,5578.35,20-APR-05:20
,Cooling:EnergyTransfer:Zone:PERIMETER_BOT_ZN_2,39.51,0.00,01-JAN-00:10,9793.36,02-JUL-09:30
,General:Cooling:EnergyTransfer:Zone:PERIMETER_BOT_ZN_2,39.51,0.00,01-JAN-00:10,9793.36,02-JUL-09:30
,EnergyTransfer:Zone:PERIMETER_BOT_ZN_1,86.59,0.00,01-JAN-00:40,37768.01,02-FEB-07:10
,Heating:EnergyTransfer:Zone:PERIMETER_BOT_ZN_1,30.54,0.00,01-JAN-00:40,37768.01,02-FEB-07:10
,General:Heating:EnergyTransfer:Zone:PERIMETER_BOT_ZN_1,30.54,0.00,01-JAN-00:40,37768.01,02-FEB-07:10
,Cooling:EnergyTransfer:Zone:PERIMETER_BOT_ZN_1,56.04,0.00,01-JAN-00:10,17231.81,13-SEP-12:00
,General:Cooling:EnergyTransfer:Zone:PERIMETER_BOT_ZN_1,56.04,0.00,01-JAN-00:10,17231.81,13-SEP-12:00
,EnergyTransfer:Zone:PERIMETER_BOT_ZN_4,42.40,0.00,01-JAN-00:40,13673.77,02-JUL-18:10
,Heating:EnergyTransfer:Zone:PERIMETER_BOT_ZN_4,4.15,0.00,01-JAN-00:40,5520.49,20-APR-05:20
,General:Heating:EnergyTransfer:Zone:PERIMETER_BOT_ZN_4,4.15,0.00,01-JAN-00:40,5520.49,20-APR-05:20
,Cooling:EnergyTransfer:Zone:PERIMETER_BOT_ZN_4,38.25,0.00,01-JAN-00:10,12182.82,02-JUL-18:10
,General:Cooling:EnergyTransfer:Zone:PERIMETER_BOT_ZN_4,38.25,0.00,01-JAN-00:10,12182.82,02-JUL-18:10
,EnergyTransfer:Zone:PERIMETER_MID_ZN_3,48.92,0.00,01-JAN-00:40,13414.23,14-JUN-05:10
,Heating:EnergyTransfer:Zone:PERIMETER_MID_ZN_3,7.32,0.00,01-JAN-00:40,8601.06,30-OCT-05:20
,General:Heating:EnergyTransfer:Zone:PERIMETER_MID_ZN_3,7.32,0.00,01-JAN-00:40,8601.06,30-OCT-05:20
,Cooling:EnergyTransfer:Zone:PERIMETER_MID_ZN_3,41.60,0.00,01-JAN-00:10,13414.23,14-JUN-05:10
,General:Cooling:EnergyTransfer:Zone:PERIMETER_MID_ZN_3,41.60,0.00,01-JAN-00:10,13414.23,14-JUN-05:10
,EnergyTransfer:Zone:PERIMETER_MID_ZN_2,46.93,0.00,01-JAN-00:40,15413.40,02-JUL-08:50
,Heating:EnergyTransfer:Zone:PERIMETER_MID_ZN_2,5.35,0.00,01-JAN-00:40,6087.39,30-OCT-05:20
,General:Heating:EnergyTransfer:Zone:PERIMETER_MID_ZN_2,5.35,0.00,01-JAN-00:40,6087.39,30-OCT-05:20
,Cooling:EnergyTransfer:Zone:PERIMETER_MID_ZN_2,41.59,0.00,01-JAN-00:10,14323.93,02-JUL-08:50
,General:Cooling:EnergyTransfer:Zone:PERIMETER_MID_ZN_2,41.59,0.00,01-JAN-00:10,14323.93,02-JUL-08:50
,EnergyTransfer:Zone:PERIMETER_MID_ZN_1,79.42,0.00,01-JAN-00:40,21507.90,03-DEC-12:50
,Heating:EnergyTransfer:Zone:PERIMETER_MID_ZN_1,6.53,0.00,01-JAN-00:40,8857.43,20-OCT-05:20
,General:Heating:EnergyTransfer:Zone:PERIMETER_MID_ZN_1,6.53,0.00,01-JAN-00:40,8857.43,20-OCT-05:20
,Cooling:EnergyTransfer:Zone:PERIMETER_MID_ZN_1,72.89,0.00,01-JAN-00:10,19599.00,03-DEC-12:50
,General:Cooling:EnergyTransfer:Zone:PERIMETER_MID_ZN_1,72.89,0.00,01-JAN-00:10,19599.00,03-DEC-12:50
,EnergyTransfer:Zone:PERIMETER_MID_ZN_4,47.28,0.00,01-JAN-00:40,15705.68,02-JUL-16:50
,Heating:EnergyTransfer:Zone:PERIMETER_MID_ZN_4,5.32,0.00,01-JAN-00:40,6098.34,30-OCT-05:20
,General:Heating:EnergyTransfer:Zone:PERIMETER_MID_ZN_4,5.32,0.00,01-JAN-00:40,6098.34,30-OCT-05:20
,Cooling:EnergyTransfer:Zone:PERIMETER_MID_ZN_4,41.96,0.00,01-JAN-00:10,14976.55,02-JUL-16:50
,General:Cooling:EnergyTransfer:Zone:PERIMETER_MID_ZN_4,41.96,0.00,01-JAN-00:10,14976.55,02-JUL-16:50
,PlantLoopHeatingDemand:Facility,52.88,0.00,01-JAN-00:10,6707.33,14-FEB-12:20
,PlantLoopHeatingDemand:Plant,52.88,0.00,01-JAN-00:10,6707.33,14-FEB-12:20
,WaterSystems:PlantLoopHeatingDemand,52.88,0.00,01-JAN-00:10,6707.33,14-FEB-12:20
,General:WaterSystems:PlantLoopHeatingDemand,52.88,0.00,01-JAN-00:10,6707.33,14-FEB-12:20
,EnergyTransfer:HVAC,146581.32,0.00,01-JAN-00:40,20845866.59,07-MAR-07:10
,HeatingCoils:EnergyTransfer,78753.49,0.00,01-JAN-00:40,20845866.59,07-MAR-07:10
,CoolingCoils:EnergyTransfer,67827.82,0.00,01-JAN-00:10,10983636.61,04-JUL-10:30
,EnergyTransfer:Plant,52.88,0.00,01-JAN-00:10,6707.33,14-FEB-12:20
,WaterSystems:EnergyTransfer,52.88,0.00,01-JAN-00:10,6707.33,14-FEB-12:20
,WaterUse:WaterSystems:EnergyTransfer,52.88,0.00,01-JAN-00:10,6707.33,14-FEB-12:20
,Water Heater:WaterSystems:PlantLoopHeatingDemand,0.00,0.00,01-JAN-00:10,0.00,01-JAN-00:10


----------------------------------------------------------------------------------------------------
REPORT:,Sensible Heat Gain Summary
FOR:,Entire Facility
Annual Building Sensible Heat Gain Components

,,HVAC Zone Eq & Other Sensible Air Heating [GJ],HVAC Zone Eq & Other Sensible Air Cooling [GJ],HVAC Terminal Unit Sensible Air Heating [GJ],HVAC Terminal Unit Sensible Air Cooling [GJ],HVAC Input Heated Surface Heating [GJ],HVAC Input Cooled Surface Cooling [GJ],People Sensible Heat Addition [GJ],Lights Sensible Heat Addition [GJ],Equipment Sensible Heat Addition [GJ],Window Heat Addition [GJ],Interzone Air Transfer Heat Addition [GJ],Infiltration Heat Addition [GJ],Opaque Surface Conduction and Other Heat Addition [GJ],Equipment Sensible Heat Removal [GJ],Window Heat Removal [GJ],Interzone Air Transfer Heat Removal [GJ],Infiltration Heat Removal [GJ],Opaque Surface Conduction and Other Heat Removal [GJ]
,CORE_BOTTOM,0.000,0.000,1.462,-222.776,0.000,0.000,36.185,82.361,132.840,0.000,0.000,0.000,0.000,0.000,0.000,0.000,0.000,-30.073
,CORE_MID,0.000,0.000,1.640,-157.662,0.000,0.000,36.219,82.361,71.515,0.000,0.000,0.000,0.000,0.000,0.000,0.000,0.000,-34.073
,CORE_TOP,0.000,0.000,4.658,-140.792,0.000,0.000,36.244,82.361,71.515,0.000,0.000,0.000,0.000,0.000,0.000,0.000,0.000,-53.987
,PERIMETER_TOP_ZN_3,0.000,0.000,13.354,-38.589,0.000,0.000,7.641,9.821,15.076,39.645,0.000,0.254,0.000,0.000,-5.576,0.000,-12.048,-29.577
,PERIMETER_TOP_ZN_2,0.000,0.000,8.994,-41.282,0.000,0.000,4.832,6.192,9.544,52.356,0.000,0.168,0.000,0.000,-3.719,0.000,-8.120,-28.967
,PERIMETER_TOP_ZN_1,0.000,0.000,11.597,-69.470,0.000,0.000,7.633,9.723,15.076,92.368,0.000,0.250,0.000,0.000,-5.588,0.000,-12.226,-49.362
,PERIMETER_TOP_ZN_4,0.000,0.000,9.087,-40.046,0.000,0.000,4.832,6.181,9.544,52.613,0.000,0.163,0.000,0.000,-3.760,0.000,-8.168,-30.446
,PERIMETER_BOT_ZN_3,0.000,0.000,6.725,-35.029,0.000,0.000,7.642,9.802,15.076,39.686,0.000,0.139,0.000,0.000,-5.655,0.000,-6.447,-31.938
,PERIMETER_BOT_ZN_2,0.000,0.000,4.173,-39.511,0.000,0.000,4.830,6.184,9.544,52.378,0.000,0.089,0.000,0.000,-3.816,0.000,-4.374,-29.498
,PERIMETER_BOT_ZN_1,0.000,0.000,30.543,-56.042,0.000,0.000,7.629,9.711,15.076,92.400,0.000,2.310,0.000,0.000,-5.792,0.000,-46.754,-49.081
,PERIMETER_BOT_ZN_4,0.000,0.000,4.152,-38.248,0.000,0.000,4.830,6.171,9.544,52.633,0.000,0.087,0.000,0.000,-3.862,0.000,-4.401,-30.907
,PERIMETER_MID_ZN_3,0.000,0.000,7.323,-41.596,0.000,0.000,7.640,9.821,15.076,39.611,0.000,0.214,0.000,0.000,-5.689,0.000,-10.117,-22.282
,PERIMETER_MID_ZN_2,0.000,0.000,5.347,-41.585,0.000,0.000,3.560,6.192,9.544,52.311,0.000,0.138,0.000,0.000,-3.792,0.000,-6.817,-24.899
,PERIMETER_MID_ZN_1,0.000,0.000,6.531,-72.888,0.000,0.000,7.631,9.723,15.076,92.347,0.000,0.211,0.000,0.000,-5.702,0.000,-10.274,-42.655
,PERIMETER_MID_ZN_4,0.000,0.000,5.320,-41.961,0.000,0.000,4.831,6.181,9.544,52.596,0.000,0.137,0.000,0.000,-3.834,0.000,-6.854,-25.960
,TOPFLOOR_PLENUM,89.683,-68.480,0.000,0.000,0.000,0.000,0.000,0.000,0.000,0.000,0.000,0.413,0.003,0.000,0.000,0.000,-18.971,-2.646
,MIDFLOOR_PLENUM,21.488,-53.237,0.000,0.000,0.000,0.000,0.000,0.000,0.000,0.000,0.000,0.365,48.226,0.000,0.000,0.000,-16.843,-0.000
,FIRSTFLOOR_PLENUM,15.490,-60.093,0.000,0.000,0.000,0.000,0.000,0.000,0.000,0.000,0.000,0.282,57.399,0.000,0.000,0.000,-13.079,-0.001
,Total Facility,126.662,-181.810,120.908,-1077.476,0.000,0.000,182.178,342.785,423.590,710.944,0.000,5.220,105.629,0.000,-56.787,0.000,-185.490,-516.351


Peak Cooling Sensible Heat Gain Components

,,Time of Peak {TIMESTAMP},HVAC Zone Eq & Other Sensible Air Heating [W],HVAC Zone Eq & Other Sensible Air Cooling [W],HVAC Terminal Unit Sensible Air Heating [W],HVAC Terminal Unit Sensible Air Cooling [W],HVAC Input Heated Surface Heating [W],HVAC Input Cooled Surface Cooling [W],People Sensible Heat Addition [W],Lights Sensible Heat Addition [W],Equipment Sensible Heat Addition [W],Window Heat Addition [W],Interzone Air Transfer Heat Addition [W],Infiltration Heat Addition [W],Opaque Surface Conduction and Other Heat Addition [W],Equipment Sensible Heat Removal [W],Window Heat Removal [W],Interzone Air Transfer Heat Removal [W],Infiltration Heat Removal [W],Opaque Surface Conduction and Other Heat Removal [W]
,CORE_BOTTOM,14-JUN-05:01,0.00,0.00,0.00,-231293.22,0.00,0.00,366.61,211.73,2464.91,0.00,0.00,0.00,228249.97,0.00,-0.00,0.00,0.00,0.00
,CORE_MID,14-JUN-05:01,0.00,0.00,0.00,-178789.14,0.00,0.00,373.66,211.73,1874.79,0.00,0.00,0.00,176328.96,0.00,-0.00,0.00,0.00,0.00
,CORE_TOP,14-JUN-05:01,0.00,0.00,0.00,-158358.35,0.00,0.00,393.86,211.73,1874.79,0.00,0.00,0.00,155877.97,0.00,-0.00,0.00,0.00,0.00
,PERIMETER_TOP_ZN_3,14-JUN-05:01,0.00,0.00,0.00,-42544.26,0.00,0.00,84.84,44.64,395.22,4788.55,0.00,0.00,37284.50,0.00,-0.00,0.00,-53.50,0.00
,PERIMETER_TOP_ZN_2,04-JUN-08:61,0.00,0.00,0.00,-33050.80,0.00,0.00,21.38,26.20,187.66,11526.72,0.00,0.00,21413.20,0.00,-0.00,0.00,-124.36,0.00
,PERIMETER_TOP_ZN_1,12-FEB-13:21,0.00,0.00,0.00,-84066.17,0.00,0.00,30.51,41.38,296.42,27156.42,0.00,0.00,57694.78,0.00,-0.00,0.00,-1153.34,0.00
,PERIMETER_TOP_ZN_4,25-JUN-16:51,0.00,0.00,0.00,-53747.24,0.00,0.00,18.96,26.20,187.64,14132.29,0.00,0.00,39505.99,0.00,-0.00,0.00,-123.83,0.00
,PERIMETER_BOT_ZN_3,14-JUN-05:01,0.00,0.00,0.00,-40019.51,0.00,0.00,81.62,44.64,395.22,4773.16,0.00,0.00,34755.69,0.00,-0.00,0.00,-30.82,0.00
,PERIMETER_BOT_ZN_2,02-JUL-09:21,0.00,0.00,0.00,-48855.50,0.00,0.00,19.91,26.20,187.66,14303.88,0.00,91.50,34226.36,0.00,-0.00,0.00,0.00,0.00
,PERIMETER_BOT_ZN_1,03-DEC-14:01,0.00,0.00,0.00,-69054.79,0.00,0.00,31.84,41.38,296.42,23068.13,0.00,0.00,46044.04,0.00,-0.00,0.00,-427.02,0.00
,PERIMETER_BOT_ZN_4,02-JUL-18:01,0.00,0.00,0.00,-57847.64,0.00,0.00,0.00,26.20,151.44,14623.91,0.00,170.59,42875.50,0.00,-0.00,0.00,0.00,0.00
,PERIMETER_MID_ZN_3,14-JUN-05:01,0.00,0.00,0.00,-44357.47,0.00,0.00,81.11,44.64,395.22,4770.17,0.00,0.00,39114.18,0.00,-0.00,0.00,-47.84,0.00
,PERIMETER_MID_ZN_2,02-JUL-08:41,0.00,0.00,0.00,-61534.89,0.00,0.00,17.77,26.20,187.66,16129.36,0.00,115.38,45058.54,0.00,-0.00,0.00,0.00,0.00
,PERIMETER_MID_ZN_1,03-DEC-12:41,0.00,0.00,0.00,-86197.80,0.00,0.00,29.68,41.38,296.42,27518.19,0.00,0.00,59100.19,0.00,-0.00,0.00,-788.06,0.00
,PERIMETER_MID_ZN_4,02-JUL-17:21,0.00,0.00,0.00,-61696.21,0.00,0.00,0.00,26.20,151.44,16849.70,0.00,272.21,44396.67,0.00,-0.00,0.00,0.00,0.00
,TOPFLOOR_PLENUM,14-JUN-05:02,0.00,-124059.39,0.00,0.00,0.00,0.00,0.00,0.00,0.00,0.00,0.00,0.00,124154.85,0.00,-0.00,0.00,-95.46,0.00
,MIDFLOOR_PLENUM,14-JUN-05:02,0.00,-122211.87,0.00,0.00,0.00,0.00,0.00,0.00,0.00,0.00,0.00,0.00,122299.26,0.00,-0.00,0.00,-87.39,0.00
,FIRSTFLOOR_PLENUM,14-JUN-05:02,0.00,-137437.09,0.00,0.00,0.00,0.00,0.00,0.00,0.00,0.00,0.00,0.00,137503.91,0.00,-0.00,0.00,-66.81,0.00
,Total Facility,14-JUN-05:01,0.00,172832.12,0.00,-1034189.38,0.00,0.00,1938.95,1072.56,10087.03,35919.57,0.00,0.00,814102.20,0.00,0.00,0.00,-1763.06,0.00


Peak Heating Sensible Heat Gain Components

,,Time of Peak {TIMESTAMP},HVAC Zone Eq & Other Sensible Air Heating [W],HVAC Zone Eq & Other Sensible Air Cooling [W],HVAC Terminal Unit Sensible Air Heating [W],HVAC Terminal Unit Sensible Air Cooling [W],HVAC Input Heated Surface Heating [W],HVAC Input Cooled Surface Cooling [W],People Sensible Heat Addition [W],Lights Sensible Heat Addition [W],Equipment Sensible Heat Addition [W],Window Heat Addition [W],Interzone Air Transfer Heat Addition [W],Infiltration Heat Addition [W],Opaque Surface Conduction and Other Heat Addition [W],Equipment Sensible Heat Removal [W],Window Heat Removal [W],Interzone Air Transfer Heat Removal [W],Infiltration Heat Removal [W],Opaque Surface Conduction and Other Heat Removal [W]
,CORE_BOTTOM,30-OCT-05:11,0.00,0.00,172351.92,0.00,0.00,0.00,494.65,823.02,2464.91,0.00,0.00,0.00,0.00,0.00,-0.00,0.00,0.00,-176134.51
,CORE_MID,20-APR-05:11,0.00,0.00,163161.26,0.00,0.00,0.00,490.38,823.02,1874.79,0.00,0.00,0.00,0.00,0.00,-0.00,0.00,0.00,-166349.46
,CORE_TOP,20-APR-05:11,0.00,0.00,160561.56,0.00,0.00,0.00,492.03,823.02,1874.79,0.00,0.00,0.00,0.00,0.00,-0.00,0.00,0.00,-163751.41
,PERIMETER_TOP_ZN_3,20-APR-05:11,0.00,0.00,36055.37,0.00,0.00,0.00,104.51,173.50,395.22,0.00,0.00,0.00,0.00,0.00,-419.94,0.00,-36.84,-36271.82
,PERIMETER_TOP_ZN_2,12-OCT-05:11,0.00,0.00,32125.63,0.00,0.00,0.00,65.79,109.84,250.21,0.00,0.00,0.00,0.00,0.00,-190.61,0.00,-36.15,-32324.71
,PERIMETER_TOP_ZN_1,12-OCT-05:11,0.00,0.00,44382.92,0.00,0.00,0.00,104.20,173.50,395.22,0.00,0.00,0.00,0.00,0.00,-284.06,0.00,-53.12,-44718.66
,PERIMETER_TOP_ZN_4,12-OCT-05:11,0.00,0.00,33452.33,0.00,0.00,0.00,65.73,109.83,250.19,0.00,0.00,0.00,0.00,0.00,-188.70,0.00,-36.42,-33652.96
,PERIMETER_BOT_ZN_3,30-OCT-05:11,0.00,0.00,33166.46,0.00,0.00,0.00,104.33,173.50,395.22,0.00,0.00,0.00,0.00,0.00,-381.02,0.00,-80.96,-33377.53
,PERIMETER_BOT_ZN_2,20-APR-05:11,0.00,0.00,25059.49,0.00,0.00,0.00,66.00,109.84,250.21,0.00,0.00,0.00,0.00,0.00,-281.45,0.00,-13.28,-25190.80
,PERIMETER_BOT_ZN_1,20-APR-05:11,0.00,0.00,39094.42,0.00,0.00,0.00,104.68,173.50,395.22,0.00,0.00,0.00,0.00,0.00,-427.00,0.00,-1858.87,-37481.95
,PERIMETER_BOT_ZN_4,20-APR-05:11,0.00,0.00,25393.54,0.00,0.00,0.00,65.96,109.83,250.19,0.00,0.00,0.00,0.00,0.00,-285.42,0.00,-13.33,-25520.77
,PERIMETER_MID_ZN_3,20-APR-05:11,0.00,0.00,35978.39,0.00,0.00,0.00,104.45,173.50,395.22,0.00,0.00,0.00,0.00,0.00,-431.56,0.00,-30.70,-36189.31
,PERIMETER_MID_ZN_2,11-OCT-05:11,0.00,0.00,28080.93,0.00,0.00,0.00,65.66,109.84,250.21,0.00,0.00,0.00,0.00,0.00,-226.47,0.00,-79.67,-28200.50
,PERIMETER_MID_ZN_1,20-APR-05:11,0.00,0.00,38559.79,0.00,0.00,0.00,104.32,173.50,395.22,0.00,0.00,0.00,0.00,0.00,-437.11,0.00,-31.17,-38764.55
,PERIMETER_MID_ZN_4,12-OCT-05:11,0.00,0.00,28804.58,0.00,0.00,0.00,65.77,109.83,250.19,0.00,0.00,0.00,0.00,0.00,-201.87,0.00,-30.30,-28998.20
,TOPFLOOR_PLENUM,28-APR-23:21,117579.20,0.00,0.00,0.00,0.00,0.00,0.00,0.00,0.00,0.00,0.00,0.00,0.00,0.00,-0.00,0.00,-983.10,-116596.10
,MIDFLOOR_PLENUM,12-OCT-05:12,72284.59,0.00,0.00,0.00,0.00,0.00,0.00,0.00,0.00,0.00,0.00,0.00,0.00,0.00,-0.00,0.00,-71.94,-72212.64
,FIRSTFLOOR_PLENUM,12-OCT-05:12,77400.34,0.00,0.00,0.00,0.00,0.00,0.00,0.00,0.00,0.00,0.00,0.00,0.00,0.00,-0.00,0.00,-55.17,-77345.17
,Total Facility,20-APR-05:11,82590.33,0.00,872317.22,0.00,0.00,0.00,2499.20,4169.09,10087.03,0.00,0.00,0.00,0.00,0.00,-4276.35,0.00,-2269.42,-965117.10


----------------------------------------------------------------------------------------------------
REPORT:,Standard 62.1 Summary
FOR:,Entire Facility
System Ventilation Requirements for Cooling

,,Sum of Zone Primary Air Flow - Vpz-sum [m3/s],System Population - Ps,Sum of Zone Population - Pz-sum,Occupant Diversity - D,Origin of D,Uncorrected Outdoor Air Intake Airflow - Vou [m3/s],System Primary Airflow - Vps [m3/s],Average Outdoor Air Fraction - Xs,System Ventilation Efficiency - Ev,Calculation Method for Ev,Outdoor Air Intake Flow - Vot [m3/s],Percent Outdoor Air - %OA,Environment Name of Peak System Population - Ps,Date and Time of Last Peak System Population - Ps
,PACU_VAV_BOT,830.3643,0.0000,0.0000,1.0000,Calculated from schedules,0.0000,830.3643,0.0000,1.0000,Not calculated,0.0000,0.0000,,
,PACU_VAV_MID,830.3643,0.0000,0.0000,1.0000,Calculated from schedules,0.0000,830.3643,0.0000,1.0000,Not calculated,0.0000,0.0000,,
,PACU_VAV_TOP,830.3643,0.0000,0.0000,1.0000,Calculated from schedules,0.0000,830.3643,0.0000,1.0000,Not calculated,0.0000,0.0000,,


System Ventilation Requirements for Heating

,,Sum of Zone Primary Air Flow - Vpz-sum [m3/s],System Population - Ps,Sum of Zone Population - Pz-sum,Occupant Diversity - D,Origin of D,Uncorrected Outdoor Air Intake Airflow - Vou [m3/s],System Primary Airflow - Vps [m3/s],Average Outdoor Air Fraction - Xs,System Ventilation Efficiency - Ev,Calculation Method for Ev,Outdoor Air Intake Flow Vot [m3/s],Percent Outdoor Air - %OA,Environment Name of Peak System Population - Ps,Date and Time of Last Peak System Population - Ps
,PACU_VAV_BOT,415.1822,0.0000,0.0000,1.0000,Calculated from schedules,0.0000,170.0824,0.0000,1.0000,Not calculated,0.0000,0.0000,,
,PACU_VAV_MID,415.1822,0.0000,0.0000,1.0000,Calculated from schedules,0.0000,202.6749,0.0000,1.0000,Not calculated,0.0000,0.0000,,
,PACU_VAV_TOP,415.1822,0.0000,0.0000,1.0000,Calculated from schedules,0.0000,191.9326,0.0000,1.0000,Not calculated,0.0000,0.0000,,


Zone Ventilation Parameters

,,AirLoop Name,People Outdoor Air Rate - Rp [m3/s-person],Zone Population - Pz,Area Outdoor Air Rate - Ra [m3/s-m2],Zone Floor Area - Az [m2],Breathing Zone Outdoor Airflow - Vbz [m3/s],Cooling Zone Air Distribution Effectiveness - Ez-clg,Cooling Zone Outdoor Airflow - Voz-clg [m3/s],Heating Zone Air Distribution Effectiveness - Ez-htg,Heating Zone Outdoor Airflow - Voz-htg [m3/s]
,CORE_BOTTOM,PACU_VAV_BOT,0.000000,49.1768,0.500000,983.54,0.0000,1.0000,0.0000,1.000,0.0000
,CORE_MID,PACU_VAV_MID,0.000000,49.1768,0.500000,983.54,0.0000,1.0000,0.0000,1.000,0.0000
,CORE_TOP,PACU_VAV_TOP,0.000000,49.1768,0.500000,983.54,0.0000,1.0000,0.0000,1.000,0.0000
,PERIMETER_TOP_ZN_3,PACU_VAV_TOP,0.000000,10.3669,0.500000,207.34,0.0000,1.0000,0.0000,1.000,0.0000
,PERIMETER_TOP_ZN_2,PACU_VAV_TOP,0.000000,6.5631,0.500000,131.26,0.0000,1.0000,0.0000,1.000,0.0000
,PERIMETER_TOP_ZN_1,PACU_VAV_TOP,0.000000,10.3669,0.500000,207.34,0.0000,1.0000,0.0000,1.000,0.0000
,PERIMETER_TOP_ZN_4,PACU_VAV_TOP,0.000000,6.5627,0.500000,131.25,0.0000,1.0000,0.0000,1.000,0.0000
,PERIMETER_BOT_ZN_3,PACU_VAV_BOT,0.000000,10.3669,0.500000,207.34,0.0000,1.0000,0.0000,1.000,0.0000
,PERIMETER_BOT_ZN_2,PACU_VAV_BOT,0.000000,6.5631,0.500000,131.26,0.0000,1.0000,0.0000,1.000,0.0000
,PERIMETER_BOT_ZN_1,PACU_VAV_BOT,0.000000,10.3669,0.500000,207.34,0.0000,1.0000,0.0000,1.000,0.0000
,PERIMETER_BOT_ZN_4,PACU_VAV_BOT,0.000000,6.5627,0.500000,131.25,0.0000,1.0000,0.0000,1.000,0.0000
,PERIMETER_MID_ZN_3,PACU_VAV_MID,0.000000,10.3669,0.500000,207.34,0.0000,1.0000,0.0000,1.000,0.0000
,PERIMETER_MID_ZN_2,PACU_VAV_MID,0.000000,6.5631,0.500000,131.26,0.0000,1.0000,0.0000,1.000,0.0000
,PERIMETER_MID_ZN_1,PACU_VAV_MID,0.000000,10.3669,0.500000,207.34,0.0000,1.0000,0.0000,1.000,0.0000
,PERIMETER_MID_ZN_4,PACU_VAV_MID,0.000000,6.5627,0.500000,131.25,0.0000,1.0000,0.0000,1.000,0.0000


System Ventilation Parameters

,,People Outdoor Air Rate - Rp [m3/s-person],Sum of Zone Population - Pz-sum,Area Outdoor Air Rate - Ra [m3/s-m2],Sum of Zone Floor Area - Az-sum [m2],Breathing Zone Outdoor Airflow - Vbz [m3/s],Cooling Zone Outdoor Airflow - Voz-clg [m3/s],Heating Zone Outdoor Airflow - Voz-htg [m3/s]
,PACU_VAV_BOT,,0.00,0.500000,1660.7286,0.0000,0.0000,0.0000
,PACU_VAV_MID,,0.00,0.500000,1660.7286,0.0000,0.0000,0.0000
,PACU_VAV_TOP,,0.00,0.500000,1660.7286,0.0000,0.0000,0.0000


Zone Ventilation Calculations for Cooling Design

,,AirLoop Name,Box Type,Zone Primary Airflow - Vpz [m3/s],Zone Discharge Airflow - Vdz [m3/s],Minimum Zone Primary Airflow - Vpz-min [m3/s],Is Vpz-min calculated using the Standard 62.1 Simplified Procedure?,Zone Outdoor Airflow Cooling - Voz-clg [m3/s],Primary Outdoor Air Fraction - Zpz,Primary Air Fraction - Ep,Secondary Recirculation Fraction- Er,Supply Air Fraction- Fa,Mixed Air Fraction - Fb,Outdoor Air Fraction - Fc,Zone Ventilation Efficiency - Evz
,CORE_BOTTOM,PACU_VAV_BOT,AIRTERMINAL:SINGLEDUCT:VAV:REHEAT,491.7683,491.7683,109.6643,No,0.0000,0.0000,0.0000,0.0000,0.0000,0.0000,0.0000,1.0000
,CORE_MID,PACU_VAV_MID,AIRTERMINAL:SINGLEDUCT:VAV:REHEAT,491.7683,491.7683,149.9893,No,0.0000,0.0000,0.0000,0.0000,0.0000,0.0000,0.0000,1.0000
,CORE_TOP,PACU_VAV_TOP,AIRTERMINAL:SINGLEDUCT:VAV:REHEAT,491.7683,491.7683,144.0881,No,0.0000,0.0000,0.0000,0.0000,0.0000,0.0000,0.0000,1.0000
,PERIMETER_TOP_ZN_3,PACU_VAV_TOP,AIRTERMINAL:SINGLEDUCT:VAV:REHEAT,103.6691,103.6691,20.4228,No,0.0000,0.0000,0.0000,0.0000,0.0000,0.0000,0.0000,1.0000
,PERIMETER_TOP_ZN_2,PACU_VAV_TOP,AIRTERMINAL:SINGLEDUCT:VAV:REHEAT,65.6311,65.6311,6.9569,No,0.0000,0.0000,0.0000,0.0000,0.0000,0.0000,0.0000,1.0000
,PERIMETER_TOP_ZN_1,PACU_VAV_TOP,AIRTERMINAL:SINGLEDUCT:VAV:REHEAT,103.6691,103.6691,14.0990,No,0.0000,0.0000,0.0000,0.0000,0.0000,0.0000,0.0000,1.0000
,PERIMETER_TOP_ZN_4,PACU_VAV_TOP,AIRTERMINAL:SINGLEDUCT:VAV:REHEAT,65.6268,65.6268,6.3658,No,0.0000,0.0000,0.0000,0.0000,0.0000,0.0000,0.0000,1.0000
,PERIMETER_BOT_ZN_3,PACU_VAV_BOT,AIRTERMINAL:SINGLEDUCT:VAV:REHEAT,103.6691,103.6691,26.1246,No,0.0000,0.0000,0.0000,0.0000,0.0000,0.0000,0.0000,1.0000
,PERIMETER_BOT_ZN_2,PACU_VAV_BOT,AIRTERMINAL:SINGLEDUCT:VAV:REHEAT,65.6311,65.6311,8.5320,No,0.0000,0.0000,0.0000,0.0000,0.0000,0.0000,0.0000,1.0000
,PERIMETER_BOT_ZN_1,PACU_VAV_BOT,AIRTERMINAL:SINGLEDUCT:VAV:REHEAT,103.6691,103.6691,17.6237,No,0.0000,0.0000,0.0000,0.0000,0.0000,0.0000,0.0000,1.0000
,PERIMETER_BOT_ZN_4,PACU_VAV_BOT,AIRTERMINAL:SINGLEDUCT:VAV:REHEAT,65.6268,65.6268,8.1377,No,0.0000,0.0000,0.0000,0.0000,0.0000,0.0000,0.0000,1.0000
,PERIMETER_MID_ZN_3,PACU_VAV_MID,AIRTERMINAL:SINGLEDUCT:VAV:REHEAT,103.6691,103.6691,23.3255,No,0.0000,0.0000,0.0000,0.0000,0.0000,0.0000,0.0000,1.0000
,PERIMETER_MID_ZN_2,PACU_VAV_MID,AIRTERMINAL:SINGLEDUCT:VAV:REHEAT,65.6311,65.6311,7.0882,No,0.0000,0.0000,0.0000,0.0000,0.0000,0.0000,0.0000,1.0000
,PERIMETER_MID_ZN_1,PACU_VAV_MID,AIRTERMINAL:SINGLEDUCT:VAV:REHEAT,103.6691,103.6691,15.4467,No,0.0000,0.0000,0.0000,0.0000,0.0000,0.0000,0.0000,1.0000
,PERIMETER_MID_ZN_4,PACU_VAV_MID,AIRTERMINAL:SINGLEDUCT:VAV:REHEAT,65.6268,65.6268,6.8252,No,0.0000,0.0000,0.0000,0.0000,0.0000,0.0000,0.0000,1.0000


System Ventilation Calculations for Cooling Design

,,Sum of Zone Primary Airflow - Vpz-sum [m3/s],System Primary Airflow - Vps [m3/s],Sum of Zone Discharge Airflow - Vdz-sum [m3/s],Sum of Min Zone Primary Airflow - Vpz-min [m3/s],Zone Outdoor Airflow Cooling - Voz-clg [m3/s],Zone Ventilation Efficiency - Evz-min
,PACU_VAV_BOT,830.3643,830.3643,830.3643,170.0824,0.0000,1.0000
,PACU_VAV_MID,830.3643,830.3643,830.3643,202.6749,0.0000,1.0000
,PACU_VAV_TOP,830.3643,830.3643,830.3643,191.9326,0.0000,1.0000


Zone Ventilation Calculations for Heating Design

,,AirLoop Name,Box Type,Zone Primary Airflow - Vpz [m3/s],Zone Discharge Airflow - Vdz [m3/s],Minimum Zone Primary Airflow - Vpz-min [m3/s],Is Vpz-min calculated using the Standard 62.1 Simplified Procedure?,Zone Outdoor Airflow Heating - Voz-htg [m3/s],Primary Outdoor Air Fraction - Zpz,Primary Air Fraction - Ep,Secondary Recirculation Fraction- Er,Supply Air Fraction- Fa,Mixed Air Fraction - Fb,Outdoor Air Fraction - Fc,Zone Ventilation Efficiency - Evz
,CORE_BOTTOM,PACU_VAV_BOT,AIRTERMINAL:SINGLEDUCT:VAV:REHEAT,245.8841,245.8841,109.6643,No,0.0000,0.0000,0.0000,0.0000,0.0000,0.0000,0.0000,1.0000
,CORE_MID,PACU_VAV_MID,AIRTERMINAL:SINGLEDUCT:VAV:REHEAT,245.8841,245.8841,149.9893,No,0.0000,0.0000,0.0000,0.0000,0.0000,0.0000,0.0000,1.0000
,CORE_TOP,PACU_VAV_TOP,AIRTERMINAL:SINGLEDUCT:VAV:REHEAT,245.8841,245.8841,144.0881,No,0.0000,0.0000,0.0000,0.0000,0.0000,0.0000,0.0000,1.0000
,PERIMETER_TOP_ZN_3,PACU_VAV_TOP,AIRTERMINAL:SINGLEDUCT:VAV:REHEAT,51.8345,51.8345,20.4228,No,0.0000,0.0000,0.0000,0.0000,0.0000,0.0000,0.0000,1.0000
,PERIMETER_TOP_ZN_2,PACU_VAV_TOP,AIRTERMINAL:SINGLEDUCT:VAV:REHEAT,32.8155,32.8155,6.9569,No,0.0000,0.0000,0.0000,0.0000,0.0000,0.0000,0.0000,1.0000
,PERIMETER_TOP_ZN_1,PACU_VAV_TOP,AIRTERMINAL:SINGLEDUCT:VAV:REHEAT,51.8345,51.8345,14.0990,No,0.0000,0.0000,0.0000,0.0000,0.0000,0.0000,0.0000,1.0000
,PERIMETER_TOP_ZN_4,PACU_VAV_TOP,AIRTERMINAL:SINGLEDUCT:VAV:REHEAT,32.8134,32.8134,6.3658,No,0.0000,0.0000,0.0000,0.0000,0.0000,0.0000,0.0000,1.0000
,PERIMETER_BOT_ZN_3,PACU_VAV_BOT,AIRTERMINAL:SINGLEDUCT:VAV:REHEAT,51.8345,51.8345,26.1246,No,0.0000,0.0000,0.0000,0.0000,0.0000,0.0000,0.0000,1.0000
,PERIMETER_BOT_ZN_2,PACU_VAV_BOT,AIRTERMINAL:SINGLEDUCT:VAV:REHEAT,32.8155,32.8155,8.5320,No,0.0000,0.0000,0.0000,0.0000,0.0000,0.0000,0.0000,1.0000
,PERIMETER_BOT_ZN_1,PACU_VAV_BOT,AIRTERMINAL:SINGLEDUCT:VAV:REHEAT,51.8345,51.8345,17.6237,No,0.0000,0.0000,0.0000,0.0000,0.0000,0.0000,0.0000,1.0000
,PERIMETER_BOT_ZN_4,PACU_VAV_BOT,AIRTERMINAL:SINGLEDUCT:VAV:REHEAT,32.8134,32.8134,8.1377,No,0.0000,0.0000,0.0000,0.0000,0.0000,0.0000,0.0000,1.0000
,PERIMETER_MID_ZN_3,PACU_VAV_MID,AIRTERMINAL:SINGLEDUCT:VAV:REHEAT,51.8345,51.8345,23.3255,No,0.0000,0.0000,0.0000,0.0000,0.0000,0.0000,0.0000,1.0000
,PERIMETER_MID_ZN_2,PACU_VAV_MID,AIRTERMINAL:SINGLEDUCT:VAV:REHEAT,32.8155,32.8155,7.0882,No,0.0000,0.0000,0.0000,0.0000,0.0000,0.0000,0.0000,1.0000
,PERIMETER_MID_ZN_1,PACU_VAV_MID,AIRTERMINAL:SINGLEDUCT:VAV:REHEAT,51.8345,51.8345,15.4467,No,0.0000,0.0000,0.0000,0.0000,0.0000,0.0000,0.0000,1.0000
,PERIMETER_MID_ZN_4,PACU_VAV_MID,AIRTERMINAL:SINGLEDUCT:VAV:REHEAT,32.8134,32.8134,6.8252,No,0.0000,0.0000,0.0000,0.0000,0.0000,0.0000,0.0000,1.0000


System Ventilation Calculations for Heating Design

,,Sum of Zone Primary Airflow - Vpz-sum [m3/s],System Primary Airflow - Vps [m3/s],Sum of Zone Discharge Airflow - Vdz-sum [m3/s],Sum of Min Zone Primary Airflow - Vpz-min [m3/s],Zone Outdoor Airflow Heating - Voz-htg [m3/s],Zone Ventilation Efficiency - Evz-min
,PACU_VAV_BOT,415.1822,170.0824,170.0824,170.0824,0.0000,1.0000
,PACU_VAV_MID,415.1822,202.6749,202.6749,202.6749,0.0000,1.0000
,PACU_VAV_TOP,415.1822,191.9326,191.9326,191.9326,0.0000,1.0000


----------------------------------------------------------------------------------------------------
REPORT:,LEED Summary
FOR:,Entire Facility
Sec1.1A-General Information

,,Data
,Weather File,RUNPERIOD 1 ** BUFFALO NY USA TMY2-14733 WMO#=725280
,Total gross floor area [m2],4982.19
,Principal Heating Source,Electricity


EAp2-1. Space Usage Type

,,Space Area [m2],Regularly Occupied Area [m2],Unconditioned Area [m2],Typical Hours/Week in Operation [hr/wk]
,CORE_BOTTOM,983.54,983.54,0.00,113.98
,CORE_MID,983.54,983.54,0.00,113.98
,CORE_TOP,983.54,983.54,0.00,113.98
,PERIMETER_TOP_ZN_3,207.34,207.34,0.00,113.98
,PERIMETER_TOP_ZN_2,131.26,131.26,0.00,113.98
,PERIMETER_TOP_ZN_1,207.34,207.34,0.00,113.98
,PERIMETER_TOP_ZN_4,131.25,131.25,0.00,113.98
,PERIMETER_BOT_ZN_3,207.34,207.34,0.00,113.98
,PERIMETER_BOT_ZN_2,131.26,131.26,0.00,113.98
,PERIMETER_BOT_ZN_1,207.34,207.34,0.00,113.98
,PERIMETER_BOT_ZN_4,131.25,131.25,0.00,113.98
,PERIMETER_MID_ZN_3,207.34,207.34,0.00,113.98
,PERIMETER_MID_ZN_2,131.26,131.26,0.00,96.54
,PERIMETER_MID_ZN_1,207.34,207.34,0.00,113.98
,PERIMETER_MID_ZN_4,131.25,131.25,0.00,113.98
,TOPFLOOR_PLENUM,1660.73,1660.73,0.00,0.00
,MIDFLOOR_PLENUM,1660.73,1660.73,0.00,0.00
,FIRSTFLOOR_PLENUM,1660.73,1660.73,0.00,0.00
,Totals,4982.19,4982.19,0.00,


EAp2-2. Advisory Messages

,,Data
,Number of hours heating loads not met,315.50
,Number of hours cooling loads not met,14.33
,Number of hours not met,329.83


EAp2-3. Energy Type Summary

,,Utility Rate,Virtual Rate [$/unit energy],Units of Energy,Units of Demand
,None,,,,


EAp2-4/5. Performance Rating Method Compliance

,,Electricity Energy Use [GJ],Electricity Demand [W],Natural Gas Energy Use [GJ],Natural Gas Demand [W],Gasoline Use [GJ],Gasoline Demand [W],Diesel Use [GJ],Diesel Demand [W],Coal Use [GJ],Coal Demand [W],Fuel Oil No 1 Use [GJ],Fuel Oil No 1 Demand [W],Fuel Oil No 2 Use [GJ],Fuel Oil No 2 Demand [W],Propane Use [GJ],Propane Demand [W],Other Fuel 1 Use [GJ],Other Fuel 1 Demand [W],Other Fuel 2 Use [GJ],Other Fuel 2 Demand [W],District Cooling Use [GJ],District Cooling Demand [W],District Heating Use [GJ],District Heating Demand [W]
,Heating -- General,77920.11,9632829.88,1041.72,14016295.88,0.00,0.00,0.00,0.00,0.00,0.00,0.00,0.00,0.00,0.00,0.00,0.00,0.00,0.00,0.00,0.00,0.00,0.00,0.00,0.00
,Cooling -- General,18243.65,2653314.73,0.00,0.00,0.00,0.00,0.00,0.00,0.00,0.00,0.00,0.00,0.00,0.00,0.00,0.00,0.00,0.00,0.00,0.00,0.00,0.00,0.00,0.00
,Interior Lighting -- LightsWired,342.79,37522.83,0.00,0.00,0.00,0.00,0.00,0.00,0.00,0.00,0.00,0.00,0.00,0.00,0.00,0.00,0.00,0.00,0.00,0.00,0.00,0.00,0.00,0.00
,Exterior Lighting -- General,51.25,5686.19,0.00,0.00,0.00,0.00,0.00,0.00,0.00,0.00,0.00,0.00,0.00,0.00,0.00,0.00,0.00,0.00,0.00,0.00,0.00,0.00,0.00,0.00
,Interior Equipment -- MiscPlug,362.26,21368.05,0.00,0.00,0.00,0.00,0.00,0.00,0.00,0.00,0.00,0.00,0.00,0.00,0.00,0.00,0.00,0.00,0.00,0.00,0.00,0.00,0.00,0.00
,Interior Equipment -- ElevatorLift,36.09,3393.20,0.00,0.00,0.00,0.00,0.00,0.00,0.00,0.00,0.00,0.00,0.00,0.00,0.00,0.00,0.00,0.00,0.00,0.00,0.00,0.00,0.00,0.00
,Interior Equipment -- ElevatorLightsFan,25.23,3393.20,0.00,0.00,0.00,0.00,0.00,0.00,0.00,0.00,0.00,0.00,0.00,0.00,0.00,0.00,0.00,0.00,0.00,0.00,0.00,0.00,0.00,0.00
,Exterior Equipment -- Transformer,7.37,476.82,0.00,0.00,0.00,0.00,0.00,0.00,0.00,0.00,0.00,0.00,0.00,0.00,0.00,0.00,0.00,0.00,0.00,0.00,0.00,0.00,0.00,0.00
,Fans -- General,9045.02,412183.16,0.00,0.00,0.00,0.00,0.00,0.00,0.00,0.00,0.00,0.00,0.00,0.00,0.00,0.00,0.00,0.00,0.00,0.00,0.00,0.00,0.00,0.00
,Pumps -- General,0.15,6.85,0.00,0.00,0.00,0.00,0.00,0.00,0.00,0.00,0.00,0.00,0.00,0.00,0.00,0.00,0.00,0.00,0.00,0.00,0.00,0.00,0.00,0.00
,Heat Rejection -- Not Subdivided,0.00,0.00,0.00,0.00,0.00,0.00,0.00,0.00,0.00,0.00,0.00,0.00,0.00,0.00,0.00,0.00,0.00,0.00,0.00,0.00,0.00,0.00,0.00,0.00
,Humidification -- Not Subdivided,0.00,0.00,0.00,0.00,0.00,0.00,0.00,0.00,0.00,0.00,0.00,0.00,0.00,0.00,0.00,0.00,0.00,0.00,0.00,0.00,0.00,0.00,0.00,0.00
,Heat Recovery -- Not Subdivided,0.00,0.00,0.00,0.00,0.00,0.00,0.00,0.00,0.00,0.00,0.00,0.00,0.00,0.00,0.00,0.00,0.00,0.00,0.00,0.00,0.00,0.00,0.00,0.00
,Water Systems -- General,0.00,0.00,0.00,0.00,0.00,0.00,0.00,0.00,0.00,0.00,0.00,0.00,0.00,0.00,0.00,0.00,0.00,0.00,0.00,0.00,0.00,0.00,0.00,0.00
,Water Systems -- WaterUse,0.00,0.00,0.00,0.00,0.00,0.00,0.00,0.00,0.00,0.00,0.00,0.00,0.00,0.00,0.00,0.00,0.00,0.00,0.00,0.00,0.00,0.00,0.00,0.00
,Water Systems -- Water Heater,0.00,0.00,136.03,11225.40,0.00,0.00,0.00,0.00,0.00,0.00,0.00,0.00,0.00,0.00,0.00,0.00,0.00,0.00,0.00,0.00,0.00,0.00,0.00,0.00
,Refrigeration -- Not Subdivided,0.00,0.00,0.00,0.00,0.00,0.00,0.00,0.00,0.00,0.00,0.00,0.00,0.00,0.00,0.00,0.00,0.00,0.00,0.00,0.00,0.00,0.00,0.00,0.00
,Generators -- General,0.00,0.00,0.00,0.00,0.00,0.00,0.00,0.00,0.00,0.00,0.00,0.00,0.00,0.00,0.00,0.00,0.00,0.00,0.00,0.00,0.00,0.00,0.00,0.00


EAp2-6. Energy Use Summary

,,Process Subtotal [GJ],Total Energy Use [GJ]
,Electricity,423.59,106033.93
,Natural Gas,0.00,1177.75
,Additional,0.00,0.00
,Total,423.59,107211.68


EAp2-7. Energy Cost Summary

,,Process Subtotal [$],Total Energy Cost [$]
,Electricity,0.00,
,Natural Gas,0.00,
,Additional,0.00,
,Total,0.00,
Process energy cost based on ratio of process to total energy.


L-1. Renewable Energy Source Summary

,,Rated Capacity [kW],Annual Energy Generated [GJ]
,Photovoltaic,0.00,0.00
,Wind,0.00,0.00


EAp2-17a. Energy Use Intensity - Electricity

,,Electricty [MJ/m2]
,Interior Lighting (All),68.80
,Space Heating,15639.74
,Space Cooling,3661.78
,Fans (All),1815.47
,Service Water Heating,0.00
,Receptacle Equipment,85.02
,Miscellaneous (All),21282.61
,Subtotal,21282.61


EAp2-17b. Energy Use Intensity - Natural Gas

,,Natural Gas [MJ/m2]
,Space Heating,209.09
,Service Water Heating,27.30
,Miscellaneous (All),236.39
,Subtotal,236.39


EAp2-17c. Energy Use Intensity - Additional

,,Additional [MJ/m2]
,Subtotal,0.00
,Miscellaneous,0.00


EAp2-18. End Use Percentage

,,Percent [%]
,Interior Lighting (All),0.32
,Space Heating,73.65
,Space Cooling,17.02
,Fans (All),8.44
,Service Water Heating,0.13
,Receptacle Equipment,0.40
,Miscellaneous,0.05


Schedules-Equivalent Full Load Hours (Schedule Type=Fraction)

,,Equivalent Full Load Hours of Operation Per Year [hr],Hours > 1% [hr]
,EXTERIOR_LIGHTING_SCHEDULE_A,6570.,6570.
,EXTERIOR_LIGHTING_SCHEDULE_B,8103.,8760.
,EXTERIOR_LIGHTING_SCHEDULE_A_IECC2015,4472.,4472.
,EXTERIOR_LIGHTING_SCHEDULE_B_2016,7665.,8760.
,EXTERIOR_LIGHTING_SCHEDULE_C_2016,6752.,8760.
,ALWAYS_ON,8760.,8760.
,EXTERIOR_LGT_ALWAYS_ON,8760.,8760.
,EXTERIOR_LGT_189_1,6828.,8760.
,ALWAYS_OFF,0.,0.
,LTG_SCH_OFFICE,2460.,8760.
,BLDG_EQUIP_SCH,4095.,8760.
,BLDG_OCC_SCH,2528.,5992.
,BLDG_OCC_SCH_W_SB,1878.,5056.
,BLDG_OCC_SCH_WO_SB,2545.,5992.
,BLDG_ELEVATORS,2070.,8760.
,ELEV_LIGHT_FAN_SCH_24_7,8760.,8760.
,ELEV_LIGHT_FAN_SCH_ADD_DF,1470.,4212.
,BLDG_SWH_SCH,1441.,5992.
,WORK_EFF_SCH,0.,0.
,FAN_SCH,8760.,8760.
,REHEATCOILAVAILSCHED,8760.,8760.
,COOLINGCOILAVAILSCHED,8760.,8760.
,MINOA_MOTORIZEDDAMPER_SCHED,4472.,4472.
,MINOA_SCHED,8760.,8760.
,CORE_BOTTOM SUB CAT LATENT FRACT SCHED,438.,8760.
,CORE_BOTTOM SUB CAT SENSIBLE FRACT SCHED,1752.,8760.
,CORE_MID SUB CAT LATENT FRACT SCHED,438.,8760.
,CORE_MID SUB CAT SENSIBLE FRACT SCHED,1752.,8760.
,CORE_TOP SUB CAT LATENT FRACT SCHED,438.,8760.
,CORE_TOP SUB CAT SENSIBLE FRACT SCHED,1752.,8760.
,PERIMETER_TOP_ZN_3 SUB CAT LATENT FRACT SCHED,438.,8760.
,PERIMETER_TOP_ZN_3 SUB CAT SENSIBLE FRACT SCHED,1752.,8760.
,PERIMETER_TOP_ZN_2 SUB CAT LATENT FRACT SCHED,438.,8760.
,PERIMETER_TOP_ZN_2 SUB CAT SENSIBLE FRACT SCHED,1752.,8760.
,PERIMETER_TOP_ZN_1 SUB CAT LATENT FRACT SCHED,438.,8760.
,PERIMETER_TOP_ZN_1 SUB CAT SENSIBLE FRACT SCHED,1752.,8760.
,PERIMETER_TOP_ZN_4 SUB CAT LATENT FRACT SCHED,438.,8760.
,PERIMETER_TOP_ZN_4 SUB CAT SENSIBLE FRACT SCHED,1752.,8760.
,PERIMETER_BOT_ZN_3 SUB CAT LATENT FRACT SCHED,438.,8760.
,PERIMETER_BOT_ZN_3 SUB CAT SENSIBLE FRACT SCHED,1752.,8760.
,PERIMETER_BOT_ZN_2 SUB CAT LATENT FRACT SCHED,438.,8760.
,PERIMETER_BOT_ZN_2 SUB CAT SENSIBLE FRACT SCHED,1752.,8760.
,PERIMETER_BOT_ZN_1 SUB CAT LATENT FRACT SCHED,438.,8760.
,PERIMETER_BOT_ZN_1 SUB CAT SENSIBLE FRACT SCHED,1752.,8760.
,PERIMETER_BOT_ZN_4 SUB CAT LATENT FRACT SCHED,438.,8760.
,PERIMETER_BOT_ZN_4 SUB CAT SENSIBLE FRACT SCHED,1752.,8760.
,PERIMETER_MID_ZN_3 SUB CAT LATENT FRACT SCHED,438.,8760.
,PERIMETER_MID_ZN_3 SUB CAT SENSIBLE FRACT SCHED,1752.,8760.
,PERIMETER_MID_ZN_2 SUB CAT LATENT FRACT SCHED,438.,8760.
,PERIMETER_MID_ZN_2 SUB CAT SENSIBLE FRACT SCHED,1752.,8760.
,PERIMETER_MID_ZN_1 SUB CAT LATENT FRACT SCHED,438.,8760.
,PERIMETER_MID_ZN_1 SUB CAT SENSIBLE FRACT SCHED,1752.,8760.
,PERIMETER_MID_ZN_4 SUB CAT LATENT FRACT SCHED,438.,8760.
,PERIMETER_MID_ZN_4 SUB CAT SENSIBLE FRACT SCHED,1752.,8760.
,INFIL_SCH_PNNL,5172.,8760.
,INFIL_DOOR_OPENING_SCH,1121.,3380.
,PERIMETER_MID_ZN_2_OA_MULT,7824.,7824.
,PERIMETER_MID_ZN_2_MDP_SCH,854.,8760.


Schedules-SetPoints (Schedule Type=Temperature)

,,First Object Used,Month Assumed,11am First Wednesday [C],Days with Same 11am Value,11pm First Wednesday [C],Days with Same 11pm Value
,HTGSETP_SCH_YES_OPTIMUM,CORE_BOTTOM DUAL SP CONTROL,January,21.00,365,21.00,365
,CLGSETP_SCH_YES_OPTIMUM,CORE_BOTTOM DUAL SP CONTROL,July,24.00,365,24.00,365
,HTGSETP_SCH_YES_OPTIMUM_W_SB,PERIMETER_MID_ZN_2 DUAL SP CONTROL,January,21.00,365,21.00,365
,CLGSETP_SCH_YES_OPTIMUM_W_SB,PERIMETER_MID_ZN_2 DUAL SP CONTROL,July,24.00,365,24.00,365


----------------------------------------------------------------------------------------------------
REPORT:,Annual Thermal Resilience Summary
FOR:,Entire Facility
Heat Index Hours

,,Safe (≤ 26.7°C) [hr],Caution (> 26.7, ≤ 32.2°C) [hr],Extreme Caution (> 32.2, ≤ 39.4°C) [hr],Danger (> 39.4, ≤ 51.7°C) [hr],Extreme Danger (> 51.7°C) [hr]
,CORE_BOTTOM,8760.00,0.00,0.00,0.00,0.00
,CORE_MID,8760.00,0.00,0.00,0.00,0.00
,CORE_TOP,8760.00,0.00,0.00,0.00,0.00
,PERIMETER_TOP_ZN_3,8760.00,0.00,0.00,0.00,0.00
,PERIMETER_TOP_ZN_2,8760.00,0.00,0.00,0.00,0.00
,PERIMETER_TOP_ZN_1,8760.00,0.00,0.00,0.00,0.00
,PERIMETER_TOP_ZN_4,8760.00,0.00,0.00,0.00,0.00
,PERIMETER_BOT_ZN_3,8760.00,0.00,0.00,0.00,0.00
,PERIMETER_BOT_ZN_2,8760.00,0.00,0.00,0.00,0.00
,PERIMETER_BOT_ZN_1,8760.00,0.00,0.00,0.00,0.00
,PERIMETER_BOT_ZN_4,8760.00,0.00,0.00,0.00,0.00
,PERIMETER_MID_ZN_3,8760.00,0.00,0.00,0.00,0.00
,PERIMETER_MID_ZN_2,8760.00,0.00,0.00,0.00,0.00
,PERIMETER_MID_ZN_1,8760.00,0.00,0.00,0.00,0.00
,PERIMETER_MID_ZN_4,8760.00,0.00,0.00,0.00,0.00
,TOPFLOOR_PLENUM,8760.00,0.00,0.00,0.00,0.00
,MIDFLOOR_PLENUM,8760.00,0.00,0.00,0.00,0.00
,FIRSTFLOOR_PLENUM,8760.00,0.00,0.00,0.00,0.00
,Min,8760.00,0.00,0.00,0.00,0.00
,Max,8760.00,0.00,0.00,0.00,0.00
,Average,8760.00,0.00,0.00,0.00,0.00
,Sum,157680.00,0.00,0.00,0.00,0.00


Heat Index OccupantHours

,,Safe (≤ 26.7°C) [hr],Caution (> 26.7, ≤ 32.2°C) [hr],Extreme Caution (> 32.2, ≤ 39.4°C) [hr],Danger (> 39.4, ≤ 51.7°C) [hr],Extreme Danger (> 51.7°C) [hr]
,CORE_BOTTOM,117513.00,0.00,0.00,0.00,0.00
,CORE_MID,117513.00,0.00,0.00,0.00,0.00
,CORE_TOP,117513.00,0.00,0.00,0.00,0.00
,PERIMETER_TOP_ZN_3,23397.00,0.00,0.00,0.00,0.00
,PERIMETER_TOP_ZN_2,13611.00,0.00,0.00,0.00,0.00
,PERIMETER_TOP_ZN_1,23397.00,0.00,0.00,0.00,0.00
,PERIMETER_TOP_ZN_4,13611.00,0.00,0.00,0.00,0.00
,PERIMETER_BOT_ZN_3,23397.00,0.00,0.00,0.00,0.00
,PERIMETER_BOT_ZN_2,13611.00,0.00,0.00,0.00,0.00
,PERIMETER_BOT_ZN_1,23397.00,0.00,0.00,0.00,0.00
,PERIMETER_BOT_ZN_4,13611.00,0.00,0.00,0.00,0.00
,PERIMETER_MID_ZN_3,23397.00,0.00,0.00,0.00,0.00
,PERIMETER_MID_ZN_2,9729.00,0.00,0.00,0.00,0.00
,PERIMETER_MID_ZN_1,23397.00,0.00,0.00,0.00,0.00
,PERIMETER_MID_ZN_4,13611.00,0.00,0.00,0.00,0.00
,TOPFLOOR_PLENUM,0.00,0.00,0.00,0.00,0.00
,MIDFLOOR_PLENUM,0.00,0.00,0.00,0.00,0.00
,FIRSTFLOOR_PLENUM,0.00,0.00,0.00,0.00,0.00
,Min,0.00,0.00,0.00,0.00,0.00
,Max,117513.00,0.00,0.00,0.00,0.00
,Average,31705.83,0.00,0.00,0.00,0.00
,Sum,570705.00,0.00,0.00,0.00,0.00


Humidex Hours

,,Little to no Discomfort (≤ 29) [hr],Some Discomfort (> 29, ≤ 40) [hr],Great Discomfort; Avoid Exertion (> 40, ≤ 45) [hr],Dangerous (> 45, ≤ 50) [hr],Heat Stroke Quite Possible (> 50) [hr]
,CORE_BOTTOM,8760.00,0.00,0.00,0.00,0.00
,CORE_MID,8760.00,0.00,0.00,0.00,0.00
,CORE_TOP,8760.00,0.00,0.00,0.00,0.00
,PERIMETER_TOP_ZN_3,8746.83,13.17,0.00,0.00,0.00
,PERIMETER_TOP_ZN_2,8743.83,16.17,0.00,0.00,0.00
,PERIMETER_TOP_ZN_1,8746.17,13.83,0.00,0.00,0.00
,PERIMETER_TOP_ZN_4,8740.00,20.00,0.00,0.00,0.00
,PERIMETER_BOT_ZN_3,8759.83,0.17,0.00,0.00,0.00
,PERIMETER_BOT_ZN_2,8757.83,2.17,0.00,0.00,0.00
,PERIMETER_BOT_ZN_1,8759.50,0.50,0.00,0.00,0.00
,PERIMETER_BOT_ZN_4,8756.50,3.50,0.00,0.00,0.00
,PERIMETER_MID_ZN_3,8752.17,7.83,0.00,0.00,0.00
,PERIMETER_MID_ZN_2,8749.83,10.17,0.00,0.00,0.00
,PERIMETER_MID_ZN_1,8751.83,8.17,0.00,0.00,0.00
,PERIMETER_MID_ZN_4,8746.83,13.17,0.00,0.00,0.00
,TOPFLOOR_PLENUM,8760.00,0.00,0.00,0.00,0.00
,MIDFLOOR_PLENUM,8760.00,0.00,0.00,0.00,0.00
,FIRSTFLOOR_PLENUM,8760.00,0.00,0.00,0.00,0.00
,Min,8740.00,0.00,0.00,0.00,0.00
,Max,8760.00,20.00,0.00,0.00,0.00
,Average,8753.95,6.05,0.00,0.00,0.00
,Sum,157571.17,108.83,0.00,0.00,0.00


Humidex OccupantHours

,,Little to no Discomfort (≤ 29) [hr],Some Discomfort (> 29, ≤ 40) [hr],Great Discomfort; Avoid Exertion (> 40, ≤ 45) [hr],Dangerous (> 45, ≤ 50) [hr],Heat Stroke Quite Possible (> 50) [hr]
,CORE_BOTTOM,117513.00,0.00,0.00,0.00,0.00
,CORE_MID,117513.00,0.00,0.00,0.00,0.00
,CORE_TOP,117513.00,0.00,0.00,0.00,0.00
,PERIMETER_TOP_ZN_3,23397.00,0.00,0.00,0.00,0.00
,PERIMETER_TOP_ZN_2,13611.00,0.00,0.00,0.00,0.00
,PERIMETER_TOP_ZN_1,23397.00,0.00,0.00,0.00,0.00
,PERIMETER_TOP_ZN_4,13611.00,0.00,0.00,0.00,0.00
,PERIMETER_BOT_ZN_3,23397.00,0.00,0.00,0.00,0.00
,PERIMETER_BOT_ZN_2,13611.00,0.00,0.00,0.00,0.00
,PERIMETER_BOT_ZN_1,23397.00,0.00,0.00,0.00,0.00
,PERIMETER_BOT_ZN_4,13611.00,0.00,0.00,0.00,0.00
,PERIMETER_MID_ZN_3,23397.00,0.00,0.00,0.00,0.00
,PERIMETER_MID_ZN_2,9729.00,0.00,0.00,0.00,0.00
,PERIMETER_MID_ZN_1,23397.00,0.00,0.00,0.00,0.00
,PERIMETER_MID_ZN_4,13611.00,0.00,0.00,0.00,0.00
,TOPFLOOR_PLENUM,0.00,0.00,0.00,0.00,0.00
,MIDFLOOR_PLENUM,0.00,0.00,0.00,0.00,0.00
,FIRSTFLOOR_PLENUM,0.00,0.00,0.00,0.00,0.00
,Min,0.00,0.00,0.00,0.00,0.00
,Max,117513.00,0.00,0.00,0.00,0.00
,Average,31705.83,0.00,0.00,0.00,0.00
,Sum,570705.00,0.00,0.00,0.00,0.00


Heating SET Hours

,,SET ≤ 12.2°C Hours (°C),SET ≤ 12.2°C OccupantHours (°C),Longest SET ≤ 12.2°C Duration [hr],Start Time of the Longest SET ≤ 12.2°C Duration
,None,,,,


Cooling SET Hours

,,SET > 30°C Hours (°C),SET > 30°C OccupantHours (°C),Longest SET > 30°C Duration [hr],Start Time of the Longest SET > 30°C Duration
,None,,,,


----------------------------------------------------------------------------------------------------
REPORT:,Annual CO2 Resilience Summary
FOR:,Entire Facility
CO2 Level Hours

,,Safe (<= 1000 ppm) [hr],Caution (> 1000, <= 5000 ppm) [hr],Hazard (> 5000 ppm) [hr]
,None,,,


CO2 Level OccupantHours

,,Safe (<= 1000 ppm) [hr],Caution (> 1000, <= 5000 ppm) [hr],Hazard (> 5000 ppm) [hr]
,None,,,


----------------------------------------------------------------------------------------------------
REPORT:,Annual Visual Resilience Summary
FOR:,Entire Facility
Illuminance Level Hours

,,A Bit Dark (<= 100 lux) [hr],Dim (> 100, <= 300 lux) [hr],Adequate (> 300, <= 500 lux) [hr],Bright (>500 lux) [hr]
,CORE_BOTTOM,0.00,0.00,0.00,0.00
,CORE_MID,0.00,0.00,0.00,0.00
,CORE_TOP,0.00,0.00,0.00,0.00
,PERIMETER_TOP_ZN_3,0.00,0.00,8760.00,0.00
,PERIMETER_TOP_ZN_2,0.00,0.00,8760.00,0.00
,PERIMETER_TOP_ZN_1,0.00,0.00,8760.00,0.00
,PERIMETER_TOP_ZN_4,0.00,0.00,8760.00,0.00
,PERIMETER_BOT_ZN_3,0.00,0.00,8760.00,0.00
,PERIMETER_BOT_ZN_2,0.00,0.00,8760.00,0.00
,PERIMETER_BOT_ZN_1,0.00,0.00,8760.00,0.00
,PERIMETER_BOT_ZN_4,0.00,0.00,8760.00,0.00
,PERIMETER_MID_ZN_3,0.00,0.00,8760.00,0.00
,PERIMETER_MID_ZN_2,0.00,0.00,8760.00,0.00
,PERIMETER_MID_ZN_1,0.00,0.00,8760.00,0.00
,PERIMETER_MID_ZN_4,0.00,0.00,8760.00,0.00
,TOPFLOOR_PLENUM,0.00,0.00,0.00,0.00
,MIDFLOOR_PLENUM,0.00,0.00,0.00,0.00
,FIRSTFLOOR_PLENUM,0.00,0.00,0.00,0.00
,Min,0.00,0.00,0.00,0.00
,Max,0.00,0.00,8760.00,0.00
,Average,0.00,0.00,5840.00,0.00
,Sum,0.00,0.00,105120.00,0.00


Illuminance Level OccupantHours

,,A Bit Dark (<= 100 lux) [hr],Dim (> 100, <= 300 lux) [hr],Adequate (> 300, <= 500 lux) [hr],Bright (>500 lux) [hr]
,CORE_BOTTOM,0.00,0.00,0.00,0.00
,CORE_MID,0.00,0.00,0.00,0.00
,CORE_TOP,0.00,0.00,0.00,0.00
,PERIMETER_TOP_ZN_3,0.00,0.00,23397.00,0.00
,PERIMETER_TOP_ZN_2,0.00,0.00,13611.00,0.00
,PERIMETER_TOP_ZN_1,0.00,0.00,23397.00,0.00
,PERIMETER_TOP_ZN_4,0.00,0.00,13611.00,0.00
,PERIMETER_BOT_ZN_3,0.00,0.00,23397.00,0.00
,PERIMETER_BOT_ZN_2,0.00,0.00,13611.00,0.00
,PERIMETER_BOT_ZN_1,0.00,0.00,23397.00,0.00
,PERIMETER_BOT_ZN_4,0.00,0.00,13611.00,0.00
,PERIMETER_MID_ZN_3,0.00,0.00,23397.00,0.00
,PERIMETER_MID_ZN_2,0.00,0.00,9729.00,0.00
,PERIMETER_MID_ZN_1,0.00,0.00,23397.00,0.00
,PERIMETER_MID_ZN_4,0.00,0.00,13611.00,0.00
,TOPFLOOR_PLENUM,0.00,0.00,0.00,0.00
,MIDFLOOR_PLENUM,0.00,0.00,0.00,0.00
,FIRSTFLOOR_PLENUM,0.00,0.00,0.00,0.00
,Min,0.00,0.00,0.00,0.00
,Max,0.00,0.00,23397.00,0.00
,Average,0.00,0.00,12120.33,0.00
,Sum,0.00,0.00,218166.00,0.00


----------------------------------------------------------------------------------------------------
REPORT:,NAMEHOLDERMONTHLYSUMMARY TASKPURPOSE PROGRESSINDICATOR
FOR:,Environment
Custom Monthly Report

,,SITE OUTDOOR AIR DRYBULB TEMPERATURE [C]
,January,-3.41
,February,-5.47
,March,2.031
,April,7.599
,May,14.212
,June,18.902
,July,22.153
,August,20.409
,September,16.494
,October,10.983
,November,4.557
,December,-1.52
,,
,Annual Sum or Average,8.997
,Minimum of Months,-5.47
,Maximum of Months,22.153


----------------------------------------------------------------------------------------------------
REPORT:,NAMEHOLDERMONTHLYSUMMARY CODENAME ASHRAE901
FOR:,Environment
Custom Monthly Report

,,SITE OUTDOOR AIR DRYBULB TEMPERATURE [C]
,January,-3.41
,February,-5.47
,March,2.031
,April,7.599
,May,14.212
,June,18.902
,July,22.153
,August,20.409
,September,16.494
,October,10.983
,November,4.557
,December,-1.52
,,
,Annual Sum or Average,8.997
,Minimum of Months,-5.47
,Maximum of Months,22.153


----------------------------------------------------------------------------------------------------
REPORT:,NAMEHOLDERMONTHLYSUMMARY CODEYEAR 2019
FOR:,Environment
Custom Monthly Report

,,SITE OUTDOOR AIR DRYBULB TEMPERATURE [C]
,January,-3.41
,February,-5.47
,March,2.031
,April,7.599
,May,14.212
,June,18.902
,July,22.153
,August,20.409
,September,16.494
,October,10.983
,November,4.557
,December,-1.52
,,
,Annual Sum or Average,8.997
,Minimum of Months,-5.47
,Maximum of Months,22.153


----------------------------------------------------------------------------------------------------
REPORT:,NAMEHOLDERMONTHLYSUMMARY CODEAMENDMENT NONEAMEND
FOR:,Environment
Custom Monthly Report

,,SITE OUTDOOR AIR DRYBULB TEMPERATURE [C]
,January,-3.41
,February,-5.47
,March,2.031
,April,7.599
,May,14.212
,June,18.902
,July,22.153
,August,20.409
,September,16.494
,October,10.983
,November,4.557
,December,-1.52
,,
,Annual Sum or Average,8.997
,Minimum of Months,-5.47
,Maximum of Months,22.153


----------------------------------------------------------------------------------------------------
REPORT:,NAMEHOLDERMONTHLYSUMMARY PROTOTYPENAME OFFICEMEDIUM
FOR:,Environment
Custom Monthly Report

,,SITE OUTDOOR AIR DRYBULB TEMPERATURE [C]
,January,-3.41
,February,-5.47
,March,2.031
,April,7.599
,May,14.212
,June,18.902
,July,22.153
,August,20.409
,September,16.494
,October,10.983
,November,4.557
,December,-1.52
,,
,Annual Sum or Average,8.997
,Minimum of Months,-5.47
,Maximum of Months,22.153


----------------------------------------------------------------------------------------------------
REPORT:,NAMEHOLDERMONTHLYSUMMARY TASKSCOPE NATIONAL
FOR:,Environment
Custom Monthly Report

,,SITE OUTDOOR AIR DRYBULB TEMPERATURE [C]
,January,-3.41
,February,-5.47
,March,2.031
,April,7.599
,May,14.212
,June,18.902
,July,22.153
,August,20.409
,September,16.494
,October,10.983
,November,4.557
,December,-1.52
,,
,Annual Sum or Average,8.997
,Minimum of Months,-5.47
,Maximum of Months,22.153


----------------------------------------------------------------------------------------------------
REPORT:,NAMEHOLDERMONTHLYSUMMARY STATE NATIONAL
FOR:,Environment
Custom Monthly Report

,,SITE OUTDOOR AIR DRYBULB TEMPERATURE [C]
,January,-3.41
,February,-5.47
,March,2.031
,April,7.599
,May,14.212
,June,18.902
,July,22.153
,August,20.409
,September,16.494
,October,10.983
,November,4.557
,December,-1.52
,,
,Annual Sum or Average,8.997
,Minimum of Months,-5.47
,Maximum of Months,22.153


----------------------------------------------------------------------------------------------------
REPORT:,NAMEHOLDERMONTHLYSUMMARY CLIMATEZONE 5A
FOR:,Environment
Custom Monthly Report

,,SITE OUTDOOR AIR DRYBULB TEMPERATURE [C]
,January,-3.41
,February,-5.47
,March,2.031
,April,7.599
,May,14.212
,June,18.902
,July,22.153
,August,20.409
,September,16.494
,October,10.983
,November,4.557
,December,-1.52
,,
,Annual Sum or Average,8.997
,Minimum of Months,-5.47
,Maximum of Months,22.153


----------------------------------------------------------------------------------------------------
REPORT:,NAMEHOLDERMONTHLYSUMMARY REPRESENTCITY USA_NY_BUFFALO
FOR:,Environment
Custom Monthly Report

,,SITE OUTDOOR AIR DRYBULB TEMPERATURE [C]
,January,-3.41
,February,-5.47
,March,2.031
,April,7.599
,May,14.212
,June,18.902
,July,22.153
,August,20.409
,September,16.494
,October,10.983
,November,4.557
,December,-1.52
,,
,Annual Sum or Average,8.997
,Minimum of Months,-5.47
,Maximum of Months,22.153


----------------------------------------------------------------------------------------------------
REPORT:,ZoneCoolingSummaryMonthly
FOR:,CORE_BOTTOM
Custom Monthly Report

,,ZONE AIR SYSTEM SENSIBLE COOLING ENERGY [J],ZONE AIR SYSTEM SENSIBLE COOLING RATE {Maximum} [W],ZONE AIR SYSTEM SENSIBLE COOLING RATE {TIMESTAMP},SITE OUTDOOR AIR DRYBULB TEMPERATURE {AT MAX/MIN} [C],SITE OUTDOOR AIR WETBULB TEMPERATURE {AT MAX/MIN} [C],ZONE TOTAL INTERNAL LATENT GAIN ENERGY [J],ZONE TOTAL INTERNAL LATENT GAIN RATE {Maximum} [W],ZONE TOTAL INTERNAL LATENT GAIN RATE {TIMESTAMP},SITE OUTDOOR AIR DRYBULB TEMPERATURE {AT MAX/MIN} [C],SITE OUTDOOR AIR WETBULB TEMPERATURE {AT MAX/MIN} [C]
,January,0.156884E+11,163722.02,18-JAN-06:01,2.80,1.63,0.136512E+10,1795.78,19-JAN-10:09,1.10,0.02
,February,0.146748E+11,128879.81,22-FEB-06:01,3.22,2.09,0.123909E+10,1796.69,27-FEB-10:09,-0.5,-1.4
,March,0.186978E+11,176894.16,31-MAR-05:01,7.85,3.19,0.148053E+10,1802.07,17-MAR-09:09,7.85,3.19
,April,0.177876E+11,206922.24,27-APR-05:01,2.15,-1.3,0.131410E+10,1797.66,07-APR-09:09,2.15,-1.3
,May,0.200374E+11,226298.29,26-MAY-05:01,7.38,4.83,0.142277E+10,1791.88,25-MAY-13:09,7.38,4.83
,June,0.212502E+11,230921.16,14-JUN-05:01,9.50,6.39,0.141804E+10,1791.91,12-JUN-13:39,9.50,6.39
,July,0.214010E+11,146390.54,21-JUL-05:02,11.20,9.68,0.131737E+10,1791.89,06-JUL-13:00,11.20,9.68
,August,0.226809E+11,146338.31,04-AUG-05:02,13.53,11.89,0.147901E+10,1791.89,15-AUG-13:39,24.30,19.87
,September,0.197037E+11,183136.24,18-SEP-05:01,5.40,4.61,0.131362E+10,1791.93,12-SEP-09:00,5.40,4.61
,October,0.187132E+11,185441.15,06-OCT-05:01,7.43,6.14,0.136589E+10,1791.89,03-OCT-13:20,7.43,6.14
,November,0.163351E+11,210908.07,08-NOV-06:01,2.30,1.80,0.135411E+10,1804.24,09-NOV-10:09,4.50,4.19
,December,0.158043E+11,170314.50,06-DEC-06:01,2.80,0.99,0.131740E+10,1800.66,14-DEC-10:09,-4.5,-5.1
,,,,,,,,,,,
,Annual Sum or Average,0.222774E+12,,,,,0.163871E+11,,,,
,Minimum of Months,0.146748E+11,128879.81,,2.15,-1.3,0.123909E+10,1791.88,,-4.5,-5.1
,Maximum of Months,0.226809E+11,230921.16,,13.53,11.89,0.148053E+10,1804.24,,24.30,19.87


----------------------------------------------------------------------------------------------------
REPORT:,ZoneCoolingSummaryMonthly
FOR:,TOPFLOOR_PLENUM
Custom Monthly Report

,,ZONE AIR SYSTEM SENSIBLE COOLING ENERGY [J],ZONE AIR SYSTEM SENSIBLE COOLING RATE {Maximum} [W],ZONE AIR SYSTEM SENSIBLE COOLING RATE {TIMESTAMP},SITE OUTDOOR AIR DRYBULB TEMPERATURE {AT MAX/MIN} [C],SITE OUTDOOR AIR WETBULB TEMPERATURE {AT MAX/MIN} [C],ZONE TOTAL INTERNAL LATENT GAIN ENERGY [J],ZONE TOTAL INTERNAL LATENT GAIN RATE {Maximum} [W],ZONE TOTAL INTERNAL LATENT GAIN RATE {TIMESTAMP},SITE OUTDOOR AIR DRYBULB TEMPERATURE {AT MAX/MIN} [C],SITE OUTDOOR AIR WETBULB TEMPERATURE {AT MAX/MIN} [C]
,January,0.131837E+09,87675.87,18-JAN-06:02,2.80,1.63,0.00,0.00,01-JAN-00:10,2.80,1.63
,February,0.147071E+09,79147.53,22-FEB-06:03,3.22,2.09,0.00,0.00,01-FEB-00:10,3.22,2.09
,March,0.246808E+10,97792.75,31-MAR-05:03,7.85,3.19,0.00,0.00,01-MAR-00:10,7.85,3.19
,April,0.452772E+10,99064.55,03-APR-05:03,3.57,2.10,0.00,0.00,01-APR-00:10,3.57,2.10
,May,0.948842E+10,121621.32,26-MAY-05:02,7.38,4.83,0.00,0.00,01-MAY-00:10,7.38,4.83
,June,0.121660E+11,123991.67,14-JUN-05:02,9.50,6.39,0.00,0.00,01-JUN-00:10,9.50,6.39
,July,0.141600E+11,93824.35,03-JUL-05:03,19.60,15.75,0.00,0.00,01-JUL-00:10,19.60,15.75
,August,0.123447E+11,91554.81,21-AUG-05:03,13.25,11.21,0.00,0.00,01-AUG-00:10,13.25,11.21
,September,0.768459E+10,87371.28,08-SEP-05:03,9.82,8.41,0.00,0.00,01-SEP-00:10,9.82,8.41
,October,0.403632E+10,93510.45,23-OCT-05:03,5.60,3.30,0.00,0.00,01-OCT-00:10,5.60,3.30
,November,0.979457E+09,103902.43,08-NOV-06:02,2.30,1.80,0.00,0.00,01-NOV-00:10,2.30,1.80
,December,0.341846E+09,89069.60,06-DEC-06:02,2.80,0.99,0.00,0.00,01-DEC-00:10,2.80,0.99
,,,,,,,,,,,
,Annual Sum or Average,0.684761E+11,,,,,0.00,,,,
,Minimum of Months,0.131837E+09,79147.53,,2.30,0.99,0.00,0.00,,2.30,0.99
,Maximum of Months,0.141600E+11,123991.67,,19.60,15.75,0.00,0.00,,19.60,15.75


----------------------------------------------------------------------------------------------------
REPORT:,ZoneCoolingSummaryMonthly
FOR:,MIDFLOOR_PLENUM
Custom Monthly Report

,,ZONE AIR SYSTEM SENSIBLE COOLING ENERGY [J],ZONE AIR SYSTEM SENSIBLE COOLING RATE {Maximum} [W],ZONE AIR SYSTEM SENSIBLE COOLING RATE {TIMESTAMP},SITE OUTDOOR AIR DRYBULB TEMPERATURE {AT MAX/MIN} [C],SITE OUTDOOR AIR WETBULB TEMPERATURE {AT MAX/MIN} [C],ZONE TOTAL INTERNAL LATENT GAIN ENERGY [J],ZONE TOTAL INTERNAL LATENT GAIN RATE {Maximum} [W],ZONE TOTAL INTERNAL LATENT GAIN RATE {TIMESTAMP},SITE OUTDOOR AIR DRYBULB TEMPERATURE {AT MAX/MIN} [C],SITE OUTDOOR AIR WETBULB TEMPERATURE {AT MAX/MIN} [C]
,January,0.264491E+09,78894.47,18-JAN-06:02,2.80,1.63,0.00,0.00,01-JAN-00:10,2.80,1.63
,February,0.234170E+09,65624.89,22-FEB-06:03,3.22,2.09,0.00,0.00,01-FEB-00:10,3.22,2.09
,March,0.224561E+10,95191.24,31-MAR-05:03,7.85,3.19,0.00,0.00,01-MAR-00:10,7.85,3.19
,April,0.352663E+10,96917.47,03-APR-05:03,3.57,2.10,0.00,0.00,01-APR-00:10,3.57,2.10
,May,0.676350E+10,119479.04,26-MAY-05:02,7.38,4.83,0.00,0.00,01-MAY-00:10,7.38,4.83
,June,0.860207E+10,122149.17,14-JUN-05:02,9.50,6.39,0.00,0.00,01-JUN-00:10,9.50,6.39
,July,0.100411E+11,92569.69,10-JUL-05:11,23.13,20.56,0.00,0.00,01-JUL-00:10,23.13,20.56
,August,0.932405E+10,89470.74,07-AUG-05:11,19.67,16.11,0.00,0.00,01-AUG-00:10,19.67,16.11
,September,0.652167E+10,97357.13,18-SEP-05:03,5.40,4.61,0.00,0.00,01-SEP-00:10,5.40,4.61
,October,0.398078E+10,98818.17,06-OCT-05:03,7.43,6.14,0.00,0.00,01-OCT-00:10,7.43,6.14
,November,0.126752E+10,101576.58,08-NOV-06:02,2.30,1.80,0.00,0.00,01-NOV-00:10,2.30,1.80
,December,0.462695E+09,99143.52,06-DEC-06:02,2.80,0.99,0.00,0.00,01-DEC-00:10,2.80,0.99
,,,,,,,,,,,
,Annual Sum or Average,0.532343E+11,,,,,0.00,,,,
,Minimum of Months,0.234170E+09,65624.89,,2.30,0.99,0.00,0.00,,2.30,0.99
,Maximum of Months,0.100411E+11,122149.17,,23.13,20.56,0.00,0.00,,23.13,20.56


----------------------------------------------------------------------------------------------------
REPORT:,ZoneCoolingSummaryMonthly
FOR:,FIRSTFLOOR_PLENUM
Custom Monthly Report

,,ZONE AIR SYSTEM SENSIBLE COOLING ENERGY [J],ZONE AIR SYSTEM SENSIBLE COOLING RATE {Maximum} [W],ZONE AIR SYSTEM SENSIBLE COOLING RATE {TIMESTAMP},SITE OUTDOOR AIR DRYBULB TEMPERATURE {AT MAX/MIN} [C],SITE OUTDOOR AIR WETBULB TEMPERATURE {AT MAX/MIN} [C],ZONE TOTAL INTERNAL LATENT GAIN ENERGY [J],ZONE TOTAL INTERNAL LATENT GAIN RATE {Maximum} [W],ZONE TOTAL INTERNAL LATENT GAIN RATE {TIMESTAMP},SITE OUTDOOR AIR DRYBULB TEMPERATURE {AT MAX/MIN} [C],SITE OUTDOOR AIR WETBULB TEMPERATURE {AT MAX/MIN} [C]
,January,0.451592E+09,95197.18,18-JAN-06:02,2.80,1.63,0.00,0.00,01-JAN-00:10,2.80,1.63
,February,0.441727E+09,79845.42,22-FEB-06:03,3.22,2.09,0.00,0.00,01-FEB-00:10,3.22,2.09
,March,0.277597E+10,107403.28,31-MAR-05:03,7.85,3.19,0.00,0.00,01-MAR-00:10,7.85,3.19
,April,0.415713E+10,116363.71,27-APR-05:02,2.15,-1.3,0.00,0.00,01-APR-00:10,2.15,-1.3
,May,0.724870E+10,132298.53,26-MAY-05:02,7.38,4.83,0.00,0.00,01-MAY-00:10,7.38,4.83
,June,0.901219E+10,137325.00,14-JUN-05:02,9.50,6.39,0.00,0.00,01-JUN-00:10,9.50,6.39
,July,0.103985E+11,98528.25,10-JUL-05:11,23.13,20.56,0.00,0.00,01-JUL-00:10,23.13,20.56
,August,0.100462E+11,96619.79,04-AUG-05:03,13.53,11.89,0.00,0.00,01-AUG-00:10,13.53,11.89
,September,0.763749E+10,115065.17,18-SEP-05:03,5.40,4.61,0.00,0.00,01-SEP-00:10,5.40,4.61
,October,0.524671E+10,118537.88,06-OCT-05:03,7.43,6.14,0.00,0.00,01-OCT-00:10,7.43,6.14
,November,0.189228E+10,121221.75,08-NOV-06:02,2.30,1.80,0.00,0.00,01-NOV-00:10,2.30,1.80
,December,0.780713E+09,101502.53,06-DEC-06:02,2.80,0.99,0.00,0.00,01-DEC-00:10,2.80,0.99
,,,,,,,,,,,
,Annual Sum or Average,0.600892E+11,,,,,0.00,,,,
,Minimum of Months,0.441727E+09,79845.42,,2.15,-1.3,0.00,0.00,,2.15,-1.3
,Maximum of Months,0.103985E+11,137325.00,,23.13,20.56,0.00,0.00,,23.13,20.56


----------------------------------------------------------------------------------------------------
REPORT:,ZoneCoolingSummaryMonthly
FOR:,CORE_MID
Custom Monthly Report

,,ZONE AIR SYSTEM SENSIBLE COOLING ENERGY [J],ZONE AIR SYSTEM SENSIBLE COOLING RATE {Maximum} [W],ZONE AIR SYSTEM SENSIBLE COOLING RATE {TIMESTAMP},SITE OUTDOOR AIR DRYBULB TEMPERATURE {AT MAX/MIN} [C],SITE OUTDOOR AIR WETBULB TEMPERATURE {AT MAX/MIN} [C],ZONE TOTAL INTERNAL LATENT GAIN ENERGY [J],ZONE TOTAL INTERNAL LATENT GAIN RATE {Maximum} [W],ZONE TOTAL INTERNAL LATENT GAIN RATE {TIMESTAMP},SITE OUTDOOR AIR DRYBULB TEMPERATURE {AT MAX/MIN} [C],SITE OUTDOOR AIR WETBULB TEMPERATURE {AT MAX/MIN} [C]
,January,0.958044E+10,118210.64,18-JAN-06:01,2.80,1.63,0.136330E+10,1797.16,20-JAN-10:09,-1.2,-2.9
,February,0.902171E+10,101153.93,22-FEB-05:11,2.57,1.40,0.123822E+10,1798.05,14-FEB-10:09,2.57,1.40
,March,0.126307E+11,133757.37,31-MAR-05:01,7.85,3.19,0.147916E+10,1805.60,17-MAR-09:09,7.85,3.19
,April,0.124636E+11,136259.42,03-APR-05:01,3.57,2.10,0.131234E+10,1808.58,24-APR-09:09,3.15,1.11
,May,0.152369E+11,175583.29,26-MAY-05:01,7.38,4.83,0.141859E+10,1791.83,25-MAY-13:00,7.38,4.83
,June,0.164424E+11,178605.78,14-JUN-05:01,9.50,6.39,0.141500E+10,1791.83,08-JUN-13:00,9.50,6.39
,July,0.168516E+11,115864.41,03-JUL-05:02,19.60,15.75,0.131521E+10,1791.84,06-JUL-13:00,21.10,20.28
,August,0.174516E+11,112418.69,21-AUG-05:02,13.25,11.21,0.147639E+10,1791.79,17-AUG-13:00,13.25,11.21
,September,0.145158E+11,135957.45,18-SEP-05:01,5.40,4.61,0.131068E+10,1791.87,12-SEP-13:00,5.40,4.61
,October,0.131159E+11,139097.84,06-OCT-05:01,7.43,6.14,0.136090E+10,1791.67,03-OCT-13:00,7.43,6.14
,November,0.108942E+11,153312.62,08-NOV-06:01,2.30,1.80,0.134880E+10,1805.30,09-NOV-10:09,4.50,4.19
,December,0.945491E+10,150094.86,06-DEC-06:01,2.80,0.99,0.131479E+10,1801.41,14-DEC-10:09,-4.5,-5.1
,,,,,,,,,,,
,Annual Sum or Average,0.157660E+12,,,,,0.163534E+11,,,,
,Minimum of Months,0.902171E+10,101153.93,,2.30,0.99,0.123822E+10,1791.67,,-4.5,-5.1
,Maximum of Months,0.174516E+11,178605.78,,19.60,15.75,0.147916E+10,1808.58,,21.10,20.28


----------------------------------------------------------------------------------------------------
REPORT:,ZoneCoolingSummaryMonthly
FOR:,CORE_TOP
Custom Monthly Report

,,ZONE AIR SYSTEM SENSIBLE COOLING ENERGY [J],ZONE AIR SYSTEM SENSIBLE COOLING RATE {Maximum} [W],ZONE AIR SYSTEM SENSIBLE COOLING RATE {TIMESTAMP},SITE OUTDOOR AIR DRYBULB TEMPERATURE {AT MAX/MIN} [C],SITE OUTDOOR AIR WETBULB TEMPERATURE {AT MAX/MIN} [C],ZONE TOTAL INTERNAL LATENT GAIN ENERGY [J],ZONE TOTAL INTERNAL LATENT GAIN RATE {Maximum} [W],ZONE TOTAL INTERNAL LATENT GAIN RATE {TIMESTAMP},SITE OUTDOOR AIR DRYBULB TEMPERATURE {AT MAX/MIN} [C],SITE OUTDOOR AIR WETBULB TEMPERATURE {AT MAX/MIN} [C]
,January,0.688934E+10,111571.98,18-JAN-06:01,2.80,1.63,0.136021E+10,1791.74,04-JAN-14:00,2.80,1.63
,February,0.648912E+10,98546.70,22-FEB-06:01,3.22,2.09,0.123570E+10,1791.76,10-FEB-14:00,3.22,2.09
,March,0.106031E+11,120050.53,31-MAR-05:01,7.85,3.19,0.147551E+10,1794.63,17-MAR-09:09,7.85,3.19
,April,0.113539E+11,124301.38,03-APR-05:01,3.57,2.10,0.130915E+10,1793.96,28-APR-09:09,6.38,1.94
,May,0.145421E+11,155221.66,26-MAY-05:01,7.38,4.83,0.141720E+10,1791.82,25-MAY-13:00,7.38,4.83
,June,0.162429E+11,158164.99,14-JUN-05:01,9.50,6.39,0.141432E+10,1791.81,08-JUN-13:00,9.50,6.39
,July,0.169838E+11,116446.29,03-JUL-05:02,19.60,15.75,0.131481E+10,1791.82,06-JUL-13:00,21.10,20.28
,August,0.170461E+11,104328.55,21-AUG-05:02,13.25,11.21,0.147568E+10,1791.78,17-AUG-13:00,13.25,11.21
,September,0.135270E+11,103919.86,25-SEP-04:11,11.10,8.74,0.130926E+10,1791.85,12-SEP-13:00,11.10,8.74
,October,0.114937E+11,115560.61,23-OCT-05:01,5.60,3.30,0.135888E+10,1791.65,03-OCT-13:00,5.60,3.30
,November,0.863774E+10,139045.55,08-NOV-06:01,2.30,1.80,0.134578E+10,1794.39,09-NOV-10:09,4.50,4.19
,December,0.698029E+10,113604.78,06-DEC-06:01,2.80,0.99,0.131198E+10,1792.15,14-DEC-10:09,-4.5,-5.1
,,,,,,,,,,,
,Annual Sum or Average,0.140789E+12,,,,,0.163285E+11,,,,
,Minimum of Months,0.648912E+10,98546.70,,2.30,0.99,0.123570E+10,1791.65,,-4.5,-5.1
,Maximum of Months,0.170461E+11,158164.99,,19.60,15.75,0.147568E+10,1794.63,,21.10,20.28


----------------------------------------------------------------------------------------------------
REPORT:,ZoneCoolingSummaryMonthly
FOR:,PERIMETER_TOP_ZN_3
Custom Monthly Report

,,ZONE AIR SYSTEM SENSIBLE COOLING ENERGY [J],ZONE AIR SYSTEM SENSIBLE COOLING RATE {Maximum} [W],ZONE AIR SYSTEM SENSIBLE COOLING RATE {TIMESTAMP},SITE OUTDOOR AIR DRYBULB TEMPERATURE {AT MAX/MIN} [C],SITE OUTDOOR AIR WETBULB TEMPERATURE {AT MAX/MIN} [C],ZONE TOTAL INTERNAL LATENT GAIN ENERGY [J],ZONE TOTAL INTERNAL LATENT GAIN RATE {Maximum} [W],ZONE TOTAL INTERNAL LATENT GAIN RATE {TIMESTAMP},SITE OUTDOOR AIR DRYBULB TEMPERATURE {AT MAX/MIN} [C],SITE OUTDOOR AIR WETBULB TEMPERATURE {AT MAX/MIN} [C]
,January,0.421265E+09,21070.71,18-JAN-06:01,2.80,1.63,0.285737E+09,377.72,04-JAN-14:30,2.80,1.63
,February,0.654815E+09,19725.38,22-FEB-06:01,3.22,2.09,0.259517E+09,377.73,10-FEB-14:30,3.22,2.09
,March,0.196980E+10,27240.25,31-MAR-05:01,7.85,3.19,0.310464E+09,377.73,28-MAR-13:30,7.85,3.19
,April,0.284453E+10,27716.94,20-APR-05:01,2.20,1.14,0.276036E+09,377.73,17-APR-13:00,2.20,1.14
,May,0.490322E+10,39901.64,26-MAY-05:01,7.38,4.83,0.299409E+09,377.75,31-MAY-09:00,26.10,20.38
,June,0.628403E+10,42553.62,14-JUN-05:01,9.50,6.39,0.298848E+09,377.76,12-JUN-13:09,9.50,6.39
,July,0.687211E+10,33234.60,03-JUL-05:02,19.60,15.75,0.277866E+09,377.75,12-JUL-09:00,26.10,22.97
,August,0.614823E+10,27814.21,21-AUG-05:02,13.25,11.21,0.311648E+09,377.76,11-AUG-13:09,13.25,11.21
,September,0.410137E+10,25903.85,08-SEP-05:02,9.82,8.41,0.276363E+09,377.76,12-SEP-09:00,21.70,18.09
,October,0.259623E+10,26896.36,04-OCT-05:02,13.90,12.42,0.286950E+09,377.75,03-OCT-13:09,13.90,12.42
,November,0.119615E+10,28686.68,08-NOV-06:01,2.30,1.80,0.283448E+09,377.74,20-NOV-14:50,10.10,9.45
,December,0.599301E+09,22277.38,04-DEC-05:11,11.70,9.68,0.275864E+09,377.73,05-DEC-14:00,10.00,8.79
,,,,,,,,,,,
,Annual Sum or Average,0.385911E+11,,,,,0.344215E+10,,,,
,Minimum of Months,0.421265E+09,19725.38,,2.20,1.14,0.259517E+09,377.72,,2.20,1.14
,Maximum of Months,0.687211E+10,42553.62,,19.60,15.75,0.311648E+09,377.76,,26.10,22.97


----------------------------------------------------------------------------------------------------
REPORT:,ZoneCoolingSummaryMonthly
FOR:,PERIMETER_TOP_ZN_2
Custom Monthly Report

,,ZONE AIR SYSTEM SENSIBLE COOLING ENERGY [J],ZONE AIR SYSTEM SENSIBLE COOLING RATE {Maximum} [W],ZONE AIR SYSTEM SENSIBLE COOLING RATE {TIMESTAMP},SITE OUTDOOR AIR DRYBULB TEMPERATURE {AT MAX/MIN} [C],SITE OUTDOOR AIR WETBULB TEMPERATURE {AT MAX/MIN} [C],ZONE TOTAL INTERNAL LATENT GAIN ENERGY [J],ZONE TOTAL INTERNAL LATENT GAIN RATE {Maximum} [W],ZONE TOTAL INTERNAL LATENT GAIN RATE {TIMESTAMP},SITE OUTDOOR AIR DRYBULB TEMPERATURE {AT MAX/MIN} [C],SITE OUTDOOR AIR WETBULB TEMPERATURE {AT MAX/MIN} [C]
,January,0.683927E+09,13320.29,17-JAN-06:02,7.20,2.95,0.181525E+09,239.14,18-JAN-10:00,2.80,1.23
,February,0.849601E+09,14082.82,22-FEB-06:01,3.22,2.09,0.164756E+09,239.14,22-FEB-10:00,2.80,1.89
,March,0.253519E+10,20453.29,31-MAR-05:01,7.85,3.19,0.197113E+09,239.16,29-MAR-09:30,7.85,3.19
,April,0.353991E+10,20181.58,20-APR-05:01,2.20,1.14,0.175128E+09,239.16,14-APR-09:20,2.20,1.14
,May,0.560350E+10,26465.09,26-MAY-05:01,7.38,4.83,0.189876E+09,239.19,18-MAY-09:09,7.38,4.83
,June,0.637493E+10,33046.95,04-JUN-08:61,14.68,11.43,0.189478E+09,239.19,15-JUN-09:09,18.17,16.25
,July,0.675586E+10,30618.60,03-JUL-05:02,19.60,15.75,0.176208E+09,239.19,27-JUL-09:09,19.72,18.35
,August,0.633018E+10,31794.09,27-AUG-10:11,22.97,19.42,0.197629E+09,239.19,11-AUG-09:09,22.97,19.42
,September,0.418045E+10,30834.30,04-SEP-10:21,22.25,16.05,0.175283E+09,239.20,07-SEP-09:09,20.78,20.30
,October,0.269249E+10,24378.41,04-OCT-05:02,13.90,12.42,0.182054E+09,239.18,05-OCT-09:09,18.30,15.77
,November,0.110353E+10,20198.37,02-NOV-05:02,10.50,9.90,0.179898E+09,239.19,20-NOV-10:09,12.80,11.23
,December,0.634916E+09,15596.26,05-DEC-06:02,13.80,11.71,0.175165E+09,239.18,04-DEC-10:09,13.80,11.71
,,,,,,,,,,,
,Annual Sum or Average,0.412845E+11,,,,,0.218411E+10,,,,
,Minimum of Months,0.634916E+09,13320.29,,2.20,1.14,0.164756E+09,239.14,,2.20,1.14
,Maximum of Months,0.675586E+10,33046.95,,22.97,19.42,0.197629E+09,239.20,,22.97,20.30


----------------------------------------------------------------------------------------------------
REPORT:,ZoneCoolingSummaryMonthly
FOR:,PERIMETER_TOP_ZN_1
Custom Monthly Report

,,ZONE AIR SYSTEM SENSIBLE COOLING ENERGY [J],ZONE AIR SYSTEM SENSIBLE COOLING RATE {Maximum} [W],ZONE AIR SYSTEM SENSIBLE COOLING RATE {TIMESTAMP},SITE OUTDOOR AIR DRYBULB TEMPERATURE {AT MAX/MIN} [C],SITE OUTDOOR AIR WETBULB TEMPERATURE {AT MAX/MIN} [C],ZONE TOTAL INTERNAL LATENT GAIN ENERGY [J],ZONE TOTAL INTERNAL LATENT GAIN RATE {Maximum} [W],ZONE TOTAL INTERNAL LATENT GAIN RATE {TIMESTAMP},SITE OUTDOOR AIR DRYBULB TEMPERATURE {AT MAX/MIN} [C],SITE OUTDOOR AIR WETBULB TEMPERATURE {AT MAX/MIN} [C]
,January,0.313124E+10,27280.13,15-JAN-13:41,4.90,2.20,0.286749E+09,377.73,11-JAN-14:00,4.90,2.20
,February,0.317809E+10,84065.34,12-FEB-13:21,-4.2,-6.2,0.260280E+09,377.73,22-FEB-14:09,1.70,0.73
,March,0.595416E+10,36571.59,31-MAR-05:01,7.85,3.19,0.311315E+09,377.74,29-MAR-13:09,7.85,3.19
,April,0.573856E+10,34549.51,20-APR-05:01,2.20,1.14,0.276594E+09,377.74,17-APR-09:00,2.20,1.14
,May,0.699215E+10,44977.27,26-MAY-05:01,7.38,4.83,0.299806E+09,377.80,31-MAY-09:09,24.68,19.91
,June,0.749192E+10,45639.32,14-JUN-05:01,9.50,6.39,0.299070E+09,377.81,15-JUN-09:20,18.53,16.44
,July,0.845414E+10,41101.18,03-JUL-05:02,19.60,15.75,0.278101E+09,377.81,27-JUL-09:20,19.43,18.19
,August,0.916658E+10,48536.30,27-AUG-14:11,24.40,19.41,0.312046E+09,377.82,11-AUG-09:09,24.40,19.41
,September,0.765683E+10,41210.52,04-SEP-10:21,22.25,16.05,0.276914E+09,377.82,07-SEP-09:09,20.78,20.30
,October,0.635147E+10,35558.90,04-OCT-05:02,13.90,12.42,0.287780E+09,377.79,03-OCT-09:09,13.90,12.42
,November,0.302817E+10,32979.27,08-NOV-06:01,2.30,1.80,0.284319E+09,377.79,20-NOV-10:30,12.80,11.33
,December,0.232903E+10,57977.60,24-DEC-12:41,-6.7,-7.8,0.276744E+09,377.77,04-DEC-10:00,-6.7,-7.8
,,,,,,,,,,,
,Annual Sum or Average,0.694723E+11,,,,,0.344972E+10,,,,
,Minimum of Months,0.232903E+10,27280.13,,-6.7,-7.8,0.260280E+09,377.73,,-6.7,-7.8
,Maximum of Months,0.916658E+10,84065.34,,24.40,19.41,0.312046E+09,377.82,,24.68,20.30


----------------------------------------------------------------------------------------------------
REPORT:,ZoneCoolingSummaryMonthly
FOR:,PERIMETER_TOP_ZN_4
Custom Monthly Report

,,ZONE AIR SYSTEM SENSIBLE COOLING ENERGY [J],ZONE AIR SYSTEM SENSIBLE COOLING RATE {Maximum} [W],ZONE AIR SYSTEM SENSIBLE COOLING RATE {TIMESTAMP},SITE OUTDOOR AIR DRYBULB TEMPERATURE {AT MAX/MIN} [C],SITE OUTDOOR AIR WETBULB TEMPERATURE {AT MAX/MIN} [C],ZONE TOTAL INTERNAL LATENT GAIN ENERGY [J],ZONE TOTAL INTERNAL LATENT GAIN RATE {Maximum} [W],ZONE TOTAL INTERNAL LATENT GAIN RATE {TIMESTAMP},SITE OUTDOOR AIR DRYBULB TEMPERATURE {AT MAX/MIN} [C],SITE OUTDOOR AIR WETBULB TEMPERATURE {AT MAX/MIN} [C]
,January,0.563760E+09,13977.71,17-JAN-06:02,7.20,2.95,0.181534E+09,239.13,18-JAN-10:50,2.70,1.21
,February,0.900577E+09,26568.98,12-FEB-15:21,-3.9,-5.6,0.164786E+09,239.13,22-FEB-10:50,2.80,1.92
,March,0.250316E+10,34099.30,18-MAR-17:09,7.83,4.30,0.197093E+09,239.15,29-MAR-09:09,11.87,9.70
,April,0.339978E+10,40177.94,29-APR-17:07,14.37,6.69,0.175134E+09,239.15,14-APR-09:09,14.37,6.69
,May,0.528363E+10,40077.79,29-MAY-15:41,26.02,16.71,0.189916E+09,239.17,31-MAY-09:09,24.68,19.91
,June,0.607724E+10,53749.81,25-JUN-16:51,18.30,12.20,0.189483E+09,239.17,15-JUN-09:09,18.30,12.20
,July,0.703689E+10,53514.22,16-JUL-16:41,27.12,16.29,0.176226E+09,239.18,27-JUL-09:09,19.72,18.35
,August,0.607665E+10,40554.59,27-AUG-17:31,23.17,18.71,0.197620E+09,239.18,11-AUG-09:09,23.17,18.71
,September,0.401587E+10,33023.91,02-SEP-17:08,26.83,17.83,0.175264E+09,239.19,06-SEP-09:09,21.70,19.45
,October,0.254553E+10,23582.49,04-OCT-05:02,13.90,12.42,0.182023E+09,239.17,03-OCT-09:09,13.90,12.42
,November,0.107510E+10,19304.54,02-NOV-05:02,10.50,9.90,0.179903E+09,239.18,20-NOV-10:09,12.80,11.23
,December,0.569074E+09,16427.25,05-DEC-06:02,13.80,11.71,0.175194E+09,239.17,05-DEC-10:09,15.40,13.22
,,,,,,,,,,,
,Annual Sum or Average,0.400473E+11,,,,,0.218418E+10,,,,
,Minimum of Months,0.563760E+09,13977.71,,-3.9,-5.6,0.164786E+09,239.13,,2.70,1.21
,Maximum of Months,0.703689E+10,53749.81,,27.12,18.71,0.197620E+09,239.19,,24.68,19.91


----------------------------------------------------------------------------------------------------
REPORT:,ZoneCoolingSummaryMonthly
FOR:,PERIMETER_BOT_ZN_3
Custom Monthly Report

,,ZONE AIR SYSTEM SENSIBLE COOLING ENERGY [J],ZONE AIR SYSTEM SENSIBLE COOLING RATE {Maximum} [W],ZONE AIR SYSTEM SENSIBLE COOLING RATE {TIMESTAMP},SITE OUTDOOR AIR DRYBULB TEMPERATURE {AT MAX/MIN} [C],SITE OUTDOOR AIR WETBULB TEMPERATURE {AT MAX/MIN} [C],ZONE TOTAL INTERNAL LATENT GAIN ENERGY [J],ZONE TOTAL INTERNAL LATENT GAIN RATE {Maximum} [W],ZONE TOTAL INTERNAL LATENT GAIN RATE {TIMESTAMP},SITE OUTDOOR AIR DRYBULB TEMPERATURE {AT MAX/MIN} [C],SITE OUTDOOR AIR WETBULB TEMPERATURE {AT MAX/MIN} [C]
,January,0.456843E+09,23082.84,18-JAN-06:01,2.80,1.63,0.285694E+09,377.72,04-JAN-14:00,2.80,1.63
,February,0.571792E+09,18792.24,22-FEB-05:11,2.57,1.40,0.259591E+09,377.72,10-FEB-14:30,2.57,1.40
,March,0.138088E+10,25285.11,27-MAR-04:11,6.57,5.56,0.310135E+09,377.72,27-MAR-13:00,16.50,10.63
,April,0.201848E+10,29045.60,27-APR-05:01,2.15,-1.3,0.275595E+09,377.72,28-APR-13:00,11.30,4.26
,May,0.360801E+10,36475.65,26-MAY-05:01,7.38,4.83,0.299061E+09,377.75,25-MAY-13:09,7.38,4.83
,June,0.522387E+10,40002.17,14-JUN-05:01,9.50,6.39,0.298673E+09,377.75,12-JUN-13:50,9.50,6.39
,July,0.600949E+10,28149.65,02-JUL-18:41,30.18,20.81,0.277700E+09,377.75,06-JUL-13:00,21.10,20.28
,August,0.585667E+10,25557.11,06-AUG-15:01,28.13,18.26,0.311594E+09,377.75,11-AUG-13:00,22.20,18.80
,September,0.434473E+10,29826.88,18-SEP-05:01,5.40,4.61,0.276524E+09,377.75,12-SEP-13:20,5.40,4.61
,October,0.319491E+10,31140.74,06-OCT-05:01,7.43,6.14,0.287133E+09,377.75,03-OCT-13:39,7.43,6.14
,November,0.158970E+10,31604.01,08-NOV-06:01,2.30,1.80,0.283657E+09,377.72,01-NOV-13:00,2.30,1.80
,December,0.775259E+09,25509.66,06-DEC-06:01,2.80,0.99,0.275797E+09,377.72,18-DEC-14:50,-9.2,-10.2
,,,,,,,,,,,
,Annual Sum or Average,0.350306E+11,,,,,0.344115E+10,,,,
,Minimum of Months,0.456843E+09,18792.24,,2.15,-1.3,0.259591E+09,377.72,,-9.2,-10.2
,Maximum of Months,0.600949E+10,40002.17,,30.18,20.81,0.311594E+09,377.75,,22.20,20.28


----------------------------------------------------------------------------------------------------
REPORT:,ZoneCoolingSummaryMonthly
FOR:,PERIMETER_BOT_ZN_2
Custom Monthly Report

,,ZONE AIR SYSTEM SENSIBLE COOLING ENERGY [J],ZONE AIR SYSTEM SENSIBLE COOLING RATE {Maximum} [W],ZONE AIR SYSTEM SENSIBLE COOLING RATE {TIMESTAMP},SITE OUTDOOR AIR DRYBULB TEMPERATURE {AT MAX/MIN} [C],SITE OUTDOOR AIR WETBULB TEMPERATURE {AT MAX/MIN} [C],ZONE TOTAL INTERNAL LATENT GAIN ENERGY [J],ZONE TOTAL INTERNAL LATENT GAIN RATE {Maximum} [W],ZONE TOTAL INTERNAL LATENT GAIN RATE {TIMESTAMP},SITE OUTDOOR AIR DRYBULB TEMPERATURE {AT MAX/MIN} [C],SITE OUTDOOR AIR WETBULB TEMPERATURE {AT MAX/MIN} [C]
,January,0.689387E+09,19211.75,18-JAN-06:01,2.80,1.63,0.181633E+09,239.14,18-JAN-14:09,2.20,1.51
,February,0.774010E+09,17026.88,22-FEB-06:01,3.22,2.09,0.164858E+09,239.14,22-FEB-14:09,1.70,0.73
,March,0.206146E+10,26069.05,31-MAR-05:01,7.85,3.19,0.197184E+09,239.15,29-MAR-09:00,7.85,3.19
,April,0.296010E+10,26847.56,27-APR-05:01,2.15,-1.3,0.175167E+09,239.16,17-APR-09:00,2.15,-1.3
,May,0.478607E+10,34716.54,26-MAY-05:01,7.38,4.83,0.190052E+09,239.19,18-MAY-09:09,7.38,4.83
,June,0.577095E+10,37110.07,14-JUN-05:01,9.50,6.39,0.189613E+09,239.20,15-JUN-09:09,18.17,16.25
,July,0.629368E+10,48851.20,02-JUL-09:21,28.35,22.00,0.176263E+09,239.20,27-JUL-09:09,19.72,18.35
,August,0.632621E+10,43720.01,06-AUG-09:41,25.70,19.56,0.197755E+09,239.20,11-AUG-09:09,22.05,19.60
,September,0.448224E+10,28523.73,18-SEP-05:01,5.40,4.61,0.175530E+09,239.21,07-SEP-09:09,5.40,4.61
,October,0.318551E+10,30055.75,06-OCT-05:01,7.43,6.14,0.182412E+09,239.18,05-OCT-09:30,7.43,6.14
,November,0.140482E+10,25896.12,08-NOV-06:01,2.30,1.80,0.180154E+09,239.18,20-NOV-10:30,12.80,11.33
,December,0.778978E+09,20983.40,06-DEC-06:01,2.80,0.99,0.175256E+09,239.17,04-DEC-10:30,2.80,0.99
,,,,,,,,,,,
,Annual Sum or Average,0.395134E+11,,,,,0.218588E+10,,,,
,Minimum of Months,0.689387E+09,17026.88,,2.15,-1.3,0.164858E+09,239.14,,1.70,-1.3
,Maximum of Months,0.632621E+10,48851.20,,28.35,22.00,0.197755E+09,239.21,,22.05,19.60


----------------------------------------------------------------------------------------------------
REPORT:,ZoneCoolingSummaryMonthly
FOR:,PERIMETER_BOT_ZN_1
Custom Monthly Report

,,ZONE AIR SYSTEM SENSIBLE COOLING ENERGY [J],ZONE AIR SYSTEM SENSIBLE COOLING RATE {Maximum} [W],ZONE AIR SYSTEM SENSIBLE COOLING RATE {TIMESTAMP},SITE OUTDOOR AIR DRYBULB TEMPERATURE {AT MAX/MIN} [C],SITE OUTDOOR AIR WETBULB TEMPERATURE {AT MAX/MIN} [C],ZONE TOTAL INTERNAL LATENT GAIN ENERGY [J],ZONE TOTAL INTERNAL LATENT GAIN RATE {Maximum} [W],ZONE TOTAL INTERNAL LATENT GAIN RATE {TIMESTAMP},SITE OUTDOOR AIR DRYBULB TEMPERATURE {AT MAX/MIN} [C],SITE OUTDOOR AIR WETBULB TEMPERATURE {AT MAX/MIN} [C]
,January,0.139561E+10,42174.61,15-JAN-13:19,4.60,2.04,0.287096E+09,377.80,11-JAN-14:09,4.60,2.04
,February,0.125444E+10,24595.58,22-FEB-06:01,3.22,2.09,0.260625E+09,377.75,22-FEB-14:09,1.70,0.73
,March,0.330956E+10,40250.60,31-MAR-05:01,7.85,3.19,0.311661E+09,377.80,20-MAR-13:09,7.85,3.19
,April,0.330781E+10,47530.14,16-APR-15:11,18.17,10.36,0.276764E+09,377.82,14-APR-13:09,18.17,10.36
,May,0.514284E+10,47172.30,26-MAY-05:01,7.38,4.83,0.300025E+09,377.87,18-MAY-13:09,7.38,4.83
,June,0.646037E+10,48844.54,14-JUN-05:01,9.50,6.39,0.299213E+09,377.86,15-JUN-13:09,20.32,17.63
,July,0.830605E+10,46330.48,02-JUL-14:41,33.90,21.98,0.278207E+09,377.91,28-JUL-13:09,22.70,22.34
,August,0.943683E+10,54360.78,06-AUG-15:01,28.13,18.26,0.312341E+09,377.88,22-AUG-13:09,26.13,22.95
,September,0.792946E+10,58953.87,10-SEP-12:51,23.90,20.09,0.277492E+09,377.90,05-SEP-13:09,23.90,20.09
,October,0.618269E+10,45805.15,06-OCT-05:01,7.43,6.14,0.288618E+09,377.85,17-OCT-13:09,19.33,16.39
,November,0.204203E+10,39080.84,08-NOV-06:01,2.30,1.80,0.284996E+09,378.17,09-NOV-10:09,4.50,4.19
,December,0.127532E+10,69052.75,03-DEC-14:01,13.40,8.59,0.277060E+09,377.83,05-DEC-14:09,10.92,9.67
,,,,,,,,,,,
,Annual Sum or Average,0.560430E+11,,,,,0.345410E+10,,,,
,Minimum of Months,0.125444E+10,24595.58,,2.30,1.80,0.260625E+09,377.75,,1.70,0.73
,Maximum of Months,0.943683E+10,69052.75,,33.90,21.98,0.312341E+09,378.17,,26.13,22.95


----------------------------------------------------------------------------------------------------
REPORT:,ZoneCoolingSummaryMonthly
FOR:,PERIMETER_BOT_ZN_4
Custom Monthly Report

,,ZONE AIR SYSTEM SENSIBLE COOLING ENERGY [J],ZONE AIR SYSTEM SENSIBLE COOLING RATE {Maximum} [W],ZONE AIR SYSTEM SENSIBLE COOLING RATE {TIMESTAMP},SITE OUTDOOR AIR DRYBULB TEMPERATURE {AT MAX/MIN} [C],SITE OUTDOOR AIR WETBULB TEMPERATURE {AT MAX/MIN} [C],ZONE TOTAL INTERNAL LATENT GAIN ENERGY [J],ZONE TOTAL INTERNAL LATENT GAIN RATE {Maximum} [W],ZONE TOTAL INTERNAL LATENT GAIN RATE {TIMESTAMP},SITE OUTDOOR AIR DRYBULB TEMPERATURE {AT MAX/MIN} [C],SITE OUTDOOR AIR WETBULB TEMPERATURE {AT MAX/MIN} [C]
,January,0.554351E+09,18768.76,18-JAN-06:01,2.80,1.63,0.181621E+09,239.13,18-JAN-10:00,2.80,1.23
,February,0.789479E+09,18175.11,22-FEB-06:01,3.22,2.09,0.164877E+09,239.12,22-FEB-14:09,1.70,0.73
,March,0.201399E+10,27932.81,31-MAR-05:01,7.85,3.19,0.197165E+09,239.14,29-MAR-09:00,7.85,3.19
,April,0.277935E+10,52050.83,30-APR-17:31,21.47,12.46,0.175187E+09,239.14,17-APR-09:50,21.47,12.46
,May,0.450825E+10,35414.50,26-MAY-05:01,7.38,4.83,0.190122E+09,239.18,31-MAY-09:09,24.68,19.91
,June,0.545835E+10,37105.21,14-JUN-05:01,9.50,6.39,0.189633E+09,239.19,15-JUN-09:09,18.17,16.25
,July,0.661877E+10,57843.95,02-JUL-18:01,30.92,21.66,0.176360E+09,239.19,27-JUL-09:09,19.72,18.35
,August,0.608356E+10,53515.28,06-AUG-17:41,26.65,15.42,0.197776E+09,239.19,11-AUG-09:09,22.05,19.60
,September,0.434235E+10,33219.40,18-SEP-05:01,5.40,4.61,0.175541E+09,239.20,06-SEP-09:09,5.40,4.61
,October,0.303147E+10,32271.05,06-OCT-05:01,7.43,6.14,0.182366E+09,239.18,03-OCT-09:09,7.43,6.14
,November,0.136434E+10,25284.01,08-NOV-06:01,2.30,1.80,0.180143E+09,239.17,20-NOV-10:09,12.80,11.23
,December,0.704754E+09,20824.02,29-DEC-06:01,3.90,1.10,0.175258E+09,239.16,04-DEC-10:09,3.90,1.10
,,,,,,,,,,,
,Annual Sum or Average,0.382490E+11,,,,,0.218605E+10,,,,
,Minimum of Months,0.554351E+09,18175.11,,2.30,1.10,0.164877E+09,239.12,,1.70,0.73
,Maximum of Months,0.661877E+10,57843.95,,30.92,21.66,0.197776E+09,239.20,,24.68,19.91


----------------------------------------------------------------------------------------------------
REPORT:,ZoneCoolingSummaryMonthly
FOR:,PERIMETER_MID_ZN_3
Custom Monthly Report

,,ZONE AIR SYSTEM SENSIBLE COOLING ENERGY [J],ZONE AIR SYSTEM SENSIBLE COOLING RATE {Maximum} [W],ZONE AIR SYSTEM SENSIBLE COOLING RATE {TIMESTAMP},SITE OUTDOOR AIR DRYBULB TEMPERATURE {AT MAX/MIN} [C],SITE OUTDOOR AIR WETBULB TEMPERATURE {AT MAX/MIN} [C],ZONE TOTAL INTERNAL LATENT GAIN ENERGY [J],ZONE TOTAL INTERNAL LATENT GAIN RATE {Maximum} [W],ZONE TOTAL INTERNAL LATENT GAIN RATE {TIMESTAMP},SITE OUTDOOR AIR DRYBULB TEMPERATURE {AT MAX/MIN} [C],SITE OUTDOOR AIR WETBULB TEMPERATURE {AT MAX/MIN} [C]
,January,0.752494E+09,23818.78,18-JAN-06:01,2.80,1.63,0.285840E+09,377.72,04-JAN-14:00,2.80,1.63
,February,0.995653E+09,19708.03,22-FEB-05:11,2.57,1.40,0.259751E+09,377.72,10-FEB-14:39,2.57,1.40
,March,0.239057E+10,28879.30,31-MAR-05:01,7.85,3.19,0.310433E+09,377.73,27-MAR-13:00,7.85,3.19
,April,0.319961E+10,28627.38,20-APR-05:01,2.20,1.14,0.276044E+09,377.73,17-APR-13:00,2.20,1.14
,May,0.511729E+10,42117.88,26-MAY-05:01,7.38,4.83,0.299533E+09,377.75,31-MAY-13:00,28.90,19.32
,June,0.629261E+10,44360.56,14-JUN-05:01,9.50,6.39,0.298876E+09,377.75,12-JUN-13:39,9.50,6.39
,July,0.675613E+10,34029.85,02-JUL-18:41,30.18,20.81,0.277854E+09,377.76,06-JUL-13:00,21.10,20.28
,August,0.620876E+10,28462.77,06-AUG-15:01,28.13,18.26,0.311649E+09,377.75,11-AUG-13:00,22.20,18.80
,September,0.434637E+10,30057.23,18-SEP-05:01,5.40,4.61,0.276476E+09,377.75,07-SEP-13:00,5.40,4.61
,October,0.301078E+10,31182.42,06-OCT-05:01,7.43,6.14,0.287044E+09,377.75,03-OCT-13:00,7.43,6.14
,November,0.160224E+10,31288.07,08-NOV-06:01,2.30,1.80,0.283582E+09,377.73,01-NOV-13:00,2.30,1.80
,December,0.924776E+09,27269.96,06-DEC-06:01,2.80,0.99,0.275837E+09,377.72,18-DEC-14:39,-9.0,-10.1
,,,,,,,,,,,
,Annual Sum or Average,0.415973E+11,,,,,0.344292E+10,,,,
,Minimum of Months,0.752494E+09,19708.03,,2.20,0.99,0.259751E+09,377.72,,-9.0,-10.1
,Maximum of Months,0.675613E+10,44360.56,,30.18,20.81,0.311649E+09,377.76,,28.90,20.28


----------------------------------------------------------------------------------------------------
REPORT:,ZoneCoolingSummaryMonthly
FOR:,PERIMETER_MID_ZN_2
Custom Monthly Report

,,ZONE AIR SYSTEM SENSIBLE COOLING ENERGY [J],ZONE AIR SYSTEM SENSIBLE COOLING RATE {Maximum} [W],ZONE AIR SYSTEM SENSIBLE COOLING RATE {TIMESTAMP},SITE OUTDOOR AIR DRYBULB TEMPERATURE {AT MAX/MIN} [C],SITE OUTDOOR AIR WETBULB TEMPERATURE {AT MAX/MIN} [C],ZONE TOTAL INTERNAL LATENT GAIN ENERGY [J],ZONE TOTAL INTERNAL LATENT GAIN RATE {Maximum} [W],ZONE TOTAL INTERNAL LATENT GAIN RATE {TIMESTAMP},SITE OUTDOOR AIR DRYBULB TEMPERATURE {AT MAX/MIN} [C],SITE OUTDOOR AIR WETBULB TEMPERATURE {AT MAX/MIN} [C]
,January,0.887497E+09,15996.00,18-JAN-06:01,2.80,1.63,0.134171E+09,232.85,11-JAN-13:20,2.80,1.63
,February,0.105012E+10,15512.91,22-FEB-06:01,3.22,2.09,0.121751E+09,232.84,09-FEB-13:20,3.22,2.09
,March,0.269381E+10,24524.06,28-MAR-05:02,12.38,8.82,0.145764E+09,289.17,30-MAR-10:09,8.02,4.29
,April,0.362728E+10,57624.97,16-APR-08:31,10.87,7.71,0.130065E+09,298.33,28-APR-10:09,7.98,2.45
,May,0.550629E+10,40924.84,07-MAY-07:31,12.77,8.53,0.141532E+09,301.91,26-MAY-10:09,15.10,8.98
,June,0.612576E+10,47180.57,04-JUN-09:11,16.30,10.78,0.141059E+09,302.96,09-JUN-10:09,26.60,18.70
,July,0.643634E+10,61524.04,02-JUL-08:41,27.52,21.81,0.131768E+09,302.92,31-JUL-10:09,24.08,16.06
,August,0.612973E+10,56845.88,13-AUG-08:51,17.20,13.06,0.147055E+09,297.90,04-AUG-10:09,17.20,13.06
,September,0.418247E+10,38715.32,03-SEP-08:31,16.33,12.73,0.130266E+09,289.92,08-SEP-10:09,16.28,11.06
,October,0.284461E+10,26506.34,10-OCT-05:02,10.00,7.73,0.135052E+09,275.61,02-OCT-10:09,10.00,7.73
,November,0.129735E+10,23197.99,02-NOV-05:02,10.50,9.90,0.133002E+09,232.89,20-NOV-09:30,11.95,10.71
,December,0.805828E+09,21757.44,03-DEC-10:01,12.30,7.92,0.129478E+09,232.87,04-DEC-09:50,11.10,9.58
,,,,,,,,,,,
,Annual Sum or Average,0.415871E+11,,,,,0.162096E+10,,,,
,Minimum of Months,0.805828E+09,15512.91,,2.80,1.63,0.121751E+09,232.84,,2.80,1.63
,Maximum of Months,0.643634E+10,61524.04,,27.52,21.81,0.147055E+09,302.96,,26.60,18.70


----------------------------------------------------------------------------------------------------
REPORT:,ZoneCoolingSummaryMonthly
FOR:,PERIMETER_MID_ZN_1
Custom Monthly Report

,,ZONE AIR SYSTEM SENSIBLE COOLING ENERGY [J],ZONE AIR SYSTEM SENSIBLE COOLING RATE {Maximum} [W],ZONE AIR SYSTEM SENSIBLE COOLING RATE {TIMESTAMP},SITE OUTDOOR AIR DRYBULB TEMPERATURE {AT MAX/MIN} [C],SITE OUTDOOR AIR WETBULB TEMPERATURE {AT MAX/MIN} [C],ZONE TOTAL INTERNAL LATENT GAIN ENERGY [J],ZONE TOTAL INTERNAL LATENT GAIN RATE {Maximum} [W],ZONE TOTAL INTERNAL LATENT GAIN RATE {TIMESTAMP},SITE OUTDOOR AIR DRYBULB TEMPERATURE {AT MAX/MIN} [C],SITE OUTDOOR AIR WETBULB TEMPERATURE {AT MAX/MIN} [C]
,January,0.366695E+10,74067.67,15-JAN-13:21,4.70,2.09,0.287017E+09,377.73,18-JAN-14:00,2.20,1.51
,February,0.365234E+10,26323.14,12-FEB-13:11,-4.2,-6.3,0.260542E+09,377.73,22-FEB-14:00,1.70,0.58
,March,0.641298E+10,39886.92,31-MAR-05:01,7.85,3.19,0.311459E+09,377.74,29-MAR-13:39,7.85,3.19
,April,0.607348E+10,58669.32,16-APR-11:51,14.80,9.45,0.276740E+09,377.74,17-APR-13:39,15.60,13.37
,May,0.715600E+10,51804.07,26-MAY-05:01,7.38,4.83,0.300007E+09,377.78,31-MAY-09:09,24.68,19.91
,June,0.745933E+10,52813.30,14-JUN-05:01,9.50,6.39,0.299153E+09,377.79,15-JUN-09:00,20.00,17.17
,July,0.831230E+10,55803.70,30-JUL-14:51,23.90,14.61,0.278126E+09,377.80,27-JUL-09:00,23.90,14.61
,August,0.919267E+10,59219.24,06-AUG-13:01,27.83,18.98,0.312081E+09,377.80,11-AUG-09:39,22.50,19.70
,September,0.787285E+10,71854.80,10-SEP-12:51,23.90,20.09,0.277071E+09,377.81,06-SEP-09:39,23.90,20.09
,October,0.677919E+10,57868.36,01-OCT-13:51,14.30,10.73,0.287988E+09,377.77,05-OCT-09:00,18.30,15.47
,November,0.352119E+10,61568.35,23-NOV-11:21,8.90,4.16,0.284542E+09,377.76,20-NOV-10:00,8.90,4.16
,December,0.279051E+10,86207.04,03-DEC-12:41,13.22,8.58,0.276874E+09,377.76,04-DEC-10:00,12.20,10.04
,,,,,,,,,,,
,Annual Sum or Average,0.728898E+11,,,,,0.345160E+10,,,,
,Minimum of Months,0.279051E+10,26323.14,,-4.2,-6.3,0.260542E+09,377.73,,1.70,0.58
,Maximum of Months,0.919267E+10,86207.04,,27.83,20.09,0.312081E+09,377.81,,24.68,20.09


----------------------------------------------------------------------------------------------------
REPORT:,ZoneCoolingSummaryMonthly
FOR:,PERIMETER_MID_ZN_4
Custom Monthly Report

,,ZONE AIR SYSTEM SENSIBLE COOLING ENERGY [J],ZONE AIR SYSTEM SENSIBLE COOLING RATE {Maximum} [W],ZONE AIR SYSTEM SENSIBLE COOLING RATE {TIMESTAMP},SITE OUTDOOR AIR DRYBULB TEMPERATURE {AT MAX/MIN} [C],SITE OUTDOOR AIR WETBULB TEMPERATURE {AT MAX/MIN} [C],ZONE TOTAL INTERNAL LATENT GAIN ENERGY [J],ZONE TOTAL INTERNAL LATENT GAIN RATE {Maximum} [W],ZONE TOTAL INTERNAL LATENT GAIN RATE {TIMESTAMP},SITE OUTDOOR AIR DRYBULB TEMPERATURE {AT MAX/MIN} [C],SITE OUTDOOR AIR WETBULB TEMPERATURE {AT MAX/MIN} [C]
,January,0.813474E+09,19273.59,15-JAN-15:21,5.30,1.42,0.181646E+09,239.12,18-JAN-10:00,2.80,1.23
,February,0.115963E+10,15379.61,22-FEB-06:01,3.22,2.09,0.164896E+09,239.12,22-FEB-10:00,2.80,1.89
,March,0.279998E+10,33311.71,18-MAR-17:09,7.83,4.30,0.197182E+09,239.14,29-MAR-09:39,11.77,9.80
,April,0.362344E+10,58655.15,30-APR-16:41,22.38,12.28,0.175254E+09,239.14,14-APR-09:39,22.38,12.28
,May,0.538094E+10,38671.94,06-MAY-17:07,14.90,9.53,0.190061E+09,239.17,31-MAY-09:09,24.68,19.91
,June,0.604059E+10,55757.26,25-JUN-17:01,18.30,12.22,0.189540E+09,239.17,15-JUN-09:09,18.30,12.22
,July,0.691474E+10,61689.06,02-JUL-17:21,31.95,21.71,0.176255E+09,239.18,27-JUL-09:09,19.72,18.35
,August,0.608737E+10,58988.26,06-AUG-16:21,27.85,17.25,0.197657E+09,239.18,11-AUG-09:09,22.05,19.60
,September,0.416571E+10,32653.97,17-SEP-16:11,11.87,7.29,0.175375E+09,239.18,06-SEP-09:09,11.87,7.29
,October,0.281789E+10,38742.66,01-OCT-16:31,14.53,11.37,0.182165E+09,239.17,03-OCT-09:09,20.52,16.84
,November,0.135016E+10,22781.74,02-NOV-05:02,10.50,9.90,0.180028E+09,239.17,20-NOV-10:09,12.80,11.23
,December,0.808377E+09,26702.29,03-DEC-14:41,13.80,8.77,0.175250E+09,239.16,05-DEC-10:20,15.20,13.14
,,,,,,,,,,,
,Annual Sum or Average,0.419623E+11,,,,,0.218531E+10,,,,
,Minimum of Months,0.808377E+09,15379.61,,3.22,1.42,0.164896E+09,239.12,,2.80,1.23
,Maximum of Months,0.691474E+10,61689.06,,31.95,21.71,0.197657E+09,239.18,,24.68,19.91


----------------------------------------------------------------------------------------------------
REPORT:,ZoneHeatingSummaryMonthly
FOR:,CORE_BOTTOM
Custom Monthly Report

,,ZONE AIR SYSTEM SENSIBLE HEATING ENERGY [J],ZONE AIR SYSTEM SENSIBLE HEATING RATE {Maximum} [W],ZONE AIR SYSTEM SENSIBLE HEATING RATE {TIMESTAMP},SITE OUTDOOR AIR DRYBULB TEMPERATURE {AT MAX/MIN} [C]
,January,62615658.16,130646.62,14-JAN-06:12,3.30
,February,11605122.49,39221.52,22-FEB-06:12,3.13
,March,97972481.96,171197.96,21-MAR-05:11,2.80
,April,0.138577E+09,170953.31,19-APR-05:11,3.63
,May,0.188149E+09,169022.00,09-MAY-05:11,3.50
,June,0.143809E+09,69852.66,21-JUN-05:11,10.60
,July,0.152948E+09,70042.75,31-JUL-05:11,11.10
,August,0.152471E+09,69082.54,14-AUG-05:11,14.87
,September,0.130759E+09,71017.39,21-SEP-05:11,10.93
,October,0.210642E+09,172352.58,30-OCT-05:11,3.80
,November,0.102056E+09,60846.13,07-NOV-06:11,5.00
,December,71041740.03,129483.16,27-DEC-06:12,5.40
,,,,,
,Annual Sum or Average,0.146265E+10,,,
,Minimum of Months,11605122.49,39221.52,,2.80
,Maximum of Months,0.210642E+09,172352.58,,14.87


----------------------------------------------------------------------------------------------------
REPORT:,ZoneHeatingSummaryMonthly
FOR:,TOPFLOOR_PLENUM
Custom Monthly Report

,,ZONE AIR SYSTEM SENSIBLE HEATING ENERGY [J],ZONE AIR SYSTEM SENSIBLE HEATING RATE {Maximum} [W],ZONE AIR SYSTEM SENSIBLE HEATING RATE {TIMESTAMP},SITE OUTDOOR AIR DRYBULB TEMPERATURE {AT MAX/MIN} [C]
,January,0.184293E+11,103259.28,18-JAN-06:01,2.80
,February,0.165352E+11,81748.17,22-FEB-06:01,3.22
,March,0.110285E+11,111846.05,30-MAR-23:21,7.25
,April,0.595747E+10,117556.51,28-APR-23:21,4.20
,May,0.199437E+10,111571.83,15-MAY-01:11,5.03
,June,0.747418E+09,111202.50,14-JUN-05:01,9.50
,July,0.439769E+09,82935.84,16-JUL-06:31,13.30
,August,0.588082E+09,81557.08,03-AUG-05:12,13.17
,September,0.152641E+10,113052.19,18-SEP-00:31,6.70
,October,0.505116E+10,96882.59,06-OCT-23:01,5.13
,November,0.103098E+11,109727.72,08-NOV-06:01,2.30
,December,0.170777E+11,110354.88,06-DEC-06:01,2.80
,,,,,
,Annual Sum or Average,0.896852E+11,,,
,Minimum of Months,0.439769E+09,81557.08,,2.30
,Maximum of Months,0.184293E+11,117556.51,,13.30


----------------------------------------------------------------------------------------------------
REPORT:,ZoneHeatingSummaryMonthly
FOR:,MIDFLOOR_PLENUM
Custom Monthly Report

,,ZONE AIR SYSTEM SENSIBLE HEATING ENERGY [J],ZONE AIR SYSTEM SENSIBLE HEATING RATE {Maximum} [W],ZONE AIR SYSTEM SENSIBLE HEATING RATE {TIMESTAMP},SITE OUTDOOR AIR DRYBULB TEMPERATURE {AT MAX/MIN} [C]
,January,0.508481E+10,52042.14,17-JAN-06:13,7.20
,February,0.419557E+10,48907.01,22-FEB-06:13,3.13
,March,0.237412E+10,65544.13,31-MAR-05:12,8.10
,April,0.732107E+09,64730.39,03-APR-05:12,3.43
,May,0.388089E+09,67119.97,16-MAY-05:12,4.27
,June,0.270215E+09,67318.36,21-JUN-05:12,10.60
,July,0.219484E+09,65457.36,21-JUL-05:12,11.30
,August,0.212661E+09,66513.72,24-AUG-05:12,13.50
,September,0.339103E+09,69273.18,19-SEP-05:12,9.07
,October,0.792254E+09,72275.96,12-OCT-05:12,6.43
,November,0.217081E+10,70449.41,10-NOV-06:12,2.40
,December,0.470991E+10,55152.90,04-DEC-06:12,11.50
,,,,,
,Annual Sum or Average,0.214891E+11,,,
,Minimum of Months,0.212661E+09,48907.01,,2.40
,Maximum of Months,0.508481E+10,72275.96,,13.50


----------------------------------------------------------------------------------------------------
REPORT:,ZoneHeatingSummaryMonthly
FOR:,FIRSTFLOOR_PLENUM
Custom Monthly Report

,,ZONE AIR SYSTEM SENSIBLE HEATING ENERGY [J],ZONE AIR SYSTEM SENSIBLE HEATING RATE {Maximum} [W],ZONE AIR SYSTEM SENSIBLE HEATING RATE {TIMESTAMP},SITE OUTDOOR AIR DRYBULB TEMPERATURE {AT MAX/MIN} [C]
,January,0.358293E+10,57765.58,17-JAN-06:13,7.20
,February,0.292226E+10,54672.06,22-FEB-06:13,3.13
,March,0.168259E+10,72571.30,31-MAR-05:12,8.10
,April,0.634297E+09,73353.75,03-APR-05:12,3.43
,May,0.387103E+09,74804.78,16-MAY-05:12,4.27
,June,0.331232E+09,74821.60,21-JUN-05:12,10.60
,July,0.308501E+09,73052.65,20-JUL-05:12,11.47
,August,0.289906E+09,73539.11,24-AUG-05:12,13.50
,September,0.373111E+09,75152.64,21-SEP-05:12,10.93
,October,0.558977E+09,77384.01,12-OCT-05:12,6.43
,November,0.109099E+10,72030.88,07-NOV-06:12,5.00
,December,0.332899E+10,60115.95,04-DEC-06:12,11.50
,,,,,
,Annual Sum or Average,0.154909E+11,,,
,Minimum of Months,0.289906E+09,54672.06,,3.13
,Maximum of Months,0.358293E+10,77384.01,,13.50


----------------------------------------------------------------------------------------------------
REPORT:,ZoneHeatingSummaryMonthly
FOR:,CORE_MID
Custom Monthly Report

,,ZONE AIR SYSTEM SENSIBLE HEATING ENERGY [J],ZONE AIR SYSTEM SENSIBLE HEATING RATE {Maximum} [W],ZONE AIR SYSTEM SENSIBLE HEATING RATE {TIMESTAMP},SITE OUTDOOR AIR DRYBULB TEMPERATURE {AT MAX/MIN} [C]
,January,89831997.98,116026.06,14-JAN-06:12,3.30
,February,19048180.39,34999.67,22-FEB-06:23,3.05
,March,0.102912E+09,161849.49,21-MAR-05:11,2.80
,April,0.155692E+09,163162.66,20-APR-05:11,2.20
,May,0.203584E+09,148631.60,09-MAY-05:11,3.50
,June,0.132226E+09,46762.93,21-JUN-05:11,10.60
,July,0.118066E+09,43323.67,20-JUL-05:11,11.47
,August,0.137689E+09,44994.64,24-AUG-05:11,13.50
,September,0.129965E+09,49573.75,19-SEP-05:11,9.07
,October,0.259689E+09,158601.86,26-OCT-05:11,3.03
,November,0.177072E+09,68435.26,17-NOV-06:11,3.17
,December,0.114546E+09,114739.70,27-DEC-06:12,5.40
,,,,,
,Annual Sum or Average,0.164032E+10,,,
,Minimum of Months,19048180.39,34999.67,,2.20
,Maximum of Months,0.259689E+09,163162.66,,13.50


----------------------------------------------------------------------------------------------------
REPORT:,ZoneHeatingSummaryMonthly
FOR:,CORE_TOP
Custom Monthly Report

,,ZONE AIR SYSTEM SENSIBLE HEATING ENERGY [J],ZONE AIR SYSTEM SENSIBLE HEATING RATE {Maximum} [W],ZONE AIR SYSTEM SENSIBLE HEATING RATE {TIMESTAMP},SITE OUTDOOR AIR DRYBULB TEMPERATURE {AT MAX/MIN} [C]
,January,0.797652E+09,121880.42,14-JAN-06:12,3.30
,February,0.567707E+09,37193.17,22-FEB-06:23,3.05
,March,0.323261E+09,159527.38,21-MAR-05:11,2.80
,April,0.228417E+09,160561.50,20-APR-05:11,2.20
,May,0.346415E+09,158567.43,09-MAY-05:11,3.50
,June,0.215959E+09,64630.62,21-JUN-05:11,10.60
,July,0.125842E+09,62764.88,21-JUL-05:11,11.30
,August,0.149295E+09,63074.41,03-AUG-05:11,13.17
,September,0.221633E+09,91894.85,25-SEP-05:11,11.10
,October,0.435744E+09,157569.06,26-OCT-05:11,3.03
,November,0.417507E+09,83627.12,04-NOV-05:11,8.13
,December,0.828998E+09,120891.46,27-DEC-06:12,5.40
,,,,,
,Annual Sum or Average,0.465843E+10,,,
,Minimum of Months,0.125842E+09,37193.17,,2.20
,Maximum of Months,0.828998E+09,160561.50,,13.17


----------------------------------------------------------------------------------------------------
REPORT:,ZoneHeatingSummaryMonthly
FOR:,PERIMETER_TOP_ZN_3
Custom Monthly Report

,,ZONE AIR SYSTEM SENSIBLE HEATING ENERGY [J],ZONE AIR SYSTEM SENSIBLE HEATING RATE {Maximum} [W],ZONE AIR SYSTEM SENSIBLE HEATING RATE {TIMESTAMP},SITE OUTDOOR AIR DRYBULB TEMPERATURE {AT MAX/MIN} [C]
,January,0.306723E+10,28670.22,14-JAN-06:12,3.30
,February,0.269861E+10,17637.92,22-FEB-06:12,3.13
,March,0.162407E+10,35233.60,21-MAR-05:11,2.80
,April,0.671893E+09,36055.37,20-APR-05:11,2.20
,May,0.191225E+09,34566.98,09-MAY-05:11,3.50
,June,76731646.78,27108.96,21-JUN-05:11,10.60
,July,46594904.91,25184.87,31-JUL-05:11,11.10
,August,65374985.60,26873.70,24-AUG-05:11,13.50
,September,0.169756E+09,32990.22,25-SEP-05:11,11.10
,October,0.583170E+09,34478.61,02-OCT-05:11,8.30
,November,0.137774E+10,31464.09,04-NOV-05:11,8.13
,December,0.278191E+10,28725.04,27-DEC-06:12,5.40
,,,,,
,Annual Sum or Average,0.133543E+11,,,
,Minimum of Months,46594904.91,17637.92,,2.20
,Maximum of Months,0.306723E+10,36055.37,,13.50


----------------------------------------------------------------------------------------------------
REPORT:,ZoneHeatingSummaryMonthly
FOR:,PERIMETER_TOP_ZN_2
Custom Monthly Report

,,ZONE AIR SYSTEM SENSIBLE HEATING ENERGY [J],ZONE AIR SYSTEM SENSIBLE HEATING RATE {Maximum} [W],ZONE AIR SYSTEM SENSIBLE HEATING RATE {TIMESTAMP},SITE OUTDOOR AIR DRYBULB TEMPERATURE {AT MAX/MIN} [C]
,January,0.201503E+10,22106.22,14-JAN-06:12,3.30
,February,0.176032E+10,17953.36,22-FEB-06:12,3.13
,March,0.108716E+10,27921.74,29-MAR-05:11,12.20
,April,0.450750E+09,27542.60,20-APR-05:11,2.20
,May,0.134273E+09,26592.57,15-MAY-05:11,4.80
,June,67410421.15,27811.47,27-JUN-05:11,11.70
,July,50942694.66,26857.58,24-JUL-05:11,17.20
,August,68068025.90,28138.32,18-AUG-05:11,17.80
,September,0.135093E+09,30937.78,25-SEP-05:11,11.10
,October,0.403444E+09,32125.59,12-OCT-05:11,6.43
,November,0.936576E+09,31038.65,04-NOV-05:11,8.13
,December,0.188548E+10,25934.29,04-DEC-06:11,11.50
,,,,,
,Annual Sum or Average,0.899455E+10,,,
,Minimum of Months,50942694.66,17953.36,,2.20
,Maximum of Months,0.201503E+10,32125.59,,17.80


----------------------------------------------------------------------------------------------------
REPORT:,ZoneHeatingSummaryMonthly
FOR:,PERIMETER_TOP_ZN_1
Custom Monthly Report

,,ZONE AIR SYSTEM SENSIBLE HEATING ENERGY [J],ZONE AIR SYSTEM SENSIBLE HEATING RATE {Maximum} [W],ZONE AIR SYSTEM SENSIBLE HEATING RATE {TIMESTAMP},SITE OUTDOOR AIR DRYBULB TEMPERATURE {AT MAX/MIN} [C]
,January,0.254701E+10,31674.71,14-JAN-06:12,3.30
,February,0.222084E+10,23880.87,22-FEB-06:12,3.13
,March,0.141135E+10,38910.69,21-MAR-05:11,2.80
,April,0.625362E+09,39652.34,20-APR-05:11,2.20
,May,0.219404E+09,38304.25,09-MAY-05:11,3.50
,June,0.117115E+09,37604.59,21-JUN-05:11,10.60
,July,76195048.13,36596.56,21-JUL-05:11,11.30
,August,90959824.03,37251.27,24-AUG-05:11,13.50
,September,0.176010E+09,41793.58,25-SEP-05:11,11.10
,October,0.505089E+09,44382.88,12-OCT-05:11,6.43
,November,0.119181E+10,41625.42,04-NOV-05:11,8.13
,December,0.241624E+10,33084.35,04-DEC-06:11,11.50
,,,,,
,Annual Sum or Average,0.115974E+11,,,
,Minimum of Months,76195048.13,23880.87,,2.20
,Maximum of Months,0.254701E+10,44382.88,,13.50


----------------------------------------------------------------------------------------------------
REPORT:,ZoneHeatingSummaryMonthly
FOR:,PERIMETER_TOP_ZN_4
Custom Monthly Report

,,ZONE AIR SYSTEM SENSIBLE HEATING ENERGY [J],ZONE AIR SYSTEM SENSIBLE HEATING RATE {Maximum} [W],ZONE AIR SYSTEM SENSIBLE HEATING RATE {TIMESTAMP},SITE OUTDOOR AIR DRYBULB TEMPERATURE {AT MAX/MIN} [C]
,January,0.210877E+10,22852.63,14-JAN-06:12,3.30
,February,0.174702E+10,18753.26,22-FEB-06:12,3.13
,March,0.105371E+10,28949.69,29-MAR-05:11,12.20
,April,0.420749E+09,28301.07,20-APR-05:11,2.20
,May,0.140316E+09,28166.26,15-MAY-05:11,4.80
,June,82329824.95,28824.10,27-JUN-05:11,11.70
,July,57018427.62,27815.76,20-JUL-05:11,11.47
,August,69486836.88,29469.09,10-AUG-05:11,18.30
,September,0.128149E+09,31636.25,25-SEP-05:11,11.10
,October,0.405752E+09,33452.28,12-OCT-05:11,6.43
,November,0.959528E+09,32358.46,04-NOV-05:11,8.13
,December,0.191392E+10,26954.28,04-DEC-06:11,11.50
,,,,,
,Annual Sum or Average,0.908675E+10,,,
,Minimum of Months,57018427.62,18753.26,,2.20
,Maximum of Months,0.210877E+10,33452.28,,18.30


----------------------------------------------------------------------------------------------------
REPORT:,ZoneHeatingSummaryMonthly
FOR:,PERIMETER_BOT_ZN_3
Custom Monthly Report

,,ZONE AIR SYSTEM SENSIBLE HEATING ENERGY [J],ZONE AIR SYSTEM SENSIBLE HEATING RATE {Maximum} [W],ZONE AIR SYSTEM SENSIBLE HEATING RATE {TIMESTAMP},SITE OUTDOOR AIR DRYBULB TEMPERATURE {AT MAX/MIN} [C]
,January,0.179170E+10,25148.88,14-JAN-06:12,3.30
,February,0.161954E+10,12130.25,22-FEB-06:12,3.13
,March,0.102652E+10,33014.97,21-MAR-05:11,2.80
,April,0.338309E+09,32835.54,20-APR-05:11,2.20
,May,84369017.24,32482.88,09-MAY-05:11,3.50
,June,35872955.12,16656.76,27-JUN-05:11,11.70
,July,34640477.82,14977.11,31-JUL-05:11,11.10
,August,35128431.11,14926.89,24-AUG-05:11,13.50
,September,35108197.82,16779.16,19-SEP-05:11,9.07
,October,96361164.77,33166.59,30-OCT-05:11,3.80
,November,0.323559E+09,16383.23,17-NOV-06:11,3.17
,December,0.130369E+10,25038.27,27-DEC-06:12,5.40
,,,,,
,Annual Sum or Average,0.672480E+10,,,
,Minimum of Months,34640477.82,12130.25,,2.20
,Maximum of Months,0.179170E+10,33166.59,,13.50


----------------------------------------------------------------------------------------------------
REPORT:,ZoneHeatingSummaryMonthly
FOR:,PERIMETER_BOT_ZN_2
Custom Monthly Report

,,ZONE AIR SYSTEM SENSIBLE HEATING ENERGY [J],ZONE AIR SYSTEM SENSIBLE HEATING RATE {Maximum} [W],ZONE AIR SYSTEM SENSIBLE HEATING RATE {TIMESTAMP},SITE OUTDOOR AIR DRYBULB TEMPERATURE {AT MAX/MIN} [C]
,January,0.107436E+10,19822.55,14-JAN-06:12,3.30
,February,0.947591E+09,14652.37,22-FEB-06:12,3.13
,March,0.587585E+09,24556.69,21-MAR-05:11,2.80
,April,0.172510E+09,25059.70,20-APR-05:11,2.20
,May,61255849.60,23155.12,09-MAY-05:11,3.50
,June,41290513.46,21606.66,27-JUN-05:11,11.70
,July,51521926.52,20393.52,20-JUL-05:11,11.47
,August,53580991.19,20810.77,24-AUG-05:11,13.50
,September,43896844.88,21876.89,28-SEP-05:11,11.87
,October,77409690.94,23983.90,30-OCT-05:11,3.80
,November,0.207840E+09,21037.69,04-NOV-05:11,8.13
,December,0.854590E+09,19752.95,27-DEC-06:12,5.40
,,,,,
,Annual Sum or Average,0.417343E+10,,,
,Minimum of Months,41290513.46,14652.37,,2.20
,Maximum of Months,0.107436E+10,25059.70,,13.50


----------------------------------------------------------------------------------------------------
REPORT:,ZoneHeatingSummaryMonthly
FOR:,PERIMETER_BOT_ZN_1
Custom Monthly Report

,,ZONE AIR SYSTEM SENSIBLE HEATING ENERGY [J],ZONE AIR SYSTEM SENSIBLE HEATING RATE {Maximum} [W],ZONE AIR SYSTEM SENSIBLE HEATING RATE {TIMESTAMP},SITE OUTDOOR AIR DRYBULB TEMPERATURE {AT MAX/MIN} [C]
,January,0.637612E+10,32875.76,04-JAN-07:01,-12.9
,February,0.602674E+10,38971.48,02-FEB-07:01,-18.3
,March,0.414031E+10,38344.41,21-MAR-05:11,2.80
,April,0.247767E+10,39094.74,20-APR-05:11,2.20
,May,0.853337E+09,37150.58,09-MAY-05:11,3.50
,June,0.348468E+09,27864.25,21-JUN-05:11,10.60
,July,0.127865E+09,26347.16,20-JUL-05:11,11.47
,August,0.145594E+09,25266.69,24-AUG-05:11,13.50
,September,0.337448E+09,26731.95,08-SEP-05:11,9.63
,October,0.121316E+10,37953.21,20-OCT-05:11,3.03
,November,0.306005E+10,26614.33,07-NOV-06:11,5.00
,December,0.543714E+10,35578.21,18-DEC-07:01,-13.9
,,,,,
,Annual Sum or Average,0.305439E+11,,,
,Minimum of Months,0.127865E+09,25266.69,,-18.3
,Maximum of Months,0.637612E+10,39094.74,,13.50


----------------------------------------------------------------------------------------------------
REPORT:,ZoneHeatingSummaryMonthly
FOR:,PERIMETER_BOT_ZN_4
Custom Monthly Report

,,ZONE AIR SYSTEM SENSIBLE HEATING ENERGY [J],ZONE AIR SYSTEM SENSIBLE HEATING RATE {Maximum} [W],ZONE AIR SYSTEM SENSIBLE HEATING RATE {TIMESTAMP},SITE OUTDOOR AIR DRYBULB TEMPERATURE {AT MAX/MIN} [C]
,January,0.114935E+10,20065.72,14-JAN-06:12,3.30
,February,0.901009E+09,14698.68,22-FEB-06:12,3.13
,March,0.527989E+09,24760.52,21-MAR-05:11,2.80
,April,0.153981E+09,25393.76,20-APR-05:11,2.20
,May,62594725.50,23950.35,09-MAY-05:11,3.50
,June,44909808.54,22179.90,27-JUN-05:11,11.70
,July,52547875.06,21056.82,20-JUL-05:11,11.47
,August,52950092.37,21420.80,03-AUG-05:11,13.17
,September,42153363.14,22222.89,08-SEP-05:11,9.63
,October,79916162.26,24562.68,30-OCT-05:11,3.80
,November,0.214047E+09,21879.41,04-NOV-05:11,8.13
,December,0.870884E+09,20049.39,27-DEC-06:12,5.40
,,,,,
,Annual Sum or Average,0.415233E+10,,,
,Minimum of Months,42153363.14,14698.68,,2.20
,Maximum of Months,0.114935E+10,25393.76,,13.17


----------------------------------------------------------------------------------------------------
REPORT:,ZoneHeatingSummaryMonthly
FOR:,PERIMETER_MID_ZN_3
Custom Monthly Report

,,ZONE AIR SYSTEM SENSIBLE HEATING ENERGY [J],ZONE AIR SYSTEM SENSIBLE HEATING RATE {Maximum} [W],ZONE AIR SYSTEM SENSIBLE HEATING RATE {TIMESTAMP},SITE OUTDOOR AIR DRYBULB TEMPERATURE {AT MAX/MIN} [C]
,January,0.183418E+10,26812.23,14-JAN-06:12,3.30
,February,0.157682E+10,14363.62,22-FEB-06:12,3.13
,March,0.854514E+09,34888.08,21-MAR-05:11,2.80
,April,0.233141E+09,35977.92,20-APR-05:11,2.20
,May,79166157.05,32975.99,09-MAY-05:11,3.50
,June,44556936.52,20463.76,27-JUN-05:11,11.70
,July,44496803.91,18169.80,31-JUL-05:11,11.10
,August,57560062.75,19975.76,24-AUG-05:11,13.50
,September,65890809.44,22187.04,19-SEP-05:11,9.07
,October,0.226612E+09,33142.95,26-OCT-05:11,3.03
,November,0.675767E+09,24667.47,17-NOV-06:11,3.17
,December,0.163039E+10,26703.23,27-DEC-06:12,5.40
,,,,,
,Annual Sum or Average,0.732310E+10,,,
,Minimum of Months,44496803.91,14363.62,,2.20
,Maximum of Months,0.183418E+10,35977.92,,13.50


----------------------------------------------------------------------------------------------------
REPORT:,ZoneHeatingSummaryMonthly
FOR:,PERIMETER_MID_ZN_2
Custom Monthly Report

,,ZONE AIR SYSTEM SENSIBLE HEATING ENERGY [J],ZONE AIR SYSTEM SENSIBLE HEATING RATE {Maximum} [W],ZONE AIR SYSTEM SENSIBLE HEATING RATE {TIMESTAMP},SITE OUTDOOR AIR DRYBULB TEMPERATURE {AT MAX/MIN} [C]
,January,0.127167E+10,21525.29,14-JAN-06:12,3.30
,February,0.108299E+10,16994.73,22-FEB-06:12,3.13
,March,0.615153E+09,26317.35,21-MAR-05:11,2.80
,April,0.186182E+09,27158.36,20-APR-05:11,2.20
,May,71178972.69,25849.83,09-MAY-05:11,3.50
,June,55118799.93,25847.83,27-JUN-05:11,11.70
,July,65552649.24,25169.90,08-JUL-05:11,18.17
,August,85698824.17,26014.36,23-AUG-05:11,17.60
,September,79301113.77,27362.29,12-SEP-05:11,15.60
,October,0.184310E+09,28080.91,11-OCT-05:11,6.20
,November,0.486530E+09,26741.03,10-NOV-06:11,2.40
,December,0.116328E+10,21984.22,04-DEC-06:11,11.50
,,,,,
,Annual Sum or Average,0.534697E+10,,,
,Minimum of Months,55118799.93,16994.73,,2.20
,Maximum of Months,0.127167E+10,28080.91,,18.17


----------------------------------------------------------------------------------------------------
REPORT:,ZoneHeatingSummaryMonthly
FOR:,PERIMETER_MID_ZN_1
Custom Monthly Report

,,ZONE AIR SYSTEM SENSIBLE HEATING ENERGY [J],ZONE AIR SYSTEM SENSIBLE HEATING RATE {Maximum} [W],ZONE AIR SYSTEM SENSIBLE HEATING RATE {TIMESTAMP},SITE OUTDOOR AIR DRYBULB TEMPERATURE {AT MAX/MIN} [C]
,January,0.153766E+10,30277.39,14-JAN-06:12,3.30
,February,0.128657E+10,21119.44,22-FEB-06:12,3.13
,March,0.752204E+09,37242.77,21-MAR-05:11,2.80
,April,0.236262E+09,38559.04,20-APR-05:11,2.20
,May,0.110550E+09,36419.54,09-MAY-05:11,3.50
,June,81099005.55,32081.96,27-JUN-05:11,11.70
,July,78957755.01,30787.95,20-JUL-05:11,11.47
,August,98949243.32,31671.98,24-AUG-05:11,13.50
,September,95623689.19,32882.38,23-SEP-05:11,9.63
,October,0.228898E+09,36886.47,30-OCT-05:11,3.80
,November,0.591567E+09,34540.85,10-NOV-06:11,2.40
,December,0.143323E+10,30335.36,27-DEC-06:12,5.40
,,,,,
,Annual Sum or Average,0.653156E+10,,,
,Minimum of Months,78957755.01,21119.44,,2.20
,Maximum of Months,0.153766E+10,38559.04,,13.50


----------------------------------------------------------------------------------------------------
REPORT:,ZoneHeatingSummaryMonthly
FOR:,PERIMETER_MID_ZN_4
Custom Monthly Report

,,ZONE AIR SYSTEM SENSIBLE HEATING ENERGY [J],ZONE AIR SYSTEM SENSIBLE HEATING RATE {Maximum} [W],ZONE AIR SYSTEM SENSIBLE HEATING RATE {TIMESTAMP},SITE OUTDOOR AIR DRYBULB TEMPERATURE {AT MAX/MIN} [C]
,January,0.131020E+10,21827.05,14-JAN-06:12,3.30
,February,0.104430E+10,17277.76,22-FEB-06:12,3.13
,March,0.580570E+09,26629.55,21-MAR-05:11,2.80
,April,0.166644E+09,27461.39,20-APR-05:11,2.20
,May,75948512.46,26342.28,09-MAY-05:11,3.50
,June,63786442.96,26279.73,27-JUN-05:11,11.70
,July,65654895.66,25530.83,20-JUL-05:11,11.47
,August,83402596.29,26775.95,10-AUG-05:11,18.30
,September,76167757.77,27466.35,29-SEP-05:11,15.60
,October,0.187664E+09,28803.55,12-OCT-05:11,6.43
,November,0.498058E+09,27108.63,04-NOV-05:11,8.13
,December,0.116815E+10,22248.18,04-DEC-06:11,11.50
,,,,,
,Annual Sum or Average,0.532054E+10,,,
,Minimum of Months,63786442.96,17277.76,,2.20
,Maximum of Months,0.131020E+10,28803.55,,18.30


----------------------------------------------------------------------------------------------------
REPORT:,ZoneElectricSummaryMonthly
FOR:,CORE_BOTTOM
Custom Monthly Report

,,ZONE LIGHTS ELECTRICITY ENERGY [J],ZONE LIGHTS ELECTRICITY ENERGY {Maximum} [W],ZONE LIGHTS ELECTRICITY ENERGY {TIMESTAMP},ZONE ELECTRIC EQUIPMENT ELECTRICITY ENERGY [J],ZONE ELECTRIC EQUIPMENT ELECTRICITY ENERGY {Maximum} [W],ZONE ELECTRIC EQUIPMENT ELECTRICITY ENERGY {TIMESTAMP}
,January,0.686705E+10,7407.41,02-JAN-08:09,0.111495E+11,11004.68,02-JAN-08:09
,February,0.623011E+10,7407.41,01-FEB-08:09,0.101016E+11,11004.68,01-FEB-08:09
,March,0.742358E+10,7407.41,01-MAR-08:09,0.117153E+11,11004.68,01-MAR-08:09
,April,0.660998E+10,7407.41,03-APR-07:10,0.107639E+11,11004.68,03-APR-07:10
,May,0.714531E+10,7407.41,01-MAY-07:10,0.114324E+11,11004.68,01-MAY-07:10
,June,0.711839E+10,7407.41,01-JUN-07:10,0.112703E+11,11004.68,01-JUN-07:10
,July,0.663691E+10,7407.41,03-JUL-07:10,0.109247E+11,11004.68,03-JUL-07:10
,August,0.742346E+10,7407.41,01-AUG-07:10,0.117153E+11,11004.68,01-AUG-07:10
,September,0.660998E+10,7407.41,01-SEP-07:10,0.107612E+11,11004.68,01-SEP-07:10
,October,0.686717E+10,7407.41,02-OCT-07:10,0.111509E+11,11004.68,02-OCT-07:10
,November,0.679225E+10,7407.41,01-NOV-07:10,0.109322E+11,11004.68,01-NOV-07:10
,December,0.663703E+10,7407.41,01-DEC-08:09,0.109233E+11,11004.68,01-DEC-08:09
,,,,,,,
,Annual Sum or Average,0.823612E+11,,,0.132840E+12,,
,Minimum of Months,0.623011E+10,7407.41,,0.101016E+11,11004.68,
,Maximum of Months,0.742358E+10,7407.41,,0.117153E+11,11004.68,


----------------------------------------------------------------------------------------------------
REPORT:,ZoneElectricSummaryMonthly
FOR:,CORE_MID
Custom Monthly Report

,,ZONE LIGHTS ELECTRICITY ENERGY [J],ZONE LIGHTS ELECTRICITY ENERGY {Maximum} [W],ZONE LIGHTS ELECTRICITY ENERGY {TIMESTAMP},ZONE ELECTRIC EQUIPMENT ELECTRICITY ENERGY [J],ZONE ELECTRIC EQUIPMENT ELECTRICITY ENERGY {Maximum} [W],ZONE ELECTRIC EQUIPMENT ELECTRICITY ENERGY {TIMESTAMP}
,January,0.686705E+10,7407.41,02-JAN-08:09,0.601797E+10,4218.28,02-JAN-08:09
,February,0.623011E+10,7407.41,01-FEB-08:09,0.544801E+10,4218.28,01-FEB-08:09
,March,0.742358E+10,7407.41,01-MAR-08:09,0.625863E+10,4218.28,01-MAR-08:09
,April,0.660998E+10,7407.41,03-APR-07:10,0.581130E+10,4218.28,03-APR-07:10
,May,0.714531E+10,7407.41,01-MAY-07:10,0.613830E+10,4218.28,01-MAY-07:10
,June,0.711839E+10,7407.41,01-JUN-07:10,0.602717E+10,4218.28,01-JUN-07:10
,July,0.663691E+10,7407.41,03-JUL-07:10,0.592107E+10,4218.28,03-JUL-07:10
,August,0.742346E+10,7407.41,01-AUG-07:10,0.625863E+10,4218.28,01-AUG-07:10
,September,0.660998E+10,7407.41,01-SEP-07:10,0.580858E+10,4218.28,01-SEP-07:10
,October,0.686717E+10,7407.41,02-OCT-07:10,0.601933E+10,4218.28,02-OCT-07:10
,November,0.679225E+10,7407.41,01-NOV-07:10,0.588614E+10,4218.28,01-NOV-07:10
,December,0.663703E+10,7407.41,01-DEC-08:09,0.591971E+10,4218.28,01-DEC-08:09
,,,,,,,
,Annual Sum or Average,0.823612E+11,,,0.715149E+11,,
,Minimum of Months,0.623011E+10,7407.41,,0.544801E+10,4218.28,
,Maximum of Months,0.742358E+10,7407.41,,0.625863E+10,4218.28,


----------------------------------------------------------------------------------------------------
REPORT:,ZoneElectricSummaryMonthly
FOR:,CORE_TOP
Custom Monthly Report

,,ZONE LIGHTS ELECTRICITY ENERGY [J],ZONE LIGHTS ELECTRICITY ENERGY {Maximum} [W],ZONE LIGHTS ELECTRICITY ENERGY {TIMESTAMP},ZONE ELECTRIC EQUIPMENT ELECTRICITY ENERGY [J],ZONE ELECTRIC EQUIPMENT ELECTRICITY ENERGY {Maximum} [W],ZONE ELECTRIC EQUIPMENT ELECTRICITY ENERGY {TIMESTAMP}
,January,0.686705E+10,7407.41,02-JAN-08:09,0.601797E+10,4218.28,02-JAN-08:09
,February,0.623011E+10,7407.41,01-FEB-08:09,0.544801E+10,4218.28,01-FEB-08:09
,March,0.742358E+10,7407.41,01-MAR-08:09,0.625863E+10,4218.28,01-MAR-08:09
,April,0.660998E+10,7407.41,03-APR-07:10,0.581130E+10,4218.28,03-APR-07:10
,May,0.714531E+10,7407.41,01-MAY-07:10,0.613830E+10,4218.28,01-MAY-07:10
,June,0.711839E+10,7407.41,01-JUN-07:10,0.602717E+10,4218.28,01-JUN-07:10
,July,0.663691E+10,7407.41,03-JUL-07:10,0.592107E+10,4218.28,03-JUL-07:10
,August,0.742346E+10,7407.41,01-AUG-07:10,0.625863E+10,4218.28,01-AUG-07:10
,September,0.660998E+10,7407.41,01-SEP-07:10,0.580858E+10,4218.28,01-SEP-07:10
,October,0.686717E+10,7407.41,02-OCT-07:10,0.601933E+10,4218.28,02-OCT-07:10
,November,0.679225E+10,7407.41,01-NOV-07:10,0.588614E+10,4218.28,01-NOV-07:10
,December,0.663703E+10,7407.41,01-DEC-08:09,0.591971E+10,4218.28,01-DEC-08:09
,,,,,,,
,Annual Sum or Average,0.823612E+11,,,0.715149E+11,,
,Minimum of Months,0.623011E+10,7407.41,,0.544801E+10,4218.28,
,Maximum of Months,0.742358E+10,7407.41,,0.625863E+10,4218.28,


----------------------------------------------------------------------------------------------------
REPORT:,ZoneElectricSummaryMonthly
FOR:,PERIMETER_TOP_ZN_3
Custom Monthly Report

,,ZONE LIGHTS ELECTRICITY ENERGY [J],ZONE LIGHTS ELECTRICITY ENERGY {Maximum} [W],ZONE LIGHTS ELECTRICITY ENERGY {TIMESTAMP},ZONE ELECTRIC EQUIPMENT ELECTRICITY ENERGY [J],ZONE ELECTRIC EQUIPMENT ELECTRICITY ENERGY {Maximum} [W],ZONE ELECTRIC EQUIPMENT ELECTRICITY ENERGY {TIMESTAMP}
,January,0.918041E+09,1561.55,02-JAN-16:49,0.126864E+10,889.25,02-JAN-08:09
,February,0.774339E+09,1243.16,13-FEB-16:00,0.114849E+10,889.25,01-FEB-08:09
,March,0.866979E+09,1082.71,16-MAR-07:10,0.131937E+10,889.25,01-MAR-08:09
,April,0.744869E+09,844.37,06-APR-07:10,0.122507E+10,889.25,03-APR-07:10
,May,0.781429E+09,825.27,19-MAY-07:10,0.129401E+10,889.25,01-MAY-07:10
,June,0.771758E+09,789.59,15-JUN-07:10,0.127058E+10,889.25,01-JUN-07:10
,July,0.722682E+09,832.69,26-JUL-07:10,0.124821E+10,889.25,03-JUL-07:10
,August,0.820919E+09,744.86,01-AUG-07:10,0.131937E+10,889.25,01-AUG-07:10
,September,0.760519E+09,1008.16,19-SEP-07:10,0.122450E+10,889.25,01-SEP-07:10
,October,0.836435E+09,1510.93,31-OCT-07:10,0.126893E+10,889.25,02-OCT-07:10
,November,0.907649E+09,1561.55,06-NOV-16:00,0.124085E+10,889.25,01-NOV-07:10
,December,0.914919E+09,1561.55,01-DEC-16:40,0.124793E+10,889.25,01-DEC-08:09
,,,,,,,
,Annual Sum or Average,0.982054E+10,,,0.150760E+11,,
,Minimum of Months,0.722682E+09,744.86,,0.114849E+10,889.25,
,Maximum of Months,0.918041E+09,1561.55,,0.131937E+10,889.25,


----------------------------------------------------------------------------------------------------
REPORT:,ZoneElectricSummaryMonthly
FOR:,PERIMETER_TOP_ZN_2
Custom Monthly Report

,,ZONE LIGHTS ELECTRICITY ENERGY [J],ZONE LIGHTS ELECTRICITY ENERGY {Maximum} [W],ZONE LIGHTS ELECTRICITY ENERGY {TIMESTAMP},ZONE ELECTRIC EQUIPMENT ELECTRICITY ENERGY [J],ZONE ELECTRIC EQUIPMENT ELECTRICITY ENERGY {Maximum} [W],ZONE ELECTRIC EQUIPMENT ELECTRICITY ENERGY {TIMESTAMP}
,January,0.571151E+09,988.59,02-JAN-16:49,0.803154E+09,562.97,02-JAN-08:09
,February,0.488237E+09,798.30,13-FEB-16:00,0.727088E+09,562.97,01-FEB-08:09
,March,0.548025E+09,549.21,01-MAR-17:00,0.835273E+09,562.97,01-MAR-08:09
,April,0.472010E+09,503.81,06-APR-07:10,0.775572E+09,562.97,03-APR-07:10
,May,0.497659E+09,471.56,01-MAY-07:10,0.819213E+09,562.97,01-MAY-07:10
,June,0.491090E+09,471.56,01-JUN-07:10,0.804382E+09,562.97,01-JUN-07:10
,July,0.459312E+09,471.56,03-JUL-07:10,0.790222E+09,562.97,03-JUL-07:10
,August,0.521585E+09,471.56,01-AUG-07:10,0.835273E+09,562.97,01-AUG-07:10
,September,0.480820E+09,537.24,19-SEP-07:10,0.775209E+09,562.97,01-SEP-07:10
,October,0.524742E+09,937.43,31-OCT-07:10,0.803336E+09,562.97,02-OCT-07:10
,November,0.568597E+09,988.59,06-NOV-16:00,0.785560E+09,562.97,01-NOV-07:10
,December,0.569153E+09,988.59,01-DEC-16:40,0.790040E+09,562.97,01-DEC-08:09
,,,,,,,
,Annual Sum or Average,0.619238E+10,,,0.954432E+10,,
,Minimum of Months,0.459312E+09,471.56,,0.727088E+09,562.97,
,Maximum of Months,0.571151E+09,988.59,,0.835273E+09,562.97,


----------------------------------------------------------------------------------------------------
REPORT:,ZoneElectricSummaryMonthly
FOR:,PERIMETER_TOP_ZN_1
Custom Monthly Report

,,ZONE LIGHTS ELECTRICITY ENERGY [J],ZONE LIGHTS ELECTRICITY ENERGY {Maximum} [W],ZONE LIGHTS ELECTRICITY ENERGY {TIMESTAMP},ZONE ELECTRIC EQUIPMENT ELECTRICITY ENERGY [J],ZONE ELECTRIC EQUIPMENT ELECTRICITY ENERGY {Maximum} [W],ZONE ELECTRIC EQUIPMENT ELECTRICITY ENERGY {TIMESTAMP}
,January,0.885773E+09,1561.55,02-JAN-16:49,0.126864E+10,889.25,02-JAN-08:09
,February,0.762222E+09,1196.67,13-FEB-16:00,0.114849E+10,889.25,01-FEB-08:09
,March,0.862619E+09,1044.30,16-MAR-07:10,0.131937E+10,889.25,01-MAR-08:09
,April,0.746498E+09,841.83,06-APR-07:10,0.122507E+10,889.25,03-APR-07:10
,May,0.786165E+09,828.97,19-MAY-07:10,0.129401E+10,889.25,01-MAY-07:10
,June,0.775904E+09,800.95,15-JUN-07:10,0.127058E+10,889.25,01-JUN-07:10
,July,0.726657E+09,839.55,26-JUL-07:10,0.124821E+10,889.25,03-JUL-07:10
,August,0.823842E+09,744.86,01-AUG-07:10,0.131937E+10,889.25,01-AUG-07:10
,September,0.759067E+09,876.68,19-SEP-07:10,0.122450E+10,889.25,01-SEP-07:10
,October,0.824227E+09,1489.03,31-OCT-07:10,0.126893E+10,889.25,02-OCT-07:10
,November,0.884945E+09,1561.55,06-NOV-16:00,0.124085E+10,889.25,01-NOV-07:10
,December,0.885195E+09,1561.55,01-DEC-16:40,0.124793E+10,889.25,01-DEC-08:09
,,,,,,,
,Annual Sum or Average,0.972311E+10,,,0.150760E+11,,
,Minimum of Months,0.726657E+09,744.86,,0.114849E+10,889.25,
,Maximum of Months,0.885773E+09,1561.55,,0.131937E+10,889.25,


----------------------------------------------------------------------------------------------------
REPORT:,ZoneElectricSummaryMonthly
FOR:,PERIMETER_TOP_ZN_4
Custom Monthly Report

,,ZONE LIGHTS ELECTRICITY ENERGY [J],ZONE LIGHTS ELECTRICITY ENERGY {Maximum} [W],ZONE LIGHTS ELECTRICITY ENERGY {TIMESTAMP},ZONE ELECTRIC EQUIPMENT ELECTRICITY ENERGY [J],ZONE ELECTRIC EQUIPMENT ELECTRICITY ENERGY {Maximum} [W],ZONE ELECTRIC EQUIPMENT ELECTRICITY ENERGY {TIMESTAMP}
,January,0.569019E+09,988.52,02-JAN-16:49,0.803105E+09,562.93,02-JAN-08:09
,February,0.485619E+09,732.69,13-FEB-16:00,0.727043E+09,562.93,01-FEB-08:09
,March,0.547763E+09,729.44,16-MAR-07:10,0.835222E+09,562.93,01-MAR-08:09
,April,0.472163E+09,547.71,06-APR-07:10,0.775525E+09,562.93,03-APR-07:10
,May,0.495390E+09,534.17,19-MAY-07:10,0.819163E+09,562.93,01-MAY-07:10
,June,0.489073E+09,519.95,15-JUN-07:10,0.804333E+09,562.93,01-JUN-07:10
,July,0.458526E+09,539.68,26-JUL-07:10,0.790173E+09,562.93,03-JUL-07:10
,August,0.520068E+09,514.31,16-AUG-07:10,0.835222E+09,562.93,01-AUG-07:10
,September,0.481466E+09,678.70,19-SEP-07:10,0.775162E+09,562.93,01-SEP-07:10
,October,0.527316E+09,958.85,31-OCT-07:10,0.803287E+09,562.93,02-OCT-07:10
,November,0.565385E+09,988.52,06-NOV-16:00,0.785512E+09,562.93,01-NOV-07:10
,December,0.568829E+09,988.52,01-DEC-16:40,0.789992E+09,562.93,01-DEC-08:09
,,,,,,,
,Annual Sum or Average,0.618062E+10,,,0.954374E+10,,
,Minimum of Months,0.458526E+09,514.31,,0.727043E+09,562.93,
,Maximum of Months,0.569019E+09,988.52,,0.835222E+09,562.93,


----------------------------------------------------------------------------------------------------
REPORT:,ZoneElectricSummaryMonthly
FOR:,PERIMETER_BOT_ZN_3
Custom Monthly Report

,,ZONE LIGHTS ELECTRICITY ENERGY [J],ZONE LIGHTS ELECTRICITY ENERGY {Maximum} [W],ZONE LIGHTS ELECTRICITY ENERGY {TIMESTAMP},ZONE ELECTRIC EQUIPMENT ELECTRICITY ENERGY [J],ZONE ELECTRIC EQUIPMENT ELECTRICITY ENERGY {Maximum} [W],ZONE ELECTRIC EQUIPMENT ELECTRICITY ENERGY {TIMESTAMP}
,January,0.914185E+09,1561.55,02-JAN-16:49,0.126864E+10,889.25,02-JAN-08:09
,February,0.772877E+09,1230.97,13-FEB-16:00,0.114849E+10,889.25,01-FEB-08:09
,March,0.865740E+09,1063.92,16-MAR-07:10,0.131937E+10,889.25,01-MAR-08:09
,April,0.744368E+09,838.71,06-APR-07:10,0.122507E+10,889.25,03-APR-07:10
,May,0.780928E+09,818.69,19-MAY-07:10,0.129401E+10,889.25,01-MAY-07:10
,June,0.771359E+09,744.86,01-JUN-07:10,0.127058E+10,889.25,01-JUN-07:10
,July,0.722341E+09,826.44,26-JUL-07:10,0.124821E+10,889.25,03-JUL-07:10
,August,0.820286E+09,744.86,01-AUG-07:10,0.131937E+10,889.25,01-AUG-07:10
,September,0.759286E+09,876.77,19-SEP-07:10,0.122450E+10,889.25,01-SEP-07:10
,October,0.834665E+09,1508.97,31-OCT-07:10,0.126893E+10,889.25,02-OCT-07:10
,November,0.904748E+09,1561.55,06-NOV-16:00,0.124085E+10,889.25,01-NOV-07:10
,December,0.911512E+09,1561.55,01-DEC-16:40,0.124793E+10,889.25,01-DEC-08:09
,,,,,,,
,Annual Sum or Average,0.980230E+10,,,0.150760E+11,,
,Minimum of Months,0.722341E+09,744.86,,0.114849E+10,889.25,
,Maximum of Months,0.914185E+09,1561.55,,0.131937E+10,889.25,


----------------------------------------------------------------------------------------------------
REPORT:,ZoneElectricSummaryMonthly
FOR:,PERIMETER_BOT_ZN_2
Custom Monthly Report

,,ZONE LIGHTS ELECTRICITY ENERGY [J],ZONE LIGHTS ELECTRICITY ENERGY {Maximum} [W],ZONE LIGHTS ELECTRICITY ENERGY {TIMESTAMP},ZONE ELECTRIC EQUIPMENT ELECTRICITY ENERGY [J],ZONE ELECTRIC EQUIPMENT ELECTRICITY ENERGY {Maximum} [W],ZONE ELECTRIC EQUIPMENT ELECTRICITY ENERGY {TIMESTAMP}
,January,0.569763E+09,988.59,02-JAN-16:49,0.803154E+09,562.97,02-JAN-08:09
,February,0.487450E+09,792.42,13-FEB-16:00,0.727088E+09,562.97,01-FEB-08:09
,March,0.547536E+09,549.21,01-MAR-17:00,0.835273E+09,562.97,01-MAR-08:09
,April,0.471650E+09,471.56,03-APR-07:10,0.775572E+09,562.97,03-APR-07:10
,May,0.497252E+09,471.56,01-MAY-07:10,0.819213E+09,562.97,01-MAY-07:10
,June,0.490811E+09,471.56,01-JUN-07:10,0.804382E+09,562.97,01-JUN-07:10
,July,0.459085E+09,471.56,03-JUL-07:10,0.790222E+09,562.97,03-JUL-07:10
,August,0.521174E+09,471.56,01-AUG-07:10,0.835273E+09,562.97,01-AUG-07:10
,September,0.480224E+09,533.93,19-SEP-07:10,0.775209E+09,562.97,01-SEP-07:10
,October,0.523967E+09,935.54,31-OCT-07:10,0.803336E+09,562.97,02-OCT-07:10
,November,0.567420E+09,988.59,06-NOV-16:00,0.785560E+09,562.97,01-NOV-07:10
,December,0.567592E+09,988.59,01-DEC-16:40,0.790040E+09,562.97,01-DEC-08:09
,,,,,,,
,Annual Sum or Average,0.618392E+10,,,0.954432E+10,,
,Minimum of Months,0.459085E+09,471.56,,0.727088E+09,562.97,
,Maximum of Months,0.569763E+09,988.59,,0.835273E+09,562.97,


----------------------------------------------------------------------------------------------------
REPORT:,ZoneElectricSummaryMonthly
FOR:,PERIMETER_BOT_ZN_1
Custom Monthly Report

,,ZONE LIGHTS ELECTRICITY ENERGY [J],ZONE LIGHTS ELECTRICITY ENERGY {Maximum} [W],ZONE LIGHTS ELECTRICITY ENERGY {TIMESTAMP},ZONE ELECTRIC EQUIPMENT ELECTRICITY ENERGY [J],ZONE ELECTRIC EQUIPMENT ELECTRICITY ENERGY {Maximum} [W],ZONE ELECTRIC EQUIPMENT ELECTRICITY ENERGY {TIMESTAMP}
,January,0.883731E+09,1561.55,02-JAN-16:49,0.126864E+10,889.25,02-JAN-08:09
,February,0.761324E+09,1182.16,13-FEB-16:00,0.114849E+10,889.25,01-FEB-08:09
,March,0.861819E+09,1023.65,16-MAR-07:10,0.131937E+10,889.25,01-MAR-08:09
,April,0.745886E+09,836.03,06-APR-07:10,0.122507E+10,889.25,03-APR-07:10
,May,0.785447E+09,822.61,19-MAY-07:10,0.129401E+10,889.25,01-MAY-07:10
,June,0.775313E+09,793.29,15-JUN-07:10,0.127058E+10,889.25,01-JUN-07:10
,July,0.726180E+09,833.71,26-JUL-07:10,0.124821E+10,889.25,03-JUL-07:10
,August,0.823178E+09,744.86,01-AUG-07:10,0.131937E+10,889.25,01-AUG-07:10
,September,0.758177E+09,872.54,19-SEP-07:10,0.122450E+10,889.25,01-SEP-07:10
,October,0.823096E+09,1485.98,31-OCT-07:10,0.126893E+10,889.25,02-OCT-07:10
,November,0.883546E+09,1561.55,06-NOV-16:00,0.124085E+10,889.25,01-NOV-07:10
,December,0.883097E+09,1561.55,01-DEC-16:40,0.124793E+10,889.25,01-DEC-08:09
,,,,,,,
,Annual Sum or Average,0.971080E+10,,,0.150760E+11,,
,Minimum of Months,0.726180E+09,744.86,,0.114849E+10,889.25,
,Maximum of Months,0.883731E+09,1561.55,,0.131937E+10,889.25,


----------------------------------------------------------------------------------------------------
REPORT:,ZoneElectricSummaryMonthly
FOR:,PERIMETER_BOT_ZN_4
Custom Monthly Report

,,ZONE LIGHTS ELECTRICITY ENERGY [J],ZONE LIGHTS ELECTRICITY ENERGY {Maximum} [W],ZONE LIGHTS ELECTRICITY ENERGY {TIMESTAMP},ZONE ELECTRIC EQUIPMENT ELECTRICITY ENERGY [J],ZONE ELECTRIC EQUIPMENT ELECTRICITY ENERGY {Maximum} [W],ZONE ELECTRIC EQUIPMENT ELECTRICITY ENERGY {TIMESTAMP}
,January,0.567552E+09,988.52,02-JAN-16:49,0.803105E+09,562.93,02-JAN-08:09
,February,0.484951E+09,723.87,13-FEB-16:00,0.727043E+09,562.93,01-FEB-08:09
,March,0.547093E+09,721.46,16-MAR-07:10,0.835222E+09,562.93,01-MAR-08:09
,April,0.471489E+09,545.09,06-APR-07:10,0.775525E+09,562.93,03-APR-07:10
,May,0.494997E+09,530.94,19-MAY-07:10,0.819163E+09,562.93,01-MAY-07:10
,June,0.488694E+09,516.15,15-JUN-07:10,0.804333E+09,562.93,01-JUN-07:10
,July,0.458210E+09,536.68,26-JUL-07:10,0.790173E+09,562.93,03-JUL-07:10
,August,0.519633E+09,510.36,16-AUG-07:10,0.835222E+09,562.93,01-AUG-07:10
,September,0.480755E+09,669.23,19-SEP-07:10,0.775162E+09,562.93,01-SEP-07:10
,October,0.526484E+09,957.92,31-OCT-07:10,0.803287E+09,562.93,02-OCT-07:10
,November,0.564156E+09,988.52,06-NOV-16:00,0.785512E+09,562.93,01-NOV-07:10
,December,0.567294E+09,988.52,01-DEC-16:40,0.789992E+09,562.93,01-DEC-08:09
,,,,,,,
,Annual Sum or Average,0.617131E+10,,,0.954374E+10,,
,Minimum of Months,0.458210E+09,510.36,,0.727043E+09,562.93,
,Maximum of Months,0.567552E+09,988.52,,0.835222E+09,562.93,


----------------------------------------------------------------------------------------------------
REPORT:,ZoneElectricSummaryMonthly
FOR:,PERIMETER_MID_ZN_3
Custom Monthly Report

,,ZONE LIGHTS ELECTRICITY ENERGY [J],ZONE LIGHTS ELECTRICITY ENERGY {Maximum} [W],ZONE LIGHTS ELECTRICITY ENERGY {TIMESTAMP},ZONE ELECTRIC EQUIPMENT ELECTRICITY ENERGY [J],ZONE ELECTRIC EQUIPMENT ELECTRICITY ENERGY {Maximum} [W],ZONE ELECTRIC EQUIPMENT ELECTRICITY ENERGY {TIMESTAMP}
,January,0.918036E+09,1561.55,02-JAN-16:49,0.126864E+10,889.25,02-JAN-08:09
,February,0.774337E+09,1243.13,13-FEB-16:00,0.114849E+10,889.25,01-FEB-08:09
,March,0.866978E+09,1082.67,16-MAR-07:10,0.131937E+10,889.25,01-MAR-08:09
,April,0.744868E+09,844.36,06-APR-07:10,0.122507E+10,889.25,03-APR-07:10
,May,0.781429E+09,825.26,19-MAY-07:10,0.129401E+10,889.25,01-MAY-07:10
,June,0.771756E+09,789.57,15-JUN-07:10,0.127058E+10,889.25,01-JUN-07:10
,July,0.722682E+09,832.68,26-JUL-07:10,0.124821E+10,889.25,03-JUL-07:10
,August,0.820918E+09,744.86,01-AUG-07:10,0.131937E+10,889.25,01-AUG-07:10
,September,0.760518E+09,1008.11,19-SEP-07:10,0.122450E+10,889.25,01-SEP-07:10
,October,0.836433E+09,1510.92,31-OCT-07:10,0.126893E+10,889.25,02-OCT-07:10
,November,0.907645E+09,1561.55,06-NOV-16:00,0.124085E+10,889.25,01-NOV-07:10
,December,0.914914E+09,1561.55,01-DEC-16:40,0.124793E+10,889.25,01-DEC-08:09
,,,,,,,
,Annual Sum or Average,0.982051E+10,,,0.150760E+11,,
,Minimum of Months,0.722682E+09,744.86,,0.114849E+10,889.25,
,Maximum of Months,0.918036E+09,1561.55,,0.131937E+10,889.25,


----------------------------------------------------------------------------------------------------
REPORT:,ZoneElectricSummaryMonthly
FOR:,PERIMETER_MID_ZN_2
Custom Monthly Report

,,ZONE LIGHTS ELECTRICITY ENERGY [J],ZONE LIGHTS ELECTRICITY ENERGY {Maximum} [W],ZONE LIGHTS ELECTRICITY ENERGY {TIMESTAMP},ZONE ELECTRIC EQUIPMENT ELECTRICITY ENERGY [J],ZONE ELECTRIC EQUIPMENT ELECTRICITY ENERGY {Maximum} [W],ZONE ELECTRIC EQUIPMENT ELECTRICITY ENERGY {TIMESTAMP}
,January,0.571149E+09,988.59,02-JAN-16:49,0.803154E+09,562.97,02-JAN-08:09
,February,0.488236E+09,798.28,13-FEB-16:00,0.727088E+09,562.97,01-FEB-08:09
,March,0.548024E+09,549.21,01-MAR-17:00,0.835273E+09,562.97,01-MAR-08:09
,April,0.472010E+09,503.80,06-APR-07:10,0.775572E+09,562.97,03-APR-07:10
,May,0.497659E+09,471.56,01-MAY-07:10,0.819213E+09,562.97,01-MAY-07:10
,June,0.491090E+09,471.56,01-JUN-07:10,0.804382E+09,562.97,01-JUN-07:10
,July,0.459312E+09,471.56,03-JUL-07:10,0.790222E+09,562.97,03-JUL-07:10
,August,0.521584E+09,471.56,01-AUG-07:10,0.835273E+09,562.97,01-AUG-07:10
,September,0.480819E+09,537.24,19-SEP-07:10,0.775209E+09,562.97,01-SEP-07:10
,October,0.524741E+09,937.43,31-OCT-07:10,0.803336E+09,562.97,02-OCT-07:10
,November,0.568595E+09,988.59,06-NOV-16:00,0.785560E+09,562.97,01-NOV-07:10
,December,0.569151E+09,988.59,01-DEC-16:40,0.790040E+09,562.97,01-DEC-08:09
,,,,,,,
,Annual Sum or Average,0.619237E+10,,,0.954432E+10,,
,Minimum of Months,0.459312E+09,471.56,,0.727088E+09,562.97,
,Maximum of Months,0.571149E+09,988.59,,0.835273E+09,562.97,


----------------------------------------------------------------------------------------------------
REPORT:,ZoneElectricSummaryMonthly
FOR:,PERIMETER_MID_ZN_1
Custom Monthly Report

,,ZONE LIGHTS ELECTRICITY ENERGY [J],ZONE LIGHTS ELECTRICITY ENERGY {Maximum} [W],ZONE LIGHTS ELECTRICITY ENERGY {TIMESTAMP},ZONE ELECTRIC EQUIPMENT ELECTRICITY ENERGY [J],ZONE ELECTRIC EQUIPMENT ELECTRICITY ENERGY {Maximum} [W],ZONE ELECTRIC EQUIPMENT ELECTRICITY ENERGY {TIMESTAMP}
,January,0.885770E+09,1561.55,02-JAN-16:49,0.126864E+10,889.25,02-JAN-08:09
,February,0.762221E+09,1196.64,13-FEB-16:00,0.114849E+10,889.25,01-FEB-08:09
,March,0.862618E+09,1044.26,16-MAR-07:10,0.131937E+10,889.25,01-MAR-08:09
,April,0.746497E+09,841.82,06-APR-07:10,0.122507E+10,889.25,03-APR-07:10
,May,0.786164E+09,828.95,19-MAY-07:10,0.129401E+10,889.25,01-MAY-07:10
,June,0.775904E+09,800.93,15-JUN-07:10,0.127058E+10,889.25,01-JUN-07:10
,July,0.726657E+09,839.54,26-JUL-07:10,0.124821E+10,889.25,03-JUL-07:10
,August,0.823840E+09,744.86,01-AUG-07:10,0.131937E+10,889.25,01-AUG-07:10
,September,0.759066E+09,876.67,19-SEP-07:10,0.122450E+10,889.25,01-SEP-07:10
,October,0.824195E+09,1489.03,31-OCT-07:10,0.126893E+10,889.25,02-OCT-07:10
,November,0.884943E+09,1561.55,06-NOV-16:00,0.124085E+10,889.25,01-NOV-07:10
,December,0.885193E+09,1561.55,01-DEC-16:40,0.124793E+10,889.25,01-DEC-08:09
,,,,,,,
,Annual Sum or Average,0.972307E+10,,,0.150760E+11,,
,Minimum of Months,0.726657E+09,744.86,,0.114849E+10,889.25,
,Maximum of Months,0.885770E+09,1561.55,,0.131937E+10,889.25,


----------------------------------------------------------------------------------------------------
REPORT:,ZoneElectricSummaryMonthly
FOR:,PERIMETER_MID_ZN_4
Custom Monthly Report

,,ZONE LIGHTS ELECTRICITY ENERGY [J],ZONE LIGHTS ELECTRICITY ENERGY {Maximum} [W],ZONE LIGHTS ELECTRICITY ENERGY {TIMESTAMP},ZONE ELECTRIC EQUIPMENT ELECTRICITY ENERGY [J],ZONE ELECTRIC EQUIPMENT ELECTRICITY ENERGY {Maximum} [W],ZONE ELECTRIC EQUIPMENT ELECTRICITY ENERGY {TIMESTAMP}
,January,0.569017E+09,988.52,02-JAN-16:49,0.803105E+09,562.93,02-JAN-08:09
,February,0.485619E+09,732.67,13-FEB-16:00,0.727043E+09,562.93,01-FEB-08:09
,March,0.547763E+09,729.41,16-MAR-07:10,0.835222E+09,562.93,01-MAR-08:09
,April,0.472162E+09,547.70,06-APR-07:10,0.775525E+09,562.93,03-APR-07:10
,May,0.495390E+09,534.16,19-MAY-07:10,0.819163E+09,562.93,01-MAY-07:10
,June,0.489073E+09,519.94,15-JUN-07:10,0.804333E+09,562.93,01-JUN-07:10
,July,0.458526E+09,539.67,26-JUL-07:10,0.790173E+09,562.93,03-JUL-07:10
,August,0.520068E+09,514.30,16-AUG-07:10,0.835222E+09,562.93,01-AUG-07:10
,September,0.481465E+09,678.67,19-SEP-07:10,0.775162E+09,562.93,01-SEP-07:10
,October,0.527315E+09,958.85,31-OCT-07:10,0.803287E+09,562.93,02-OCT-07:10
,November,0.565367E+09,988.52,06-NOV-16:00,0.785512E+09,562.93,01-NOV-07:10
,December,0.568827E+09,988.52,01-DEC-16:40,0.789992E+09,562.93,01-DEC-08:09
,,,,,,,
,Annual Sum or Average,0.618059E+10,,,0.954374E+10,,
,Minimum of Months,0.458526E+09,514.30,,0.727043E+09,562.93,
,Maximum of Months,0.569017E+09,988.52,,0.835222E+09,562.93,


----------------------------------------------------------------------------------------------------
REPORT:,SpaceGainsMonthly
FOR:,CORE_BOTTOM
Custom Monthly Report

,,ZONE PEOPLE TOTAL HEATING ENERGY [J],ZONE LIGHTS TOTAL HEATING ENERGY [J],ZONE ELECTRIC EQUIPMENT TOTAL HEATING ENERGY [J],ZONE GAS EQUIPMENT TOTAL HEATING ENERGY [],ZONE HOT WATER EQUIPMENT TOTAL HEATING ENERGY [],ZONE STEAM EQUIPMENT TOTAL HEATING ENERGY [],ZONE OTHER EQUIPMENT TOTAL HEATING ENERGY [],ZONE INFILTRATION SENSIBLE HEAT GAIN ENERGY [],ZONE INFILTRATION SENSIBLE HEAT LOSS ENERGY []
,January,0.438097E+10,0.686705E+10,0.111495E+11,0.00,0.00,0.00,0.00,0.00,0.00
,February,0.397457E+10,0.623011E+10,0.101016E+11,0.00,0.00,0.00,0.00,0.00,0.00
,March,0.474913E+10,0.742358E+10,0.117153E+11,0.00,0.00,0.00,0.00,0.00,0.00
,April,0.421417E+10,0.660998E+10,0.107639E+11,0.00,0.00,0.00,0.00,0.00,0.00
,May,0.456505E+10,0.714531E+10,0.114324E+11,0.00,0.00,0.00,0.00,0.00,0.00
,June,0.455230E+10,0.711839E+10,0.112703E+11,0.00,0.00,0.00,0.00,0.00,0.00
,July,0.422692E+10,0.663691E+10,0.109247E+11,0.00,0.00,0.00,0.00,0.00,0.00
,August,0.474913E+10,0.742346E+10,0.117153E+11,0.00,0.00,0.00,0.00,0.00,0.00
,September,0.421417E+10,0.660998E+10,0.107612E+11,0.00,0.00,0.00,0.00,0.00,0.00
,October,0.438097E+10,0.686717E+10,0.111509E+11,0.00,0.00,0.00,0.00,0.00,0.00
,November,0.433819E+10,0.679225E+10,0.109322E+11,0.00,0.00,0.00,0.00,0.00,0.00
,December,0.422692E+10,0.663703E+10,0.109233E+11,0.00,0.00,0.00,0.00,0.00,0.00
,,,,,,,,,,
,Annual Sum or Average,0.525725E+11,0.823612E+11,0.132840E+12,0.00,0.00,0.00,0.00,0.00,0.00
,Minimum of Months,0.397457E+10,0.623011E+10,0.101016E+11,0.00,0.00,0.00,0.00,0.00,0.00
,Maximum of Months,0.474913E+10,0.742358E+10,0.117153E+11,0.00,0.00,0.00,0.00,0.00,0.00


----------------------------------------------------------------------------------------------------
REPORT:,SpaceGainsMonthly
FOR:,CORE_MID
Custom Monthly Report

,,ZONE PEOPLE TOTAL HEATING ENERGY [J],ZONE LIGHTS TOTAL HEATING ENERGY [J],ZONE ELECTRIC EQUIPMENT TOTAL HEATING ENERGY [J],ZONE GAS EQUIPMENT TOTAL HEATING ENERGY [],ZONE HOT WATER EQUIPMENT TOTAL HEATING ENERGY [],ZONE STEAM EQUIPMENT TOTAL HEATING ENERGY [],ZONE OTHER EQUIPMENT TOTAL HEATING ENERGY [],ZONE INFILTRATION SENSIBLE HEAT GAIN ENERGY [],ZONE INFILTRATION SENSIBLE HEAT LOSS ENERGY []
,January,0.438097E+10,0.686705E+10,0.601797E+10,0.00,0.00,0.00,0.00,0.00,0.00
,February,0.397457E+10,0.623011E+10,0.544801E+10,0.00,0.00,0.00,0.00,0.00,0.00
,March,0.474913E+10,0.742358E+10,0.625863E+10,0.00,0.00,0.00,0.00,0.00,0.00
,April,0.421417E+10,0.660998E+10,0.581130E+10,0.00,0.00,0.00,0.00,0.00,0.00
,May,0.456505E+10,0.714531E+10,0.613830E+10,0.00,0.00,0.00,0.00,0.00,0.00
,June,0.455230E+10,0.711839E+10,0.602717E+10,0.00,0.00,0.00,0.00,0.00,0.00
,July,0.422692E+10,0.663691E+10,0.592107E+10,0.00,0.00,0.00,0.00,0.00,0.00
,August,0.474913E+10,0.742346E+10,0.625863E+10,0.00,0.00,0.00,0.00,0.00,0.00
,September,0.421417E+10,0.660998E+10,0.580858E+10,0.00,0.00,0.00,0.00,0.00,0.00
,October,0.438097E+10,0.686717E+10,0.601933E+10,0.00,0.00,0.00,0.00,0.00,0.00
,November,0.433819E+10,0.679225E+10,0.588614E+10,0.00,0.00,0.00,0.00,0.00,0.00
,December,0.422692E+10,0.663703E+10,0.591971E+10,0.00,0.00,0.00,0.00,0.00,0.00
,,,,,,,,,,
,Annual Sum or Average,0.525725E+11,0.823612E+11,0.715149E+11,0.00,0.00,0.00,0.00,0.00,0.00
,Minimum of Months,0.397457E+10,0.623011E+10,0.544801E+10,0.00,0.00,0.00,0.00,0.00,0.00
,Maximum of Months,0.474913E+10,0.742358E+10,0.625863E+10,0.00,0.00,0.00,0.00,0.00,0.00


----------------------------------------------------------------------------------------------------
REPORT:,SpaceGainsMonthly
FOR:,CORE_TOP
Custom Monthly Report

,,ZONE PEOPLE TOTAL HEATING ENERGY [J],ZONE LIGHTS TOTAL HEATING ENERGY [J],ZONE ELECTRIC EQUIPMENT TOTAL HEATING ENERGY [J],ZONE GAS EQUIPMENT TOTAL HEATING ENERGY [],ZONE HOT WATER EQUIPMENT TOTAL HEATING ENERGY [],ZONE STEAM EQUIPMENT TOTAL HEATING ENERGY [],ZONE OTHER EQUIPMENT TOTAL HEATING ENERGY [],ZONE INFILTRATION SENSIBLE HEAT GAIN ENERGY [],ZONE INFILTRATION SENSIBLE HEAT LOSS ENERGY []
,January,0.438097E+10,0.686705E+10,0.601797E+10,0.00,0.00,0.00,0.00,0.00,0.00
,February,0.397457E+10,0.623011E+10,0.544801E+10,0.00,0.00,0.00,0.00,0.00,0.00
,March,0.474913E+10,0.742358E+10,0.625863E+10,0.00,0.00,0.00,0.00,0.00,0.00
,April,0.421417E+10,0.660998E+10,0.581130E+10,0.00,0.00,0.00,0.00,0.00,0.00
,May,0.456505E+10,0.714531E+10,0.613830E+10,0.00,0.00,0.00,0.00,0.00,0.00
,June,0.455230E+10,0.711839E+10,0.602717E+10,0.00,0.00,0.00,0.00,0.00,0.00
,July,0.422692E+10,0.663691E+10,0.592107E+10,0.00,0.00,0.00,0.00,0.00,0.00
,August,0.474913E+10,0.742346E+10,0.625863E+10,0.00,0.00,0.00,0.00,0.00,0.00
,September,0.421417E+10,0.660998E+10,0.580858E+10,0.00,0.00,0.00,0.00,0.00,0.00
,October,0.438097E+10,0.686717E+10,0.601933E+10,0.00,0.00,0.00,0.00,0.00,0.00
,November,0.433819E+10,0.679225E+10,0.588614E+10,0.00,0.00,0.00,0.00,0.00,0.00
,December,0.422692E+10,0.663703E+10,0.591971E+10,0.00,0.00,0.00,0.00,0.00,0.00
,,,,,,,,,,
,Annual Sum or Average,0.525725E+11,0.823612E+11,0.715149E+11,0.00,0.00,0.00,0.00,0.00,0.00
,Minimum of Months,0.397457E+10,0.623011E+10,0.544801E+10,0.00,0.00,0.00,0.00,0.00,0.00
,Maximum of Months,0.474913E+10,0.742358E+10,0.625863E+10,0.00,0.00,0.00,0.00,0.00,0.00


----------------------------------------------------------------------------------------------------
REPORT:,SpaceGainsMonthly
FOR:,PERIMETER_TOP_ZN_3
Custom Monthly Report

,,ZONE PEOPLE TOTAL HEATING ENERGY [J],ZONE LIGHTS TOTAL HEATING ENERGY [J],ZONE ELECTRIC EQUIPMENT TOTAL HEATING ENERGY [J],ZONE GAS EQUIPMENT TOTAL HEATING ENERGY [],ZONE HOT WATER EQUIPMENT TOTAL HEATING ENERGY [],ZONE STEAM EQUIPMENT TOTAL HEATING ENERGY [],ZONE OTHER EQUIPMENT TOTAL HEATING ENERGY [],ZONE INFILTRATION SENSIBLE HEAT GAIN ENERGY [J],ZONE INFILTRATION SENSIBLE HEAT LOSS ENERGY [J]
,January,0.923547E+09,0.918041E+09,0.126864E+10,0.00,0.00,0.00,0.00,0.00,0.218392E+10
,February,0.837874E+09,0.774339E+09,0.114849E+10,0.00,0.00,0.00,0.00,0.00,0.194564E+10
,March,0.100116E+10,0.866979E+09,0.131937E+10,0.00,0.00,0.00,0.00,30375.97,0.164218E+10
,April,0.888384E+09,0.744869E+09,0.122507E+10,0.00,0.00,0.00,0.00,991400.94,0.108677E+10
,May,0.962353E+09,0.781429E+09,0.129401E+10,0.00,0.00,0.00,0.00,13842474.38,0.533782E+09
,June,0.959666E+09,0.771758E+09,0.127058E+10,0.00,0.00,0.00,0.00,46029197.08,0.215837E+09
,July,0.891071E+09,0.722682E+09,0.124821E+10,0.00,0.00,0.00,0.00,0.123284E+09,94225401.76
,August,0.100116E+10,0.820919E+09,0.131937E+10,0.00,0.00,0.00,0.00,49047589.39,0.139416E+09
,September,0.888384E+09,0.760519E+09,0.122450E+10,0.00,0.00,0.00,0.00,18943166.37,0.347156E+09
,October,0.923547E+09,0.836435E+09,0.126893E+10,0.00,0.00,0.00,0.00,2234547.94,0.764221E+09
,November,0.914529E+09,0.907649E+09,0.124085E+10,0.00,0.00,0.00,0.00,4248.82,0.119611E+10
,December,0.891071E+09,0.914919E+09,0.124793E+10,0.00,0.00,0.00,0.00,0.00,0.189924E+10
,,,,,,,,,,
,Annual Sum or Average,0.110827E+11,0.982054E+10,0.150760E+11,0.00,0.00,0.00,0.00,0.254407E+09,0.120485E+11
,Minimum of Months,0.837874E+09,0.722682E+09,0.114849E+10,0.00,0.00,0.00,0.00,0.00,94225401.76
,Maximum of Months,0.100116E+10,0.918041E+09,0.131937E+10,0.00,0.00,0.00,0.00,0.123284E+09,0.218392E+10


----------------------------------------------------------------------------------------------------
REPORT:,SpaceGainsMonthly
FOR:,PERIMETER_TOP_ZN_2
Custom Monthly Report

,,ZONE PEOPLE TOTAL HEATING ENERGY [J],ZONE LIGHTS TOTAL HEATING ENERGY [J],ZONE ELECTRIC EQUIPMENT TOTAL HEATING ENERGY [J],ZONE GAS EQUIPMENT TOTAL HEATING ENERGY [],ZONE HOT WATER EQUIPMENT TOTAL HEATING ENERGY [],ZONE STEAM EQUIPMENT TOTAL HEATING ENERGY [],ZONE OTHER EQUIPMENT TOTAL HEATING ENERGY [],ZONE INFILTRATION SENSIBLE HEAT GAIN ENERGY [J],ZONE INFILTRATION SENSIBLE HEAT LOSS ENERGY [J]
,January,0.584682E+09,0.571151E+09,0.803154E+09,0.00,0.00,0.00,0.00,0.00,0.147048E+10
,February,0.530443E+09,0.488237E+09,0.727088E+09,0.00,0.00,0.00,0.00,0.00,0.130890E+10
,March,0.633816E+09,0.548025E+09,0.835273E+09,0.00,0.00,0.00,0.00,19948.35,0.110555E+10
,April,0.562421E+09,0.472010E+09,0.775572E+09,0.00,0.00,0.00,0.00,654514.74,0.730903E+09
,May,0.609249E+09,0.497659E+09,0.819213E+09,0.00,0.00,0.00,0.00,9145333.44,0.359837E+09
,June,0.607548E+09,0.491090E+09,0.804382E+09,0.00,0.00,0.00,0.00,30344183.30,0.146133E+09
,July,0.564122E+09,0.459312E+09,0.790222E+09,0.00,0.00,0.00,0.00,81494029.37,64213016.62
,August,0.633816E+09,0.521585E+09,0.835273E+09,0.00,0.00,0.00,0.00,32307560.76,96038146.00
,September,0.562421E+09,0.480820E+09,0.775209E+09,0.00,0.00,0.00,0.00,12389249.39,0.237309E+09
,October,0.584682E+09,0.524742E+09,0.803336E+09,0.00,0.00,0.00,0.00,1502776.90,0.516401E+09
,November,0.578973E+09,0.568597E+09,0.785560E+09,0.00,0.00,0.00,0.00,5198.44,0.804960E+09
,December,0.564122E+09,0.569153E+09,0.790040E+09,0.00,0.00,0.00,0.00,0.00,0.127920E+10
,,,,,,,,,,
,Annual Sum or Average,0.701629E+10,0.619238E+10,0.954432E+10,0.00,0.00,0.00,0.00,0.167863E+09,0.811992E+10
,Minimum of Months,0.530443E+09,0.459312E+09,0.727088E+09,0.00,0.00,0.00,0.00,0.00,64213016.62
,Maximum of Months,0.633816E+09,0.571151E+09,0.835273E+09,0.00,0.00,0.00,0.00,81494029.37,0.147048E+10


----------------------------------------------------------------------------------------------------
REPORT:,SpaceGainsMonthly
FOR:,PERIMETER_TOP_ZN_1
Custom Monthly Report

,,ZONE PEOPLE TOTAL HEATING ENERGY [J],ZONE LIGHTS TOTAL HEATING ENERGY [J],ZONE ELECTRIC EQUIPMENT TOTAL HEATING ENERGY [J],ZONE GAS EQUIPMENT TOTAL HEATING ENERGY [],ZONE HOT WATER EQUIPMENT TOTAL HEATING ENERGY [],ZONE STEAM EQUIPMENT TOTAL HEATING ENERGY [],ZONE OTHER EQUIPMENT TOTAL HEATING ENERGY [],ZONE INFILTRATION SENSIBLE HEAT GAIN ENERGY [J],ZONE INFILTRATION SENSIBLE HEAT LOSS ENERGY [J]
,January,0.923547E+09,0.885773E+09,0.126864E+10,0.00,0.00,0.00,0.00,0.00,0.220886E+10
,February,0.837874E+09,0.762222E+09,0.114849E+10,0.00,0.00,0.00,0.00,0.00,0.196658E+10
,March,0.100116E+10,0.862619E+09,0.131937E+10,0.00,0.00,0.00,0.00,29961.15,0.166213E+10
,April,0.888384E+09,0.746498E+09,0.122507E+10,0.00,0.00,0.00,0.00,844583.32,0.110076E+10
,May,0.962353E+09,0.786165E+09,0.129401E+10,0.00,0.00,0.00,0.00,13604813.92,0.541577E+09
,June,0.959666E+09,0.775904E+09,0.127058E+10,0.00,0.00,0.00,0.00,45891621.97,0.217571E+09
,July,0.891071E+09,0.726657E+09,0.124821E+10,0.00,0.00,0.00,0.00,0.122160E+09,95186151.19
,August,0.100116E+10,0.823842E+09,0.131937E+10,0.00,0.00,0.00,0.00,47591452.25,0.145275E+09
,September,0.888384E+09,0.759067E+09,0.122450E+10,0.00,0.00,0.00,0.00,17594360.06,0.363963E+09
,October,0.923547E+09,0.824227E+09,0.126893E+10,0.00,0.00,0.00,0.00,2245784.93,0.787267E+09
,November,0.914529E+09,0.884945E+09,0.124085E+10,0.00,0.00,0.00,0.00,6295.78,0.121418E+10
,December,0.891071E+09,0.885195E+09,0.124793E+10,0.00,0.00,0.00,0.00,0.00,0.192293E+10
,,,,,,,,,,
,Annual Sum or Average,0.110827E+11,0.972311E+10,0.150760E+11,0.00,0.00,0.00,0.00,0.249969E+09,0.122263E+11
,Minimum of Months,0.837874E+09,0.726657E+09,0.114849E+10,0.00,0.00,0.00,0.00,0.00,95186151.19
,Maximum of Months,0.100116E+10,0.885773E+09,0.131937E+10,0.00,0.00,0.00,0.00,0.122160E+09,0.220886E+10


----------------------------------------------------------------------------------------------------
REPORT:,SpaceGainsMonthly
FOR:,PERIMETER_TOP_ZN_4
Custom Monthly Report

,,ZONE PEOPLE TOTAL HEATING ENERGY [J],ZONE LIGHTS TOTAL HEATING ENERGY [J],ZONE ELECTRIC EQUIPMENT TOTAL HEATING ENERGY [J],ZONE GAS EQUIPMENT TOTAL HEATING ENERGY [],ZONE HOT WATER EQUIPMENT TOTAL HEATING ENERGY [],ZONE STEAM EQUIPMENT TOTAL HEATING ENERGY [],ZONE OTHER EQUIPMENT TOTAL HEATING ENERGY [],ZONE INFILTRATION SENSIBLE HEAT GAIN ENERGY [J],ZONE INFILTRATION SENSIBLE HEAT LOSS ENERGY [J]
,January,0.584643E+09,0.569019E+09,0.803105E+09,0.00,0.00,0.00,0.00,0.00,0.147143E+10
,February,0.530409E+09,0.485619E+09,0.727043E+09,0.00,0.00,0.00,0.00,0.00,0.131140E+10
,March,0.633775E+09,0.547763E+09,0.835222E+09,0.00,0.00,0.00,0.00,19943.61,0.110782E+10
,April,0.562384E+09,0.472163E+09,0.775525E+09,0.00,0.00,0.00,0.00,561257.42,0.735891E+09
,May,0.609209E+09,0.495390E+09,0.819163E+09,0.00,0.00,0.00,0.00,9062028.04,0.367992E+09
,June,0.607508E+09,0.489073E+09,0.804333E+09,0.00,0.00,0.00,0.00,30108315.25,0.151817E+09
,July,0.564085E+09,0.458526E+09,0.790173E+09,0.00,0.00,0.00,0.00,78194216.85,71333621.13
,August,0.633775E+09,0.520068E+09,0.835222E+09,0.00,0.00,0.00,0.00,31412854.42,0.101881E+09
,September,0.562384E+09,0.481466E+09,0.775162E+09,0.00,0.00,0.00,0.00,12077796.18,0.242119E+09
,October,0.584643E+09,0.527316E+09,0.803287E+09,0.00,0.00,0.00,0.00,1504086.44,0.519295E+09
,November,0.578935E+09,0.565385E+09,0.785512E+09,0.00,0.00,0.00,0.00,5384.30,0.805562E+09
,December,0.564085E+09,0.568829E+09,0.789992E+09,0.00,0.00,0.00,0.00,0.00,0.128104E+10
,,,,,,,,,,
,Annual Sum or Average,0.701583E+10,0.618062E+10,0.954374E+10,0.00,0.00,0.00,0.00,0.162946E+09,0.816759E+10
,Minimum of Months,0.530409E+09,0.458526E+09,0.727043E+09,0.00,0.00,0.00,0.00,0.00,71333621.13
,Maximum of Months,0.633775E+09,0.569019E+09,0.835222E+09,0.00,0.00,0.00,0.00,78194216.85,0.147143E+10


----------------------------------------------------------------------------------------------------
REPORT:,SpaceGainsMonthly
FOR:,PERIMETER_BOT_ZN_3
Custom Monthly Report

,,ZONE PEOPLE TOTAL HEATING ENERGY [J],ZONE LIGHTS TOTAL HEATING ENERGY [J],ZONE ELECTRIC EQUIPMENT TOTAL HEATING ENERGY [J],ZONE GAS EQUIPMENT TOTAL HEATING ENERGY [],ZONE HOT WATER EQUIPMENT TOTAL HEATING ENERGY [],ZONE STEAM EQUIPMENT TOTAL HEATING ENERGY [],ZONE OTHER EQUIPMENT TOTAL HEATING ENERGY [],ZONE INFILTRATION SENSIBLE HEAT GAIN ENERGY [J],ZONE INFILTRATION SENSIBLE HEAT LOSS ENERGY [J]
,January,0.923547E+09,0.914185E+09,0.126864E+10,0.00,0.00,0.00,0.00,0.00,0.116376E+10
,February,0.837874E+09,0.772877E+09,0.114849E+10,0.00,0.00,0.00,0.00,0.00,0.103683E+10
,March,0.100116E+10,0.865740E+09,0.131937E+10,0.00,0.00,0.00,0.00,19601.57,0.872107E+09
,April,0.888384E+09,0.744368E+09,0.122507E+10,0.00,0.00,0.00,0.00,567767.63,0.572939E+09
,May,0.962353E+09,0.780928E+09,0.129401E+10,0.00,0.00,0.00,0.00,7385951.07,0.283228E+09
,June,0.959666E+09,0.771359E+09,0.127058E+10,0.00,0.00,0.00,0.00,25019605.37,0.114857E+09
,July,0.891071E+09,0.722341E+09,0.124821E+10,0.00,0.00,0.00,0.00,67543175.85,49487823.40
,August,0.100116E+10,0.820286E+09,0.131937E+10,0.00,0.00,0.00,0.00,26557686.17,77063250.18
,September,0.888384E+09,0.759286E+09,0.122450E+10,0.00,0.00,0.00,0.00,10334377.39,0.193624E+09
,October,0.923547E+09,0.834665E+09,0.126893E+10,0.00,0.00,0.00,0.00,1237055.93,0.422271E+09
,November,0.914529E+09,0.904748E+09,0.124085E+10,0.00,0.00,0.00,0.00,1769.81,0.645983E+09
,December,0.891071E+09,0.911512E+09,0.124793E+10,0.00,0.00,0.00,0.00,0.00,0.101483E+10
,,,,,,,,,,
,Annual Sum or Average,0.110827E+11,0.980230E+10,0.150760E+11,0.00,0.00,0.00,0.00,0.138667E+09,0.644697E+10
,Minimum of Months,0.837874E+09,0.722341E+09,0.114849E+10,0.00,0.00,0.00,0.00,0.00,49487823.40
,Maximum of Months,0.100116E+10,0.914185E+09,0.131937E+10,0.00,0.00,0.00,0.00,67543175.85,0.116376E+10


----------------------------------------------------------------------------------------------------
REPORT:,SpaceGainsMonthly
FOR:,PERIMETER_BOT_ZN_2
Custom Monthly Report

,,ZONE PEOPLE TOTAL HEATING ENERGY [J],ZONE LIGHTS TOTAL HEATING ENERGY [J],ZONE ELECTRIC EQUIPMENT TOTAL HEATING ENERGY [J],ZONE GAS EQUIPMENT TOTAL HEATING ENERGY [],ZONE HOT WATER EQUIPMENT TOTAL HEATING ENERGY [],ZONE STEAM EQUIPMENT TOTAL HEATING ENERGY [],ZONE OTHER EQUIPMENT TOTAL HEATING ENERGY [],ZONE INFILTRATION SENSIBLE HEAT GAIN ENERGY [J],ZONE INFILTRATION SENSIBLE HEAT LOSS ENERGY [J]
,January,0.584682E+09,0.569763E+09,0.803154E+09,0.00,0.00,0.00,0.00,0.00,0.783297E+09
,February,0.530443E+09,0.487450E+09,0.727088E+09,0.00,0.00,0.00,0.00,0.00,0.697310E+09
,March,0.633816E+09,0.547536E+09,0.835273E+09,0.00,0.00,0.00,0.00,12408.20,0.589993E+09
,April,0.562421E+09,0.471650E+09,0.775572E+09,0.00,0.00,0.00,0.00,353230.51,0.390203E+09
,May,0.609249E+09,0.497252E+09,0.819213E+09,0.00,0.00,0.00,0.00,4730399.37,0.197154E+09
,June,0.607548E+09,0.490811E+09,0.804382E+09,0.00,0.00,0.00,0.00,16010216.28,81326819.73
,July,0.564122E+09,0.459085E+09,0.790222E+09,0.00,0.00,0.00,0.00,43439115.54,36400953.94
,August,0.633816E+09,0.521174E+09,0.835273E+09,0.00,0.00,0.00,0.00,17251493.47,56341975.29
,September,0.562421E+09,0.480224E+09,0.775209E+09,0.00,0.00,0.00,0.00,6701240.21,0.135584E+09
,October,0.584682E+09,0.523967E+09,0.803336E+09,0.00,0.00,0.00,0.00,831095.07,0.288625E+09
,November,0.578973E+09,0.567420E+09,0.785560E+09,0.00,0.00,0.00,0.00,2445.68,0.434399E+09
,December,0.564122E+09,0.567592E+09,0.790040E+09,0.00,0.00,0.00,0.00,0.00,0.682920E+09
,,,,,,,,,,
,Annual Sum or Average,0.701629E+10,0.618392E+10,0.954432E+10,0.00,0.00,0.00,0.00,89331644.32,0.437355E+10
,Minimum of Months,0.530443E+09,0.459085E+09,0.727088E+09,0.00,0.00,0.00,0.00,0.00,36400953.94
,Maximum of Months,0.633816E+09,0.569763E+09,0.835273E+09,0.00,0.00,0.00,0.00,43439115.54,0.783297E+09


----------------------------------------------------------------------------------------------------
REPORT:,SpaceGainsMonthly
FOR:,PERIMETER_BOT_ZN_1
Custom Monthly Report

,,ZONE PEOPLE TOTAL HEATING ENERGY [J],ZONE LIGHTS TOTAL HEATING ENERGY [J],ZONE ELECTRIC EQUIPMENT TOTAL HEATING ENERGY [J],ZONE GAS EQUIPMENT TOTAL HEATING ENERGY [],ZONE HOT WATER EQUIPMENT TOTAL HEATING ENERGY [],ZONE STEAM EQUIPMENT TOTAL HEATING ENERGY [],ZONE OTHER EQUIPMENT TOTAL HEATING ENERGY [],ZONE INFILTRATION SENSIBLE HEAT GAIN ENERGY [J],ZONE INFILTRATION SENSIBLE HEAT LOSS ENERGY [J]
,January,0.923547E+09,0.883731E+09,0.126864E+10,0.00,0.00,0.00,0.00,0.00,0.832435E+10
,February,0.837874E+09,0.761324E+09,0.114849E+10,0.00,0.00,0.00,0.00,0.00,0.808207E+10
,March,0.100116E+10,0.861819E+09,0.131937E+10,0.00,0.00,0.00,0.00,207502.50,0.647495E+10
,April,0.888384E+09,0.745886E+09,0.122507E+10,0.00,0.00,0.00,0.00,1100116.50,0.443313E+10
,May,0.962353E+09,0.785447E+09,0.129401E+10,0.00,0.00,0.00,0.00,0.196231E+09,0.189104E+10
,June,0.959666E+09,0.775313E+09,0.127058E+10,0.00,0.00,0.00,0.00,0.411340E+09,0.803143E+09
,July,0.891071E+09,0.726180E+09,0.124821E+10,0.00,0.00,0.00,0.00,0.842428E+09,0.232359E+09
,August,0.100116E+10,0.823178E+09,0.131937E+10,0.00,0.00,0.00,0.00,0.594317E+09,0.451495E+09
,September,0.888384E+09,0.758177E+09,0.122450E+10,0.00,0.00,0.00,0.00,0.229941E+09,0.110842E+10
,October,0.923547E+09,0.823096E+09,0.126893E+10,0.00,0.00,0.00,0.00,34057588.69,0.280705E+10
,November,0.914529E+09,0.883546E+09,0.124085E+10,0.00,0.00,0.00,0.00,36698.38,0.518846E+10
,December,0.891071E+09,0.883097E+09,0.124793E+10,0.00,0.00,0.00,0.00,0.00,0.695723E+10
,,,,,,,,,,
,Annual Sum or Average,0.110827E+11,0.971080E+10,0.150760E+11,0.00,0.00,0.00,0.00,0.230966E+10,0.467537E+11
,Minimum of Months,0.837874E+09,0.726180E+09,0.114849E+10,0.00,0.00,0.00,0.00,0.00,0.232359E+09
,Maximum of Months,0.100116E+10,0.883731E+09,0.131937E+10,0.00,0.00,0.00,0.00,0.842428E+09,0.832435E+10


----------------------------------------------------------------------------------------------------
REPORT:,SpaceGainsMonthly
FOR:,PERIMETER_BOT_ZN_4
Custom Monthly Report

,,ZONE PEOPLE TOTAL HEATING ENERGY [J],ZONE LIGHTS TOTAL HEATING ENERGY [J],ZONE ELECTRIC EQUIPMENT TOTAL HEATING ENERGY [J],ZONE GAS EQUIPMENT TOTAL HEATING ENERGY [],ZONE HOT WATER EQUIPMENT TOTAL HEATING ENERGY [],ZONE STEAM EQUIPMENT TOTAL HEATING ENERGY [],ZONE OTHER EQUIPMENT TOTAL HEATING ENERGY [],ZONE INFILTRATION SENSIBLE HEAT GAIN ENERGY [J],ZONE INFILTRATION SENSIBLE HEAT LOSS ENERGY [J]
,January,0.584643E+09,0.567552E+09,0.803105E+09,0.00,0.00,0.00,0.00,0.00,0.783137E+09
,February,0.530409E+09,0.484951E+09,0.727043E+09,0.00,0.00,0.00,0.00,0.00,0.698446E+09
,March,0.633775E+09,0.547093E+09,0.835222E+09,0.00,0.00,0.00,0.00,12404.53,0.591058E+09
,April,0.562384E+09,0.471489E+09,0.775525E+09,0.00,0.00,0.00,0.00,301492.50,0.393176E+09
,May,0.609209E+09,0.494997E+09,0.819163E+09,0.00,0.00,0.00,0.00,4700319.15,0.202935E+09
,June,0.607508E+09,0.488694E+09,0.804333E+09,0.00,0.00,0.00,0.00,15891635.51,85058591.89
,July,0.564085E+09,0.458210E+09,0.790173E+09,0.00,0.00,0.00,0.00,41646815.23,41492608.63
,August,0.633775E+09,0.519633E+09,0.835222E+09,0.00,0.00,0.00,0.00,16912277.47,59626006.42
,September,0.562384E+09,0.480755E+09,0.775162E+09,0.00,0.00,0.00,0.00,6589248.08,0.137920E+09
,October,0.584643E+09,0.526484E+09,0.803287E+09,0.00,0.00,0.00,0.00,831533.36,0.290209E+09
,November,0.578935E+09,0.564156E+09,0.785512E+09,0.00,0.00,0.00,0.00,2526.36,0.434563E+09
,December,0.564085E+09,0.567294E+09,0.789992E+09,0.00,0.00,0.00,0.00,0.00,0.683170E+09
,,,,,,,,,,
,Annual Sum or Average,0.701583E+10,0.617131E+10,0.954374E+10,0.00,0.00,0.00,0.00,86888252.18,0.440079E+10
,Minimum of Months,0.530409E+09,0.458210E+09,0.727043E+09,0.00,0.00,0.00,0.00,0.00,41492608.63
,Maximum of Months,0.633775E+09,0.567552E+09,0.835222E+09,0.00,0.00,0.00,0.00,41646815.23,0.783137E+09


----------------------------------------------------------------------------------------------------
REPORT:,SpaceGainsMonthly
FOR:,PERIMETER_MID_ZN_3
Custom Monthly Report

,,ZONE PEOPLE TOTAL HEATING ENERGY [J],ZONE LIGHTS TOTAL HEATING ENERGY [J],ZONE ELECTRIC EQUIPMENT TOTAL HEATING ENERGY [J],ZONE GAS EQUIPMENT TOTAL HEATING ENERGY [],ZONE HOT WATER EQUIPMENT TOTAL HEATING ENERGY [],ZONE STEAM EQUIPMENT TOTAL HEATING ENERGY [],ZONE OTHER EQUIPMENT TOTAL HEATING ENERGY [],ZONE INFILTRATION SENSIBLE HEAT GAIN ENERGY [J],ZONE INFILTRATION SENSIBLE HEAT LOSS ENERGY [J]
,January,0.923547E+09,0.918036E+09,0.126864E+10,0.00,0.00,0.00,0.00,0.00,0.182214E+10
,February,0.837874E+09,0.774337E+09,0.114849E+10,0.00,0.00,0.00,0.00,0.00,0.162342E+10
,March,0.100116E+10,0.866978E+09,0.131937E+10,0.00,0.00,0.00,0.00,27642.61,0.137377E+10
,April,0.888384E+09,0.744868E+09,0.122507E+10,0.00,0.00,0.00,0.00,895599.02,0.915197E+09
,May,0.962353E+09,0.781429E+09,0.129401E+10,0.00,0.00,0.00,0.00,11533771.19,0.457279E+09
,June,0.959666E+09,0.771756E+09,0.127058E+10,0.00,0.00,0.00,0.00,38309936.85,0.185315E+09
,July,0.891071E+09,0.722682E+09,0.124821E+10,0.00,0.00,0.00,0.00,0.103733E+09,81695791.43
,August,0.100116E+10,0.820918E+09,0.131937E+10,0.00,0.00,0.00,0.00,41528225.68,0.121317E+09
,September,0.888384E+09,0.760518E+09,0.122450E+10,0.00,0.00,0.00,0.00,16015797.23,0.298185E+09
,October,0.923547E+09,0.836433E+09,0.126893E+10,0.00,0.00,0.00,0.00,1897048.77,0.649356E+09
,November,0.914529E+09,0.907645E+09,0.124085E+10,0.00,0.00,0.00,0.00,2772.63,0.100336E+10
,December,0.891071E+09,0.914914E+09,0.124793E+10,0.00,0.00,0.00,0.00,0.00,0.158584E+10
,,,,,,,,,,
,Annual Sum or Average,0.110827E+11,0.982051E+10,0.150760E+11,0.00,0.00,0.00,0.00,0.213944E+09,0.101169E+11
,Minimum of Months,0.837874E+09,0.722682E+09,0.114849E+10,0.00,0.00,0.00,0.00,0.00,81695791.43
,Maximum of Months,0.100116E+10,0.918036E+09,0.131937E+10,0.00,0.00,0.00,0.00,0.103733E+09,0.182214E+10


----------------------------------------------------------------------------------------------------
REPORT:,SpaceGainsMonthly
FOR:,PERIMETER_MID_ZN_2
Custom Monthly Report

,,ZONE PEOPLE TOTAL HEATING ENERGY [J],ZONE LIGHTS TOTAL HEATING ENERGY [J],ZONE ELECTRIC EQUIPMENT TOTAL HEATING ENERGY [J],ZONE GAS EQUIPMENT TOTAL HEATING ENERGY [],ZONE HOT WATER EQUIPMENT TOTAL HEATING ENERGY [],ZONE STEAM EQUIPMENT TOTAL HEATING ENERGY [],ZONE OTHER EQUIPMENT TOTAL HEATING ENERGY [],ZONE INFILTRATION SENSIBLE HEAT GAIN ENERGY [J],ZONE INFILTRATION SENSIBLE HEAT LOSS ENERGY [J]
,January,0.432094E+09,0.571149E+09,0.803154E+09,0.00,0.00,0.00,0.00,0.00,0.122649E+10
,February,0.391833E+09,0.488236E+09,0.727088E+09,0.00,0.00,0.00,0.00,0.00,0.109174E+10
,March,0.467251E+09,0.548024E+09,0.835273E+09,0.00,0.00,0.00,0.00,5957.88,0.924894E+09
,April,0.415366E+09,0.472010E+09,0.775572E+09,0.00,0.00,0.00,0.00,592381.49,0.615878E+09
,May,0.449673E+09,0.497659E+09,0.819213E+09,0.00,0.00,0.00,0.00,7322488.53,0.308754E+09
,June,0.447972E+09,0.491090E+09,0.804382E+09,0.00,0.00,0.00,0.00,24584498.29,0.125909E+09
,July,0.417067E+09,0.459312E+09,0.790222E+09,0.00,0.00,0.00,0.00,67499756.10,55866293.66
,August,0.467251E+09,0.521584E+09,0.835273E+09,0.00,0.00,0.00,0.00,26696456.17,83668689.10
,September,0.415366E+09,0.480819E+09,0.775209E+09,0.00,0.00,0.00,0.00,10307535.07,0.203470E+09
,October,0.432094E+09,0.524741E+09,0.803336E+09,0.00,0.00,0.00,0.00,1246399.42,0.438469E+09
,November,0.427841E+09,0.568595E+09,0.785560E+09,0.00,0.00,0.00,0.00,4264.73,0.673953E+09
,December,0.417067E+09,0.569151E+09,0.790040E+09,0.00,0.00,0.00,0.00,0.00,0.106753E+10
,,,,,,,,,,
,Annual Sum or Average,0.518088E+10,0.619237E+10,0.954432E+10,0.00,0.00,0.00,0.00,0.138260E+09,0.681662E+10
,Minimum of Months,0.391833E+09,0.459312E+09,0.727088E+09,0.00,0.00,0.00,0.00,0.00,55866293.66
,Maximum of Months,0.467251E+09,0.571149E+09,0.835273E+09,0.00,0.00,0.00,0.00,67499756.10,0.122649E+10


----------------------------------------------------------------------------------------------------
REPORT:,SpaceGainsMonthly
FOR:,PERIMETER_MID_ZN_1
Custom Monthly Report

,,ZONE PEOPLE TOTAL HEATING ENERGY [J],ZONE LIGHTS TOTAL HEATING ENERGY [J],ZONE ELECTRIC EQUIPMENT TOTAL HEATING ENERGY [J],ZONE GAS EQUIPMENT TOTAL HEATING ENERGY [],ZONE HOT WATER EQUIPMENT TOTAL HEATING ENERGY [],ZONE STEAM EQUIPMENT TOTAL HEATING ENERGY [],ZONE OTHER EQUIPMENT TOTAL HEATING ENERGY [],ZONE INFILTRATION SENSIBLE HEAT GAIN ENERGY [J],ZONE INFILTRATION SENSIBLE HEAT LOSS ENERGY [J]
,January,0.923547E+09,0.885770E+09,0.126864E+10,0.00,0.00,0.00,0.00,0.00,0.184431E+10
,February,0.837874E+09,0.762221E+09,0.114849E+10,0.00,0.00,0.00,0.00,0.00,0.164218E+10
,March,0.100116E+10,0.862618E+09,0.131937E+10,0.00,0.00,0.00,0.00,27000.35,0.139184E+10
,April,0.888384E+09,0.746497E+09,0.122507E+10,0.00,0.00,0.00,0.00,801606.53,0.928376E+09
,May,0.962353E+09,0.786164E+09,0.129401E+10,0.00,0.00,0.00,0.00,11334823.27,0.464032E+09
,June,0.959666E+09,0.775904E+09,0.127058E+10,0.00,0.00,0.00,0.00,38144193.52,0.186721E+09
,July,0.891071E+09,0.726657E+09,0.124821E+10,0.00,0.00,0.00,0.00,0.102840E+09,82535188.29
,August,0.100116E+10,0.823840E+09,0.131937E+10,0.00,0.00,0.00,0.00,40514027.79,0.126194E+09
,September,0.888384E+09,0.759066E+09,0.122450E+10,0.00,0.00,0.00,0.00,15217550.68,0.312025E+09
,October,0.923547E+09,0.824195E+09,0.126893E+10,0.00,0.00,0.00,0.00,1906355.19,0.669909E+09
,November,0.914529E+09,0.884943E+09,0.124085E+10,0.00,0.00,0.00,0.00,4722.72,0.101865E+10
,December,0.891071E+09,0.885193E+09,0.124793E+10,0.00,0.00,0.00,0.00,0.00,0.160684E+10
,,,,,,,,,,
,Annual Sum or Average,0.110827E+11,0.972307E+10,0.150760E+11,0.00,0.00,0.00,0.00,0.210790E+09,0.102736E+11
,Minimum of Months,0.837874E+09,0.726657E+09,0.114849E+10,0.00,0.00,0.00,0.00,0.00,82535188.29
,Maximum of Months,0.100116E+10,0.885770E+09,0.131937E+10,0.00,0.00,0.00,0.00,0.102840E+09,0.184431E+10


----------------------------------------------------------------------------------------------------
REPORT:,SpaceGainsMonthly
FOR:,PERIMETER_MID_ZN_4
Custom Monthly Report

,,ZONE PEOPLE TOTAL HEATING ENERGY [J],ZONE LIGHTS TOTAL HEATING ENERGY [J],ZONE ELECTRIC EQUIPMENT TOTAL HEATING ENERGY [J],ZONE GAS EQUIPMENT TOTAL HEATING ENERGY [],ZONE HOT WATER EQUIPMENT TOTAL HEATING ENERGY [],ZONE STEAM EQUIPMENT TOTAL HEATING ENERGY [],ZONE OTHER EQUIPMENT TOTAL HEATING ENERGY [],ZONE INFILTRATION SENSIBLE HEAT GAIN ENERGY [J],ZONE INFILTRATION SENSIBLE HEAT LOSS ENERGY [J]
,January,0.584643E+09,0.569017E+09,0.803105E+09,0.00,0.00,0.00,0.00,0.00,0.122668E+10
,February,0.530409E+09,0.485619E+09,0.727043E+09,0.00,0.00,0.00,0.00,0.00,0.109345E+10
,March,0.633775E+09,0.547763E+09,0.835222E+09,0.00,0.00,0.00,0.00,17962.84,0.926304E+09
,April,0.562384E+09,0.472162E+09,0.775525E+09,0.00,0.00,0.00,0.00,538026.89,0.620562E+09
,May,0.609209E+09,0.495390E+09,0.819163E+09,0.00,0.00,0.00,0.00,7551110.15,0.315477E+09
,June,0.607508E+09,0.489073E+09,0.804333E+09,0.00,0.00,0.00,0.00,25076173.85,0.130166E+09
,July,0.564085E+09,0.458526E+09,0.790173E+09,0.00,0.00,0.00,0.00,65757792.31,61613754.73
,August,0.633775E+09,0.520068E+09,0.835222E+09,0.00,0.00,0.00,0.00,26725481.39,88402238.20
,September,0.562384E+09,0.481465E+09,0.775162E+09,0.00,0.00,0.00,0.00,10312874.25,0.207623E+09
,October,0.584643E+09,0.527315E+09,0.803287E+09,0.00,0.00,0.00,0.00,1278049.24,0.440784E+09
,November,0.578935E+09,0.565367E+09,0.785512E+09,0.00,0.00,0.00,0.00,4365.13,0.674443E+09
,December,0.564085E+09,0.568827E+09,0.789992E+09,0.00,0.00,0.00,0.00,0.00,0.106849E+10
,,,,,,,,,,
,Annual Sum or Average,0.701583E+10,0.618059E+10,0.954374E+10,0.00,0.00,0.00,0.00,0.137262E+09,0.685400E+10
,Minimum of Months,0.530409E+09,0.458526E+09,0.727043E+09,0.00,0.00,0.00,0.00,0.00,61613754.73
,Maximum of Months,0.633775E+09,0.569017E+09,0.835222E+09,0.00,0.00,0.00,0.00,65757792.31,0.122668E+10


----------------------------------------------------------------------------------------------------
REPORT:,SpaceGainsMonthly
FOR:,FIRSTFLOOR_PLENUM
Custom Monthly Report

,,ZONE PEOPLE TOTAL HEATING ENERGY [],ZONE LIGHTS TOTAL HEATING ENERGY [],ZONE ELECTRIC EQUIPMENT TOTAL HEATING ENERGY [],ZONE GAS EQUIPMENT TOTAL HEATING ENERGY [],ZONE HOT WATER EQUIPMENT TOTAL HEATING ENERGY [],ZONE STEAM EQUIPMENT TOTAL HEATING ENERGY [],ZONE OTHER EQUIPMENT TOTAL HEATING ENERGY [],ZONE INFILTRATION SENSIBLE HEAT GAIN ENERGY [J],ZONE INFILTRATION SENSIBLE HEAT LOSS ENERGY [J]
,January,0.00,0.00,0.00,0.00,0.00,0.00,0.00,0.00,0.236640E+10
,February,0.00,0.00,0.00,0.00,0.00,0.00,0.00,0.00,0.210436E+10
,March,0.00,0.00,0.00,0.00,0.00,0.00,0.00,34545.51,0.177670E+10
,April,0.00,0.00,0.00,0.00,0.00,0.00,0.00,1064285.26,0.117471E+10
,May,0.00,0.00,0.00,0.00,0.00,0.00,0.00,14691556.86,0.582612E+09
,June,0.00,0.00,0.00,0.00,0.00,0.00,0.00,51212629.60,0.230117E+09
,July,0.00,0.00,0.00,0.00,0.00,0.00,0.00,0.137980E+09,95430201.30
,August,0.00,0.00,0.00,0.00,0.00,0.00,0.00,53260057.84,0.150065E+09
,September,0.00,0.00,0.00,0.00,0.00,0.00,0.00,21072840.05,0.384627E+09
,October,0.00,0.00,0.00,0.00,0.00,0.00,0.00,2359410.49,0.845078E+09
,November,0.00,0.00,0.00,0.00,0.00,0.00,0.00,1613.93,0.130460E+10
,December,0.00,0.00,0.00,0.00,0.00,0.00,0.00,0.00,0.206394E+10
,,,,,,,,,,
,Annual Sum or Average,0.00,0.00,0.00,0.00,0.00,0.00,0.00,0.281677E+09,0.130786E+11
,Minimum of Months,0.00,0.00,0.00,0.00,0.00,0.00,0.00,0.00,95430201.30
,Maximum of Months,0.00,0.00,0.00,0.00,0.00,0.00,0.00,0.137980E+09,0.236640E+10


----------------------------------------------------------------------------------------------------
REPORT:,SpaceGainsMonthly
FOR:,MIDFLOOR_PLENUM
Custom Monthly Report

,,ZONE PEOPLE TOTAL HEATING ENERGY [],ZONE LIGHTS TOTAL HEATING ENERGY [],ZONE ELECTRIC EQUIPMENT TOTAL HEATING ENERGY [],ZONE GAS EQUIPMENT TOTAL HEATING ENERGY [],ZONE HOT WATER EQUIPMENT TOTAL HEATING ENERGY [],ZONE STEAM EQUIPMENT TOTAL HEATING ENERGY [],ZONE OTHER EQUIPMENT TOTAL HEATING ENERGY [],ZONE INFILTRATION SENSIBLE HEAT GAIN ENERGY [J],ZONE INFILTRATION SENSIBLE HEAT LOSS ENERGY [J]
,January,0.00,0.00,0.00,0.00,0.00,0.00,0.00,0.00,0.305720E+10
,February,0.00,0.00,0.00,0.00,0.00,0.00,0.00,0.00,0.271923E+10
,March,0.00,0.00,0.00,0.00,0.00,0.00,0.00,43459.13,0.229535E+10
,April,0.00,0.00,0.00,0.00,0.00,0.00,0.00,1507545.67,0.151252E+10
,May,0.00,0.00,0.00,0.00,0.00,0.00,0.00,19311065.78,0.745622E+09
,June,0.00,0.00,0.00,0.00,0.00,0.00,0.00,66379713.29,0.295276E+09
,July,0.00,0.00,0.00,0.00,0.00,0.00,0.00,0.178427E+09,0.122888E+09
,August,0.00,0.00,0.00,0.00,0.00,0.00,0.00,69265168.18,0.190980E+09
,September,0.00,0.00,0.00,0.00,0.00,0.00,0.00,27554385.41,0.487966E+09
,October,0.00,0.00,0.00,0.00,0.00,0.00,0.00,3004376.94,0.107465E+10
,November,0.00,0.00,0.00,0.00,0.00,0.00,0.00,1778.80,0.167805E+10
,December,0.00,0.00,0.00,0.00,0.00,0.00,0.00,0.00,0.266300E+10
,,,,,,,,,,
,Annual Sum or Average,0.00,0.00,0.00,0.00,0.00,0.00,0.00,0.365495E+09,0.168427E+11
,Minimum of Months,0.00,0.00,0.00,0.00,0.00,0.00,0.00,0.00,0.122888E+09
,Maximum of Months,0.00,0.00,0.00,0.00,0.00,0.00,0.00,0.178427E+09,0.305720E+10


----------------------------------------------------------------------------------------------------
REPORT:,SpaceGainsMonthly
FOR:,TOPFLOOR_PLENUM
Custom Monthly Report

,,ZONE PEOPLE TOTAL HEATING ENERGY [],ZONE LIGHTS TOTAL HEATING ENERGY [],ZONE ELECTRIC EQUIPMENT TOTAL HEATING ENERGY [],ZONE GAS EQUIPMENT TOTAL HEATING ENERGY [],ZONE HOT WATER EQUIPMENT TOTAL HEATING ENERGY [],ZONE STEAM EQUIPMENT TOTAL HEATING ENERGY [],ZONE OTHER EQUIPMENT TOTAL HEATING ENERGY [],ZONE INFILTRATION SENSIBLE HEAT GAIN ENERGY [J],ZONE INFILTRATION SENSIBLE HEAT LOSS ENERGY [J]
,January,0.00,0.00,0.00,0.00,0.00,0.00,0.00,0.00,0.349320E+10
,February,0.00,0.00,0.00,0.00,0.00,0.00,0.00,0.00,0.310808E+10
,March,0.00,0.00,0.00,0.00,0.00,0.00,0.00,45210.26,0.260680E+10
,April,0.00,0.00,0.00,0.00,0.00,0.00,0.00,1440725.11,0.170174E+10
,May,0.00,0.00,0.00,0.00,0.00,0.00,0.00,21956975.16,0.795509E+09
,June,0.00,0.00,0.00,0.00,0.00,0.00,0.00,74727479.48,0.304329E+09
,July,0.00,0.00,0.00,0.00,0.00,0.00,0.00,0.202208E+09,0.119649E+09
,August,0.00,0.00,0.00,0.00,0.00,0.00,0.00,78245938.61,0.187733E+09
,September,0.00,0.00,0.00,0.00,0.00,0.00,0.00,30707834.10,0.519608E+09
,October,0.00,0.00,0.00,0.00,0.00,0.00,0.00,3344504.71,0.118882E+10
,November,0.00,0.00,0.00,0.00,0.00,0.00,0.00,1664.88,0.190625E+10
,December,0.00,0.00,0.00,0.00,0.00,0.00,0.00,0.00,0.303894E+10
,,,,,,,,,,
,Annual Sum or Average,0.00,0.00,0.00,0.00,0.00,0.00,0.00,0.412678E+09,0.189706E+11
,Minimum of Months,0.00,0.00,0.00,0.00,0.00,0.00,0.00,0.00,0.119649E+09
,Maximum of Months,0.00,0.00,0.00,0.00,0.00,0.00,0.00,0.202208E+09,0.349320E+10


----------------------------------------------------------------------------------------------------
REPORT:,PeakSpaceGainsMonthly
FOR:,CORE_BOTTOM
Custom Monthly Report

,,ZONE PEOPLE TOTAL HEATING ENERGY {Maximum} [W],ZONE PEOPLE TOTAL HEATING ENERGY {TIMESTAMP},ZONE LIGHTS TOTAL HEATING ENERGY {Maximum} [W],ZONE LIGHTS TOTAL HEATING ENERGY {TIMESTAMP},ZONE ELECTRIC EQUIPMENT TOTAL HEATING ENERGY {Maximum} [W],ZONE ELECTRIC EQUIPMENT TOTAL HEATING ENERGY {TIMESTAMP},ZONE GAS EQUIPMENT TOTAL HEATING ENERGY [],ZONE HOT WATER EQUIPMENT TOTAL HEATING ENERGY [],ZONE STEAM EQUIPMENT TOTAL HEATING ENERGY [],ZONE OTHER EQUIPMENT TOTAL HEATING ENERGY [],ZONE INFILTRATION SENSIBLE HEAT GAIN ENERGY [],ZONE INFILTRATION SENSIBLE HEAT LOSS ENERGY []
,January,5757.84,02-JAN-10:09,7407.41,02-JAN-08:09,11004.68,02-JAN-08:09,0.00,0.00,0.00,0.00,0.00,0.00
,February,5757.84,01-FEB-10:09,7407.41,01-FEB-08:09,11004.68,01-FEB-08:09,0.00,0.00,0.00,0.00,0.00,0.00
,March,5757.84,01-MAR-10:09,7407.41,01-MAR-08:09,11004.68,01-MAR-08:09,0.00,0.00,0.00,0.00,0.00,0.00
,April,5757.84,03-APR-09:09,7407.41,03-APR-07:10,11004.68,03-APR-07:10,0.00,0.00,0.00,0.00,0.00,0.00
,May,5757.84,01-MAY-09:09,7407.41,01-MAY-07:10,11004.68,01-MAY-07:10,0.00,0.00,0.00,0.00,0.00,0.00
,June,5757.84,01-JUN-09:09,7407.41,01-JUN-07:10,11004.68,01-JUN-07:10,0.00,0.00,0.00,0.00,0.00,0.00
,July,5757.84,03-JUL-09:09,7407.41,03-JUL-07:10,11004.68,03-JUL-07:10,0.00,0.00,0.00,0.00,0.00,0.00
,August,5757.84,01-AUG-09:09,7407.41,01-AUG-07:10,11004.68,01-AUG-07:10,0.00,0.00,0.00,0.00,0.00,0.00
,September,5757.84,01-SEP-09:09,7407.41,01-SEP-07:10,11004.68,01-SEP-07:10,0.00,0.00,0.00,0.00,0.00,0.00
,October,5757.84,02-OCT-09:09,7407.41,02-OCT-07:10,11004.68,02-OCT-07:10,0.00,0.00,0.00,0.00,0.00,0.00
,November,5757.84,01-NOV-09:09,7407.41,01-NOV-07:10,11004.68,01-NOV-07:10,0.00,0.00,0.00,0.00,0.00,0.00
,December,5757.84,01-DEC-10:09,7407.41,01-DEC-08:09,11004.68,01-DEC-08:09,0.00,0.00,0.00,0.00,0.00,0.00
,,,,,,,,,,,,,
,Annual Sum or Average,,,,,,,0.00,0.00,0.00,0.00,0.00,0.00
,Minimum of Months,5757.84,,7407.41,,11004.68,,0.00,0.00,0.00,0.00,0.00,0.00
,Maximum of Months,5757.84,,7407.41,,11004.68,,0.00,0.00,0.00,0.00,0.00,0.00


----------------------------------------------------------------------------------------------------
REPORT:,PeakSpaceGainsMonthly
FOR:,CORE_MID
Custom Monthly Report

,,ZONE PEOPLE TOTAL HEATING ENERGY {Maximum} [W],ZONE PEOPLE TOTAL HEATING ENERGY {TIMESTAMP},ZONE LIGHTS TOTAL HEATING ENERGY {Maximum} [W],ZONE LIGHTS TOTAL HEATING ENERGY {TIMESTAMP},ZONE ELECTRIC EQUIPMENT TOTAL HEATING ENERGY {Maximum} [W],ZONE ELECTRIC EQUIPMENT TOTAL HEATING ENERGY {TIMESTAMP},ZONE GAS EQUIPMENT TOTAL HEATING ENERGY [],ZONE HOT WATER EQUIPMENT TOTAL HEATING ENERGY [],ZONE STEAM EQUIPMENT TOTAL HEATING ENERGY [],ZONE OTHER EQUIPMENT TOTAL HEATING ENERGY [],ZONE INFILTRATION SENSIBLE HEAT GAIN ENERGY [],ZONE INFILTRATION SENSIBLE HEAT LOSS ENERGY []
,January,5757.84,02-JAN-10:09,7407.41,02-JAN-08:09,4218.28,02-JAN-08:09,0.00,0.00,0.00,0.00,0.00,0.00
,February,5757.84,01-FEB-10:09,7407.41,01-FEB-08:09,4218.28,01-FEB-08:09,0.00,0.00,0.00,0.00,0.00,0.00
,March,5757.84,01-MAR-10:09,7407.41,01-MAR-08:09,4218.28,01-MAR-08:09,0.00,0.00,0.00,0.00,0.00,0.00
,April,5757.84,03-APR-09:09,7407.41,03-APR-07:10,4218.28,03-APR-07:10,0.00,0.00,0.00,0.00,0.00,0.00
,May,5757.84,01-MAY-09:09,7407.41,01-MAY-07:10,4218.28,01-MAY-07:10,0.00,0.00,0.00,0.00,0.00,0.00
,June,5757.84,01-JUN-09:09,7407.41,01-JUN-07:10,4218.28,01-JUN-07:10,0.00,0.00,0.00,0.00,0.00,0.00
,July,5757.84,03-JUL-09:09,7407.41,03-JUL-07:10,4218.28,03-JUL-07:10,0.00,0.00,0.00,0.00,0.00,0.00
,August,5757.84,01-AUG-09:09,7407.41,01-AUG-07:10,4218.28,01-AUG-07:10,0.00,0.00,0.00,0.00,0.00,0.00
,September,5757.84,01-SEP-09:09,7407.41,01-SEP-07:10,4218.28,01-SEP-07:10,0.00,0.00,0.00,0.00,0.00,0.00
,October,5757.84,02-OCT-09:09,7407.41,02-OCT-07:10,4218.28,02-OCT-07:10,0.00,0.00,0.00,0.00,0.00,0.00
,November,5757.84,01-NOV-09:09,7407.41,01-NOV-07:10,4218.28,01-NOV-07:10,0.00,0.00,0.00,0.00,0.00,0.00
,December,5757.84,01-DEC-10:09,7407.41,01-DEC-08:09,4218.28,01-DEC-08:09,0.00,0.00,0.00,0.00,0.00,0.00
,,,,,,,,,,,,,
,Annual Sum or Average,,,,,,,0.00,0.00,0.00,0.00,0.00,0.00
,Minimum of Months,5757.84,,7407.41,,4218.28,,0.00,0.00,0.00,0.00,0.00,0.00
,Maximum of Months,5757.84,,7407.41,,4218.28,,0.00,0.00,0.00,0.00,0.00,0.00


----------------------------------------------------------------------------------------------------
REPORT:,PeakSpaceGainsMonthly
FOR:,CORE_TOP
Custom Monthly Report

,,ZONE PEOPLE TOTAL HEATING ENERGY {Maximum} [W],ZONE PEOPLE TOTAL HEATING ENERGY {TIMESTAMP},ZONE LIGHTS TOTAL HEATING ENERGY {Maximum} [W],ZONE LIGHTS TOTAL HEATING ENERGY {TIMESTAMP},ZONE ELECTRIC EQUIPMENT TOTAL HEATING ENERGY {Maximum} [W],ZONE ELECTRIC EQUIPMENT TOTAL HEATING ENERGY {TIMESTAMP},ZONE GAS EQUIPMENT TOTAL HEATING ENERGY [],ZONE HOT WATER EQUIPMENT TOTAL HEATING ENERGY [],ZONE STEAM EQUIPMENT TOTAL HEATING ENERGY [],ZONE OTHER EQUIPMENT TOTAL HEATING ENERGY [],ZONE INFILTRATION SENSIBLE HEAT GAIN ENERGY [],ZONE INFILTRATION SENSIBLE HEAT LOSS ENERGY []
,January,5757.84,02-JAN-10:09,7407.41,02-JAN-08:09,4218.28,02-JAN-08:09,0.00,0.00,0.00,0.00,0.00,0.00
,February,5757.84,01-FEB-10:09,7407.41,01-FEB-08:09,4218.28,01-FEB-08:09,0.00,0.00,0.00,0.00,0.00,0.00
,March,5757.84,01-MAR-10:09,7407.41,01-MAR-08:09,4218.28,01-MAR-08:09,0.00,0.00,0.00,0.00,0.00,0.00
,April,5757.84,03-APR-09:09,7407.41,03-APR-07:10,4218.28,03-APR-07:10,0.00,0.00,0.00,0.00,0.00,0.00
,May,5757.84,01-MAY-09:09,7407.41,01-MAY-07:10,4218.28,01-MAY-07:10,0.00,0.00,0.00,0.00,0.00,0.00
,June,5757.84,01-JUN-09:09,7407.41,01-JUN-07:10,4218.28,01-JUN-07:10,0.00,0.00,0.00,0.00,0.00,0.00
,July,5757.84,03-JUL-09:09,7407.41,03-JUL-07:10,4218.28,03-JUL-07:10,0.00,0.00,0.00,0.00,0.00,0.00
,August,5757.84,01-AUG-09:09,7407.41,01-AUG-07:10,4218.28,01-AUG-07:10,0.00,0.00,0.00,0.00,0.00,0.00
,September,5757.84,01-SEP-09:09,7407.41,01-SEP-07:10,4218.28,01-SEP-07:10,0.00,0.00,0.00,0.00,0.00,0.00
,October,5757.84,02-OCT-09:09,7407.41,02-OCT-07:10,4218.28,02-OCT-07:10,0.00,0.00,0.00,0.00,0.00,0.00
,November,5757.84,01-NOV-09:09,7407.41,01-NOV-07:10,4218.28,01-NOV-07:10,0.00,0.00,0.00,0.00,0.00,0.00
,December,5757.84,01-DEC-10:09,7407.41,01-DEC-08:09,4218.28,01-DEC-08:09,0.00,0.00,0.00,0.00,0.00,0.00
,,,,,,,,,,,,,
,Annual Sum or Average,,,,,,,0.00,0.00,0.00,0.00,0.00,0.00
,Minimum of Months,5757.84,,7407.41,,4218.28,,0.00,0.00,0.00,0.00,0.00,0.00
,Maximum of Months,5757.84,,7407.41,,4218.28,,0.00,0.00,0.00,0.00,0.00,0.00


----------------------------------------------------------------------------------------------------
REPORT:,PeakSpaceGainsMonthly
FOR:,PERIMETER_TOP_ZN_3
Custom Monthly Report

,,ZONE PEOPLE TOTAL HEATING ENERGY {Maximum} [W],ZONE PEOPLE TOTAL HEATING ENERGY {TIMESTAMP},ZONE LIGHTS TOTAL HEATING ENERGY {Maximum} [W],ZONE LIGHTS TOTAL HEATING ENERGY {TIMESTAMP},ZONE ELECTRIC EQUIPMENT TOTAL HEATING ENERGY {Maximum} [W],ZONE ELECTRIC EQUIPMENT TOTAL HEATING ENERGY {TIMESTAMP},ZONE GAS EQUIPMENT TOTAL HEATING ENERGY [],ZONE HOT WATER EQUIPMENT TOTAL HEATING ENERGY [],ZONE STEAM EQUIPMENT TOTAL HEATING ENERGY [],ZONE OTHER EQUIPMENT TOTAL HEATING ENERGY [],ZONE INFILTRATION SENSIBLE HEAT GAIN ENERGY {Maximum} [W],ZONE INFILTRATION SENSIBLE HEAT GAIN ENERGY {TIMESTAMP},ZONE INFILTRATION SENSIBLE HEAT LOSS ENERGY {Maximum} [W],ZONE INFILTRATION SENSIBLE HEAT LOSS ENERGY {TIMESTAMP}
,January,1213.80,02-JAN-10:09,1561.55,02-JAN-16:49,889.25,02-JAN-08:09,0.00,0.00,0.00,0.00,0.00,01-JAN-00:10,3914.96,12-JAN-05:50
,February,1213.80,01-FEB-10:09,1243.16,13-FEB-16:00,889.25,01-FEB-08:09,0.00,0.00,0.00,0.00,0.00,01-FEB-00:03,2776.93,02-FEB-03:00
,March,1213.80,01-MAR-10:09,1082.71,16-MAR-07:10,889.25,01-MAR-08:09,0.00,0.00,0.00,0.00,13.64,31-MAR-10:00,2870.39,03-MAR-04:10
,April,1213.80,03-APR-09:09,844.37,06-APR-07:10,889.25,03-APR-07:10,0.00,0.00,0.00,0.00,92.39,30-APR-16:00,1680.81,03-APR-04:00
,May,1213.80,01-MAY-09:09,825.27,19-MAY-07:10,889.25,01-MAY-07:10,0.00,0.00,0.00,0.00,278.04,29-MAY-16:00,1288.77,07-MAY-13:00
,June,1213.80,01-JUN-09:09,789.59,15-JUN-07:10,889.25,01-JUN-07:10,0.00,0.00,0.00,0.00,391.15,11-JUN-13:00,802.25,19-JUN-23:00
,July,1213.80,03-JUL-09:09,832.69,26-JUL-07:10,889.25,03-JUL-07:10,0.00,0.00,0.00,0.00,746.46,02-JUL-14:00,316.94,21-JUL-01:00
,August,1213.80,01-AUG-09:09,744.86,01-AUG-07:10,889.25,01-AUG-07:10,0.00,0.00,0.00,0.00,408.97,06-AUG-15:40,408.25,24-AUG-01:50
,September,1213.80,01-SEP-09:09,1008.16,19-SEP-07:10,889.25,01-SEP-07:10,0.00,0.00,0.00,0.00,274.73,02-SEP-17:01,884.35,17-SEP-08:55
,October,1213.80,02-OCT-09:09,1510.93,31-OCT-07:10,889.25,02-OCT-07:10,0.00,0.00,0.00,0.00,50.20,02-OCT-16:00,2051.16,27-OCT-22:10
,November,1213.80,01-NOV-09:09,1561.55,06-NOV-16:00,889.25,01-NOV-07:10,0.00,0.00,0.00,0.00,15.05,01-NOV-05:10,2234.42,26-NOV-03:53
,December,1213.80,01-DEC-10:09,1561.55,01-DEC-16:40,889.25,01-DEC-08:09,0.00,0.00,0.00,0.00,0.00,01-DEC-00:03,3469.55,17-DEC-21:52
,,,,,,,,,,,,,,,
,Annual Sum or Average,,,,,,,0.00,0.00,0.00,0.00,,,,
,Minimum of Months,1213.80,,744.86,,889.25,,0.00,0.00,0.00,0.00,0.00,,316.94,
,Maximum of Months,1213.80,,1561.55,,889.25,,0.00,0.00,0.00,0.00,746.46,,3914.96,


----------------------------------------------------------------------------------------------------
REPORT:,PeakSpaceGainsMonthly
FOR:,PERIMETER_TOP_ZN_2
Custom Monthly Report

,,ZONE PEOPLE TOTAL HEATING ENERGY {Maximum} [W],ZONE PEOPLE TOTAL HEATING ENERGY {TIMESTAMP},ZONE LIGHTS TOTAL HEATING ENERGY {Maximum} [W],ZONE LIGHTS TOTAL HEATING ENERGY {TIMESTAMP},ZONE ELECTRIC EQUIPMENT TOTAL HEATING ENERGY {Maximum} [W],ZONE ELECTRIC EQUIPMENT TOTAL HEATING ENERGY {TIMESTAMP},ZONE GAS EQUIPMENT TOTAL HEATING ENERGY [],ZONE HOT WATER EQUIPMENT TOTAL HEATING ENERGY [],ZONE STEAM EQUIPMENT TOTAL HEATING ENERGY [],ZONE OTHER EQUIPMENT TOTAL HEATING ENERGY [],ZONE INFILTRATION SENSIBLE HEAT GAIN ENERGY {Maximum} [W],ZONE INFILTRATION SENSIBLE HEAT GAIN ENERGY {TIMESTAMP},ZONE INFILTRATION SENSIBLE HEAT LOSS ENERGY {Maximum} [W],ZONE INFILTRATION SENSIBLE HEAT LOSS ENERGY {TIMESTAMP}
,January,768.44,02-JAN-10:09,988.59,02-JAN-16:49,562.97,02-JAN-08:09,0.00,0.00,0.00,0.00,0.00,01-JAN-00:10,2653.21,12-JAN-05:50
,February,768.44,01-FEB-10:09,798.30,13-FEB-16:00,562.97,01-FEB-08:09,0.00,0.00,0.00,0.00,0.00,01-FEB-00:03,1866.36,02-FEB-03:00
,March,768.44,01-MAR-10:09,549.21,01-MAR-17:00,562.97,01-MAR-08:09,0.00,0.00,0.00,0.00,9.01,31-MAR-10:00,1939.08,03-MAR-04:10
,April,768.44,03-APR-09:09,503.81,06-APR-07:10,562.97,03-APR-07:10,0.00,0.00,0.00,0.00,61.62,30-APR-16:00,1130.51,03-APR-04:00
,May,768.44,01-MAY-09:09,471.56,01-MAY-07:10,562.97,01-MAY-07:10,0.00,0.00,0.00,0.00,185.43,29-MAY-16:00,958.20,07-MAY-11:30
,June,768.44,01-JUN-09:09,471.56,01-JUN-07:10,562.97,01-JUN-07:10,0.00,0.00,0.00,0.00,264.62,11-JUN-13:00,533.94,19-JUN-23:00
,July,768.44,03-JUL-09:09,471.56,03-JUL-07:10,562.97,03-JUL-07:10,0.00,0.00,0.00,0.00,497.81,02-JUL-14:00,213.44,21-JUL-01:00
,August,768.44,01-AUG-09:09,471.56,01-AUG-07:10,562.97,01-AUG-07:10,0.00,0.00,0.00,0.00,272.67,06-AUG-15:40,273.39,24-AUG-01:30
,September,768.44,01-SEP-09:09,537.24,19-SEP-07:10,562.97,01-SEP-07:10,0.00,0.00,0.00,0.00,186.03,02-SEP-17:10,697.76,24-SEP-10:20
,October,768.44,02-OCT-09:09,937.43,31-OCT-07:10,562.97,02-OCT-07:10,0.00,0.00,0.00,0.00,36.80,05-OCT-05:10,1383.12,27-OCT-22:10
,November,768.44,01-NOV-09:09,988.59,06-NOV-16:00,562.97,01-NOV-07:10,0.00,0.00,0.00,0.00,13.58,01-NOV-05:10,1505.88,26-NOV-03:53
,December,768.44,01-DEC-10:09,988.59,01-DEC-16:40,562.97,01-DEC-08:09,0.00,0.00,0.00,0.00,0.00,01-DEC-00:03,2342.89,17-DEC-21:52
,,,,,,,,,,,,,,,
,Annual Sum or Average,,,,,,,0.00,0.00,0.00,0.00,,,,
,Minimum of Months,768.44,,471.56,,562.97,,0.00,0.00,0.00,0.00,0.00,,213.44,
,Maximum of Months,768.44,,988.59,,562.97,,0.00,0.00,0.00,0.00,497.81,,2653.21,


----------------------------------------------------------------------------------------------------
REPORT:,PeakSpaceGainsMonthly
FOR:,PERIMETER_TOP_ZN_1
Custom Monthly Report

,,ZONE PEOPLE TOTAL HEATING ENERGY {Maximum} [W],ZONE PEOPLE TOTAL HEATING ENERGY {TIMESTAMP},ZONE LIGHTS TOTAL HEATING ENERGY {Maximum} [W],ZONE LIGHTS TOTAL HEATING ENERGY {TIMESTAMP},ZONE ELECTRIC EQUIPMENT TOTAL HEATING ENERGY {Maximum} [W],ZONE ELECTRIC EQUIPMENT TOTAL HEATING ENERGY {TIMESTAMP},ZONE GAS EQUIPMENT TOTAL HEATING ENERGY [],ZONE HOT WATER EQUIPMENT TOTAL HEATING ENERGY [],ZONE STEAM EQUIPMENT TOTAL HEATING ENERGY [],ZONE OTHER EQUIPMENT TOTAL HEATING ENERGY [],ZONE INFILTRATION SENSIBLE HEAT GAIN ENERGY {Maximum} [W],ZONE INFILTRATION SENSIBLE HEAT GAIN ENERGY {TIMESTAMP},ZONE INFILTRATION SENSIBLE HEAT LOSS ENERGY {Maximum} [W],ZONE INFILTRATION SENSIBLE HEAT LOSS ENERGY {TIMESTAMP}
,January,1213.80,02-JAN-10:09,1561.55,02-JAN-16:49,889.25,02-JAN-08:09,0.00,0.00,0.00,0.00,0.00,01-JAN-00:10,3959.85,12-JAN-05:50
,February,1213.80,01-FEB-10:09,1196.67,13-FEB-16:00,889.25,01-FEB-08:09,0.00,0.00,0.00,0.00,0.00,01-FEB-00:03,2807.05,20-FEB-14:00
,March,1213.80,01-MAR-10:09,1044.30,16-MAR-07:10,889.25,01-MAR-08:09,0.00,0.00,0.00,0.00,13.52,31-MAR-10:00,2897.03,03-MAR-04:10
,April,1213.80,03-APR-09:09,841.83,06-APR-07:10,889.25,03-APR-07:10,0.00,0.00,0.00,0.00,92.42,30-APR-16:00,1692.20,03-APR-04:00
,May,1213.80,01-MAY-09:09,828.97,19-MAY-07:10,889.25,01-MAY-07:10,0.00,0.00,0.00,0.00,278.13,29-MAY-16:00,1586.86,07-MAY-12:27
,June,1213.80,01-JUN-09:09,800.95,15-JUN-07:10,889.25,01-JUN-07:10,0.00,0.00,0.00,0.00,394.29,11-JUN-13:00,804.24,19-JUN-23:00
,July,1213.80,03-JUL-09:09,839.55,26-JUL-07:10,889.25,03-JUL-07:10,0.00,0.00,0.00,0.00,746.67,02-JUL-14:00,321.31,21-JUL-01:00
,August,1213.80,01-AUG-09:09,744.86,01-AUG-07:10,889.25,01-AUG-07:10,0.00,0.00,0.00,0.00,409.01,06-AUG-15:40,414.23,24-AUG-01:20
,September,1213.80,01-SEP-09:09,876.68,19-SEP-07:10,889.25,01-SEP-07:10,0.00,0.00,0.00,0.00,274.34,02-SEP-17:10,1299.69,24-SEP-13:00
,October,1213.80,02-OCT-09:09,1489.03,31-OCT-07:10,889.25,02-OCT-07:10,0.00,0.00,0.00,0.00,52.62,05-OCT-05:10,2067.63,27-OCT-22:10
,November,1213.80,01-NOV-09:09,1561.55,06-NOV-16:00,889.25,01-NOV-07:10,0.00,0.00,0.00,0.00,19.96,01-NOV-05:10,2253.17,26-NOV-03:53
,December,1213.80,01-DEC-10:09,1561.55,01-DEC-16:40,889.25,01-DEC-08:09,0.00,0.00,0.00,0.00,0.00,01-DEC-00:03,3505.26,17-DEC-21:52
,,,,,,,,,,,,,,,
,Annual Sum or Average,,,,,,,0.00,0.00,0.00,0.00,,,,
,Minimum of Months,1213.80,,744.86,,889.25,,0.00,0.00,0.00,0.00,0.00,,321.31,
,Maximum of Months,1213.80,,1561.55,,889.25,,0.00,0.00,0.00,0.00,746.67,,3959.85,


----------------------------------------------------------------------------------------------------
REPORT:,PeakSpaceGainsMonthly
FOR:,PERIMETER_TOP_ZN_4
Custom Monthly Report

,,ZONE PEOPLE TOTAL HEATING ENERGY {Maximum} [W],ZONE PEOPLE TOTAL HEATING ENERGY {TIMESTAMP},ZONE LIGHTS TOTAL HEATING ENERGY {Maximum} [W],ZONE LIGHTS TOTAL HEATING ENERGY {TIMESTAMP},ZONE ELECTRIC EQUIPMENT TOTAL HEATING ENERGY {Maximum} [W],ZONE ELECTRIC EQUIPMENT TOTAL HEATING ENERGY {TIMESTAMP},ZONE GAS EQUIPMENT TOTAL HEATING ENERGY [],ZONE HOT WATER EQUIPMENT TOTAL HEATING ENERGY [],ZONE STEAM EQUIPMENT TOTAL HEATING ENERGY [],ZONE OTHER EQUIPMENT TOTAL HEATING ENERGY [],ZONE INFILTRATION SENSIBLE HEAT GAIN ENERGY {Maximum} [W],ZONE INFILTRATION SENSIBLE HEAT GAIN ENERGY {TIMESTAMP},ZONE INFILTRATION SENSIBLE HEAT LOSS ENERGY {Maximum} [W],ZONE INFILTRATION SENSIBLE HEAT LOSS ENERGY {TIMESTAMP}
,January,768.39,02-JAN-10:09,988.52,02-JAN-16:49,562.93,02-JAN-08:09,0.00,0.00,0.00,0.00,0.00,01-JAN-00:10,2657.36,12-JAN-05:50
,February,768.39,01-FEB-10:09,732.69,13-FEB-16:00,562.93,01-FEB-08:09,0.00,0.00,0.00,0.00,0.00,01-FEB-00:03,1868.12,02-FEB-03:00
,March,768.39,01-MAR-10:09,729.44,16-MAR-07:10,562.93,01-MAR-08:09,0.00,0.00,0.00,0.00,9.01,31-MAR-10:00,1941.92,03-MAR-04:10
,April,768.39,03-APR-09:09,547.71,06-APR-07:10,562.93,03-APR-07:10,0.00,0.00,0.00,0.00,61.62,30-APR-16:00,1132.01,03-APR-04:00
,May,768.39,01-MAY-09:09,534.17,19-MAY-07:10,562.93,01-MAY-07:10,0.00,0.00,0.00,0.00,185.43,29-MAY-16:00,984.81,07-MAY-14:49
,June,768.39,01-JUN-09:09,519.95,15-JUN-07:10,562.93,01-JUN-07:10,0.00,0.00,0.00,0.00,265.05,11-JUN-13:00,546.38,19-JUN-23:00
,July,768.39,03-JUL-09:09,539.68,26-JUL-07:10,562.93,03-JUL-07:10,0.00,0.00,0.00,0.00,497.82,02-JUL-14:00,226.25,21-JUL-01:00
,August,768.39,01-AUG-09:09,514.31,16-AUG-07:10,562.93,01-AUG-07:10,0.00,0.00,0.00,0.00,272.68,06-AUG-15:40,279.51,24-AUG-01:00
,September,768.39,01-SEP-09:09,678.70,19-SEP-07:10,562.93,01-SEP-07:10,0.00,0.00,0.00,0.00,183.29,02-SEP-17:10,770.26,24-SEP-17:40
,October,768.39,02-OCT-09:09,958.85,31-OCT-07:10,562.93,02-OCT-07:10,0.00,0.00,0.00,0.00,36.44,05-OCT-05:10,1385.25,27-OCT-22:10
,November,768.39,01-NOV-09:09,988.52,06-NOV-16:00,562.93,01-NOV-07:10,0.00,0.00,0.00,0.00,13.27,01-NOV-05:10,1507.81,26-NOV-03:53
,December,768.39,01-DEC-10:09,988.52,01-DEC-16:40,562.93,01-DEC-08:09,0.00,0.00,0.00,0.00,0.00,01-DEC-00:03,2346.15,17-DEC-21:52
,,,,,,,,,,,,,,,
,Annual Sum or Average,,,,,,,0.00,0.00,0.00,0.00,,,,
,Minimum of Months,768.39,,514.31,,562.93,,0.00,0.00,0.00,0.00,0.00,,226.25,
,Maximum of Months,768.39,,988.52,,562.93,,0.00,0.00,0.00,0.00,497.82,,2657.36,


----------------------------------------------------------------------------------------------------
REPORT:,PeakSpaceGainsMonthly
FOR:,PERIMETER_BOT_ZN_3
Custom Monthly Report

,,ZONE PEOPLE TOTAL HEATING ENERGY {Maximum} [W],ZONE PEOPLE TOTAL HEATING ENERGY {TIMESTAMP},ZONE LIGHTS TOTAL HEATING ENERGY {Maximum} [W],ZONE LIGHTS TOTAL HEATING ENERGY {TIMESTAMP},ZONE ELECTRIC EQUIPMENT TOTAL HEATING ENERGY {Maximum} [W],ZONE ELECTRIC EQUIPMENT TOTAL HEATING ENERGY {TIMESTAMP},ZONE GAS EQUIPMENT TOTAL HEATING ENERGY [],ZONE HOT WATER EQUIPMENT TOTAL HEATING ENERGY [],ZONE STEAM EQUIPMENT TOTAL HEATING ENERGY [],ZONE OTHER EQUIPMENT TOTAL HEATING ENERGY [],ZONE INFILTRATION SENSIBLE HEAT GAIN ENERGY {Maximum} [W],ZONE INFILTRATION SENSIBLE HEAT GAIN ENERGY {TIMESTAMP},ZONE INFILTRATION SENSIBLE HEAT LOSS ENERGY {Maximum} [W],ZONE INFILTRATION SENSIBLE HEAT LOSS ENERGY {TIMESTAMP}
,January,1213.80,02-JAN-10:09,1561.55,02-JAN-16:49,889.25,02-JAN-08:09,0.00,0.00,0.00,0.00,0.00,01-JAN-00:10,2085.53,12-JAN-05:50
,February,1213.80,01-FEB-10:09,1230.97,13-FEB-16:00,889.25,01-FEB-08:09,0.00,0.00,0.00,0.00,0.00,01-FEB-00:03,1476.84,02-FEB-03:00
,March,1213.80,01-MAR-10:09,1063.92,16-MAR-07:10,889.25,01-MAR-08:09,0.00,0.00,0.00,0.00,8.01,31-MAR-10:00,1531.56,03-MAR-03:52
,April,1213.80,03-APR-09:09,838.71,06-APR-07:10,889.25,03-APR-07:10,0.00,0.00,0.00,0.00,50.26,30-APR-16:00,893.32,03-APR-04:00
,May,1213.80,01-MAY-09:09,818.69,19-MAY-07:10,889.25,01-MAY-07:10,0.00,0.00,0.00,0.00,142.16,29-MAY-15:51,683.08,07-MAY-12:41
,June,1213.80,01-JUN-09:09,744.86,01-JUN-07:10,889.25,01-JUN-07:10,0.00,0.00,0.00,0.00,212.71,11-JUN-13:00,447.16,19-JUN-23:00
,July,1213.80,03-JUL-09:09,826.44,26-JUL-07:10,889.25,03-JUL-07:10,0.00,0.00,0.00,0.00,382.57,02-JUL-13:51,176.66,21-JUL-01:00
,August,1213.80,01-AUG-09:09,744.86,01-AUG-07:10,889.25,01-AUG-07:10,0.00,0.00,0.00,0.00,226.22,06-AUG-16:00,234.12,24-AUG-02:70
,September,1213.80,01-SEP-09:09,876.77,19-SEP-07:10,889.25,01-SEP-07:10,0.00,0.00,0.00,0.00,147.79,02-SEP-17:01,496.07,17-SEP-09:00
,October,1213.80,02-OCT-09:09,1508.97,31-OCT-07:10,889.25,02-OCT-07:10,0.00,0.00,0.00,0.00,27.10,02-OCT-16:00,1089.49,27-OCT-23:00
,November,1213.80,01-NOV-09:09,1561.55,06-NOV-16:00,889.25,01-NOV-07:10,0.00,0.00,0.00,0.00,4.39,01-NOV-05:10,1220.01,26-NOV-04:00
,December,1213.80,01-DEC-10:09,1561.55,01-DEC-16:40,889.25,01-DEC-08:09,0.00,0.00,0.00,0.00,0.00,01-DEC-00:03,1858.95,17-DEC-21:52
,,,,,,,,,,,,,,,
,Annual Sum or Average,,,,,,,0.00,0.00,0.00,0.00,,,,
,Minimum of Months,1213.80,,744.86,,889.25,,0.00,0.00,0.00,0.00,0.00,,176.66,
,Maximum of Months,1213.80,,1561.55,,889.25,,0.00,0.00,0.00,0.00,382.57,,2085.53,


----------------------------------------------------------------------------------------------------
REPORT:,PeakSpaceGainsMonthly
FOR:,PERIMETER_BOT_ZN_2
Custom Monthly Report

,,ZONE PEOPLE TOTAL HEATING ENERGY {Maximum} [W],ZONE PEOPLE TOTAL HEATING ENERGY {TIMESTAMP},ZONE LIGHTS TOTAL HEATING ENERGY {Maximum} [W],ZONE LIGHTS TOTAL HEATING ENERGY {TIMESTAMP},ZONE ELECTRIC EQUIPMENT TOTAL HEATING ENERGY {Maximum} [W],ZONE ELECTRIC EQUIPMENT TOTAL HEATING ENERGY {TIMESTAMP},ZONE GAS EQUIPMENT TOTAL HEATING ENERGY [],ZONE HOT WATER EQUIPMENT TOTAL HEATING ENERGY [],ZONE STEAM EQUIPMENT TOTAL HEATING ENERGY [],ZONE OTHER EQUIPMENT TOTAL HEATING ENERGY [],ZONE INFILTRATION SENSIBLE HEAT GAIN ENERGY {Maximum} [W],ZONE INFILTRATION SENSIBLE HEAT GAIN ENERGY {TIMESTAMP},ZONE INFILTRATION SENSIBLE HEAT LOSS ENERGY {Maximum} [W],ZONE INFILTRATION SENSIBLE HEAT LOSS ENERGY {TIMESTAMP}
,January,768.44,02-JAN-10:09,988.59,02-JAN-16:49,562.97,02-JAN-08:09,0.00,0.00,0.00,0.00,0.00,01-JAN-00:10,1409.75,12-JAN-05:50
,February,768.44,01-FEB-10:09,792.42,13-FEB-16:00,562.97,01-FEB-08:09,0.00,0.00,0.00,0.00,0.00,01-FEB-00:03,991.75,02-FEB-03:00
,March,768.44,01-MAR-10:09,549.21,01-MAR-17:00,562.97,01-MAR-08:09,0.00,0.00,0.00,0.00,5.17,31-MAR-10:00,1031.22,03-MAR-04:10
,April,768.44,03-APR-09:09,471.56,03-APR-07:10,562.97,03-APR-07:10,0.00,0.00,0.00,0.00,33.51,30-APR-16:00,600.95,03-APR-04:00
,May,768.44,01-MAY-09:09,471.56,01-MAY-07:10,562.97,01-MAY-07:10,0.00,0.00,0.00,0.00,93.78,29-MAY-15:50,530.91,07-MAY-12:41
,June,768.44,01-JUN-09:09,471.56,01-JUN-07:10,562.97,01-JUN-07:10,0.00,0.00,0.00,0.00,142.34,11-JUN-13:00,301.42,19-JUN-23:00
,July,768.44,03-JUL-09:09,471.56,03-JUL-07:10,562.97,03-JUL-07:10,0.00,0.00,0.00,0.00,253.18,02-JUL-13:51,124.78,21-JUL-01:00
,August,768.44,01-AUG-09:09,471.56,01-AUG-07:10,562.97,01-AUG-07:10,0.00,0.00,0.00,0.00,151.84,06-AUG-16:00,160.31,24-AUG-02:00
,September,768.44,01-SEP-09:09,533.93,19-SEP-07:10,562.97,01-SEP-07:10,0.00,0.00,0.00,0.00,97.20,02-SEP-17:01,373.20,24-SEP-10:48
,October,768.44,02-OCT-09:09,935.54,31-OCT-07:10,562.97,02-OCT-07:10,0.00,0.00,0.00,0.00,18.96,05-OCT-05:10,730.77,27-OCT-23:00
,November,768.44,01-NOV-09:09,988.59,06-NOV-16:00,562.97,01-NOV-07:10,0.00,0.00,0.00,0.00,7.09,01-NOV-05:10,819.80,26-NOV-04:00
,December,768.44,01-DEC-10:09,988.59,01-DEC-16:40,562.97,01-DEC-08:09,0.00,0.00,0.00,0.00,0.00,01-DEC-00:03,1253.16,17-DEC-21:52
,,,,,,,,,,,,,,,
,Annual Sum or Average,,,,,,,0.00,0.00,0.00,0.00,,,,
,Minimum of Months,768.44,,471.56,,562.97,,0.00,0.00,0.00,0.00,0.00,,124.78,
,Maximum of Months,768.44,,988.59,,562.97,,0.00,0.00,0.00,0.00,253.18,,1409.75,


----------------------------------------------------------------------------------------------------
REPORT:,PeakSpaceGainsMonthly
FOR:,PERIMETER_BOT_ZN_1
Custom Monthly Report

,,ZONE PEOPLE TOTAL HEATING ENERGY {Maximum} [W],ZONE PEOPLE TOTAL HEATING ENERGY {TIMESTAMP},ZONE LIGHTS TOTAL HEATING ENERGY {Maximum} [W],ZONE LIGHTS TOTAL HEATING ENERGY {TIMESTAMP},ZONE ELECTRIC EQUIPMENT TOTAL HEATING ENERGY {Maximum} [W],ZONE ELECTRIC EQUIPMENT TOTAL HEATING ENERGY {TIMESTAMP},ZONE GAS EQUIPMENT TOTAL HEATING ENERGY [],ZONE HOT WATER EQUIPMENT TOTAL HEATING ENERGY [],ZONE STEAM EQUIPMENT TOTAL HEATING ENERGY [],ZONE OTHER EQUIPMENT TOTAL HEATING ENERGY [],ZONE INFILTRATION SENSIBLE HEAT GAIN ENERGY {Maximum} [W],ZONE INFILTRATION SENSIBLE HEAT GAIN ENERGY {TIMESTAMP},ZONE INFILTRATION SENSIBLE HEAT LOSS ENERGY {Maximum} [W],ZONE INFILTRATION SENSIBLE HEAT LOSS ENERGY {TIMESTAMP}
,January,1213.80,02-JAN-10:09,1561.55,02-JAN-16:49,889.25,02-JAN-08:09,0.00,0.00,0.00,0.00,0.00,01-JAN-00:10,31515.07,04-JAN-08:00
,February,1213.80,01-FEB-10:09,1182.16,13-FEB-16:00,889.25,01-FEB-08:09,0.00,0.00,0.00,0.00,0.00,01-FEB-00:03,36731.35,02-FEB-07:10
,March,1213.80,01-MAR-10:09,1023.65,16-MAR-07:10,889.25,01-MAR-08:09,0.00,0.00,0.00,0.00,80.76,31-MAR-10:00,31873.73,03-MAR-07:10
,April,1213.80,03-APR-09:09,836.03,06-APR-07:10,889.25,03-APR-07:10,0.00,0.00,0.00,0.00,138.79,14-APR-13:00,22713.16,04-APR-06:10
,May,1213.80,01-MAY-09:09,822.61,19-MAY-07:10,889.25,01-MAY-07:10,0.00,0.00,0.00,0.00,7295.89,23-MAY-16:10,14312.68,09-MAY-06:10
,June,1213.80,01-JUN-09:09,793.29,15-JUN-07:10,889.25,01-JUN-07:10,0.00,0.00,0.00,0.00,5774.19,02-JUN-12:00,10493.33,20-JUN-06:10
,July,1213.80,03-JUL-09:09,833.71,26-JUL-07:10,889.25,03-JUL-07:10,0.00,0.00,0.00,0.00,9079.31,03-JUL-16:10,7882.48,31-JUL-06:10
,August,1213.80,01-AUG-09:09,744.86,01-AUG-07:10,889.25,01-AUG-07:10,0.00,0.00,0.00,0.00,6897.10,09-AUG-12:00,6086.05,21-AUG-06:10
,September,1213.80,01-SEP-09:09,872.54,19-SEP-07:10,889.25,01-SEP-07:10,0.00,0.00,0.00,0.00,6601.94,13-SEP-16:10,14058.08,18-SEP-06:10
,October,1213.80,02-OCT-09:09,1485.98,31-OCT-07:10,889.25,02-OCT-07:10,0.00,0.00,0.00,0.00,2501.72,02-OCT-16:10,15516.66,26-OCT-11:10
,November,1213.80,01-NOV-09:09,1561.55,06-NOV-16:00,889.25,01-NOV-07:10,0.00,0.00,0.00,0.00,134.23,01-NOV-05:10,25655.41,27-NOV-07:10
,December,1213.80,01-DEC-10:09,1561.55,01-DEC-16:40,889.25,01-DEC-08:09,0.00,0.00,0.00,0.00,0.00,01-DEC-00:03,32049.82,18-DEC-07:10
,,,,,,,,,,,,,,,
,Annual Sum or Average,,,,,,,0.00,0.00,0.00,0.00,,,,
,Minimum of Months,1213.80,,744.86,,889.25,,0.00,0.00,0.00,0.00,0.00,,6086.05,
,Maximum of Months,1213.80,,1561.55,,889.25,,0.00,0.00,0.00,0.00,9079.31,,36731.35,


----------------------------------------------------------------------------------------------------
REPORT:,PeakSpaceGainsMonthly
FOR:,PERIMETER_BOT_ZN_4
Custom Monthly Report

,,ZONE PEOPLE TOTAL HEATING ENERGY {Maximum} [W],ZONE PEOPLE TOTAL HEATING ENERGY {TIMESTAMP},ZONE LIGHTS TOTAL HEATING ENERGY {Maximum} [W],ZONE LIGHTS TOTAL HEATING ENERGY {TIMESTAMP},ZONE ELECTRIC EQUIPMENT TOTAL HEATING ENERGY {Maximum} [W],ZONE ELECTRIC EQUIPMENT TOTAL HEATING ENERGY {TIMESTAMP},ZONE GAS EQUIPMENT TOTAL HEATING ENERGY [],ZONE HOT WATER EQUIPMENT TOTAL HEATING ENERGY [],ZONE STEAM EQUIPMENT TOTAL HEATING ENERGY [],ZONE OTHER EQUIPMENT TOTAL HEATING ENERGY [],ZONE INFILTRATION SENSIBLE HEAT GAIN ENERGY {Maximum} [W],ZONE INFILTRATION SENSIBLE HEAT GAIN ENERGY {TIMESTAMP},ZONE INFILTRATION SENSIBLE HEAT LOSS ENERGY {Maximum} [W],ZONE INFILTRATION SENSIBLE HEAT LOSS ENERGY {TIMESTAMP}
,January,768.39,02-JAN-10:09,988.52,02-JAN-16:49,562.93,02-JAN-08:09,0.00,0.00,0.00,0.00,0.00,01-JAN-00:10,1410.69,12-JAN-05:50
,February,768.39,01-FEB-10:09,723.87,13-FEB-16:00,562.93,01-FEB-08:09,0.00,0.00,0.00,0.00,0.00,01-FEB-00:03,992.43,02-FEB-03:00
,March,768.39,01-MAR-10:09,721.46,16-MAR-07:10,562.93,01-MAR-08:09,0.00,0.00,0.00,0.00,5.17,31-MAR-10:00,1032.20,03-MAR-04:10
,April,768.39,03-APR-09:09,545.09,06-APR-07:10,562.93,03-APR-07:10,0.00,0.00,0.00,0.00,33.51,30-APR-16:00,601.24,03-APR-04:00
,May,768.39,01-MAY-09:09,530.94,19-MAY-07:10,562.93,01-MAY-07:10,0.00,0.00,0.00,0.00,93.78,29-MAY-15:50,519.82,07-MAY-15:07
,June,768.39,01-JUN-09:09,516.15,15-JUN-07:10,562.93,01-JUN-07:10,0.00,0.00,0.00,0.00,142.37,11-JUN-13:00,312.24,19-JUN-23:00
,July,768.39,03-JUL-09:09,536.68,26-JUL-07:10,562.93,03-JUL-07:10,0.00,0.00,0.00,0.00,253.96,02-JUL-13:51,132.59,21-JUL-01:00
,August,768.39,01-AUG-09:09,510.36,16-AUG-07:10,562.93,01-AUG-07:10,0.00,0.00,0.00,0.00,151.46,06-AUG-16:00,165.66,24-AUG-02:00
,September,768.39,01-SEP-09:09,669.23,19-SEP-07:10,562.93,01-SEP-07:10,0.00,0.00,0.00,0.00,94.70,10-SEP-15:00,409.92,24-SEP-17:50
,October,768.39,02-OCT-09:09,957.92,31-OCT-07:10,562.93,02-OCT-07:10,0.00,0.00,0.00,0.00,19.14,05-OCT-05:10,731.07,27-OCT-23:00
,November,768.39,01-NOV-09:09,988.52,06-NOV-16:00,562.93,01-NOV-07:10,0.00,0.00,0.00,0.00,7.27,01-NOV-05:10,820.09,26-NOV-04:00
,December,768.39,01-DEC-10:09,988.52,01-DEC-16:40,562.93,01-DEC-08:09,0.00,0.00,0.00,0.00,0.00,01-DEC-00:03,1254.01,17-DEC-21:52
,,,,,,,,,,,,,,,
,Annual Sum or Average,,,,,,,0.00,0.00,0.00,0.00,,,,
,Minimum of Months,768.39,,510.36,,562.93,,0.00,0.00,0.00,0.00,0.00,,132.59,
,Maximum of Months,768.39,,988.52,,562.93,,0.00,0.00,0.00,0.00,253.96,,1410.69,


----------------------------------------------------------------------------------------------------
REPORT:,PeakSpaceGainsMonthly
FOR:,PERIMETER_MID_ZN_3
Custom Monthly Report

,,ZONE PEOPLE TOTAL HEATING ENERGY {Maximum} [W],ZONE PEOPLE TOTAL HEATING ENERGY {TIMESTAMP},ZONE LIGHTS TOTAL HEATING ENERGY {Maximum} [W],ZONE LIGHTS TOTAL HEATING ENERGY {TIMESTAMP},ZONE ELECTRIC EQUIPMENT TOTAL HEATING ENERGY {Maximum} [W],ZONE ELECTRIC EQUIPMENT TOTAL HEATING ENERGY {TIMESTAMP},ZONE GAS EQUIPMENT TOTAL HEATING ENERGY [],ZONE HOT WATER EQUIPMENT TOTAL HEATING ENERGY [],ZONE STEAM EQUIPMENT TOTAL HEATING ENERGY [],ZONE OTHER EQUIPMENT TOTAL HEATING ENERGY [],ZONE INFILTRATION SENSIBLE HEAT GAIN ENERGY {Maximum} [W],ZONE INFILTRATION SENSIBLE HEAT GAIN ENERGY {TIMESTAMP},ZONE INFILTRATION SENSIBLE HEAT LOSS ENERGY {Maximum} [W],ZONE INFILTRATION SENSIBLE HEAT LOSS ENERGY {TIMESTAMP}
,January,1213.80,02-JAN-10:09,1561.55,02-JAN-16:49,889.25,02-JAN-08:09,0.00,0.00,0.00,0.00,0.00,01-JAN-00:10,3255.75,12-JAN-05:50
,February,1213.80,01-FEB-10:09,1243.13,13-FEB-16:00,889.25,01-FEB-08:09,0.00,0.00,0.00,0.00,0.00,01-FEB-00:03,2313.24,02-FEB-03:00
,March,1213.80,01-MAR-10:09,1082.67,16-MAR-07:10,889.25,01-MAR-08:09,0.00,0.00,0.00,0.00,11.89,31-MAR-10:00,2393.62,03-MAR-03:52
,April,1213.80,03-APR-09:09,844.36,06-APR-07:10,889.25,03-APR-07:10,0.00,0.00,0.00,0.00,75.14,30-APR-15:50,1381.53,03-APR-04:00
,May,1213.80,01-MAY-09:09,825.26,19-MAY-07:10,889.25,01-MAY-07:10,0.00,0.00,0.00,0.00,231.49,29-MAY-16:00,1078.28,07-MAY-12:36
,June,1213.80,01-JUN-09:09,789.57,15-JUN-07:10,889.25,01-JUN-07:10,0.00,0.00,0.00,0.00,325.02,11-JUN-13:00,695.31,19-JUN-23:00
,July,1213.80,03-JUL-09:09,832.68,26-JUL-07:10,889.25,03-JUL-07:10,0.00,0.00,0.00,0.00,606.70,02-JUL-14:10,277.45,21-JUL-01:00
,August,1213.80,01-AUG-09:09,744.86,01-AUG-07:10,889.25,01-AUG-07:10,0.00,0.00,0.00,0.00,353.32,06-AUG-16:00,358.68,24-AUG-02:70
,September,1213.80,01-SEP-09:09,1008.11,19-SEP-07:10,889.25,01-SEP-07:10,0.00,0.00,0.00,0.00,230.22,02-SEP-17:01,753.14,17-SEP-09:00
,October,1213.80,02-OCT-09:09,1510.92,31-OCT-07:10,889.25,02-OCT-07:10,0.00,0.00,0.00,0.00,42.11,02-OCT-16:00,1723.54,27-OCT-22:20
,November,1213.80,01-NOV-09:09,1561.55,06-NOV-16:00,889.25,01-NOV-07:10,0.00,0.00,0.00,0.00,9.41,01-NOV-05:10,1873.11,26-NOV-03:53
,December,1213.80,01-DEC-10:09,1561.55,01-DEC-16:40,889.25,01-DEC-08:09,0.00,0.00,0.00,0.00,0.00,01-DEC-00:03,2898.90,17-DEC-21:52
,,,,,,,,,,,,,,,
,Annual Sum or Average,,,,,,,0.00,0.00,0.00,0.00,,,,
,Minimum of Months,1213.80,,744.86,,889.25,,0.00,0.00,0.00,0.00,0.00,,277.45,
,Maximum of Months,1213.80,,1561.55,,889.25,,0.00,0.00,0.00,0.00,606.70,,3255.75,


----------------------------------------------------------------------------------------------------
REPORT:,PeakSpaceGainsMonthly
FOR:,PERIMETER_MID_ZN_2
Custom Monthly Report

,,ZONE PEOPLE TOTAL HEATING ENERGY {Maximum} [W],ZONE PEOPLE TOTAL HEATING ENERGY {TIMESTAMP},ZONE LIGHTS TOTAL HEATING ENERGY {Maximum} [W],ZONE LIGHTS TOTAL HEATING ENERGY {TIMESTAMP},ZONE ELECTRIC EQUIPMENT TOTAL HEATING ENERGY {Maximum} [W],ZONE ELECTRIC EQUIPMENT TOTAL HEATING ENERGY {TIMESTAMP},ZONE GAS EQUIPMENT TOTAL HEATING ENERGY [],ZONE HOT WATER EQUIPMENT TOTAL HEATING ENERGY [],ZONE STEAM EQUIPMENT TOTAL HEATING ENERGY [],ZONE OTHER EQUIPMENT TOTAL HEATING ENERGY [],ZONE INFILTRATION SENSIBLE HEAT GAIN ENERGY {Maximum} [W],ZONE INFILTRATION SENSIBLE HEAT GAIN ENERGY {TIMESTAMP},ZONE INFILTRATION SENSIBLE HEAT LOSS ENERGY {Maximum} [W],ZONE INFILTRATION SENSIBLE HEAT LOSS ENERGY {TIMESTAMP}
,January,748.19,02-JAN-08:09,988.59,02-JAN-16:49,562.97,02-JAN-08:09,0.00,0.00,0.00,0.00,0.00,01-JAN-00:10,2209.77,12-JAN-05:50
,February,748.19,01-FEB-08:09,798.28,13-FEB-16:00,562.97,01-FEB-08:09,0.00,0.00,0.00,0.00,0.00,01-FEB-00:03,1554.51,02-FEB-03:00
,March,748.19,01-MAR-08:09,549.21,01-MAR-17:00,562.97,01-MAR-08:09,0.00,0.00,0.00,0.00,2.28,31-MAR-10:10,1617.14,03-MAR-04:10
,April,748.19,03-APR-07:10,503.80,06-APR-07:10,562.97,03-APR-07:10,0.00,0.00,0.00,0.00,50.33,30-APR-15:50,934.51,23-APR-13:00
,May,748.19,01-MAY-07:10,471.56,01-MAY-07:10,562.97,01-MAY-07:10,0.00,0.00,0.00,0.00,155.09,29-MAY-16:00,807.54,07-MAY-11:53
,June,748.19,01-JUN-07:10,471.56,01-JUN-07:10,562.97,01-JUN-07:10,0.00,0.00,0.00,0.00,221.12,11-JUN-13:00,462.70,19-JUN-23:00
,July,748.19,03-JUL-07:10,471.56,03-JUL-07:10,562.97,03-JUL-07:10,0.00,0.00,0.00,0.00,404.83,02-JUL-14:10,187.70,30-JUL-06:00
,August,748.19,01-AUG-07:10,471.56,01-AUG-07:10,562.97,01-AUG-07:10,0.00,0.00,0.00,0.00,237.37,06-AUG-16:00,239.90,24-AUG-02:00
,September,748.19,01-SEP-07:10,537.24,19-SEP-07:10,562.97,01-SEP-07:10,0.00,0.00,0.00,0.00,152.47,02-SEP-17:01,570.98,24-SEP-10:01
,October,748.19,02-OCT-07:10,937.43,31-OCT-07:10,562.97,02-OCT-07:10,0.00,0.00,0.00,0.00,30.82,05-OCT-05:10,1157.69,27-OCT-22:20
,November,748.19,01-NOV-07:10,988.59,06-NOV-16:00,562.97,01-NOV-07:10,0.00,0.00,0.00,0.00,11.61,01-NOV-05:10,1261.73,26-NOV-03:53
,December,748.19,01-DEC-08:09,988.59,01-DEC-16:40,562.97,01-DEC-08:09,0.00,0.00,0.00,0.00,0.00,01-DEC-00:03,1958.65,17-DEC-21:52
,,,,,,,,,,,,,,,
,Annual Sum or Average,,,,,,,0.00,0.00,0.00,0.00,,,,
,Minimum of Months,748.19,,471.56,,562.97,,0.00,0.00,0.00,0.00,0.00,,187.70,
,Maximum of Months,748.19,,988.59,,562.97,,0.00,0.00,0.00,0.00,404.83,,2209.77,


----------------------------------------------------------------------------------------------------
REPORT:,PeakSpaceGainsMonthly
FOR:,PERIMETER_MID_ZN_1
Custom Monthly Report

,,ZONE PEOPLE TOTAL HEATING ENERGY {Maximum} [W],ZONE PEOPLE TOTAL HEATING ENERGY {TIMESTAMP},ZONE LIGHTS TOTAL HEATING ENERGY {Maximum} [W],ZONE LIGHTS TOTAL HEATING ENERGY {TIMESTAMP},ZONE ELECTRIC EQUIPMENT TOTAL HEATING ENERGY {Maximum} [W],ZONE ELECTRIC EQUIPMENT TOTAL HEATING ENERGY {TIMESTAMP},ZONE GAS EQUIPMENT TOTAL HEATING ENERGY [],ZONE HOT WATER EQUIPMENT TOTAL HEATING ENERGY [],ZONE STEAM EQUIPMENT TOTAL HEATING ENERGY [],ZONE OTHER EQUIPMENT TOTAL HEATING ENERGY [],ZONE INFILTRATION SENSIBLE HEAT GAIN ENERGY {Maximum} [W],ZONE INFILTRATION SENSIBLE HEAT GAIN ENERGY {TIMESTAMP},ZONE INFILTRATION SENSIBLE HEAT LOSS ENERGY {Maximum} [W],ZONE INFILTRATION SENSIBLE HEAT LOSS ENERGY {TIMESTAMP}
,January,1213.80,02-JAN-10:09,1561.55,02-JAN-16:49,889.25,02-JAN-08:09,0.00,0.00,0.00,0.00,0.00,01-JAN-00:10,3294.76,12-JAN-05:50
,February,1213.80,01-FEB-10:09,1196.64,13-FEB-16:00,889.25,01-FEB-08:09,0.00,0.00,0.00,0.00,0.00,01-FEB-00:03,2365.45,20-FEB-14:00
,March,1213.80,01-MAR-10:09,1044.26,16-MAR-07:10,889.25,01-MAR-08:09,0.00,0.00,0.00,0.00,11.71,31-MAR-10:00,2414.84,03-MAR-04:10
,April,1213.80,03-APR-09:09,841.82,06-APR-07:10,889.25,03-APR-07:10,0.00,0.00,0.00,0.00,75.20,30-APR-15:50,1419.08,23-APR-13:00
,May,1213.80,01-MAY-09:09,828.95,19-MAY-07:10,889.25,01-MAY-07:10,0.00,0.00,0.00,0.00,232.35,29-MAY-16:00,1324.06,07-MAY-12:36
,June,1213.80,01-JUN-09:09,800.93,15-JUN-07:10,889.25,01-JUN-07:10,0.00,0.00,0.00,0.00,328.68,11-JUN-13:00,696.72,19-JUN-23:00
,July,1213.80,03-JUL-09:09,839.54,26-JUL-07:10,889.25,03-JUL-07:10,0.00,0.00,0.00,0.00,607.11,02-JUL-14:10,281.10,21-JUL-01:00
,August,1213.80,01-AUG-09:09,744.86,01-AUG-07:10,889.25,01-AUG-07:10,0.00,0.00,0.00,0.00,354.20,06-AUG-16:00,363.36,24-AUG-02:00
,September,1213.80,01-SEP-09:09,876.67,19-SEP-07:10,889.25,01-SEP-07:10,0.00,0.00,0.00,0.00,225.60,02-SEP-17:01,1068.11,24-SEP-12:50
,October,1213.80,02-OCT-09:09,1489.03,31-OCT-07:10,889.25,02-OCT-07:10,0.00,0.00,0.00,0.00,42.32,05-OCT-05:10,1732.55,27-OCT-22:20
,November,1213.80,01-NOV-09:09,1561.55,06-NOV-16:00,889.25,01-NOV-07:10,0.00,0.00,0.00,0.00,15.23,01-NOV-05:10,1887.39,26-NOV-03:53
,December,1213.80,01-DEC-10:09,1561.55,01-DEC-16:40,889.25,01-DEC-08:09,0.00,0.00,0.00,0.00,0.00,01-DEC-00:03,2928.66,17-DEC-21:52
,,,,,,,,,,,,,,,
,Annual Sum or Average,,,,,,,0.00,0.00,0.00,0.00,,,,
,Minimum of Months,1213.80,,744.86,,889.25,,0.00,0.00,0.00,0.00,0.00,,281.10,
,Maximum of Months,1213.80,,1561.55,,889.25,,0.00,0.00,0.00,0.00,607.11,,3294.76,


----------------------------------------------------------------------------------------------------
REPORT:,PeakSpaceGainsMonthly
FOR:,PERIMETER_MID_ZN_4
Custom Monthly Report

,,ZONE PEOPLE TOTAL HEATING ENERGY {Maximum} [W],ZONE PEOPLE TOTAL HEATING ENERGY {TIMESTAMP},ZONE LIGHTS TOTAL HEATING ENERGY {Maximum} [W],ZONE LIGHTS TOTAL HEATING ENERGY {TIMESTAMP},ZONE ELECTRIC EQUIPMENT TOTAL HEATING ENERGY {Maximum} [W],ZONE ELECTRIC EQUIPMENT TOTAL HEATING ENERGY {TIMESTAMP},ZONE GAS EQUIPMENT TOTAL HEATING ENERGY [],ZONE HOT WATER EQUIPMENT TOTAL HEATING ENERGY [],ZONE STEAM EQUIPMENT TOTAL HEATING ENERGY [],ZONE OTHER EQUIPMENT TOTAL HEATING ENERGY [],ZONE INFILTRATION SENSIBLE HEAT GAIN ENERGY {Maximum} [W],ZONE INFILTRATION SENSIBLE HEAT GAIN ENERGY {TIMESTAMP},ZONE INFILTRATION SENSIBLE HEAT LOSS ENERGY {Maximum} [W],ZONE INFILTRATION SENSIBLE HEAT LOSS ENERGY {TIMESTAMP}
,January,768.39,02-JAN-10:09,988.52,02-JAN-16:49,562.93,02-JAN-08:09,0.00,0.00,0.00,0.00,0.00,01-JAN-00:10,2211.07,12-JAN-05:50
,February,768.39,01-FEB-10:09,732.67,13-FEB-16:00,562.93,01-FEB-08:09,0.00,0.00,0.00,0.00,0.00,01-FEB-00:03,1555.14,02-FEB-03:00
,March,768.39,01-MAR-10:09,729.41,16-MAR-07:10,562.93,01-MAR-08:09,0.00,0.00,0.00,0.00,7.80,31-MAR-10:00,1618.00,03-MAR-04:10
,April,768.39,03-APR-09:09,547.70,06-APR-07:10,562.93,03-APR-07:10,0.00,0.00,0.00,0.00,50.25,30-APR-15:50,925.38,23-APR-13:00
,May,768.39,01-MAY-09:09,534.16,19-MAY-07:10,562.93,01-MAY-07:10,0.00,0.00,0.00,0.00,155.07,29-MAY-16:00,821.80,07-MAY-16:30
,June,768.39,01-JUN-09:09,519.94,15-JUN-07:10,562.93,01-JUN-07:10,0.00,0.00,0.00,0.00,221.36,11-JUN-13:00,472.98,19-JUN-23:00
,July,768.39,03-JUL-09:09,539.67,26-JUL-07:10,562.93,03-JUL-07:10,0.00,0.00,0.00,0.00,404.83,02-JUL-14:10,197.71,21-JUL-01:00
,August,768.39,01-AUG-09:09,514.30,16-AUG-07:10,562.93,01-AUG-07:10,0.00,0.00,0.00,0.00,236.41,06-AUG-16:00,244.58,24-AUG-02:00
,September,768.39,01-SEP-09:09,678.67,19-SEP-07:10,562.93,01-SEP-07:10,0.00,0.00,0.00,0.00,147.41,10-SEP-15:00,650.22,24-SEP-17:40
,October,768.39,02-OCT-09:09,958.85,31-OCT-07:10,562.93,02-OCT-07:10,0.00,0.00,0.00,0.00,30.74,05-OCT-05:10,1158.08,27-OCT-22:20
,November,768.39,01-NOV-09:09,988.52,06-NOV-16:00,562.93,01-NOV-07:10,0.00,0.00,0.00,0.00,11.62,01-NOV-05:10,1262.28,26-NOV-03:53
,December,768.39,01-DEC-10:09,988.52,01-DEC-16:40,562.93,01-DEC-08:09,0.00,0.00,0.00,0.00,0.00,01-DEC-00:03,1959.80,17-DEC-21:52
,,,,,,,,,,,,,,,
,Annual Sum or Average,,,,,,,0.00,0.00,0.00,0.00,,,,
,Minimum of Months,768.39,,514.30,,562.93,,0.00,0.00,0.00,0.00,0.00,,197.71,
,Maximum of Months,768.39,,988.52,,562.93,,0.00,0.00,0.00,0.00,404.83,,2211.07,


----------------------------------------------------------------------------------------------------
REPORT:,PeakSpaceGainsMonthly
FOR:,FIRSTFLOOR_PLENUM
Custom Monthly Report

,,ZONE PEOPLE TOTAL HEATING ENERGY [],ZONE LIGHTS TOTAL HEATING ENERGY [],ZONE ELECTRIC EQUIPMENT TOTAL HEATING ENERGY [],ZONE GAS EQUIPMENT TOTAL HEATING ENERGY [],ZONE HOT WATER EQUIPMENT TOTAL HEATING ENERGY [],ZONE STEAM EQUIPMENT TOTAL HEATING ENERGY [],ZONE OTHER EQUIPMENT TOTAL HEATING ENERGY [],ZONE INFILTRATION SENSIBLE HEAT GAIN ENERGY {Maximum} [W],ZONE INFILTRATION SENSIBLE HEAT GAIN ENERGY {TIMESTAMP},ZONE INFILTRATION SENSIBLE HEAT LOSS ENERGY {Maximum} [W],ZONE INFILTRATION SENSIBLE HEAT LOSS ENERGY {TIMESTAMP}
,January,0.00,0.00,0.00,0.00,0.00,0.00,0.00,0.00,01-JAN-00:10,4242.85,12-JAN-05:52
,February,0.00,0.00,0.00,0.00,0.00,0.00,0.00,0.00,01-FEB-00:03,2972.28,02-FEB-03:00
,March,0.00,0.00,0.00,0.00,0.00,0.00,0.00,15.01,31-MAR-10:00,3109.09,03-MAR-03:52
,April,0.00,0.00,0.00,0.00,0.00,0.00,0.00,98.09,30-APR-16:00,1843.65,03-APR-04:00
,May,0.00,0.00,0.00,0.00,0.00,0.00,0.00,283.40,29-MAY-15:51,1448.67,07-MAY-12:43
,June,0.00,0.00,0.00,0.00,0.00,0.00,0.00,420.21,11-JUN-13:00,897.33,19-JUN-23:00
,July,0.00,0.00,0.00,0.00,0.00,0.00,0.00,768.31,02-JUL-13:51,355.76,21-JUL-01:00
,August,0.00,0.00,0.00,0.00,0.00,0.00,0.00,447.80,06-AUG-16:00,466.93,24-AUG-02:40
,September,0.00,0.00,0.00,0.00,0.00,0.00,0.00,294.73,02-SEP-17:01,982.72,17-SEP-08:55
,October,0.00,0.00,0.00,0.00,0.00,0.00,0.00,53.12,02-OCT-16:00,2281.35,27-OCT-22:55
,November,0.00,0.00,0.00,0.00,0.00,0.00,0.00,2.87,01-NOV-05:10,2456.04,26-NOV-04:00
,December,0.00,0.00,0.00,0.00,0.00,0.00,0.00,0.00,01-DEC-00:03,3769.34,17-DEC-21:52
,,,,,,,,,,,,
,Annual Sum or Average,0.00,0.00,0.00,0.00,0.00,0.00,0.00,,,,
,Minimum of Months,0.00,0.00,0.00,0.00,0.00,0.00,0.00,0.00,,355.76,
,Maximum of Months,0.00,0.00,0.00,0.00,0.00,0.00,0.00,768.31,,4242.85,


----------------------------------------------------------------------------------------------------
REPORT:,PeakSpaceGainsMonthly
FOR:,MIDFLOOR_PLENUM
Custom Monthly Report

,,ZONE PEOPLE TOTAL HEATING ENERGY [],ZONE LIGHTS TOTAL HEATING ENERGY [],ZONE ELECTRIC EQUIPMENT TOTAL HEATING ENERGY [],ZONE GAS EQUIPMENT TOTAL HEATING ENERGY [],ZONE HOT WATER EQUIPMENT TOTAL HEATING ENERGY [],ZONE STEAM EQUIPMENT TOTAL HEATING ENERGY [],ZONE OTHER EQUIPMENT TOTAL HEATING ENERGY [],ZONE INFILTRATION SENSIBLE HEAT GAIN ENERGY {Maximum} [W],ZONE INFILTRATION SENSIBLE HEAT GAIN ENERGY {TIMESTAMP},ZONE INFILTRATION SENSIBLE HEAT LOSS ENERGY {Maximum} [W],ZONE INFILTRATION SENSIBLE HEAT LOSS ENERGY {TIMESTAMP}
,January,0.00,0.00,0.00,0.00,0.00,0.00,0.00,0.00,01-JAN-00:10,5482.66,12-JAN-05:52
,February,0.00,0.00,0.00,0.00,0.00,0.00,0.00,0.00,01-FEB-00:03,3846.64,02-FEB-03:00
,March,0.00,0.00,0.00,0.00,0.00,0.00,0.00,19.41,31-MAR-10:00,4021.00,03-MAR-03:52
,April,0.00,0.00,0.00,0.00,0.00,0.00,0.00,121.58,30-APR-15:50,2349.54,03-APR-04:00
,May,0.00,0.00,0.00,0.00,0.00,0.00,0.00,377.54,29-MAY-16:00,1777.33,07-MAY-12:37
,June,0.00,0.00,0.00,0.00,0.00,0.00,0.00,530.16,11-JUN-13:00,1149.52,19-JUN-23:00
,July,0.00,0.00,0.00,0.00,0.00,0.00,0.00,1004.13,02-JUL-13:51,454.13,21-JUL-01:00
,August,0.00,0.00,0.00,0.00,0.00,0.00,0.00,577.42,06-AUG-16:00,592.54,24-AUG-02:30
,September,0.00,0.00,0.00,0.00,0.00,0.00,0.00,380.29,02-SEP-17:01,1231.19,17-SEP-08:55
,October,0.00,0.00,0.00,0.00,0.00,0.00,0.00,68.42,02-OCT-16:00,2903.42,27-OCT-22:00
,November,0.00,0.00,0.00,0.00,0.00,0.00,0.00,2.80,01-NOV-09:00,3151.91,26-NOV-03:53
,December,0.00,0.00,0.00,0.00,0.00,0.00,0.00,0.00,01-DEC-00:03,4864.41,17-DEC-21:52
,,,,,,,,,,,,
,Annual Sum or Average,0.00,0.00,0.00,0.00,0.00,0.00,0.00,,,,
,Minimum of Months,0.00,0.00,0.00,0.00,0.00,0.00,0.00,0.00,,454.13,
,Maximum of Months,0.00,0.00,0.00,0.00,0.00,0.00,0.00,1004.13,,5482.66,


----------------------------------------------------------------------------------------------------
REPORT:,PeakSpaceGainsMonthly
FOR:,TOPFLOOR_PLENUM
Custom Monthly Report

,,ZONE PEOPLE TOTAL HEATING ENERGY [],ZONE LIGHTS TOTAL HEATING ENERGY [],ZONE ELECTRIC EQUIPMENT TOTAL HEATING ENERGY [],ZONE GAS EQUIPMENT TOTAL HEATING ENERGY [],ZONE HOT WATER EQUIPMENT TOTAL HEATING ENERGY [],ZONE STEAM EQUIPMENT TOTAL HEATING ENERGY [],ZONE OTHER EQUIPMENT TOTAL HEATING ENERGY [],ZONE INFILTRATION SENSIBLE HEAT GAIN ENERGY {Maximum} [W],ZONE INFILTRATION SENSIBLE HEAT GAIN ENERGY {TIMESTAMP},ZONE INFILTRATION SENSIBLE HEAT LOSS ENERGY {Maximum} [W],ZONE INFILTRATION SENSIBLE HEAT LOSS ENERGY {TIMESTAMP}
,January,0.00,0.00,0.00,0.00,0.00,0.00,0.00,0.00,01-JAN-00:10,6293.30,12-JAN-05:50
,February,0.00,0.00,0.00,0.00,0.00,0.00,0.00,0.00,01-FEB-00:03,4418.90,02-FEB-03:00
,March,0.00,0.00,0.00,0.00,0.00,0.00,0.00,21.22,31-MAR-10:00,4606.55,03-MAR-04:10
,April,0.00,0.00,0.00,0.00,0.00,0.00,0.00,141.02,30-APR-16:00,2735.30,03-APR-04:00
,May,0.00,0.00,0.00,0.00,0.00,0.00,0.00,432.28,29-MAY-16:00,2145.85,07-MAY-13:09
,June,0.00,0.00,0.00,0.00,0.00,0.00,0.00,607.46,11-JUN-13:00,1143.46,19-JUN-23:00
,July,0.00,0.00,0.00,0.00,0.00,0.00,0.00,1168.43,02-JUL-14:00,433.14,21-JUL-01:00
,August,0.00,0.00,0.00,0.00,0.00,0.00,0.00,637.40,06-AUG-15:40,570.21,24-AUG-01:00
,September,0.00,0.00,0.00,0.00,0.00,0.00,0.00,432.92,02-SEP-17:01,1422.32,24-SEP-13:00
,October,0.00,0.00,0.00,0.00,0.00,0.00,0.00,77.91,02-OCT-16:00,3326.03,27-OCT-22:00
,November,0.00,0.00,0.00,0.00,0.00,0.00,0.00,2.41,01-NOV-09:00,3578.19,26-NOV-03:53
,December,0.00,0.00,0.00,0.00,0.00,0.00,0.00,0.00,01-DEC-00:03,5549.48,17-DEC-21:52
,,,,,,,,,,,,
,Annual Sum or Average,0.00,0.00,0.00,0.00,0.00,0.00,0.00,,,,
,Minimum of Months,0.00,0.00,0.00,0.00,0.00,0.00,0.00,0.00,,433.14,
,Maximum of Months,0.00,0.00,0.00,0.00,0.00,0.00,0.00,1168.43,,6293.30,


----------------------------------------------------------------------------------------------------
REPORT:,SpaceGainComponentsAtCoolingPeakMonthly
FOR:,CORE_BOTTOM
Custom Monthly Report

,,ZONE AIR SYSTEM SENSIBLE COOLING RATE {Maximum} [W],ZONE AIR SYSTEM SENSIBLE COOLING RATE {TIMESTAMP},ZONE PEOPLE TOTAL HEATING ENERGY {AT MAX/MIN} [W],ZONE LIGHTS TOTAL HEATING ENERGY {AT MAX/MIN} [W],ZONE ELECTRIC EQUIPMENT TOTAL HEATING ENERGY {AT MAX/MIN} [W],ZONE GAS EQUIPMENT TOTAL HEATING ENERGY [],ZONE HOT WATER EQUIPMENT TOTAL HEATING ENERGY [],ZONE STEAM EQUIPMENT TOTAL HEATING ENERGY [],ZONE OTHER EQUIPMENT TOTAL HEATING ENERGY [],ZONE INFILTRATION SENSIBLE HEAT GAIN ENERGY [],ZONE INFILTRATION SENSIBLE HEAT LOSS ENERGY []
,January,163722.02,18-JAN-06:01,4720.98,1693.87,19719.30,0.00,0.00,0.00,0.00,0.00,0.00
,February,128879.81,22-FEB-06:01,4130.85,1482.14,17254.39,0.00,0.00,0.00,0.00,0.00,0.00
,March,176894.16,31-MAR-05:01,4130.85,1482.14,17254.39,0.00,0.00,0.00,0.00,0.00,0.00
,April,206922.24,27-APR-05:01,4720.98,1693.87,19719.30,0.00,0.00,0.00,0.00,0.00,0.00
,May,226298.29,26-MAY-05:01,4720.98,1693.87,19719.30,0.00,0.00,0.00,0.00,0.00,0.00
,June,230921.16,14-JUN-05:01,4720.98,1693.87,19719.30,0.00,0.00,0.00,0.00,0.00,0.00
,July,146390.54,21-JUL-05:02,3540.73,1270.40,14789.47,0.00,0.00,0.00,0.00,0.00,0.00
,August,146338.31,04-AUG-05:02,3540.73,1270.40,14789.47,0.00,0.00,0.00,0.00,0.00,0.00
,September,183136.24,18-SEP-05:01,4130.85,1482.14,17254.39,0.00,0.00,0.00,0.00,0.00,0.00
,October,185441.15,06-OCT-05:01,4130.85,1482.14,17254.39,0.00,0.00,0.00,0.00,0.00,0.00
,November,210908.07,08-NOV-06:01,4720.98,1693.87,19719.30,0.00,0.00,0.00,0.00,0.00,0.00
,December,170314.50,06-DEC-06:01,4720.98,1693.87,19719.30,0.00,0.00,0.00,0.00,0.00,0.00
,,,,,,,,,,,,
,Annual Sum or Average,,,,,,0.00,0.00,0.00,0.00,0.00,0.00
,Minimum of Months,128879.81,,3540.73,1270.40,14789.47,0.00,0.00,0.00,0.00,0.00,0.00
,Maximum of Months,230921.16,,4720.98,1693.87,19719.30,0.00,0.00,0.00,0.00,0.00,0.00


----------------------------------------------------------------------------------------------------
REPORT:,SpaceGainComponentsAtCoolingPeakMonthly
FOR:,TOPFLOOR_PLENUM
Custom Monthly Report

,,ZONE AIR SYSTEM SENSIBLE COOLING RATE {Maximum} [W],ZONE AIR SYSTEM SENSIBLE COOLING RATE {TIMESTAMP},ZONE PEOPLE TOTAL HEATING ENERGY [],ZONE LIGHTS TOTAL HEATING ENERGY [],ZONE ELECTRIC EQUIPMENT TOTAL HEATING ENERGY [],ZONE GAS EQUIPMENT TOTAL HEATING ENERGY [],ZONE HOT WATER EQUIPMENT TOTAL HEATING ENERGY [],ZONE STEAM EQUIPMENT TOTAL HEATING ENERGY [],ZONE OTHER EQUIPMENT TOTAL HEATING ENERGY [],ZONE INFILTRATION SENSIBLE HEAT GAIN ENERGY {AT MAX/MIN} [W],ZONE INFILTRATION SENSIBLE HEAT LOSS ENERGY {AT MAX/MIN} [W]
,January,87675.87,18-JAN-06:02,0.00,0.00,0.00,0.00,0.00,0.00,0.00,0.00,451.58
,February,79147.53,22-FEB-06:03,0.00,0.00,0.00,0.00,0.00,0.00,0.00,0.00,359.97
,March,97792.75,31-MAR-05:03,0.00,0.00,0.00,0.00,0.00,0.00,0.00,0.00,181.80
,April,99064.55,03-APR-05:03,0.00,0.00,0.00,0.00,0.00,0.00,0.00,0.00,556.69
,May,121621.32,26-MAY-05:02,0.00,0.00,0.00,0.00,0.00,0.00,0.00,0.00,150.13
,June,123991.67,14-JUN-05:02,0.00,0.00,0.00,0.00,0.00,0.00,0.00,0.00,95.46
,July,93824.35,03-JUL-05:03,0.00,0.00,0.00,0.00,0.00,0.00,0.00,0.00,19.50
,August,91554.81,21-AUG-05:03,0.00,0.00,0.00,0.00,0.00,0.00,0.00,0.00,78.76
,September,87371.28,08-SEP-05:03,0.00,0.00,0.00,0.00,0.00,0.00,0.00,0.00,100.42
,October,93510.45,23-OCT-05:03,0.00,0.00,0.00,0.00,0.00,0.00,0.00,0.00,153.50
,November,103902.43,08-NOV-06:02,0.00,0.00,0.00,0.00,0.00,0.00,0.00,0.00,224.22
,December,89069.60,06-DEC-06:02,0.00,0.00,0.00,0.00,0.00,0.00,0.00,0.00,615.12
,,,,,,,,,,,,
,Annual Sum or Average,,,0.00,0.00,0.00,0.00,0.00,0.00,0.00,,
,Minimum of Months,79147.53,,0.00,0.00,0.00,0.00,0.00,0.00,0.00,0.00,19.50
,Maximum of Months,123991.67,,0.00,0.00,0.00,0.00,0.00,0.00,0.00,0.00,615.12


----------------------------------------------------------------------------------------------------
REPORT:,SpaceGainComponentsAtCoolingPeakMonthly
FOR:,MIDFLOOR_PLENUM
Custom Monthly Report

,,ZONE AIR SYSTEM SENSIBLE COOLING RATE {Maximum} [W],ZONE AIR SYSTEM SENSIBLE COOLING RATE {TIMESTAMP},ZONE PEOPLE TOTAL HEATING ENERGY [],ZONE LIGHTS TOTAL HEATING ENERGY [],ZONE ELECTRIC EQUIPMENT TOTAL HEATING ENERGY [],ZONE GAS EQUIPMENT TOTAL HEATING ENERGY [],ZONE HOT WATER EQUIPMENT TOTAL HEATING ENERGY [],ZONE STEAM EQUIPMENT TOTAL HEATING ENERGY [],ZONE OTHER EQUIPMENT TOTAL HEATING ENERGY [],ZONE INFILTRATION SENSIBLE HEAT GAIN ENERGY {AT MAX/MIN} [W],ZONE INFILTRATION SENSIBLE HEAT LOSS ENERGY {AT MAX/MIN} [W]
,January,78894.47,18-JAN-06:02,0.00,0.00,0.00,0.00,0.00,0.00,0.00,0.00,398.49
,February,65624.89,22-FEB-06:03,0.00,0.00,0.00,0.00,0.00,0.00,0.00,0.00,310.56
,March,95191.24,31-MAR-05:03,0.00,0.00,0.00,0.00,0.00,0.00,0.00,0.00,165.08
,April,96917.47,03-APR-05:03,0.00,0.00,0.00,0.00,0.00,0.00,0.00,0.00,496.24
,May,119479.04,26-MAY-05:02,0.00,0.00,0.00,0.00,0.00,0.00,0.00,0.00,136.18
,June,122149.17,14-JUN-05:02,0.00,0.00,0.00,0.00,0.00,0.00,0.00,0.00,87.39
,July,92569.69,10-JUL-05:11,0.00,0.00,0.00,0.00,0.00,0.00,0.00,104.50,0.00
,August,89470.74,07-AUG-05:11,0.00,0.00,0.00,0.00,0.00,0.00,0.00,3.11,0.00
,September,97357.13,18-SEP-05:03,0.00,0.00,0.00,0.00,0.00,0.00,0.00,0.00,128.05
,October,98818.17,06-OCT-05:03,0.00,0.00,0.00,0.00,0.00,0.00,0.00,0.00,178.49
,November,101576.58,08-NOV-06:02,0.00,0.00,0.00,0.00,0.00,0.00,0.00,0.00,199.39
,December,99143.52,06-DEC-06:02,0.00,0.00,0.00,0.00,0.00,0.00,0.00,0.00,569.10
,,,,,,,,,,,,
,Annual Sum or Average,,,0.00,0.00,0.00,0.00,0.00,0.00,0.00,,
,Minimum of Months,65624.89,,0.00,0.00,0.00,0.00,0.00,0.00,0.00,0.00,0.00
,Maximum of Months,122149.17,,0.00,0.00,0.00,0.00,0.00,0.00,0.00,104.50,569.10


----------------------------------------------------------------------------------------------------
REPORT:,SpaceGainComponentsAtCoolingPeakMonthly
FOR:,FIRSTFLOOR_PLENUM
Custom Monthly Report

,,ZONE AIR SYSTEM SENSIBLE COOLING RATE {Maximum} [W],ZONE AIR SYSTEM SENSIBLE COOLING RATE {TIMESTAMP},ZONE PEOPLE TOTAL HEATING ENERGY [],ZONE LIGHTS TOTAL HEATING ENERGY [],ZONE ELECTRIC EQUIPMENT TOTAL HEATING ENERGY [],ZONE GAS EQUIPMENT TOTAL HEATING ENERGY [],ZONE HOT WATER EQUIPMENT TOTAL HEATING ENERGY [],ZONE STEAM EQUIPMENT TOTAL HEATING ENERGY [],ZONE OTHER EQUIPMENT TOTAL HEATING ENERGY [],ZONE INFILTRATION SENSIBLE HEAT GAIN ENERGY {AT MAX/MIN} [W],ZONE INFILTRATION SENSIBLE HEAT LOSS ENERGY {AT MAX/MIN} [W]
,January,95197.18,18-JAN-06:02,0.00,0.00,0.00,0.00,0.00,0.00,0.00,0.00,309.67
,February,79845.42,22-FEB-06:03,0.00,0.00,0.00,0.00,0.00,0.00,0.00,0.00,241.14
,March,107403.28,31-MAR-05:03,0.00,0.00,0.00,0.00,0.00,0.00,0.00,0.00,126.20
,April,116363.71,27-APR-05:02,0.00,0.00,0.00,0.00,0.00,0.00,0.00,0.00,171.89
,May,132298.53,26-MAY-05:02,0.00,0.00,0.00,0.00,0.00,0.00,0.00,0.00,103.75
,June,137325.00,14-JUN-05:02,0.00,0.00,0.00,0.00,0.00,0.00,0.00,0.00,66.81
,July,98528.25,10-JUL-05:11,0.00,0.00,0.00,0.00,0.00,0.00,0.00,89.72,0.00
,August,96619.79,04-AUG-05:03,0.00,0.00,0.00,0.00,0.00,0.00,0.00,0.00,55.38
,September,115065.17,18-SEP-05:03,0.00,0.00,0.00,0.00,0.00,0.00,0.00,0.00,99.48
,October,118537.88,06-OCT-05:03,0.00,0.00,0.00,0.00,0.00,0.00,0.00,0.00,138.89
,November,121221.75,08-NOV-06:02,0.00,0.00,0.00,0.00,0.00,0.00,0.00,0.00,154.99
,December,101502.53,06-DEC-06:02,0.00,0.00,0.00,0.00,0.00,0.00,0.00,0.00,426.04
,,,,,,,,,,,,
,Annual Sum or Average,,,0.00,0.00,0.00,0.00,0.00,0.00,0.00,,
,Minimum of Months,79845.42,,0.00,0.00,0.00,0.00,0.00,0.00,0.00,0.00,0.00
,Maximum of Months,137325.00,,0.00,0.00,0.00,0.00,0.00,0.00,0.00,89.72,426.04


----------------------------------------------------------------------------------------------------
REPORT:,SpaceGainComponentsAtCoolingPeakMonthly
FOR:,CORE_MID
Custom Monthly Report

,,ZONE AIR SYSTEM SENSIBLE COOLING RATE {Maximum} [W],ZONE AIR SYSTEM SENSIBLE COOLING RATE {TIMESTAMP},ZONE PEOPLE TOTAL HEATING ENERGY {AT MAX/MIN} [W],ZONE LIGHTS TOTAL HEATING ENERGY {AT MAX/MIN} [W],ZONE ELECTRIC EQUIPMENT TOTAL HEATING ENERGY {AT MAX/MIN} [W],ZONE GAS EQUIPMENT TOTAL HEATING ENERGY [],ZONE HOT WATER EQUIPMENT TOTAL HEATING ENERGY [],ZONE STEAM EQUIPMENT TOTAL HEATING ENERGY [],ZONE OTHER EQUIPMENT TOTAL HEATING ENERGY [],ZONE INFILTRATION SENSIBLE HEAT GAIN ENERGY [],ZONE INFILTRATION SENSIBLE HEAT LOSS ENERGY []
,January,118210.64,18-JAN-06:01,4720.98,1693.87,14998.33,0.00,0.00,0.00,0.00,0.00,0.00
,February,101153.93,22-FEB-05:11,0.00,1482.14,10591.29,0.00,0.00,0.00,0.00,0.00,0.00
,March,133757.37,31-MAR-05:01,4130.85,1482.14,13123.54,0.00,0.00,0.00,0.00,0.00,0.00
,April,136259.42,03-APR-05:01,4130.85,1482.14,13123.54,0.00,0.00,0.00,0.00,0.00,0.00
,May,175583.29,26-MAY-05:01,4720.98,1693.87,14998.33,0.00,0.00,0.00,0.00,0.00,0.00
,June,178605.78,14-JUN-05:01,4720.98,1693.87,14998.33,0.00,0.00,0.00,0.00,0.00,0.00
,July,115864.41,03-JUL-05:02,3540.73,1270.40,11248.74,0.00,0.00,0.00,0.00,0.00,0.00
,August,112418.69,21-AUG-05:02,3540.73,1270.40,11248.74,0.00,0.00,0.00,0.00,0.00,0.00
,September,135957.45,18-SEP-05:01,4130.85,1482.14,13123.54,0.00,0.00,0.00,0.00,0.00,0.00
,October,139097.84,06-OCT-05:01,4130.85,1482.14,13123.54,0.00,0.00,0.00,0.00,0.00,0.00
,November,153312.62,08-NOV-06:01,4720.98,1693.87,14998.33,0.00,0.00,0.00,0.00,0.00,0.00
,December,150094.86,06-DEC-06:01,4720.98,1693.87,14998.33,0.00,0.00,0.00,0.00,0.00,0.00
,,,,,,,,,,,,
,Annual Sum or Average,,,,,,0.00,0.00,0.00,0.00,0.00,0.00
,Minimum of Months,101153.93,,0.00,1270.40,10591.29,0.00,0.00,0.00,0.00,0.00,0.00
,Maximum of Months,178605.78,,4720.98,1693.87,14998.33,0.00,0.00,0.00,0.00,0.00,0.00


----------------------------------------------------------------------------------------------------
REPORT:,SpaceGainComponentsAtCoolingPeakMonthly
FOR:,CORE_TOP
Custom Monthly Report

,,ZONE AIR SYSTEM SENSIBLE COOLING RATE {Maximum} [W],ZONE AIR SYSTEM SENSIBLE COOLING RATE {TIMESTAMP},ZONE PEOPLE TOTAL HEATING ENERGY {AT MAX/MIN} [W],ZONE LIGHTS TOTAL HEATING ENERGY {AT MAX/MIN} [W],ZONE ELECTRIC EQUIPMENT TOTAL HEATING ENERGY {AT MAX/MIN} [W],ZONE GAS EQUIPMENT TOTAL HEATING ENERGY [],ZONE HOT WATER EQUIPMENT TOTAL HEATING ENERGY [],ZONE STEAM EQUIPMENT TOTAL HEATING ENERGY [],ZONE OTHER EQUIPMENT TOTAL HEATING ENERGY [],ZONE INFILTRATION SENSIBLE HEAT GAIN ENERGY [],ZONE INFILTRATION SENSIBLE HEAT LOSS ENERGY []
,January,111571.98,18-JAN-06:01,4720.98,1693.87,14998.33,0.00,0.00,0.00,0.00,0.00,0.00
,February,98546.70,22-FEB-06:01,4130.85,1482.14,13123.54,0.00,0.00,0.00,0.00,0.00,0.00
,March,120050.53,31-MAR-05:01,4130.85,1482.14,13123.54,0.00,0.00,0.00,0.00,0.00,0.00
,April,124301.38,03-APR-05:01,4130.85,1482.14,13123.54,0.00,0.00,0.00,0.00,0.00,0.00
,May,155221.66,26-MAY-05:01,4720.98,1693.87,14998.33,0.00,0.00,0.00,0.00,0.00,0.00
,June,158164.99,14-JUN-05:01,4720.98,1693.87,14998.33,0.00,0.00,0.00,0.00,0.00,0.00
,July,116446.29,03-JUL-05:02,3540.73,1270.40,11248.74,0.00,0.00,0.00,0.00,0.00,0.00
,August,104328.55,21-AUG-05:02,3540.73,1270.40,11248.74,0.00,0.00,0.00,0.00,0.00,0.00
,September,103919.86,25-SEP-04:11,0.00,1482.14,10591.29,0.00,0.00,0.00,0.00,0.00,0.00
,October,115560.61,23-OCT-05:01,4130.85,1482.14,13123.54,0.00,0.00,0.00,0.00,0.00,0.00
,November,139045.55,08-NOV-06:01,4720.98,1693.87,14998.33,0.00,0.00,0.00,0.00,0.00,0.00
,December,113604.78,06-DEC-06:01,4720.98,1693.87,14998.33,0.00,0.00,0.00,0.00,0.00,0.00
,,,,,,,,,,,,
,Annual Sum or Average,,,,,,0.00,0.00,0.00,0.00,0.00,0.00
,Minimum of Months,98546.70,,0.00,1270.40,10591.29,0.00,0.00,0.00,0.00,0.00,0.00
,Maximum of Months,158164.99,,4720.98,1693.87,14998.33,0.00,0.00,0.00,0.00,0.00,0.00


----------------------------------------------------------------------------------------------------
REPORT:,SpaceGainComponentsAtCoolingPeakMonthly
FOR:,PERIMETER_TOP_ZN_3
Custom Monthly Report

,,ZONE AIR SYSTEM SENSIBLE COOLING RATE {Maximum} [W],ZONE AIR SYSTEM SENSIBLE COOLING RATE {TIMESTAMP},ZONE PEOPLE TOTAL HEATING ENERGY {AT MAX/MIN} [W],ZONE LIGHTS TOTAL HEATING ENERGY {AT MAX/MIN} [W],ZONE ELECTRIC EQUIPMENT TOTAL HEATING ENERGY {AT MAX/MIN} [W],ZONE GAS EQUIPMENT TOTAL HEATING ENERGY [],ZONE HOT WATER EQUIPMENT TOTAL HEATING ENERGY [],ZONE STEAM EQUIPMENT TOTAL HEATING ENERGY [],ZONE OTHER EQUIPMENT TOTAL HEATING ENERGY [],ZONE INFILTRATION SENSIBLE HEAT GAIN ENERGY {AT MAX/MIN} [W],ZONE INFILTRATION SENSIBLE HEAT LOSS ENERGY {AT MAX/MIN} [W]
,January,21070.71,18-JAN-06:01,995.22,357.08,3161.78,0.00,0.00,0.00,0.00,0.00,261.27
,February,19725.38,22-FEB-06:01,870.82,312.45,2766.56,0.00,0.00,0.00,0.00,0.00,207.61
,March,27240.25,31-MAR-05:01,870.82,312.45,2766.56,0.00,0.00,0.00,0.00,0.00,101.21
,April,27716.94,20-APR-05:01,870.82,312.45,2766.56,0.00,0.00,0.00,0.00,0.00,32.08
,May,39901.64,26-MAY-05:01,995.22,357.08,3161.78,0.00,0.00,0.00,0.00,0.00,84.95
,June,42553.62,14-JUN-05:01,995.22,357.08,3161.78,0.00,0.00,0.00,0.00,0.00,53.50
,July,33234.60,03-JUL-05:02,746.42,267.81,2371.33,0.00,0.00,0.00,0.00,0.00,6.21
,August,27814.21,21-AUG-05:02,746.42,267.81,2371.33,0.00,0.00,0.00,0.00,0.00,42.36
,September,25903.85,08-SEP-05:02,746.42,267.81,2371.33,0.00,0.00,0.00,0.00,0.00,56.80
,October,26896.36,04-OCT-05:02,746.42,267.81,2371.33,0.00,0.00,0.00,0.00,0.00,7.41
,November,28686.68,08-NOV-06:01,995.22,357.08,3161.78,0.00,0.00,0.00,0.00,0.00,129.27
,December,22277.38,04-DEC-05:11,0.00,312.45,2232.74,0.00,0.00,0.00,0.00,0.00,299.27
,,,,,,,,,,,,
,Annual Sum or Average,,,,,,0.00,0.00,0.00,0.00,,
,Minimum of Months,19725.38,,0.00,267.81,2232.74,0.00,0.00,0.00,0.00,0.00,6.21
,Maximum of Months,42553.62,,995.22,357.08,3161.78,0.00,0.00,0.00,0.00,0.00,299.27


----------------------------------------------------------------------------------------------------
REPORT:,SpaceGainComponentsAtCoolingPeakMonthly
FOR:,PERIMETER_TOP_ZN_2
Custom Monthly Report

,,ZONE AIR SYSTEM SENSIBLE COOLING RATE {Maximum} [W],ZONE AIR SYSTEM SENSIBLE COOLING RATE {TIMESTAMP},ZONE PEOPLE TOTAL HEATING ENERGY {AT MAX/MIN} [W],ZONE LIGHTS TOTAL HEATING ENERGY {AT MAX/MIN} [W],ZONE ELECTRIC EQUIPMENT TOTAL HEATING ENERGY {AT MAX/MIN} [W],ZONE GAS EQUIPMENT TOTAL HEATING ENERGY [],ZONE HOT WATER EQUIPMENT TOTAL HEATING ENERGY [],ZONE STEAM EQUIPMENT TOTAL HEATING ENERGY [],ZONE OTHER EQUIPMENT TOTAL HEATING ENERGY [],ZONE INFILTRATION SENSIBLE HEAT GAIN ENERGY {AT MAX/MIN} [W],ZONE INFILTRATION SENSIBLE HEAT LOSS ENERGY {AT MAX/MIN} [W]
,January,13320.29,17-JAN-06:02,393.79,141.29,1251.04,0.00,0.00,0.00,0.00,0.00,73.81
,February,14082.82,22-FEB-06:01,551.30,197.81,1751.46,0.00,0.00,0.00,0.00,0.00,136.29
,March,20453.29,31-MAR-05:01,551.30,197.81,1751.46,0.00,0.00,0.00,0.00,0.00,66.12
,April,20181.58,20-APR-05:01,551.30,197.81,1751.46,0.00,0.00,0.00,0.00,0.00,21.03
,May,26465.09,26-MAY-05:01,630.06,226.06,2001.67,0.00,0.00,0.00,0.00,0.00,57.50
,June,33046.95,04-JUN-08:61,315.03,209.58,1501.25,0.00,0.00,0.00,0.00,0.00,124.36
,July,30618.60,03-JUL-05:02,472.54,169.55,1501.25,0.00,0.00,0.00,0.00,1.49,0.00
,August,31794.09,27-AUG-10:11,315.03,209.58,1501.25,0.00,0.00,0.00,0.00,40.99,0.00
,September,30834.30,04-SEP-10:21,315.03,209.58,1501.25,0.00,0.00,0.00,0.00,5.14,0.00
,October,24378.41,04-OCT-05:02,472.54,169.55,1501.25,0.00,0.00,0.00,0.00,0.00,4.22
,November,20198.37,02-NOV-05:02,472.54,169.55,1501.25,0.00,0.00,0.00,0.00,0.00,54.76
,December,15596.26,05-DEC-06:02,393.79,141.29,1251.04,0.00,0.00,0.00,0.00,0.00,34.43
,,,,,,,,,,,,
,Annual Sum or Average,,,,,,0.00,0.00,0.00,0.00,,
,Minimum of Months,13320.29,,315.03,141.29,1251.04,0.00,0.00,0.00,0.00,0.00,0.00
,Maximum of Months,33046.95,,630.06,226.06,2001.67,0.00,0.00,0.00,0.00,40.99,136.29


----------------------------------------------------------------------------------------------------
REPORT:,SpaceGainComponentsAtCoolingPeakMonthly
FOR:,PERIMETER_TOP_ZN_1
Custom Monthly Report

,,ZONE AIR SYSTEM SENSIBLE COOLING RATE {Maximum} [W],ZONE AIR SYSTEM SENSIBLE COOLING RATE {TIMESTAMP},ZONE PEOPLE TOTAL HEATING ENERGY {AT MAX/MIN} [W],ZONE LIGHTS TOTAL HEATING ENERGY {AT MAX/MIN} [W],ZONE ELECTRIC EQUIPMENT TOTAL HEATING ENERGY {AT MAX/MIN} [W],ZONE GAS EQUIPMENT TOTAL HEATING ENERGY [],ZONE HOT WATER EQUIPMENT TOTAL HEATING ENERGY [],ZONE STEAM EQUIPMENT TOTAL HEATING ENERGY [],ZONE OTHER EQUIPMENT TOTAL HEATING ENERGY [],ZONE INFILTRATION SENSIBLE HEAT GAIN ENERGY {AT MAX/MIN} [W],ZONE INFILTRATION SENSIBLE HEAT LOSS ENERGY {AT MAX/MIN} [W]
,January,27280.13,15-JAN-13:41,497.61,331.04,2371.33,0.00,0.00,0.00,0.00,0.00,1009.14
,February,84065.34,12-FEB-13:21,622.01,413.80,2964.17,0.00,0.00,0.00,0.00,0.00,1153.34
,March,36571.59,31-MAR-05:01,870.82,312.45,2766.56,0.00,0.00,0.00,0.00,0.00,99.29
,April,34549.51,20-APR-05:01,870.82,312.45,2766.56,0.00,0.00,0.00,0.00,0.00,31.33
,May,44977.27,26-MAY-05:01,995.22,357.08,3161.78,0.00,0.00,0.00,0.00,0.00,82.37
,June,45639.32,14-JUN-05:01,995.22,357.08,3161.78,0.00,0.00,0.00,0.00,0.00,50.84
,July,41101.18,03-JUL-05:02,746.42,267.81,2371.33,0.00,0.00,0.00,0.00,0.00,1.19
,August,48536.30,27-AUG-14:11,497.61,331.04,2371.33,0.00,0.00,0.00,0.00,166.54,0.00
,September,41210.52,04-SEP-10:21,497.61,331.04,2371.33,0.00,0.00,0.00,0.00,7.29,0.00
,October,35558.90,04-OCT-05:02,746.42,267.81,2371.33,0.00,0.00,0.00,0.00,0.00,6.96
,November,32979.27,08-NOV-06:01,995.22,357.08,3161.78,0.00,0.00,0.00,0.00,0.00,127.83
,December,57977.60,24-DEC-12:41,559.81,372.42,2667.75,0.00,0.00,0.00,0.00,0.00,2041.29
,,,,,,,,,,,,
,Annual Sum or Average,,,,,,0.00,0.00,0.00,0.00,,
,Minimum of Months,27280.13,,497.61,267.81,2371.33,0.00,0.00,0.00,0.00,0.00,0.00
,Maximum of Months,84065.34,,995.22,413.80,3161.78,0.00,0.00,0.00,0.00,166.54,2041.29


----------------------------------------------------------------------------------------------------
REPORT:,SpaceGainComponentsAtCoolingPeakMonthly
FOR:,PERIMETER_TOP_ZN_4
Custom Monthly Report

,,ZONE AIR SYSTEM SENSIBLE COOLING RATE {Maximum} [W],ZONE AIR SYSTEM SENSIBLE COOLING RATE {TIMESTAMP},ZONE PEOPLE TOTAL HEATING ENERGY {AT MAX/MIN} [W],ZONE LIGHTS TOTAL HEATING ENERGY {AT MAX/MIN} [W],ZONE ELECTRIC EQUIPMENT TOTAL HEATING ENERGY {AT MAX/MIN} [W],ZONE GAS EQUIPMENT TOTAL HEATING ENERGY [],ZONE HOT WATER EQUIPMENT TOTAL HEATING ENERGY [],ZONE STEAM EQUIPMENT TOTAL HEATING ENERGY [],ZONE OTHER EQUIPMENT TOTAL HEATING ENERGY [],ZONE INFILTRATION SENSIBLE HEAT GAIN ENERGY {AT MAX/MIN} [W],ZONE INFILTRATION SENSIBLE HEAT LOSS ENERGY {AT MAX/MIN} [W]
,January,13977.71,17-JAN-06:02,393.76,141.28,1250.96,0.00,0.00,0.00,0.00,0.00,73.25
,February,26568.98,12-FEB-15:21,354.38,235.76,1688.80,0.00,0.00,0.00,0.00,0.00,962.53
,March,34099.30,18-MAR-17:09,354.38,235.76,1688.80,0.00,0.00,0.00,0.00,0.00,350.86
,April,40177.94,29-APR-17:07,393.76,261.95,1876.45,0.00,0.00,0.00,0.00,0.00,198.22
,May,40077.79,29-MAY-15:41,354.38,235.76,1688.80,0.00,0.00,0.00,0.00,136.93,0.00
,June,53749.81,25-JUN-16:51,393.76,261.95,1876.45,0.00,0.00,0.00,0.00,0.00,123.83
,July,53514.22,16-JUL-16:41,393.76,261.95,1876.45,0.00,0.00,0.00,0.00,108.91,0.00
,August,40554.59,27-AUG-17:31,0.00,235.76,1362.94,0.00,0.00,0.00,0.00,47.86,0.00
,September,33023.91,02-SEP-17:08,354.38,235.76,1688.80,0.00,0.00,0.00,0.00,146.46,0.00
,October,23582.49,04-OCT-05:02,472.51,169.54,1501.16,0.00,0.00,0.00,0.00,0.00,4.37
,November,19304.54,02-NOV-05:02,472.51,169.54,1501.16,0.00,0.00,0.00,0.00,0.00,55.55
,December,16427.25,05-DEC-06:02,393.76,141.28,1250.96,0.00,0.00,0.00,0.00,0.00,33.69
,,,,,,,,,,,,
,Annual Sum or Average,,,,,,0.00,0.00,0.00,0.00,,
,Minimum of Months,13977.71,,0.00,141.28,1250.96,0.00,0.00,0.00,0.00,0.00,0.00
,Maximum of Months,53749.81,,472.51,261.95,1876.45,0.00,0.00,0.00,0.00,146.46,962.53


----------------------------------------------------------------------------------------------------
REPORT:,SpaceGainComponentsAtCoolingPeakMonthly
FOR:,PERIMETER_BOT_ZN_3
Custom Monthly Report

,,ZONE AIR SYSTEM SENSIBLE COOLING RATE {Maximum} [W],ZONE AIR SYSTEM SENSIBLE COOLING RATE {TIMESTAMP},ZONE PEOPLE TOTAL HEATING ENERGY {AT MAX/MIN} [W],ZONE LIGHTS TOTAL HEATING ENERGY {AT MAX/MIN} [W],ZONE ELECTRIC EQUIPMENT TOTAL HEATING ENERGY {AT MAX/MIN} [W],ZONE GAS EQUIPMENT TOTAL HEATING ENERGY [],ZONE HOT WATER EQUIPMENT TOTAL HEATING ENERGY [],ZONE STEAM EQUIPMENT TOTAL HEATING ENERGY [],ZONE OTHER EQUIPMENT TOTAL HEATING ENERGY [],ZONE INFILTRATION SENSIBLE HEAT GAIN ENERGY {AT MAX/MIN} [W],ZONE INFILTRATION SENSIBLE HEAT LOSS ENERGY {AT MAX/MIN} [W]
,January,23082.84,18-JAN-06:01,995.22,357.08,3161.78,0.00,0.00,0.00,0.00,0.00,145.16
,February,18792.24,22-FEB-05:11,0.00,312.45,2232.74,0.00,0.00,0.00,0.00,0.00,367.63
,March,25285.11,27-MAR-04:11,0.00,357.08,2551.70,0.00,0.00,0.00,0.00,0.00,191.26
,April,29045.60,27-APR-05:01,995.22,357.08,3161.78,0.00,0.00,0.00,0.00,0.00,79.87
,May,36475.65,26-MAY-05:01,995.22,357.08,3161.78,0.00,0.00,0.00,0.00,0.00,47.66
,June,40002.17,14-JUN-05:01,995.22,357.08,3161.78,0.00,0.00,0.00,0.00,0.00,30.82
,July,28149.65,02-JUL-18:41,0.00,413.80,2392.22,0.00,0.00,0.00,0.00,246.04,0.00
,August,25557.11,06-AUG-15:01,622.01,413.80,2964.17,0.00,0.00,0.00,0.00,183.84,0.00
,September,29826.88,18-SEP-05:01,870.82,312.45,2766.56,0.00,0.00,0.00,0.00,0.00,46.68
,October,31140.74,06-OCT-05:01,870.82,312.45,2766.56,0.00,0.00,0.00,0.00,0.00,64.75
,November,31604.01,08-NOV-06:01,995.22,357.08,3161.78,0.00,0.00,0.00,0.00,0.00,72.72
,December,25509.66,06-DEC-06:01,995.22,357.08,3161.78,0.00,0.00,0.00,0.00,0.00,200.28
,,,,,,,,,,,,
,Annual Sum or Average,,,,,,0.00,0.00,0.00,0.00,,
,Minimum of Months,18792.24,,0.00,312.45,2232.74,0.00,0.00,0.00,0.00,0.00,0.00
,Maximum of Months,40002.17,,995.22,413.80,3161.78,0.00,0.00,0.00,0.00,246.04,367.63


----------------------------------------------------------------------------------------------------
REPORT:,SpaceGainComponentsAtCoolingPeakMonthly
FOR:,PERIMETER_BOT_ZN_2
Custom Monthly Report

,,ZONE AIR SYSTEM SENSIBLE COOLING RATE {Maximum} [W],ZONE AIR SYSTEM SENSIBLE COOLING RATE {TIMESTAMP},ZONE PEOPLE TOTAL HEATING ENERGY {AT MAX/MIN} [W],ZONE LIGHTS TOTAL HEATING ENERGY {AT MAX/MIN} [W],ZONE ELECTRIC EQUIPMENT TOTAL HEATING ENERGY {AT MAX/MIN} [W],ZONE GAS EQUIPMENT TOTAL HEATING ENERGY [],ZONE HOT WATER EQUIPMENT TOTAL HEATING ENERGY [],ZONE STEAM EQUIPMENT TOTAL HEATING ENERGY [],ZONE OTHER EQUIPMENT TOTAL HEATING ENERGY [],ZONE INFILTRATION SENSIBLE HEAT GAIN ENERGY {AT MAX/MIN} [W],ZONE INFILTRATION SENSIBLE HEAT LOSS ENERGY {AT MAX/MIN} [W]
,January,19211.75,18-JAN-06:01,630.06,226.06,2001.67,0.00,0.00,0.00,0.00,0.00,94.59
,February,17026.88,22-FEB-06:01,551.30,197.81,1751.46,0.00,0.00,0.00,0.00,0.00,72.67
,March,26069.05,31-MAR-05:01,551.30,197.81,1751.46,0.00,0.00,0.00,0.00,0.00,35.95
,April,26847.56,27-APR-05:01,630.06,226.06,2001.67,0.00,0.00,0.00,0.00,0.00,52.54
,May,34716.54,26-MAY-05:01,630.06,226.06,2001.67,0.00,0.00,0.00,0.00,0.00,31.04
,June,37110.07,14-JUN-05:01,630.06,226.06,2001.67,0.00,0.00,0.00,0.00,0.00,19.82
,July,48851.20,02-JUL-09:21,393.79,261.97,1876.56,0.00,0.00,0.00,0.00,91.50,0.00
,August,43720.01,06-AUG-09:41,393.79,261.97,1876.56,0.00,0.00,0.00,0.00,43.61,0.00
,September,28523.73,18-SEP-05:01,551.30,197.81,1751.46,0.00,0.00,0.00,0.00,0.00,29.25
,October,30055.75,06-OCT-05:01,551.30,197.81,1751.46,0.00,0.00,0.00,0.00,0.00,40.13
,November,25896.12,08-NOV-06:01,630.06,226.06,2001.67,0.00,0.00,0.00,0.00,0.00,46.90
,December,20983.40,06-DEC-06:01,630.06,226.06,2001.67,0.00,0.00,0.00,0.00,0.00,130.00
,,,,,,,,,,,,
,Annual Sum or Average,,,,,,0.00,0.00,0.00,0.00,,
,Minimum of Months,17026.88,,393.79,197.81,1751.46,0.00,0.00,0.00,0.00,0.00,0.00
,Maximum of Months,48851.20,,630.06,261.97,2001.67,0.00,0.00,0.00,0.00,91.50,130.00


----------------------------------------------------------------------------------------------------
REPORT:,SpaceGainComponentsAtCoolingPeakMonthly
FOR:,PERIMETER_BOT_ZN_1
Custom Monthly Report

,,ZONE AIR SYSTEM SENSIBLE COOLING RATE {Maximum} [W],ZONE AIR SYSTEM SENSIBLE COOLING RATE {TIMESTAMP},ZONE PEOPLE TOTAL HEATING ENERGY {AT MAX/MIN} [W],ZONE LIGHTS TOTAL HEATING ENERGY {AT MAX/MIN} [W],ZONE ELECTRIC EQUIPMENT TOTAL HEATING ENERGY {AT MAX/MIN} [W],ZONE GAS EQUIPMENT TOTAL HEATING ENERGY [],ZONE HOT WATER EQUIPMENT TOTAL HEATING ENERGY [],ZONE STEAM EQUIPMENT TOTAL HEATING ENERGY [],ZONE OTHER EQUIPMENT TOTAL HEATING ENERGY [],ZONE INFILTRATION SENSIBLE HEAT GAIN ENERGY {AT MAX/MIN} [W],ZONE INFILTRATION SENSIBLE HEAT LOSS ENERGY {AT MAX/MIN} [W]
,January,42174.61,15-JAN-13:19,622.01,413.80,2964.17,0.00,0.00,0.00,0.00,0.00,579.20
,February,24595.58,22-FEB-06:01,870.82,312.45,2766.56,0.00,0.00,0.00,0.00,0.00,1725.88
,March,40250.60,31-MAR-05:01,870.82,312.45,2766.56,0.00,0.00,0.00,0.00,0.00,1306.94
,April,47530.14,16-APR-15:11,622.01,413.80,2964.17,0.00,0.00,0.00,0.00,0.00,64.00
,May,47172.30,26-MAY-05:01,995.22,357.08,3161.78,0.00,0.00,0.00,0.00,0.00,1315.57
,June,48844.54,14-JUN-05:01,995.22,357.08,3161.78,0.00,0.00,0.00,0.00,0.00,1075.55
,July,46330.48,02-JUL-14:41,622.01,413.80,2964.17,0.00,0.00,0.00,0.00,320.02,0.00
,August,54360.78,06-AUG-15:01,622.01,413.80,2964.17,0.00,0.00,0.00,0.00,170.14,0.00
,September,58953.87,10-SEP-12:51,622.01,413.80,2964.17,0.00,0.00,0.00,0.00,62.55,0.00
,October,45805.15,06-OCT-05:01,870.82,312.45,2766.56,0.00,0.00,0.00,0.00,0.00,1422.52
,November,39080.84,08-NOV-06:01,995.22,357.08,3161.78,0.00,0.00,0.00,0.00,0.00,1877.92
,December,69052.75,03-DEC-14:01,622.01,413.80,2964.17,0.00,0.00,0.00,0.00,0.00,427.02
,,,,,,,,,,,,
,Annual Sum or Average,,,,,,0.00,0.00,0.00,0.00,,
,Minimum of Months,24595.58,,622.01,312.45,2766.56,0.00,0.00,0.00,0.00,0.00,0.00
,Maximum of Months,69052.75,,995.22,413.80,3161.78,0.00,0.00,0.00,0.00,320.02,1877.92


----------------------------------------------------------------------------------------------------
REPORT:,SpaceGainComponentsAtCoolingPeakMonthly
FOR:,PERIMETER_BOT_ZN_4
Custom Monthly Report

,,ZONE AIR SYSTEM SENSIBLE COOLING RATE {Maximum} [W],ZONE AIR SYSTEM SENSIBLE COOLING RATE {TIMESTAMP},ZONE PEOPLE TOTAL HEATING ENERGY {AT MAX/MIN} [W],ZONE LIGHTS TOTAL HEATING ENERGY {AT MAX/MIN} [W],ZONE ELECTRIC EQUIPMENT TOTAL HEATING ENERGY {AT MAX/MIN} [W],ZONE GAS EQUIPMENT TOTAL HEATING ENERGY [],ZONE HOT WATER EQUIPMENT TOTAL HEATING ENERGY [],ZONE STEAM EQUIPMENT TOTAL HEATING ENERGY [],ZONE OTHER EQUIPMENT TOTAL HEATING ENERGY [],ZONE INFILTRATION SENSIBLE HEAT GAIN ENERGY {AT MAX/MIN} [W],ZONE INFILTRATION SENSIBLE HEAT LOSS ENERGY {AT MAX/MIN} [W]
,January,18768.76,18-JAN-06:01,630.02,226.05,2001.54,0.00,0.00,0.00,0.00,0.00,94.89
,February,18175.11,22-FEB-06:01,551.27,197.79,1751.35,0.00,0.00,0.00,0.00,0.00,73.10
,March,27932.81,31-MAR-05:01,551.27,197.79,1751.35,0.00,0.00,0.00,0.00,0.00,36.40
,April,52050.83,30-APR-17:31,0.00,261.95,1514.38,0.00,0.00,0.00,0.00,0.00,11.32
,May,35414.50,26-MAY-05:01,630.02,226.05,2001.54,0.00,0.00,0.00,0.00,0.00,31.67
,June,37105.21,14-JUN-05:01,630.02,226.05,2001.54,0.00,0.00,0.00,0.00,0.00,20.18
,July,57843.95,02-JUL-18:01,0.00,261.95,1514.38,0.00,0.00,0.00,0.00,170.59,0.00
,August,53515.28,06-AUG-17:41,0.00,261.95,1514.38,0.00,0.00,0.00,0.00,62.28,0.00
,September,33219.40,18-SEP-05:01,551.27,197.79,1751.35,0.00,0.00,0.00,0.00,0.00,30.26
,October,32271.05,06-OCT-05:01,551.27,197.79,1751.35,0.00,0.00,0.00,0.00,0.00,40.69
,November,25284.01,08-NOV-06:01,630.02,226.05,2001.54,0.00,0.00,0.00,0.00,0.00,47.08
,December,20824.02,29-DEC-06:01,551.27,197.79,1751.35,0.00,0.00,0.00,0.00,0.00,74.33
,,,,,,,,,,,,
,Annual Sum or Average,,,,,,0.00,0.00,0.00,0.00,,
,Minimum of Months,18175.11,,0.00,197.79,1514.38,0.00,0.00,0.00,0.00,0.00,0.00
,Maximum of Months,57843.95,,630.02,261.95,2001.54,0.00,0.00,0.00,0.00,170.59,94.89


----------------------------------------------------------------------------------------------------
REPORT:,SpaceGainComponentsAtCoolingPeakMonthly
FOR:,PERIMETER_MID_ZN_3
Custom Monthly Report

,,ZONE AIR SYSTEM SENSIBLE COOLING RATE {Maximum} [W],ZONE AIR SYSTEM SENSIBLE COOLING RATE {TIMESTAMP},ZONE PEOPLE TOTAL HEATING ENERGY {AT MAX/MIN} [W],ZONE LIGHTS TOTAL HEATING ENERGY {AT MAX/MIN} [W],ZONE ELECTRIC EQUIPMENT TOTAL HEATING ENERGY {AT MAX/MIN} [W],ZONE GAS EQUIPMENT TOTAL HEATING ENERGY [],ZONE HOT WATER EQUIPMENT TOTAL HEATING ENERGY [],ZONE STEAM EQUIPMENT TOTAL HEATING ENERGY [],ZONE OTHER EQUIPMENT TOTAL HEATING ENERGY [],ZONE INFILTRATION SENSIBLE HEAT GAIN ENERGY {AT MAX/MIN} [W],ZONE INFILTRATION SENSIBLE HEAT LOSS ENERGY {AT MAX/MIN} [W]
,January,23818.78,18-JAN-06:01,995.22,357.08,3161.78,0.00,0.00,0.00,0.00,0.00,224.31
,February,19708.03,22-FEB-05:11,0.00,312.45,2232.74,0.00,0.00,0.00,0.00,0.00,570.07
,March,28879.30,31-MAR-05:01,870.82,312.45,2766.56,0.00,0.00,0.00,0.00,0.00,88.99
,April,28627.38,20-APR-05:01,870.82,312.45,2766.56,0.00,0.00,0.00,0.00,0.00,27.64
,May,42117.88,26-MAY-05:01,995.22,357.08,3161.78,0.00,0.00,0.00,0.00,0.00,74.97
,June,44360.56,14-JUN-05:01,995.22,357.08,3161.78,0.00,0.00,0.00,0.00,0.00,47.84
,July,34029.85,02-JUL-18:41,0.00,413.80,2392.22,0.00,0.00,0.00,0.00,379.36,0.00
,August,28462.77,06-AUG-15:01,622.01,413.80,2964.17,0.00,0.00,0.00,0.00,285.39,0.00
,September,30057.23,18-SEP-05:01,870.82,312.45,2766.56,0.00,0.00,0.00,0.00,0.00,71.01
,October,31182.42,06-OCT-05:01,870.82,312.45,2766.56,0.00,0.00,0.00,0.00,0.00,97.61
,November,31288.07,08-NOV-06:01,995.22,357.08,3161.78,0.00,0.00,0.00,0.00,0.00,111.28
,December,27269.96,06-DEC-06:01,995.22,357.08,3161.78,0.00,0.00,0.00,0.00,0.00,310.09
,,,,,,,,,,,,
,Annual Sum or Average,,,,,,0.00,0.00,0.00,0.00,,
,Minimum of Months,19708.03,,0.00,312.45,2232.74,0.00,0.00,0.00,0.00,0.00,0.00
,Maximum of Months,44360.56,,995.22,413.80,3161.78,0.00,0.00,0.00,0.00,379.36,570.07


----------------------------------------------------------------------------------------------------
REPORT:,SpaceGainComponentsAtCoolingPeakMonthly
FOR:,PERIMETER_MID_ZN_2
Custom Monthly Report

,,ZONE AIR SYSTEM SENSIBLE COOLING RATE {Maximum} [W],ZONE AIR SYSTEM SENSIBLE COOLING RATE {TIMESTAMP},ZONE PEOPLE TOTAL HEATING ENERGY {AT MAX/MIN} [W],ZONE LIGHTS TOTAL HEATING ENERGY {AT MAX/MIN} [W],ZONE ELECTRIC EQUIPMENT TOTAL HEATING ENERGY {AT MAX/MIN} [W],ZONE GAS EQUIPMENT TOTAL HEATING ENERGY [],ZONE HOT WATER EQUIPMENT TOTAL HEATING ENERGY [],ZONE STEAM EQUIPMENT TOTAL HEATING ENERGY [],ZONE OTHER EQUIPMENT TOTAL HEATING ENERGY [],ZONE INFILTRATION SENSIBLE HEAT GAIN ENERGY {AT MAX/MIN} [W],ZONE INFILTRATION SENSIBLE HEAT LOSS ENERGY {AT MAX/MIN} [W]
,January,15996.00,18-JAN-06:01,630.06,226.06,2001.67,0.00,0.00,0.00,0.00,0.00,148.40
,February,15512.91,22-FEB-06:01,551.30,197.81,1751.46,0.00,0.00,0.00,0.00,0.00,114.36
,March,24524.06,28-MAR-05:02,472.54,169.55,1501.25,0.00,0.00,0.00,0.00,0.00,39.10
,April,57624.97,16-APR-08:31,393.79,261.97,1876.56,0.00,0.00,0.00,0.00,0.00,156.35
,May,40924.84,07-MAY-07:31,354.41,235.77,1688.91,0.00,0.00,0.00,0.00,0.00,212.88
,June,47180.57,04-JUN-09:11,393.79,261.97,1876.56,0.00,0.00,0.00,0.00,0.00,83.10
,July,61524.04,02-JUL-08:41,393.79,261.97,1876.56,0.00,0.00,0.00,0.00,115.38,0.00
,August,56845.88,13-AUG-08:51,393.79,261.97,1876.56,0.00,0.00,0.00,0.00,0.00,63.55
,September,38715.32,03-SEP-08:31,354.41,235.77,1688.91,0.00,0.00,0.00,0.00,0.00,127.81
,October,26506.34,10-OCT-05:02,472.54,169.55,1501.25,0.00,0.00,0.00,0.00,0.00,40.92
,November,23197.99,02-NOV-05:02,472.54,169.55,1501.25,0.00,0.00,0.00,0.00,0.00,47.30
,December,21757.44,03-DEC-10:01,315.03,209.58,1501.25,0.00,0.00,0.00,0.00,0.00,411.56
,,,,,,,,,,,,
,Annual Sum or Average,,,,,,0.00,0.00,0.00,0.00,,
,Minimum of Months,15512.91,,315.03,169.55,1501.25,0.00,0.00,0.00,0.00,0.00,0.00
,Maximum of Months,61524.04,,630.06,261.97,2001.67,0.00,0.00,0.00,0.00,115.38,411.56


----------------------------------------------------------------------------------------------------
REPORT:,SpaceGainComponentsAtCoolingPeakMonthly
FOR:,PERIMETER_MID_ZN_1
Custom Monthly Report

,,ZONE AIR SYSTEM SENSIBLE COOLING RATE {Maximum} [W],ZONE AIR SYSTEM SENSIBLE COOLING RATE {TIMESTAMP},ZONE PEOPLE TOTAL HEATING ENERGY {AT MAX/MIN} [W],ZONE LIGHTS TOTAL HEATING ENERGY {AT MAX/MIN} [W],ZONE ELECTRIC EQUIPMENT TOTAL HEATING ENERGY {AT MAX/MIN} [W],ZONE GAS EQUIPMENT TOTAL HEATING ENERGY [],ZONE HOT WATER EQUIPMENT TOTAL HEATING ENERGY [],ZONE STEAM EQUIPMENT TOTAL HEATING ENERGY [],ZONE OTHER EQUIPMENT TOTAL HEATING ENERGY [],ZONE INFILTRATION SENSIBLE HEAT GAIN ENERGY {AT MAX/MIN} [W],ZONE INFILTRATION SENSIBLE HEAT LOSS ENERGY {AT MAX/MIN} [W]
,January,74067.67,15-JAN-13:21,622.01,413.80,2964.17,0.00,0.00,0.00,0.00,0.00,884.95
,February,26323.14,12-FEB-13:11,622.01,413.80,2964.17,0.00,0.00,0.00,0.00,0.00,904.13
,March,39886.92,31-MAR-05:01,870.82,312.45,2766.56,0.00,0.00,0.00,0.00,0.00,86.89
,April,58669.32,16-APR-11:51,559.81,372.42,2667.75,0.00,0.00,0.00,0.00,0.00,226.77
,May,51804.07,26-MAY-05:01,995.22,357.08,3161.78,0.00,0.00,0.00,0.00,0.00,71.12
,June,52813.30,14-JUN-05:01,995.22,357.08,3161.78,0.00,0.00,0.00,0.00,0.00,44.20
,July,55803.70,30-JUL-14:51,622.01,413.80,2964.17,0.00,0.00,0.00,0.00,41.33,0.00
,August,59219.24,06-AUG-13:01,559.81,372.42,2667.75,0.00,0.00,0.00,0.00,187.62,0.00
,September,71854.80,10-SEP-12:51,622.01,413.80,2964.17,0.00,0.00,0.00,0.00,88.83,0.00
,October,57868.36,01-OCT-13:51,559.81,372.42,2667.75,0.00,0.00,0.00,0.00,0.00,404.79
,November,61568.35,23-NOV-11:21,559.81,372.42,2667.75,0.00,0.00,0.00,0.00,0.00,845.31
,December,86207.04,03-DEC-12:41,622.01,413.80,2964.17,0.00,0.00,0.00,0.00,0.00,788.06
,,,,,,,,,,,,
,Annual Sum or Average,,,,,,0.00,0.00,0.00,0.00,,
,Minimum of Months,26323.14,,559.81,312.45,2667.75,0.00,0.00,0.00,0.00,0.00,0.00
,Maximum of Months,86207.04,,995.22,413.80,3161.78,0.00,0.00,0.00,0.00,187.62,904.13


----------------------------------------------------------------------------------------------------
REPORT:,SpaceGainComponentsAtCoolingPeakMonthly
FOR:,PERIMETER_MID_ZN_4
Custom Monthly Report

,,ZONE AIR SYSTEM SENSIBLE COOLING RATE {Maximum} [W],ZONE AIR SYSTEM SENSIBLE COOLING RATE {TIMESTAMP},ZONE PEOPLE TOTAL HEATING ENERGY {AT MAX/MIN} [W],ZONE LIGHTS TOTAL HEATING ENERGY {AT MAX/MIN} [W],ZONE ELECTRIC EQUIPMENT TOTAL HEATING ENERGY {AT MAX/MIN} [W],ZONE GAS EQUIPMENT TOTAL HEATING ENERGY [],ZONE HOT WATER EQUIPMENT TOTAL HEATING ENERGY [],ZONE STEAM EQUIPMENT TOTAL HEATING ENERGY [],ZONE OTHER EQUIPMENT TOTAL HEATING ENERGY [],ZONE INFILTRATION SENSIBLE HEAT GAIN ENERGY {AT MAX/MIN} [W],ZONE INFILTRATION SENSIBLE HEAT LOSS ENERGY {AT MAX/MIN} [W]
,January,19273.59,15-JAN-15:21,315.01,209.56,1501.16,0.00,0.00,0.00,0.00,0.00,471.89
,February,15379.61,22-FEB-06:01,551.27,197.79,1751.35,0.00,0.00,0.00,0.00,0.00,114.79
,March,33311.71,18-MAR-17:09,354.38,235.76,1688.80,0.00,0.00,0.00,0.00,0.00,292.81
,April,58655.15,30-APR-16:41,393.76,261.95,1876.45,0.00,0.00,0.00,0.00,0.00,9.96
,May,38671.94,06-MAY-17:07,393.76,261.95,1876.45,0.00,0.00,0.00,0.00,0.00,216.10
,June,55757.26,25-JUN-17:01,0.00,261.95,1514.38,0.00,0.00,0.00,0.00,0.00,93.59
,July,61689.06,02-JUL-17:21,0.00,261.95,1514.38,0.00,0.00,0.00,0.00,272.21,0.00
,August,58988.26,06-AUG-16:21,393.76,261.95,1876.45,0.00,0.00,0.00,0.00,150.11,0.00
,September,32653.97,17-SEP-16:11,315.01,209.56,1501.16,0.00,0.00,0.00,0.00,0.00,245.49
,October,38742.66,01-OCT-16:31,354.38,235.76,1688.80,0.00,0.00,0.00,0.00,0.00,263.12
,November,22781.74,02-NOV-05:02,472.51,169.54,1501.16,0.00,0.00,0.00,0.00,0.00,47.62
,December,26702.29,03-DEC-14:41,393.76,261.95,1876.45,0.00,0.00,0.00,0.00,0.00,406.62
,,,,,,,,,,,,
,Annual Sum or Average,,,,,,0.00,0.00,0.00,0.00,,
,Minimum of Months,15379.61,,0.00,169.54,1501.16,0.00,0.00,0.00,0.00,0.00,0.00
,Maximum of Months,61689.06,,551.27,261.95,1876.45,0.00,0.00,0.00,0.00,272.21,471.89


----------------------------------------------------------------------------------------------------
REPORT:,EnergyConsumptionElectricityNaturalGasMonthly
FOR:,Meter
Custom Monthly Report

,,ELECTRICITY:FACILITY [J],ELECTRICITY:FACILITY {Maximum} [W],ELECTRICITY:FACILITY {TIMESTAMP},NATURALGAS:FACILITY [J],NATURALGAS:FACILITY {Maximum} [W],NATURALGAS:FACILITY {TIMESTAMP}
,January,0.107055E+14,9518379.25,25-JAN-07:10,0.154575E+12,14025190.60,25-JAN-07:10
,February,0.969918E+13,9210267.18,08-FEB-07:10,0.123248E+12,14025189.51,21-FEB-07:10
,March,0.995584E+13,10068644.25,07-MAR-07:10,0.181130E+12,14024957.95,25-MAR-06:10
,April,0.840512E+13,5947391.10,04-APR-06:10,0.140306E+12,14018182.32,04-APR-06:10
,May,0.776400E+13,6034320.83,31-MAY-06:10,0.770209E+11,9151824.72,09-MAY-06:10
,June,0.793255E+13,6635904.31,18-JUN-09:20,0.326871E+11,5477179.28,20-JUN-06:10
,July,0.822997E+13,7810319.14,04-JUL-10:20,0.160957E+11,2977974.71,31-JUL-06:10
,August,0.842554E+13,6068227.40,27-AUG-08:30,0.136738E+11,1210609.64,21-AUG-06:10
,September,0.759693E+13,6364030.83,07-SEP-05:30,0.367616E+11,8725420.71,18-SEP-06:10
,October,0.795202E+13,5615186.48,05-OCT-06:30,0.928971E+11,10070902.45,28-OCT-06:10
,November,0.890631E+13,7944881.99,27-NOV-07:10,0.141973E+12,14018182.32,27-NOV-07:10
,December,0.104609E+14,9614586.86,15-DEC-07:10,0.167384E+12,14025165.53,15-DEC-07:10
,,,,,,,
,Annual Sum or Average,0.106034E+15,,,0.117775E+13,,
,Minimum of Months,0.759693E+13,5615186.48,,0.136738E+11,1210609.64,
,Maximum of Months,0.107055E+14,10068644.25,,0.181130E+12,14025190.60,


----------------------------------------------------------------------------------------------------
REPORT:,EndUseEnergyConsumptionElectricityMonthly
FOR:,Meter
Custom Monthly Report

,,INTERIORLIGHTS:ELECTRICITY [J],EXTERIORLIGHTS:ELECTRICITY [J],INTERIOREQUIPMENT:ELECTRICITY [J],EXTERIOREQUIPMENT:ELECTRICITY [J],FANS:ELECTRICITY [J],PUMPS:ELECTRICITY [J],HEATING:ELECTRICITY [J],COOLING:ELECTRICITY [J],HEATREJECTION:ELECTRICITY [],HUMIDIFIER:ELECTRICITY [],HEATRECOVERY:ELECTRICITY [],WATERSYSTEMS:ELECTRICITY [],COGENERATION:ELECTRICITY []
,January,0.294243E+11,0.597089E+10,0.356161E+11,0.622025E+09,0.961016E+12,12379742.02,0.832222E+13,0.135063E+13,0.00,0.00,0.00,0.00,0.00
,February,0.262178E+11,0.474836E+10,0.322509E+11,0.562366E+09,0.867814E+12,11196021.66,0.752977E+13,0.123780E+13,0.00,0.00,0.00,0.00,0.00
,March,0.307437E+11,0.441831E+10,0.371602E+11,0.642554E+09,0.869199E+12,12675672.10,0.753125E+13,0.148241E+13,0.00,0.00,0.00,0.00,0.00
,April,0.271344E+11,0.352418E+10,0.343902E+11,0.599493E+09,0.720195E+12,11960507.72,0.621825E+13,0.140101E+13,0.00,0.00,0.00,0.00,0.00
,May,0.291158E+11,0.304929E+10,0.363882E+11,0.631888E+09,0.642105E+12,12527707.06,0.547405E+13,0.157865E+13,0.00,0.00,0.00,0.00,0.00
,June,0.289370E+11,0.273786E+10,0.357743E+11,0.619068E+09,0.645057E+12,12231776.97,0.549770E+13,0.172171E+13,0.00,0.00,0.00,0.00,0.00
,July,0.270109E+11,0.290320E+10,0.349973E+11,0.612185E+09,0.657110E+12,12256437.81,0.561883E+13,0.188849E+13,0.00,0.00,0.00,0.00,0.00
,August,0.303275E+11,0.337878E+10,0.371602E+11,0.642421E+09,0.679280E+12,12675672.10,0.578778E+13,0.188696E+13,0.00,0.00,0.00,0.00,0.00
,September,0.272721E+11,0.391430E+10,0.343764E+11,0.599453E+09,0.621970E+12,11960507.72,0.532282E+13,0.158596E+13,0.00,0.00,0.00,0.00,0.00
,October,0.287351E+11,0.488938E+10,0.356230E+11,0.621692E+09,0.672625E+12,12379742.02,0.578056E+13,0.142895E+13,0.00,0.00,0.00,0.00,0.00
,November,0.291497E+11,0.553154E+10,0.348628E+11,0.608026E+09,0.772311E+12,12059151.09,0.672478E+13,0.133906E+13,0.00,0.00,0.00,0.00,0.00
,December,0.287168E+11,0.618583E+10,0.349904E+11,0.612979E+09,0.936336E+12,12256437.81,0.811209E+13,0.134200E+13,0.00,0.00,0.00,0.00,0.00
,,,,,,,,,,,,,,
,Annual Sum or Average,0.342785E+12,0.512519E+11,0.423590E+12,0.737415E+10,0.904502E+13,0.146559E+09,0.779201E+14,0.182436E+14,0.00,0.00,0.00,0.00,0.00
,Minimum of Months,0.262178E+11,0.273786E+10,0.322509E+11,0.562366E+09,0.621970E+12,11196021.66,0.532282E+13,0.123780E+13,0.00,0.00,0.00,0.00,0.00
,Maximum of Months,0.307437E+11,0.618583E+10,0.371602E+11,0.642554E+09,0.961016E+12,12675672.10,0.832222E+13,0.188849E+13,0.00,0.00,0.00,0.00,0.00


----------------------------------------------------------------------------------------------------
REPORT:,EndUseEnergyConsumptionNaturalGasMonthly
FOR:,Meter
Custom Monthly Report

,,INTERIOREQUIPMENT:NATURALGAS [],EXTERIOREQUIPMENT:NATURALGAS [],HEATING:NATURALGAS [J],COOLING:NATURALGAS [],WATERSYSTEMS:NATURALGAS [J],COGENERATION:NATURALGAS [],HUMIDIFIER:NATURALGAS []
,January,0.00,0.00,0.142536E+12,0.00,0.120391E+11,0.00,0.00
,February,0.00,0.00,0.112257E+12,0.00,0.109903E+11,0.00,0.00
,March,0.00,0.00,0.168631E+12,0.00,0.124991E+11,0.00,0.00
,April,0.00,0.00,0.128884E+12,0.00,0.114224E+11,0.00,0.00
,May,0.00,0.00,0.653442E+11,0.00,0.116767E+11,0.00,0.00
,June,0.00,0.00,0.215925E+11,0.00,0.110946E+11,0.00,0.00
,July,0.00,0.00,0.535772E+10,0.00,0.107380E+11,0.00,0.00
,August,0.00,0.00,0.253277E+10,0.00,0.111410E+11,0.00,0.00
,September,0.00,0.00,0.262424E+11,0.00,0.105192E+11,0.00,0.00
,October,0.00,0.00,0.817822E+11,0.00,0.111149E+11,0.00,0.00
,November,0.00,0.00,0.130811E+12,0.00,0.111622E+11,0.00,0.00
,December,0.00,0.00,0.155752E+12,0.00,0.116316E+11,0.00,0.00
,,,,,,,,
,Annual Sum or Average,0.00,0.00,0.104172E+13,0.00,0.136029E+12,0.00,0.00
,Minimum of Months,0.00,0.00,0.253277E+10,0.00,0.105192E+11,0.00,0.00
,Maximum of Months,0.00,0.00,0.168631E+12,0.00,0.124991E+11,0.00,0.00


----------------------------------------------------------------------------------------------------
REPORT:,PeakEnergyEndUseElectricityPart1Monthly
FOR:,Meter
Custom Monthly Report

,,INTERIORLIGHTS:ELECTRICITY {Maximum} [W],INTERIORLIGHTS:ELECTRICITY {TIMESTAMP},EXTERIORLIGHTS:ELECTRICITY {Maximum} [W],EXTERIORLIGHTS:ELECTRICITY {TIMESTAMP},INTERIOREQUIPMENT:ELECTRICITY {Maximum} [W],INTERIOREQUIPMENT:ELECTRICITY {TIMESTAMP},EXTERIOREQUIPMENT:ELECTRICITY {Maximum} [W],EXTERIOREQUIPMENT:ELECTRICITY {TIMESTAMP},FANS:ELECTRICITY {Maximum} [W],FANS:ELECTRICITY {TIMESTAMP},PUMPS:ELECTRICITY {Maximum} [W],PUMPS:ELECTRICITY {TIMESTAMP},HEATING:ELECTRICITY {Maximum} [W],HEATING:ELECTRICITY {TIMESTAMP}
,January,37522.83,02-JAN-16:49,5686.19,01-JAN-06:10,28154.44,02-JAN-08:09,475.59,11-JAN-08:20,412183.16,01-JAN-00:10,6.85,04-JAN-07:10,9074867.17,25-JAN-07:10
,February,34093.20,13-FEB-16:00,5686.19,01-FEB-06:10,28154.44,01-FEB-08:09,471.97,09-FEB-08:20,412183.16,01-FEB-00:10,6.85,12-FEB-10:50,8766755.10,08-FEB-07:10
,March,32383.14,16-MAR-07:10,5686.19,01-MAR-06:10,28154.44,01-MAR-08:09,472.93,16-MAR-07:19,412183.16,01-MAR-00:10,6.85,16-MAR-05:19,9632829.88,07-MAR-07:10
,April,30389.01,06-APR-07:10,5686.19,01-APR-05:10,28154.44,03-APR-07:10,471.27,06-APR-07:19,412183.16,01-APR-05:10,6.85,01-APR-05:19,5510846.86,04-APR-06:10
,May,30185.91,19-MAY-07:10,5686.19,01-MAY-05:10,28154.44,01-MAY-07:10,471.10,19-MAY-07:19,412183.16,01-MAY-05:10,6.85,01-MAY-05:19,4325633.27,21-MAY-12:50
,June,29912.13,15-JUN-07:10,3328.83,01-JUN-19:49,28154.44,01-JUN-07:10,470.87,15-JUN-07:19,412183.16,01-JUN-05:10,6.85,04-JUN-06:30,4277732.29,11-JUN-05:40
,July,30257.53,26-JUL-07:10,3328.83,01-JUL-19:00,28154.44,03-JUL-07:10,471.16,26-JUL-07:19,412183.16,01-JUL-05:10,6.85,02-JUL-05:00,4735363.23,04-JUL-10:20
,August,29645.01,16-AUG-07:10,5686.19,02-AUG-05:10,28154.44,01-AUG-07:10,470.65,16-AUG-07:19,412183.16,01-AUG-05:10,6.85,06-AUG-07:10,4119031.46,12-AUG-18:40
,September,31376.16,19-SEP-07:10,5686.19,01-SEP-05:10,28154.44,01-SEP-07:10,472.09,19-SEP-07:19,412183.16,01-SEP-05:10,6.85,02-SEP-17:40,4036085.84,10-SEP-09:20
,October,36903.09,31-OCT-07:10,5686.19,01-OCT-05:10,28154.44,02-OCT-07:10,476.74,31-OCT-07:19,412183.16,01-OCT-10:30,6.85,01-OCT-13:09,3959747.33,01-OCT-11:20
,November,37522.83,06-NOV-16:00,5686.19,01-NOV-05:10,28154.44,01-NOV-07:10,476.82,03-NOV-07:19,412183.16,01-NOV-05:10,6.85,02-NOV-05:19,7501369.91,27-NOV-07:10
,December,37522.83,01-DEC-16:40,5686.19,01-DEC-06:10,28154.44,01-DEC-08:09,474.93,27-DEC-08:20,412183.16,01-DEC-00:20,6.85,03-DEC-09:00,9171074.78,15-DEC-07:10
,,,,,,,,,,,,,,,
,Annual Sum or Average,,,,,,,,,,,,,,
,Minimum of Months,29645.01,,3328.83,,28154.44,,470.65,,412183.16,,6.85,,3959747.33,
,Maximum of Months,37522.83,,5686.19,,28154.44,,476.82,,412183.16,,6.85,,9632829.88,


----------------------------------------------------------------------------------------------------
REPORT:,PeakEnergyEndUseElectricityPart2Monthly
FOR:,Meter
Custom Monthly Report

,,COOLING:ELECTRICITY {Maximum} [W],COOLING:ELECTRICITY {TIMESTAMP},HEATREJECTION:ELECTRICITY [],HUMIDIFIER:ELECTRICITY [],HEATRECOVERY:ELECTRICITY [],WATERSYSTEMS:ELECTRICITY [],COGENERATION:ELECTRICITY []
,January,1100765.34,14-JAN-07:30,0.00,0.00,0.00,0.00,0.00
,February,1108773.76,04-FEB-07:30,0.00,0.00,0.00,0.00,0.00
,March,1280280.88,29-MAR-06:30,0.00,0.00,0.00,0.00,0.00
,April,1508033.81,22-APR-06:19,0.00,0.00,0.00,0.00,0.00
,May,2078271.63,31-MAY-06:10,0.00,0.00,0.00,0.00,0.00
,June,2267045.55,18-JUN-09:30,0.00,0.00,0.00,0.00,0.00
,July,2653314.73,04-JUL-10:39,0.00,0.00,0.00,0.00,0.00
,August,1988478.94,11-AUG-06:10,0.00,0.00,0.00,0.00,0.00
,September,2449464.38,07-SEP-05:30,0.00,0.00,0.00,0.00,0.00
,October,1655244.38,05-OCT-05:30,0.00,0.00,0.00,0.00,0.00
,November,1423075.66,01-NOV-06:30,0.00,0.00,0.00,0.00,0.00
,December,1451503.79,05-DEC-07:30,0.00,0.00,0.00,0.00,0.00
,,,,,,,,
,Annual Sum or Average,,,0.00,0.00,0.00,0.00,0.00
,Minimum of Months,1100765.34,,0.00,0.00,0.00,0.00,0.00
,Maximum of Months,2653314.73,,0.00,0.00,0.00,0.00,0.00


----------------------------------------------------------------------------------------------------
REPORT:,ElectricComponentsOfPeakDemandMonthly
FOR:,Meter
Custom Monthly Report

,,ELECTRICITY:FACILITY {Maximum} [W],ELECTRICITY:FACILITY {TIMESTAMP},INTERIORLIGHTS:ELECTRICITY {AT MAX/MIN} [W],INTERIOREQUIPMENT:ELECTRICITY {AT MAX/MIN} [W],EXTERIORLIGHTS:ELECTRICITY {AT MAX/MIN} [W],EXTERIOREQUIPMENT:ELECTRICITY {AT MAX/MIN} [W],FANS:ELECTRICITY {AT MAX/MIN} [W],PUMPS:ELECTRICITY {AT MAX/MIN} [W],HEATING:ELECTRICITY {AT MAX/MIN} [W],COOLING:ELECTRICITY {AT MAX/MIN} [W],HEATREJECTION:ELECTRICITY []
,January,9518379.25,25-JAN-07:10,12507.78,12939.29,5686.19,188.82,412183.16,6.85,9074867.17,0.00,0.00
,February,9210267.18,08-FEB-07:10,12507.78,12939.29,5686.19,188.82,412183.16,6.85,8766755.10,0.00,0.00
,March,10068644.25,07-MAR-07:10,10496.43,12939.29,0.00,188.64,412183.16,6.85,9632829.88,0.00,0.00
,April,5947391.10,04-APR-06:10,11226.22,12939.29,0.00,188.73,412183.16,6.85,5510846.86,0.00,0.00
,May,6034320.83,31-MAY-06:10,9840.34,12939.29,0.00,188.55,412183.16,6.85,3520891.03,2078271.63,0.00
,June,6635904.31,18-JUN-09:20,1639.99,7712.80,0.00,151.88,412183.16,6.85,4138286.33,2075923.29,0.00
,July,7810319.14,04-JUL-10:20,1639.99,7712.80,0.00,151.88,412183.16,6.85,4735363.23,2653261.23,0.00
,August,6068227.40,27-AUG-08:30,1639.99,7712.80,0.00,151.88,412183.16,6.85,3684884.28,1961648.43,0.00
,September,6364030.83,07-SEP-05:30,4169.09,10087.03,5686.19,171.38,412183.16,6.85,3482262.74,2449464.38,0.00
,October,5615186.48,05-OCT-06:30,12333.95,12939.29,0.00,191.43,412183.16,6.85,3526248.84,1651282.96,0.00
,November,7944881.99,27-NOV-07:10,12507.78,12939.29,5686.19,188.82,412183.16,6.85,7501369.91,0.00,0.00
,December,9614586.86,15-DEC-07:10,12507.78,12939.29,5686.19,188.82,412183.16,6.85,9171074.78,0.00,0.00
,,,,,,,,,,,,
,Annual Sum or Average,,,,,,,,,,,0.00
,Minimum of Months,5615186.48,,1639.99,7712.80,0.00,151.88,412183.16,6.85,3482262.74,0.00,0.00
,Maximum of Months,10068644.25,,12507.78,12939.29,5686.19,191.43,412183.16,6.85,9632829.88,2653261.23,0.00


----------------------------------------------------------------------------------------------------
REPORT:,PeakEnergyEndUseNaturalGasMonthly
FOR:,Meter
Custom Monthly Report

,,INTERIOREQUIPMENT:NATURALGAS [],EXTERIOREQUIPMENT:NATURALGAS [],HEATING:NATURALGAS {Maximum} [W],HEATING:NATURALGAS {TIMESTAMP},COOLING:NATURALGAS [],WATERSYSTEMS:NATURALGAS {Maximum} [W],WATERSYSTEMS:NATURALGAS {TIMESTAMP},COGENERATION:NATURALGAS []
,January,0.00,0.00,14016295.88,03-JAN-07:10,0.00,11133.37,31-JAN-12:00,0.00
,February,0.00,0.00,14016295.88,08-FEB-07:10,0.00,11225.40,15-FEB-12:00,0.00
,March,0.00,0.00,14016295.88,01-MAR-07:10,0.00,11061.69,07-MAR-12:00,0.00
,April,0.00,0.00,14016295.88,04-APR-06:10,0.00,10244.00,03-APR-11:00,0.00
,May,0.00,0.00,9142972.23,09-MAY-06:10,0.00,10132.60,01-MAY-11:20,0.00
,June,0.00,0.00,5468661.50,20-JUN-06:10,0.00,9996.99,02-JUN-11:09,0.00
,July,0.00,0.00,2969204.02,31-JUL-06:10,0.00,9881.52,03-JUL-11:20,0.00
,August,0.00,0.00,1201836.81,21-AUG-06:10,0.00,9818.92,31-AUG-11:09,0.00
,September,0.00,0.00,8723534.27,18-SEP-06:10,0.00,9872.76,29-SEP-11:00,0.00
,October,0.00,0.00,10069016.01,28-OCT-06:10,0.00,9991.68,31-OCT-11:39,0.00
,November,0.00,0.00,14016295.88,27-NOV-07:10,0.00,10123.80,30-NOV-12:20,0.00
,December,0.00,0.00,14016295.88,02-DEC-07:10,0.00,10244.57,29-DEC-12:00,0.00
,,,,,,,,,
,Annual Sum or Average,0.00,0.00,,,0.00,,,0.00
,Minimum of Months,0.00,0.00,1201836.81,,0.00,9818.92,,0.00
,Maximum of Months,0.00,0.00,14016295.88,,0.00,11225.40,,0.00


----------------------------------------------------------------------------------------------------
REPORT:,SetpointsNotMetWithTemperaturesMonthly
FOR:,CORE_BOTTOM
Custom Monthly Report

,,ZONE HEATING SETPOINT NOT MET TIME {HOURS NON-ZERO} [HOURS],ZONE MEAN AIR TEMPERATURE {FOR HOURS SHOWN} [C],ZONE HEATING SETPOINT NOT MET WHILE OCCUPIED TIME {HOURS NON-ZERO} [HOURS],ZONE MEAN AIR TEMPERATURE {FOR HOURS SHOWN} [C],ZONE COOLING SETPOINT NOT MET TIME {HOURS NON-ZERO} [HOURS],ZONE MEAN AIR TEMPERATURE {FOR HOURS SHOWN} [C],ZONE COOLING SETPOINT NOT MET WHILE OCCUPIED TIME {HOURS NON-ZERO} [HOURS],ZONE MEAN AIR TEMPERATURE {FOR HOURS SHOWN} [C]
,January,0.67,19.88,0.67,19.88,0.00,19.88,0.00,19.88
,February,0.17,19.79,0.17,19.79,0.00,19.79,0.00,19.79
,March,1.17,20.17,1.17,20.17,0.00,20.17,0.00,20.17
,April,1.67,20.19,1.67,20.19,0.00,20.19,0.00,20.19
,May,3.00,20.35,3.00,20.35,0.00,20.35,0.00,20.35
,June,1.17,20.32,1.17,20.32,0.00,20.32,0.00,20.32
,July,0.00,0.00,0.00,0.00,0.00,0.00,0.00,0.00
,August,0.00,0.00,0.00,0.00,0.00,0.00,0.00,0.00
,September,0.17,20.34,0.17,20.34,0.00,20.34,0.00,20.34
,October,2.00,20.27,2.00,20.27,0.00,20.27,0.00,20.27
,November,1.50,20.26,1.50,20.26,0.00,20.26,0.00,20.26
,December,0.67,19.85,0.67,19.85,0.00,19.85,0.00,19.85
,,,,,,,,,
,Annual Sum or Average,12.17,20.22,12.17,20.22,0.00,20.22,0.00,20.22
,Minimum of Months,0.00,0.00,0.00,0.00,0.00,0.00,0.00,0.00
,Maximum of Months,3.00,20.35,3.00,20.35,0.00,20.35,0.00,20.35


----------------------------------------------------------------------------------------------------
REPORT:,SetpointsNotMetWithTemperaturesMonthly
FOR:,TOPFLOOR_PLENUM
Custom Monthly Report

,,ZONE HEATING SETPOINT NOT MET TIME {HOURS NON-ZERO} [HOURS],ZONE MEAN AIR TEMPERATURE {FOR HOURS SHOWN} [C],ZONE HEATING SETPOINT NOT MET WHILE OCCUPIED TIME {HOURS NON-ZERO} [HOURS],ZONE MEAN AIR TEMPERATURE {FOR HOURS SHOWN} [C],ZONE COOLING SETPOINT NOT MET TIME {HOURS NON-ZERO} [HOURS],ZONE MEAN AIR TEMPERATURE {FOR HOURS SHOWN} [C],ZONE COOLING SETPOINT NOT MET WHILE OCCUPIED TIME {HOURS NON-ZERO} [HOURS],ZONE MEAN AIR TEMPERATURE {FOR HOURS SHOWN} [C]
,January,0.00,0.00,0.00,0.00,0.00,0.00,0.00,0.00
,February,0.00,0.00,0.00,0.00,0.00,0.00,0.00,0.00
,March,0.00,0.00,0.00,0.00,0.00,0.00,0.00,0.00
,April,0.00,0.00,0.00,0.00,0.00,0.00,0.00,0.00
,May,0.00,0.00,0.00,0.00,0.00,0.00,0.00,0.00
,June,0.00,0.00,0.00,0.00,0.00,0.00,0.00,0.00
,July,0.00,0.00,0.00,0.00,0.00,0.00,0.00,0.00
,August,0.00,0.00,0.00,0.00,0.00,0.00,0.00,0.00
,September,0.00,0.00,0.00,0.00,0.00,0.00,0.00,0.00
,October,0.00,0.00,0.00,0.00,0.00,0.00,0.00,0.00
,November,0.00,0.00,0.00,0.00,0.00,0.00,0.00,0.00
,December,0.00,0.00,0.00,0.00,0.00,0.00,0.00,0.00
,,,,,,,,,
,Annual Sum or Average,0.00,,0.00,,0.00,,0.00,
,Minimum of Months,0.00,0.00,0.00,0.00,0.00,0.00,0.00,0.00
,Maximum of Months,0.00,0.00,0.00,0.00,0.00,0.00,0.00,0.00


----------------------------------------------------------------------------------------------------
REPORT:,SetpointsNotMetWithTemperaturesMonthly
FOR:,MIDFLOOR_PLENUM
Custom Monthly Report

,,ZONE HEATING SETPOINT NOT MET TIME {HOURS NON-ZERO} [HOURS],ZONE MEAN AIR TEMPERATURE {FOR HOURS SHOWN} [C],ZONE HEATING SETPOINT NOT MET WHILE OCCUPIED TIME {HOURS NON-ZERO} [HOURS],ZONE MEAN AIR TEMPERATURE {FOR HOURS SHOWN} [C],ZONE COOLING SETPOINT NOT MET TIME {HOURS NON-ZERO} [HOURS],ZONE MEAN AIR TEMPERATURE {FOR HOURS SHOWN} [C],ZONE COOLING SETPOINT NOT MET WHILE OCCUPIED TIME {HOURS NON-ZERO} [HOURS],ZONE MEAN AIR TEMPERATURE {FOR HOURS SHOWN} [C]
,January,0.00,0.00,0.00,0.00,0.00,0.00,0.00,0.00
,February,0.00,0.00,0.00,0.00,0.00,0.00,0.00,0.00
,March,0.00,0.00,0.00,0.00,0.00,0.00,0.00,0.00
,April,0.00,0.00,0.00,0.00,0.00,0.00,0.00,0.00
,May,0.00,0.00,0.00,0.00,0.00,0.00,0.00,0.00
,June,0.00,0.00,0.00,0.00,0.00,0.00,0.00,0.00
,July,0.00,0.00,0.00,0.00,0.00,0.00,0.00,0.00
,August,0.00,0.00,0.00,0.00,0.00,0.00,0.00,0.00
,September,0.00,0.00,0.00,0.00,0.00,0.00,0.00,0.00
,October,0.00,0.00,0.00,0.00,0.00,0.00,0.00,0.00
,November,0.00,0.00,0.00,0.00,0.00,0.00,0.00,0.00
,December,0.00,0.00,0.00,0.00,0.00,0.00,0.00,0.00
,,,,,,,,,
,Annual Sum or Average,0.00,,0.00,,0.00,,0.00,
,Minimum of Months,0.00,0.00,0.00,0.00,0.00,0.00,0.00,0.00
,Maximum of Months,0.00,0.00,0.00,0.00,0.00,0.00,0.00,0.00


----------------------------------------------------------------------------------------------------
REPORT:,SetpointsNotMetWithTemperaturesMonthly
FOR:,FIRSTFLOOR_PLENUM
Custom Monthly Report

,,ZONE HEATING SETPOINT NOT MET TIME {HOURS NON-ZERO} [HOURS],ZONE MEAN AIR TEMPERATURE {FOR HOURS SHOWN} [C],ZONE HEATING SETPOINT NOT MET WHILE OCCUPIED TIME {HOURS NON-ZERO} [HOURS],ZONE MEAN AIR TEMPERATURE {FOR HOURS SHOWN} [C],ZONE COOLING SETPOINT NOT MET TIME {HOURS NON-ZERO} [HOURS],ZONE MEAN AIR TEMPERATURE {FOR HOURS SHOWN} [C],ZONE COOLING SETPOINT NOT MET WHILE OCCUPIED TIME {HOURS NON-ZERO} [HOURS],ZONE MEAN AIR TEMPERATURE {FOR HOURS SHOWN} [C]
,January,0.00,0.00,0.00,0.00,0.00,0.00,0.00,0.00
,February,0.00,0.00,0.00,0.00,0.00,0.00,0.00,0.00
,March,0.00,0.00,0.00,0.00,0.00,0.00,0.00,0.00
,April,0.00,0.00,0.00,0.00,0.00,0.00,0.00,0.00
,May,0.00,0.00,0.00,0.00,0.00,0.00,0.00,0.00
,June,0.00,0.00,0.00,0.00,0.00,0.00,0.00,0.00
,July,0.00,0.00,0.00,0.00,0.00,0.00,0.00,0.00
,August,0.00,0.00,0.00,0.00,0.00,0.00,0.00,0.00
,September,0.00,0.00,0.00,0.00,0.00,0.00,0.00,0.00
,October,0.00,0.00,0.00,0.00,0.00,0.00,0.00,0.00
,November,0.00,0.00,0.00,0.00,0.00,0.00,0.00,0.00
,December,0.00,0.00,0.00,0.00,0.00,0.00,0.00,0.00
,,,,,,,,,
,Annual Sum or Average,0.00,,0.00,,0.00,,0.00,
,Minimum of Months,0.00,0.00,0.00,0.00,0.00,0.00,0.00,0.00
,Maximum of Months,0.00,0.00,0.00,0.00,0.00,0.00,0.00,0.00


----------------------------------------------------------------------------------------------------
REPORT:,SetpointsNotMetWithTemperaturesMonthly
FOR:,CORE_MID
Custom Monthly Report

,,ZONE HEATING SETPOINT NOT MET TIME {HOURS NON-ZERO} [HOURS],ZONE MEAN AIR TEMPERATURE {FOR HOURS SHOWN} [C],ZONE HEATING SETPOINT NOT MET WHILE OCCUPIED TIME {HOURS NON-ZERO} [HOURS],ZONE MEAN AIR TEMPERATURE {FOR HOURS SHOWN} [C],ZONE COOLING SETPOINT NOT MET TIME {HOURS NON-ZERO} [HOURS],ZONE MEAN AIR TEMPERATURE {FOR HOURS SHOWN} [C],ZONE COOLING SETPOINT NOT MET WHILE OCCUPIED TIME {HOURS NON-ZERO} [HOURS],ZONE MEAN AIR TEMPERATURE {FOR HOURS SHOWN} [C]
,January,1.17,19.94,1.17,19.94,0.00,19.94,0.00,19.94
,February,0.33,19.97,0.33,19.97,0.00,19.97,0.00,19.97
,March,1.33,20.06,1.33,20.06,0.00,20.06,0.00,20.06
,April,2.00,20.11,2.00,20.11,0.00,20.11,0.00,20.11
,May,3.33,20.24,3.33,20.24,0.00,20.24,0.00,20.24
,June,1.17,20.20,1.17,20.20,0.00,20.20,0.00,20.20
,July,0.00,0.00,0.00,0.00,0.00,0.00,0.00,0.00
,August,0.00,0.00,0.00,0.00,0.00,0.00,0.00,0.00
,September,0.17,20.20,0.17,20.20,0.00,20.20,0.00,20.20
,October,2.67,20.16,2.67,20.16,0.00,20.16,0.00,20.16
,November,2.50,20.16,2.50,20.16,0.00,20.16,0.00,20.16
,December,1.67,20.08,1.67,20.08,0.00,20.08,0.00,20.08
,,,,,,,,,
,Annual Sum or Average,16.33,20.14,16.33,20.14,0.00,20.14,0.00,20.14
,Minimum of Months,0.00,0.00,0.00,0.00,0.00,0.00,0.00,0.00
,Maximum of Months,3.33,20.24,3.33,20.24,0.00,20.24,0.00,20.24


----------------------------------------------------------------------------------------------------
REPORT:,SetpointsNotMetWithTemperaturesMonthly
FOR:,CORE_TOP
Custom Monthly Report

,,ZONE HEATING SETPOINT NOT MET TIME {HOURS NON-ZERO} [HOURS],ZONE MEAN AIR TEMPERATURE {FOR HOURS SHOWN} [C],ZONE HEATING SETPOINT NOT MET WHILE OCCUPIED TIME {HOURS NON-ZERO} [HOURS],ZONE MEAN AIR TEMPERATURE {FOR HOURS SHOWN} [C],ZONE COOLING SETPOINT NOT MET TIME {HOURS NON-ZERO} [HOURS],ZONE MEAN AIR TEMPERATURE {FOR HOURS SHOWN} [C],ZONE COOLING SETPOINT NOT MET WHILE OCCUPIED TIME {HOURS NON-ZERO} [HOURS],ZONE MEAN AIR TEMPERATURE {FOR HOURS SHOWN} [C]
,January,1.17,19.94,1.17,19.94,0.00,19.94,0.00,19.94
,February,0.17,19.56,0.17,19.56,0.00,19.56,0.00,19.56
,March,1.67,20.06,1.67,20.06,0.00,20.06,0.00,20.06
,April,2.17,20.08,2.17,20.08,0.00,20.08,0.00,20.08
,May,3.50,20.18,3.50,20.18,0.00,20.18,0.00,20.18
,June,1.50,20.21,1.50,20.21,0.00,20.21,0.00,20.21
,July,0.67,20.43,0.67,20.43,0.00,20.43,0.00,20.43
,August,0.83,20.43,0.83,20.43,0.00,20.43,0.00,20.43
,September,1.17,20.33,1.17,20.33,0.00,20.33,0.00,20.33
,October,3.33,20.16,3.33,20.16,0.00,20.16,0.00,20.16
,November,2.67,20.14,2.67,20.14,0.00,20.14,0.00,20.14
,December,1.67,20.06,1.67,20.06,0.00,20.06,0.00,20.06
,,,,,,,,,
,Annual Sum or Average,20.50,20.15,20.50,20.15,0.00,20.15,0.00,20.15
,Minimum of Months,0.17,19.56,0.17,19.56,0.00,19.56,0.00,19.56
,Maximum of Months,3.50,20.43,3.50,20.43,0.00,20.43,0.00,20.43


----------------------------------------------------------------------------------------------------
REPORT:,SetpointsNotMetWithTemperaturesMonthly
FOR:,PERIMETER_TOP_ZN_3
Custom Monthly Report

,,ZONE HEATING SETPOINT NOT MET TIME {HOURS NON-ZERO} [HOURS],ZONE MEAN AIR TEMPERATURE {FOR HOURS SHOWN} [C],ZONE HEATING SETPOINT NOT MET WHILE OCCUPIED TIME {HOURS NON-ZERO} [HOURS],ZONE MEAN AIR TEMPERATURE {FOR HOURS SHOWN} [C],ZONE COOLING SETPOINT NOT MET TIME {HOURS NON-ZERO} [HOURS],ZONE MEAN AIR TEMPERATURE {FOR HOURS SHOWN} [C],ZONE COOLING SETPOINT NOT MET WHILE OCCUPIED TIME {HOURS NON-ZERO} [HOURS],ZONE MEAN AIR TEMPERATURE {FOR HOURS SHOWN} [C]
,January,247.83,20.06,71.67,20.06,0.00,20.06,0.00,20.06
,February,201.33,20.06,56.17,20.07,0.00,20.07,0.00,20.07
,March,112.83,20.12,26.00,20.13,0.00,20.13,0.00,20.13
,April,35.67,20.27,7.00,20.27,0.00,20.27,0.00,20.27
,May,3.50,20.31,3.33,20.31,0.00,20.31,0.00,20.31
,June,1.17,20.31,1.17,20.31,0.00,20.31,0.00,20.31
,July,0.00,0.00,0.00,0.00,0.00,0.00,0.00,0.00
,August,0.00,0.00,0.00,0.00,0.00,0.00,0.00,0.00
,September,1.67,20.39,0.67,20.39,0.00,20.39,0.00,20.39
,October,28.33,20.25,6.33,20.25,0.00,20.25,0.00,20.25
,November,104.00,20.20,24.67,20.21,0.00,20.21,0.00,20.21
,December,221.50,20.05,66.17,20.06,0.00,20.06,0.00,20.06
,,,,,,,,,
,Annual Sum or Average,957.83,20.10,263.17,20.10,0.00,20.10,0.00,20.10
,Minimum of Months,0.00,0.00,0.00,0.00,0.00,0.00,0.00,0.00
,Maximum of Months,247.83,20.39,71.67,20.39,0.00,20.39,0.00,20.39


----------------------------------------------------------------------------------------------------
REPORT:,SetpointsNotMetWithTemperaturesMonthly
FOR:,PERIMETER_TOP_ZN_2
Custom Monthly Report

,,ZONE HEATING SETPOINT NOT MET TIME {HOURS NON-ZERO} [HOURS],ZONE MEAN AIR TEMPERATURE {FOR HOURS SHOWN} [C],ZONE HEATING SETPOINT NOT MET WHILE OCCUPIED TIME {HOURS NON-ZERO} [HOURS],ZONE MEAN AIR TEMPERATURE {FOR HOURS SHOWN} [C],ZONE COOLING SETPOINT NOT MET TIME {HOURS NON-ZERO} [HOURS],ZONE MEAN AIR TEMPERATURE {FOR HOURS SHOWN} [C],ZONE COOLING SETPOINT NOT MET WHILE OCCUPIED TIME {HOURS NON-ZERO} [HOURS],ZONE MEAN AIR TEMPERATURE {FOR HOURS SHOWN} [C]
,January,116.00,20.06,29.67,20.08,0.00,20.08,0.00,20.08
,February,96.50,20.06,24.33,20.07,0.00,20.07,0.00,20.07
,March,56.50,20.11,10.17,20.12,0.00,20.12,0.00,20.12
,April,16.83,20.30,1.83,20.30,0.33,20.38,0.33,20.45
,May,0.33,20.44,0.00,20.44,0.33,22.52,0.33,23.21
,June,0.00,0.00,0.00,0.00,0.33,24.71,0.33,24.71
,July,0.00,0.00,0.00,0.00,2.17,24.88,2.17,24.88
,August,0.00,0.00,0.00,0.00,0.50,24.59,0.50,24.59
,September,0.00,0.00,0.00,0.00,0.00,0.00,0.00,0.00
,October,10.17,20.25,1.33,20.24,0.00,20.24,0.00,20.24
,November,45.67,20.22,9.17,20.23,0.00,20.23,0.00,20.23
,December,106.17,20.06,28.83,20.08,0.00,20.08,0.00,20.08
,,,,,,,,,
,Annual Sum or Average,448.17,20.10,105.33,20.11,3.67,20.14,3.67,20.17
,Minimum of Months,0.00,0.00,0.00,0.00,0.00,0.00,0.00,0.00
,Maximum of Months,116.00,20.44,29.67,20.44,2.17,24.88,2.17,24.88


----------------------------------------------------------------------------------------------------
REPORT:,SetpointsNotMetWithTemperaturesMonthly
FOR:,PERIMETER_TOP_ZN_1
Custom Monthly Report

,,ZONE HEATING SETPOINT NOT MET TIME {HOURS NON-ZERO} [HOURS],ZONE MEAN AIR TEMPERATURE {FOR HOURS SHOWN} [C],ZONE HEATING SETPOINT NOT MET WHILE OCCUPIED TIME {HOURS NON-ZERO} [HOURS],ZONE MEAN AIR TEMPERATURE {FOR HOURS SHOWN} [C],ZONE COOLING SETPOINT NOT MET TIME {HOURS NON-ZERO} [HOURS],ZONE MEAN AIR TEMPERATURE {FOR HOURS SHOWN} [C],ZONE COOLING SETPOINT NOT MET WHILE OCCUPIED TIME {HOURS NON-ZERO} [HOURS],ZONE MEAN AIR TEMPERATURE {FOR HOURS SHOWN} [C]
,January,126.00,20.10,28.83,20.12,0.00,20.12,0.00,20.12
,February,103.67,20.09,23.83,20.11,0.00,20.11,0.00,20.11
,March,56.83,20.12,10.00,20.13,0.00,20.13,0.00,20.13
,April,15.83,20.29,2.50,20.29,0.00,20.29,0.00,20.29
,May,0.33,20.35,0.33,20.35,0.00,20.35,0.00,20.35
,June,0.17,20.36,0.17,20.36,0.00,20.36,0.00,20.36
,July,0.00,0.00,0.00,0.00,0.00,0.00,0.00,0.00
,August,0.00,0.00,0.00,0.00,0.00,0.00,0.00,0.00
,September,0.00,0.00,0.00,0.00,0.00,0.00,0.00,0.00
,October,11.00,20.26,2.50,20.25,0.00,20.25,0.00,20.25
,November,46.83,20.22,8.33,20.22,0.00,20.22,0.00,20.22
,December,119.50,20.10,28.33,20.11,0.67,20.13,0.67,20.15
,,,,,,,,,
,Annual Sum or Average,480.17,20.12,104.83,20.13,0.67,20.14,0.67,20.14
,Minimum of Months,0.00,0.00,0.00,0.00,0.00,0.00,0.00,0.00
,Maximum of Months,126.00,20.36,28.83,20.36,0.67,20.36,0.67,20.36


----------------------------------------------------------------------------------------------------
REPORT:,SetpointsNotMetWithTemperaturesMonthly
FOR:,PERIMETER_TOP_ZN_4
Custom Monthly Report

,,ZONE HEATING SETPOINT NOT MET TIME {HOURS NON-ZERO} [HOURS],ZONE MEAN AIR TEMPERATURE {FOR HOURS SHOWN} [C],ZONE HEATING SETPOINT NOT MET WHILE OCCUPIED TIME {HOURS NON-ZERO} [HOURS],ZONE MEAN AIR TEMPERATURE {FOR HOURS SHOWN} [C],ZONE COOLING SETPOINT NOT MET TIME {HOURS NON-ZERO} [HOURS],ZONE MEAN AIR TEMPERATURE {FOR HOURS SHOWN} [C],ZONE COOLING SETPOINT NOT MET WHILE OCCUPIED TIME {HOURS NON-ZERO} [HOURS],ZONE MEAN AIR TEMPERATURE {FOR HOURS SHOWN} [C]
,January,108.00,20.05,30.50,20.06,0.00,20.06,0.00,20.06
,February,84.67,20.05,22.00,20.07,0.00,20.07,0.00,20.07
,March,46.33,20.10,8.00,20.11,0.00,20.11,0.00,20.11
,April,11.17,20.29,1.33,20.29,0.67,20.53,0.50,20.69
,May,0.00,0.00,0.00,0.00,0.00,0.00,0.00,0.00
,June,0.00,0.00,0.00,0.00,0.17,24.68,0.17,24.68
,July,0.00,0.00,0.00,0.00,3.67,24.95,2.17,24.94
,August,0.00,0.00,0.00,0.00,1.50,24.96,0.83,24.97
,September,0.00,0.00,0.00,0.00,0.00,0.00,0.00,0.00
,October,9.67,20.26,1.50,20.25,0.00,20.25,0.00,20.25
,November,41.50,20.21,9.67,20.21,0.00,20.21,0.00,20.21
,December,97.50,20.06,27.50,20.07,0.00,20.07,0.00,20.07
,,,,,,,,,
,Annual Sum or Average,398.83,20.09,100.50,20.10,6.00,20.15,3.67,20.19
,Minimum of Months,0.00,0.00,0.00,0.00,0.00,0.00,0.00,0.00
,Maximum of Months,108.00,20.29,30.50,20.29,3.67,24.96,2.17,24.97


----------------------------------------------------------------------------------------------------
REPORT:,SetpointsNotMetWithTemperaturesMonthly
FOR:,PERIMETER_BOT_ZN_3
Custom Monthly Report

,,ZONE HEATING SETPOINT NOT MET TIME {HOURS NON-ZERO} [HOURS],ZONE MEAN AIR TEMPERATURE {FOR HOURS SHOWN} [C],ZONE HEATING SETPOINT NOT MET WHILE OCCUPIED TIME {HOURS NON-ZERO} [HOURS],ZONE MEAN AIR TEMPERATURE {FOR HOURS SHOWN} [C],ZONE COOLING SETPOINT NOT MET TIME {HOURS NON-ZERO} [HOURS],ZONE MEAN AIR TEMPERATURE {FOR HOURS SHOWN} [C],ZONE COOLING SETPOINT NOT MET WHILE OCCUPIED TIME {HOURS NON-ZERO} [HOURS],ZONE MEAN AIR TEMPERATURE {FOR HOURS SHOWN} [C]
,January,220.50,20.17,57.67,20.19,0.00,20.19,0.00,20.19
,February,172.50,20.14,37.50,20.15,0.00,20.15,0.00,20.15
,March,96.00,20.18,20.67,20.19,0.00,20.19,0.00,20.19
,April,13.83,20.32,3.17,20.29,0.00,20.29,0.00,20.29
,May,3.33,20.21,3.33,20.21,0.00,20.21,0.00,20.21
,June,1.33,20.25,1.33,20.25,0.00,20.25,0.00,20.25
,July,0.00,0.00,0.00,0.00,0.00,0.00,0.00,0.00
,August,0.00,0.00,0.00,0.00,0.00,0.00,0.00,0.00
,September,0.50,20.37,0.50,20.37,0.00,20.37,0.00,20.37
,October,2.00,20.13,2.00,20.13,0.00,20.13,0.00,20.13
,November,19.50,20.22,5.33,20.23,0.00,20.23,0.00,20.23
,December,169.00,20.19,48.33,20.19,0.00,20.19,0.00,20.19
,,,,,,,,,
,Annual Sum or Average,698.50,20.18,179.83,20.19,0.00,20.19,0.00,20.19
,Minimum of Months,0.00,0.00,0.00,0.00,0.00,0.00,0.00,0.00
,Maximum of Months,220.50,20.37,57.67,20.37,0.00,20.37,0.00,20.37


----------------------------------------------------------------------------------------------------
REPORT:,SetpointsNotMetWithTemperaturesMonthly
FOR:,PERIMETER_BOT_ZN_2
Custom Monthly Report

,,ZONE HEATING SETPOINT NOT MET TIME {HOURS NON-ZERO} [HOURS],ZONE MEAN AIR TEMPERATURE {FOR HOURS SHOWN} [C],ZONE HEATING SETPOINT NOT MET WHILE OCCUPIED TIME {HOURS NON-ZERO} [HOURS],ZONE MEAN AIR TEMPERATURE {FOR HOURS SHOWN} [C],ZONE COOLING SETPOINT NOT MET TIME {HOURS NON-ZERO} [HOURS],ZONE MEAN AIR TEMPERATURE {FOR HOURS SHOWN} [C],ZONE COOLING SETPOINT NOT MET WHILE OCCUPIED TIME {HOURS NON-ZERO} [HOURS],ZONE MEAN AIR TEMPERATURE {FOR HOURS SHOWN} [C]
,January,100.17,20.26,15.67,20.27,0.00,20.27,0.00,20.27
,February,86.33,20.26,9.83,20.26,0.00,20.26,0.00,20.26
,March,40.33,20.27,5.83,20.27,0.00,20.27,0.00,20.27
,April,2.33,20.37,1.00,20.35,0.00,20.35,0.00,20.35
,May,0.17,20.40,0.17,20.40,0.00,20.40,0.00,20.40
,June,0.00,0.00,0.00,0.00,0.00,0.00,0.00,0.00
,July,0.00,0.00,0.00,0.00,0.00,0.00,0.00,0.00
,August,0.00,0.00,0.00,0.00,0.17,24.56,0.17,24.56
,September,0.00,0.00,0.00,0.00,0.00,0.00,0.00,0.00
,October,0.83,20.35,0.83,20.35,0.00,20.35,0.00,20.35
,November,10.50,20.31,1.17,20.31,0.00,20.31,0.00,20.31
,December,73.00,20.26,16.50,20.27,0.00,20.27,0.00,20.27
,,,,,,,,,
,Annual Sum or Average,313.67,20.27,51.00,20.27,0.17,20.27,0.17,20.27
,Minimum of Months,0.00,0.00,0.00,0.00,0.00,0.00,0.00,0.00
,Maximum of Months,100.17,20.40,16.50,20.40,0.17,24.56,0.17,24.56


----------------------------------------------------------------------------------------------------
REPORT:,SetpointsNotMetWithTemperaturesMonthly
FOR:,PERIMETER_BOT_ZN_1
Custom Monthly Report

,,ZONE HEATING SETPOINT NOT MET TIME {HOURS NON-ZERO} [HOURS],ZONE MEAN AIR TEMPERATURE {FOR HOURS SHOWN} [C],ZONE HEATING SETPOINT NOT MET WHILE OCCUPIED TIME {HOURS NON-ZERO} [HOURS],ZONE MEAN AIR TEMPERATURE {FOR HOURS SHOWN} [C],ZONE COOLING SETPOINT NOT MET TIME {HOURS NON-ZERO} [HOURS],ZONE MEAN AIR TEMPERATURE {FOR HOURS SHOWN} [C],ZONE COOLING SETPOINT NOT MET WHILE OCCUPIED TIME {HOURS NON-ZERO} [HOURS],ZONE MEAN AIR TEMPERATURE {FOR HOURS SHOWN} [C]
,January,64.67,20.27,6.83,20.27,0.00,20.27,0.00,20.27
,February,50.50,20.29,5.67,20.29,0.00,20.29,0.00,20.29
,March,25.50,20.28,2.83,20.28,0.00,20.28,0.00,20.28
,April,1.33,20.23,1.33,20.23,0.00,20.23,0.00,20.23
,May,2.33,20.40,2.33,20.40,0.00,20.40,0.00,20.40
,June,1.00,20.40,1.00,20.40,0.00,20.40,0.00,20.40
,July,0.00,0.00,0.00,0.00,0.00,0.00,0.00,0.00
,August,0.00,0.00,0.00,0.00,0.00,0.00,0.00,0.00
,September,0.17,20.44,0.17,20.44,0.00,20.44,0.00,20.44
,October,0.83,20.20,0.83,20.20,0.00,20.20,0.00,20.20
,November,7.50,20.34,1.33,20.33,0.00,20.33,0.00,20.33
,December,49.33,20.25,8.83,20.25,0.00,20.25,0.00,20.25
,,,,,,,,,
,Annual Sum or Average,203.17,20.27,31.17,20.28,0.00,20.28,0.00,20.28
,Minimum of Months,0.00,0.00,0.00,0.00,0.00,0.00,0.00,0.00
,Maximum of Months,64.67,20.44,8.83,20.44,0.00,20.44,0.00,20.44


----------------------------------------------------------------------------------------------------
REPORT:,SetpointsNotMetWithTemperaturesMonthly
FOR:,PERIMETER_BOT_ZN_4
Custom Monthly Report

,,ZONE HEATING SETPOINT NOT MET TIME {HOURS NON-ZERO} [HOURS],ZONE MEAN AIR TEMPERATURE {FOR HOURS SHOWN} [C],ZONE HEATING SETPOINT NOT MET WHILE OCCUPIED TIME {HOURS NON-ZERO} [HOURS],ZONE MEAN AIR TEMPERATURE {FOR HOURS SHOWN} [C],ZONE COOLING SETPOINT NOT MET TIME {HOURS NON-ZERO} [HOURS],ZONE MEAN AIR TEMPERATURE {FOR HOURS SHOWN} [C],ZONE COOLING SETPOINT NOT MET WHILE OCCUPIED TIME {HOURS NON-ZERO} [HOURS],ZONE MEAN AIR TEMPERATURE {FOR HOURS SHOWN} [C]
,January,100.83,20.26,18.50,20.26,0.00,20.26,0.00,20.26
,February,76.17,20.26,10.00,20.26,0.00,20.26,0.00,20.26
,March,33.33,20.26,4.50,20.27,0.00,20.27,0.00,20.27
,April,1.67,20.38,1.00,20.37,0.00,20.37,0.00,20.37
,May,0.17,20.42,0.17,20.42,0.00,20.42,0.00,20.42
,June,0.00,0.00,0.00,0.00,0.00,0.00,0.00,0.00
,July,0.00,0.00,0.00,0.00,0.83,24.72,0.17,24.69
,August,0.00,0.00,0.00,0.00,0.17,24.60,0.00,24.60
,September,0.00,0.00,0.00,0.00,0.00,0.00,0.00,0.00
,October,0.83,20.38,0.83,20.38,0.00,20.38,0.00,20.38
,November,10.50,20.32,1.33,20.32,0.00,20.32,0.00,20.32
,December,67.67,20.27,15.83,20.27,0.00,20.27,0.00,20.27
,,,,,,,,,
,Annual Sum or Average,291.17,20.26,52.17,20.27,1.00,20.28,0.17,20.28
,Minimum of Months,0.00,0.00,0.00,0.00,0.00,0.00,0.00,0.00
,Maximum of Months,100.83,20.42,18.50,20.42,0.83,24.72,0.17,24.69


----------------------------------------------------------------------------------------------------
REPORT:,SetpointsNotMetWithTemperaturesMonthly
FOR:,PERIMETER_MID_ZN_3
Custom Monthly Report

,,ZONE HEATING SETPOINT NOT MET TIME {HOURS NON-ZERO} [HOURS],ZONE MEAN AIR TEMPERATURE {FOR HOURS SHOWN} [C],ZONE HEATING SETPOINT NOT MET WHILE OCCUPIED TIME {HOURS NON-ZERO} [HOURS],ZONE MEAN AIR TEMPERATURE {FOR HOURS SHOWN} [C],ZONE COOLING SETPOINT NOT MET TIME {HOURS NON-ZERO} [HOURS],ZONE MEAN AIR TEMPERATURE {FOR HOURS SHOWN} [C],ZONE COOLING SETPOINT NOT MET WHILE OCCUPIED TIME {HOURS NON-ZERO} [HOURS],ZONE MEAN AIR TEMPERATURE {FOR HOURS SHOWN} [C]
,January,209.33,20.12,52.17,20.13,0.00,20.13,0.00,20.13
,February,176.83,20.12,36.83,20.14,0.00,20.14,0.00,20.14
,March,91.83,20.15,18.33,20.16,0.00,20.16,0.00,20.16
,April,8.83,20.31,3.50,20.29,0.00,20.29,0.00,20.29
,May,3.33,20.28,3.33,20.28,0.00,20.28,0.00,20.28
,June,1.17,20.28,1.17,20.28,0.00,20.28,0.00,20.28
,July,0.00,0.00,0.00,0.00,0.00,0.00,0.00,0.00
,August,0.00,0.00,0.00,0.00,0.00,0.00,0.00,0.00
,September,0.17,20.26,0.17,20.26,0.00,20.26,0.00,20.26
,October,10.33,20.18,3.33,20.19,0.00,20.19,0.00,20.19
,November,53.50,20.25,12.83,20.25,0.00,20.25,0.00,20.25
,December,189.67,20.12,57.50,20.13,0.00,20.13,0.00,20.13
,,,,,,,,,
,Annual Sum or Average,745.00,20.14,189.17,20.15,0.00,20.15,0.00,20.15
,Minimum of Months,0.00,0.00,0.00,0.00,0.00,0.00,0.00,0.00
,Maximum of Months,209.33,20.31,57.50,20.29,0.00,20.29,0.00,20.29


----------------------------------------------------------------------------------------------------
REPORT:,SetpointsNotMetWithTemperaturesMonthly
FOR:,PERIMETER_MID_ZN_2
Custom Monthly Report

,,ZONE HEATING SETPOINT NOT MET TIME {HOURS NON-ZERO} [HOURS],ZONE MEAN AIR TEMPERATURE {FOR HOURS SHOWN} [C],ZONE HEATING SETPOINT NOT MET WHILE OCCUPIED TIME {HOURS NON-ZERO} [HOURS],ZONE MEAN AIR TEMPERATURE {FOR HOURS SHOWN} [C],ZONE COOLING SETPOINT NOT MET TIME {HOURS NON-ZERO} [HOURS],ZONE MEAN AIR TEMPERATURE {FOR HOURS SHOWN} [C],ZONE COOLING SETPOINT NOT MET WHILE OCCUPIED TIME {HOURS NON-ZERO} [HOURS],ZONE MEAN AIR TEMPERATURE {FOR HOURS SHOWN} [C]
,January,109.83,20.20,18.83,20.21,0.00,20.21,0.00,20.21
,February,100.17,20.22,13.67,20.22,0.00,20.22,0.00,20.22
,March,51.00,20.23,7.17,20.24,0.00,20.24,0.00,20.24
,April,3.00,20.37,1.00,20.37,0.33,20.70,0.33,20.98
,May,0.00,0.00,0.00,0.00,0.17,24.63,0.17,24.63
,June,0.00,0.00,0.00,0.00,0.50,24.63,0.50,24.63
,July,0.00,0.00,0.00,0.00,1.83,24.86,1.83,24.86
,August,0.00,0.00,0.00,0.00,0.17,24.56,0.17,24.56
,September,0.00,0.00,0.00,0.00,0.00,0.00,0.00,0.00
,October,4.83,20.20,0.67,20.22,0.00,20.22,0.00,20.22
,November,21.83,20.29,2.67,20.29,0.00,20.29,0.00,20.29
,December,94.17,20.18,21.83,20.19,0.00,20.19,0.00,20.19
,,,,,,,,,
,Annual Sum or Average,384.83,20.21,65.83,20.22,3.00,20.25,3.00,20.28
,Minimum of Months,0.00,0.00,0.00,0.00,0.00,0.00,0.00,0.00
,Maximum of Months,109.83,20.37,21.83,20.37,1.83,24.86,1.83,24.86


----------------------------------------------------------------------------------------------------
REPORT:,SetpointsNotMetWithTemperaturesMonthly
FOR:,PERIMETER_MID_ZN_1
Custom Monthly Report

,,ZONE HEATING SETPOINT NOT MET TIME {HOURS NON-ZERO} [HOURS],ZONE MEAN AIR TEMPERATURE {FOR HOURS SHOWN} [C],ZONE HEATING SETPOINT NOT MET WHILE OCCUPIED TIME {HOURS NON-ZERO} [HOURS],ZONE MEAN AIR TEMPERATURE {FOR HOURS SHOWN} [C],ZONE COOLING SETPOINT NOT MET TIME {HOURS NON-ZERO} [HOURS],ZONE MEAN AIR TEMPERATURE {FOR HOURS SHOWN} [C],ZONE COOLING SETPOINT NOT MET WHILE OCCUPIED TIME {HOURS NON-ZERO} [HOURS],ZONE MEAN AIR TEMPERATURE {FOR HOURS SHOWN} [C]
,January,103.17,20.19,15.00,20.19,0.00,20.19,0.00,20.19
,February,94.67,20.21,11.67,20.22,0.50,20.24,0.50,20.26
,March,48.67,20.23,8.33,20.24,0.17,20.25,0.17,20.26
,April,2.67,20.33,1.17,20.31,0.00,20.31,0.00,20.31
,May,0.33,20.30,0.33,20.30,0.00,20.30,0.00,20.30
,June,0.17,20.32,0.17,20.32,0.00,20.32,0.00,20.32
,July,0.00,0.00,0.00,0.00,0.00,0.00,0.00,0.00
,August,0.00,0.00,0.00,0.00,0.00,0.00,0.00,0.00
,September,0.00,0.00,0.00,0.00,0.00,0.00,0.00,0.00
,October,5.17,20.16,1.33,20.19,0.00,20.19,0.00,20.19
,November,25.00,20.29,2.67,20.29,0.17,20.31,0.17,20.34
,December,95.83,20.18,19.67,20.18,0.67,20.21,0.67,20.23
,,,,,,,,,
,Annual Sum or Average,375.67,20.20,60.33,20.21,1.50,20.22,1.50,20.24
,Minimum of Months,0.00,0.00,0.00,0.00,0.00,0.00,0.00,0.00
,Maximum of Months,103.17,20.33,19.67,20.32,0.67,20.32,0.67,20.34


----------------------------------------------------------------------------------------------------
REPORT:,SetpointsNotMetWithTemperaturesMonthly
FOR:,PERIMETER_MID_ZN_4
Custom Monthly Report

,,ZONE HEATING SETPOINT NOT MET TIME {HOURS NON-ZERO} [HOURS],ZONE MEAN AIR TEMPERATURE {FOR HOURS SHOWN} [C],ZONE HEATING SETPOINT NOT MET WHILE OCCUPIED TIME {HOURS NON-ZERO} [HOURS],ZONE MEAN AIR TEMPERATURE {FOR HOURS SHOWN} [C],ZONE COOLING SETPOINT NOT MET TIME {HOURS NON-ZERO} [HOURS],ZONE MEAN AIR TEMPERATURE {FOR HOURS SHOWN} [C],ZONE COOLING SETPOINT NOT MET WHILE OCCUPIED TIME {HOURS NON-ZERO} [HOURS],ZONE MEAN AIR TEMPERATURE {FOR HOURS SHOWN} [C]
,January,108.33,20.20,20.33,20.21,0.00,20.21,0.00,20.21
,February,90.17,20.22,13.17,20.23,0.00,20.23,0.00,20.23
,March,44.33,20.24,6.17,20.25,0.17,20.26,0.17,20.28
,April,2.17,20.37,0.67,20.37,0.50,21.05,0.33,21.41
,May,0.00,0.00,0.00,0.00,0.00,0.00,0.00,0.00
,June,0.00,0.00,0.00,0.00,0.17,24.63,0.17,24.63
,July,0.00,0.00,0.00,0.00,2.67,24.90,1.50,24.88
,August,0.00,0.00,0.00,0.00,1.33,24.83,0.83,24.86
,September,0.00,0.00,0.00,0.00,0.00,0.00,0.00,0.00
,October,4.83,20.22,0.67,20.24,0.00,20.24,0.00,20.24
,November,22.17,20.30,3.83,20.30,0.00,20.30,0.00,20.30
,December,91.67,20.19,22.33,20.20,0.00,20.20,0.00,20.20
,,,,,,,,,
,Annual Sum or Average,363.67,20.22,67.17,20.22,4.83,20.27,3.00,20.30
,Minimum of Months,0.00,0.00,0.00,0.00,0.00,0.00,0.00,0.00
,Maximum of Months,108.33,20.37,22.33,20.37,2.67,24.90,1.50,24.88


----------------------------------------------------------------------------------------------------
REPORT:,ComfortReportSimple55Monthly
FOR:,CORE_BOTTOM
Custom Monthly Report

,,ZONE THERMAL COMFORT ASHRAE 55 SIMPLE MODEL SUMMER CLOTHES NOT COMFORTABLE TIME {HOURS NON-ZERO} [HOURS],ZONE MEAN AIR TEMPERATURE {FOR HOURS SHOWN} [C],ZONE THERMAL COMFORT ASHRAE 55 SIMPLE MODEL WINTER CLOTHES NOT COMFORTABLE TIME {HOURS NON-ZERO} [HOURS],ZONE MEAN AIR TEMPERATURE {FOR HOURS SHOWN} [C],ZONE THERMAL COMFORT ASHRAE 55 SIMPLE MODEL SUMMER OR WINTER CLOTHES NOT COMFORTABLE TIME {HOURS NON-ZERO} [HOURS],ZONE MEAN AIR TEMPERATURE {FOR HOURS SHOWN} [C]
,January,502.00,21.07,205.33,21.06,205.33,21.06
,February,454.00,21.08,163.50,21.07,163.50,21.07
,March,514.00,21.12,41.83,21.10,41.83,21.09
,April,485.00,21.19,9.00,21.17,9.00,21.15
,May,508.00,21.22,5.17,21.19,5.17,21.16
,June,496.00,21.17,2.17,21.16,2.17,21.14
,July,497.00,21.19,1.17,21.19,1.17,21.18
,August,514.00,21.15,0.83,21.15,0.83,21.14
,September,485.00,21.20,1.67,21.19,1.67,21.18
,October,502.00,21.25,7.00,21.22,7.00,21.19
,November,489.00,21.23,14.67,21.21,14.67,21.19
,December,497.00,21.09,110.67,21.08,110.67,21.07
,,,,,,,
,Annual Sum or Average,5943.00,21.16,563.00,21.14,563.00,21.13
,Minimum of Months,454.00,21.07,0.83,21.06,0.83,21.06
,Maximum of Months,514.00,21.25,205.33,21.22,205.33,21.19


----------------------------------------------------------------------------------------------------
REPORT:,ComfortReportSimple55Monthly
FOR:,TOPFLOOR_PLENUM
Custom Monthly Report

,,ZONE THERMAL COMFORT ASHRAE 55 SIMPLE MODEL SUMMER CLOTHES NOT COMFORTABLE TIME {HOURS NON-ZERO} [HOURS],ZONE MEAN AIR TEMPERATURE {FOR HOURS SHOWN} [C],ZONE THERMAL COMFORT ASHRAE 55 SIMPLE MODEL WINTER CLOTHES NOT COMFORTABLE TIME {HOURS NON-ZERO} [HOURS],ZONE MEAN AIR TEMPERATURE {FOR HOURS SHOWN} [C],ZONE THERMAL COMFORT ASHRAE 55 SIMPLE MODEL SUMMER OR WINTER CLOTHES NOT COMFORTABLE TIME {HOURS NON-ZERO} [HOURS],ZONE MEAN AIR TEMPERATURE {FOR HOURS SHOWN} [C]
,January,0.00,0.00,0.00,0.00,0.00,0.00
,February,0.00,0.00,0.00,0.00,0.00,0.00
,March,0.00,0.00,0.00,0.00,0.00,0.00
,April,0.00,0.00,0.00,0.00,0.00,0.00
,May,0.00,0.00,0.00,0.00,0.00,0.00
,June,0.00,0.00,0.00,0.00,0.00,0.00
,July,0.00,0.00,0.00,0.00,0.00,0.00
,August,0.00,0.00,0.00,0.00,0.00,0.00
,September,0.00,0.00,0.00,0.00,0.00,0.00
,October,0.00,0.00,0.00,0.00,0.00,0.00
,November,0.00,0.00,0.00,0.00,0.00,0.00
,December,0.00,0.00,0.00,0.00,0.00,0.00
,,,,,,,
,Annual Sum or Average,0.00,,0.00,,0.00,
,Minimum of Months,0.00,0.00,0.00,0.00,0.00,0.00
,Maximum of Months,0.00,0.00,0.00,0.00,0.00,0.00


----------------------------------------------------------------------------------------------------
REPORT:,ComfortReportSimple55Monthly
FOR:,MIDFLOOR_PLENUM
Custom Monthly Report

,,ZONE THERMAL COMFORT ASHRAE 55 SIMPLE MODEL SUMMER CLOTHES NOT COMFORTABLE TIME {HOURS NON-ZERO} [HOURS],ZONE MEAN AIR TEMPERATURE {FOR HOURS SHOWN} [C],ZONE THERMAL COMFORT ASHRAE 55 SIMPLE MODEL WINTER CLOTHES NOT COMFORTABLE TIME {HOURS NON-ZERO} [HOURS],ZONE MEAN AIR TEMPERATURE {FOR HOURS SHOWN} [C],ZONE THERMAL COMFORT ASHRAE 55 SIMPLE MODEL SUMMER OR WINTER CLOTHES NOT COMFORTABLE TIME {HOURS NON-ZERO} [HOURS],ZONE MEAN AIR TEMPERATURE {FOR HOURS SHOWN} [C]
,January,0.00,0.00,0.00,0.00,0.00,0.00
,February,0.00,0.00,0.00,0.00,0.00,0.00
,March,0.00,0.00,0.00,0.00,0.00,0.00
,April,0.00,0.00,0.00,0.00,0.00,0.00
,May,0.00,0.00,0.00,0.00,0.00,0.00
,June,0.00,0.00,0.00,0.00,0.00,0.00
,July,0.00,0.00,0.00,0.00,0.00,0.00
,August,0.00,0.00,0.00,0.00,0.00,0.00
,September,0.00,0.00,0.00,0.00,0.00,0.00
,October,0.00,0.00,0.00,0.00,0.00,0.00
,November,0.00,0.00,0.00,0.00,0.00,0.00
,December,0.00,0.00,0.00,0.00,0.00,0.00
,,,,,,,
,Annual Sum or Average,0.00,,0.00,,0.00,
,Minimum of Months,0.00,0.00,0.00,0.00,0.00,0.00
,Maximum of Months,0.00,0.00,0.00,0.00,0.00,0.00


----------------------------------------------------------------------------------------------------
REPORT:,ComfortReportSimple55Monthly
FOR:,FIRSTFLOOR_PLENUM
Custom Monthly Report

,,ZONE THERMAL COMFORT ASHRAE 55 SIMPLE MODEL SUMMER CLOTHES NOT COMFORTABLE TIME {HOURS NON-ZERO} [HOURS],ZONE MEAN AIR TEMPERATURE {FOR HOURS SHOWN} [C],ZONE THERMAL COMFORT ASHRAE 55 SIMPLE MODEL WINTER CLOTHES NOT COMFORTABLE TIME {HOURS NON-ZERO} [HOURS],ZONE MEAN AIR TEMPERATURE {FOR HOURS SHOWN} [C],ZONE THERMAL COMFORT ASHRAE 55 SIMPLE MODEL SUMMER OR WINTER CLOTHES NOT COMFORTABLE TIME {HOURS NON-ZERO} [HOURS],ZONE MEAN AIR TEMPERATURE {FOR HOURS SHOWN} [C]
,January,0.00,0.00,0.00,0.00,0.00,0.00
,February,0.00,0.00,0.00,0.00,0.00,0.00
,March,0.00,0.00,0.00,0.00,0.00,0.00
,April,0.00,0.00,0.00,0.00,0.00,0.00
,May,0.00,0.00,0.00,0.00,0.00,0.00
,June,0.00,0.00,0.00,0.00,0.00,0.00
,July,0.00,0.00,0.00,0.00,0.00,0.00
,August,0.00,0.00,0.00,0.00,0.00,0.00
,September,0.00,0.00,0.00,0.00,0.00,0.00
,October,0.00,0.00,0.00,0.00,0.00,0.00
,November,0.00,0.00,0.00,0.00,0.00,0.00
,December,0.00,0.00,0.00,0.00,0.00,0.00
,,,,,,,
,Annual Sum or Average,0.00,,0.00,,0.00,
,Minimum of Months,0.00,0.00,0.00,0.00,0.00,0.00
,Maximum of Months,0.00,0.00,0.00,0.00,0.00,0.00


----------------------------------------------------------------------------------------------------
REPORT:,ComfortReportSimple55Monthly
FOR:,CORE_MID
Custom Monthly Report

,,ZONE THERMAL COMFORT ASHRAE 55 SIMPLE MODEL SUMMER CLOTHES NOT COMFORTABLE TIME {HOURS NON-ZERO} [HOURS],ZONE MEAN AIR TEMPERATURE {FOR HOURS SHOWN} [C],ZONE THERMAL COMFORT ASHRAE 55 SIMPLE MODEL WINTER CLOTHES NOT COMFORTABLE TIME {HOURS NON-ZERO} [HOURS],ZONE MEAN AIR TEMPERATURE {FOR HOURS SHOWN} [C],ZONE THERMAL COMFORT ASHRAE 55 SIMPLE MODEL SUMMER OR WINTER CLOTHES NOT COMFORTABLE TIME {HOURS NON-ZERO} [HOURS],ZONE MEAN AIR TEMPERATURE {FOR HOURS SHOWN} [C]
,January,502.00,21.03,346.83,21.03,346.83,21.02
,February,454.00,21.05,254.00,21.04,254.00,21.04
,March,514.00,21.10,107.50,21.08,107.50,21.07
,April,485.00,21.15,18.50,21.13,18.50,21.10
,May,508.00,21.14,8.00,21.11,8.00,21.09
,June,496.00,21.12,2.50,21.11,2.50,21.10
,July,497.00,21.16,0.67,21.15,0.67,21.15
,August,514.00,21.11,0.50,21.11,0.50,21.10
,September,485.00,21.14,2.17,21.13,2.17,21.12
,October,502.00,21.15,26.33,21.11,26.33,21.08
,November,489.00,21.09,48.67,21.06,48.67,21.04
,December,497.00,21.03,214.67,21.02,214.67,21.02
,,,,,,,
,Annual Sum or Average,5943.00,21.11,1030.33,21.08,1030.33,21.07
,Minimum of Months,454.00,21.03,0.50,21.02,0.50,21.02
,Maximum of Months,514.00,21.16,346.83,21.15,346.83,21.15


----------------------------------------------------------------------------------------------------
REPORT:,ComfortReportSimple55Monthly
FOR:,CORE_TOP
Custom Monthly Report

,,ZONE THERMAL COMFORT ASHRAE 55 SIMPLE MODEL SUMMER CLOTHES NOT COMFORTABLE TIME {HOURS NON-ZERO} [HOURS],ZONE MEAN AIR TEMPERATURE {FOR HOURS SHOWN} [C],ZONE THERMAL COMFORT ASHRAE 55 SIMPLE MODEL WINTER CLOTHES NOT COMFORTABLE TIME {HOURS NON-ZERO} [HOURS],ZONE MEAN AIR TEMPERATURE {FOR HOURS SHOWN} [C],ZONE THERMAL COMFORT ASHRAE 55 SIMPLE MODEL SUMMER OR WINTER CLOTHES NOT COMFORTABLE TIME {HOURS NON-ZERO} [HOURS],ZONE MEAN AIR TEMPERATURE {FOR HOURS SHOWN} [C]
,January,502.00,20.97,446.67,20.97,446.67,20.97
,February,454.00,20.99,363.33,20.99,363.33,20.99
,March,514.00,21.02,195.50,21.00,195.50,20.99
,April,485.00,21.07,73.17,21.04,73.17,21.01
,May,508.00,21.09,16.83,21.05,16.83,21.02
,June,496.00,21.10,3.83,21.08,3.83,21.07
,July,497.00,21.14,1.17,21.14,1.17,21.13
,August,514.00,21.09,1.17,21.08,1.17,21.08
,September,485.00,21.09,5.00,21.07,5.00,21.06
,October,502.00,21.07,63.33,21.02,63.33,20.98
,November,489.00,21.00,171.00,20.97,171.00,20.96
,December,497.00,20.97,352.83,20.96,352.83,20.96
,,,,,,,
,Annual Sum or Average,5943.00,21.05,1693.83,21.02,1693.83,21.00
,Minimum of Months,454.00,20.97,1.17,20.96,1.17,20.96
,Maximum of Months,514.00,21.14,446.67,21.14,446.67,21.13


----------------------------------------------------------------------------------------------------
REPORT:,ComfortReportSimple55Monthly
FOR:,PERIMETER_TOP_ZN_3
Custom Monthly Report

,,ZONE THERMAL COMFORT ASHRAE 55 SIMPLE MODEL SUMMER CLOTHES NOT COMFORTABLE TIME {HOURS NON-ZERO} [HOURS],ZONE MEAN AIR TEMPERATURE {FOR HOURS SHOWN} [C],ZONE THERMAL COMFORT ASHRAE 55 SIMPLE MODEL WINTER CLOTHES NOT COMFORTABLE TIME {HOURS NON-ZERO} [HOURS],ZONE MEAN AIR TEMPERATURE {FOR HOURS SHOWN} [C],ZONE THERMAL COMFORT ASHRAE 55 SIMPLE MODEL SUMMER OR WINTER CLOTHES NOT COMFORTABLE TIME {HOURS NON-ZERO} [HOURS],ZONE MEAN AIR TEMPERATURE {FOR HOURS SHOWN} [C]
,January,502.00,20.79,484.33,20.79,484.33,20.79
,February,454.00,20.82,397.67,20.81,397.67,20.81
,March,514.00,20.91,277.50,20.87,277.50,20.85
,April,483.17,21.00,139.17,20.95,139.17,20.92
,May,507.83,21.09,19.83,21.05,19.83,21.01
,June,496.00,21.14,7.33,21.13,7.33,21.11
,July,495.67,21.21,6.17,21.22,5.67,21.23
,August,514.00,21.11,3.17,21.09,3.17,21.08
,September,485.00,21.07,14.67,21.04,14.67,21.00
,October,502.00,21.01,131.33,20.95,131.33,20.91
,November,489.00,20.87,310.50,20.84,310.50,20.83
,December,497.00,20.81,444.17,20.80,444.17,20.79
,,,,,,,
,Annual Sum or Average,5939.67,20.99,2235.83,20.93,2235.33,20.89
,Minimum of Months,454.00,20.79,3.17,20.79,3.17,20.79
,Maximum of Months,514.00,21.21,484.33,21.22,484.33,21.23


----------------------------------------------------------------------------------------------------
REPORT:,ComfortReportSimple55Monthly
FOR:,PERIMETER_TOP_ZN_2
Custom Monthly Report

,,ZONE THERMAL COMFORT ASHRAE 55 SIMPLE MODEL SUMMER CLOTHES NOT COMFORTABLE TIME {HOURS NON-ZERO} [HOURS],ZONE MEAN AIR TEMPERATURE {FOR HOURS SHOWN} [C],ZONE THERMAL COMFORT ASHRAE 55 SIMPLE MODEL WINTER CLOTHES NOT COMFORTABLE TIME {HOURS NON-ZERO} [HOURS],ZONE MEAN AIR TEMPERATURE {FOR HOURS SHOWN} [C],ZONE THERMAL COMFORT ASHRAE 55 SIMPLE MODEL SUMMER OR WINTER CLOTHES NOT COMFORTABLE TIME {HOURS NON-ZERO} [HOURS],ZONE MEAN AIR TEMPERATURE {FOR HOURS SHOWN} [C]
,January,502.00,20.89,428.00,20.88,428.00,20.87
,February,454.00,20.90,336.17,20.89,336.17,20.88
,March,514.00,21.00,197.50,20.95,197.50,20.92
,April,479.67,21.05,94.17,21.01,93.17,20.98
,May,502.00,21.12,13.33,21.08,12.33,21.04
,June,488.83,21.15,8.83,21.14,7.17,21.12
,July,482.83,21.21,13.67,21.24,6.83,21.23
,August,504.33,21.13,9.33,21.12,4.50,21.08
,September,480.67,21.12,9.50,21.08,9.00,21.05
,October,501.33,21.08,93.50,21.02,93.50,20.98
,November,489.00,20.94,247.67,20.91,247.67,20.89
,December,497.00,20.89,402.17,20.88,402.17,20.87
,,,,,,,
,Annual Sum or Average,5895.67,21.04,1853.83,20.99,1838.00,20.96
,Minimum of Months,454.00,20.89,8.83,20.88,4.50,20.87
,Maximum of Months,514.00,21.21,428.00,21.24,428.00,21.23


----------------------------------------------------------------------------------------------------
REPORT:,ComfortReportSimple55Monthly
FOR:,PERIMETER_TOP_ZN_1
Custom Monthly Report

,,ZONE THERMAL COMFORT ASHRAE 55 SIMPLE MODEL SUMMER CLOTHES NOT COMFORTABLE TIME {HOURS NON-ZERO} [HOURS],ZONE MEAN AIR TEMPERATURE {FOR HOURS SHOWN} [C],ZONE THERMAL COMFORT ASHRAE 55 SIMPLE MODEL WINTER CLOTHES NOT COMFORTABLE TIME {HOURS NON-ZERO} [HOURS],ZONE MEAN AIR TEMPERATURE {FOR HOURS SHOWN} [C],ZONE THERMAL COMFORT ASHRAE 55 SIMPLE MODEL SUMMER OR WINTER CLOTHES NOT COMFORTABLE TIME {HOURS NON-ZERO} [HOURS],ZONE MEAN AIR TEMPERATURE {FOR HOURS SHOWN} [C]
,January,500.67,20.91,326.67,20.88,326.67,20.87
,February,453.00,20.93,268.83,20.89,268.83,20.88
,March,513.17,21.01,179.33,20.96,179.33,20.93
,April,478.00,21.04,104.83,21.01,102.67,20.98
,May,505.17,21.12,21.00,21.08,20.67,21.03
,June,495.00,21.14,8.67,21.12,8.67,21.10
,July,494.83,21.22,7.67,21.22,7.00,21.22
,August,511.33,21.14,3.67,21.12,3.67,21.09
,September,479.50,21.14,13.17,21.10,12.17,21.07
,October,494.17,21.11,85.17,21.05,84.00,21.00
,November,488.17,20.99,203.00,20.94,203.00,20.91
,December,493.33,20.91,335.33,20.88,333.50,20.87
,,,,,,,
,Annual Sum or Average,5906.33,21.06,1557.33,21.00,1550.17,20.96
,Minimum of Months,453.00,20.91,3.67,20.88,3.67,20.87
,Maximum of Months,513.17,21.22,335.33,21.22,333.50,21.22


----------------------------------------------------------------------------------------------------
REPORT:,ComfortReportSimple55Monthly
FOR:,PERIMETER_TOP_ZN_4
Custom Monthly Report

,,ZONE THERMAL COMFORT ASHRAE 55 SIMPLE MODEL SUMMER CLOTHES NOT COMFORTABLE TIME {HOURS NON-ZERO} [HOURS],ZONE MEAN AIR TEMPERATURE {FOR HOURS SHOWN} [C],ZONE THERMAL COMFORT ASHRAE 55 SIMPLE MODEL WINTER CLOTHES NOT COMFORTABLE TIME {HOURS NON-ZERO} [HOURS],ZONE MEAN AIR TEMPERATURE {FOR HOURS SHOWN} [C],ZONE THERMAL COMFORT ASHRAE 55 SIMPLE MODEL SUMMER OR WINTER CLOTHES NOT COMFORTABLE TIME {HOURS NON-ZERO} [HOURS],ZONE MEAN AIR TEMPERATURE {FOR HOURS SHOWN} [C]
,January,502.00,20.89,442.67,20.88,442.67,20.88
,February,454.00,20.92,337.83,20.90,337.83,20.89
,March,513.83,20.99,222.17,20.95,222.17,20.93
,April,478.83,21.05,105.00,21.02,103.00,20.99
,May,504.83,21.15,19.17,21.11,18.67,21.07
,June,492.83,21.18,9.17,21.16,8.00,21.14
,July,488.33,21.24,10.33,21.25,7.00,21.25
,August,509.33,21.15,6.17,21.12,4.50,21.08
,September,482.33,21.12,12.33,21.09,11.33,21.05
,October,498.17,21.06,111.00,21.00,110.50,20.96
,November,489.00,20.94,261.00,20.91,261.00,20.90
,December,497.00,20.90,410.67,20.89,410.67,20.88
,,,,,,,
,Annual Sum or Average,5910.50,21.05,1947.50,21.00,1937.33,20.96
,Minimum of Months,454.00,20.89,6.17,20.88,4.50,20.88
,Maximum of Months,513.83,21.24,442.67,21.25,442.67,21.25


----------------------------------------------------------------------------------------------------
REPORT:,ComfortReportSimple55Monthly
FOR:,PERIMETER_BOT_ZN_3
Custom Monthly Report

,,ZONE THERMAL COMFORT ASHRAE 55 SIMPLE MODEL SUMMER CLOTHES NOT COMFORTABLE TIME {HOURS NON-ZERO} [HOURS],ZONE MEAN AIR TEMPERATURE {FOR HOURS SHOWN} [C],ZONE THERMAL COMFORT ASHRAE 55 SIMPLE MODEL WINTER CLOTHES NOT COMFORTABLE TIME {HOURS NON-ZERO} [HOURS],ZONE MEAN AIR TEMPERATURE {FOR HOURS SHOWN} [C],ZONE THERMAL COMFORT ASHRAE 55 SIMPLE MODEL SUMMER OR WINTER CLOTHES NOT COMFORTABLE TIME {HOURS NON-ZERO} [HOURS],ZONE MEAN AIR TEMPERATURE {FOR HOURS SHOWN} [C]
,January,502.00,20.82,502.00,20.82,502.00,20.82
,February,454.00,20.85,438.33,20.85,438.33,20.85
,March,514.00,20.90,385.67,20.88,385.67,20.87
,April,485.00,20.98,212.83,20.94,212.83,20.92
,May,508.00,21.08,29.33,21.04,29.33,21.01
,June,496.00,21.15,2.83,21.13,2.83,21.12
,July,496.33,21.21,2.33,21.21,2.33,21.21
,August,514.00,21.14,1.17,21.13,1.17,21.12
,September,485.00,21.14,2.67,21.12,2.67,21.11
,October,502.00,21.10,60.83,21.05,60.83,21.01
,November,489.00,20.96,262.17,20.92,262.17,20.91
,December,497.00,20.84,462.00,20.83,462.00,20.83
,,,,,,,
,Annual Sum or Average,5942.33,21.02,2362.17,20.96,2362.17,20.93
,Minimum of Months,454.00,20.82,1.17,20.82,1.17,20.82
,Maximum of Months,514.00,21.21,502.00,21.21,502.00,21.21


----------------------------------------------------------------------------------------------------
REPORT:,ComfortReportSimple55Monthly
FOR:,PERIMETER_BOT_ZN_2
Custom Monthly Report

,,ZONE THERMAL COMFORT ASHRAE 55 SIMPLE MODEL SUMMER CLOTHES NOT COMFORTABLE TIME {HOURS NON-ZERO} [HOURS],ZONE MEAN AIR TEMPERATURE {FOR HOURS SHOWN} [C],ZONE THERMAL COMFORT ASHRAE 55 SIMPLE MODEL WINTER CLOTHES NOT COMFORTABLE TIME {HOURS NON-ZERO} [HOURS],ZONE MEAN AIR TEMPERATURE {FOR HOURS SHOWN} [C],ZONE THERMAL COMFORT ASHRAE 55 SIMPLE MODEL SUMMER OR WINTER CLOTHES NOT COMFORTABLE TIME {HOURS NON-ZERO} [HOURS],ZONE MEAN AIR TEMPERATURE {FOR HOURS SHOWN} [C]
,January,502.00,20.92,465.17,20.91,465.17,20.91
,February,454.00,20.94,378.67,20.93,378.67,20.93
,March,514.00,21.02,220.83,20.98,220.83,20.96
,April,484.83,21.10,77.50,21.06,77.50,21.02
,May,504.00,21.19,7.33,21.15,7.17,21.12
,June,490.50,21.21,3.67,21.19,3.17,21.16
,July,488.33,21.25,5.33,21.26,3.50,21.25
,August,508.00,21.19,3.50,21.17,2.33,21.16
,September,481.33,21.21,3.00,21.19,2.83,21.17
,October,501.83,21.22,31.50,21.17,31.50,21.13
,November,489.00,21.03,171.00,20.99,171.00,20.96
,December,497.00,20.92,407.83,20.91,407.83,20.90
,,,,,,,
,Annual Sum or Average,5914.83,21.10,1775.33,21.05,1771.50,21.01
,Minimum of Months,454.00,20.92,3.00,20.91,2.33,20.90
,Maximum of Months,514.00,21.25,465.17,21.26,465.17,21.25


----------------------------------------------------------------------------------------------------
REPORT:,ComfortReportSimple55Monthly
FOR:,PERIMETER_BOT_ZN_1
Custom Monthly Report

,,ZONE THERMAL COMFORT ASHRAE 55 SIMPLE MODEL SUMMER CLOTHES NOT COMFORTABLE TIME {HOURS NON-ZERO} [HOURS],ZONE MEAN AIR TEMPERATURE {FOR HOURS SHOWN} [C],ZONE THERMAL COMFORT ASHRAE 55 SIMPLE MODEL WINTER CLOTHES NOT COMFORTABLE TIME {HOURS NON-ZERO} [HOURS],ZONE MEAN AIR TEMPERATURE {FOR HOURS SHOWN} [C],ZONE THERMAL COMFORT ASHRAE 55 SIMPLE MODEL SUMMER OR WINTER CLOTHES NOT COMFORTABLE TIME {HOURS NON-ZERO} [HOURS],ZONE MEAN AIR TEMPERATURE {FOR HOURS SHOWN} [C]
,January,502.00,20.98,305.33,20.95,305.33,20.94
,February,454.00,21.00,239.83,20.97,239.83,20.96
,March,513.67,21.08,147.00,21.03,147.00,21.00
,April,484.17,21.13,79.67,21.08,79.67,21.05
,May,506.67,21.18,11.83,21.14,11.83,21.10
,June,495.67,21.18,4.17,21.16,4.17,21.13
,July,495.67,21.25,3.50,21.25,3.17,21.24
,August,513.50,21.21,1.33,21.20,1.33,21.19
,September,481.83,21.27,1.67,21.26,1.67,21.25
,October,487.67,21.26,21.33,21.22,20.17,21.18
,November,489.00,21.15,100.83,21.09,100.83,21.06
,December,495.83,20.98,278.50,20.95,278.50,20.93
,,,,,,,
,Annual Sum or Average,5919.67,21.14,1195.00,21.09,1193.50,21.05
,Minimum of Months,454.00,20.98,1.33,20.95,1.33,20.93
,Maximum of Months,513.67,21.27,305.33,21.26,305.33,21.25


----------------------------------------------------------------------------------------------------
REPORT:,ComfortReportSimple55Monthly
FOR:,PERIMETER_BOT_ZN_4
Custom Monthly Report

,,ZONE THERMAL COMFORT ASHRAE 55 SIMPLE MODEL SUMMER CLOTHES NOT COMFORTABLE TIME {HOURS NON-ZERO} [HOURS],ZONE MEAN AIR TEMPERATURE {FOR HOURS SHOWN} [C],ZONE THERMAL COMFORT ASHRAE 55 SIMPLE MODEL WINTER CLOTHES NOT COMFORTABLE TIME {HOURS NON-ZERO} [HOURS],ZONE MEAN AIR TEMPERATURE {FOR HOURS SHOWN} [C],ZONE THERMAL COMFORT ASHRAE 55 SIMPLE MODEL SUMMER OR WINTER CLOTHES NOT COMFORTABLE TIME {HOURS NON-ZERO} [HOURS],ZONE MEAN AIR TEMPERATURE {FOR HOURS SHOWN} [C]
,January,502.00,20.91,473.33,20.91,473.33,20.91
,February,454.00,20.95,361.50,20.93,361.50,20.93
,March,513.83,21.01,245.83,20.98,245.83,20.96
,April,484.67,21.11,96.00,21.06,96.00,21.03
,May,505.67,21.23,11.00,21.19,11.00,21.15
,June,493.83,21.24,3.50,21.22,3.50,21.19
,July,491.00,21.30,5.17,21.31,3.33,21.31
,August,512.50,21.22,1.67,21.21,1.67,21.19
,September,483.83,21.23,2.33,21.22,2.17,21.20
,October,499.83,21.19,35.83,21.14,35.83,21.10
,November,489.00,21.03,183.17,20.99,183.17,20.96
,December,497.00,20.92,419.00,20.91,419.00,20.91
,,,,,,,
,Annual Sum or Average,5927.17,21.11,1838.33,21.06,1836.33,21.02
,Minimum of Months,454.00,20.91,1.67,20.91,1.67,20.91
,Maximum of Months,513.83,21.30,473.33,21.31,473.33,21.31


----------------------------------------------------------------------------------------------------
REPORT:,ComfortReportSimple55Monthly
FOR:,PERIMETER_MID_ZN_3
Custom Monthly Report

,,ZONE THERMAL COMFORT ASHRAE 55 SIMPLE MODEL SUMMER CLOTHES NOT COMFORTABLE TIME {HOURS NON-ZERO} [HOURS],ZONE MEAN AIR TEMPERATURE {FOR HOURS SHOWN} [C],ZONE THERMAL COMFORT ASHRAE 55 SIMPLE MODEL WINTER CLOTHES NOT COMFORTABLE TIME {HOURS NON-ZERO} [HOURS],ZONE MEAN AIR TEMPERATURE {FOR HOURS SHOWN} [C],ZONE THERMAL COMFORT ASHRAE 55 SIMPLE MODEL SUMMER OR WINTER CLOTHES NOT COMFORTABLE TIME {HOURS NON-ZERO} [HOURS],ZONE MEAN AIR TEMPERATURE {FOR HOURS SHOWN} [C]
,January,502.00,20.83,459.33,20.82,459.33,20.82
,February,454.00,20.86,367.83,20.85,367.83,20.84
,March,514.00,20.94,210.00,20.89,210.00,20.86
,April,485.00,21.05,85.83,21.00,85.83,20.96
,May,507.83,21.14,9.50,21.11,9.50,21.07
,June,496.00,21.16,5.67,21.16,5.67,21.15
,July,495.67,21.22,5.17,21.23,4.33,21.25
,August,514.00,21.12,1.17,21.12,1.17,21.11
,September,485.00,21.11,4.33,21.09,4.33,21.07
,October,502.00,21.06,55.17,21.01,55.17,20.97
,November,489.00,20.92,206.00,20.88,206.00,20.85
,December,497.00,20.83,397.17,20.81,397.17,20.80
,,,,,,,
,Annual Sum or Average,5941.50,21.02,1807.17,20.96,1806.33,20.93
,Minimum of Months,454.00,20.83,1.17,20.81,1.17,20.80
,Maximum of Months,514.00,21.22,459.33,21.23,459.33,21.25


----------------------------------------------------------------------------------------------------
REPORT:,ComfortReportSimple55Monthly
FOR:,PERIMETER_MID_ZN_2
Custom Monthly Report

,,ZONE THERMAL COMFORT ASHRAE 55 SIMPLE MODEL SUMMER CLOTHES NOT COMFORTABLE TIME {HOURS NON-ZERO} [HOURS],ZONE MEAN AIR TEMPERATURE {FOR HOURS SHOWN} [C],ZONE THERMAL COMFORT ASHRAE 55 SIMPLE MODEL WINTER CLOTHES NOT COMFORTABLE TIME {HOURS NON-ZERO} [HOURS],ZONE MEAN AIR TEMPERATURE {FOR HOURS SHOWN} [C],ZONE THERMAL COMFORT ASHRAE 55 SIMPLE MODEL SUMMER OR WINTER CLOTHES NOT COMFORTABLE TIME {HOURS NON-ZERO} [HOURS],ZONE MEAN AIR TEMPERATURE {FOR HOURS SHOWN} [C]
,January,427.00,20.91,343.00,20.89,343.00,20.89
,February,385.00,20.93,266.33,20.91,266.33,20.91
,March,432.67,21.04,145.17,20.98,145.17,20.95
,April,405.00,21.12,50.50,21.08,49.83,21.03
,May,424.33,21.22,8.50,21.18,7.67,21.13
,June,410.17,21.22,7.67,21.21,6.17,21.20
,July,408.67,21.28,11.67,21.31,6.50,21.30
,August,425.17,21.19,7.00,21.17,4.17,21.13
,September,406.33,21.19,5.67,21.16,5.00,21.12
,October,425.83,21.17,39.00,21.10,39.00,21.05
,November,417.00,20.98,158.83,20.93,158.83,20.91
,December,422.00,20.89,320.67,20.88,320.67,20.87
,,,,,,,
,Annual Sum or Average,4989.17,21.09,1364.00,21.04,1352.33,20.99
,Minimum of Months,385.00,20.89,5.67,20.88,4.17,20.87
,Maximum of Months,432.67,21.28,343.00,21.31,343.00,21.30


----------------------------------------------------------------------------------------------------
REPORT:,ComfortReportSimple55Monthly
FOR:,PERIMETER_MID_ZN_1
Custom Monthly Report

,,ZONE THERMAL COMFORT ASHRAE 55 SIMPLE MODEL SUMMER CLOTHES NOT COMFORTABLE TIME {HOURS NON-ZERO} [HOURS],ZONE MEAN AIR TEMPERATURE {FOR HOURS SHOWN} [C],ZONE THERMAL COMFORT ASHRAE 55 SIMPLE MODEL WINTER CLOTHES NOT COMFORTABLE TIME {HOURS NON-ZERO} [HOURS],ZONE MEAN AIR TEMPERATURE {FOR HOURS SHOWN} [C],ZONE THERMAL COMFORT ASHRAE 55 SIMPLE MODEL SUMMER OR WINTER CLOTHES NOT COMFORTABLE TIME {HOURS NON-ZERO} [HOURS],ZONE MEAN AIR TEMPERATURE {FOR HOURS SHOWN} [C]
,January,501.17,20.97,286.00,20.93,286.00,20.91
,February,451.83,20.97,223.67,20.94,223.67,20.92
,March,513.17,21.05,120.17,21.00,120.17,20.96
,April,479.33,21.09,59.33,21.06,58.00,21.02
,May,505.50,21.17,9.67,21.14,9.17,21.10
,June,495.33,21.17,7.00,21.16,7.00,21.14
,July,495.17,21.23,6.33,21.24,5.50,21.24
,August,512.83,21.16,2.00,21.14,2.00,21.13
,September,479.33,21.16,4.17,21.15,3.33,21.13
,October,495.67,21.17,40.17,21.12,39.67,21.07
,November,488.50,21.05,127.50,20.99,127.50,20.95
,December,493.67,20.94,273.17,20.91,272.17,20.89
,,,,,,,
,Annual Sum or Average,5911.50,21.09,1159.17,21.05,1154.17,21.01
,Minimum of Months,451.83,20.94,2.00,20.91,2.00,20.89
,Maximum of Months,513.17,21.23,286.00,21.24,286.00,21.24


----------------------------------------------------------------------------------------------------
REPORT:,ComfortReportSimple55Monthly
FOR:,PERIMETER_MID_ZN_4
Custom Monthly Report

,,ZONE THERMAL COMFORT ASHRAE 55 SIMPLE MODEL SUMMER CLOTHES NOT COMFORTABLE TIME {HOURS NON-ZERO} [HOURS],ZONE MEAN AIR TEMPERATURE {FOR HOURS SHOWN} [C],ZONE THERMAL COMFORT ASHRAE 55 SIMPLE MODEL WINTER CLOTHES NOT COMFORTABLE TIME {HOURS NON-ZERO} [HOURS],ZONE MEAN AIR TEMPERATURE {FOR HOURS SHOWN} [C],ZONE THERMAL COMFORT ASHRAE 55 SIMPLE MODEL SUMMER OR WINTER CLOTHES NOT COMFORTABLE TIME {HOURS NON-ZERO} [HOURS],ZONE MEAN AIR TEMPERATURE {FOR HOURS SHOWN} [C]
,January,502.00,20.92,394.17,20.90,394.17,20.90
,February,454.00,20.95,293.83,20.93,293.83,20.92
,March,513.83,21.02,157.50,20.98,157.50,20.95
,April,479.33,21.10,56.33,21.06,56.00,21.03
,May,503.67,21.20,9.17,21.16,8.83,21.12
,June,493.17,21.20,8.17,21.19,7.17,21.17
,July,489.50,21.25,7.83,21.27,5.50,21.27
,August,510.83,21.16,4.17,21.14,3.33,21.12
,September,482.17,21.16,5.50,21.13,4.67,21.10
,October,499.00,21.11,49.50,21.06,49.17,21.02
,November,489.00,20.98,173.33,20.94,173.33,20.92
,December,497.00,20.92,360.67,20.90,360.67,20.89
,,,,,,,
,Annual Sum or Average,5913.50,21.08,1520.17,21.03,1514.17,21.00
,Minimum of Months,454.00,20.92,4.17,20.90,3.33,20.89
,Maximum of Months,513.83,21.25,394.17,21.27,394.17,21.27


----------------------------------------------------------------------------------------------------
REPORT:,OccupantComfortDataSummaryMonthly
FOR:,CORE_BOTTOM
Custom Monthly Report

,,PEOPLE OCCUPANT COUNT {HOURS NON-ZERO} [HOURS],PEOPLE AIR TEMPERATURE {FOR HOURS SHOWN} [C],PEOPLE AIR RELATIVE HUMIDITY {FOR HOURS SHOWN} [%],ZONE THERMAL COMFORT FANGER MODEL PMV {FOR HOURS SHOWN} [],ZONE THERMAL COMFORT FANGER MODEL PPD {FOR HOURS SHOWN} [%]
,January,502.00000,21.06701,12.20716,-0.5386,11.10080
,February,454.00000,21.08246,12.46492,-0.5293,10.91065
,March,514.00000,21.12027,16.55554,-0.4821,9.94487
,April,485.00000,21.19412,18.42504,-0.4507,9.37814
,May,508.00000,21.21969,22.27266,-1.5659,54.51454
,June,496.00000,21.17184,23.42768,-1.5582,54.09105
,July,497.00000,21.19351,24.22449,-1.5449,53.40835
,August,514.00000,21.15072,24.72351,-1.5525,53.80004
,September,485.00000,21.19986,24.63190,-1.5504,53.69295
,October,502.00000,21.24572,21.74667,-0.4095,8.85522
,November,489.00000,21.23078,18.68891,-0.4508,9.41273
,December,497.00000,21.09270,15.41477,-0.5120,10.54536
,,,,,,
,Annual Sum or Average,5943.00000,21.16435,19.61605,-0.9328,28.47654
,Minimum of Months,454.00000,21.06701,12.20716,-1.5659,8.85522
,Maximum of Months,514.00000,21.24572,24.72351,-0.4095,54.51454


----------------------------------------------------------------------------------------------------
REPORT:,OccupantComfortDataSummaryMonthly
FOR:,CORE_MID
Custom Monthly Report

,,PEOPLE OCCUPANT COUNT {HOURS NON-ZERO} [HOURS],PEOPLE AIR TEMPERATURE {FOR HOURS SHOWN} [C],PEOPLE AIR RELATIVE HUMIDITY {FOR HOURS SHOWN} [%],ZONE THERMAL COMFORT FANGER MODEL PMV {FOR HOURS SHOWN} [],ZONE THERMAL COMFORT FANGER MODEL PPD {FOR HOURS SHOWN} [%]
,January,502.00000,21.03005,13.06896,-0.5636,11.69783
,February,454.00000,21.04926,13.16131,-0.5545,11.49537
,March,514.00000,21.09551,18.72124,-0.4929,10.17136
,April,485.00000,21.15023,21.24125,-0.4589,9.50348
,May,508.00000,21.14160,26.23869,-1.5862,55.58416
,June,496.00000,21.12395,27.89628,-1.5651,54.46337
,July,497.00000,21.15737,28.56569,-1.5461,53.46585
,August,514.00000,21.11025,29.03780,-1.5598,54.18050
,September,485.00000,21.13737,28.75987,-1.5711,54.78810
,October,502.00000,21.14668,25.97227,-0.4293,9.13912
,November,489.00000,21.08783,22.13626,-0.4863,10.03492
,December,497.00000,21.03228,16.75667,-0.5412,11.20523
,,,,,,
,Annual Sum or Average,5943.00000,21.10549,22.69700,-0.9502,28.98141
,Minimum of Months,454.00000,21.03005,13.06896,-1.5862,9.13912
,Maximum of Months,514.00000,21.15737,29.03780,-0.4293,55.58416


----------------------------------------------------------------------------------------------------
REPORT:,OccupantComfortDataSummaryMonthly
FOR:,CORE_TOP
Custom Monthly Report

,,PEOPLE OCCUPANT COUNT {HOURS NON-ZERO} [HOURS],PEOPLE AIR TEMPERATURE {FOR HOURS SHOWN} [C],PEOPLE AIR RELATIVE HUMIDITY {FOR HOURS SHOWN} [%],ZONE THERMAL COMFORT FANGER MODEL PMV {FOR HOURS SHOWN} [],ZONE THERMAL COMFORT FANGER MODEL PPD {FOR HOURS SHOWN} [%]
,January,502.00000,20.97234,12.88784,-0.6037,12.70652
,February,454.00000,20.99457,13.07825,-0.5931,12.44628
,March,514.00000,21.02234,18.23377,-0.5301,10.98525
,April,485.00000,21.06501,21.36233,-0.4885,10.14125
,May,508.00000,21.08803,25.33155,-1.6194,57.33830
,June,496.00000,21.10062,26.40100,-1.5837,55.44338
,July,497.00000,21.14448,27.10233,-1.5567,54.02579
,August,514.00000,21.08985,27.62220,-1.5781,55.15401
,September,485.00000,21.08699,27.29381,-1.6094,56.83067
,October,502.00000,21.06611,25.16856,-0.4696,9.85628
,November,489.00000,20.99760,21.85030,-0.5298,10.96502
,December,497.00000,20.97224,16.54861,-0.5818,12.19276
,,,,,,
,Annual Sum or Average,5943.00000,21.05043,21.96747,-0.9825,30.01083
,Minimum of Months,454.00000,20.97224,12.88784,-1.6194,9.85628
,Maximum of Months,514.00000,21.14448,27.62220,-0.4696,57.33830


----------------------------------------------------------------------------------------------------
REPORT:,OccupantComfortDataSummaryMonthly
FOR:,PERIMETER_TOP_ZN_3
Custom Monthly Report

,,PEOPLE OCCUPANT COUNT {HOURS NON-ZERO} [HOURS],PEOPLE AIR TEMPERATURE {FOR HOURS SHOWN} [C],PEOPLE AIR RELATIVE HUMIDITY {FOR HOURS SHOWN} [%],ZONE THERMAL COMFORT FANGER MODEL PMV {FOR HOURS SHOWN} [],ZONE THERMAL COMFORT FANGER MODEL PPD {FOR HOURS SHOWN} [%]
,January,502.00000,20.79392,13.05659,-0.6914,15.25929
,February,454.00000,20.82256,13.28584,-0.6661,14.55278
,March,514.00000,20.90929,18.42989,-0.5641,11.97943
,April,485.00000,21.01102,21.70908,-0.4837,10.32823
,May,508.00000,21.09087,25.84004,-1.5574,54.01396
,June,496.00000,21.13931,27.34139,-1.4826,50.04932
,July,497.00000,21.21528,28.49839,-1.4367,47.74034
,August,514.00000,21.11220,28.44860,-1.4991,50.88035
,September,485.00000,21.06827,28.21845,-1.5748,54.93854
,October,502.00000,21.00588,25.62024,-0.4794,10.22556
,November,489.00000,20.87322,22.13673,-0.5819,12.30392
,December,497.00000,20.80608,16.75128,-0.6622,14.47475
,,,,,,
,Annual Sum or Average,5943.00000,20.98861,22.50714,-0.9765,29.03681
,Minimum of Months,454.00000,20.79392,13.05659,-1.5748,10.22556
,Maximum of Months,514.00000,21.21528,28.49839,-0.4794,54.93854


----------------------------------------------------------------------------------------------------
REPORT:,OccupantComfortDataSummaryMonthly
FOR:,PERIMETER_TOP_ZN_2
Custom Monthly Report

,,PEOPLE OCCUPANT COUNT {HOURS NON-ZERO} [HOURS],PEOPLE AIR TEMPERATURE {FOR HOURS SHOWN} [C],PEOPLE AIR RELATIVE HUMIDITY {FOR HOURS SHOWN} [%],ZONE THERMAL COMFORT FANGER MODEL PMV {FOR HOURS SHOWN} [],ZONE THERMAL COMFORT FANGER MODEL PPD {FOR HOURS SHOWN} [%]
,January,502.00000,20.88771,13.01064,-0.6435,13.90839
,February,454.00000,20.90389,13.24378,-0.6191,13.28070
,March,514.00000,20.99545,18.37752,-0.4948,10.67699
,April,485.00000,21.07841,21.67542,-0.4047,9.14119
,May,508.00000,21.14813,25.81943,-1.4274,47.37537
,June,496.00000,21.18481,27.34912,-1.3630,44.12158
,July,497.00000,21.26874,28.53654,-1.3144,41.89826
,August,514.00000,21.16977,28.44322,-1.3745,44.66802
,September,485.00000,21.13976,28.17213,-1.4746,49.81104
,October,502.00000,21.08865,25.53483,-0.4210,9.37820
,November,489.00000,20.94066,22.10922,-0.5491,11.55067
,December,497.00000,20.89057,16.69960,-0.6268,13.50346
,,,,,,
,Annual Sum or Average,5943.00000,21.05928,22.47680,-0.8955,25.89473
,Minimum of Months,454.00000,20.88771,13.01064,-1.4746,9.14119
,Maximum of Months,514.00000,21.26874,28.53654,-0.4047,49.81104


----------------------------------------------------------------------------------------------------
REPORT:,OccupantComfortDataSummaryMonthly
FOR:,PERIMETER_TOP_ZN_1
Custom Monthly Report

,,PEOPLE OCCUPANT COUNT {HOURS NON-ZERO} [HOURS],PEOPLE AIR TEMPERATURE {FOR HOURS SHOWN} [C],PEOPLE AIR RELATIVE HUMIDITY {FOR HOURS SHOWN} [%],ZONE THERMAL COMFORT FANGER MODEL PMV {FOR HOURS SHOWN} [],ZONE THERMAL COMFORT FANGER MODEL PPD {FOR HOURS SHOWN} [%]
,January,502.00000,20.92016,12.95548,-0.5758,12.60782
,February,454.00000,20.93329,13.19218,-0.5566,12.14577
,March,514.00000,21.01292,18.31541,-0.4488,10.05362
,April,485.00000,21.08463,21.60783,-0.4011,9.17747
,May,508.00000,21.13473,25.78546,-1.4835,50.19224
,June,496.00000,21.15036,27.35952,-1.4452,48.11190
,July,497.00000,21.23242,28.52719,-1.3857,45.16833
,August,514.00000,21.15582,28.41355,-1.4006,45.84949
,September,485.00000,21.16106,28.07555,-1.4354,47.86839
,October,502.00000,21.15152,25.36081,-0.3625,8.85168
,November,489.00000,20.99980,21.98030,-0.4993,10.81394
,December,497.00000,20.92469,16.62605,-0.5757,12.63630
,,,,,,
,Annual Sum or Average,5943.00000,21.07279,22.41259,-0.8841,26.26054
,Minimum of Months,454.00000,20.92016,12.95548,-1.4835,8.85168
,Maximum of Months,514.00000,21.23242,28.52719,-0.3625,50.19224


----------------------------------------------------------------------------------------------------
REPORT:,OccupantComfortDataSummaryMonthly
FOR:,PERIMETER_TOP_ZN_4
Custom Monthly Report

,,PEOPLE OCCUPANT COUNT {HOURS NON-ZERO} [HOURS],PEOPLE AIR TEMPERATURE {FOR HOURS SHOWN} [C],PEOPLE AIR RELATIVE HUMIDITY {FOR HOURS SHOWN} [%],ZONE THERMAL COMFORT FANGER MODEL PMV {FOR HOURS SHOWN} [],ZONE THERMAL COMFORT FANGER MODEL PPD {FOR HOURS SHOWN} [%]
,January,502.00000,20.88969,13.01394,-0.6540,14.21039
,February,454.00000,20.91649,13.23788,-0.6172,13.31673
,March,514.00000,20.98964,18.39216,-0.5009,10.80968
,April,485.00000,21.08499,21.68924,-0.4144,9.36761
,May,508.00000,21.16927,25.81665,-1.4419,48.13492
,June,496.00000,21.19239,27.38432,-1.3821,45.01408
,July,497.00000,21.27903,28.57563,-1.3157,41.90292
,August,514.00000,21.16837,28.50146,-1.3967,45.77110
,September,485.00000,21.13406,28.22839,-1.4875,50.46392
,October,502.00000,21.07921,25.57306,-0.4318,9.59754
,November,489.00000,20.94284,22.11116,-0.5521,11.64479
,December,497.00000,20.90175,16.69282,-0.6300,13.60443
,,,,,,
,Annual Sum or Average,5943.00000,21.06348,22.49744,-0.9049,26.27615
,Minimum of Months,454.00000,20.88969,13.01394,-1.4875,9.36761
,Maximum of Months,514.00000,21.27903,28.57563,-0.4144,50.46392


----------------------------------------------------------------------------------------------------
REPORT:,OccupantComfortDataSummaryMonthly
FOR:,PERIMETER_BOT_ZN_3
Custom Monthly Report

,,PEOPLE OCCUPANT COUNT {HOURS NON-ZERO} [HOURS],PEOPLE AIR TEMPERATURE {FOR HOURS SHOWN} [C],PEOPLE AIR RELATIVE HUMIDITY {FOR HOURS SHOWN} [%],ZONE THERMAL COMFORT FANGER MODEL PMV {FOR HOURS SHOWN} [],ZONE THERMAL COMFORT FANGER MODEL PPD {FOR HOURS SHOWN} [%]
,January,502.00000,20.82377,12.42348,-0.6892,15.09960
,February,454.00000,20.85457,12.72874,-0.6702,14.57630
,March,514.00000,20.89971,16.86134,-0.6037,12.82021
,April,485.00000,20.98119,19.49399,-0.5359,11.23752
,May,508.00000,21.08441,22.91393,-1.6250,57.65559
,June,496.00000,21.14980,24.30949,-1.5316,52.67482
,July,497.00000,21.21371,25.16710,-1.4838,50.18254
,August,514.00000,21.13543,25.27238,-1.5177,51.90316
,September,485.00000,21.13656,25.22050,-1.5558,53.96323
,October,502.00000,21.10496,22.45953,-0.4500,9.61349
,November,489.00000,20.96121,19.45271,-0.5494,11.47123
,December,497.00000,20.83671,15.70242,-0.6426,13.82252
,,,,,,
,Annual Sum or Average,5943.00000,21.01626,20.21802,-0.9914,29.74078
,Minimum of Months,454.00000,20.82377,12.42348,-1.6250,9.61349
,Maximum of Months,514.00000,21.21371,25.27238,-0.4500,57.65559


----------------------------------------------------------------------------------------------------
REPORT:,OccupantComfortDataSummaryMonthly
FOR:,PERIMETER_BOT_ZN_2
Custom Monthly Report

,,PEOPLE OCCUPANT COUNT {HOURS NON-ZERO} [HOURS],PEOPLE AIR TEMPERATURE {FOR HOURS SHOWN} [C],PEOPLE AIR RELATIVE HUMIDITY {FOR HOURS SHOWN} [%],ZONE THERMAL COMFORT FANGER MODEL PMV {FOR HOURS SHOWN} [],ZONE THERMAL COMFORT FANGER MODEL PPD {FOR HOURS SHOWN} [%]
,January,502.00000,20.91860,12.37153,-0.6362,13.60979
,February,454.00000,20.93753,12.68746,-0.6170,13.12159
,March,514.00000,21.02220,16.76107,-0.5176,10.99727
,April,485.00000,21.10052,19.41673,-0.4345,9.37405
,May,508.00000,21.21541,22.77796,-1.4571,48.86988
,June,496.00000,21.24271,24.23283,-1.3861,45.21602
,July,497.00000,21.29663,25.13283,-1.3448,43.18676
,August,514.00000,21.21664,25.22126,-1.3756,44.59577
,September,485.00000,21.23339,25.13112,-1.4397,47.98831
,October,502.00000,21.22201,22.34826,-0.3810,8.68339
,November,489.00000,21.03354,19.46605,-0.5135,10.71603
,December,497.00000,20.91974,15.64652,-0.6049,12.84408
,,,,,,
,Annual Sum or Average,5943.00000,21.11453,20.14992,-0.8953,25.89340
,Minimum of Months,454.00000,20.91860,12.37153,-1.4571,8.68339
,Maximum of Months,514.00000,21.29663,25.22126,-0.3810,48.86988


----------------------------------------------------------------------------------------------------
REPORT:,OccupantComfortDataSummaryMonthly
FOR:,PERIMETER_BOT_ZN_1
Custom Monthly Report

,,PEOPLE OCCUPANT COUNT {HOURS NON-ZERO} [HOURS],PEOPLE AIR TEMPERATURE {FOR HOURS SHOWN} [C],PEOPLE AIR RELATIVE HUMIDITY {FOR HOURS SHOWN} [%],ZONE THERMAL COMFORT FANGER MODEL PMV {FOR HOURS SHOWN} [],ZONE THERMAL COMFORT FANGER MODEL PPD {FOR HOURS SHOWN} [%]
,January,502.00000,20.98489,12.30366,-0.5516,11.77546
,February,454.00000,21.00152,12.60390,-0.5347,11.36232
,March,514.00000,21.08237,16.70323,-0.4501,9.81758
,April,485.00000,21.13574,19.34231,-0.4212,9.19888
,May,508.00000,21.18937,22.90200,-1.5159,51.91776
,June,496.00000,21.18680,24.49639,-1.4790,49.89903
,July,497.00000,21.25656,25.46545,-1.4189,46.81748
,August,514.00000,21.21510,25.48414,-1.3952,45.52135
,September,485.00000,21.28707,25.21851,-1.3808,44.98961
,October,502.00000,21.34463,22.19384,-0.3017,7.91299
,November,489.00000,21.14827,19.30014,-0.4473,9.65516
,December,497.00000,20.99107,15.56913,-0.5412,11.58385
,,,,,,
,Annual Sum or Average,5943.00000,21.15287,20.18385,-0.8733,26.02031
,Minimum of Months,454.00000,20.98489,12.30366,-1.5159,7.91299
,Maximum of Months,514.00000,21.34463,25.48414,-0.3017,51.91776


----------------------------------------------------------------------------------------------------
REPORT:,OccupantComfortDataSummaryMonthly
FOR:,PERIMETER_BOT_ZN_4
Custom Monthly Report

,,PEOPLE OCCUPANT COUNT {HOURS NON-ZERO} [HOURS],PEOPLE AIR TEMPERATURE {FOR HOURS SHOWN} [C],PEOPLE AIR RELATIVE HUMIDITY {FOR HOURS SHOWN} [%],ZONE THERMAL COMFORT FANGER MODEL PMV {FOR HOURS SHOWN} [],ZONE THERMAL COMFORT FANGER MODEL PPD {FOR HOURS SHOWN} [%]
,January,502.00000,20.91474,12.37636,-0.6490,13.97419
,February,454.00000,20.94700,12.67843,-0.6149,13.12597
,March,514.00000,21.01535,16.77362,-0.5219,11.06955
,April,485.00000,21.11108,19.42506,-0.4445,9.57751
,May,508.00000,21.24359,22.76374,-1.4643,49.25777
,June,496.00000,21.25354,24.25382,-1.4017,45.97864
,July,497.00000,21.33133,25.11208,-1.3312,42.52880
,August,514.00000,21.22737,25.24137,-1.3905,45.36235
,September,485.00000,21.23738,25.15725,-1.4464,48.29679
,October,502.00000,21.20469,22.38203,-0.3914,8.84625
,November,489.00000,21.03168,19.47303,-0.5169,10.80710
,December,497.00000,20.92130,15.65063,-0.6103,12.97983
,,,,,,
,Annual Sum or Average,5943.00000,21.12118,20.15785,-0.9016,26.11322
,Minimum of Months,454.00000,20.91474,12.37636,-1.4643,8.84625
,Maximum of Months,514.00000,21.33133,25.24137,-0.3914,49.25777


----------------------------------------------------------------------------------------------------
REPORT:,OccupantComfortDataSummaryMonthly
FOR:,PERIMETER_MID_ZN_3
Custom Monthly Report

,,PEOPLE OCCUPANT COUNT {HOURS NON-ZERO} [HOURS],PEOPLE AIR TEMPERATURE {FOR HOURS SHOWN} [C],PEOPLE AIR RELATIVE HUMIDITY {FOR HOURS SHOWN} [%],ZONE THERMAL COMFORT FANGER MODEL PMV {FOR HOURS SHOWN} [],ZONE THERMAL COMFORT FANGER MODEL PPD {FOR HOURS SHOWN} [%]
,January,502.00000,20.82795,13.25457,-0.6509,14.05932
,February,454.00000,20.86272,13.39610,-0.6258,13.40029
,March,514.00000,20.93779,18.96673,-0.5312,11.17123
,April,485.00000,21.05298,22.21528,-0.4554,9.71233
,May,508.00000,21.14186,26.99273,-1.5226,52.20854
,June,496.00000,21.16330,28.66295,-1.4653,49.15142
,July,497.00000,21.22272,29.72994,-1.4298,47.38009
,August,514.00000,21.12489,29.70592,-1.4843,50.10218
,September,485.00000,21.10863,29.42835,-1.5404,53.12146
,October,502.00000,21.06139,26.53806,-0.4423,9.48450
,November,489.00000,20.92193,22.70556,-0.5411,11.30343
,December,497.00000,20.82653,16.99335,-0.6244,13.39859
,,,,,,
,Annual Sum or Average,5943.00000,21.02223,23.28391,-0.9461,28.01734
,Minimum of Months,454.00000,20.82653,13.25457,-1.5404,9.48450
,Maximum of Months,514.00000,21.22272,29.72994,-0.4423,53.12146


----------------------------------------------------------------------------------------------------
REPORT:,OccupantComfortDataSummaryMonthly
FOR:,PERIMETER_MID_ZN_2
Custom Monthly Report

,,PEOPLE OCCUPANT COUNT {HOURS NON-ZERO} [HOURS],PEOPLE AIR TEMPERATURE {FOR HOURS SHOWN} [C],PEOPLE AIR RELATIVE HUMIDITY {FOR HOURS SHOWN} [%],ZONE THERMAL COMFORT FANGER MODEL PMV {FOR HOURS SHOWN} [],ZONE THERMAL COMFORT FANGER MODEL PPD {FOR HOURS SHOWN} [%]
,January,427.00000,20.90517,13.33305,-0.6184,13.19719
,February,385.00000,20.92997,13.60212,-0.5936,12.59417
,March,433.00000,21.03960,19.08022,-0.4764,10.29439
,April,410.00000,21.15520,22.53379,-0.3848,8.83182
,May,430.00000,21.24705,27.57249,-1.3988,45.98280
,June,418.00000,21.26553,29.41383,-1.3453,43.32320
,July,422.00000,21.33763,30.58773,-1.3035,41.40897
,August,433.00000,21.22439,30.55614,-1.3646,44.20048
,September,410.00000,21.21416,30.22412,-1.4453,48.34339
,October,427.00000,21.17533,27.04058,-0.3885,8.89844
,November,417.00000,20.98081,22.97746,-0.5184,10.85618
,December,422.00000,20.89432,17.09581,-0.6012,12.81192
,,,,,,
,Annual Sum or Average,5034.00000,21.11527,23.72961,-0.8720,25.15130
,Minimum of Months,385.00000,20.89432,13.33305,-1.4453,8.83182
,Maximum of Months,433.00000,21.33763,30.58773,-0.3848,48.34339


----------------------------------------------------------------------------------------------------
REPORT:,OccupantComfortDataSummaryMonthly
FOR:,PERIMETER_MID_ZN_1
Custom Monthly Report

,,PEOPLE OCCUPANT COUNT {HOURS NON-ZERO} [HOURS],PEOPLE AIR TEMPERATURE {FOR HOURS SHOWN} [C],PEOPLE AIR RELATIVE HUMIDITY {FOR HOURS SHOWN} [%],ZONE THERMAL COMFORT FANGER MODEL PMV {FOR HOURS SHOWN} [],ZONE THERMAL COMFORT FANGER MODEL PPD {FOR HOURS SHOWN} [%]
,January,502.00000,20.97182,13.13701,-0.5358,11.62861
,February,454.00000,20.98506,13.29649,-0.5172,11.20768
,March,514.00000,21.05040,18.84409,-0.4170,9.36608
,April,485.00000,21.12965,22.11574,-0.3740,8.60889
,May,508.00000,21.18479,26.93956,-1.4499,48.45096
,June,496.00000,21.17435,28.68116,-1.4283,47.23028
,July,497.00000,21.23763,29.75744,-1.3799,44.83689
,August,514.00000,21.16232,29.67809,-1.3889,45.19165
,September,485.00000,21.19502,29.29559,-1.4051,46.27303
,October,502.00000,21.20448,26.29088,-0.3280,8.24481
,November,489.00000,21.04907,22.55311,-0.4607,9.96268
,December,497.00000,20.95557,16.86653,-0.5385,11.67827
,,,,,,
,Annual Sum or Average,5943.00000,21.10919,23.18964,-0.8553,25.36164
,Minimum of Months,454.00000,20.95557,13.13701,-1.4499,8.24481
,Maximum of Months,514.00000,21.23763,29.75744,-0.3280,48.45096


----------------------------------------------------------------------------------------------------
REPORT:,OccupantComfortDataSummaryMonthly
FOR:,PERIMETER_MID_ZN_4
Custom Monthly Report

,,PEOPLE OCCUPANT COUNT {HOURS NON-ZERO} [HOURS],PEOPLE AIR TEMPERATURE {FOR HOURS SHOWN} [C],PEOPLE AIR RELATIVE HUMIDITY {FOR HOURS SHOWN} [%],ZONE THERMAL COMFORT FANGER MODEL PMV {FOR HOURS SHOWN} [],ZONE THERMAL COMFORT FANGER MODEL PPD {FOR HOURS SHOWN} [%]
,January,502.00000,20.91934,13.21582,-0.6154,13.13452
,February,454.00000,20.94901,13.35990,-0.5794,12.31814
,March,514.00000,21.02084,18.93155,-0.4687,10.08335
,April,485.00000,21.13222,22.20556,-0.3860,8.78113
,May,508.00000,21.21836,26.97111,-1.4085,46.41120
,June,496.00000,21.21518,28.69935,-1.3661,44.18489
,July,497.00000,21.28430,29.79535,-1.3101,41.56783
,August,514.00000,21.17726,29.75221,-1.3840,45.06666
,September,485.00000,21.17094,29.43628,-1.4554,48.77475
,October,502.00000,21.12827,26.51429,-0.3964,8.92076
,November,489.00000,20.98442,22.71373,-0.5133,10.75400
,December,497.00000,20.91727,16.94149,-0.5941,12.63282
,,,,,,
,Annual Sum or Average,5943.00000,21.09420,23.27967,-0.8761,25.34325
,Minimum of Months,454.00000,20.91727,13.21582,-1.4554,8.78113
,Maximum of Months,514.00000,21.28430,29.79535,-0.3860,48.77475


----------------------------------------------------------------------------------------------------
REPORT:,DXReportMonthly
FOR:,PACU_VAV_BOT COOLING COIL
Custom Monthly Report

,,COOLING COIL TOTAL COOLING ENERGY [J],COOLING COIL ELECTRICITY ENERGY [J],COOLING COIL TOTAL COOLING ENERGY {HOURS NON-ZERO} [HOURS],COOLING COIL SENSIBLE COOLING ENERGY [J],COOLING COIL LATENT COOLING ENERGY [J],COOLING COIL CRANKCASE HEATER ELECTRICITY ENERGY [],COOLING COIL RUNTIME FRACTION {Maximum} [],COOLING COIL RUNTIME FRACTION {TIMESTAMP},COOLING COIL RUNTIME FRACTION {MINIMUM} [],COOLING COIL RUNTIME FRACTION {TIMESTAMP},COOLING COIL TOTAL COOLING RATE {Maximum} [W],COOLING COIL TOTAL COOLING RATE {TIMESTAMP},COOLING COIL SENSIBLE COOLING RATE {Maximum} [W],COOLING COIL SENSIBLE COOLING RATE {TIMESTAMP},COOLING COIL LATENT COOLING RATE {Maximum} [W],COOLING COIL LATENT COOLING RATE {TIMESTAMP},COOLING COIL ELECTRICITY RATE {Maximum} [W],COOLING COIL ELECTRICITY RATE {TIMESTAMP},COOLING COIL CRANKCASE HEATER ELECTRICITY RATE []
,January,0.154300E+13,0.415469E+12,356.49,0.153627E+13,0.672285E+10,0.00,0.30,14-JAN-07:30,0.00,01-JAN-00:10,1316743.42,14-JAN-07:30,1218067.87,11-JAN-16:00,149841.12,14-JAN-07:30,352406.57,14-JAN-07:30,0.00
,February,0.141234E+13,0.380354E+12,327.16,0.140807E+13,0.427116E+10,0.00,0.30,04-FEB-07:30,0.00,01-FEB-00:03,1319164.50,04-FEB-07:30,1211964.73,04-FEB-07:20,138147.30,22-FEB-07:30,353009.33,04-FEB-07:30,0.00
,March,0.169846E+13,0.456792E+12,386.78,0.167463E+13,0.238304E+11,0.00,0.35,29-MAR-06:30,0.00,01-MAR-00:03,1531732.19,29-MAR-06:30,1231683.33,31-MAR-12:00,330461.08,29-MAR-06:30,405335.43,29-MAR-06:30,0.00
,April,0.160603E+13,0.431566E+12,361.96,0.156625E+13,0.397749E+11,0.00,0.41,22-APR-06:20,0.00,01-APR-00:05,1818173.03,22-APR-06:20,1482936.16,30-APR-14:20,611364.54,22-APR-06:20,474033.17,22-APR-06:20,0.00
,May,0.179495E+13,0.484313E+12,385.69,0.169161E+13,0.103335E+12,0.00,0.53,31-MAY-06:10,0.00,01-MAY-00:10,2528042.08,31-MAY-06:10,1584806.79,29-MAY-13:00,1350009.05,31-MAY-06:10,643516.37,31-MAY-06:10,0.00
,June,0.195202E+13,0.530184E+12,415.36,0.178932E+13,0.162697E+12,0.00,0.64,18-JUN-17:02,0.00,01-JUN-00:10,3177040.45,18-JUN-17:02,1640477.56,11-JUN-17:05,1783581.09,17-JUN-05:04,785073.68,18-JUN-17:02,0.00
,July,0.210623E+13,0.583439E+12,435.09,0.190774E+13,0.198486E+12,0.00,0.75,13-JUL-05:04,0.00,01-JUL-00:10,4051931.70,13-JUL-05:04,1675512.62,04-JUL-19:20,2561516.48,13-JUL-05:04,955541.82,13-JUL-05:04,0.00
,August,0.215016E+13,0.583464E+12,448.60,0.193035E+13,0.219814E+12,0.00,0.70,16-AUG-05:04,0.00,01-AUG-00:10,3619130.59,16-AUG-05:04,1539522.69,27-AUG-11:46,2183833.10,16-AUG-05:04,873859.57,16-AUG-05:04,0.00
,September,0.182603E+13,0.491737E+12,387.42,0.166041E+13,0.165622E+12,0.00,0.73,02-SEP-05:04,0.00,01-SEP-00:10,3907510.35,02-SEP-05:04,1596196.51,04-SEP-14:50,2417519.97,02-SEP-05:04,928733.42,02-SEP-05:04,0.00
,October,0.165005E+13,0.442667E+12,362.39,0.157528E+13,0.747684E+11,0.00,0.46,05-OCT-05:06,0.00,01-OCT-00:10,2101001.64,05-OCT-05:06,1240041.17,02-OCT-16:00,1056513.66,05-OCT-05:06,543623.49,05-OCT-05:06,0.00
,November,0.154028E+13,0.413890E+12,345.67,0.150159E+13,0.386976E+11,0.00,0.39,01-NOV-06:30,0.00,01-NOV-00:10,1708653.92,01-NOV-06:30,1267170.15,09-NOV-07:20,496992.10,01-NOV-06:30,448007.79,01-NOV-06:30,0.00
,December,0.153571E+13,0.413240E+12,351.54,0.152049E+13,0.152191E+11,0.00,0.40,05-DEC-07:30,0.00,01-DEC-00:03,1753142.56,05-DEC-07:30,1225802.69,14-DEC-07:20,555867.84,05-DEC-07:30,458615.31,05-DEC-07:30,0.00
,,,,,,,,,,,,,,,,,,,,
,Annual Sum or Average,0.208152E+14,0.562711E+13,4564.16,0.197620E+14,0.105324E+13,0.00,,,,,,,,,,,,,0.00
,Minimum of Months,0.141234E+13,0.380354E+12,327.16,0.140807E+13,0.427116E+10,0.00,0.30,,0.00,,1316743.42,,1211964.73,,138147.30,,352406.57,,0.00
,Maximum of Months,0.215016E+13,0.583464E+12,448.60,0.193035E+13,0.219814E+12,0.00,0.75,,0.00,,4051931.70,,1675512.62,,2561516.48,,955541.82,,0.00


----------------------------------------------------------------------------------------------------
REPORT:,DXReportMonthly
FOR:,PACU_VAV_MID COOLING COIL
Custom Monthly Report

,,COOLING COIL TOTAL COOLING ENERGY [J],COOLING COIL ELECTRICITY ENERGY [J],COOLING COIL TOTAL COOLING ENERGY {HOURS NON-ZERO} [HOURS],COOLING COIL SENSIBLE COOLING ENERGY [J],COOLING COIL LATENT COOLING ENERGY [J],COOLING COIL CRANKCASE HEATER ELECTRICITY ENERGY [],COOLING COIL RUNTIME FRACTION {Maximum} [],COOLING COIL RUNTIME FRACTION {TIMESTAMP},COOLING COIL RUNTIME FRACTION {MINIMUM} [],COOLING COIL RUNTIME FRACTION {TIMESTAMP},COOLING COIL TOTAL COOLING RATE {Maximum} [W],COOLING COIL TOTAL COOLING RATE {TIMESTAMP},COOLING COIL SENSIBLE COOLING RATE {Maximum} [W],COOLING COIL SENSIBLE COOLING RATE {TIMESTAMP},COOLING COIL LATENT COOLING RATE {Maximum} [W],COOLING COIL LATENT COOLING RATE {TIMESTAMP},COOLING COIL ELECTRICITY RATE {Maximum} [W],COOLING COIL ELECTRICITY RATE {TIMESTAMP},COOLING COIL CRANKCASE HEATER ELECTRICITY RATE []
,January,0.179511E+13,0.478860E+12,356.67,0.179302E+13,0.208449E+10,0.00,0.33,11-JAN-18:00,0.00,01-JAN-00:10,1439144.07,11-JAN-18:00,1429931.14,11-JAN-15:10,88319.45,14-JAN-07:30,383090.61,11-JAN-18:00,0.00
,February,0.164576E+13,0.439045E+12,327.25,0.164458E+13,0.117999E+10,0.00,0.33,04-FEB-07:30,0.00,01-FEB-00:03,1457032.00,04-FEB-07:30,1426290.12,04-FEB-15:10,73694.61,22-FEB-07:30,387492.65,04-FEB-07:30,0.00
,March,0.196881E+13,0.524653E+12,387.08,0.195437E+13,0.144345E+11,0.00,0.38,29-MAR-06:30,0.00,01-MAR-00:03,1696781.92,29-MAR-06:30,1555597.47,18-MAR-17:10,300161.09,29-MAR-06:30,445714.47,29-MAR-06:30,0.00
,April,0.186031E+13,0.495399E+12,363.40,0.183077E+13,0.295419E+11,0.00,0.45,22-APR-06:20,0.00,01-APR-00:05,2042437.89,22-APR-06:20,1628263.76,30-APR-16:02,635762.28,22-APR-06:20,527182.93,22-APR-06:20,0.00
,May,0.208652E+13,0.557933E+12,391.11,0.198635E+13,0.100171E+12,0.00,0.60,31-MAY-06:10,0.00,01-MAY-00:10,2928731.97,31-MAY-06:10,1783376.56,29-MAY-13:55,1550507.55,31-MAY-06:10,732751.52,31-MAY-06:10,0.00
,June,0.225687E+13,0.607347E+12,418.12,0.209228E+13,0.164586E+12,0.00,0.71,18-JUN-17:02,0.00,01-JUN-00:10,3685156.54,18-JUN-17:02,1879239.36,11-JUN-17:03,2085591.06,17-JUN-05:04,891910.15,18-JUN-17:02,0.00
,July,0.241436E+13,0.662753E+12,434.59,0.221389E+13,0.200464E+12,0.00,0.86,13-JUL-05:04,0.00,01-JUL-00:10,4807291.78,13-JUL-05:04,1966835.19,10-JUL-05:04,3057064.46,13-JUL-05:04,1101417.89,13-JUL-05:04,0.00
,August,0.246718E+13,0.663274E+12,448.59,0.224523E+13,0.221950E+12,0.00,0.79,16-AUG-05:04,0.00,01-AUG-00:10,4257209.11,16-AUG-05:04,1731174.85,27-AUG-11:24,2572499.81,16-AUG-05:04,1002351.27,16-AUG-05:04,0.00
,September,0.209340E+13,0.558589E+12,387.61,0.192888E+13,0.164522E+12,0.00,0.83,02-SEP-05:04,0.00,01-SEP-00:10,4619062.60,02-SEP-05:04,1838122.31,04-SEP-13:37,2869262.82,02-SEP-05:04,1068111.91,02-SEP-05:04,0.00
,October,0.189406E+13,0.503671E+12,362.49,0.183058E+13,0.634780E+11,0.00,0.52,05-OCT-05:06,0.00,01-OCT-00:10,2419517.58,05-OCT-05:06,1454891.06,04-OCT-14:10,1200459.29,05-OCT-05:06,617208.65,05-OCT-05:06,0.00
,November,0.177607E+13,0.472997E+12,345.53,0.174842E+13,0.276490E+11,0.00,0.42,01-NOV-06:30,0.00,01-NOV-00:10,1913672.68,01-NOV-06:30,1462440.11,09-NOV-07:20,525083.28,01-NOV-06:10,497167.25,01-NOV-06:30,0.00
,December,0.178380E+13,0.475574E+12,351.88,0.177423E+13,0.957288E+10,0.00,0.43,05-DEC-07:30,0.00,01-DEC-00:03,1951062.96,05-DEC-07:30,1434781.01,04-DEC-15:10,563936.06,05-DEC-07:30,505923.32,05-DEC-07:30,0.00
,,,,,,,,,,,,,,,,,,,,
,Annual Sum or Average,0.240422E+14,0.644010E+13,4574.32,0.230426E+14,0.999633E+12,0.00,,,,,,,,,,,,,0.00
,Minimum of Months,0.164576E+13,0.439045E+12,327.25,0.164458E+13,0.117999E+10,0.00,0.33,,0.00,,1439144.07,,1426290.12,,73694.61,,383090.61,,0.00
,Maximum of Months,0.246718E+13,0.663274E+12,448.59,0.224523E+13,0.221950E+12,0.00,0.86,,0.00,,4807291.78,,1966835.19,,3057064.46,,1101417.89,,0.00


----------------------------------------------------------------------------------------------------
REPORT:,DXReportMonthly
FOR:,PACU_VAV_TOP COOLING COIL
Custom Monthly Report

,,COOLING COIL TOTAL COOLING ENERGY [J],COOLING COIL ELECTRICITY ENERGY [J],COOLING COIL TOTAL COOLING ENERGY {HOURS NON-ZERO} [HOURS],COOLING COIL SENSIBLE COOLING ENERGY [J],COOLING COIL LATENT COOLING ENERGY [J],COOLING COIL CRANKCASE HEATER ELECTRICITY ENERGY [],COOLING COIL RUNTIME FRACTION {Maximum} [],COOLING COIL RUNTIME FRACTION {TIMESTAMP},COOLING COIL RUNTIME FRACTION {MINIMUM} [],COOLING COIL RUNTIME FRACTION {TIMESTAMP},COOLING COIL TOTAL COOLING RATE {Maximum} [W],COOLING COIL TOTAL COOLING RATE {TIMESTAMP},COOLING COIL SENSIBLE COOLING RATE {Maximum} [W],COOLING COIL SENSIBLE COOLING RATE {TIMESTAMP},COOLING COIL LATENT COOLING RATE {Maximum} [W],COOLING COIL LATENT COOLING RATE {TIMESTAMP},COOLING COIL ELECTRICITY RATE {Maximum} [W],COOLING COIL ELECTRICITY RATE {TIMESTAMP},COOLING COIL CRANKCASE HEATER ELECTRICITY RATE []
,January,0.170358E+13,0.456300E+12,357.39,0.169995E+13,0.363315E+10,0.00,0.31,14-JAN-07:30,0.00,01-JAN-00:10,1379623.22,14-JAN-07:30,1350233.82,11-JAN-16:10,113484.35,14-JAN-07:30,368469.43,14-JAN-07:30,0.00
,February,0.156201E+13,0.418404E+12,327.98,0.155988E+13,0.213285E+10,0.00,0.31,04-FEB-07:30,0.00,01-FEB-00:03,1378826.16,04-FEB-07:30,1344895.62,04-FEB-16:00,99986.53,22-FEB-07:30,368271.79,04-FEB-07:30,0.00
,March,0.187265E+13,0.500965E+12,387.49,0.185486E+13,0.177925E+11,0.00,0.36,29-MAR-06:30,0.00,01-MAR-00:03,1627823.22,29-MAR-06:30,1466241.51,18-MAR-17:10,313549.95,29-MAR-06:30,429230.98,29-MAR-06:30,0.00
,April,0.177355E+13,0.474049E+12,363.59,0.174016E+13,0.333824E+11,0.00,0.43,22-APR-06:20,0.00,01-APR-00:05,1954199.46,22-APR-06:20,1626434.07,30-APR-14:21,629992.08,22-APR-06:20,506817.71,22-APR-06:20,0.00
,May,0.199881E+13,0.536403E+12,391.38,0.189476E+13,0.104051E+12,0.00,0.57,31-MAY-06:10,0.00,01-MAY-00:10,2785855.23,31-MAY-06:10,1781917.92,29-MAY-13:53,1480839.66,31-MAY-06:10,702003.74,31-MAY-06:10,0.00
,June,0.216270E+13,0.584177E+12,418.73,0.199874E+13,0.163958E+12,0.00,0.72,18-JUN-16:47,0.00,01-JUN-00:10,3745959.85,18-JUN-16:47,1858135.28,11-JUN-16:55,2055597.22,18-JUN-16:47,904249.44,18-JUN-16:47,0.00
,July,0.233170E+13,0.642302E+12,437.00,0.212972E+13,0.201983E+12,0.00,0.81,13-JUL-05:04,0.00,01-JUL-00:10,4540012.15,13-JUL-05:04,1890928.89,04-JUL-18:53,2882603.54,13-JUL-05:04,1052269.61,13-JUL-05:04,0.00
,August,0.237283E+13,0.640222E+12,449.77,0.215062E+13,0.222215E+12,0.00,0.75,16-AUG-05:04,0.00,01-AUG-00:10,4032235.77,16-AUG-05:04,1706965.40,06-AUG-14:33,2436936.74,16-AUG-05:04,959055.56,16-AUG-05:04,0.00
,September,0.199983E+13,0.535638E+12,386.62,0.183587E+13,0.163963E+12,0.00,0.75,10-SEP-17:03,0.00,01-SEP-00:10,3977791.82,10-SEP-17:03,1840392.56,04-SEP-13:42,2268149.98,07-SEP-05:06,949558.45,10-SEP-17:03,0.00
,October,0.180829E+13,0.482612E+12,362.15,0.174072E+13,0.675684E+11,0.00,0.49,05-OCT-05:06,0.00,01-OCT-00:10,2304379.74,05-OCT-05:06,1378644.07,04-OCT-14:00,1150089.65,05-OCT-05:06,591376.30,05-OCT-05:06,0.00
,November,0.169139E+13,0.452174E+12,345.69,0.165980E+13,0.315936E+11,0.00,0.41,01-NOV-06:30,0.00,01-NOV-00:10,1831289.03,01-NOV-06:30,1364023.48,03-NOV-14:20,512250.57,01-NOV-06:10,477900.62,01-NOV-06:30,0.00
,December,0.169301E+13,0.453190E+12,352.25,0.168202E+13,0.109931E+11,0.00,0.41,05-DEC-07:30,0.00,01-DEC-00:03,1869653.19,05-DEC-07:30,1353422.76,04-DEC-15:00,562327.51,05-DEC-07:30,486965.16,05-DEC-07:30,0.00
,,,,,,,,,,,,,,,,,,,,
,Annual Sum or Average,0.229704E+14,0.617644E+13,4580.04,0.219471E+14,0.102327E+13,0.00,,,,,,,,,,,,,0.00
,Minimum of Months,0.156201E+13,0.418404E+12,327.98,0.155988E+13,0.213285E+10,0.00,0.31,,0.00,,1378826.16,,1344895.62,,99986.53,,368271.79,,0.00
,Maximum of Months,0.237283E+13,0.642302E+12,449.77,0.215062E+13,0.222215E+12,0.00,0.81,,0.00,,4540012.15,,1890928.89,,2882603.54,,1052269.61,,0.00


----------------------------------------------------------------------------------------------------
REPORT:,WindowReportMonthly
FOR:,PERIMETER_TOP_ZN_3_WALL_NORTH_WINDOW
Custom Monthly Report

,,SURFACE WINDOW TRANSMITTED SOLAR RADIATION RATE [W],SURFACE WINDOW TRANSMITTED BEAM SOLAR RADIATION RATE [W],SURFACE WINDOW TRANSMITTED DIFFUSE SOLAR RADIATION RATE [W],SURFACE WINDOW HEAT GAIN RATE [W],SURFACE WINDOW HEAT LOSS RATE [W],SURFACE WINDOW INSIDE FACE GLAZING CONDENSATION STATUS {HOURS NON-ZERO} [HOURS],SURFACE SHADING DEVICE IS ON TIME FRACTION {HOURS NON-ZERO} [HOURS],SURFACE STORM WINDOW ON OFF STATUS {HOURS NON-ZERO} [HOURS]
,January,541.67,0.00,541.67,473.69,348.80,0.00,0.00,0.00
,February,848.58,0.00,848.58,806.82,353.29,0.00,0.00,0.00
,March,1088.50,0.00,1088.50,1140.43,239.97,0.00,0.00,0.00
,April,1329.17,5.63,1323.54,1468.10,159.80,0.00,0.00,0.00
,May,1568.32,67.43,1500.89,1842.46,97.40,0.00,0.00,0.00
,June,1764.35,157.10,1607.25,2148.82,57.91,0.00,0.00,0.00
,July,1702.53,120.66,1581.87,2113.71,37.07,0.00,0.00,0.00
,August,1455.23,23.56,1431.67,1780.80,47.93,0.00,0.00,0.00
,September,1095.06,0.23,1094.82,1296.13,83.91,0.00,0.00,0.00
,October,855.26,0.00,855.26,955.18,148.47,0.00,0.00,0.00
,November,588.79,0.00,588.79,589.30,233.06,0.00,0.00,0.00
,December,497.78,0.00,497.78,441.77,325.65,0.00,0.00,0.00
,,,,,,,,,
,Annual Sum or Average,1112.52,31.37,1081.15,1257.13,176.81,0.00,0.00,0.00
,Minimum of Months,497.78,0.00,497.78,441.77,37.07,0.00,0.00,0.00
,Maximum of Months,1764.35,157.10,1607.25,2148.82,353.29,0.00,0.00,0.00


----------------------------------------------------------------------------------------------------
REPORT:,WindowReportMonthly
FOR:,PERIMETER_TOP_ZN_2_WALL_EAST_WINDOW
Custom Monthly Report

,,SURFACE WINDOW TRANSMITTED SOLAR RADIATION RATE [W],SURFACE WINDOW TRANSMITTED BEAM SOLAR RADIATION RATE [W],SURFACE WINDOW TRANSMITTED DIFFUSE SOLAR RADIATION RATE [W],SURFACE WINDOW HEAT GAIN RATE [W],SURFACE WINDOW HEAT LOSS RATE [W],SURFACE WINDOW INSIDE FACE GLAZING CONDENSATION STATUS {HOURS NON-ZERO} [HOURS],SURFACE SHADING DEVICE IS ON TIME FRACTION {HOURS NON-ZERO} [HOURS],SURFACE STORM WINDOW ON OFF STATUS {HOURS NON-ZERO} [HOURS]
,January,665.99,218.24,447.75,688.54,231.91,0.00,0.00,0.00
,February,895.49,204.87,690.63,937.89,234.07,0.00,0.00,0.00
,March,1375.38,483.53,891.85,1550.00,160.05,0.00,0.00,0.00
,April,1739.11,685.94,1053.17,2012.71,107.56,0.00,0.00,0.00
,May,2171.36,978.06,1193.30,2586.65,65.42,0.00,0.00,0.00
,June,2255.28,980.60,1274.68,2729.20,38.93,0.00,0.00,0.00
,July,2181.85,934.22,1247.64,2667.52,24.90,0.00,0.00,0.00
,August,2041.61,851.77,1189.84,2483.55,32.69,0.00,0.00,0.00
,September,1474.64,581.64,893.00,1768.67,56.45,0.00,0.00,0.00
,October,1081.82,389.09,692.73,1260.46,99.35,0.00,0.00,0.00
,November,604.01,142.17,461.84,651.11,155.36,0.00,0.00,0.00
,December,528.26,124.99,403.27,532.97,215.98,0.00,0.00,0.00
,,,,,,,,,
,Annual Sum or Average,1421.09,550.20,870.89,1660.20,117.92,0.00,0.00,0.00
,Minimum of Months,528.26,124.99,403.27,532.97,24.90,0.00,0.00,0.00
,Maximum of Months,2255.28,980.60,1274.68,2729.20,234.07,0.00,0.00,0.00


----------------------------------------------------------------------------------------------------
REPORT:,WindowReportMonthly
FOR:,PERIMETER_TOP_ZN_1_WALL_SOUTH_WINDOW
Custom Monthly Report

,,SURFACE WINDOW TRANSMITTED SOLAR RADIATION RATE [W],SURFACE WINDOW TRANSMITTED BEAM SOLAR RADIATION RATE [W],SURFACE WINDOW TRANSMITTED DIFFUSE SOLAR RADIATION RATE [W],SURFACE WINDOW HEAT GAIN RATE [W],SURFACE WINDOW HEAT LOSS RATE [W],SURFACE WINDOW INSIDE FACE GLAZING CONDENSATION STATUS {HOURS NON-ZERO} [HOURS],SURFACE SHADING DEVICE IS ON TIME FRACTION {HOURS NON-ZERO} [HOURS],SURFACE STORM WINDOW ON OFF STATUS {HOURS NON-ZERO} [HOURS]
,January,2302.81,1333.23,969.58,2587.63,347.21,0.00,0.00,0.00
,February,2568.42,1174.61,1393.82,2881.98,351.00,0.00,0.00,0.00
,March,3118.64,1555.58,1563.06,3620.10,241.18,0.00,0.00,0.00
,April,2739.79,1078.44,1661.35,3230.96,162.93,0.00,0.00,0.00
,May,2453.83,711.48,1742.36,2982.97,98.16,0.00,0.00,0.00
,June,2233.67,469.30,1764.37,2769.69,57.67,0.00,0.00,0.00
,July,2340.22,570.36,1769.86,2944.21,36.77,0.00,0.00,0.00
,August,2786.56,998.80,1787.76,3457.51,48.69,0.00,0.00,0.00
,September,2843.49,1332.54,1510.94,3449.56,86.43,0.00,0.00,0.00
,October,2809.01,1505.51,1303.50,3326.16,150.91,0.00,0.00,0.00
,November,1748.04,800.18,947.86,1986.31,233.67,0.00,0.00,0.00
,December,1710.72,825.17,885.56,1896.95,323.29,0.00,0.00,0.00
,,,,,,,,,
,Annual Sum or Average,2471.34,1029.61,1441.74,2928.97,177.21,0.00,0.00,0.00
,Minimum of Months,1710.72,469.30,885.56,1896.95,36.77,0.00,0.00,0.00
,Maximum of Months,3118.64,1555.58,1787.76,3620.10,351.00,0.00,0.00,0.00


----------------------------------------------------------------------------------------------------
REPORT:,WindowReportMonthly
FOR:,PERIMETER_TOP_ZN_4_WALL_WEST_WINDOW
Custom Monthly Report

,,SURFACE WINDOW TRANSMITTED SOLAR RADIATION RATE [W],SURFACE WINDOW TRANSMITTED BEAM SOLAR RADIATION RATE [W],SURFACE WINDOW TRANSMITTED DIFFUSE SOLAR RADIATION RATE [W],SURFACE WINDOW HEAT GAIN RATE [W],SURFACE WINDOW HEAT LOSS RATE [W],SURFACE WINDOW INSIDE FACE GLAZING CONDENSATION STATUS {HOURS NON-ZERO} [HOURS],SURFACE SHADING DEVICE IS ON TIME FRACTION {HOURS NON-ZERO} [HOURS],SURFACE STORM WINDOW ON OFF STATUS {HOURS NON-ZERO} [HOURS]
,January,570.29,136.41,433.88,571.27,232.39,0.00,0.00,0.00
,February,947.26,246.90,700.37,1002.15,235.76,0.00,0.00,0.00
,March,1417.45,528.63,888.82,1601.06,161.13,0.00,0.00,0.00
,April,1758.98,688.51,1070.46,2037.30,108.82,0.00,0.00,0.00
,May,2117.19,893.09,1224.10,2522.02,67.27,0.00,0.00,0.00
,June,2209.21,932.91,1276.30,2674.76,40.66,0.00,0.00,0.00
,July,2451.80,1153.39,1298.41,2992.69,26.94,0.00,0.00,0.00
,August,2029.63,853.93,1175.70,2469.25,33.98,0.00,0.00,0.00
,September,1470.25,553.65,916.60,1763.92,58.25,0.00,0.00,0.00
,October,1041.12,347.16,693.96,1211.57,100.21,0.00,0.00,0.00
,November,591.54,121.95,469.58,635.75,155.81,0.00,0.00,0.00
,December,490.62,90.47,400.15,488.27,216.99,0.00,0.00,0.00
,,,,,,,,,
,Annual Sum or Average,1427.63,547.72,879.90,1668.36,119.22,0.00,0.00,0.00
,Minimum of Months,490.62,90.47,400.15,488.27,26.94,0.00,0.00,0.00
,Maximum of Months,2451.80,1153.39,1298.41,2992.69,235.76,0.00,0.00,0.00


----------------------------------------------------------------------------------------------------
REPORT:,WindowReportMonthly
FOR:,PERIMETER_BOT_ZN_3_WALL_NORTH_WINDOW1
Custom Monthly Report

,,SURFACE WINDOW TRANSMITTED SOLAR RADIATION RATE [W],SURFACE WINDOW TRANSMITTED BEAM SOLAR RADIATION RATE [W],SURFACE WINDOW TRANSMITTED DIFFUSE SOLAR RADIATION RATE [W],SURFACE WINDOW HEAT GAIN RATE [W],SURFACE WINDOW HEAT LOSS RATE [W],SURFACE WINDOW INSIDE FACE GLAZING CONDENSATION STATUS {HOURS NON-ZERO} [HOURS],SURFACE SHADING DEVICE IS ON TIME FRACTION {HOURS NON-ZERO} [HOURS],SURFACE STORM WINDOW ON OFF STATUS {HOURS NON-ZERO} [HOURS]
,January,180.55,0.00,180.55,158.18,117.01,0.00,0.00,0.00
,February,282.85,0.00,282.85,269.55,118.28,0.00,0.00,0.00
,March,362.82,0.00,362.82,381.43,79.94,0.00,0.00,0.00
,April,443.04,1.88,441.16,490.83,53.13,0.00,0.00,0.00
,May,522.75,22.47,500.27,615.43,32.46,0.00,0.00,0.00
,June,588.09,52.36,535.72,717.18,19.37,0.00,0.00,0.00
,July,567.48,40.22,527.26,705.33,12.44,0.00,0.00,0.00
,August,485.06,7.85,477.20,593.80,16.68,0.00,0.00,0.00
,September,365.00,0.08,364.92,431.71,29.65,0.00,0.00,0.00
,October,285.07,0.00,285.07,317.77,52.12,0.00,0.00,0.00
,November,196.25,0.00,196.25,195.87,79.99,0.00,0.00,0.00
,December,165.92,0.00,165.92,147.13,110.05,0.00,0.00,0.00
,,,,,,,,,
,Annual Sum or Average,370.82,10.46,360.37,419.47,59.77,0.00,0.00,0.00
,Minimum of Months,165.92,0.00,165.92,147.13,12.44,0.00,0.00,0.00
,Maximum of Months,588.09,52.36,535.72,717.18,118.28,0.00,0.00,0.00


----------------------------------------------------------------------------------------------------
REPORT:,WindowReportMonthly
FOR:,PERIMETER_BOT_ZN_3_WALL_NORTH_WINDOW2
Custom Monthly Report

,,SURFACE WINDOW TRANSMITTED SOLAR RADIATION RATE [W],SURFACE WINDOW TRANSMITTED BEAM SOLAR RADIATION RATE [W],SURFACE WINDOW TRANSMITTED DIFFUSE SOLAR RADIATION RATE [W],SURFACE WINDOW HEAT GAIN RATE [W],SURFACE WINDOW HEAT LOSS RATE [W],SURFACE WINDOW INSIDE FACE GLAZING CONDENSATION STATUS {HOURS NON-ZERO} [HOURS],SURFACE SHADING DEVICE IS ON TIME FRACTION {HOURS NON-ZERO} [HOURS],SURFACE STORM WINDOW ON OFF STATUS {HOURS NON-ZERO} [HOURS]
,January,180.56,0.00,180.56,158.19,117.02,0.00,0.00,0.00
,February,282.86,0.00,282.86,269.56,118.29,0.00,0.00,0.00
,March,362.83,0.00,362.83,381.44,79.94,0.00,0.00,0.00
,April,443.05,1.88,441.18,490.85,53.13,0.00,0.00,0.00
,May,522.77,22.47,500.29,615.45,32.46,0.00,0.00,0.00
,June,588.11,52.37,535.75,717.20,19.37,0.00,0.00,0.00
,July,567.50,40.22,527.28,705.36,12.44,0.00,0.00,0.00
,August,485.07,7.85,477.22,593.82,16.68,0.00,0.00,0.00
,September,365.02,0.08,364.94,431.73,29.65,0.00,0.00,0.00
,October,285.08,0.00,285.08,317.79,52.12,0.00,0.00,0.00
,November,196.26,0.00,196.26,195.87,79.99,0.00,0.00,0.00
,December,165.92,0.00,165.92,147.13,110.06,0.00,0.00,0.00
,,,,,,,,,
,Annual Sum or Average,370.84,10.46,360.38,419.49,59.78,0.00,0.00,0.00
,Minimum of Months,165.92,0.00,165.92,147.13,12.44,0.00,0.00,0.00
,Maximum of Months,588.11,52.37,535.75,717.20,118.29,0.00,0.00,0.00


----------------------------------------------------------------------------------------------------
REPORT:,WindowReportMonthly
FOR:,PERIMETER_BOT_ZN_3_WALL_NORTH_WINDOW3
Custom Monthly Report

,,SURFACE WINDOW TRANSMITTED SOLAR RADIATION RATE [W],SURFACE WINDOW TRANSMITTED BEAM SOLAR RADIATION RATE [W],SURFACE WINDOW TRANSMITTED DIFFUSE SOLAR RADIATION RATE [W],SURFACE WINDOW HEAT GAIN RATE [W],SURFACE WINDOW HEAT LOSS RATE [W],SURFACE WINDOW INSIDE FACE GLAZING CONDENSATION STATUS {HOURS NON-ZERO} [HOURS],SURFACE SHADING DEVICE IS ON TIME FRACTION {HOURS NON-ZERO} [HOURS],SURFACE STORM WINDOW ON OFF STATUS {HOURS NON-ZERO} [HOURS]
,January,180.56,0.00,180.56,158.19,117.02,0.00,0.00,0.00
,February,282.86,0.00,282.86,269.56,118.29,0.00,0.00,0.00
,March,362.83,0.00,362.83,381.44,79.94,0.00,0.00,0.00
,April,443.05,1.88,441.18,490.85,53.13,0.00,0.00,0.00
,May,522.77,22.47,500.29,615.45,32.46,0.00,0.00,0.00
,June,588.11,52.37,535.75,717.20,19.37,0.00,0.00,0.00
,July,567.50,40.22,527.28,705.36,12.44,0.00,0.00,0.00
,August,485.07,7.85,477.22,593.82,16.68,0.00,0.00,0.00
,September,365.02,0.08,364.94,431.73,29.65,0.00,0.00,0.00
,October,285.08,0.00,285.08,317.79,52.12,0.00,0.00,0.00
,November,196.26,0.00,196.26,195.87,79.99,0.00,0.00,0.00
,December,165.92,0.00,165.92,147.13,110.06,0.00,0.00,0.00
,,,,,,,,,
,Annual Sum or Average,370.84,10.46,360.38,419.49,59.78,0.00,0.00,0.00
,Minimum of Months,165.92,0.00,165.92,147.13,12.44,0.00,0.00,0.00
,Maximum of Months,588.11,52.37,535.75,717.20,118.29,0.00,0.00,0.00


----------------------------------------------------------------------------------------------------
REPORT:,WindowReportMonthly
FOR:,PERIMETER_BOT_ZN_2_WALL_EAST_WINDOW1
Custom Monthly Report

,,SURFACE WINDOW TRANSMITTED SOLAR RADIATION RATE [W],SURFACE WINDOW TRANSMITTED BEAM SOLAR RADIATION RATE [W],SURFACE WINDOW TRANSMITTED DIFFUSE SOLAR RADIATION RATE [W],SURFACE WINDOW HEAT GAIN RATE [W],SURFACE WINDOW HEAT LOSS RATE [W],SURFACE WINDOW INSIDE FACE GLAZING CONDENSATION STATUS {HOURS NON-ZERO} [HOURS],SURFACE SHADING DEVICE IS ON TIME FRACTION {HOURS NON-ZERO} [HOURS],SURFACE STORM WINDOW ON OFF STATUS {HOURS NON-ZERO} [HOURS]
,January,640.64,209.93,430.71,663.06,225.21,0.00,0.00,0.00
,February,861.42,197.07,664.35,903.47,226.95,0.00,0.00,0.00
,March,1323.05,465.13,857.92,1493.30,155.47,0.00,0.00,0.00
,April,1672.93,659.84,1013.10,1938.53,105.16,0.00,0.00,0.00
,May,2088.74,940.84,1147.90,2490.03,65.18,0.00,0.00,0.00
,June,2169.47,943.29,1226.18,2626.63,39.40,0.00,0.00,0.00
,July,2098.84,898.67,1200.17,2567.07,25.61,0.00,0.00,0.00
,August,1963.92,819.36,1144.57,2389.40,34.75,0.00,0.00,0.00
,September,1418.53,559.50,859.02,1700.82,59.23,0.00,0.00,0.00
,October,1040.66,374.28,666.37,1211.45,102.04,0.00,0.00,0.00
,November,581.02,136.76,444.26,625.37,154.22,0.00,0.00,0.00
,December,508.16,120.23,387.92,512.53,211.00,0.00,0.00,0.00
,,,,,,,,,
,Annual Sum or Average,1367.02,529.26,837.76,1597.73,116.42,0.00,0.00,0.00
,Minimum of Months,508.16,120.23,387.92,512.53,25.61,0.00,0.00,0.00
,Maximum of Months,2169.47,943.29,1226.18,2626.63,226.95,0.00,0.00,0.00


----------------------------------------------------------------------------------------------------
REPORT:,WindowReportMonthly
FOR:,PERIMETER_BOT_ZN_2_WALL_EAST_WINDOW2
Custom Monthly Report

,,SURFACE WINDOW TRANSMITTED SOLAR RADIATION RATE [W],SURFACE WINDOW TRANSMITTED BEAM SOLAR RADIATION RATE [W],SURFACE WINDOW TRANSMITTED DIFFUSE SOLAR RADIATION RATE [W],SURFACE WINDOW HEAT GAIN RATE [W],SURFACE WINDOW HEAT LOSS RATE [W],SURFACE WINDOW INSIDE FACE GLAZING CONDENSATION STATUS {HOURS NON-ZERO} [HOURS],SURFACE SHADING DEVICE IS ON TIME FRACTION {HOURS NON-ZERO} [HOURS],SURFACE STORM WINDOW ON OFF STATUS {HOURS NON-ZERO} [HOURS]
,January,25.33,8.30,17.03,26.22,8.90,0.00,0.00,0.00
,February,34.06,7.79,26.27,35.72,8.97,0.00,0.00,0.00
,March,52.31,18.39,33.92,59.04,6.15,0.00,0.00,0.00
,April,66.15,26.09,40.06,76.65,4.16,0.00,0.00,0.00
,May,82.59,37.20,45.39,98.45,2.58,0.00,0.00,0.00
,June,85.78,37.30,48.48,103.85,1.56,0.00,0.00,0.00
,July,82.99,35.53,47.45,101.50,1.01,0.00,0.00,0.00
,August,77.65,32.40,45.26,94.47,1.37,0.00,0.00,0.00
,September,56.09,22.12,33.97,67.25,2.34,0.00,0.00,0.00
,October,41.15,14.80,26.35,47.90,4.03,0.00,0.00,0.00
,November,22.97,5.41,17.57,24.73,6.10,0.00,0.00,0.00
,December,20.09,4.75,15.34,20.27,8.34,0.00,0.00,0.00
,,,,,,,,,
,Annual Sum or Average,54.05,20.93,33.12,63.17,4.60,0.00,0.00,0.00
,Minimum of Months,20.09,4.75,15.34,20.27,1.01,0.00,0.00,0.00
,Maximum of Months,85.78,37.30,48.48,103.85,8.97,0.00,0.00,0.00


----------------------------------------------------------------------------------------------------
REPORT:,WindowReportMonthly
FOR:,PERIMETER_BOT_ZN_1_WALL_SOUTH_WINDOW1
Custom Monthly Report

,,SURFACE WINDOW TRANSMITTED SOLAR RADIATION RATE [W],SURFACE WINDOW TRANSMITTED BEAM SOLAR RADIATION RATE [W],SURFACE WINDOW TRANSMITTED DIFFUSE SOLAR RADIATION RATE [W],SURFACE WINDOW HEAT GAIN RATE [W],SURFACE WINDOW HEAT LOSS RATE [W],SURFACE WINDOW INSIDE FACE GLAZING CONDENSATION STATUS {HOURS NON-ZERO} [HOURS],SURFACE SHADING DEVICE IS ON TIME FRACTION {HOURS NON-ZERO} [HOURS],SURFACE STORM WINDOW ON OFF STATUS {HOURS NON-ZERO} [HOURS]
,January,767.59,444.40,323.19,863.02,117.98,0.00,0.00,0.00
,February,856.13,391.53,464.60,961.27,119.18,0.00,0.00,0.00
,March,1039.53,518.52,521.01,1207.76,82.38,0.00,0.00,0.00
,April,913.25,359.47,553.78,1078.13,55.68,0.00,0.00,0.00
,May,817.93,237.15,580.78,995.24,33.78,0.00,0.00,0.00
,June,744.55,156.43,588.12,923.99,19.79,0.00,0.00,0.00
,July,780.06,190.12,589.95,982.00,12.81,0.00,0.00,0.00
,August,928.84,332.93,595.91,1152.64,18.00,0.00,0.00,0.00
,September,947.81,444.17,503.64,1149.51,32.15,0.00,0.00,0.00
,October,936.32,501.83,434.49,1108.22,55.06,0.00,0.00,0.00
,November,582.67,266.72,315.95,661.65,81.40,0.00,0.00,0.00
,December,570.23,275.05,295.18,632.30,110.32,0.00,0.00,0.00
,,,,,,,,,
,Annual Sum or Average,823.77,343.20,480.57,976.69,61.23,0.00,0.00,0.00
,Minimum of Months,570.23,156.43,295.18,632.30,12.81,0.00,0.00,0.00
,Maximum of Months,1039.53,518.52,595.91,1207.76,119.18,0.00,0.00,0.00


----------------------------------------------------------------------------------------------------
REPORT:,WindowReportMonthly
FOR:,PERIMETER_BOT_ZN_1_WALL_SOUTH_WINDOW2
Custom Monthly Report

,,SURFACE WINDOW TRANSMITTED SOLAR RADIATION RATE [W],SURFACE WINDOW TRANSMITTED BEAM SOLAR RADIATION RATE [W],SURFACE WINDOW TRANSMITTED DIFFUSE SOLAR RADIATION RATE [W],SURFACE WINDOW HEAT GAIN RATE [W],SURFACE WINDOW HEAT LOSS RATE [W],SURFACE WINDOW INSIDE FACE GLAZING CONDENSATION STATUS {HOURS NON-ZERO} [HOURS],SURFACE SHADING DEVICE IS ON TIME FRACTION {HOURS NON-ZERO} [HOURS],SURFACE STORM WINDOW ON OFF STATUS {HOURS NON-ZERO} [HOURS]
,January,767.59,444.40,323.19,863.02,117.98,0.00,0.00,0.00
,February,856.13,391.53,464.60,961.27,119.18,0.00,0.00,0.00
,March,1039.53,518.52,521.01,1207.76,82.38,0.00,0.00,0.00
,April,913.25,359.47,553.78,1078.13,55.68,0.00,0.00,0.00
,May,817.93,237.15,580.78,995.24,33.78,0.00,0.00,0.00
,June,744.55,156.43,588.12,923.99,19.79,0.00,0.00,0.00
,July,780.06,190.12,589.95,982.00,12.81,0.00,0.00,0.00
,August,928.84,332.93,595.91,1152.64,18.00,0.00,0.00,0.00
,September,947.81,444.17,503.64,1149.51,32.15,0.00,0.00,0.00
,October,936.32,501.83,434.49,1108.22,55.06,0.00,0.00,0.00
,November,582.67,266.72,315.95,661.65,81.40,0.00,0.00,0.00
,December,570.23,275.05,295.18,632.30,110.32,0.00,0.00,0.00
,,,,,,,,,
,Annual Sum or Average,823.77,343.20,480.57,976.69,61.23,0.00,0.00,0.00
,Minimum of Months,570.23,156.43,295.18,632.30,12.81,0.00,0.00,0.00
,Maximum of Months,1039.53,518.52,595.91,1207.76,119.18,0.00,0.00,0.00


----------------------------------------------------------------------------------------------------
REPORT:,WindowReportMonthly
FOR:,PERIMETER_BOT_ZN_1_WALL_SOUTH_WINDOW3
Custom Monthly Report

,,SURFACE WINDOW TRANSMITTED SOLAR RADIATION RATE [W],SURFACE WINDOW TRANSMITTED BEAM SOLAR RADIATION RATE [W],SURFACE WINDOW TRANSMITTED DIFFUSE SOLAR RADIATION RATE [W],SURFACE WINDOW HEAT GAIN RATE [W],SURFACE WINDOW HEAT LOSS RATE [W],SURFACE WINDOW INSIDE FACE GLAZING CONDENSATION STATUS {HOURS NON-ZERO} [HOURS],SURFACE SHADING DEVICE IS ON TIME FRACTION {HOURS NON-ZERO} [HOURS],SURFACE STORM WINDOW ON OFF STATUS {HOURS NON-ZERO} [HOURS]
,January,767.54,444.37,323.17,862.97,117.97,0.00,0.00,0.00
,February,856.07,391.50,464.57,961.21,119.17,0.00,0.00,0.00
,March,1039.46,518.48,520.98,1207.69,82.37,0.00,0.00,0.00
,April,913.19,359.45,553.74,1078.06,55.67,0.00,0.00,0.00
,May,817.88,237.14,580.74,995.18,33.78,0.00,0.00,0.00
,June,744.50,156.42,588.08,923.93,19.79,0.00,0.00,0.00
,July,780.01,190.10,589.91,981.94,12.81,0.00,0.00,0.00
,August,928.78,332.91,595.88,1152.57,18.00,0.00,0.00,0.00
,September,947.75,444.14,503.61,1149.43,32.15,0.00,0.00,0.00
,October,936.26,501.79,434.47,1108.15,55.06,0.00,0.00,0.00
,November,582.63,266.70,315.93,661.61,81.40,0.00,0.00,0.00
,December,570.20,275.03,295.16,632.26,110.31,0.00,0.00,0.00
,,,,,,,,,
,Annual Sum or Average,823.72,343.17,480.54,976.63,61.22,0.00,0.00,0.00
,Minimum of Months,570.20,156.42,295.16,632.26,12.81,0.00,0.00,0.00
,Maximum of Months,1039.46,518.48,595.88,1207.69,119.17,0.00,0.00,0.00


----------------------------------------------------------------------------------------------------
REPORT:,WindowReportMonthly
FOR:,PERIMETER_BOT_ZN_4_WALL_WEST_WINDOW1
Custom Monthly Report

,,SURFACE WINDOW TRANSMITTED SOLAR RADIATION RATE [W],SURFACE WINDOW TRANSMITTED BEAM SOLAR RADIATION RATE [W],SURFACE WINDOW TRANSMITTED DIFFUSE SOLAR RADIATION RATE [W],SURFACE WINDOW HEAT GAIN RATE [W],SURFACE WINDOW HEAT LOSS RATE [W],SURFACE WINDOW INSIDE FACE GLAZING CONDENSATION STATUS {HOURS NON-ZERO} [HOURS],SURFACE SHADING DEVICE IS ON TIME FRACTION {HOURS NON-ZERO} [HOURS],SURFACE STORM WINDOW ON OFF STATUS {HOURS NON-ZERO} [HOURS]
,January,548.59,131.22,417.38,550.23,225.41,0.00,0.00,0.00
,February,911.22,237.50,673.72,965.30,228.63,0.00,0.00,0.00
,March,1363.52,508.52,855.00,1542.40,156.70,0.00,0.00,0.00
,April,1692.05,662.31,1029.74,1962.36,106.45,0.00,0.00,0.00
,May,2036.64,859.11,1177.53,2427.62,67.50,0.00,0.00,0.00
,June,2125.15,897.41,1227.74,2574.13,41.27,0.00,0.00,0.00
,July,2358.52,1109.51,1249.01,2879.66,28.20,0.00,0.00,0.00
,August,1952.41,821.44,1130.97,2375.49,36.14,0.00,0.00,0.00
,September,1414.31,532.58,881.72,1696.08,61.10,0.00,0.00,0.00
,October,1001.51,333.95,667.56,1164.31,102.89,0.00,0.00,0.00
,November,569.03,117.31,451.72,610.57,154.71,0.00,0.00,0.00
,December,471.95,87.03,384.92,469.54,211.83,0.00,0.00,0.00
,,,,,,,,,
,Annual Sum or Average,1373.31,526.88,846.43,1605.51,117.80,0.00,0.00,0.00
,Minimum of Months,471.95,87.03,384.92,469.54,28.20,0.00,0.00,0.00
,Maximum of Months,2358.52,1109.51,1249.01,2879.66,228.63,0.00,0.00,0.00


----------------------------------------------------------------------------------------------------
REPORT:,WindowReportMonthly
FOR:,PERIMETER_BOT_ZN_4_WALL_WEST_WINDOW2
Custom Monthly Report

,,SURFACE WINDOW TRANSMITTED SOLAR RADIATION RATE [W],SURFACE WINDOW TRANSMITTED BEAM SOLAR RADIATION RATE [W],SURFACE WINDOW TRANSMITTED DIFFUSE SOLAR RADIATION RATE [W],SURFACE WINDOW HEAT GAIN RATE [W],SURFACE WINDOW HEAT LOSS RATE [W],SURFACE WINDOW INSIDE FACE GLAZING CONDENSATION STATUS {HOURS NON-ZERO} [HOURS],SURFACE SHADING DEVICE IS ON TIME FRACTION {HOURS NON-ZERO} [HOURS],SURFACE STORM WINDOW ON OFF STATUS {HOURS NON-ZERO} [HOURS]
,January,21.69,5.19,16.50,21.76,8.91,0.00,0.00,0.00
,February,36.03,9.39,26.64,38.17,9.04,0.00,0.00,0.00
,March,53.91,20.11,33.81,60.98,6.20,0.00,0.00,0.00
,April,66.90,26.19,40.71,77.59,4.21,0.00,0.00,0.00
,May,80.53,33.97,46.56,95.99,2.67,0.00,0.00,0.00
,June,84.03,35.48,48.54,101.78,1.63,0.00,0.00,0.00
,July,93.25,43.87,49.38,113.86,1.12,0.00,0.00,0.00
,August,77.20,32.48,44.72,93.92,1.43,0.00,0.00,0.00
,September,55.92,21.06,34.86,67.06,2.42,0.00,0.00,0.00
,October,39.60,13.20,26.39,46.04,4.07,0.00,0.00,0.00
,November,22.50,4.64,17.86,24.14,6.12,0.00,0.00,0.00
,December,18.66,3.44,15.22,18.57,8.38,0.00,0.00,0.00
,,,,,,,,,
,Annual Sum or Average,54.30,20.83,33.47,63.48,4.66,0.00,0.00,0.00
,Minimum of Months,18.66,3.44,15.22,18.57,1.12,0.00,0.00,0.00
,Maximum of Months,93.25,43.87,49.38,113.86,9.04,0.00,0.00,0.00


----------------------------------------------------------------------------------------------------
REPORT:,WindowReportMonthly
FOR:,PERIMETER_MID_ZN_3_WALL_NORTH_WINDOW
Custom Monthly Report

,,SURFACE WINDOW TRANSMITTED SOLAR RADIATION RATE [W],SURFACE WINDOW TRANSMITTED BEAM SOLAR RADIATION RATE [W],SURFACE WINDOW TRANSMITTED DIFFUSE SOLAR RADIATION RATE [W],SURFACE WINDOW HEAT GAIN RATE [W],SURFACE WINDOW HEAT LOSS RATE [W],SURFACE WINDOW INSIDE FACE GLAZING CONDENSATION STATUS {HOURS NON-ZERO} [HOURS],SURFACE SHADING DEVICE IS ON TIME FRACTION {HOURS NON-ZERO} [HOURS],SURFACE STORM WINDOW ON OFF STATUS {HOURS NON-ZERO} [HOURS]
,January,541.67,0.00,541.67,472.00,353.47,0.00,0.00,0.00
,February,848.58,0.00,848.58,805.11,357.62,0.00,0.00,0.00
,March,1088.50,0.00,1088.50,1139.04,244.14,0.00,0.00,0.00
,April,1329.17,5.63,1323.54,1466.81,163.41,0.00,0.00,0.00
,May,1568.32,67.43,1500.89,1841.21,101.08,0.00,0.00,0.00
,June,1764.35,157.10,1607.25,2148.55,59.87,0.00,0.00,0.00
,July,1702.53,120.66,1581.87,2113.96,38.35,0.00,0.00,0.00
,August,1455.23,23.56,1431.67,1780.74,50.01,0.00,0.00,0.00
,September,1095.06,0.23,1094.82,1295.22,87.43,0.00,0.00,0.00
,October,855.26,0.00,855.26,953.74,153.20,0.00,0.00,0.00
,November,588.79,0.00,588.79,587.61,237.64,0.00,0.00,0.00
,December,497.78,0.00,497.78,440.17,330.29,0.00,0.00,0.00
,,,,,,,,,
,Annual Sum or Average,1112.52,31.37,1081.15,1256.04,180.41,0.00,0.00,0.00
,Minimum of Months,497.78,0.00,497.78,440.17,38.35,0.00,0.00,0.00
,Maximum of Months,1764.35,157.10,1607.25,2148.55,357.62,0.00,0.00,0.00


----------------------------------------------------------------------------------------------------
REPORT:,WindowReportMonthly
FOR:,PERIMETER_MID_ZN_2_WALL_EAST_WINDOW
Custom Monthly Report

,,SURFACE WINDOW TRANSMITTED SOLAR RADIATION RATE [W],SURFACE WINDOW TRANSMITTED BEAM SOLAR RADIATION RATE [W],SURFACE WINDOW TRANSMITTED DIFFUSE SOLAR RADIATION RATE [W],SURFACE WINDOW HEAT GAIN RATE [W],SURFACE WINDOW HEAT LOSS RATE [W],SURFACE WINDOW INSIDE FACE GLAZING CONDENSATION STATUS {HOURS NON-ZERO} [HOURS],SURFACE SHADING DEVICE IS ON TIME FRACTION {HOURS NON-ZERO} [HOURS],SURFACE STORM WINDOW ON OFF STATUS {HOURS NON-ZERO} [HOURS]
,January,665.99,218.24,447.75,686.96,234.80,0.00,0.00,0.00
,February,895.49,204.87,690.63,936.28,236.77,0.00,0.00,0.00
,March,1375.38,483.53,891.85,1548.45,162.70,0.00,0.00,0.00
,April,1739.11,685.94,1053.17,2011.23,109.94,0.00,0.00,0.00
,May,2171.36,978.06,1193.30,2584.90,67.92,0.00,0.00,0.00
,June,2255.28,980.60,1274.68,2727.93,40.31,0.00,0.00,0.00
,July,2181.85,934.22,1247.64,2666.62,25.83,0.00,0.00,0.00
,August,2041.61,851.77,1189.84,2482.50,34.13,0.00,0.00,0.00
,September,1474.64,581.64,893.00,1767.39,58.77,0.00,0.00,0.00
,October,1081.82,389.09,692.73,1258.95,102.42,0.00,0.00,0.00
,November,604.01,142.17,461.84,649.50,158.17,0.00,0.00,0.00
,December,528.26,124.99,403.27,531.41,218.86,0.00,0.00,0.00
,,,,,,,,,
,Annual Sum or Average,1421.09,550.20,870.89,1658.77,120.25,0.00,0.00,0.00
,Minimum of Months,528.26,124.99,403.27,531.41,25.83,0.00,0.00,0.00
,Maximum of Months,2255.28,980.60,1274.68,2727.93,236.77,0.00,0.00,0.00


----------------------------------------------------------------------------------------------------
REPORT:,WindowReportMonthly
FOR:,PERIMETER_MID_ZN_1_WALL_SOUTH_WINDOW
Custom Monthly Report

,,SURFACE WINDOW TRANSMITTED SOLAR RADIATION RATE [W],SURFACE WINDOW TRANSMITTED BEAM SOLAR RADIATION RATE [W],SURFACE WINDOW TRANSMITTED DIFFUSE SOLAR RADIATION RATE [W],SURFACE WINDOW HEAT GAIN RATE [W],SURFACE WINDOW HEAT LOSS RATE [W],SURFACE WINDOW INSIDE FACE GLAZING CONDENSATION STATUS {HOURS NON-ZERO} [HOURS],SURFACE SHADING DEVICE IS ON TIME FRACTION {HOURS NON-ZERO} [HOURS],SURFACE STORM WINDOW ON OFF STATUS {HOURS NON-ZERO} [HOURS]
,January,2302.81,1333.23,969.58,2586.41,351.62,0.00,0.00,0.00
,February,2568.42,1174.61,1393.82,2880.71,355.19,0.00,0.00,0.00
,March,3118.64,1555.58,1563.06,3619.37,245.41,0.00,0.00,0.00
,April,2739.79,1078.44,1661.35,3230.22,166.75,0.00,0.00,0.00
,May,2453.83,711.48,1742.36,2982.07,102.00,0.00,0.00,0.00
,June,2233.67,469.30,1764.37,2769.57,59.73,0.00,0.00,0.00
,July,2340.22,570.36,1769.86,2944.62,38.11,0.00,0.00,0.00
,August,2786.56,998.80,1787.76,3457.82,50.80,0.00,0.00,0.00
,September,2843.49,1332.54,1510.94,3449.19,89.93,0.00,0.00,0.00
,October,2809.01,1505.51,1303.50,3325.35,155.85,0.00,0.00,0.00
,November,1748.04,800.18,947.86,1985.05,238.16,0.00,0.00,0.00
,December,1710.72,825.17,885.56,1895.63,327.75,0.00,0.00,0.00
,,,,,,,,,
,Annual Sum or Average,2471.34,1029.61,1441.74,2928.30,180.82,0.00,0.00,0.00
,Minimum of Months,1710.72,469.30,885.56,1895.63,38.11,0.00,0.00,0.00
,Maximum of Months,3118.64,1555.58,1787.76,3619.37,355.19,0.00,0.00,0.00


----------------------------------------------------------------------------------------------------
REPORT:,WindowReportMonthly
FOR:,PERIMETER_MID_ZN_4_WALL_WEST_WINDOW
Custom Monthly Report

,,SURFACE WINDOW TRANSMITTED SOLAR RADIATION RATE [W],SURFACE WINDOW TRANSMITTED BEAM SOLAR RADIATION RATE [W],SURFACE WINDOW TRANSMITTED DIFFUSE SOLAR RADIATION RATE [W],SURFACE WINDOW HEAT GAIN RATE [W],SURFACE WINDOW HEAT LOSS RATE [W],SURFACE WINDOW INSIDE FACE GLAZING CONDENSATION STATUS {HOURS NON-ZERO} [HOURS],SURFACE SHADING DEVICE IS ON TIME FRACTION {HOURS NON-ZERO} [HOURS],SURFACE STORM WINDOW ON OFF STATUS {HOURS NON-ZERO} [HOURS]
,January,570.29,136.41,433.88,570.23,235.29,0.00,0.00,0.00
,February,947.26,246.90,700.37,1001.17,238.47,0.00,0.00,0.00
,March,1417.45,528.63,888.82,1600.36,163.85,0.00,0.00,0.00
,April,1758.98,688.51,1070.46,2036.68,111.34,0.00,0.00,0.00
,May,2117.19,893.09,1224.10,2521.42,69.82,0.00,0.00,0.00
,June,2209.21,932.91,1276.30,2674.78,41.99,0.00,0.00,0.00
,July,2451.80,1153.39,1298.41,2993.08,27.84,0.00,0.00,0.00
,August,2029.63,853.93,1175.70,2469.43,35.39,0.00,0.00,0.00
,September,1470.25,553.65,916.60,1763.51,60.54,0.00,0.00,0.00
,October,1041.12,347.16,693.96,1210.76,103.37,0.00,0.00,0.00
,November,591.54,121.95,469.58,634.71,158.68,0.00,0.00,0.00
,December,490.62,90.47,400.15,487.26,219.86,0.00,0.00,0.00
,,,,,,,,,
,Annual Sum or Average,1427.63,547.72,879.90,1667.81,121.57,0.00,0.00,0.00
,Minimum of Months,490.62,90.47,400.15,487.26,27.84,0.00,0.00,0.00
,Maximum of Months,2451.80,1153.39,1298.41,2993.08,238.47,0.00,0.00,0.00


----------------------------------------------------------------------------------------------------
REPORT:,WindowEnergyReportMonthly
FOR:,PERIMETER_TOP_ZN_3_WALL_NORTH_WINDOW
Custom Monthly Report

,,SURFACE WINDOW TRANSMITTED SOLAR RADIATION ENERGY [J],SURFACE WINDOW TRANSMITTED BEAM SOLAR RADIATION ENERGY [J],SURFACE WINDOW TRANSMITTED DIFFUSE SOLAR RADIATION ENERGY [J],SURFACE WINDOW HEAT GAIN ENERGY [J],SURFACE WINDOW HEAT LOSS ENERGY [J]
,January,0.145082E+10,0.00,0.145082E+10,0.126873E+10,0.934233E+09
,February,0.205287E+10,0.00,0.205287E+10,0.195186E+10,0.854679E+09
,March,0.291544E+10,0.00,0.291544E+10,0.305452E+10,0.642728E+09
,April,0.344522E+10,14601863.52,0.343062E+10,0.380531E+10,0.414213E+09
,May,0.420058E+10,0.180595E+09,0.401999E+10,0.493486E+10,0.260876E+09
,June,0.457319E+10,0.407202E+09,0.416598E+10,0.556975E+10,0.150095E+09
,July,0.456004E+10,0.323174E+09,0.423687E+10,0.566137E+10,99284562.92
,August,0.389770E+10,63101841.36,0.383460E+10,0.476970E+10,0.128389E+09
,September,0.283839E+10,601129.80,0.283778E+10,0.335956E+10,0.217502E+09
,October,0.229073E+10,0.00,0.229073E+10,0.255836E+10,0.397665E+09
,November,0.152614E+10,0.00,0.152614E+10,0.152747E+10,0.604091E+09
,December,0.133325E+10,0.00,0.133325E+10,0.118322E+10,0.872217E+09
,,,,,,
,Annual Sum or Average,0.350844E+11,0.989275E+09,0.340951E+11,0.396447E+11,0.557597E+10
,Minimum of Months,0.133325E+10,0.00,0.133325E+10,0.118322E+10,99284562.92
,Maximum of Months,0.457319E+10,0.407202E+09,0.423687E+10,0.566137E+10,0.934233E+09


----------------------------------------------------------------------------------------------------
REPORT:,WindowEnergyReportMonthly
FOR:,PERIMETER_TOP_ZN_2_WALL_EAST_WINDOW
Custom Monthly Report

,,SURFACE WINDOW TRANSMITTED SOLAR RADIATION ENERGY [J],SURFACE WINDOW TRANSMITTED BEAM SOLAR RADIATION ENERGY [J],SURFACE WINDOW TRANSMITTED DIFFUSE SOLAR RADIATION ENERGY [J],SURFACE WINDOW HEAT GAIN ENERGY [J],SURFACE WINDOW HEAT LOSS ENERGY [J]
,January,0.178378E+10,0.584521E+09,0.119925E+10,0.184419E+10,0.621136E+09
,February,0.216638E+10,0.495614E+09,0.167076E+10,0.226893E+10,0.566263E+09
,March,0.368382E+10,0.129509E+10,0.238873E+10,0.415151E+10,0.428680E+09
,April,0.450777E+10,0.177796E+10,0.272981E+10,0.521694E+10,0.278795E+09
,May,0.581578E+10,0.261964E+10,0.319614E+10,0.692809E+10,0.175221E+09
,June,0.584570E+10,0.254172E+10,0.330398E+10,0.707409E+10,0.100899E+09
,July,0.584388E+10,0.250221E+10,0.334167E+10,0.714467E+10,66693728.59
,August,0.546824E+10,0.228138E+10,0.318686E+10,0.665195E+10,87568222.48
,September,0.382226E+10,0.150760E+10,0.231466E+10,0.458439E+10,0.146308E+09
,October,0.289754E+10,0.104213E+10,0.185541E+10,0.337603E+10,0.266109E+09
,November,0.156559E+10,0.368506E+09,0.119708E+10,0.168769E+10,0.402687E+09
,December,0.141488E+10,0.334771E+09,0.108011E+10,0.142750E+10,0.578486E+09
,,,,,,
,Annual Sum or Average,0.448156E+11,0.173512E+11,0.274645E+11,0.523560E+11,0.371885E+10
,Minimum of Months,0.141488E+10,0.334771E+09,0.108011E+10,0.142750E+10,66693728.59
,Maximum of Months,0.584570E+10,0.261964E+10,0.334167E+10,0.714467E+10,0.621136E+09


----------------------------------------------------------------------------------------------------
REPORT:,WindowEnergyReportMonthly
FOR:,PERIMETER_TOP_ZN_1_WALL_SOUTH_WINDOW
Custom Monthly Report

,,SURFACE WINDOW TRANSMITTED SOLAR RADIATION ENERGY [J],SURFACE WINDOW TRANSMITTED BEAM SOLAR RADIATION ENERGY [J],SURFACE WINDOW TRANSMITTED DIFFUSE SOLAR RADIATION ENERGY [J],SURFACE WINDOW HEAT GAIN ENERGY [J],SURFACE WINDOW HEAT LOSS ENERGY [J]
,January,0.616784E+10,0.357092E+10,0.259691E+10,0.693071E+10,0.929972E+09
,February,0.621353E+10,0.284161E+10,0.337192E+10,0.697210E+10,0.849146E+09
,March,0.835296E+10,0.416646E+10,0.418650E+10,0.969607E+10,0.645965E+09
,April,0.710153E+10,0.279531E+10,0.430622E+10,0.837464E+10,0.422315E+09
,May,0.657235E+10,0.190562E+10,0.466673E+10,0.798959E+10,0.262909E+09
,June,0.578968E+10,0.121642E+10,0.457326E+10,0.717903E+10,0.149485E+09
,July,0.626804E+10,0.152765E+10,0.474039E+10,0.788578E+10,98483186.42
,August,0.746353E+10,0.267519E+10,0.478833E+10,0.926060E+10,0.130402E+09
,September,0.737032E+10,0.345396E+10,0.391637E+10,0.894125E+10,0.224016E+09
,October,0.752365E+10,0.403236E+10,0.349129E+10,0.890880E+10,0.404192E+09
,November,0.453092E+10,0.207406E+10,0.245685E+10,0.514852E+10,0.605661E+09
,December,0.458200E+10,0.221012E+10,0.237188E+10,0.508078E+10,0.865900E+09
,,,,,,
,Annual Sum or Average,0.779363E+11,0.324697E+11,0.454666E+11,0.923679E+11,0.558845E+10
,Minimum of Months,0.453092E+10,0.121642E+10,0.237188E+10,0.508078E+10,98483186.42
,Maximum of Months,0.835296E+10,0.416646E+10,0.478833E+10,0.969607E+10,0.929972E+09


----------------------------------------------------------------------------------------------------
REPORT:,WindowEnergyReportMonthly
FOR:,PERIMETER_TOP_ZN_4_WALL_WEST_WINDOW
Custom Monthly Report

,,SURFACE WINDOW TRANSMITTED SOLAR RADIATION ENERGY [J],SURFACE WINDOW TRANSMITTED BEAM SOLAR RADIATION ENERGY [J],SURFACE WINDOW TRANSMITTED DIFFUSE SOLAR RADIATION ENERGY [J],SURFACE WINDOW HEAT GAIN ENERGY [J],SURFACE WINDOW HEAT LOSS ENERGY [J]
,January,0.152747E+10,0.365355E+09,0.116212E+10,0.153009E+10,0.622434E+09
,February,0.229162E+10,0.597290E+09,0.169433E+10,0.242440E+10,0.570339E+09
,March,0.379651E+10,0.141589E+10,0.238062E+10,0.428828E+10,0.431572E+09
,April,0.455927E+10,0.178462E+10,0.277465E+10,0.528067E+10,0.282060E+09
,May,0.567069E+10,0.239206E+10,0.327863E+10,0.675497E+10,0.180169E+09
,June,0.572627E+10,0.241811E+10,0.330816E+10,0.693299E+10,0.105390E+09
,July,0.656691E+10,0.308925E+10,0.347766E+10,0.801563E+10,72162509.68
,August,0.543616E+10,0.228716E+10,0.314900E+10,0.661364E+10,91021478.33
,September,0.381088E+10,0.143506E+10,0.237582E+10,0.457207E+10,0.150979E+09
,October,0.278853E+10,0.929830E+09,0.185870E+10,0.324506E+10,0.268391E+09
,November,0.153326E+10,0.316107E+09,0.121716E+10,0.164786E+10,0.403871E+09
,December,0.131406E+10,0.242312E+09,0.107175E+10,0.130777E+10,0.581196E+09
,,,,,,
,Annual Sum or Average,0.450216E+11,0.172730E+11,0.277486E+11,0.526135E+11,0.375958E+10
,Minimum of Months,0.131406E+10,0.242312E+09,0.107175E+10,0.130777E+10,72162509.68
,Maximum of Months,0.656691E+10,0.308925E+10,0.347766E+10,0.801563E+10,0.622434E+09


----------------------------------------------------------------------------------------------------
REPORT:,WindowEnergyReportMonthly
FOR:,PERIMETER_BOT_ZN_3_WALL_NORTH_WINDOW1
Custom Monthly Report

,,SURFACE WINDOW TRANSMITTED SOLAR RADIATION ENERGY [J],SURFACE WINDOW TRANSMITTED BEAM SOLAR RADIATION ENERGY [J],SURFACE WINDOW TRANSMITTED DIFFUSE SOLAR RADIATION ENERGY [J],SURFACE WINDOW HEAT GAIN ENERGY [J],SURFACE WINDOW HEAT LOSS ENERGY [J]
,January,0.483582E+09,0.00,0.483582E+09,0.423682E+09,0.313396E+09
,February,0.684259E+09,0.00,0.684259E+09,0.652107E+09,0.286143E+09
,March,0.971768E+09,0.00,0.971768E+09,0.102161E+10,0.214107E+09
,April,0.114835E+10,4867057.56,0.114348E+10,0.127224E+10,0.137716E+09
,May,0.140013E+10,60195334.13,0.133993E+10,0.164837E+10,86946952.54
,June,0.152432E+10,0.135727E+09,0.138860E+10,0.185892E+10,50200940.91
,July,0.151994E+10,0.107720E+09,0.141222E+10,0.188916E+10,33309239.03
,August,0.129917E+10,21032951.96,0.127814E+10,0.159043E+10,44674826.02
,September,0.946084E+09,200367.12,0.945883E+09,0.111900E+10,76845304.31
,October,0.763540E+09,0.00,0.763540E+09,0.851126E+09,0.139597E+09
,November,0.508689E+09,0.00,0.508689E+09,0.507692E+09,0.207324E+09
,December,0.444395E+09,0.00,0.444395E+09,0.394070E+09,0.294770E+09
,,,,,,
,Annual Sum or Average,0.116942E+11,0.329743E+09,0.113645E+11,0.132284E+11,0.188503E+10
,Minimum of Months,0.444395E+09,0.00,0.444395E+09,0.394070E+09,33309239.03
,Maximum of Months,0.152432E+10,0.135727E+09,0.141222E+10,0.188916E+10,0.313396E+09


----------------------------------------------------------------------------------------------------
REPORT:,WindowEnergyReportMonthly
FOR:,PERIMETER_BOT_ZN_3_WALL_NORTH_WINDOW2
Custom Monthly Report

,,SURFACE WINDOW TRANSMITTED SOLAR RADIATION ENERGY [J],SURFACE WINDOW TRANSMITTED BEAM SOLAR RADIATION ENERGY [J],SURFACE WINDOW TRANSMITTED DIFFUSE SOLAR RADIATION ENERGY [J],SURFACE WINDOW HEAT GAIN ENERGY [J],SURFACE WINDOW HEAT LOSS ENERGY [J]
,January,0.483600E+09,0.00,0.483600E+09,0.423694E+09,0.313415E+09
,February,0.684284E+09,0.00,0.684284E+09,0.652126E+09,0.286161E+09
,March,0.971805E+09,0.00,0.971805E+09,0.102165E+10,0.214120E+09
,April,0.114840E+10,4867188.39,0.114353E+10,0.127228E+10,0.137725E+09
,May,0.140018E+10,60196952.19,0.133999E+10,0.164843E+10,86951923.55
,June,0.152438E+10,0.135731E+09,0.138865E+10,0.185899E+10,50203659.26
,July,0.152000E+10,0.107723E+09,0.141228E+10,0.188923E+10,33310867.27
,August,0.129922E+10,21033517.33,0.127819E+10,0.159049E+10,44677087.84
,September,0.946120E+09,200372.50,0.945920E+09,0.111904E+10,76849626.44
,October,0.763569E+09,0.00,0.763569E+09,0.851156E+09,0.139605E+09
,November,0.508708E+09,0.00,0.508708E+09,0.507707E+09,0.207336E+09
,December,0.444411E+09,0.00,0.444411E+09,0.394080E+09,0.294788E+09
,,,,,,
,Annual Sum or Average,0.116947E+11,0.329752E+09,0.113649E+11,0.132289E+11,0.188514E+10
,Minimum of Months,0.444411E+09,0.00,0.444411E+09,0.394080E+09,33310867.27
,Maximum of Months,0.152438E+10,0.135731E+09,0.141228E+10,0.188923E+10,0.313415E+09


----------------------------------------------------------------------------------------------------
REPORT:,WindowEnergyReportMonthly
FOR:,PERIMETER_BOT_ZN_3_WALL_NORTH_WINDOW3
Custom Monthly Report

,,SURFACE WINDOW TRANSMITTED SOLAR RADIATION ENERGY [J],SURFACE WINDOW TRANSMITTED BEAM SOLAR RADIATION ENERGY [J],SURFACE WINDOW TRANSMITTED DIFFUSE SOLAR RADIATION ENERGY [J],SURFACE WINDOW HEAT GAIN ENERGY [J],SURFACE WINDOW HEAT LOSS ENERGY [J]
,January,0.483600E+09,0.00,0.483600E+09,0.423694E+09,0.313415E+09
,February,0.684284E+09,0.00,0.684284E+09,0.652126E+09,0.286161E+09
,March,0.971805E+09,0.00,0.971805E+09,0.102165E+10,0.214120E+09
,April,0.114840E+10,4867188.39,0.114353E+10,0.127228E+10,0.137725E+09
,May,0.140018E+10,60196952.19,0.133999E+10,0.164843E+10,86951923.55
,June,0.152438E+10,0.135731E+09,0.138865E+10,0.185899E+10,50203659.26
,July,0.152000E+10,0.107723E+09,0.141228E+10,0.188923E+10,33310867.27
,August,0.129922E+10,21033517.33,0.127819E+10,0.159049E+10,44677087.84
,September,0.946120E+09,200372.50,0.945920E+09,0.111904E+10,76849626.44
,October,0.763569E+09,0.00,0.763569E+09,0.851156E+09,0.139605E+09
,November,0.508708E+09,0.00,0.508708E+09,0.507707E+09,0.207336E+09
,December,0.444411E+09,0.00,0.444411E+09,0.394080E+09,0.294788E+09
,,,,,,
,Annual Sum or Average,0.116947E+11,0.329752E+09,0.113649E+11,0.132289E+11,0.188514E+10
,Minimum of Months,0.444411E+09,0.00,0.444411E+09,0.394080E+09,33310867.27
,Maximum of Months,0.152438E+10,0.135731E+09,0.141228E+10,0.188923E+10,0.313415E+09


----------------------------------------------------------------------------------------------------
REPORT:,WindowEnergyReportMonthly
FOR:,PERIMETER_BOT_ZN_2_WALL_EAST_WINDOW1
Custom Monthly Report

,,SURFACE WINDOW TRANSMITTED SOLAR RADIATION ENERGY [J],SURFACE WINDOW TRANSMITTED BEAM SOLAR RADIATION ENERGY [J],SURFACE WINDOW TRANSMITTED DIFFUSE SOLAR RADIATION ENERGY [J],SURFACE WINDOW HEAT GAIN ENERGY [J],SURFACE WINDOW HEAT LOSS ENERGY [J]
,January,0.171590E+10,0.562278E+09,0.115362E+10,0.177595E+10,0.603194E+09
,February,0.208395E+10,0.476754E+09,0.160719E+10,0.218568E+10,0.549028E+09
,March,0.354365E+10,0.124581E+10,0.229784E+10,0.399966E+10,0.416401E+09
,April,0.433625E+10,0.171030E+10,0.262595E+10,0.502468E+10,0.272571E+09
,May,0.559449E+10,0.251995E+10,0.307454E+10,0.666929E+10,0.174579E+09
,June,0.562327E+10,0.244500E+10,0.317827E+10,0.680823E+10,0.102124E+09
,July,0.562152E+10,0.240699E+10,0.321453E+10,0.687565E+10,68582240.11
,August,0.526017E+10,0.219457E+10,0.306560E+10,0.639977E+10,93077773.36
,September,0.367682E+10,0.145023E+10,0.222659E+10,0.440854E+10,0.153533E+09
,October,0.278729E+10,0.100248E+10,0.178482E+10,0.324474E+10,0.273309E+09
,November,0.150601E+10,0.354483E+09,0.115153E+10,0.162097E+10,0.399731E+09
,December,0.136104E+10,0.322031E+09,0.103901E+10,0.137277E+10,0.565134E+09
,,,,,,
,Annual Sum or Average,0.431104E+11,0.166909E+11,0.264195E+11,0.503859E+11,0.367126E+10
,Minimum of Months,0.136104E+10,0.322031E+09,0.103901E+10,0.137277E+10,68582240.11
,Maximum of Months,0.562327E+10,0.251995E+10,0.321453E+10,0.687565E+10,0.603194E+09


----------------------------------------------------------------------------------------------------
REPORT:,WindowEnergyReportMonthly
FOR:,PERIMETER_BOT_ZN_2_WALL_EAST_WINDOW2
Custom Monthly Report

,,SURFACE WINDOW TRANSMITTED SOLAR RADIATION ENERGY [J],SURFACE WINDOW TRANSMITTED BEAM SOLAR RADIATION ENERGY [J],SURFACE WINDOW TRANSMITTED DIFFUSE SOLAR RADIATION ENERGY [J],SURFACE WINDOW HEAT GAIN ENERGY [J],SURFACE WINDOW HEAT LOSS ENERGY [J]
,January,67845218.37,22231961.75,45613256.62,70219379.36,23849752.63
,February,82397324.68,18850437.44,63546887.24,86419988.53,21708070.23
,March,0.140113E+09,49258178.32,90854643.84,0.158143E+09,16464136.48
,April,0.171451E+09,67623701.84,0.103828E+09,0.198671E+09,10777196.41
,May,0.221201E+09,99636653.57,0.121564E+09,0.263698E+09,6902708.38
,June,0.222339E+09,96673045.70,0.125666E+09,0.269191E+09,4037908.23
,July,0.222270E+09,95170073.63,0.127100E+09,0.271857E+09,2711680.03
,August,0.207982E+09,86771242.24,0.121211E+09,0.253041E+09,3680211.36
,September,0.145378E+09,57340878.26,88037430.60,0.174310E+09,6070544.96
,October,0.110207E+09,39637003.16,70570023.67,0.128294E+09,10806393.62
,November,59546448.29,14015926.60,45530521.69,64091608.64,15805016.15
,December,53814451.76,12732833.93,41081617.83,54278072.63,22344888.25
,,,,,,
,Annual Sum or Average,0.170455E+10,0.659942E+09,0.104460E+10,0.199221E+10,0.145159E+09
,Minimum of Months,53814451.76,12732833.93,41081617.83,54278072.63,2711680.03
,Maximum of Months,0.222339E+09,99636653.57,0.127100E+09,0.271857E+09,23849752.63


----------------------------------------------------------------------------------------------------
REPORT:,WindowEnergyReportMonthly
FOR:,PERIMETER_BOT_ZN_1_WALL_SOUTH_WINDOW1
Custom Monthly Report

,,SURFACE WINDOW TRANSMITTED SOLAR RADIATION ENERGY [J],SURFACE WINDOW TRANSMITTED BEAM SOLAR RADIATION ENERGY [J],SURFACE WINDOW TRANSMITTED DIFFUSE SOLAR RADIATION ENERGY [J],SURFACE WINDOW HEAT GAIN ENERGY [J],SURFACE WINDOW HEAT LOSS ENERGY [J]
,January,0.205591E+10,0.119028E+10,0.865625E+09,0.231151E+10,0.315999E+09
,February,0.207114E+10,0.947182E+09,0.112396E+10,0.232551E+10,0.288320E+09
,March,0.278427E+10,0.138879E+10,0.139548E+10,0.323488E+10,0.220639E+09
,April,0.236714E+10,0.931752E+09,0.143539E+10,0.279451E+10,0.144312E+09
,May,0.219076E+10,0.635194E+09,0.155556E+10,0.266566E+10,90473121.53
,June,0.192987E+10,0.405465E+09,0.152441E+10,0.239499E+10,51288001.63
,July,0.208932E+10,0.509206E+09,0.158012E+10,0.263020E+10,34313555.03
,August,0.248781E+10,0.891713E+09,0.159609E+10,0.308723E+10,48201375.56
,September,0.245674E+10,0.115130E+10,0.130544E+10,0.297952E+10,83341959.33
,October,0.250784E+10,0.134409E+10,0.116375E+10,0.296826E+10,0.147479E+09
,November,0.151028E+10,0.691340E+09,0.818939E+09,0.171499E+10,0.210991E+09
,December,0.152731E+10,0.736693E+09,0.790614E+09,0.169356E+10,0.295477E+09
,,,,,,
,Annual Sum or Average,0.259784E+11,0.108230E+11,0.151554E+11,0.308008E+11,0.193083E+10
,Minimum of Months,0.151028E+10,0.405465E+09,0.790614E+09,0.169356E+10,34313555.03
,Maximum of Months,0.278427E+10,0.138879E+10,0.159609E+10,0.323488E+10,0.315999E+09


----------------------------------------------------------------------------------------------------
REPORT:,WindowEnergyReportMonthly
FOR:,PERIMETER_BOT_ZN_1_WALL_SOUTH_WINDOW2
Custom Monthly Report

,,SURFACE WINDOW TRANSMITTED SOLAR RADIATION ENERGY [J],SURFACE WINDOW TRANSMITTED BEAM SOLAR RADIATION ENERGY [J],SURFACE WINDOW TRANSMITTED DIFFUSE SOLAR RADIATION ENERGY [J],SURFACE WINDOW HEAT GAIN ENERGY [J],SURFACE WINDOW HEAT LOSS ENERGY [J]
,January,0.205591E+10,0.119028E+10,0.865625E+09,0.231151E+10,0.315999E+09
,February,0.207114E+10,0.947182E+09,0.112396E+10,0.232551E+10,0.288320E+09
,March,0.278427E+10,0.138879E+10,0.139548E+10,0.323488E+10,0.220639E+09
,April,0.236714E+10,0.931752E+09,0.143539E+10,0.279451E+10,0.144312E+09
,May,0.219076E+10,0.635194E+09,0.155556E+10,0.266566E+10,90473121.53
,June,0.192987E+10,0.405465E+09,0.152441E+10,0.239499E+10,51288001.63
,July,0.208932E+10,0.509206E+09,0.158012E+10,0.263020E+10,34313555.03
,August,0.248781E+10,0.891713E+09,0.159609E+10,0.308723E+10,48201375.56
,September,0.245674E+10,0.115130E+10,0.130544E+10,0.297952E+10,83341959.33
,October,0.250784E+10,0.134409E+10,0.116375E+10,0.296826E+10,0.147479E+09
,November,0.151028E+10,0.691340E+09,0.818939E+09,0.171499E+10,0.210991E+09
,December,0.152731E+10,0.736693E+09,0.790614E+09,0.169356E+10,0.295477E+09
,,,,,,
,Annual Sum or Average,0.259784E+11,0.108230E+11,0.151554E+11,0.308008E+11,0.193083E+10
,Minimum of Months,0.151028E+10,0.405465E+09,0.790614E+09,0.169356E+10,34313555.03
,Maximum of Months,0.278427E+10,0.138879E+10,0.159609E+10,0.323488E+10,0.315999E+09


----------------------------------------------------------------------------------------------------
REPORT:,WindowEnergyReportMonthly
FOR:,PERIMETER_BOT_ZN_1_WALL_SOUTH_WINDOW3
Custom Monthly Report

,,SURFACE WINDOW TRANSMITTED SOLAR RADIATION ENERGY [J],SURFACE WINDOW TRANSMITTED BEAM SOLAR RADIATION ENERGY [J],SURFACE WINDOW TRANSMITTED DIFFUSE SOLAR RADIATION ENERGY [J],SURFACE WINDOW HEAT GAIN ENERGY [J],SURFACE WINDOW HEAT LOSS ENERGY [J]
,January,0.205578E+10,0.119021E+10,0.865570E+09,0.231137E+10,0.315979E+09
,February,0.207101E+10,0.947123E+09,0.112389E+10,0.232537E+10,0.288302E+09
,March,0.278410E+10,0.138870E+10,0.139539E+10,0.323467E+10,0.220625E+09
,April,0.236699E+10,0.931693E+09,0.143530E+10,0.279434E+10,0.144302E+09
,May,0.219062E+10,0.635154E+09,0.155546E+10,0.266549E+10,90467404.14
,June,0.192975E+10,0.405439E+09,0.152431E+10,0.239484E+10,51284760.52
,July,0.208919E+10,0.509174E+09,0.158002E+10,0.263003E+10,34311386.61
,August,0.248765E+10,0.891656E+09,0.159599E+10,0.308704E+10,48198329.50
,September,0.245658E+10,0.115122E+10,0.130536E+10,0.297933E+10,83336692.59
,October,0.250768E+10,0.134401E+10,0.116367E+10,0.296807E+10,0.147470E+09
,November,0.151018E+10,0.691297E+09,0.818887E+09,0.171488E+10,0.210978E+09
,December,0.152721E+10,0.736647E+09,0.790564E+09,0.169345E+10,0.295458E+09
,,,,,,
,Annual Sum or Average,0.259767E+11,0.108223E+11,0.151544E+11,0.307989E+11,0.193071E+10
,Minimum of Months,0.151018E+10,0.405439E+09,0.790564E+09,0.169345E+10,34311386.61
,Maximum of Months,0.278410E+10,0.138870E+10,0.159599E+10,0.323467E+10,0.315979E+09


----------------------------------------------------------------------------------------------------
REPORT:,WindowEnergyReportMonthly
FOR:,PERIMETER_BOT_ZN_4_WALL_WEST_WINDOW1
Custom Monthly Report

,,SURFACE WINDOW TRANSMITTED SOLAR RADIATION ENERGY [J],SURFACE WINDOW TRANSMITTED BEAM SOLAR RADIATION ENERGY [J],SURFACE WINDOW TRANSMITTED DIFFUSE SOLAR RADIATION ENERGY [J],SURFACE WINDOW HEAT GAIN ENERGY [J],SURFACE WINDOW HEAT LOSS ENERGY [J]
,January,0.146935E+10,0.351453E+09,0.111790E+10,0.147374E+10,0.603725E+09
,February,0.220443E+10,0.574563E+09,0.162986E+10,0.233526E+10,0.553112E+09
,March,0.365206E+10,0.136202E+10,0.229004E+10,0.413117E+10,0.419706E+09
,April,0.438580E+10,0.171671E+10,0.266908E+10,0.508643E+10,0.275923E+09
,May,0.545494E+10,0.230104E+10,0.315390E+10,0.650214E+10,0.180798E+09
,June,0.550840E+10,0.232610E+10,0.318230E+10,0.667215E+10,0.106976E+09
,July,0.631705E+10,0.297170E+10,0.334535E+10,0.771288E+10,75536282.45
,August,0.522933E+10,0.220013E+10,0.302920E+10,0.636252E+10,96806774.02
,September,0.366588E+10,0.138045E+10,0.228543E+10,0.439623E+10,0.158373E+09
,October,0.268244E+10,0.894449E+09,0.178799E+10,0.311848E+10,0.275587E+09
,November,0.147493E+10,0.304079E+09,0.117085E+10,0.158259E+10,0.401015E+09
,December,0.126407E+10,0.233092E+09,0.103097E+10,0.125763E+10,0.567359E+09
,,,,,,
,Annual Sum or Average,0.433087E+11,0.166158E+11,0.266929E+11,0.506312E+11,0.371492E+10
,Minimum of Months,0.126407E+10,0.233092E+09,0.103097E+10,0.125763E+10,75536282.45
,Maximum of Months,0.631705E+10,0.297170E+10,0.334535E+10,0.771288E+10,0.603725E+09


----------------------------------------------------------------------------------------------------
REPORT:,WindowEnergyReportMonthly
FOR:,PERIMETER_BOT_ZN_4_WALL_WEST_WINDOW2
Custom Monthly Report

,,SURFACE WINDOW TRANSMITTED SOLAR RADIATION ENERGY [J],SURFACE WINDOW TRANSMITTED BEAM SOLAR RADIATION ENERGY [J],SURFACE WINDOW TRANSMITTED DIFFUSE SOLAR RADIATION ENERGY [J],SURFACE WINDOW HEAT GAIN ENERGY [J],SURFACE WINDOW HEAT LOSS ENERGY [J]
,January,58096792.28,13896104.93,44200687.35,58269968.79,23870753.74
,February,87160760.77,22717613.82,64443146.94,92333707.66,21869543.66
,March,0.144399E+09,53852673.32,90546015.75,0.163342E+09,16594801.68
,April,0.173410E+09,67877138.13,0.105533E+09,0.201112E+09,10909739.81
,May,0.215683E+09,90980743.93,0.124702E+09,0.257088E+09,7148576.32
,June,0.217797E+09,91971489.01,0.125825E+09,0.263810E+09,4229737.19
,July,0.249770E+09,0.117498E+09,0.132272E+09,0.304959E+09,2986633.34
,August,0.206762E+09,86990967.05,0.119771E+09,0.251568E+09,3827649.05
,September,0.144945E+09,54581725.91,90363579.66,0.173822E+09,6261934.25
,October,0.106061E+09,35365602.80,70695276.71,0.123301E+09,10896453.58
,November,58317076.18,12022964.13,46294112.05,62574163.93,15855765.13
,December,49979927.21,9216222.42,40763704.79,49725253.52,22432869.74
,,,,,,
,Annual Sum or Average,0.171238E+10,0.656971E+09,0.105541E+10,0.200191E+10,0.146884E+09
,Minimum of Months,49979927.21,9216222.42,40763704.79,49725253.52,2986633.34
,Maximum of Months,0.249770E+09,0.117498E+09,0.132272E+09,0.304959E+09,23870753.74


----------------------------------------------------------------------------------------------------
REPORT:,WindowEnergyReportMonthly
FOR:,PERIMETER_MID_ZN_3_WALL_NORTH_WINDOW
Custom Monthly Report

,,SURFACE WINDOW TRANSMITTED SOLAR RADIATION ENERGY [J],SURFACE WINDOW TRANSMITTED BEAM SOLAR RADIATION ENERGY [J],SURFACE WINDOW TRANSMITTED DIFFUSE SOLAR RADIATION ENERGY [J],SURFACE WINDOW HEAT GAIN ENERGY [J],SURFACE WINDOW HEAT LOSS ENERGY [J]
,January,0.145082E+10,0.00,0.145082E+10,0.126420E+10,0.946729E+09
,February,0.205287E+10,0.00,0.205287E+10,0.194773E+10,0.865146E+09
,March,0.291544E+10,0.00,0.291544E+10,0.305081E+10,0.653894E+09
,April,0.344522E+10,14601863.52,0.343062E+10,0.380196E+10,0.423552E+09
,May,0.420058E+10,0.180595E+09,0.401999E+10,0.493149E+10,0.270733E+09
,June,0.457319E+10,0.407202E+09,0.416598E+10,0.556904E+10,0.155190E+09
,July,0.456004E+10,0.323174E+09,0.423687E+10,0.566202E+10,0.102713E+09
,August,0.389770E+10,63101841.36,0.383460E+10,0.476954E+10,0.133938E+09
,September,0.283839E+10,601129.80,0.283778E+10,0.335720E+10,0.226622E+09
,October,0.229073E+10,0.00,0.229073E+10,0.255451E+10,0.410328E+09
,November,0.152614E+10,0.00,0.152614E+10,0.152308E+10,0.615959E+09
,December,0.133325E+10,0.00,0.133325E+10,0.117896E+10,0.884655E+09
,,,,,,
,Annual Sum or Average,0.350844E+11,0.989275E+09,0.340951E+11,0.396105E+11,0.568946E+10
,Minimum of Months,0.133325E+10,0.00,0.133325E+10,0.117896E+10,0.102713E+09
,Maximum of Months,0.457319E+10,0.407202E+09,0.423687E+10,0.566202E+10,0.946729E+09


----------------------------------------------------------------------------------------------------
REPORT:,WindowEnergyReportMonthly
FOR:,PERIMETER_MID_ZN_2_WALL_EAST_WINDOW
Custom Monthly Report

,,SURFACE WINDOW TRANSMITTED SOLAR RADIATION ENERGY [J],SURFACE WINDOW TRANSMITTED BEAM SOLAR RADIATION ENERGY [J],SURFACE WINDOW TRANSMITTED DIFFUSE SOLAR RADIATION ENERGY [J],SURFACE WINDOW HEAT GAIN ENERGY [J],SURFACE WINDOW HEAT LOSS ENERGY [J]
,January,0.178378E+10,0.584521E+09,0.119925E+10,0.183996E+10,0.628878E+09
,February,0.216638E+10,0.495614E+09,0.167076E+10,0.226504E+10,0.572788E+09
,March,0.368382E+10,0.129509E+10,0.238873E+10,0.414738E+10,0.435789E+09
,April,0.450777E+10,0.177796E+10,0.272981E+10,0.521310E+10,0.284955E+09
,May,0.581578E+10,0.261964E+10,0.319614E+10,0.692339E+10,0.181925E+09
,June,0.584570E+10,0.254172E+10,0.330398E+10,0.707078E+10,0.104492E+09
,July,0.584388E+10,0.250221E+10,0.334167E+10,0.714227E+10,69175758.14
,August,0.546824E+10,0.228138E+10,0.318686E+10,0.664913E+10,91424082.16
,September,0.382226E+10,0.150760E+10,0.231466E+10,0.458107E+10,0.152328E+09
,October,0.289754E+10,0.104213E+10,0.185541E+10,0.337198E+10,0.274325E+09
,November,0.156559E+10,0.368506E+09,0.119708E+10,0.168351E+10,0.409970E+09
,December,0.141488E+10,0.334771E+09,0.108011E+10,0.142332E+10,0.586185E+09
,,,,,,
,Annual Sum or Average,0.448156E+11,0.173512E+11,0.274645E+11,0.523109E+11,0.379223E+10
,Minimum of Months,0.141488E+10,0.334771E+09,0.108011E+10,0.142332E+10,69175758.14
,Maximum of Months,0.584570E+10,0.261964E+10,0.334167E+10,0.714227E+10,0.628878E+09


----------------------------------------------------------------------------------------------------
REPORT:,WindowEnergyReportMonthly
FOR:,PERIMETER_MID_ZN_1_WALL_SOUTH_WINDOW
Custom Monthly Report

,,SURFACE WINDOW TRANSMITTED SOLAR RADIATION ENERGY [J],SURFACE WINDOW TRANSMITTED BEAM SOLAR RADIATION ENERGY [J],SURFACE WINDOW TRANSMITTED DIFFUSE SOLAR RADIATION ENERGY [J],SURFACE WINDOW HEAT GAIN ENERGY [J],SURFACE WINDOW HEAT LOSS ENERGY [J]
,January,0.616784E+10,0.357092E+10,0.259691E+10,0.692743E+10,0.941777E+09
,February,0.621353E+10,0.284161E+10,0.337192E+10,0.696901E+10,0.859283E+09
,March,0.835296E+10,0.416646E+10,0.418650E+10,0.969411E+10,0.657305E+09
,April,0.710153E+10,0.279531E+10,0.430622E+10,0.837274E+10,0.432211E+09
,May,0.657235E+10,0.190562E+10,0.466673E+10,0.798717E+10,0.273197E+09
,June,0.578968E+10,0.121642E+10,0.457326E+10,0.717872E+10,0.154815E+09
,July,0.626804E+10,0.152765E+10,0.474039E+10,0.788687E+10,0.102072E+09
,August,0.746353E+10,0.267519E+10,0.478833E+10,0.926144E+10,0.136052E+09
,September,0.737032E+10,0.345396E+10,0.391637E+10,0.894031E+10,0.233087E+09
,October,0.752365E+10,0.403236E+10,0.349129E+10,0.890662E+10,0.417440E+09
,November,0.453092E+10,0.207406E+10,0.245685E+10,0.514524E+10,0.617312E+09
,December,0.458200E+10,0.221012E+10,0.237188E+10,0.507725E+10,0.877854E+09
,,,,,,
,Annual Sum or Average,0.779363E+11,0.324697E+11,0.454666E+11,0.923469E+11,0.570241E+10
,Minimum of Months,0.453092E+10,0.121642E+10,0.237188E+10,0.507725E+10,0.102072E+09
,Maximum of Months,0.835296E+10,0.416646E+10,0.478833E+10,0.969411E+10,0.941777E+09


----------------------------------------------------------------------------------------------------
REPORT:,WindowEnergyReportMonthly
FOR:,PERIMETER_MID_ZN_4_WALL_WEST_WINDOW
Custom Monthly Report

,,SURFACE WINDOW TRANSMITTED SOLAR RADIATION ENERGY [J],SURFACE WINDOW TRANSMITTED BEAM SOLAR RADIATION ENERGY [J],SURFACE WINDOW TRANSMITTED DIFFUSE SOLAR RADIATION ENERGY [J],SURFACE WINDOW HEAT GAIN ENERGY [J],SURFACE WINDOW HEAT LOSS ENERGY [J]
,January,0.152747E+10,0.365355E+09,0.116212E+10,0.152730E+10,0.630196E+09
,February,0.229162E+10,0.597290E+09,0.169433E+10,0.242203E+10,0.576902E+09
,March,0.379651E+10,0.141589E+10,0.238062E+10,0.428640E+10,0.438851E+09
,April,0.455927E+10,0.178462E+10,0.277465E+10,0.527908E+10,0.288594E+09
,May,0.567069E+10,0.239206E+10,0.327863E+10,0.675336E+10,0.187017E+09
,June,0.572627E+10,0.241811E+10,0.330816E+10,0.693302E+10,0.108840E+09
,July,0.656691E+10,0.308925E+10,0.347766E+10,0.801667E+10,74579240.89
,August,0.543616E+10,0.228716E+10,0.314900E+10,0.661411E+10,94798821.91
,September,0.381088E+10,0.143506E+10,0.237582E+10,0.457102E+10,0.156910E+09
,October,0.278853E+10,0.929830E+09,0.185870E+10,0.324291E+10,0.276869E+09
,November,0.153326E+10,0.316107E+09,0.121716E+10,0.164518E+10,0.411308E+09
,December,0.131406E+10,0.242312E+09,0.107175E+10,0.130508E+10,0.588869E+09
,,,,,,
,Annual Sum or Average,0.450216E+11,0.172730E+11,0.277486E+11,0.525962E+11,0.383373E+10
,Minimum of Months,0.131406E+10,0.242312E+09,0.107175E+10,0.130508E+10,74579240.89
,Maximum of Months,0.656691E+10,0.308925E+10,0.347766E+10,0.801667E+10,0.630196E+09


----------------------------------------------------------------------------------------------------
REPORT:,WindowZoneSummaryMonthly
FOR:,CORE_BOTTOM
Custom Monthly Report

,,ZONE WINDOWS TOTAL HEAT GAIN RATE [W],ZONE WINDOWS TOTAL HEAT LOSS RATE [W],ZONE WINDOWS TOTAL TRANSMITTED SOLAR RADIATION RATE [W],ZONE EXTERIOR WINDOWS TOTAL TRANSMITTED BEAM SOLAR RADIATION RATE [W],ZONE EXTERIOR WINDOWS TOTAL TRANSMITTED DIFFUSE SOLAR RADIATION RATE [W],ZONE INTERIOR WINDOWS TOTAL TRANSMITTED DIFFUSE SOLAR RADIATION RATE [W],ZONE INTERIOR WINDOWS TOTAL TRANSMITTED BEAM SOLAR RADIATION RATE [W]
,January,0.00,0.00,0.00,0.00,0.00,0.00,0.00
,February,0.00,0.00,0.00,0.00,0.00,0.00,0.00
,March,0.00,0.00,0.00,0.00,0.00,0.00,0.00
,April,0.00,0.00,0.00,0.00,0.00,0.00,0.00
,May,0.00,0.00,0.00,0.00,0.00,0.00,0.00
,June,0.00,0.00,0.00,0.00,0.00,0.00,0.00
,July,0.00,0.00,0.00,0.00,0.00,0.00,0.00
,August,0.00,0.00,0.00,0.00,0.00,0.00,0.00
,September,0.00,0.00,0.00,0.00,0.00,0.00,0.00
,October,0.00,0.00,0.00,0.00,0.00,0.00,0.00
,November,0.00,0.00,0.00,0.00,0.00,0.00,0.00
,December,0.00,0.00,0.00,0.00,0.00,0.00,0.00
,,,,,,,,
,Annual Sum or Average,0.00,0.00,0.00,0.00,0.00,0.00,0.00
,Minimum of Months,0.00,0.00,0.00,0.00,0.00,0.00,0.00
,Maximum of Months,0.00,0.00,0.00,0.00,0.00,0.00,0.00


----------------------------------------------------------------------------------------------------
REPORT:,WindowZoneSummaryMonthly
FOR:,TOPFLOOR_PLENUM
Custom Monthly Report

,,ZONE WINDOWS TOTAL HEAT GAIN RATE [W],ZONE WINDOWS TOTAL HEAT LOSS RATE [W],ZONE WINDOWS TOTAL TRANSMITTED SOLAR RADIATION RATE [W],ZONE EXTERIOR WINDOWS TOTAL TRANSMITTED BEAM SOLAR RADIATION RATE [W],ZONE EXTERIOR WINDOWS TOTAL TRANSMITTED DIFFUSE SOLAR RADIATION RATE [W],ZONE INTERIOR WINDOWS TOTAL TRANSMITTED DIFFUSE SOLAR RADIATION RATE [W],ZONE INTERIOR WINDOWS TOTAL TRANSMITTED BEAM SOLAR RADIATION RATE [W]
,January,0.00,0.00,0.00,0.00,0.00,0.00,0.00
,February,0.00,0.00,0.00,0.00,0.00,0.00,0.00
,March,0.00,0.00,0.00,0.00,0.00,0.00,0.00
,April,0.00,0.00,0.00,0.00,0.00,0.00,0.00
,May,0.00,0.00,0.00,0.00,0.00,0.00,0.00
,June,0.00,0.00,0.00,0.00,0.00,0.00,0.00
,July,0.00,0.00,0.00,0.00,0.00,0.00,0.00
,August,0.00,0.00,0.00,0.00,0.00,0.00,0.00
,September,0.00,0.00,0.00,0.00,0.00,0.00,0.00
,October,0.00,0.00,0.00,0.00,0.00,0.00,0.00
,November,0.00,0.00,0.00,0.00,0.00,0.00,0.00
,December,0.00,0.00,0.00,0.00,0.00,0.00,0.00
,,,,,,,,
,Annual Sum or Average,0.00,0.00,0.00,0.00,0.00,0.00,0.00
,Minimum of Months,0.00,0.00,0.00,0.00,0.00,0.00,0.00
,Maximum of Months,0.00,0.00,0.00,0.00,0.00,0.00,0.00


----------------------------------------------------------------------------------------------------
REPORT:,WindowZoneSummaryMonthly
FOR:,MIDFLOOR_PLENUM
Custom Monthly Report

,,ZONE WINDOWS TOTAL HEAT GAIN RATE [W],ZONE WINDOWS TOTAL HEAT LOSS RATE [W],ZONE WINDOWS TOTAL TRANSMITTED SOLAR RADIATION RATE [W],ZONE EXTERIOR WINDOWS TOTAL TRANSMITTED BEAM SOLAR RADIATION RATE [W],ZONE EXTERIOR WINDOWS TOTAL TRANSMITTED DIFFUSE SOLAR RADIATION RATE [W],ZONE INTERIOR WINDOWS TOTAL TRANSMITTED DIFFUSE SOLAR RADIATION RATE [W],ZONE INTERIOR WINDOWS TOTAL TRANSMITTED BEAM SOLAR RADIATION RATE [W]
,January,0.00,0.00,0.00,0.00,0.00,0.00,0.00
,February,0.00,0.00,0.00,0.00,0.00,0.00,0.00
,March,0.00,0.00,0.00,0.00,0.00,0.00,0.00
,April,0.00,0.00,0.00,0.00,0.00,0.00,0.00
,May,0.00,0.00,0.00,0.00,0.00,0.00,0.00
,June,0.00,0.00,0.00,0.00,0.00,0.00,0.00
,July,0.00,0.00,0.00,0.00,0.00,0.00,0.00
,August,0.00,0.00,0.00,0.00,0.00,0.00,0.00
,September,0.00,0.00,0.00,0.00,0.00,0.00,0.00
,October,0.00,0.00,0.00,0.00,0.00,0.00,0.00
,November,0.00,0.00,0.00,0.00,0.00,0.00,0.00
,December,0.00,0.00,0.00,0.00,0.00,0.00,0.00
,,,,,,,,
,Annual Sum or Average,0.00,0.00,0.00,0.00,0.00,0.00,0.00
,Minimum of Months,0.00,0.00,0.00,0.00,0.00,0.00,0.00
,Maximum of Months,0.00,0.00,0.00,0.00,0.00,0.00,0.00


----------------------------------------------------------------------------------------------------
REPORT:,WindowZoneSummaryMonthly
FOR:,FIRSTFLOOR_PLENUM
Custom Monthly Report

,,ZONE WINDOWS TOTAL HEAT GAIN RATE [W],ZONE WINDOWS TOTAL HEAT LOSS RATE [W],ZONE WINDOWS TOTAL TRANSMITTED SOLAR RADIATION RATE [W],ZONE EXTERIOR WINDOWS TOTAL TRANSMITTED BEAM SOLAR RADIATION RATE [W],ZONE EXTERIOR WINDOWS TOTAL TRANSMITTED DIFFUSE SOLAR RADIATION RATE [W],ZONE INTERIOR WINDOWS TOTAL TRANSMITTED DIFFUSE SOLAR RADIATION RATE [W],ZONE INTERIOR WINDOWS TOTAL TRANSMITTED BEAM SOLAR RADIATION RATE [W]
,January,0.00,0.00,0.00,0.00,0.00,0.00,0.00
,February,0.00,0.00,0.00,0.00,0.00,0.00,0.00
,March,0.00,0.00,0.00,0.00,0.00,0.00,0.00
,April,0.00,0.00,0.00,0.00,0.00,0.00,0.00
,May,0.00,0.00,0.00,0.00,0.00,0.00,0.00
,June,0.00,0.00,0.00,0.00,0.00,0.00,0.00
,July,0.00,0.00,0.00,0.00,0.00,0.00,0.00
,August,0.00,0.00,0.00,0.00,0.00,0.00,0.00
,September,0.00,0.00,0.00,0.00,0.00,0.00,0.00
,October,0.00,0.00,0.00,0.00,0.00,0.00,0.00
,November,0.00,0.00,0.00,0.00,0.00,0.00,0.00
,December,0.00,0.00,0.00,0.00,0.00,0.00,0.00
,,,,,,,,
,Annual Sum or Average,0.00,0.00,0.00,0.00,0.00,0.00,0.00
,Minimum of Months,0.00,0.00,0.00,0.00,0.00,0.00,0.00
,Maximum of Months,0.00,0.00,0.00,0.00,0.00,0.00,0.00


----------------------------------------------------------------------------------------------------
REPORT:,WindowZoneSummaryMonthly
FOR:,CORE_MID
Custom Monthly Report

,,ZONE WINDOWS TOTAL HEAT GAIN RATE [W],ZONE WINDOWS TOTAL HEAT LOSS RATE [W],ZONE WINDOWS TOTAL TRANSMITTED SOLAR RADIATION RATE [W],ZONE EXTERIOR WINDOWS TOTAL TRANSMITTED BEAM SOLAR RADIATION RATE [W],ZONE EXTERIOR WINDOWS TOTAL TRANSMITTED DIFFUSE SOLAR RADIATION RATE [W],ZONE INTERIOR WINDOWS TOTAL TRANSMITTED DIFFUSE SOLAR RADIATION RATE [W],ZONE INTERIOR WINDOWS TOTAL TRANSMITTED BEAM SOLAR RADIATION RATE [W]
,January,0.00,0.00,0.00,0.00,0.00,0.00,0.00
,February,0.00,0.00,0.00,0.00,0.00,0.00,0.00
,March,0.00,0.00,0.00,0.00,0.00,0.00,0.00
,April,0.00,0.00,0.00,0.00,0.00,0.00,0.00
,May,0.00,0.00,0.00,0.00,0.00,0.00,0.00
,June,0.00,0.00,0.00,0.00,0.00,0.00,0.00
,July,0.00,0.00,0.00,0.00,0.00,0.00,0.00
,August,0.00,0.00,0.00,0.00,0.00,0.00,0.00
,September,0.00,0.00,0.00,0.00,0.00,0.00,0.00
,October,0.00,0.00,0.00,0.00,0.00,0.00,0.00
,November,0.00,0.00,0.00,0.00,0.00,0.00,0.00
,December,0.00,0.00,0.00,0.00,0.00,0.00,0.00
,,,,,,,,
,Annual Sum or Average,0.00,0.00,0.00,0.00,0.00,0.00,0.00
,Minimum of Months,0.00,0.00,0.00,0.00,0.00,0.00,0.00
,Maximum of Months,0.00,0.00,0.00,0.00,0.00,0.00,0.00


----------------------------------------------------------------------------------------------------
REPORT:,WindowZoneSummaryMonthly
FOR:,CORE_TOP
Custom Monthly Report

,,ZONE WINDOWS TOTAL HEAT GAIN RATE [W],ZONE WINDOWS TOTAL HEAT LOSS RATE [W],ZONE WINDOWS TOTAL TRANSMITTED SOLAR RADIATION RATE [W],ZONE EXTERIOR WINDOWS TOTAL TRANSMITTED BEAM SOLAR RADIATION RATE [W],ZONE EXTERIOR WINDOWS TOTAL TRANSMITTED DIFFUSE SOLAR RADIATION RATE [W],ZONE INTERIOR WINDOWS TOTAL TRANSMITTED DIFFUSE SOLAR RADIATION RATE [W],ZONE INTERIOR WINDOWS TOTAL TRANSMITTED BEAM SOLAR RADIATION RATE [W]
,January,0.00,0.00,0.00,0.00,0.00,0.00,0.00
,February,0.00,0.00,0.00,0.00,0.00,0.00,0.00
,March,0.00,0.00,0.00,0.00,0.00,0.00,0.00
,April,0.00,0.00,0.00,0.00,0.00,0.00,0.00
,May,0.00,0.00,0.00,0.00,0.00,0.00,0.00
,June,0.00,0.00,0.00,0.00,0.00,0.00,0.00
,July,0.00,0.00,0.00,0.00,0.00,0.00,0.00
,August,0.00,0.00,0.00,0.00,0.00,0.00,0.00
,September,0.00,0.00,0.00,0.00,0.00,0.00,0.00
,October,0.00,0.00,0.00,0.00,0.00,0.00,0.00
,November,0.00,0.00,0.00,0.00,0.00,0.00,0.00
,December,0.00,0.00,0.00,0.00,0.00,0.00,0.00
,,,,,,,,
,Annual Sum or Average,0.00,0.00,0.00,0.00,0.00,0.00,0.00
,Minimum of Months,0.00,0.00,0.00,0.00,0.00,0.00,0.00
,Maximum of Months,0.00,0.00,0.00,0.00,0.00,0.00,0.00


----------------------------------------------------------------------------------------------------
REPORT:,WindowZoneSummaryMonthly
FOR:,PERIMETER_TOP_ZN_3
Custom Monthly Report

,,ZONE WINDOWS TOTAL HEAT GAIN RATE [W],ZONE WINDOWS TOTAL HEAT LOSS RATE [W],ZONE WINDOWS TOTAL TRANSMITTED SOLAR RADIATION RATE [W],ZONE EXTERIOR WINDOWS TOTAL TRANSMITTED BEAM SOLAR RADIATION RATE [W],ZONE EXTERIOR WINDOWS TOTAL TRANSMITTED DIFFUSE SOLAR RADIATION RATE [W],ZONE INTERIOR WINDOWS TOTAL TRANSMITTED DIFFUSE SOLAR RADIATION RATE [W],ZONE INTERIOR WINDOWS TOTAL TRANSMITTED BEAM SOLAR RADIATION RATE [W]
,January,473.69,348.80,541.67,0.00,541.67,0.00,0.00
,February,806.82,353.29,848.58,0.00,848.58,0.00,0.00
,March,1140.43,239.97,1088.50,0.00,1088.50,0.00,0.00
,April,1468.10,159.80,1329.17,5.63,1323.54,0.00,0.00
,May,1842.46,97.40,1568.32,67.43,1500.89,0.00,0.00
,June,2148.82,57.91,1764.35,157.10,1607.25,0.00,0.00
,July,2113.71,37.07,1702.53,120.66,1581.87,0.00,0.00
,August,1780.80,47.93,1455.23,23.56,1431.67,0.00,0.00
,September,1296.13,83.91,1095.06,0.23,1094.82,0.00,0.00
,October,955.18,148.47,855.26,0.00,855.26,0.00,0.00
,November,589.30,233.06,588.79,0.00,588.79,0.00,0.00
,December,441.77,325.65,497.78,0.00,497.78,0.00,0.00
,,,,,,,,
,Annual Sum or Average,1257.13,176.81,1112.52,31.37,1081.15,0.00,0.00
,Minimum of Months,441.77,37.07,497.78,0.00,497.78,0.00,0.00
,Maximum of Months,2148.82,353.29,1764.35,157.10,1607.25,0.00,0.00


----------------------------------------------------------------------------------------------------
REPORT:,WindowZoneSummaryMonthly
FOR:,PERIMETER_TOP_ZN_2
Custom Monthly Report

,,ZONE WINDOWS TOTAL HEAT GAIN RATE [W],ZONE WINDOWS TOTAL HEAT LOSS RATE [W],ZONE WINDOWS TOTAL TRANSMITTED SOLAR RADIATION RATE [W],ZONE EXTERIOR WINDOWS TOTAL TRANSMITTED BEAM SOLAR RADIATION RATE [W],ZONE EXTERIOR WINDOWS TOTAL TRANSMITTED DIFFUSE SOLAR RADIATION RATE [W],ZONE INTERIOR WINDOWS TOTAL TRANSMITTED DIFFUSE SOLAR RADIATION RATE [W],ZONE INTERIOR WINDOWS TOTAL TRANSMITTED BEAM SOLAR RADIATION RATE [W]
,January,688.54,231.91,665.99,218.24,447.75,0.00,0.00
,February,937.89,234.07,895.49,204.87,690.63,0.00,0.00
,March,1550.00,160.05,1375.38,483.53,891.85,0.00,0.00
,April,2012.71,107.56,1739.11,685.94,1053.17,0.00,0.00
,May,2586.65,65.42,2171.36,978.06,1193.30,0.00,0.00
,June,2729.20,38.93,2255.28,980.60,1274.68,0.00,0.00
,July,2667.52,24.90,2181.85,934.22,1247.64,0.00,0.00
,August,2483.55,32.69,2041.61,851.77,1189.84,0.00,0.00
,September,1768.67,56.45,1474.64,581.64,893.00,0.00,0.00
,October,1260.46,99.35,1081.82,389.09,692.73,0.00,0.00
,November,651.11,155.36,604.01,142.17,461.84,0.00,0.00
,December,532.97,215.98,528.26,124.99,403.27,0.00,0.00
,,,,,,,,
,Annual Sum or Average,1660.20,117.92,1421.09,550.20,870.89,0.00,0.00
,Minimum of Months,532.97,24.90,528.26,124.99,403.27,0.00,0.00
,Maximum of Months,2729.20,234.07,2255.28,980.60,1274.68,0.00,0.00


----------------------------------------------------------------------------------------------------
REPORT:,WindowZoneSummaryMonthly
FOR:,PERIMETER_TOP_ZN_1
Custom Monthly Report

,,ZONE WINDOWS TOTAL HEAT GAIN RATE [W],ZONE WINDOWS TOTAL HEAT LOSS RATE [W],ZONE WINDOWS TOTAL TRANSMITTED SOLAR RADIATION RATE [W],ZONE EXTERIOR WINDOWS TOTAL TRANSMITTED BEAM SOLAR RADIATION RATE [W],ZONE EXTERIOR WINDOWS TOTAL TRANSMITTED DIFFUSE SOLAR RADIATION RATE [W],ZONE INTERIOR WINDOWS TOTAL TRANSMITTED DIFFUSE SOLAR RADIATION RATE [W],ZONE INTERIOR WINDOWS TOTAL TRANSMITTED BEAM SOLAR RADIATION RATE [W]
,January,2587.63,347.21,2302.81,1333.23,969.58,0.00,0.00
,February,2881.98,351.00,2568.42,1174.61,1393.82,0.00,0.00
,March,3620.10,241.18,3118.64,1555.58,1563.06,0.00,0.00
,April,3230.96,162.93,2739.79,1078.44,1661.35,0.00,0.00
,May,2982.97,98.16,2453.83,711.48,1742.36,0.00,0.00
,June,2769.69,57.67,2233.67,469.30,1764.37,0.00,0.00
,July,2944.21,36.77,2340.22,570.36,1769.86,0.00,0.00
,August,3457.51,48.69,2786.56,998.80,1787.76,0.00,0.00
,September,3449.56,86.43,2843.49,1332.54,1510.94,0.00,0.00
,October,3326.16,150.91,2809.01,1505.51,1303.50,0.00,0.00
,November,1986.31,233.67,1748.04,800.18,947.86,0.00,0.00
,December,1896.95,323.29,1710.72,825.17,885.56,0.00,0.00
,,,,,,,,
,Annual Sum or Average,2928.97,177.21,2471.34,1029.61,1441.74,0.00,0.00
,Minimum of Months,1896.95,36.77,1710.72,469.30,885.56,0.00,0.00
,Maximum of Months,3620.10,351.00,3118.64,1555.58,1787.76,0.00,0.00


----------------------------------------------------------------------------------------------------
REPORT:,WindowZoneSummaryMonthly
FOR:,PERIMETER_TOP_ZN_4
Custom Monthly Report

,,ZONE WINDOWS TOTAL HEAT GAIN RATE [W],ZONE WINDOWS TOTAL HEAT LOSS RATE [W],ZONE WINDOWS TOTAL TRANSMITTED SOLAR RADIATION RATE [W],ZONE EXTERIOR WINDOWS TOTAL TRANSMITTED BEAM SOLAR RADIATION RATE [W],ZONE EXTERIOR WINDOWS TOTAL TRANSMITTED DIFFUSE SOLAR RADIATION RATE [W],ZONE INTERIOR WINDOWS TOTAL TRANSMITTED DIFFUSE SOLAR RADIATION RATE [W],ZONE INTERIOR WINDOWS TOTAL TRANSMITTED BEAM SOLAR RADIATION RATE [W]
,January,571.27,232.39,570.29,136.41,433.88,0.00,0.00
,February,1002.15,235.76,947.26,246.90,700.37,0.00,0.00
,March,1601.06,161.13,1417.45,528.63,888.82,0.00,0.00
,April,2037.30,108.82,1758.98,688.51,1070.46,0.00,0.00
,May,2522.02,67.27,2117.19,893.09,1224.10,0.00,0.00
,June,2674.76,40.66,2209.21,932.91,1276.30,0.00,0.00
,July,2992.69,26.94,2451.80,1153.39,1298.41,0.00,0.00
,August,2469.25,33.98,2029.63,853.93,1175.70,0.00,0.00
,September,1763.92,58.25,1470.25,553.65,916.60,0.00,0.00
,October,1211.57,100.21,1041.12,347.16,693.96,0.00,0.00
,November,635.75,155.81,591.54,121.95,469.58,0.00,0.00
,December,488.27,216.99,490.62,90.47,400.15,0.00,0.00
,,,,,,,,
,Annual Sum or Average,1668.36,119.22,1427.63,547.72,879.90,0.00,0.00
,Minimum of Months,488.27,26.94,490.62,90.47,400.15,0.00,0.00
,Maximum of Months,2992.69,235.76,2451.80,1153.39,1298.41,0.00,0.00


----------------------------------------------------------------------------------------------------
REPORT:,WindowZoneSummaryMonthly
FOR:,PERIMETER_BOT_ZN_3
Custom Monthly Report

,,ZONE WINDOWS TOTAL HEAT GAIN RATE [W],ZONE WINDOWS TOTAL HEAT LOSS RATE [W],ZONE WINDOWS TOTAL TRANSMITTED SOLAR RADIATION RATE [W],ZONE EXTERIOR WINDOWS TOTAL TRANSMITTED BEAM SOLAR RADIATION RATE [W],ZONE EXTERIOR WINDOWS TOTAL TRANSMITTED DIFFUSE SOLAR RADIATION RATE [W],ZONE INTERIOR WINDOWS TOTAL TRANSMITTED DIFFUSE SOLAR RADIATION RATE [W],ZONE INTERIOR WINDOWS TOTAL TRANSMITTED BEAM SOLAR RADIATION RATE [W]
,January,474.56,351.04,541.66,0.00,541.66,0.00,0.00
,February,808.68,354.85,848.56,0.00,848.56,0.00,0.00
,March,1144.30,239.83,1088.48,0.00,1088.48,0.00,0.00
,April,1472.53,159.40,1329.15,5.63,1323.51,0.00,0.00
,May,1846.34,97.39,1568.29,67.42,1500.86,0.00,0.00
,June,2151.58,58.11,1764.31,157.09,1607.21,0.00,0.00
,July,2116.05,37.31,1702.49,120.66,1581.83,0.00,0.00
,August,1781.44,50.04,1455.20,23.56,1431.64,0.00,0.00
,September,1295.17,88.94,1095.03,0.23,1094.80,0.00,0.00
,October,953.34,156.36,855.24,0.00,855.24,0.00,0.00
,November,587.62,239.97,588.77,0.00,588.77,0.00,0.00
,December,441.39,330.18,497.77,0.00,497.77,0.00,0.00
,,,,,,,,
,Annual Sum or Average,1258.44,179.33,1112.49,31.37,1081.12,0.00,0.00
,Minimum of Months,441.39,37.31,497.77,0.00,497.77,0.00,0.00
,Maximum of Months,2151.58,354.85,1764.31,157.09,1607.21,0.00,0.00


----------------------------------------------------------------------------------------------------
REPORT:,WindowZoneSummaryMonthly
FOR:,PERIMETER_BOT_ZN_2
Custom Monthly Report

,,ZONE WINDOWS TOTAL HEAT GAIN RATE [W],ZONE WINDOWS TOTAL HEAT LOSS RATE [W],ZONE WINDOWS TOTAL TRANSMITTED SOLAR RADIATION RATE [W],ZONE EXTERIOR WINDOWS TOTAL TRANSMITTED BEAM SOLAR RADIATION RATE [W],ZONE EXTERIOR WINDOWS TOTAL TRANSMITTED DIFFUSE SOLAR RADIATION RATE [W],ZONE INTERIOR WINDOWS TOTAL TRANSMITTED DIFFUSE SOLAR RADIATION RATE [W],ZONE INTERIOR WINDOWS TOTAL TRANSMITTED BEAM SOLAR RADIATION RATE [W]
,January,689.28,234.11,665.97,218.23,447.74,0.00,0.00
,February,939.20,235.92,895.48,204.86,690.62,0.00,0.00
,March,1552.34,161.61,1375.36,483.52,891.84,0.00,0.00
,April,2015.18,109.32,1739.08,685.93,1053.15,0.00,0.00
,May,2588.48,67.76,2171.33,978.04,1193.29,0.00,0.00
,June,2730.49,40.96,2255.25,980.58,1274.67,0.00,0.00
,July,2668.57,26.62,2181.82,934.20,1247.62,0.00,0.00
,August,2483.87,36.13,2041.58,851.75,1189.82,0.00,0.00
,September,1768.07,61.58,1474.62,581.63,892.99,0.00,0.00
,October,1259.35,106.08,1081.80,389.08,692.72,0.00,0.00
,November,650.10,160.31,604.00,142.17,461.83,0.00,0.00
,December,532.80,219.34,528.25,124.99,403.26,0.00,0.00
,,,,,,,,
,Annual Sum or Average,1660.90,121.02,1421.07,550.19,870.88,0.00,0.00
,Minimum of Months,532.80,26.62,528.25,124.99,403.26,0.00,0.00
,Maximum of Months,2730.49,235.92,2255.25,980.58,1274.67,0.00,0.00


----------------------------------------------------------------------------------------------------
REPORT:,WindowZoneSummaryMonthly
FOR:,PERIMETER_BOT_ZN_1
Custom Monthly Report

,,ZONE WINDOWS TOTAL HEAT GAIN RATE [W],ZONE WINDOWS TOTAL HEAT LOSS RATE [W],ZONE WINDOWS TOTAL TRANSMITTED SOLAR RADIATION RATE [W],ZONE EXTERIOR WINDOWS TOTAL TRANSMITTED BEAM SOLAR RADIATION RATE [W],ZONE EXTERIOR WINDOWS TOTAL TRANSMITTED DIFFUSE SOLAR RADIATION RATE [W],ZONE INTERIOR WINDOWS TOTAL TRANSMITTED DIFFUSE SOLAR RADIATION RATE [W],ZONE INTERIOR WINDOWS TOTAL TRANSMITTED BEAM SOLAR RADIATION RATE [W]
,January,2589.00,353.93,2302.72,1333.18,969.54,0.00,0.00
,February,2883.76,357.53,2568.32,1174.56,1393.77,0.00,0.00
,March,3623.22,247.13,3118.52,1555.51,1563.01,0.00,0.00
,April,3234.32,167.02,2739.69,1078.39,1661.30,0.00,0.00
,May,2985.66,101.33,2453.75,711.45,1742.30,0.00,0.00
,June,2771.92,59.36,2233.60,469.28,1764.32,0.00,0.00
,July,2945.95,38.43,2340.14,570.34,1769.80,0.00,0.00
,August,3457.85,53.99,2786.46,998.76,1787.70,0.00,0.00
,September,3448.44,96.46,2843.38,1332.49,1510.89,0.00,0.00
,October,3324.60,165.18,2808.90,1505.45,1303.45,0.00,0.00
,November,1984.90,244.20,1747.97,800.15,947.83,0.00,0.00
,December,1896.86,330.95,1710.66,825.13,885.53,0.00,0.00
,,,,,,,,
,Annual Sum or Average,2930.00,183.68,2471.26,1029.56,1441.69,0.00,0.00
,Minimum of Months,1896.86,38.43,1710.66,469.28,885.53,0.00,0.00
,Maximum of Months,3623.22,357.53,3118.52,1555.51,1787.70,0.00,0.00


----------------------------------------------------------------------------------------------------
REPORT:,WindowZoneSummaryMonthly
FOR:,PERIMETER_BOT_ZN_4
Custom Monthly Report

,,ZONE WINDOWS TOTAL HEAT GAIN RATE [W],ZONE WINDOWS TOTAL HEAT LOSS RATE [W],ZONE WINDOWS TOTAL TRANSMITTED SOLAR RADIATION RATE [W],ZONE EXTERIOR WINDOWS TOTAL TRANSMITTED BEAM SOLAR RADIATION RATE [W],ZONE EXTERIOR WINDOWS TOTAL TRANSMITTED DIFFUSE SOLAR RADIATION RATE [W],ZONE INTERIOR WINDOWS TOTAL TRANSMITTED DIFFUSE SOLAR RADIATION RATE [W],ZONE INTERIOR WINDOWS TOTAL TRANSMITTED BEAM SOLAR RADIATION RATE [W]
,January,571.99,234.32,570.28,136.41,433.88,0.00,0.00
,February,1003.47,237.67,947.25,246.89,700.36,0.00,0.00
,March,1603.39,162.90,1417.43,528.62,888.81,0.00,0.00
,April,2039.95,110.66,1758.95,688.50,1070.45,0.00,0.00
,May,2523.61,70.17,2117.17,893.08,1224.09,0.00,0.00
,June,2675.91,42.90,2209.18,932.90,1276.28,0.00,0.00
,July,2993.52,29.32,2451.77,1153.37,1298.40,0.00,0.00
,August,2469.42,37.57,2029.60,853.91,1175.69,0.00,0.00
,September,1763.14,63.52,1470.23,553.64,916.59,0.00,0.00
,October,1210.34,106.96,1041.11,347.15,693.95,0.00,0.00
,November,634.71,160.83,591.53,121.95,469.58,0.00,0.00
,December,488.11,220.20,490.61,90.47,400.14,0.00,0.00
,,,,,,,,
,Annual Sum or Average,1668.99,122.46,1427.61,547.72,879.89,0.00,0.00
,Minimum of Months,488.11,29.32,490.61,90.47,400.14,0.00,0.00
,Maximum of Months,2993.52,237.67,2451.77,1153.37,1298.40,0.00,0.00


----------------------------------------------------------------------------------------------------
REPORT:,WindowZoneSummaryMonthly
FOR:,PERIMETER_MID_ZN_3
Custom Monthly Report

,,ZONE WINDOWS TOTAL HEAT GAIN RATE [W],ZONE WINDOWS TOTAL HEAT LOSS RATE [W],ZONE WINDOWS TOTAL TRANSMITTED SOLAR RADIATION RATE [W],ZONE EXTERIOR WINDOWS TOTAL TRANSMITTED BEAM SOLAR RADIATION RATE [W],ZONE EXTERIOR WINDOWS TOTAL TRANSMITTED DIFFUSE SOLAR RADIATION RATE [W],ZONE INTERIOR WINDOWS TOTAL TRANSMITTED DIFFUSE SOLAR RADIATION RATE [W],ZONE INTERIOR WINDOWS TOTAL TRANSMITTED BEAM SOLAR RADIATION RATE [W]
,January,472.00,353.47,541.67,0.00,541.67,0.00,0.00
,February,805.11,357.62,848.58,0.00,848.58,0.00,0.00
,March,1139.04,244.14,1088.50,0.00,1088.50,0.00,0.00
,April,1466.81,163.41,1329.17,5.63,1323.54,0.00,0.00
,May,1841.21,101.08,1568.32,67.43,1500.89,0.00,0.00
,June,2148.55,59.87,1764.35,157.10,1607.25,0.00,0.00
,July,2113.96,38.35,1702.53,120.66,1581.87,0.00,0.00
,August,1780.74,50.01,1455.23,23.56,1431.67,0.00,0.00
,September,1295.22,87.43,1095.06,0.23,1094.82,0.00,0.00
,October,953.74,153.20,855.26,0.00,855.26,0.00,0.00
,November,587.61,237.64,588.79,0.00,588.79,0.00,0.00
,December,440.17,330.29,497.78,0.00,497.78,0.00,0.00
,,,,,,,,
,Annual Sum or Average,1256.04,180.41,1112.52,31.37,1081.15,0.00,0.00
,Minimum of Months,440.17,38.35,497.78,0.00,497.78,0.00,0.00
,Maximum of Months,2148.55,357.62,1764.35,157.10,1607.25,0.00,0.00


----------------------------------------------------------------------------------------------------
REPORT:,WindowZoneSummaryMonthly
FOR:,PERIMETER_MID_ZN_2
Custom Monthly Report

,,ZONE WINDOWS TOTAL HEAT GAIN RATE [W],ZONE WINDOWS TOTAL HEAT LOSS RATE [W],ZONE WINDOWS TOTAL TRANSMITTED SOLAR RADIATION RATE [W],ZONE EXTERIOR WINDOWS TOTAL TRANSMITTED BEAM SOLAR RADIATION RATE [W],ZONE EXTERIOR WINDOWS TOTAL TRANSMITTED DIFFUSE SOLAR RADIATION RATE [W],ZONE INTERIOR WINDOWS TOTAL TRANSMITTED DIFFUSE SOLAR RADIATION RATE [W],ZONE INTERIOR WINDOWS TOTAL TRANSMITTED BEAM SOLAR RADIATION RATE [W]
,January,686.96,234.80,665.99,218.24,447.75,0.00,0.00
,February,936.28,236.77,895.49,204.87,690.63,0.00,0.00
,March,1548.45,162.70,1375.38,483.53,891.85,0.00,0.00
,April,2011.23,109.94,1739.11,685.94,1053.17,0.00,0.00
,May,2584.90,67.92,2171.36,978.06,1193.30,0.00,0.00
,June,2727.93,40.31,2255.28,980.60,1274.68,0.00,0.00
,July,2666.62,25.83,2181.85,934.22,1247.64,0.00,0.00
,August,2482.50,34.13,2041.61,851.77,1189.84,0.00,0.00
,September,1767.39,58.77,1474.64,581.64,893.00,0.00,0.00
,October,1258.95,102.42,1081.82,389.09,692.73,0.00,0.00
,November,649.50,158.17,604.01,142.17,461.84,0.00,0.00
,December,531.41,218.86,528.26,124.99,403.27,0.00,0.00
,,,,,,,,
,Annual Sum or Average,1658.77,120.25,1421.09,550.20,870.89,0.00,0.00
,Minimum of Months,531.41,25.83,528.26,124.99,403.27,0.00,0.00
,Maximum of Months,2727.93,236.77,2255.28,980.60,1274.68,0.00,0.00


----------------------------------------------------------------------------------------------------
REPORT:,WindowZoneSummaryMonthly
FOR:,PERIMETER_MID_ZN_1
Custom Monthly Report

,,ZONE WINDOWS TOTAL HEAT GAIN RATE [W],ZONE WINDOWS TOTAL HEAT LOSS RATE [W],ZONE WINDOWS TOTAL TRANSMITTED SOLAR RADIATION RATE [W],ZONE EXTERIOR WINDOWS TOTAL TRANSMITTED BEAM SOLAR RADIATION RATE [W],ZONE EXTERIOR WINDOWS TOTAL TRANSMITTED DIFFUSE SOLAR RADIATION RATE [W],ZONE INTERIOR WINDOWS TOTAL TRANSMITTED DIFFUSE SOLAR RADIATION RATE [W],ZONE INTERIOR WINDOWS TOTAL TRANSMITTED BEAM SOLAR RADIATION RATE [W]
,January,2586.41,351.62,2302.81,1333.23,969.58,0.00,0.00
,February,2880.71,355.19,2568.42,1174.61,1393.82,0.00,0.00
,March,3619.37,245.41,3118.64,1555.58,1563.06,0.00,0.00
,April,3230.22,166.75,2739.79,1078.44,1661.35,0.00,0.00
,May,2982.07,102.00,2453.83,711.48,1742.36,0.00,0.00
,June,2769.57,59.73,2233.67,469.30,1764.37,0.00,0.00
,July,2944.62,38.11,2340.22,570.36,1769.86,0.00,0.00
,August,3457.82,50.80,2786.56,998.80,1787.76,0.00,0.00
,September,3449.19,89.93,2843.49,1332.54,1510.94,0.00,0.00
,October,3325.35,155.85,2809.01,1505.51,1303.50,0.00,0.00
,November,1985.05,238.16,1748.04,800.18,947.86,0.00,0.00
,December,1895.63,327.75,1710.72,825.17,885.56,0.00,0.00
,,,,,,,,
,Annual Sum or Average,2928.30,180.82,2471.34,1029.61,1441.74,0.00,0.00
,Minimum of Months,1895.63,38.11,1710.72,469.30,885.56,0.00,0.00
,Maximum of Months,3619.37,355.19,3118.64,1555.58,1787.76,0.00,0.00


----------------------------------------------------------------------------------------------------
REPORT:,WindowZoneSummaryMonthly
FOR:,PERIMETER_MID_ZN_4
Custom Monthly Report

,,ZONE WINDOWS TOTAL HEAT GAIN RATE [W],ZONE WINDOWS TOTAL HEAT LOSS RATE [W],ZONE WINDOWS TOTAL TRANSMITTED SOLAR RADIATION RATE [W],ZONE EXTERIOR WINDOWS TOTAL TRANSMITTED BEAM SOLAR RADIATION RATE [W],ZONE EXTERIOR WINDOWS TOTAL TRANSMITTED DIFFUSE SOLAR RADIATION RATE [W],ZONE INTERIOR WINDOWS TOTAL TRANSMITTED DIFFUSE SOLAR RADIATION RATE [W],ZONE INTERIOR WINDOWS TOTAL TRANSMITTED BEAM SOLAR RADIATION RATE [W]
,January,570.23,235.29,570.29,136.41,433.88,0.00,0.00
,February,1001.17,238.47,947.26,246.90,700.37,0.00,0.00
,March,1600.36,163.85,1417.45,528.63,888.82,0.00,0.00
,April,2036.68,111.34,1758.98,688.51,1070.46,0.00,0.00
,May,2521.42,69.82,2117.19,893.09,1224.10,0.00,0.00
,June,2674.78,41.99,2209.21,932.91,1276.30,0.00,0.00
,July,2993.08,27.84,2451.80,1153.39,1298.41,0.00,0.00
,August,2469.43,35.39,2029.63,853.93,1175.70,0.00,0.00
,September,1763.51,60.54,1470.25,553.65,916.60,0.00,0.00
,October,1210.76,103.37,1041.12,347.16,693.96,0.00,0.00
,November,634.71,158.68,591.54,121.95,469.58,0.00,0.00
,December,487.26,219.86,490.62,90.47,400.15,0.00,0.00
,,,,,,,,
,Annual Sum or Average,1667.81,121.57,1427.63,547.72,879.90,0.00,0.00
,Minimum of Months,487.26,27.84,490.62,90.47,400.15,0.00,0.00
,Maximum of Months,2993.08,238.47,2451.80,1153.39,1298.41,0.00,0.00


----------------------------------------------------------------------------------------------------
REPORT:,WindowEnergyZoneSummaryMonthly
FOR:,CORE_BOTTOM
Custom Monthly Report

,,ZONE WINDOWS TOTAL HEAT GAIN ENERGY [J],ZONE WINDOWS TOTAL HEAT LOSS ENERGY [J],ZONE WINDOWS TOTAL TRANSMITTED SOLAR RADIATION ENERGY [J],ZONE EXTERIOR WINDOWS TOTAL TRANSMITTED BEAM SOLAR RADIATION ENERGY [J],ZONE EXTERIOR WINDOWS TOTAL TRANSMITTED DIFFUSE SOLAR RADIATION ENERGY [J],ZONE INTERIOR WINDOWS TOTAL TRANSMITTED DIFFUSE SOLAR RADIATION ENERGY [J],ZONE INTERIOR WINDOWS TOTAL TRANSMITTED BEAM SOLAR RADIATION ENERGY [J]
,January,0.00,0.00,0.00,0.00,0.00,0.00,0.00
,February,0.00,0.00,0.00,0.00,0.00,0.00,0.00
,March,0.00,0.00,0.00,0.00,0.00,0.00,0.00
,April,0.00,0.00,0.00,0.00,0.00,0.00,0.00
,May,0.00,0.00,0.00,0.00,0.00,0.00,0.00
,June,0.00,0.00,0.00,0.00,0.00,0.00,0.00
,July,0.00,0.00,0.00,0.00,0.00,0.00,0.00
,August,0.00,0.00,0.00,0.00,0.00,0.00,0.00
,September,0.00,0.00,0.00,0.00,0.00,0.00,0.00
,October,0.00,0.00,0.00,0.00,0.00,0.00,0.00
,November,0.00,0.00,0.00,0.00,0.00,0.00,0.00
,December,0.00,0.00,0.00,0.00,0.00,0.00,0.00
,,,,,,,,
,Annual Sum or Average,0.00,0.00,0.00,0.00,0.00,0.00,0.00
,Minimum of Months,0.00,0.00,0.00,0.00,0.00,0.00,0.00
,Maximum of Months,0.00,0.00,0.00,0.00,0.00,0.00,0.00


----------------------------------------------------------------------------------------------------
REPORT:,WindowEnergyZoneSummaryMonthly
FOR:,TOPFLOOR_PLENUM
Custom Monthly Report

,,ZONE WINDOWS TOTAL HEAT GAIN ENERGY [J],ZONE WINDOWS TOTAL HEAT LOSS ENERGY [J],ZONE WINDOWS TOTAL TRANSMITTED SOLAR RADIATION ENERGY [J],ZONE EXTERIOR WINDOWS TOTAL TRANSMITTED BEAM SOLAR RADIATION ENERGY [J],ZONE EXTERIOR WINDOWS TOTAL TRANSMITTED DIFFUSE SOLAR RADIATION ENERGY [J],ZONE INTERIOR WINDOWS TOTAL TRANSMITTED DIFFUSE SOLAR RADIATION ENERGY [J],ZONE INTERIOR WINDOWS TOTAL TRANSMITTED BEAM SOLAR RADIATION ENERGY [J]
,January,0.00,0.00,0.00,0.00,0.00,0.00,0.00
,February,0.00,0.00,0.00,0.00,0.00,0.00,0.00
,March,0.00,0.00,0.00,0.00,0.00,0.00,0.00
,April,0.00,0.00,0.00,0.00,0.00,0.00,0.00
,May,0.00,0.00,0.00,0.00,0.00,0.00,0.00
,June,0.00,0.00,0.00,0.00,0.00,0.00,0.00
,July,0.00,0.00,0.00,0.00,0.00,0.00,0.00
,August,0.00,0.00,0.00,0.00,0.00,0.00,0.00
,September,0.00,0.00,0.00,0.00,0.00,0.00,0.00
,October,0.00,0.00,0.00,0.00,0.00,0.00,0.00
,November,0.00,0.00,0.00,0.00,0.00,0.00,0.00
,December,0.00,0.00,0.00,0.00,0.00,0.00,0.00
,,,,,,,,
,Annual Sum or Average,0.00,0.00,0.00,0.00,0.00,0.00,0.00
,Minimum of Months,0.00,0.00,0.00,0.00,0.00,0.00,0.00
,Maximum of Months,0.00,0.00,0.00,0.00,0.00,0.00,0.00


----------------------------------------------------------------------------------------------------
REPORT:,WindowEnergyZoneSummaryMonthly
FOR:,MIDFLOOR_PLENUM
Custom Monthly Report

,,ZONE WINDOWS TOTAL HEAT GAIN ENERGY [J],ZONE WINDOWS TOTAL HEAT LOSS ENERGY [J],ZONE WINDOWS TOTAL TRANSMITTED SOLAR RADIATION ENERGY [J],ZONE EXTERIOR WINDOWS TOTAL TRANSMITTED BEAM SOLAR RADIATION ENERGY [J],ZONE EXTERIOR WINDOWS TOTAL TRANSMITTED DIFFUSE SOLAR RADIATION ENERGY [J],ZONE INTERIOR WINDOWS TOTAL TRANSMITTED DIFFUSE SOLAR RADIATION ENERGY [J],ZONE INTERIOR WINDOWS TOTAL TRANSMITTED BEAM SOLAR RADIATION ENERGY [J]
,January,0.00,0.00,0.00,0.00,0.00,0.00,0.00
,February,0.00,0.00,0.00,0.00,0.00,0.00,0.00
,March,0.00,0.00,0.00,0.00,0.00,0.00,0.00
,April,0.00,0.00,0.00,0.00,0.00,0.00,0.00
,May,0.00,0.00,0.00,0.00,0.00,0.00,0.00
,June,0.00,0.00,0.00,0.00,0.00,0.00,0.00
,July,0.00,0.00,0.00,0.00,0.00,0.00,0.00
,August,0.00,0.00,0.00,0.00,0.00,0.00,0.00
,September,0.00,0.00,0.00,0.00,0.00,0.00,0.00
,October,0.00,0.00,0.00,0.00,0.00,0.00,0.00
,November,0.00,0.00,0.00,0.00,0.00,0.00,0.00
,December,0.00,0.00,0.00,0.00,0.00,0.00,0.00
,,,,,,,,
,Annual Sum or Average,0.00,0.00,0.00,0.00,0.00,0.00,0.00
,Minimum of Months,0.00,0.00,0.00,0.00,0.00,0.00,0.00
,Maximum of Months,0.00,0.00,0.00,0.00,0.00,0.00,0.00


----------------------------------------------------------------------------------------------------
REPORT:,WindowEnergyZoneSummaryMonthly
FOR:,FIRSTFLOOR_PLENUM
Custom Monthly Report

,,ZONE WINDOWS TOTAL HEAT GAIN ENERGY [J],ZONE WINDOWS TOTAL HEAT LOSS ENERGY [J],ZONE WINDOWS TOTAL TRANSMITTED SOLAR RADIATION ENERGY [J],ZONE EXTERIOR WINDOWS TOTAL TRANSMITTED BEAM SOLAR RADIATION ENERGY [J],ZONE EXTERIOR WINDOWS TOTAL TRANSMITTED DIFFUSE SOLAR RADIATION ENERGY [J],ZONE INTERIOR WINDOWS TOTAL TRANSMITTED DIFFUSE SOLAR RADIATION ENERGY [J],ZONE INTERIOR WINDOWS TOTAL TRANSMITTED BEAM SOLAR RADIATION ENERGY [J]
,January,0.00,0.00,0.00,0.00,0.00,0.00,0.00
,February,0.00,0.00,0.00,0.00,0.00,0.00,0.00
,March,0.00,0.00,0.00,0.00,0.00,0.00,0.00
,April,0.00,0.00,0.00,0.00,0.00,0.00,0.00
,May,0.00,0.00,0.00,0.00,0.00,0.00,0.00
,June,0.00,0.00,0.00,0.00,0.00,0.00,0.00
,July,0.00,0.00,0.00,0.00,0.00,0.00,0.00
,August,0.00,0.00,0.00,0.00,0.00,0.00,0.00
,September,0.00,0.00,0.00,0.00,0.00,0.00,0.00
,October,0.00,0.00,0.00,0.00,0.00,0.00,0.00
,November,0.00,0.00,0.00,0.00,0.00,0.00,0.00
,December,0.00,0.00,0.00,0.00,0.00,0.00,0.00
,,,,,,,,
,Annual Sum or Average,0.00,0.00,0.00,0.00,0.00,0.00,0.00
,Minimum of Months,0.00,0.00,0.00,0.00,0.00,0.00,0.00
,Maximum of Months,0.00,0.00,0.00,0.00,0.00,0.00,0.00


----------------------------------------------------------------------------------------------------
REPORT:,WindowEnergyZoneSummaryMonthly
FOR:,CORE_MID
Custom Monthly Report

,,ZONE WINDOWS TOTAL HEAT GAIN ENERGY [J],ZONE WINDOWS TOTAL HEAT LOSS ENERGY [J],ZONE WINDOWS TOTAL TRANSMITTED SOLAR RADIATION ENERGY [J],ZONE EXTERIOR WINDOWS TOTAL TRANSMITTED BEAM SOLAR RADIATION ENERGY [J],ZONE EXTERIOR WINDOWS TOTAL TRANSMITTED DIFFUSE SOLAR RADIATION ENERGY [J],ZONE INTERIOR WINDOWS TOTAL TRANSMITTED DIFFUSE SOLAR RADIATION ENERGY [J],ZONE INTERIOR WINDOWS TOTAL TRANSMITTED BEAM SOLAR RADIATION ENERGY [J]
,January,0.00,0.00,0.00,0.00,0.00,0.00,0.00
,February,0.00,0.00,0.00,0.00,0.00,0.00,0.00
,March,0.00,0.00,0.00,0.00,0.00,0.00,0.00
,April,0.00,0.00,0.00,0.00,0.00,0.00,0.00
,May,0.00,0.00,0.00,0.00,0.00,0.00,0.00
,June,0.00,0.00,0.00,0.00,0.00,0.00,0.00
,July,0.00,0.00,0.00,0.00,0.00,0.00,0.00
,August,0.00,0.00,0.00,0.00,0.00,0.00,0.00
,September,0.00,0.00,0.00,0.00,0.00,0.00,0.00
,October,0.00,0.00,0.00,0.00,0.00,0.00,0.00
,November,0.00,0.00,0.00,0.00,0.00,0.00,0.00
,December,0.00,0.00,0.00,0.00,0.00,0.00,0.00
,,,,,,,,
,Annual Sum or Average,0.00,0.00,0.00,0.00,0.00,0.00,0.00
,Minimum of Months,0.00,0.00,0.00,0.00,0.00,0.00,0.00
,Maximum of Months,0.00,0.00,0.00,0.00,0.00,0.00,0.00


----------------------------------------------------------------------------------------------------
REPORT:,WindowEnergyZoneSummaryMonthly
FOR:,CORE_TOP
Custom Monthly Report

,,ZONE WINDOWS TOTAL HEAT GAIN ENERGY [J],ZONE WINDOWS TOTAL HEAT LOSS ENERGY [J],ZONE WINDOWS TOTAL TRANSMITTED SOLAR RADIATION ENERGY [J],ZONE EXTERIOR WINDOWS TOTAL TRANSMITTED BEAM SOLAR RADIATION ENERGY [J],ZONE EXTERIOR WINDOWS TOTAL TRANSMITTED DIFFUSE SOLAR RADIATION ENERGY [J],ZONE INTERIOR WINDOWS TOTAL TRANSMITTED DIFFUSE SOLAR RADIATION ENERGY [J],ZONE INTERIOR WINDOWS TOTAL TRANSMITTED BEAM SOLAR RADIATION ENERGY [J]
,January,0.00,0.00,0.00,0.00,0.00,0.00,0.00
,February,0.00,0.00,0.00,0.00,0.00,0.00,0.00
,March,0.00,0.00,0.00,0.00,0.00,0.00,0.00
,April,0.00,0.00,0.00,0.00,0.00,0.00,0.00
,May,0.00,0.00,0.00,0.00,0.00,0.00,0.00
,June,0.00,0.00,0.00,0.00,0.00,0.00,0.00
,July,0.00,0.00,0.00,0.00,0.00,0.00,0.00
,August,0.00,0.00,0.00,0.00,0.00,0.00,0.00
,September,0.00,0.00,0.00,0.00,0.00,0.00,0.00
,October,0.00,0.00,0.00,0.00,0.00,0.00,0.00
,November,0.00,0.00,0.00,0.00,0.00,0.00,0.00
,December,0.00,0.00,0.00,0.00,0.00,0.00,0.00
,,,,,,,,
,Annual Sum or Average,0.00,0.00,0.00,0.00,0.00,0.00,0.00
,Minimum of Months,0.00,0.00,0.00,0.00,0.00,0.00,0.00
,Maximum of Months,0.00,0.00,0.00,0.00,0.00,0.00,0.00


----------------------------------------------------------------------------------------------------
REPORT:,WindowEnergyZoneSummaryMonthly
FOR:,PERIMETER_TOP_ZN_3
Custom Monthly Report

,,ZONE WINDOWS TOTAL HEAT GAIN ENERGY [J],ZONE WINDOWS TOTAL HEAT LOSS ENERGY [J],ZONE WINDOWS TOTAL TRANSMITTED SOLAR RADIATION ENERGY [J],ZONE EXTERIOR WINDOWS TOTAL TRANSMITTED BEAM SOLAR RADIATION ENERGY [J],ZONE EXTERIOR WINDOWS TOTAL TRANSMITTED DIFFUSE SOLAR RADIATION ENERGY [J],ZONE INTERIOR WINDOWS TOTAL TRANSMITTED DIFFUSE SOLAR RADIATION ENERGY [J],ZONE INTERIOR WINDOWS TOTAL TRANSMITTED BEAM SOLAR RADIATION ENERGY [J]
,January,0.126873E+10,0.934233E+09,0.145082E+10,0.00,0.145082E+10,0.00,0.00
,February,0.195186E+10,0.854679E+09,0.205287E+10,0.00,0.205287E+10,0.00,0.00
,March,0.305452E+10,0.642728E+09,0.291544E+10,0.00,0.291544E+10,0.00,0.00
,April,0.380531E+10,0.414213E+09,0.344522E+10,14601863.52,0.343062E+10,0.00,0.00
,May,0.493486E+10,0.260876E+09,0.420058E+10,0.180595E+09,0.401999E+10,0.00,0.00
,June,0.556975E+10,0.150095E+09,0.457319E+10,0.407202E+09,0.416598E+10,0.00,0.00
,July,0.566137E+10,99284562.92,0.456004E+10,0.323174E+09,0.423687E+10,0.00,0.00
,August,0.476970E+10,0.128389E+09,0.389770E+10,63101841.36,0.383460E+10,0.00,0.00
,September,0.335956E+10,0.217502E+09,0.283839E+10,601129.80,0.283778E+10,0.00,0.00
,October,0.255836E+10,0.397665E+09,0.229073E+10,0.00,0.229073E+10,0.00,0.00
,November,0.152747E+10,0.604091E+09,0.152614E+10,0.00,0.152614E+10,0.00,0.00
,December,0.118322E+10,0.872217E+09,0.133325E+10,0.00,0.133325E+10,0.00,0.00
,,,,,,,,
,Annual Sum or Average,0.396447E+11,0.557597E+10,0.350844E+11,0.989275E+09,0.340951E+11,0.00,0.00
,Minimum of Months,0.118322E+10,99284562.92,0.133325E+10,0.00,0.133325E+10,0.00,0.00
,Maximum of Months,0.566137E+10,0.934233E+09,0.457319E+10,0.407202E+09,0.423687E+10,0.00,0.00


----------------------------------------------------------------------------------------------------
REPORT:,WindowEnergyZoneSummaryMonthly
FOR:,PERIMETER_TOP_ZN_2
Custom Monthly Report

,,ZONE WINDOWS TOTAL HEAT GAIN ENERGY [J],ZONE WINDOWS TOTAL HEAT LOSS ENERGY [J],ZONE WINDOWS TOTAL TRANSMITTED SOLAR RADIATION ENERGY [J],ZONE EXTERIOR WINDOWS TOTAL TRANSMITTED BEAM SOLAR RADIATION ENERGY [J],ZONE EXTERIOR WINDOWS TOTAL TRANSMITTED DIFFUSE SOLAR RADIATION ENERGY [J],ZONE INTERIOR WINDOWS TOTAL TRANSMITTED DIFFUSE SOLAR RADIATION ENERGY [J],ZONE INTERIOR WINDOWS TOTAL TRANSMITTED BEAM SOLAR RADIATION ENERGY [J]
,January,0.184419E+10,0.621136E+09,0.178378E+10,0.584521E+09,0.119925E+10,0.00,0.00
,February,0.226893E+10,0.566263E+09,0.216638E+10,0.495614E+09,0.167076E+10,0.00,0.00
,March,0.415151E+10,0.428680E+09,0.368382E+10,0.129509E+10,0.238873E+10,0.00,0.00
,April,0.521694E+10,0.278795E+09,0.450777E+10,0.177796E+10,0.272981E+10,0.00,0.00
,May,0.692809E+10,0.175221E+09,0.581578E+10,0.261964E+10,0.319614E+10,0.00,0.00
,June,0.707409E+10,0.100899E+09,0.584570E+10,0.254172E+10,0.330398E+10,0.00,0.00
,July,0.714467E+10,66693728.59,0.584388E+10,0.250221E+10,0.334167E+10,0.00,0.00
,August,0.665195E+10,87568222.48,0.546824E+10,0.228138E+10,0.318686E+10,0.00,0.00
,September,0.458439E+10,0.146308E+09,0.382226E+10,0.150760E+10,0.231466E+10,0.00,0.00
,October,0.337603E+10,0.266109E+09,0.289754E+10,0.104213E+10,0.185541E+10,0.00,0.00
,November,0.168769E+10,0.402687E+09,0.156559E+10,0.368506E+09,0.119708E+10,0.00,0.00
,December,0.142750E+10,0.578486E+09,0.141488E+10,0.334771E+09,0.108011E+10,0.00,0.00
,,,,,,,,
,Annual Sum or Average,0.523560E+11,0.371885E+10,0.448156E+11,0.173512E+11,0.274645E+11,0.00,0.00
,Minimum of Months,0.142750E+10,66693728.59,0.141488E+10,0.334771E+09,0.108011E+10,0.00,0.00
,Maximum of Months,0.714467E+10,0.621136E+09,0.584570E+10,0.261964E+10,0.334167E+10,0.00,0.00


----------------------------------------------------------------------------------------------------
REPORT:,WindowEnergyZoneSummaryMonthly
FOR:,PERIMETER_TOP_ZN_1
Custom Monthly Report

,,ZONE WINDOWS TOTAL HEAT GAIN ENERGY [J],ZONE WINDOWS TOTAL HEAT LOSS ENERGY [J],ZONE WINDOWS TOTAL TRANSMITTED SOLAR RADIATION ENERGY [J],ZONE EXTERIOR WINDOWS TOTAL TRANSMITTED BEAM SOLAR RADIATION ENERGY [J],ZONE EXTERIOR WINDOWS TOTAL TRANSMITTED DIFFUSE SOLAR RADIATION ENERGY [J],ZONE INTERIOR WINDOWS TOTAL TRANSMITTED DIFFUSE SOLAR RADIATION ENERGY [J],ZONE INTERIOR WINDOWS TOTAL TRANSMITTED BEAM SOLAR RADIATION ENERGY [J]
,January,0.693071E+10,0.929972E+09,0.616784E+10,0.357092E+10,0.259691E+10,0.00,0.00
,February,0.697210E+10,0.849146E+09,0.621353E+10,0.284161E+10,0.337192E+10,0.00,0.00
,March,0.969607E+10,0.645965E+09,0.835296E+10,0.416646E+10,0.418650E+10,0.00,0.00
,April,0.837464E+10,0.422315E+09,0.710153E+10,0.279531E+10,0.430622E+10,0.00,0.00
,May,0.798959E+10,0.262909E+09,0.657235E+10,0.190562E+10,0.466673E+10,0.00,0.00
,June,0.717903E+10,0.149485E+09,0.578968E+10,0.121642E+10,0.457326E+10,0.00,0.00
,July,0.788578E+10,98483186.42,0.626804E+10,0.152765E+10,0.474039E+10,0.00,0.00
,August,0.926060E+10,0.130402E+09,0.746353E+10,0.267519E+10,0.478833E+10,0.00,0.00
,September,0.894125E+10,0.224016E+09,0.737032E+10,0.345396E+10,0.391637E+10,0.00,0.00
,October,0.890880E+10,0.404192E+09,0.752365E+10,0.403236E+10,0.349129E+10,0.00,0.00
,November,0.514852E+10,0.605661E+09,0.453092E+10,0.207406E+10,0.245685E+10,0.00,0.00
,December,0.508078E+10,0.865900E+09,0.458200E+10,0.221012E+10,0.237188E+10,0.00,0.00
,,,,,,,,
,Annual Sum or Average,0.923679E+11,0.558845E+10,0.779363E+11,0.324697E+11,0.454666E+11,0.00,0.00
,Minimum of Months,0.508078E+10,98483186.42,0.453092E+10,0.121642E+10,0.237188E+10,0.00,0.00
,Maximum of Months,0.969607E+10,0.929972E+09,0.835296E+10,0.416646E+10,0.478833E+10,0.00,0.00


----------------------------------------------------------------------------------------------------
REPORT:,WindowEnergyZoneSummaryMonthly
FOR:,PERIMETER_TOP_ZN_4
Custom Monthly Report

,,ZONE WINDOWS TOTAL HEAT GAIN ENERGY [J],ZONE WINDOWS TOTAL HEAT LOSS ENERGY [J],ZONE WINDOWS TOTAL TRANSMITTED SOLAR RADIATION ENERGY [J],ZONE EXTERIOR WINDOWS TOTAL TRANSMITTED BEAM SOLAR RADIATION ENERGY [J],ZONE EXTERIOR WINDOWS TOTAL TRANSMITTED DIFFUSE SOLAR RADIATION ENERGY [J],ZONE INTERIOR WINDOWS TOTAL TRANSMITTED DIFFUSE SOLAR RADIATION ENERGY [J],ZONE INTERIOR WINDOWS TOTAL TRANSMITTED BEAM SOLAR RADIATION ENERGY [J]
,January,0.153009E+10,0.622434E+09,0.152747E+10,0.365355E+09,0.116212E+10,0.00,0.00
,February,0.242440E+10,0.570339E+09,0.229162E+10,0.597290E+09,0.169433E+10,0.00,0.00
,March,0.428828E+10,0.431572E+09,0.379651E+10,0.141589E+10,0.238062E+10,0.00,0.00
,April,0.528067E+10,0.282060E+09,0.455927E+10,0.178462E+10,0.277465E+10,0.00,0.00
,May,0.675497E+10,0.180169E+09,0.567069E+10,0.239206E+10,0.327863E+10,0.00,0.00
,June,0.693299E+10,0.105390E+09,0.572627E+10,0.241811E+10,0.330816E+10,0.00,0.00
,July,0.801563E+10,72162509.68,0.656691E+10,0.308925E+10,0.347766E+10,0.00,0.00
,August,0.661364E+10,91021478.33,0.543616E+10,0.228716E+10,0.314900E+10,0.00,0.00
,September,0.457207E+10,0.150979E+09,0.381088E+10,0.143506E+10,0.237582E+10,0.00,0.00
,October,0.324506E+10,0.268391E+09,0.278853E+10,0.929830E+09,0.185870E+10,0.00,0.00
,November,0.164786E+10,0.403871E+09,0.153326E+10,0.316107E+09,0.121716E+10,0.00,0.00
,December,0.130777E+10,0.581196E+09,0.131406E+10,0.242312E+09,0.107175E+10,0.00,0.00
,,,,,,,,
,Annual Sum or Average,0.526135E+11,0.375958E+10,0.450216E+11,0.172730E+11,0.277486E+11,0.00,0.00
,Minimum of Months,0.130777E+10,72162509.68,0.131406E+10,0.242312E+09,0.107175E+10,0.00,0.00
,Maximum of Months,0.801563E+10,0.622434E+09,0.656691E+10,0.308925E+10,0.347766E+10,0.00,0.00


----------------------------------------------------------------------------------------------------
REPORT:,WindowEnergyZoneSummaryMonthly
FOR:,PERIMETER_BOT_ZN_3
Custom Monthly Report

,,ZONE WINDOWS TOTAL HEAT GAIN ENERGY [J],ZONE WINDOWS TOTAL HEAT LOSS ENERGY [J],ZONE WINDOWS TOTAL TRANSMITTED SOLAR RADIATION ENERGY [J],ZONE EXTERIOR WINDOWS TOTAL TRANSMITTED BEAM SOLAR RADIATION ENERGY [J],ZONE EXTERIOR WINDOWS TOTAL TRANSMITTED DIFFUSE SOLAR RADIATION ENERGY [J],ZONE INTERIOR WINDOWS TOTAL TRANSMITTED DIFFUSE SOLAR RADIATION ENERGY [J],ZONE INTERIOR WINDOWS TOTAL TRANSMITTED BEAM SOLAR RADIATION ENERGY [J]
,January,0.127107E+10,0.940225E+09,0.145078E+10,0.00,0.145078E+10,0.00,0.00
,February,0.195636E+10,0.858464E+09,0.205283E+10,0.00,0.205283E+10,0.00,0.00
,March,0.306491E+10,0.642347E+09,0.291538E+10,0.00,0.291538E+10,0.00,0.00
,April,0.381680E+10,0.413166E+09,0.344515E+10,14601434.34,0.343054E+10,0.00,0.00
,May,0.494523E+10,0.260851E+09,0.420050E+10,0.180589E+09,0.401991E+10,0.00,0.00
,June,0.557691E+10,0.150608E+09,0.457309E+10,0.407190E+09,0.416590E+10,0.00,0.00
,July,0.566762E+10,99930973.57,0.455995E+10,0.323165E+09,0.423678E+10,0.00,0.00
,August,0.477141E+10,0.134029E+09,0.389762E+10,63099986.62,0.383452E+10,0.00,0.00
,September,0.335708E+10,0.230545E+09,0.283832E+10,601112.13,0.283772E+10,0.00,0.00
,October,0.255344E+10,0.418808E+09,0.229068E+10,0.00,0.229068E+10,0.00,0.00
,November,0.152311E+10,0.621996E+09,0.152610E+10,0.00,0.152610E+10,0.00,0.00
,December,0.118223E+10,0.884346E+09,0.133322E+10,0.00,0.133322E+10,0.00,0.00
,,,,,,,,
,Annual Sum or Average,0.396862E+11,0.565532E+10,0.350836E+11,0.989246E+09,0.340944E+11,0.00,0.00
,Minimum of Months,0.118223E+10,99930973.57,0.133322E+10,0.00,0.133322E+10,0.00,0.00
,Maximum of Months,0.566762E+10,0.940225E+09,0.457309E+10,0.407190E+09,0.423678E+10,0.00,0.00


----------------------------------------------------------------------------------------------------
REPORT:,WindowEnergyZoneSummaryMonthly
FOR:,PERIMETER_BOT_ZN_2
Custom Monthly Report

,,ZONE WINDOWS TOTAL HEAT GAIN ENERGY [J],ZONE WINDOWS TOTAL HEAT LOSS ENERGY [J],ZONE WINDOWS TOTAL TRANSMITTED SOLAR RADIATION ENERGY [J],ZONE EXTERIOR WINDOWS TOTAL TRANSMITTED BEAM SOLAR RADIATION ENERGY [J],ZONE EXTERIOR WINDOWS TOTAL TRANSMITTED DIFFUSE SOLAR RADIATION ENERGY [J],ZONE INTERIOR WINDOWS TOTAL TRANSMITTED DIFFUSE SOLAR RADIATION ENERGY [J],ZONE INTERIOR WINDOWS TOTAL TRANSMITTED BEAM SOLAR RADIATION ENERGY [J]
,January,0.184617E+10,0.627044E+09,0.178375E+10,0.584510E+09,0.119924E+10,0.00,0.00
,February,0.227210E+10,0.570736E+09,0.216634E+10,0.495605E+09,0.167074E+10,0.00,0.00
,March,0.415780E+10,0.432866E+09,0.368377E+10,0.129507E+10,0.238870E+10,0.00,0.00
,April,0.522335E+10,0.283348E+09,0.450770E+10,0.177792E+10,0.272978E+10,0.00,0.00
,May,0.693298E+10,0.181482E+09,0.581569E+10,0.261959E+10,0.319610E+10,0.00,0.00
,June,0.707742E+10,0.106162E+09,0.584561E+10,0.254167E+10,0.330394E+10,0.00,0.00
,July,0.714751E+10,71293920.14,0.584379E+10,0.250216E+10,0.334163E+10,0.00,0.00
,August,0.665281E+10,96757984.72,0.546815E+10,0.228134E+10,0.318682E+10,0.00,0.00
,September,0.458285E+10,0.159603E+09,0.382220E+10,0.150757E+10,0.231463E+10,0.00,0.00
,October,0.337303E+10,0.284115E+09,0.289750E+10,0.104211E+10,0.185539E+10,0.00,0.00
,November,0.168506E+10,0.415536E+09,0.156556E+10,0.368499E+09,0.119706E+10,0.00,0.00
,December,0.142705E+10,0.587479E+09,0.141486E+10,0.334764E+09,0.108009E+10,0.00,0.00
,,,,,,,,
,Annual Sum or Average,0.523781E+11,0.381642E+10,0.448149E+11,0.173508E+11,0.274641E+11,0.00,0.00
,Minimum of Months,0.142705E+10,71293920.14,0.141486E+10,0.334764E+09,0.108009E+10,0.00,0.00
,Maximum of Months,0.714751E+10,0.627044E+09,0.584561E+10,0.261959E+10,0.334163E+10,0.00,0.00


----------------------------------------------------------------------------------------------------
REPORT:,WindowEnergyZoneSummaryMonthly
FOR:,PERIMETER_BOT_ZN_1
Custom Monthly Report

,,ZONE WINDOWS TOTAL HEAT GAIN ENERGY [J],ZONE WINDOWS TOTAL HEAT LOSS ENERGY [J],ZONE WINDOWS TOTAL TRANSMITTED SOLAR RADIATION ENERGY [J],ZONE EXTERIOR WINDOWS TOTAL TRANSMITTED BEAM SOLAR RADIATION ENERGY [J],ZONE EXTERIOR WINDOWS TOTAL TRANSMITTED DIFFUSE SOLAR RADIATION ENERGY [J],ZONE INTERIOR WINDOWS TOTAL TRANSMITTED DIFFUSE SOLAR RADIATION ENERGY [J],ZONE INTERIOR WINDOWS TOTAL TRANSMITTED BEAM SOLAR RADIATION ENERGY [J]
,January,0.693439E+10,0.947976E+09,0.616760E+10,0.357078E+10,0.259682E+10,0.00,0.00
,February,0.697639E+10,0.864942E+09,0.621329E+10,0.284149E+10,0.337180E+10,0.00,0.00
,March,0.970442E+10,0.661904E+09,0.835265E+10,0.416629E+10,0.418636E+10,0.00,0.00
,April,0.838336E+10,0.432926E+09,0.710128E+10,0.279520E+10,0.430608E+10,0.00,0.00
,May,0.799680E+10,0.271414E+09,0.657213E+10,0.190554E+10,0.466659E+10,0.00,0.00
,June,0.718481E+10,0.153861E+09,0.578949E+10,0.121637E+10,0.457313E+10,0.00,0.00
,July,0.789043E+10,0.102938E+09,0.626783E+10,0.152759E+10,0.474025E+10,0.00,0.00
,August,0.926150E+10,0.144601E+09,0.746326E+10,0.267508E+10,0.478818E+10,0.00,0.00
,September,0.893836E+10,0.250021E+09,0.737005E+10,0.345381E+10,0.391624E+10,0.00,0.00
,October,0.890460E+10,0.442428E+09,0.752336E+10,0.403219E+10,0.349117E+10,0.00,0.00
,November,0.514486E+10,0.632960E+09,0.453074E+10,0.207398E+10,0.245677E+10,0.00,0.00
,December,0.508056E+10,0.886413E+09,0.458182E+10,0.221003E+10,0.237179E+10,0.00,0.00
,,,,,,,,
,Annual Sum or Average,0.924005E+11,0.579238E+10,0.779335E+11,0.324683E+11,0.454652E+11,0.00,0.00
,Minimum of Months,0.508056E+10,0.102938E+09,0.453074E+10,0.121637E+10,0.237179E+10,0.00,0.00
,Maximum of Months,0.970442E+10,0.947976E+09,0.835265E+10,0.416629E+10,0.478818E+10,0.00,0.00


----------------------------------------------------------------------------------------------------
REPORT:,WindowEnergyZoneSummaryMonthly
FOR:,PERIMETER_BOT_ZN_4
Custom Monthly Report

,,ZONE WINDOWS TOTAL HEAT GAIN ENERGY [J],ZONE WINDOWS TOTAL HEAT LOSS ENERGY [J],ZONE WINDOWS TOTAL TRANSMITTED SOLAR RADIATION ENERGY [J],ZONE EXTERIOR WINDOWS TOTAL TRANSMITTED BEAM SOLAR RADIATION ENERGY [J],ZONE EXTERIOR WINDOWS TOTAL TRANSMITTED DIFFUSE SOLAR RADIATION ENERGY [J],ZONE INTERIOR WINDOWS TOTAL TRANSMITTED DIFFUSE SOLAR RADIATION ENERGY [J],ZONE INTERIOR WINDOWS TOTAL TRANSMITTED BEAM SOLAR RADIATION ENERGY [J]
,January,0.153201E+10,0.627596E+09,0.152745E+10,0.365349E+09,0.116210E+10,0.00,0.00
,February,0.242759E+10,0.574981E+09,0.229159E+10,0.597280E+09,0.169431E+10,0.00,0.00
,March,0.429451E+10,0.436301E+09,0.379646E+10,0.141587E+10,0.238059E+10,0.00,0.00
,April,0.528754E+10,0.286833E+09,0.455921E+10,0.178459E+10,0.277462E+10,0.00,0.00
,May,0.675923E+10,0.187946E+09,0.567062E+10,0.239202E+10,0.327860E+10,0.00,0.00
,June,0.693596E+10,0.111206E+09,0.572620E+10,0.241807E+10,0.330813E+10,0.00,0.00
,July,0.801784E+10,78522915.79,0.656682E+10,0.308920E+10,0.347762E+10,0.00,0.00
,August,0.661409E+10,0.100634E+09,0.543609E+10,0.228712E+10,0.314897E+10,0.00,0.00
,September,0.457005E+10,0.164635E+09,0.381083E+10,0.143504E+10,0.237579E+10,0.00,0.00
,October,0.324178E+10,0.286483E+09,0.278850E+10,0.929815E+09,0.185868E+10,0.00,0.00
,November,0.164517E+10,0.416871E+09,0.153324E+10,0.316102E+09,0.121714E+10,0.00,0.00
,December,0.130735E+10,0.589792E+09,0.131405E+10,0.242308E+09,0.107174E+10,0.00,0.00
,,,,,,,,
,Annual Sum or Average,0.526331E+11,0.386180E+10,0.450210E+11,0.172728E+11,0.277483E+11,0.00,0.00
,Minimum of Months,0.130735E+10,78522915.79,0.131405E+10,0.242308E+09,0.107174E+10,0.00,0.00
,Maximum of Months,0.801784E+10,0.627596E+09,0.656682E+10,0.308920E+10,0.347762E+10,0.00,0.00


----------------------------------------------------------------------------------------------------
REPORT:,WindowEnergyZoneSummaryMonthly
FOR:,PERIMETER_MID_ZN_3
Custom Monthly Report

,,ZONE WINDOWS TOTAL HEAT GAIN ENERGY [J],ZONE WINDOWS TOTAL HEAT LOSS ENERGY [J],ZONE WINDOWS TOTAL TRANSMITTED SOLAR RADIATION ENERGY [J],ZONE EXTERIOR WINDOWS TOTAL TRANSMITTED BEAM SOLAR RADIATION ENERGY [J],ZONE EXTERIOR WINDOWS TOTAL TRANSMITTED DIFFUSE SOLAR RADIATION ENERGY [J],ZONE INTERIOR WINDOWS TOTAL TRANSMITTED DIFFUSE SOLAR RADIATION ENERGY [J],ZONE INTERIOR WINDOWS TOTAL TRANSMITTED BEAM SOLAR RADIATION ENERGY [J]
,January,0.126420E+10,0.946729E+09,0.145082E+10,0.00,0.145082E+10,0.00,0.00
,February,0.194773E+10,0.865146E+09,0.205287E+10,0.00,0.205287E+10,0.00,0.00
,March,0.305081E+10,0.653894E+09,0.291544E+10,0.00,0.291544E+10,0.00,0.00
,April,0.380196E+10,0.423552E+09,0.344522E+10,14601863.52,0.343062E+10,0.00,0.00
,May,0.493149E+10,0.270733E+09,0.420058E+10,0.180595E+09,0.401999E+10,0.00,0.00
,June,0.556904E+10,0.155190E+09,0.457319E+10,0.407202E+09,0.416598E+10,0.00,0.00
,July,0.566202E+10,0.102713E+09,0.456004E+10,0.323174E+09,0.423687E+10,0.00,0.00
,August,0.476954E+10,0.133938E+09,0.389770E+10,63101841.36,0.383460E+10,0.00,0.00
,September,0.335720E+10,0.226622E+09,0.283839E+10,601129.80,0.283778E+10,0.00,0.00
,October,0.255451E+10,0.410328E+09,0.229073E+10,0.00,0.229073E+10,0.00,0.00
,November,0.152308E+10,0.615959E+09,0.152614E+10,0.00,0.152614E+10,0.00,0.00
,December,0.117896E+10,0.884655E+09,0.133325E+10,0.00,0.133325E+10,0.00,0.00
,,,,,,,,
,Annual Sum or Average,0.396105E+11,0.568946E+10,0.350844E+11,0.989275E+09,0.340951E+11,0.00,0.00
,Minimum of Months,0.117896E+10,0.102713E+09,0.133325E+10,0.00,0.133325E+10,0.00,0.00
,Maximum of Months,0.566202E+10,0.946729E+09,0.457319E+10,0.407202E+09,0.423687E+10,0.00,0.00


----------------------------------------------------------------------------------------------------
REPORT:,WindowEnergyZoneSummaryMonthly
FOR:,PERIMETER_MID_ZN_2
Custom Monthly Report

,,ZONE WINDOWS TOTAL HEAT GAIN ENERGY [J],ZONE WINDOWS TOTAL HEAT LOSS ENERGY [J],ZONE WINDOWS TOTAL TRANSMITTED SOLAR RADIATION ENERGY [J],ZONE EXTERIOR WINDOWS TOTAL TRANSMITTED BEAM SOLAR RADIATION ENERGY [J],ZONE EXTERIOR WINDOWS TOTAL TRANSMITTED DIFFUSE SOLAR RADIATION ENERGY [J],ZONE INTERIOR WINDOWS TOTAL TRANSMITTED DIFFUSE SOLAR RADIATION ENERGY [J],ZONE INTERIOR WINDOWS TOTAL TRANSMITTED BEAM SOLAR RADIATION ENERGY [J]
,January,0.183996E+10,0.628878E+09,0.178378E+10,0.584521E+09,0.119925E+10,0.00,0.00
,February,0.226504E+10,0.572788E+09,0.216638E+10,0.495614E+09,0.167076E+10,0.00,0.00
,March,0.414738E+10,0.435789E+09,0.368382E+10,0.129509E+10,0.238873E+10,0.00,0.00
,April,0.521310E+10,0.284955E+09,0.450777E+10,0.177796E+10,0.272981E+10,0.00,0.00
,May,0.692339E+10,0.181925E+09,0.581578E+10,0.261964E+10,0.319614E+10,0.00,0.00
,June,0.707078E+10,0.104492E+09,0.584570E+10,0.254172E+10,0.330398E+10,0.00,0.00
,July,0.714227E+10,69175758.14,0.584388E+10,0.250221E+10,0.334167E+10,0.00,0.00
,August,0.664913E+10,91424082.16,0.546824E+10,0.228138E+10,0.318686E+10,0.00,0.00
,September,0.458107E+10,0.152328E+09,0.382226E+10,0.150760E+10,0.231466E+10,0.00,0.00
,October,0.337198E+10,0.274325E+09,0.289754E+10,0.104213E+10,0.185541E+10,0.00,0.00
,November,0.168351E+10,0.409970E+09,0.156559E+10,0.368506E+09,0.119708E+10,0.00,0.00
,December,0.142332E+10,0.586185E+09,0.141488E+10,0.334771E+09,0.108011E+10,0.00,0.00
,,,,,,,,
,Annual Sum or Average,0.523109E+11,0.379223E+10,0.448156E+11,0.173512E+11,0.274645E+11,0.00,0.00
,Minimum of Months,0.142332E+10,69175758.14,0.141488E+10,0.334771E+09,0.108011E+10,0.00,0.00
,Maximum of Months,0.714227E+10,0.628878E+09,0.584570E+10,0.261964E+10,0.334167E+10,0.00,0.00


----------------------------------------------------------------------------------------------------
REPORT:,WindowEnergyZoneSummaryMonthly
FOR:,PERIMETER_MID_ZN_1
Custom Monthly Report

,,ZONE WINDOWS TOTAL HEAT GAIN ENERGY [J],ZONE WINDOWS TOTAL HEAT LOSS ENERGY [J],ZONE WINDOWS TOTAL TRANSMITTED SOLAR RADIATION ENERGY [J],ZONE EXTERIOR WINDOWS TOTAL TRANSMITTED BEAM SOLAR RADIATION ENERGY [J],ZONE EXTERIOR WINDOWS TOTAL TRANSMITTED DIFFUSE SOLAR RADIATION ENERGY [J],ZONE INTERIOR WINDOWS TOTAL TRANSMITTED DIFFUSE SOLAR RADIATION ENERGY [J],ZONE INTERIOR WINDOWS TOTAL TRANSMITTED BEAM SOLAR RADIATION ENERGY [J]
,January,0.692743E+10,0.941777E+09,0.616784E+10,0.357092E+10,0.259691E+10,0.00,0.00
,February,0.696901E+10,0.859283E+09,0.621353E+10,0.284161E+10,0.337192E+10,0.00,0.00
,March,0.969411E+10,0.657305E+09,0.835296E+10,0.416646E+10,0.418650E+10,0.00,0.00
,April,0.837274E+10,0.432211E+09,0.710153E+10,0.279531E+10,0.430622E+10,0.00,0.00
,May,0.798717E+10,0.273197E+09,0.657235E+10,0.190562E+10,0.466673E+10,0.00,0.00
,June,0.717872E+10,0.154815E+09,0.578968E+10,0.121642E+10,0.457326E+10,0.00,0.00
,July,0.788687E+10,0.102072E+09,0.626804E+10,0.152765E+10,0.474039E+10,0.00,0.00
,August,0.926144E+10,0.136052E+09,0.746353E+10,0.267519E+10,0.478833E+10,0.00,0.00
,September,0.894031E+10,0.233087E+09,0.737032E+10,0.345396E+10,0.391637E+10,0.00,0.00
,October,0.890662E+10,0.417440E+09,0.752365E+10,0.403236E+10,0.349129E+10,0.00,0.00
,November,0.514524E+10,0.617312E+09,0.453092E+10,0.207406E+10,0.245685E+10,0.00,0.00
,December,0.507725E+10,0.877854E+09,0.458200E+10,0.221012E+10,0.237188E+10,0.00,0.00
,,,,,,,,
,Annual Sum or Average,0.923469E+11,0.570241E+10,0.779363E+11,0.324697E+11,0.454666E+11,0.00,0.00
,Minimum of Months,0.507725E+10,0.102072E+09,0.453092E+10,0.121642E+10,0.237188E+10,0.00,0.00
,Maximum of Months,0.969411E+10,0.941777E+09,0.835296E+10,0.416646E+10,0.478833E+10,0.00,0.00


----------------------------------------------------------------------------------------------------
REPORT:,WindowEnergyZoneSummaryMonthly
FOR:,PERIMETER_MID_ZN_4
Custom Monthly Report

,,ZONE WINDOWS TOTAL HEAT GAIN ENERGY [J],ZONE WINDOWS TOTAL HEAT LOSS ENERGY [J],ZONE WINDOWS TOTAL TRANSMITTED SOLAR RADIATION ENERGY [J],ZONE EXTERIOR WINDOWS TOTAL TRANSMITTED BEAM SOLAR RADIATION ENERGY [J],ZONE EXTERIOR WINDOWS TOTAL TRANSMITTED DIFFUSE SOLAR RADIATION ENERGY [J],ZONE INTERIOR WINDOWS TOTAL TRANSMITTED DIFFUSE SOLAR RADIATION ENERGY [J],ZONE INTERIOR WINDOWS TOTAL TRANSMITTED BEAM SOLAR RADIATION ENERGY [J]
,January,0.152730E+10,0.630196E+09,0.152747E+10,0.365355E+09,0.116212E+10,0.00,0.00
,February,0.242203E+10,0.576902E+09,0.229162E+10,0.597290E+09,0.169433E+10,0.00,0.00
,March,0.428640E+10,0.438851E+09,0.379651E+10,0.141589E+10,0.238062E+10,0.00,0.00
,April,0.527908E+10,0.288594E+09,0.455927E+10,0.178462E+10,0.277465E+10,0.00,0.00
,May,0.675336E+10,0.187017E+09,0.567069E+10,0.239206E+10,0.327863E+10,0.00,0.00
,June,0.693302E+10,0.108840E+09,0.572627E+10,0.241811E+10,0.330816E+10,0.00,0.00
,July,0.801667E+10,74579240.89,0.656691E+10,0.308925E+10,0.347766E+10,0.00,0.00
,August,0.661411E+10,94798821.91,0.543616E+10,0.228716E+10,0.314900E+10,0.00,0.00
,September,0.457102E+10,0.156910E+09,0.381088E+10,0.143506E+10,0.237582E+10,0.00,0.00
,October,0.324291E+10,0.276869E+09,0.278853E+10,0.929830E+09,0.185870E+10,0.00,0.00
,November,0.164518E+10,0.411308E+09,0.153326E+10,0.316107E+09,0.121716E+10,0.00,0.00
,December,0.130508E+10,0.588869E+09,0.131406E+10,0.242312E+09,0.107175E+10,0.00,0.00
,,,,,,,,
,Annual Sum or Average,0.525962E+11,0.383373E+10,0.450216E+11,0.172730E+11,0.277486E+11,0.00,0.00
,Minimum of Months,0.130508E+10,74579240.89,0.131406E+10,0.242312E+09,0.107175E+10,0.00,0.00
,Maximum of Months,0.801667E+10,0.630196E+09,0.656691E+10,0.308925E+10,0.347766E+10,0.00,0.00


----------------------------------------------------------------------------------------------------
REPORT:,AverageOutdoorConditionsMonthly
FOR:,Environment
Custom Monthly Report

,,SITE OUTDOOR AIR DRYBULB TEMPERATURE [C],SITE OUTDOOR AIR WETBULB TEMPERATURE [C],SITE OUTDOOR AIR DEWPOINT TEMPERATURE [C],SITE WIND SPEED [m/s],SITE SKY TEMPERATURE [C],SITE DIFFUSE SOLAR RADIATION RATE PER AREA [W/m2],SITE DIRECT SOLAR RADIATION RATE PER AREA [W/m2],SITE RAIN STATUS []
,January,-3.4,-5.0,-8.8,5.96,-14.4,41.15,62.17,0.00
,February,-5.5,-6.5,-9.4,5.33,-16.2,69.00,64.49,0.00
,March,2.03,0.23,-2.3,5.98,-8.5,81.00,120.20,0.00
,April,7.60,4.58,0.84,5.94,-2.7,95.50,149.14,0.00
,May,14.21,10.32,6.93,4.88,3.94,101.29,201.20,0.00
,June,18.90,14.68,11.84,4.48,9.61,107.66,208.29,0.00
,July,22.15,17.61,14.99,4.75,12.61,105.00,213.84,0.00
,August,20.41,16.62,14.45,4.40,11.16,100.97,178.89,0.00
,September,16.49,13.80,11.91,4.21,8.18,78.79,129.88,0.00
,October,10.98,8.18,5.50,5.17,1.90,63.55,94.31,0.00
,November,4.56,2.91,0.76,5.19,-3.8,47.45,39.81,0.00
,December,-1.5,-2.7,-5.0,5.33,-10.9,40.27,37.67,0.00
,,,,,,,,,
,Annual Sum or Average,9.00,6.30,3.55,5.13,-0.7,77.66,125.41,0.00
,Minimum of Months,-5.5,-6.5,-9.4,4.21,-16.2,40.27,37.67,0.00
,Maximum of Months,22.15,17.61,14.99,5.98,12.61,107.66,213.84,0.00


----------------------------------------------------------------------------------------------------
REPORT:,OutdoorConditionsMaximumDryBulbMonthly
FOR:,Environment
Custom Monthly Report

,,SITE OUTDOOR AIR DRYBULB TEMPERATURE {Maximum} [C],SITE OUTDOOR AIR DRYBULB TEMPERATURE {TIMESTAMP},SITE OUTDOOR AIR WETBULB TEMPERATURE {AT MAX/MIN} [C],SITE OUTDOOR AIR DEWPOINT TEMPERATURE {AT MAX/MIN} [C],SITE WIND SPEED {AT MAX/MIN} [m/s],SITE SKY TEMPERATURE {AT MAX/MIN} [C],SITE DIFFUSE SOLAR RADIATION RATE PER AREA {AT MAX/MIN} [W/m2],SITE DIRECT SOLAR RADIATION RATE PER AREA {AT MAX/MIN} [W/m2]
,January,11.70,11-JAN-15:00,10.14,8.90,13.40,7.15,65.50,1.00
,February,11.70,05-FEB-04:00,8.29,5.00,10.30,6.15,0.00,0.00
,March,21.70,31-MAR-09:00,14.20,8.90,9.30,10.30,243.00,351.50
,April,23.30,30-APR-15:00,12.03,1.70,4.60,6.55,70.50,836.50
,May,31.10,23-MAY-14:00,19.32,12.80,2.10,16.49,151.50,768.50
,June,29.40,10-JUN-14:00,18.71,12.80,4.60,17.21,154.50,723.00
,July,33.90,02-JUL-13:00,21.39,15.60,6.70,19.87,99.00,911.50
,August,31.10,09-AUG-12:00,22.26,18.30,5.70,23.49,387.00,154.50
,September,30.00,13-SEP-13:00,19.18,13.30,2.10,17.03,190.50,628.00
,October,24.40,02-OCT-15:00,17.98,14.40,6.70,10.50,63.00,636.00
,November,21.10,01-NOV-08:00,15.36,11.70,9.80,11.46,121.50,103.50
,December,15.60,05-DEC-09:00,13.30,11.70,4.10,11.65,120.00,36.00
,,,,,,,,,
,Annual Sum or Average,,,,,,,,
,Minimum of Months,11.70,,8.29,1.70,2.10,6.15,0.00,0.00
,Maximum of Months,33.90,,22.26,18.30,13.40,23.49,387.00,911.50


----------------------------------------------------------------------------------------------------
REPORT:,OutdoorConditionsMinimumDryBulbMonthly
FOR:,Environment
Custom Monthly Report

,,SITE OUTDOOR AIR DRYBULB TEMPERATURE {MINIMUM} [C],SITE OUTDOOR AIR DRYBULB TEMPERATURE {TIMESTAMP},SITE OUTDOOR AIR WETBULB TEMPERATURE {AT MAX/MIN} [C],SITE OUTDOOR AIR DEWPOINT TEMPERATURE {AT MAX/MIN} [C],SITE WIND SPEED {AT MAX/MIN} [m/s],SITE SKY TEMPERATURE {AT MAX/MIN} [C],SITE DIFFUSE SOLAR RADIATION RATE PER AREA {AT MAX/MIN} [W/m2],SITE DIRECT SOLAR RADIATION RATE PER AREA {AT MAX/MIN} [W/m2]
,January,-13.9,31-JAN-01:00,-14.5,-17.2,1.50,-25.9,0.00,0.00
,February,-21.1,11-FEB-01:00,-21.6,-25.6,2.10,-38.8,0.00,0.00
,March,-13.9,03-MAR-06:00,-15.1,-21.7,7.70,-25.3,29.00,12.00
,April,-5.0,04-APR-03:00,-6.0,-8.3,2.10,-21.3,0.00,0.00
,May,3.30,08-MAY-04:00,2.10,0.60,2.10,-8.8,0.00,0.00
,June,7.20,04-JUN-04:49,6.41,5.68,1.50,-6.8,14.33,120.00
,July,10.60,16-JUL-03:00,9.38,8.30,2.10,-3.9,0.00,0.00
,August,9.40,13-AUG-03:00,8.82,8.30,0.00,-5.0,0.00,0.00
,September,4.40,18-SEP-05:00,3.64,2.80,2.60,-11.2,0.00,0.00
,October,-2.8,29-OCT-06:00,-4.1,-6.7,2.60,-17.3,19.00,187.00
,November,-9.4,26-NOV-07:00,-9.5,-10.0,4.10,-25.0,29.00,317.00
,December,-16.1,19-DEC-03:00,-16.5,-18.3,3.60,-35.1,0.00,0.00
,,,,,,,,,
,Annual Sum or Average,,,,,,,,
,Minimum of Months,-21.1,,-21.6,-25.6,0.00,-38.8,0.00,0.00
,Maximum of Months,10.60,,9.38,8.30,7.70,-3.9,29.00,317.00


----------------------------------------------------------------------------------------------------
REPORT:,OutdoorConditionsMaximumWetBulbMonthly
FOR:,Environment
Custom Monthly Report

,,SITE OUTDOOR AIR WETBULB TEMPERATURE {Maximum} [C],SITE OUTDOOR AIR WETBULB TEMPERATURE {TIMESTAMP},SITE OUTDOOR AIR DRYBULB TEMPERATURE {AT MAX/MIN} [C],SITE OUTDOOR AIR DEWPOINT TEMPERATURE {AT MAX/MIN} [C],SITE WIND SPEED {AT MAX/MIN} [m/s],SITE SKY TEMPERATURE {AT MAX/MIN} [C],SITE DIFFUSE SOLAR RADIATION RATE PER AREA {AT MAX/MIN} [W/m2],SITE DIRECT SOLAR RADIATION RATE PER AREA {AT MAX/MIN} [W/m2]
,January,10.21,11-JAN-17:00,11.10,9.40,10.30,6.55,0.00,0.00
,February,8.49,05-FEB-06:00,11.70,5.60,9.30,6.35,0.00,0.00
,March,14.77,31-MAR-15:00,18.90,12.20,7.70,14.84,159.50,5.50
,April,17.15,14-APR-12:00,22.20,14.40,9.30,10.69,167.50,586.50
,May,21.17,31-MAY-11:00,27.80,18.30,8.20,18.28,325.00,573.50
,June,23.12,17-JUN-13:00,28.30,21.10,6.20,20.05,222.50,601.50
,July,24.29,12-JUL-14:00,30.00,22.20,8.20,18.99,236.50,609.00
,August,22.96,22-AUG-12:00,26.10,21.70,8.80,24.33,404.00,58.50
,September,21.48,02-SEP-05:00,22.20,21.10,4.10,15.57,23.00,102.50
,October,18.53,05-OCT-12:00,22.20,16.70,7.20,12.03,225.00,535.00
,November,15.76,01-NOV-09:00,20.60,12.80,5.20,16.67,167.00,19.00
,December,13.30,05-DEC-09:00,15.60,11.70,4.10,11.65,120.00,36.00
,,,,,,,,,
,Annual Sum or Average,,,,,,,,
,Minimum of Months,8.49,,11.10,5.60,4.10,6.35,0.00,0.00
,Maximum of Months,24.29,,30.00,22.20,10.30,24.33,404.00,609.00


----------------------------------------------------------------------------------------------------
REPORT:,OutdoorConditionsMaximumDewPointMonthly
FOR:,Environment
Custom Monthly Report

,,SITE OUTDOOR AIR DEWPOINT TEMPERATURE {Maximum} [C],SITE OUTDOOR AIR DEWPOINT TEMPERATURE {TIMESTAMP},SITE OUTDOOR AIR DRYBULB TEMPERATURE {AT MAX/MIN} [C],SITE OUTDOOR AIR WETBULB TEMPERATURE {AT MAX/MIN} [C],SITE WIND SPEED {AT MAX/MIN} [m/s],SITE SKY TEMPERATURE {AT MAX/MIN} [C],SITE DIFFUSE SOLAR RADIATION RATE PER AREA {AT MAX/MIN} [W/m2],SITE DIRECT SOLAR RADIATION RATE PER AREA {AT MAX/MIN} [W/m2]
,January,9.40,11-JAN-13:00,10.00,9.66,12.90,5.54,95.50,2.00
,February,5.60,05-FEB-06:00,11.70,8.49,9.30,6.35,0.00,0.00
,March,13.30,31-MAR-17:00,16.30,14.40,7.70,12.60,30.00,1.00
,April,15.10,14-APR-16:00,19.80,16.73,4.80,16.49,110.50,3.50
,May,18.90,30-MAY-16:00,25.00,20.79,5.20,15.76,153.00,255.00
,June,21.70,17-JUN-17:00,25.60,22.78,5.20,17.57,73.00,219.00
,July,22.80,12-JUL-17:19,27.77,24.11,6.87,19.17,170.17,282.00
,August,22.20,22-AUG-17:00,24.10,22.71,4.50,20.40,74.50,77.00
,September,21.10,02-SEP-05:00,22.20,21.48,4.10,15.57,23.00,102.50
,October,16.70,05-OCT-12:00,22.20,18.53,7.20,12.03,225.00,535.00
,November,13.90,01-NOV-13:00,17.20,15.15,6.70,13.73,177.50,5.50
,December,11.70,05-DEC-09:00,15.60,13.30,4.10,11.65,120.00,36.00
,,,,,,,,,
,Annual Sum or Average,,,,,,,,
,Minimum of Months,5.60,,10.00,8.49,4.10,5.54,0.00,0.00
,Maximum of Months,22.80,,27.77,24.11,12.90,20.40,225.00,535.00


----------------------------------------------------------------------------------------------------
REPORT:,OutdoorGroundConditionsMonthly
FOR:,Environment
Custom Monthly Report

,,SITE GROUND TEMPERATURE [C],SITE SURFACE GROUND TEMPERATURE [C],SITE DEEP GROUND TEMPERATURE [C],SITE MAINS WATER TEMPERATURE [C],SITE GROUND REFLECTED SOLAR RADIATION RATE PER AREA [W/m2],SITE SNOW ON GROUND STATUS []
,January,18.00,13.00,16.00,7.32,12.49,0.32
,February,18.00,13.00,16.00,6.57,19.15,0.89
,March,18.00,13.00,16.00,7.29,29.15,0.35
,April,18.00,13.00,16.00,9.34,37.81,0.00
,May,18.00,13.00,16.00,12.19,47.45,0.00
,June,18.00,13.00,16.00,15.07,50.37,0.00
,July,18.00,13.00,16.00,17.20,49.75,0.00
,August,18.00,13.00,16.00,18.01,43.10,0.00
,September,18.00,13.00,16.00,17.27,30.75,0.00
,October,18.00,13.00,16.00,15.18,21.80,0.00
,November,18.00,13.00,16.00,12.32,12.32,0.33
,December,18.00,13.00,16.00,9.45,10.42,0.65
,,,,,,,
,Annual Sum or Average,18.00,13.00,16.00,12.30,30.45,0.21
,Minimum of Months,18.00,13.00,16.00,6.57,10.42,0.00
,Maximum of Months,18.00,13.00,16.00,18.01,50.37,0.89


----------------------------------------------------------------------------------------------------
REPORT:,WaterHeaterReportMonthly
FOR:,SWHSYS1 WATER HEATER
Custom Monthly Report

,,WATER HEATER TOTAL DEMAND HEAT TRANSFER ENERGY [J],WATER HEATER USE SIDE HEAT TRANSFER ENERGY [J],WATER HEATER BURNER HEATING ENERGY [],WATER HEATER GAS CONSUMPTION [],WATER HEATER TOTAL DEMAND HEAT TRANSFER ENERGY {HOURS NON-ZERO} [HOURS],WATER HEATER LOSS DEMAND ENERGY [],WATER HEATER HEAT LOSS ENERGY [J],WATER HEATER TANK TEMPERATURE [C],WATER HEATER HEAT RECOVERY SUPPLY ENERGY [],WATER HEATER SOURCE ENERGY []
,January,0.564674E+10,-0.488013E+10,0.00,0.00,744.00,0.00,-766611650.6,58.98,0.00,0.00
,February,0.519147E+10,-0.449944E+10,0.00,0.00,672.00,0.00,-692033657.2,58.98,0.00,0.00
,March,0.601731E+10,-0.525357E+10,0.00,0.00,744.00,0.00,-763747055.7,58.98,0.00,0.00
,April,0.527690E+10,-0.454110E+10,0.00,0.00,720.00,0.00,-735803414.4,58.98,0.00,0.00
,May,0.535136E+10,-0.459547E+10,0.00,0.00,744.00,0.00,-755890770.0,58.98,0.00,0.00
,June,0.501362E+10,-0.428193E+10,0.00,0.00,720.00,0.00,-731697049.7,58.98,0.00,0.00
,July,0.459262E+10,-0.383717E+10,0.00,0.00,744.00,0.00,-755455368.9,58.98,0.00,0.00
,August,0.492051E+10,-0.416407E+10,0.00,0.00,744.00,0.00,-756442885.6,58.98,0.00,0.00
,September,0.454808E+10,-0.381719E+10,0.00,0.00,720.00,0.00,-730883603.4,58.98,0.00,0.00
,October,0.489533E+10,-0.413955E+10,0.00,0.00,744.00,0.00,-755787398.0,58.98,0.00,0.00
,November,0.506979E+10,-0.433461E+10,0.00,0.00,720.00,0.00,-735171020.0,58.98,0.00,0.00
,December,0.531498E+10,-0.454945E+10,0.00,0.00,744.00,0.00,-765535980.0,58.98,0.00,0.00
,,,,,,,,,,,
,Annual Sum or Average,0.618387E+11,-0.528937E+11,0.00,0.00,8760.00,0.00,-0.894506E+10,58.98,0.00,0.00
,Minimum of Months,0.454808E+10,-0.525357E+10,0.00,0.00,672.00,0.00,-766611650.6,58.98,0.00,0.00
,Maximum of Months,0.601731E+10,-0.381719E+10,0.00,0.00,744.00,0.00,-692033657.2,58.98,0.00,0.00


----------------------------------------------------------------------------------------------------
REPORT:,DaylightingReportMonthly
FOR:,PERIMETER_BOT_ZN_1_DAYLCTRL
Custom Monthly Report

,,SITE EXTERIOR BEAM NORMAL ILLUMINANCE {HOURS NON-ZERO} [HOURS],DAYLIGHTING LIGHTING POWER MULTIPLIER {FOR HOURS SHOWN} [],DAYLIGHTING LIGHTING POWER MULTIPLIER {MIN FOR HOURS SHOWN} [],DAYLIGHTING LIGHTING POWER MULTIPLIER {TIMESTAMP},DAYLIGHTING REFERENCE POINT 1 ILLUMINANCE {FOR HOURS SHOWN} [lux],DAYLIGHTING REFERENCE POINT 1 GLARE INDEX {FOR HOURS SHOWN} [],DAYLIGHTING REFERENCE POINT 1 GLARE INDEX SETPOINT EXCEEDED TIME [hr],DAYLIGHTING REFERENCE POINT 1 DAYLIGHT ILLUMINANCE SETPOINT EXCEEDED TIME [hr],DAYLIGHTING REFERENCE POINT 2 ILLUMINANCE {FOR HOURS SHOWN} [lux],DAYLIGHTING REFERENCE POINT 2 GLARE INDEX {FOR HOURS SHOWN} [],DAYLIGHTING REFERENCE POINT 2 GLARE INDEX SETPOINT EXCEEDED TIME [hr],DAYLIGHTING REFERENCE POINT 2 DAYLIGHT ILLUMINANCE SETPOINT EXCEEDED TIME [hr]
,January,255.17,0.49,0.48,01-JAN-09:09,4544.70,32.68,236.67,251.83,3641.97,33.81,243.17,225.50
,February,261.00,0.49,0.48,01-FEB-08:20,5396.36,31.17,246.83,260.17,1811.55,26.54,243.17,244.00
,March,329.17,0.49,0.48,01-MAR-07:00,8088.84,29.51,255.17,330.00,1606.69,22.33,230.83,300.83
,April,364.67,0.50,0.48,01-APR-07:19,2316.94,19.30,14.67,349.83,1283.68,21.35,227.50,317.17
,May,430.33,0.50,0.48,01-MAY-06:49,1880.16,18.98,3.83,392.50,1063.56,21.02,222.50,350.17
,June,430.67,0.50,0.48,01-JUN-05:49,1752.16,18.92,0.50,394.17,989.22,20.95,228.00,354.67
,July,441.33,0.51,0.48,01-JUL-05:00,1829.09,19.05,6.67,404.50,1036.77,21.07,256.50,364.17
,August,403.17,0.50,0.48,01-AUG-06:10,2266.11,19.64,26.50,379.50,1267.18,21.67,269.83,345.67
,September,351.00,0.50,0.48,01-SEP-06:49,2864.88,20.64,53.00,331.17,1360.71,21.69,227.67,296.33
,October,309.50,0.49,0.48,01-OCT-06:49,6705.16,31.11,267.33,302.67,1633.08,22.50,218.00,276.17
,November,239.83,0.49,0.48,01-NOV-07:40,3622.00,29.91,216.83,246.83,1679.97,27.40,207.00,221.33
,December,236.00,0.49,0.48,01-DEC-07:00,3310.42,30.17,213.83,241.17,2520.07,32.11,231.83,213.50
,,,,,,,,,,,,,
,Annual Sum or Average,4051.83,0.50,,,3477.66,23.95,1541.83,3884.33,1538.06,23.58,2806.00,3509.50
,Minimum of Months,236.00,0.49,0.48,,1752.16,18.92,0.50,241.17,989.22,20.95,207.00,213.50
,Maximum of Months,441.33,0.51,0.48,,8088.84,32.68,267.33,404.50,3641.97,33.81,269.83,364.17


----------------------------------------------------------------------------------------------------
REPORT:,DaylightingReportMonthly
FOR:,PERIMETER_BOT_ZN_2_DAYLCTRL
Custom Monthly Report

,,SITE EXTERIOR BEAM NORMAL ILLUMINANCE {HOURS NON-ZERO} [HOURS],DAYLIGHTING LIGHTING POWER MULTIPLIER {FOR HOURS SHOWN} [],DAYLIGHTING LIGHTING POWER MULTIPLIER {MIN FOR HOURS SHOWN} [],DAYLIGHTING LIGHTING POWER MULTIPLIER {TIMESTAMP},DAYLIGHTING REFERENCE POINT 1 ILLUMINANCE {FOR HOURS SHOWN} [lux],DAYLIGHTING REFERENCE POINT 1 GLARE INDEX {FOR HOURS SHOWN} [],DAYLIGHTING REFERENCE POINT 1 GLARE INDEX SETPOINT EXCEEDED TIME [hr],DAYLIGHTING REFERENCE POINT 1 DAYLIGHT ILLUMINANCE SETPOINT EXCEEDED TIME [hr],DAYLIGHTING REFERENCE POINT 2 ILLUMINANCE {FOR HOURS SHOWN} [lux],DAYLIGHTING REFERENCE POINT 2 GLARE INDEX {FOR HOURS SHOWN} [],DAYLIGHTING REFERENCE POINT 2 GLARE INDEX SETPOINT EXCEEDED TIME [hr],DAYLIGHTING REFERENCE POINT 2 DAYLIGHT ILLUMINANCE SETPOINT EXCEEDED TIME [hr]
,January,255.17,0.50,0.48,01-JAN-08:00,1594.74,21.28,71.33,238.67,792.49,21.90,91.17,193.17
,February,261.00,0.50,0.48,01-FEB-08:09,1951.02,21.73,81.00,252.50,1008.31,22.79,127.67,223.33
,March,329.17,0.49,0.48,01-MAR-07:00,3072.26,22.07,101.67,324.67,1311.47,22.76,127.33,292.33
,April,364.67,0.50,0.48,01-APR-06:00,3062.82,21.28,100.00,352.33,1682.34,22.50,102.67,321.50
,May,430.33,0.50,0.48,01-MAY-06:19,3754.22,22.51,137.83,397.67,1581.92,22.35,85.00,362.83
,June,430.67,0.50,0.48,01-JUN-05:19,3783.08,22.19,132.67,404.50,1677.96,22.28,81.17,371.00
,July,441.33,0.50,0.48,01-JUL-05:10,3626.66,22.23,135.33,414.67,1557.39,22.41,83.00,382.33
,August,403.17,0.50,0.48,01-AUG-05:40,3452.98,21.96,112.17,382.00,1566.10,22.90,99.83,354.00
,September,351.00,0.50,0.48,01-SEP-06:30,2606.21,21.66,97.50,331.17,1423.71,22.82,115.83,294.00
,October,309.50,0.50,0.48,01-OCT-06:40,2168.89,21.05,77.50,293.50,1150.18,22.86,123.33,259.83
,November,239.83,0.50,0.48,01-NOV-07:30,1525.34,20.71,74.83,236.83,796.79,21.75,83.67,192.50
,December,236.00,0.50,0.48,01-DEC-07:00,1351.68,20.21,60.50,229.33,693.46,21.20,63.17,180.67
,,,,,,,,,,,,,
,Annual Sum or Average,4051.83,0.50,,,2851.23,21.69,1182.33,3857.83,1343.38,22.43,1183.83,3427.50
,Minimum of Months,236.00,0.49,0.48,,1351.68,20.21,60.50,229.33,693.46,21.20,63.17,180.67
,Maximum of Months,441.33,0.50,0.48,,3783.08,22.51,137.83,414.67,1682.34,22.90,127.67,382.33


----------------------------------------------------------------------------------------------------
REPORT:,DaylightingReportMonthly
FOR:,PERIMETER_BOT_ZN_3_DAYLCTRL
Custom Monthly Report

,,SITE EXTERIOR BEAM NORMAL ILLUMINANCE {HOURS NON-ZERO} [HOURS],DAYLIGHTING LIGHTING POWER MULTIPLIER {FOR HOURS SHOWN} [],DAYLIGHTING LIGHTING POWER MULTIPLIER {MIN FOR HOURS SHOWN} [],DAYLIGHTING LIGHTING POWER MULTIPLIER {TIMESTAMP},DAYLIGHTING REFERENCE POINT 1 ILLUMINANCE {FOR HOURS SHOWN} [lux],DAYLIGHTING REFERENCE POINT 1 GLARE INDEX {FOR HOURS SHOWN} [],DAYLIGHTING REFERENCE POINT 1 GLARE INDEX SETPOINT EXCEEDED TIME [hr],DAYLIGHTING REFERENCE POINT 1 DAYLIGHT ILLUMINANCE SETPOINT EXCEEDED TIME [hr],DAYLIGHTING REFERENCE POINT 2 ILLUMINANCE {FOR HOURS SHOWN} [lux],DAYLIGHTING REFERENCE POINT 2 GLARE INDEX {FOR HOURS SHOWN} [],DAYLIGHTING REFERENCE POINT 2 GLARE INDEX SETPOINT EXCEEDED TIME [hr],DAYLIGHTING REFERENCE POINT 2 DAYLIGHT ILLUMINANCE SETPOINT EXCEEDED TIME [hr]
,January,255.17,0.51,0.48,01-JAN-10:09,682.05,16.35,0.00,223.33,381.28,18.40,0.00,145.17
,February,261.00,0.50,0.48,01-FEB-08:50,931.47,17.66,0.00,247.17,511.44,19.63,9.00,200.33
,March,329.17,0.49,0.48,01-MAR-08:20,1053.13,18.39,0.00,321.83,605.05,20.40,28.83,278.17
,April,364.67,0.50,0.48,01-APR-07:30,1167.98,18.66,0.00,352.67,678.29,20.61,90.83,322.17
,May,430.33,0.49,0.48,01-MAY-06:40,1314.64,20.23,35.67,410.50,755.08,22.15,202.00,378.50
,June,430.67,0.49,0.48,01-JUN-05:30,1465.40,21.88,88.33,415.17,833.75,22.64,246.17,389.83
,July,441.33,0.49,0.48,01-JUL-05:30,1416.89,21.88,95.67,423.17,831.04,22.71,261.33,397.83
,August,403.17,0.49,0.48,01-AUG-05:49,1270.31,19.35,0.17,388.83,750.86,21.32,192.33,363.67
,September,351.00,0.50,0.48,01-SEP-06:49,1025.98,18.40,0.00,328.83,595.39,20.37,47.83,282.00
,October,309.50,0.51,0.48,01-OCT-07:10,886.28,17.49,0.00,287.00,505.90,19.51,6.00,234.33
,November,239.83,0.51,0.48,01-NOV-07:00,730.50,16.40,0.00,228.50,392.25,18.32,0.00,148.33
,December,236.00,0.51,0.48,01-DEC-09:20,670.30,16.17,0.00,213.50,360.12,18.12,0.00,122.00
,,,,,,,,,,,,,
,Annual Sum or Average,4051.83,0.50,,,1108.59,18.97,219.83,3840.50,635.61,20.68,1084.33,3262.33
,Minimum of Months,236.00,0.49,0.48,,670.30,16.17,0.00,213.50,360.12,18.12,0.00,122.00
,Maximum of Months,441.33,0.51,0.48,,1465.40,21.88,95.67,423.17,833.75,22.71,261.33,397.83


----------------------------------------------------------------------------------------------------
REPORT:,DaylightingReportMonthly
FOR:,PERIMETER_BOT_ZN_4_DAYLCTRL
Custom Monthly Report

,,SITE EXTERIOR BEAM NORMAL ILLUMINANCE {HOURS NON-ZERO} [HOURS],DAYLIGHTING LIGHTING POWER MULTIPLIER {FOR HOURS SHOWN} [],DAYLIGHTING LIGHTING POWER MULTIPLIER {MIN FOR HOURS SHOWN} [],DAYLIGHTING LIGHTING POWER MULTIPLIER {TIMESTAMP},DAYLIGHTING REFERENCE POINT 1 ILLUMINANCE {FOR HOURS SHOWN} [lux],DAYLIGHTING REFERENCE POINT 1 GLARE INDEX {FOR HOURS SHOWN} [],DAYLIGHTING REFERENCE POINT 1 GLARE INDEX SETPOINT EXCEEDED TIME [hr],DAYLIGHTING REFERENCE POINT 1 DAYLIGHT ILLUMINANCE SETPOINT EXCEEDED TIME [hr],DAYLIGHTING REFERENCE POINT 2 ILLUMINANCE {FOR HOURS SHOWN} [lux],DAYLIGHTING REFERENCE POINT 2 GLARE INDEX {FOR HOURS SHOWN} [],DAYLIGHTING REFERENCE POINT 2 GLARE INDEX SETPOINT EXCEEDED TIME [hr],DAYLIGHTING REFERENCE POINT 2 DAYLIGHT ILLUMINANCE SETPOINT EXCEEDED TIME [hr]
,January,255.17,0.50,0.48,01-JAN-09:50,1501.35,21.71,87.00,238.50,810.42,22.53,94.83,193.00
,February,261.00,0.50,0.48,01-FEB-08:00,2023.41,20.64,66.17,253.17,1070.20,22.82,125.50,222.83
,March,329.17,0.49,0.48,01-MAR-08:30,3003.03,22.05,99.33,326.83,1656.29,23.24,126.83,293.33
,April,364.67,0.50,0.48,01-APR-07:00,3509.77,20.99,95.00,350.17,1487.20,21.14,74.17,319.67
,May,430.33,0.50,0.48,01-MAY-07:10,3146.54,18.34,55.67,400.00,1735.11,19.06,8.17,362.33
,June,430.67,0.50,0.48,01-JUN-06:10,3299.29,18.17,52.17,401.17,1479.09,19.13,5.33,369.00
,July,441.33,0.50,0.48,01-JUL-06:10,3804.40,18.39,54.00,410.83,1702.41,19.31,9.17,381.33
,August,403.17,0.50,0.48,01-AUG-06:19,3267.55,20.51,85.00,383.50,1713.33,21.69,80.33,353.83
,September,351.00,0.50,0.48,01-SEP-07:10,2789.20,21.80,104.33,328.17,1249.53,21.94,87.00,297.83
,October,309.50,0.50,0.48,01-OCT-07:30,2136.51,20.45,69.33,292.67,1140.33,22.36,102.17,255.17
,November,239.83,0.50,0.48,01-NOV-08:09,1477.76,20.45,71.00,236.83,777.52,21.76,78.33,193.83
,December,236.00,0.50,0.48,01-DEC-09:09,1302.28,19.71,61.67,225.67,680.44,21.56,68.17,180.50
,,,,,,,,,,,,,
,Annual Sum or Average,4051.83,0.50,,,2777.25,20.11,900.67,3847.50,1366.78,21.15,860.00,3422.67
,Minimum of Months,236.00,0.49,0.48,,1302.28,18.17,52.17,225.67,680.44,19.06,5.33,180.50
,Maximum of Months,441.33,0.50,0.48,,3804.40,22.05,104.33,410.83,1735.11,23.24,126.83,381.33


----------------------------------------------------------------------------------------------------
REPORT:,DaylightingReportMonthly
FOR:,PERIMETER_MID_ZN_1_DAYLCTRL
Custom Monthly Report

,,SITE EXTERIOR BEAM NORMAL ILLUMINANCE {HOURS NON-ZERO} [HOURS],DAYLIGHTING LIGHTING POWER MULTIPLIER {FOR HOURS SHOWN} [],DAYLIGHTING LIGHTING POWER MULTIPLIER {MIN FOR HOURS SHOWN} [],DAYLIGHTING LIGHTING POWER MULTIPLIER {TIMESTAMP},DAYLIGHTING REFERENCE POINT 1 ILLUMINANCE {FOR HOURS SHOWN} [lux],DAYLIGHTING REFERENCE POINT 1 GLARE INDEX {FOR HOURS SHOWN} [],DAYLIGHTING REFERENCE POINT 1 GLARE INDEX SETPOINT EXCEEDED TIME [hr],DAYLIGHTING REFERENCE POINT 1 DAYLIGHT ILLUMINANCE SETPOINT EXCEEDED TIME [hr],DAYLIGHTING REFERENCE POINT 2 ILLUMINANCE {FOR HOURS SHOWN} [lux],DAYLIGHTING REFERENCE POINT 2 GLARE INDEX {FOR HOURS SHOWN} [],DAYLIGHTING REFERENCE POINT 2 GLARE INDEX SETPOINT EXCEEDED TIME [hr],DAYLIGHTING REFERENCE POINT 2 DAYLIGHT ILLUMINANCE SETPOINT EXCEEDED TIME [hr]
,January,255.17,0.49,0.48,01-JAN-09:09,4407.88,32.23,233.83,250.83,3541.90,33.35,233.67,223.33
,February,261.00,0.49,0.48,01-FEB-08:20,5250.01,30.65,232.33,259.83,1711.05,24.58,106.17,241.83
,March,329.17,0.49,0.48,01-MAR-08:09,7939.63,28.38,229.00,329.00,1498.75,19.78,30.33,298.33
,April,364.67,0.50,0.48,01-APR-07:30,2208.08,15.70,0.00,347.67,1205.93,19.01,25.50,314.33
,May,430.33,0.50,0.48,01-MAY-06:49,1798.72,15.50,0.00,390.00,1008.06,18.83,22.17,346.67
,June,430.67,0.50,0.48,01-JUN-05:00,1680.60,15.54,0.00,392.00,942.35,18.85,14.67,350.83
,July,441.33,0.51,0.48,01-JUL-05:00,1751.90,15.73,0.00,403.33,985.55,19.02,33.33,362.00
,August,403.17,0.50,0.48,01-AUG-06:10,2161.69,16.20,0.00,378.00,1194.04,19.51,52.00,343.67
,September,351.00,0.50,0.48,01-SEP-06:49,2743.43,17.23,25.50,328.50,1272.54,19.26,36.50,293.83
,October,309.50,0.49,0.48,01-OCT-06:49,6562.82,30.41,256.50,301.17,1526.82,19.81,30.83,273.67
,November,239.83,0.50,0.48,01-NOV-07:40,3508.76,29.17,205.33,245.50,1603.60,25.79,123.17,219.00
,December,236.00,0.49,0.48,01-DEC-07:00,3184.91,28.64,195.67,239.33,2441.89,31.67,221.50,210.67
,,,,,,,,,,,,,
,Annual Sum or Average,4051.83,0.50,,,3367.24,21.56,1378.17,3865.17,1460.96,21.57,929.83,3478.17
,Minimum of Months,236.00,0.49,0.48,,1680.60,15.50,0.00,239.33,942.35,18.83,14.67,210.67
,Maximum of Months,441.33,0.51,0.48,,7939.63,32.23,256.50,403.33,3541.90,33.35,233.67,362.00


----------------------------------------------------------------------------------------------------
REPORT:,DaylightingReportMonthly
FOR:,PERIMETER_MID_ZN_2_DAYLCTRL
Custom Monthly Report

,,SITE EXTERIOR BEAM NORMAL ILLUMINANCE {HOURS NON-ZERO} [HOURS],DAYLIGHTING LIGHTING POWER MULTIPLIER {FOR HOURS SHOWN} [],DAYLIGHTING LIGHTING POWER MULTIPLIER {MIN FOR HOURS SHOWN} [],DAYLIGHTING LIGHTING POWER MULTIPLIER {TIMESTAMP},DAYLIGHTING REFERENCE POINT 1 ILLUMINANCE {FOR HOURS SHOWN} [lux],DAYLIGHTING REFERENCE POINT 1 GLARE INDEX {FOR HOURS SHOWN} [],DAYLIGHTING REFERENCE POINT 1 GLARE INDEX SETPOINT EXCEEDED TIME [hr],DAYLIGHTING REFERENCE POINT 1 DAYLIGHT ILLUMINANCE SETPOINT EXCEEDED TIME [hr],DAYLIGHTING REFERENCE POINT 2 ILLUMINANCE {FOR HOURS SHOWN} [lux],DAYLIGHTING REFERENCE POINT 2 GLARE INDEX {FOR HOURS SHOWN} [],DAYLIGHTING REFERENCE POINT 2 GLARE INDEX SETPOINT EXCEEDED TIME [hr],DAYLIGHTING REFERENCE POINT 2 DAYLIGHT ILLUMINANCE SETPOINT EXCEEDED TIME [hr]
,January,255.17,0.50,0.48,01-JAN-09:09,1547.15,20.77,70.83,236.67,756.29,21.65,84.67,188.00
,February,261.00,0.50,0.48,01-FEB-08:09,1868.83,20.23,67.00,251.50,965.59,22.58,115.67,219.67
,March,329.17,0.49,0.48,01-MAR-07:00,2995.30,21.59,100.00,323.50,1251.37,22.57,113.17,290.33
,April,364.67,0.50,0.48,01-APR-06:00,2979.33,20.84,99.17,351.33,1617.08,22.33,91.00,318.50
,May,430.33,0.50,0.48,01-MAY-06:30,3665.96,22.09,137.67,396.00,1513.66,22.19,80.17,361.00
,June,430.67,0.50,0.48,01-JUN-05:19,3692.33,21.77,132.50,403.50,1609.46,22.13,79.17,366.67
,July,441.33,0.50,0.48,01-JUL-05:10,3535.89,21.80,135.00,412.50,1489.32,22.25,80.33,380.67
,August,403.17,0.50,0.48,01-AUG-05:40,3359.12,21.51,111.50,380.17,1493.86,22.73,83.50,351.33
,September,351.00,0.50,0.48,01-SEP-06:30,2531.36,21.20,97.33,329.50,1365.75,22.63,102.33,291.33
,October,309.50,0.50,0.48,01-OCT-06:40,2103.47,20.58,77.50,292.00,1099.55,22.65,107.33,256.83
,November,239.83,0.50,0.48,01-NOV-07:30,1480.95,20.26,73.83,235.00,764.27,21.52,78.17,188.33
,December,236.00,0.50,0.48,01-DEC-07:00,1309.89,19.71,58.67,227.83,662.62,20.94,57.17,176.83
,,,,,,,,,,,,,
,Annual Sum or Average,4051.83,0.50,,,2774.39,21.17,1161.00,3839.50,1285.85,22.24,1072.67,3389.50
,Minimum of Months,236.00,0.49,0.48,,1309.89,19.71,58.67,227.83,662.62,20.94,57.17,176.83
,Maximum of Months,441.33,0.50,0.48,,3692.33,22.09,137.67,412.50,1617.08,22.73,115.67,380.67


----------------------------------------------------------------------------------------------------
REPORT:,DaylightingReportMonthly
FOR:,PERIMETER_MID_ZN_3_DAYLCTRL
Custom Monthly Report

,,SITE EXTERIOR BEAM NORMAL ILLUMINANCE {HOURS NON-ZERO} [HOURS],DAYLIGHTING LIGHTING POWER MULTIPLIER {FOR HOURS SHOWN} [],DAYLIGHTING LIGHTING POWER MULTIPLIER {MIN FOR HOURS SHOWN} [],DAYLIGHTING LIGHTING POWER MULTIPLIER {TIMESTAMP},DAYLIGHTING REFERENCE POINT 1 ILLUMINANCE {FOR HOURS SHOWN} [lux],DAYLIGHTING REFERENCE POINT 1 GLARE INDEX {FOR HOURS SHOWN} [],DAYLIGHTING REFERENCE POINT 1 GLARE INDEX SETPOINT EXCEEDED TIME [hr],DAYLIGHTING REFERENCE POINT 1 DAYLIGHT ILLUMINANCE SETPOINT EXCEEDED TIME [hr],DAYLIGHTING REFERENCE POINT 2 ILLUMINANCE {FOR HOURS SHOWN} [lux],DAYLIGHTING REFERENCE POINT 2 GLARE INDEX {FOR HOURS SHOWN} [],DAYLIGHTING REFERENCE POINT 2 GLARE INDEX SETPOINT EXCEEDED TIME [hr],DAYLIGHTING REFERENCE POINT 2 DAYLIGHT ILLUMINANCE SETPOINT EXCEEDED TIME [hr]
,January,255.17,0.52,0.48,01-JAN-10:20,657.23,12.72,0.00,220.50,367.03,16.08,0.00,136.67
,February,261.00,0.50,0.48,01-FEB-08:50,898.79,14.25,0.00,243.83,492.46,17.49,0.00,194.33
,March,329.17,0.50,0.48,01-MAR-08:20,1016.62,15.22,0.00,319.83,584.50,18.48,0.00,275.67
,April,364.67,0.50,0.48,01-APR-07:30,1133.85,15.50,0.00,352.67,655.77,18.74,6.83,318.67
,May,430.33,0.49,0.48,01-MAY-06:49,1269.77,17.22,29.17,408.33,729.55,20.35,61.50,375.17
,June,430.67,0.49,0.48,01-JUN-05:30,1415.12,19.25,72.83,413.17,804.42,20.81,81.50,387.33
,July,441.33,0.49,0.48,01-JUL-05:30,1367.13,19.31,72.67,422.33,802.48,20.98,96.33,396.50
,August,403.17,0.49,0.48,01-AUG-05:49,1225.56,16.28,0.00,387.83,725.84,19.58,32.50,361.67
,September,351.00,0.50,0.48,01-SEP-06:49,989.68,15.25,0.00,325.33,575.11,18.50,0.17,276.50
,October,309.50,0.51,0.48,01-OCT-07:10,855.00,14.17,0.00,284.83,488.20,17.44,0.00,229.00
,November,239.83,0.52,0.48,01-NOV-08:09,704.74,12.74,0.00,225.67,377.10,15.97,0.00,138.00
,December,236.00,0.52,0.48,01-DEC-09:30,646.49,12.43,0.00,210.50,346.11,15.73,0.00,113.33
,,,,,,,,,,,,,
,Annual Sum or Average,4051.83,0.50,,,1070.46,15.83,174.67,3814.83,613.55,18.73,278.83,3202.83
,Minimum of Months,236.00,0.49,0.48,,646.49,12.43,0.00,210.50,346.11,15.73,0.00,113.33
,Maximum of Months,441.33,0.52,0.48,,1415.12,19.31,72.83,422.33,804.42,20.98,96.33,396.50


----------------------------------------------------------------------------------------------------
REPORT:,DaylightingReportMonthly
FOR:,PERIMETER_MID_ZN_4_DAYLCTRL
Custom Monthly Report

,,SITE EXTERIOR BEAM NORMAL ILLUMINANCE {HOURS NON-ZERO} [HOURS],DAYLIGHTING LIGHTING POWER MULTIPLIER {FOR HOURS SHOWN} [],DAYLIGHTING LIGHTING POWER MULTIPLIER {MIN FOR HOURS SHOWN} [],DAYLIGHTING LIGHTING POWER MULTIPLIER {TIMESTAMP},DAYLIGHTING REFERENCE POINT 1 ILLUMINANCE {FOR HOURS SHOWN} [lux],DAYLIGHTING REFERENCE POINT 1 GLARE INDEX {FOR HOURS SHOWN} [],DAYLIGHTING REFERENCE POINT 1 GLARE INDEX SETPOINT EXCEEDED TIME [hr],DAYLIGHTING REFERENCE POINT 1 DAYLIGHT ILLUMINANCE SETPOINT EXCEEDED TIME [hr],DAYLIGHTING REFERENCE POINT 2 ILLUMINANCE {FOR HOURS SHOWN} [lux],DAYLIGHTING REFERENCE POINT 2 GLARE INDEX {FOR HOURS SHOWN} [],DAYLIGHTING REFERENCE POINT 2 GLARE INDEX SETPOINT EXCEEDED TIME [hr],DAYLIGHTING REFERENCE POINT 2 DAYLIGHT ILLUMINANCE SETPOINT EXCEEDED TIME [hr]
,January,255.17,0.50,0.48,01-JAN-09:00,1460.25,21.35,86.67,236.00,780.10,22.44,94.50,188.17
,February,261.00,0.50,0.48,01-FEB-08:00,1962.47,20.24,65.17,251.83,1024.70,22.74,123.83,220.17
,March,329.17,0.49,0.48,01-MAR-08:30,2924.44,21.67,99.17,324.83,1593.69,23.15,121.83,290.17
,April,364.67,0.50,0.48,01-APR-08:09,3365.13,20.57,93.33,348.17,1423.03,21.02,68.50,316.50
,May,430.33,0.50,0.48,01-MAY-07:10,3053.94,17.86,55.67,397.83,1651.40,18.90,6.00,358.67
,June,430.67,0.50,0.48,01-JUN-06:10,3169.60,17.69,52.00,399.33,1410.43,18.97,4.17,366.50
,July,441.33,0.50,0.48,01-JUL-06:10,3657.17,17.92,53.67,408.50,1623.60,19.15,7.00,378.17
,August,403.17,0.50,0.48,01-AUG-06:19,3177.67,20.07,84.83,381.67,1642.19,21.56,74.17,350.67
,September,351.00,0.50,0.48,01-SEP-07:10,2715.60,21.39,104.33,326.33,1191.51,21.82,82.33,294.00
,October,309.50,0.50,0.48,01-OCT-07:30,2071.89,20.05,68.50,291.00,1090.99,22.27,100.00,252.00
,November,239.83,0.51,0.48,01-NOV-08:09,1435.15,20.08,70.50,235.83,746.51,21.66,77.33,190.17
,December,236.00,0.50,0.48,01-DEC-09:20,1260.67,19.11,58.67,224.33,652.25,21.46,67.83,175.17
,,,,,,,,,,,,,
,Annual Sum or Average,4051.83,0.50,,,2686.48,19.67,892.50,3825.67,1306.96,21.03,827.50,3380.33
,Minimum of Months,236.00,0.49,0.48,,1260.67,17.69,52.00,224.33,652.25,18.90,4.17,175.17
,Maximum of Months,441.33,0.51,0.48,,3657.17,21.67,104.33,408.50,1651.40,23.15,123.83,378.17


----------------------------------------------------------------------------------------------------
REPORT:,DaylightingReportMonthly
FOR:,PERIMETER_TOP_ZN_1_DAYLCTRL
Custom Monthly Report

,,SITE EXTERIOR BEAM NORMAL ILLUMINANCE {HOURS NON-ZERO} [HOURS],DAYLIGHTING LIGHTING POWER MULTIPLIER {FOR HOURS SHOWN} [],DAYLIGHTING LIGHTING POWER MULTIPLIER {MIN FOR HOURS SHOWN} [],DAYLIGHTING LIGHTING POWER MULTIPLIER {TIMESTAMP},DAYLIGHTING REFERENCE POINT 1 ILLUMINANCE {FOR HOURS SHOWN} [lux],DAYLIGHTING REFERENCE POINT 1 GLARE INDEX {FOR HOURS SHOWN} [],DAYLIGHTING REFERENCE POINT 1 GLARE INDEX SETPOINT EXCEEDED TIME [hr],DAYLIGHTING REFERENCE POINT 1 DAYLIGHT ILLUMINANCE SETPOINT EXCEEDED TIME [hr],DAYLIGHTING REFERENCE POINT 2 ILLUMINANCE {FOR HOURS SHOWN} [lux],DAYLIGHTING REFERENCE POINT 2 GLARE INDEX {FOR HOURS SHOWN} [],DAYLIGHTING REFERENCE POINT 2 GLARE INDEX SETPOINT EXCEEDED TIME [hr],DAYLIGHTING REFERENCE POINT 2 DAYLIGHT ILLUMINANCE SETPOINT EXCEEDED TIME [hr]
,January,255.17,0.49,0.48,01-JAN-09:09,4407.85,32.23,233.83,250.83,3541.80,33.35,233.67,223.33
,February,261.00,0.49,0.48,01-FEB-08:20,5249.90,30.66,232.33,259.83,1710.91,24.58,106.17,241.83
,March,329.17,0.49,0.48,01-MAR-08:09,7939.47,28.39,229.00,329.00,1498.62,19.78,30.50,298.33
,April,364.67,0.50,0.48,01-APR-07:30,2207.94,15.70,0.00,347.67,1205.83,19.01,25.50,314.33
,May,430.33,0.50,0.48,01-MAY-06:49,1798.61,15.50,0.00,390.00,1007.99,18.83,22.17,346.67
,June,430.67,0.50,0.48,01-JUN-05:00,1680.49,15.55,0.00,392.00,942.28,18.85,14.67,350.83
,July,441.33,0.51,0.48,01-JUL-05:00,1751.80,15.73,0.00,403.33,985.48,19.02,33.50,362.00
,August,403.17,0.50,0.48,01-AUG-06:10,2161.55,16.21,0.00,378.00,1193.95,19.51,52.00,343.67
,September,351.00,0.50,0.48,01-SEP-06:49,2743.28,17.23,25.50,328.50,1272.43,19.26,36.50,293.83
,October,309.50,0.49,0.48,01-OCT-06:49,6562.71,30.41,256.50,301.17,1526.70,19.82,30.83,273.67
,November,239.83,0.50,0.48,01-NOV-07:40,3508.69,29.17,205.33,245.50,1603.50,25.79,123.17,219.00
,December,236.00,0.49,0.48,01-DEC-07:00,3184.86,28.64,195.67,239.33,2441.80,31.67,221.50,210.67
,,,,,,,,,,,,,
,Annual Sum or Average,4051.83,0.50,,,3367.13,21.56,1378.17,3865.17,1460.86,21.57,930.17,3478.17
,Minimum of Months,236.00,0.49,0.48,,1680.49,15.50,0.00,239.33,942.28,18.83,14.67,210.67
,Maximum of Months,441.33,0.51,0.48,,7939.47,32.23,256.50,403.33,3541.80,33.35,233.67,362.00


----------------------------------------------------------------------------------------------------
REPORT:,DaylightingReportMonthly
FOR:,PERIMETER_TOP_ZN_2_DAYLCTRL
Custom Monthly Report

,,SITE EXTERIOR BEAM NORMAL ILLUMINANCE {HOURS NON-ZERO} [HOURS],DAYLIGHTING LIGHTING POWER MULTIPLIER {FOR HOURS SHOWN} [],DAYLIGHTING LIGHTING POWER MULTIPLIER {MIN FOR HOURS SHOWN} [],DAYLIGHTING LIGHTING POWER MULTIPLIER {TIMESTAMP},DAYLIGHTING REFERENCE POINT 1 ILLUMINANCE {FOR HOURS SHOWN} [lux],DAYLIGHTING REFERENCE POINT 1 GLARE INDEX {FOR HOURS SHOWN} [],DAYLIGHTING REFERENCE POINT 1 GLARE INDEX SETPOINT EXCEEDED TIME [hr],DAYLIGHTING REFERENCE POINT 1 DAYLIGHT ILLUMINANCE SETPOINT EXCEEDED TIME [hr],DAYLIGHTING REFERENCE POINT 2 ILLUMINANCE {FOR HOURS SHOWN} [lux],DAYLIGHTING REFERENCE POINT 2 GLARE INDEX {FOR HOURS SHOWN} [],DAYLIGHTING REFERENCE POINT 2 GLARE INDEX SETPOINT EXCEEDED TIME [hr],DAYLIGHTING REFERENCE POINT 2 DAYLIGHT ILLUMINANCE SETPOINT EXCEEDED TIME [hr]
,January,255.17,0.50,0.48,01-JAN-09:09,1547.10,20.77,70.83,236.67,756.24,21.65,84.67,187.83
,February,261.00,0.50,0.48,01-FEB-08:09,1868.76,20.23,67.00,251.50,965.51,22.58,115.67,219.67
,March,329.17,0.49,0.48,01-MAR-07:00,2995.23,21.60,100.00,323.50,1251.29,22.57,113.17,290.33
,April,364.67,0.50,0.48,01-APR-06:00,2979.25,20.84,99.17,351.33,1617.00,22.33,91.00,318.50
,May,430.33,0.50,0.48,01-MAY-06:30,3665.89,22.09,137.67,396.00,1513.58,22.19,80.33,361.00
,June,430.67,0.50,0.48,01-JUN-05:19,3692.26,21.77,132.50,403.50,1609.38,22.13,79.17,366.67
,July,441.33,0.50,0.48,01-JUL-05:10,3535.82,21.80,135.00,412.50,1489.24,22.25,80.33,380.67
,August,403.17,0.50,0.48,01-AUG-05:40,3359.04,21.51,111.50,380.17,1493.77,22.73,83.50,351.33
,September,351.00,0.50,0.48,01-SEP-06:30,2531.30,21.21,97.33,329.50,1365.67,22.63,102.33,291.33
,October,309.50,0.50,0.48,01-OCT-06:40,2103.41,20.58,77.50,292.00,1099.49,22.66,107.33,256.83
,November,239.83,0.50,0.48,01-NOV-07:30,1480.89,20.26,73.83,235.00,764.21,21.52,78.17,188.33
,December,236.00,0.50,0.48,01-DEC-07:00,1309.84,19.71,58.67,227.83,662.57,20.94,57.33,176.83
,,,,,,,,,,,,,
,Annual Sum or Average,4051.83,0.50,,,2774.32,21.17,1161.00,3839.50,1285.78,22.24,1073.00,3389.33
,Minimum of Months,236.00,0.49,0.48,,1309.84,19.71,58.67,227.83,662.57,20.94,57.33,176.83
,Maximum of Months,441.33,0.50,0.48,,3692.26,22.09,137.67,412.50,1617.00,22.73,115.67,380.67


----------------------------------------------------------------------------------------------------
REPORT:,DaylightingReportMonthly
FOR:,PERIMETER_TOP_ZN_3_DAYLCTRL
Custom Monthly Report

,,SITE EXTERIOR BEAM NORMAL ILLUMINANCE {HOURS NON-ZERO} [HOURS],DAYLIGHTING LIGHTING POWER MULTIPLIER {FOR HOURS SHOWN} [],DAYLIGHTING LIGHTING POWER MULTIPLIER {MIN FOR HOURS SHOWN} [],DAYLIGHTING LIGHTING POWER MULTIPLIER {TIMESTAMP},DAYLIGHTING REFERENCE POINT 1 ILLUMINANCE {FOR HOURS SHOWN} [lux],DAYLIGHTING REFERENCE POINT 1 GLARE INDEX {FOR HOURS SHOWN} [],DAYLIGHTING REFERENCE POINT 1 GLARE INDEX SETPOINT EXCEEDED TIME [hr],DAYLIGHTING REFERENCE POINT 1 DAYLIGHT ILLUMINANCE SETPOINT EXCEEDED TIME [hr],DAYLIGHTING REFERENCE POINT 2 ILLUMINANCE {FOR HOURS SHOWN} [lux],DAYLIGHTING REFERENCE POINT 2 GLARE INDEX {FOR HOURS SHOWN} [],DAYLIGHTING REFERENCE POINT 2 GLARE INDEX SETPOINT EXCEEDED TIME [hr],DAYLIGHTING REFERENCE POINT 2 DAYLIGHT ILLUMINANCE SETPOINT EXCEEDED TIME [hr]
,January,255.17,0.52,0.48,01-JAN-10:20,657.20,12.72,0.00,220.50,367.00,16.08,0.00,136.67
,February,261.00,0.50,0.48,01-FEB-08:50,898.74,14.25,0.00,243.83,492.42,17.49,0.00,194.33
,March,329.17,0.50,0.48,01-MAR-08:20,1016.57,15.22,0.00,319.83,584.46,18.48,0.00,275.67
,April,364.67,0.50,0.48,01-APR-07:30,1133.79,15.50,0.00,352.67,655.72,18.74,6.83,318.67
,May,430.33,0.49,0.48,01-MAY-06:49,1269.72,17.22,29.17,408.33,729.50,20.35,61.50,375.17
,June,430.67,0.49,0.48,01-JUN-05:30,1415.06,19.25,72.83,413.17,804.37,20.81,81.50,387.33
,July,441.33,0.49,0.48,01-JUL-05:30,1367.08,19.31,72.67,422.33,802.43,20.98,96.33,396.50
,August,403.17,0.49,0.48,01-AUG-05:49,1225.51,16.28,0.00,387.83,725.79,19.58,32.50,361.67
,September,351.00,0.50,0.48,01-SEP-06:49,989.64,15.25,0.00,325.33,575.07,18.50,0.17,276.50
,October,309.50,0.51,0.48,01-OCT-07:10,854.96,14.17,0.00,284.83,488.16,17.44,0.00,229.00
,November,239.83,0.52,0.48,01-NOV-08:09,704.69,12.74,0.00,225.67,377.07,15.97,0.00,137.83
,December,236.00,0.52,0.48,01-DEC-09:30,646.45,12.44,0.00,210.50,346.08,15.73,0.00,113.33
,,,,,,,,,,,,,
,Annual Sum or Average,4051.83,0.50,,,1070.41,15.83,174.67,3814.83,613.50,18.73,278.83,3202.67
,Minimum of Months,236.00,0.49,0.48,,646.45,12.44,0.00,210.50,346.08,15.73,0.00,113.33
,Maximum of Months,441.33,0.52,0.48,,1415.06,19.31,72.83,422.33,804.37,20.98,96.33,396.50


----------------------------------------------------------------------------------------------------
REPORT:,DaylightingReportMonthly
FOR:,PERIMETER_TOP_ZN_4_DAYLCTRL
Custom Monthly Report

,,SITE EXTERIOR BEAM NORMAL ILLUMINANCE {HOURS NON-ZERO} [HOURS],DAYLIGHTING LIGHTING POWER MULTIPLIER {FOR HOURS SHOWN} [],DAYLIGHTING LIGHTING POWER MULTIPLIER {MIN FOR HOURS SHOWN} [],DAYLIGHTING LIGHTING POWER MULTIPLIER {TIMESTAMP},DAYLIGHTING REFERENCE POINT 1 ILLUMINANCE {FOR HOURS SHOWN} [lux],DAYLIGHTING REFERENCE POINT 1 GLARE INDEX {FOR HOURS SHOWN} [],DAYLIGHTING REFERENCE POINT 1 GLARE INDEX SETPOINT EXCEEDED TIME [hr],DAYLIGHTING REFERENCE POINT 1 DAYLIGHT ILLUMINANCE SETPOINT EXCEEDED TIME [hr],DAYLIGHTING REFERENCE POINT 2 ILLUMINANCE {FOR HOURS SHOWN} [lux],DAYLIGHTING REFERENCE POINT 2 GLARE INDEX {FOR HOURS SHOWN} [],DAYLIGHTING REFERENCE POINT 2 GLARE INDEX SETPOINT EXCEEDED TIME [hr],DAYLIGHTING REFERENCE POINT 2 DAYLIGHT ILLUMINANCE SETPOINT EXCEEDED TIME [hr]
,January,255.17,0.50,0.48,01-JAN-09:00,1460.21,21.35,86.67,236.00,780.05,22.44,94.50,188.17
,February,261.00,0.50,0.48,01-FEB-08:00,1962.40,20.25,65.17,251.83,1024.63,22.74,123.83,220.17
,March,329.17,0.49,0.48,01-MAR-08:30,2924.37,21.67,99.17,324.83,1593.61,23.15,121.83,290.17
,April,364.67,0.50,0.48,01-APR-08:09,3365.05,20.57,93.33,348.17,1422.95,21.02,68.50,316.50
,May,430.33,0.50,0.48,01-MAY-07:10,3053.86,17.87,55.67,397.83,1651.32,18.90,6.00,358.67
,June,430.67,0.50,0.48,01-JUN-06:10,3169.52,17.69,52.00,399.33,1410.35,18.97,4.17,366.50
,July,441.33,0.50,0.48,01-JUL-06:10,3657.09,17.92,53.67,408.50,1623.52,19.15,7.00,378.17
,August,403.17,0.50,0.48,01-AUG-06:19,3177.59,20.07,84.83,381.67,1642.10,21.56,74.33,350.67
,September,351.00,0.50,0.48,01-SEP-07:10,2715.53,21.39,104.33,326.33,1191.43,21.83,82.33,294.00
,October,309.50,0.50,0.48,01-OCT-07:30,2071.83,20.05,68.50,291.00,1090.92,22.28,100.00,252.00
,November,239.83,0.51,0.48,01-NOV-08:09,1435.09,20.08,70.50,235.83,746.45,21.66,77.33,190.17
,December,236.00,0.50,0.48,01-DEC-09:20,1260.61,19.11,58.67,224.33,652.20,21.46,67.83,175.00
,,,,,,,,,,,,,
,Annual Sum or Average,4051.83,0.50,,,2686.40,19.67,892.50,3825.67,1306.88,21.03,827.67,3380.17
,Minimum of Months,236.00,0.49,0.48,,1260.61,17.69,52.00,224.33,652.20,18.90,4.17,175.00
,Maximum of Months,441.33,0.51,0.48,,3657.09,21.67,104.33,408.50,1651.32,23.15,123.83,378.17


----------------------------------------------------------------------------------------------------
REPORT:,CoilReportMonthly
FOR:,CORE_BOTTOM VAV BOX REHEAT COIL
Custom Monthly Report

,,HEATING COIL HEATING ENERGY [J],HEATING COIL HEATING RATE {Maximum} [W],HEATING COIL HEATING RATE {TIMESTAMP},COOLING COIL TOTAL COOLING ENERGY [],COOLING COIL SENSIBLE COOLING ENERGY [],COOLING COIL TOTAL COOLING RATE [],COOLING COIL SENSIBLE COOLING RATE [],COOLING COIL WETTED AREA FRACTION []
,January,0.164438E+13,1524453.64,25-JAN-07:10,0.00,0.00,0.00,0.00,0.00
,February,0.148519E+13,1464289.37,08-FEB-07:10,0.00,0.00,0.00,0.00,0.00
,March,0.148778E+13,1627697.04,07-MAR-07:10,0.00,0.00,0.00,0.00,0.00
,April,0.121902E+13,882657.54,03-APR-02:15,0.00,0.00,0.00,0.00,0.00
,May,0.103670E+13,900710.28,21-MAY-12:33,0.00,0.00,0.00,0.00,0.00
,June,0.106515E+13,877074.65,11-JUN-05:33,0.00,0.00,0.00,0.00,0.00
,July,0.109577E+13,927966.85,04-JUL-08:33,0.00,0.00,0.00,0.00,0.00
,August,0.112957E+13,881989.33,20-AUG-06:33,0.00,0.00,0.00,0.00,0.00
,September,0.101196E+13,880967.97,04-SEP-07:23,0.00,0.00,0.00,0.00,0.00
,October,0.102669E+13,872928.71,08-OCT-12:43,0.00,0.00,0.00,0.00,0.00
,November,0.114203E+13,1212981.68,27-NOV-07:10,0.00,0.00,0.00,0.00,0.00
,December,0.157718E+13,1534490.92,15-DEC-07:10,0.00,0.00,0.00,0.00,0.00
,,,,,,,,,
,Annual Sum or Average,0.149214E+14,,,0.00,0.00,0.00,0.00,0.00
,Minimum of Months,0.101196E+13,872928.71,,0.00,0.00,0.00,0.00,0.00
,Maximum of Months,0.164438E+13,1627697.04,,0.00,0.00,0.00,0.00,0.00


----------------------------------------------------------------------------------------------------
REPORT:,CoilReportMonthly
FOR:,PERIMETER_BOT_ZN_1 VAV BOX REHEAT COIL
Custom Monthly Report

,,HEATING COIL HEATING ENERGY [J],HEATING COIL HEATING RATE {Maximum} [W],HEATING COIL HEATING RATE {TIMESTAMP},COOLING COIL TOTAL COOLING ENERGY [],COOLING COIL SENSIBLE COOLING ENERGY [],COOLING COIL TOTAL COOLING RATE [],COOLING COIL SENSIBLE COOLING RATE [],COOLING COIL WETTED AREA FRACTION []
,January,0.261910E+12,269826.69,25-JAN-07:10,0.00,0.00,0.00,0.00,0.00
,February,0.237592E+12,260388.77,08-FEB-07:10,0.00,0.00,0.00,0.00,0.00
,March,0.236544E+12,288958.56,07-MAR-07:10,0.00,0.00,0.00,0.00,0.00
,April,0.194326E+12,153824.40,04-APR-06:10,0.00,0.00,0.00,0.00,0.00
,May,0.165581E+12,160963.33,21-MAY-12:33,0.00,0.00,0.00,0.00,0.00
,June,0.168802E+12,157784.63,25-JUN-13:51,0.00,0.00,0.00,0.00,0.00
,July,0.171966E+12,166540.46,09-JUL-12:55,0.00,0.00,0.00,0.00,0.00
,August,0.176321E+12,156233.83,13-AUG-12:33,0.00,0.00,0.00,0.00,0.00
,September,0.158786E+12,160405.88,24-SEP-15:23,0.00,0.00,0.00,0.00,0.00
,October,0.163316E+12,162406.45,29-OCT-16:13,0.00,0.00,0.00,0.00,0.00
,November,0.184210E+12,220190.98,27-NOV-07:10,0.00,0.00,0.00,0.00,0.00
,December,0.250486E+12,274496.53,15-DEC-07:10,0.00,0.00,0.00,0.00,0.00
,,,,,,,,,
,Annual Sum or Average,0.236984E+13,,,0.00,0.00,0.00,0.00,0.00
,Minimum of Months,0.158786E+12,153824.40,,0.00,0.00,0.00,0.00,0.00
,Maximum of Months,0.261910E+12,288958.56,,0.00,0.00,0.00,0.00,0.00


----------------------------------------------------------------------------------------------------
REPORT:,CoilReportMonthly
FOR:,PERIMETER_BOT_ZN_2 VAV BOX REHEAT COIL
Custom Monthly Report

,,HEATING COIL HEATING ENERGY [J],HEATING COIL HEATING RATE {Maximum} [W],HEATING COIL HEATING RATE {TIMESTAMP},COOLING COIL TOTAL COOLING ENERGY [],COOLING COIL SENSIBLE COOLING ENERGY [],COOLING COIL TOTAL COOLING RATE [],COOLING COIL SENSIBLE COOLING RATE [],COOLING COIL WETTED AREA FRACTION []
,January,0.123683E+12,117934.51,25-JAN-07:10,0.00,0.00,0.00,0.00,0.00
,February,0.111663E+12,113321.73,08-FEB-07:10,0.00,0.00,0.00,0.00,0.00
,March,0.111907E+12,125342.49,07-MAR-07:10,0.00,0.00,0.00,0.00,0.00
,April,0.914854E+11,69125.15,16-APR-08:43,0.00,0.00,0.00,0.00,0.00
,May,0.775370E+11,75142.69,21-MAY-12:33,0.00,0.00,0.00,0.00,0.00
,June,0.790128E+11,75533.86,18-JUN-09:15,0.00,0.00,0.00,0.00,0.00
,July,0.809122E+11,77952.36,09-JUL-12:55,0.00,0.00,0.00,0.00,0.00
,August,0.835057E+11,73027.74,06-AUG-06:30,0.00,0.00,0.00,0.00,0.00
,September,0.759133E+11,74685.19,10-SEP-09:13,0.00,0.00,0.00,0.00,0.00
,October,0.780470E+11,75012.26,15-OCT-07:42,0.00,0.00,0.00,0.00,0.00
,November,0.871175E+11,94653.68,27-NOV-07:10,0.00,0.00,0.00,0.00,0.00
,December,0.118409E+12,119767.30,15-DEC-07:10,0.00,0.00,0.00,0.00,0.00
,,,,,,,,,
,Annual Sum or Average,0.111919E+13,,,0.00,0.00,0.00,0.00,0.00
,Minimum of Months,0.759133E+11,69125.15,,0.00,0.00,0.00,0.00,0.00
,Maximum of Months,0.123683E+12,125342.49,,0.00,0.00,0.00,0.00,0.00


----------------------------------------------------------------------------------------------------
REPORT:,CoilReportMonthly
FOR:,PERIMETER_BOT_ZN_3 VAV BOX REHEAT COIL
Custom Monthly Report

,,HEATING COIL HEATING ENERGY [J],HEATING COIL HEATING RATE {Maximum} [W],HEATING COIL HEATING RATE {TIMESTAMP},COOLING COIL TOTAL COOLING ENERGY [],COOLING COIL SENSIBLE COOLING ENERGY [],COOLING COIL TOTAL COOLING RATE [],COOLING COIL SENSIBLE COOLING RATE [],COOLING COIL WETTED AREA FRACTION []
,January,0.369196E+12,354179.82,25-JAN-07:10,0.00,0.00,0.00,0.00,0.00
,February,0.334270E+12,340124.22,08-FEB-07:10,0.00,0.00,0.00,0.00,0.00
,March,0.340343E+12,381605.29,07-MAR-07:10,0.00,0.00,0.00,0.00,0.00
,April,0.283499E+12,192095.11,04-APR-06:10,0.00,0.00,0.00,0.00,0.00
,May,0.247288E+12,227681.11,21-MAY-13:43,0.00,0.00,0.00,0.00,0.00
,June,0.253820E+12,222495.30,11-JUN-17:03,0.00,0.00,0.00,0.00,0.00
,July,0.261078E+12,237654.17,04-JUL-10:13,0.00,0.00,0.00,0.00,0.00
,August,0.268762E+12,214736.35,12-AUG-18:33,0.00,0.00,0.00,0.00,0.00
,September,0.241384E+12,213602.95,10-SEP-16:53,0.00,0.00,0.00,0.00,0.00
,October,0.244195E+12,215551.85,08-OCT-12:43,0.00,0.00,0.00,0.00,0.00
,November,0.266592E+12,286880.22,27-NOV-07:10,0.00,0.00,0.00,0.00,0.00
,December,0.355376E+12,363330.53,15-DEC-07:10,0.00,0.00,0.00,0.00,0.00
,,,,,,,,,
,Annual Sum or Average,0.346580E+13,,,0.00,0.00,0.00,0.00,0.00
,Minimum of Months,0.241384E+12,192095.11,,0.00,0.00,0.00,0.00,0.00
,Maximum of Months,0.369196E+12,381605.29,,0.00,0.00,0.00,0.00,0.00


----------------------------------------------------------------------------------------------------
REPORT:,CoilReportMonthly
FOR:,PERIMETER_BOT_ZN_4 VAV BOX REHEAT COIL
Custom Monthly Report

,,HEATING COIL HEATING ENERGY [J],HEATING COIL HEATING RATE {Maximum} [W],HEATING COIL HEATING RATE {TIMESTAMP},COOLING COIL TOTAL COOLING ENERGY [],COOLING COIL SENSIBLE COOLING ENERGY [],COOLING COIL TOTAL COOLING RATE [],COOLING COIL SENSIBLE COOLING RATE [],COOLING COIL WETTED AREA FRACTION []
,January,0.118217E+12,112631.06,25-JAN-07:10,0.00,0.00,0.00,0.00,0.00
,February,0.106747E+12,108138.45,08-FEB-07:10,0.00,0.00,0.00,0.00,0.00
,March,0.106929E+12,120689.96,07-MAR-07:10,0.00,0.00,0.00,0.00,0.00
,April,0.874389E+11,71492.78,30-APR-17:32,0.00,0.00,0.00,0.00,0.00
,May,0.740381E+11,73011.35,20-MAY-17:35,0.00,0.00,0.00,0.00,0.00
,June,0.754141E+11,71143.98,25-JUN-13:51,0.00,0.00,0.00,0.00,0.00
,July,0.767165E+11,75363.91,23-JUL-20:35,0.00,0.00,0.00,0.00,0.00
,August,0.796312E+11,75656.99,20-AUG-20:25,0.00,0.00,0.00,0.00,0.00
,September,0.723277E+11,71129.67,02-SEP-19:03,0.00,0.00,0.00,0.00,0.00
,October,0.744286E+11,72545.52,01-OCT-17:35,0.00,0.00,0.00,0.00,0.00
,November,0.830903E+11,90250.15,27-NOV-07:10,0.00,0.00,0.00,0.00,0.00
,December,0.113145E+12,114278.36,15-DEC-07:10,0.00,0.00,0.00,0.00,0.00
,,,,,,,,,
,Annual Sum or Average,0.106812E+13,,,0.00,0.00,0.00,0.00,0.00
,Minimum of Months,0.723277E+11,71129.67,,0.00,0.00,0.00,0.00,0.00
,Maximum of Months,0.118217E+12,120689.96,,0.00,0.00,0.00,0.00,0.00


----------------------------------------------------------------------------------------------------
REPORT:,CoilReportMonthly
FOR:,CORE_MID VAV BOX REHEAT COIL
Custom Monthly Report

,,HEATING COIL HEATING ENERGY [J],HEATING COIL HEATING RATE {Maximum} [W],HEATING COIL HEATING RATE {TIMESTAMP},COOLING COIL TOTAL COOLING ENERGY [],COOLING COIL SENSIBLE COOLING ENERGY [],COOLING COIL TOTAL COOLING RATE [],COOLING COIL SENSIBLE COOLING RATE [],COOLING COIL WETTED AREA FRACTION []
,January,0.223503E+13,2632527.15,25-JAN-07:10,0.00,0.00,0.00,0.00,0.00
,February,0.202387E+13,2550374.30,08-FEB-07:10,0.00,0.00,0.00,0.00,0.00
,March,0.196152E+13,2799171.24,07-MAR-07:10,0.00,0.00,0.00,0.00,0.00
,April,0.155486E+13,1699475.68,04-APR-06:10,0.00,0.00,0.00,0.00,0.00
,May,0.144871E+13,1201817.73,21-MAY-11:43,0.00,0.00,0.00,0.00,0.00
,June,0.148255E+13,1234581.92,25-JUN-07:53,0.00,0.00,0.00,0.00,0.00
,July,0.151103E+13,1297658.19,04-JUL-10:13,0.00,0.00,0.00,0.00,0.00
,August,0.155769E+13,1220504.89,20-AUG-06:33,0.00,0.00,0.00,0.00,0.00
,September,0.141670E+13,1227672.78,04-SEP-07:23,0.00,0.00,0.00,0.00,0.00
,October,0.150037E+13,1174053.46,08-OCT-13:53,0.00,0.00,0.00,0.00,0.00
,November,0.182667E+13,2214014.37,27-NOV-07:10,0.00,0.00,0.00,0.00,0.00
,December,0.217345E+13,2653783.07,15-DEC-07:10,0.00,0.00,0.00,0.00,0.00
,,,,,,,,,
,Annual Sum or Average,0.206924E+14,,,0.00,0.00,0.00,0.00,0.00
,Minimum of Months,0.141670E+13,1174053.46,,0.00,0.00,0.00,0.00,0.00
,Maximum of Months,0.223503E+13,2799171.24,,0.00,0.00,0.00,0.00,0.00


----------------------------------------------------------------------------------------------------
REPORT:,CoilReportMonthly
FOR:,PERIMETER_MID_ZN_1 VAV BOX REHEAT COIL
Custom Monthly Report

,,HEATING COIL HEATING ENERGY [J],HEATING COIL HEATING RATE {Maximum} [W],HEATING COIL HEATING RATE {TIMESTAMP},COOLING COIL TOTAL COOLING ENERGY [],COOLING COIL SENSIBLE COOLING ENERGY [],COOLING COIL TOTAL COOLING RATE [],COOLING COIL SENSIBLE COOLING RATE [],COOLING COIL WETTED AREA FRACTION []
,January,0.220896E+12,269183.89,25-JAN-07:10,0.00,0.00,0.00,0.00,0.00
,February,0.199611E+12,260820.63,08-FEB-07:10,0.00,0.00,0.00,0.00,0.00
,March,0.192115E+12,280626.99,07-MAR-07:10,0.00,0.00,0.00,0.00,0.00
,April,0.153431E+12,169718.52,04-APR-06:10,0.00,0.00,0.00,0.00,0.00
,May,0.144323E+12,136289.09,21-MAY-11:43,0.00,0.00,0.00,0.00,0.00
,June,0.147427E+12,131863.17,04-JUN-13:32,0.00,0.00,0.00,0.00,0.00
,July,0.149525E+12,139873.75,04-JUL-10:13,0.00,0.00,0.00,0.00,0.00
,August,0.153355E+12,125135.36,06-AUG-13:02,0.00,0.00,0.00,0.00,0.00
,September,0.139856E+12,136604.11,04-SEP-13:33,0.00,0.00,0.00,0.00,0.00
,October,0.148724E+12,136571.92,15-OCT-13:02,0.00,0.00,0.00,0.00,0.00
,November,0.181636E+12,226631.36,27-NOV-07:10,0.00,0.00,0.00,0.00,0.00
,December,0.215569E+12,273073.19,15-DEC-07:10,0.00,0.00,0.00,0.00,0.00
,,,,,,,,,
,Annual Sum or Average,0.204647E+13,,,0.00,0.00,0.00,0.00,0.00
,Minimum of Months,0.139856E+12,125135.36,,0.00,0.00,0.00,0.00,0.00
,Maximum of Months,0.220896E+12,280626.99,,0.00,0.00,0.00,0.00,0.00


----------------------------------------------------------------------------------------------------
REPORT:,CoilReportMonthly
FOR:,PERIMETER_MID_ZN_2 VAV BOX REHEAT COIL
Custom Monthly Report

,,HEATING COIL HEATING ENERGY [J],HEATING COIL HEATING RATE {Maximum} [W],HEATING COIL HEATING RATE {TIMESTAMP},COOLING COIL TOTAL COOLING ENERGY [],COOLING COIL SENSIBLE COOLING ENERGY [],COOLING COIL TOTAL COOLING RATE [],COOLING COIL SENSIBLE COOLING RATE [],COOLING COIL WETTED AREA FRACTION []
,January,0.916826E+11,124233.72,25-JAN-07:10,0.00,0.00,0.00,0.00,0.00
,February,0.823767E+11,120305.99,08-FEB-07:10,0.00,0.00,0.00,0.00,0.00
,March,0.768364E+11,126080.64,07-MAR-07:10,0.00,0.00,0.00,0.00,0.00
,April,0.587647E+11,78124.53,04-APR-06:10,0.00,0.00,0.00,0.00,0.00
,May,0.528196E+11,61583.90,29-MAY-07:42,0.00,0.00,0.00,0.00,0.00
,June,0.537890E+11,63121.57,04-JUN-09:12,0.00,0.00,0.00,0.00,0.00
,July,0.552894E+11,65830.17,30-JUL-09:32,0.00,0.00,0.00,0.00,0.00
,August,0.568656E+11,64846.51,13-AUG-09:32,0.00,0.00,0.00,0.00,0.00
,September,0.526229E+11,61311.23,12-SEP-05:11,0.00,0.00,0.00,0.00,0.00
,October,0.574821E+11,61012.79,15-OCT-09:11,0.00,0.00,0.00,0.00,0.00
,November,0.732187E+11,104674.57,27-NOV-07:10,0.00,0.00,0.00,0.00,0.00
,December,0.888641E+11,125790.37,15-DEC-07:10,0.00,0.00,0.00,0.00,0.00
,,,,,,,,,
,Annual Sum or Average,0.800612E+12,,,0.00,0.00,0.00,0.00,0.00
,Minimum of Months,0.526229E+11,61012.79,,0.00,0.00,0.00,0.00,0.00
,Maximum of Months,0.916826E+11,126080.64,,0.00,0.00,0.00,0.00,0.00


----------------------------------------------------------------------------------------------------
REPORT:,CoilReportMonthly
FOR:,PERIMETER_MID_ZN_3 VAV BOX REHEAT COIL
Custom Monthly Report

,,HEATING COIL HEATING ENERGY [J],HEATING COIL HEATING RATE {Maximum} [W],HEATING COIL HEATING RATE {TIMESTAMP},COOLING COIL TOTAL COOLING ENERGY [],COOLING COIL SENSIBLE COOLING ENERGY [],COOLING COIL TOTAL COOLING RATE [],COOLING COIL SENSIBLE COOLING RATE [],COOLING COIL WETTED AREA FRACTION []
,January,0.329504E+12,402632.17,25-JAN-07:10,0.00,0.00,0.00,0.00,0.00
,February,0.298103E+12,390375.21,08-FEB-07:10,0.00,0.00,0.00,0.00,0.00
,March,0.292701E+12,416971.16,07-MAR-07:10,0.00,0.00,0.00,0.00,0.00
,April,0.236138E+12,253538.87,04-APR-06:10,0.00,0.00,0.00,0.00,0.00
,May,0.223199E+12,210572.24,21-MAY-11:43,0.00,0.00,0.00,0.00,0.00
,June,0.227582E+12,199039.99,11-JUN-05:33,0.00,0.00,0.00,0.00,0.00
,July,0.231837E+12,222145.63,04-JUL-10:13,0.00,0.00,0.00,0.00,0.00
,August,0.239042E+12,191590.78,12-AUG-18:23,0.00,0.00,0.00,0.00,0.00
,September,0.218117E+12,199938.01,04-SEP-13:33,0.00,0.00,0.00,0.00,0.00
,October,0.230120E+12,193064.02,08-OCT-13:53,0.00,0.00,0.00,0.00,0.00
,November,0.274339E+12,338483.27,27-NOV-07:10,0.00,0.00,0.00,0.00,0.00
,December,0.321013E+12,409599.00,15-DEC-07:10,0.00,0.00,0.00,0.00,0.00
,,,,,,,,,
,Annual Sum or Average,0.312170E+13,,,0.00,0.00,0.00,0.00,0.00
,Minimum of Months,0.218117E+12,191590.78,,0.00,0.00,0.00,0.00,0.00
,Maximum of Months,0.329504E+12,416971.16,,0.00,0.00,0.00,0.00,0.00


----------------------------------------------------------------------------------------------------
REPORT:,CoilReportMonthly
FOR:,PERIMETER_MID_ZN_4 VAV BOX REHEAT COIL
Custom Monthly Report

,,HEATING COIL HEATING ENERGY [J],HEATING COIL HEATING RATE {Maximum} [W],HEATING COIL HEATING RATE {TIMESTAMP},COOLING COIL TOTAL COOLING ENERGY [],COOLING COIL SENSIBLE COOLING ENERGY [],COOLING COIL TOTAL COOLING RATE [],COOLING COIL SENSIBLE COOLING RATE [],COOLING COIL WETTED AREA FRACTION []
,January,0.991455E+11,119686.25,25-JAN-07:10,0.00,0.00,0.00,0.00,0.00
,February,0.892278E+11,115853.79,08-FEB-07:10,0.00,0.00,0.00,0.00,0.00
,March,0.853792E+11,125235.25,07-MAR-07:10,0.00,0.00,0.00,0.00,0.00
,April,0.670334E+11,75466.34,04-APR-06:10,0.00,0.00,0.00,0.00,0.00
,May,0.615901E+11,57502.26,06-MAY-17:45,0.00,0.00,0.00,0.00,0.00
,June,0.624284E+11,63597.67,25-JUN-17:42,0.00,0.00,0.00,0.00,0.00
,July,0.629199E+11,62895.97,30-JUL-18:52,0.00,0.00,0.00,0.00,0.00
,August,0.657666E+11,63593.00,20-AUG-17:52,0.00,0.00,0.00,0.00,0.00
,September,0.610468E+11,60383.71,29-SEP-05:11,0.00,0.00,0.00,0.00,0.00
,October,0.658767E+11,59774.35,03-OCT-05:11,0.00,0.00,0.00,0.00,0.00
,November,0.807393E+11,100805.63,27-NOV-07:10,0.00,0.00,0.00,0.00,0.00
,December,0.963977E+11,121153.59,15-DEC-07:10,0.00,0.00,0.00,0.00,0.00
,,,,,,,,,
,Annual Sum or Average,0.897551E+12,,,0.00,0.00,0.00,0.00,0.00
,Minimum of Months,0.610468E+11,57502.26,,0.00,0.00,0.00,0.00,0.00
,Maximum of Months,0.991455E+11,125235.25,,0.00,0.00,0.00,0.00,0.00


----------------------------------------------------------------------------------------------------
REPORT:,CoilReportMonthly
FOR:,CORE_TOP VAV BOX REHEAT COIL
Custom Monthly Report

,,HEATING COIL HEATING ENERGY [J],HEATING COIL HEATING RATE {Maximum} [W],HEATING COIL HEATING RATE {TIMESTAMP},COOLING COIL TOTAL COOLING ENERGY [],COOLING COIL SENSIBLE COOLING ENERGY [],COOLING COIL TOTAL COOLING RATE [],COOLING COIL SENSIBLE COOLING RATE [],COOLING COIL WETTED AREA FRACTION []
,January,0.213586E+13,2362682.52,25-JAN-07:10,0.00,0.00,0.00,0.00,0.00
,February,0.193455E+13,2284017.32,08-FEB-07:10,0.00,0.00,0.00,0.00,0.00
,March,0.199630E+13,2508001.01,07-MAR-07:10,0.00,0.00,0.00,0.00,0.00
,April,0.171942E+13,1456511.81,04-APR-06:10,0.00,0.00,0.00,0.00,0.00
,May,0.147067E+13,1153548.49,21-MAY-11:43,0.00,0.00,0.00,0.00,0.00
,June,0.142689E+13,1176532.25,18-JUN-08:62,0.00,0.00,0.00,0.00,0.00
,July,0.145837E+13,1274870.70,04-JUL-08:33,0.00,0.00,0.00,0.00,0.00
,August,0.149926E+13,1105041.09,12-AUG-18:23,0.00,0.00,0.00,0.00,0.00
,September,0.141818E+13,1099192.61,03-SEP-07:22,0.00,0.00,0.00,0.00,0.00
,October,0.165581E+13,1017463.33,01-OCT-12:43,0.00,0.00,0.00,0.00,0.00
,November,0.190668E+13,1958968.59,27-NOV-07:10,0.00,0.00,0.00,0.00,0.00
,December,0.211527E+13,2387973.02,15-DEC-07:10,0.00,0.00,0.00,0.00,0.00
,,,,,,,,,
,Annual Sum or Average,0.207373E+14,,,0.00,0.00,0.00,0.00,0.00
,Minimum of Months,0.141818E+13,1017463.33,,0.00,0.00,0.00,0.00,0.00
,Maximum of Months,0.213586E+13,2508001.01,,0.00,0.00,0.00,0.00,0.00


----------------------------------------------------------------------------------------------------
REPORT:,CoilReportMonthly
FOR:,PERIMETER_TOP_ZN_1 VAV BOX REHEAT COIL
Custom Monthly Report

,,HEATING COIL HEATING ENERGY [J],HEATING COIL HEATING RATE {Maximum} [W],HEATING COIL HEATING RATE {TIMESTAMP},COOLING COIL TOTAL COOLING ENERGY [],COOLING COIL SENSIBLE COOLING ENERGY [],COOLING COIL TOTAL COOLING RATE [],COOLING COIL SENSIBLE COOLING RATE [],COOLING COIL WETTED AREA FRACTION []
,January,0.204148E+12,231933.14,25-JAN-07:10,0.00,0.00,0.00,0.00,0.00
,February,0.184400E+12,224191.57,08-FEB-07:10,0.00,0.00,0.00,0.00,0.00
,March,0.188226E+12,246056.03,07-MAR-07:10,0.00,0.00,0.00,0.00,0.00
,April,0.162255E+12,142709.54,04-APR-06:10,0.00,0.00,0.00,0.00,0.00
,May,0.138812E+12,122356.65,28-MAY-11:13,0.00,0.00,0.00,0.00,0.00
,June,0.134261E+12,124764.55,11-JUN-16:55,0.00,0.00,0.00,0.00,0.00
,July,0.136605E+12,126671.00,04-JUL-10:13,0.00,0.00,0.00,0.00,0.00
,August,0.139973E+12,118275.30,06-AUG-13:53,0.00,0.00,0.00,0.00,0.00
,September,0.132869E+12,121001.93,03-SEP-13:53,0.00,0.00,0.00,0.00,0.00
,October,0.156271E+12,121252.50,01-OCT-12:43,0.00,0.00,0.00,0.00,0.00
,November,0.182064E+12,193017.03,27-NOV-07:10,0.00,0.00,0.00,0.00,0.00
,December,0.202855E+12,234422.16,15-DEC-07:10,0.00,0.00,0.00,0.00,0.00
,,,,,,,,,
,Annual Sum or Average,0.196274E+13,,,0.00,0.00,0.00,0.00,0.00
,Minimum of Months,0.132869E+12,118275.30,,0.00,0.00,0.00,0.00,0.00
,Maximum of Months,0.204148E+12,246056.03,,0.00,0.00,0.00,0.00,0.00


----------------------------------------------------------------------------------------------------
REPORT:,CoilReportMonthly
FOR:,PERIMETER_TOP_ZN_2 VAV BOX REHEAT COIL
Custom Monthly Report

,,HEATING COIL HEATING ENERGY [J],HEATING COIL HEATING RATE {Maximum} [W],HEATING COIL HEATING RATE {TIMESTAMP},COOLING COIL TOTAL COOLING ENERGY [],COOLING COIL SENSIBLE COOLING ENERGY [],COOLING COIL TOTAL COOLING RATE [],COOLING COIL SENSIBLE COOLING RATE [],COOLING COIL WETTED AREA FRACTION []
,January,0.102514E+12,115272.77,25-JAN-07:10,0.00,0.00,0.00,0.00,0.00
,February,0.925520E+11,111383.72,08-FEB-07:10,0.00,0.00,0.00,0.00,0.00
,March,0.938365E+11,120678.12,07-MAR-07:10,0.00,0.00,0.00,0.00,0.00
,April,0.795459E+11,70549.63,04-APR-06:10,0.00,0.00,0.00,0.00,0.00
,May,0.663942E+11,59324.44,21-MAY-10:13,0.00,0.00,0.00,0.00,0.00
,June,0.636381E+11,61457.78,25-JUN-10:35,0.00,0.00,0.00,0.00,0.00
,July,0.648978E+11,62050.79,23-JUL-11:11,0.00,0.00,0.00,0.00,0.00
,August,0.673143E+11,61153.13,01-AUG-05:11,0.00,0.00,0.00,0.00,0.00
,September,0.650920E+11,62699.60,12-SEP-05:11,0.00,0.00,0.00,0.00,0.00
,October,0.775820E+11,62134.45,12-OCT-05:11,0.00,0.00,0.00,0.00,0.00
,November,0.906434E+11,96060.61,27-NOV-07:10,0.00,0.00,0.00,0.00,0.00
,December,0.101489E+12,116451.56,15-DEC-07:10,0.00,0.00,0.00,0.00,0.00
,,,,,,,,,
,Annual Sum or Average,0.965499E+12,,,0.00,0.00,0.00,0.00,0.00
,Minimum of Months,0.636381E+11,59324.44,,0.00,0.00,0.00,0.00,0.00
,Maximum of Months,0.102514E+12,120678.12,,0.00,0.00,0.00,0.00,0.00


----------------------------------------------------------------------------------------------------
REPORT:,CoilReportMonthly
FOR:,PERIMETER_TOP_ZN_3 VAV BOX REHEAT COIL
Custom Monthly Report

,,HEATING COIL HEATING ENERGY [J],HEATING COIL HEATING RATE {Maximum} [W],HEATING COIL HEATING RATE {TIMESTAMP},COOLING COIL TOTAL COOLING ENERGY [],COOLING COIL SENSIBLE COOLING ENERGY [],COOLING COIL TOTAL COOLING RATE [],COOLING COIL SENSIBLE COOLING RATE [],COOLING COIL WETTED AREA FRACTION []
,January,0.291718E+12,331995.23,25-JAN-07:10,0.00,0.00,0.00,0.00,0.00
,February,0.264608E+12,321105.83,08-FEB-07:10,0.00,0.00,0.00,0.00,0.00
,March,0.274891E+12,353843.53,07-MAR-07:10,0.00,0.00,0.00,0.00,0.00
,April,0.238225E+12,204769.49,04-APR-06:10,0.00,0.00,0.00,0.00,0.00
,May,0.205761E+12,180767.60,21-MAY-11:43,0.00,0.00,0.00,0.00,0.00
,June,0.198970E+12,182706.82,11-JUN-16:55,0.00,0.00,0.00,0.00,0.00
,July,0.203364E+12,193303.79,04-JUL-10:13,0.00,0.00,0.00,0.00,0.00
,August,0.209432E+12,166485.26,12-AUG-18:23,0.00,0.00,0.00,0.00,0.00
,September,0.198554E+12,165799.09,10-SEP-17:03,0.00,0.00,0.00,0.00,0.00
,October,0.230623E+12,150700.73,01-OCT-12:43,0.00,0.00,0.00,0.00,0.00
,November,0.262633E+12,275702.26,27-NOV-07:10,0.00,0.00,0.00,0.00,0.00
,December,0.289266E+12,335707.90,15-DEC-07:10,0.00,0.00,0.00,0.00,0.00
,,,,,,,,,
,Annual Sum or Average,0.286804E+13,,,0.00,0.00,0.00,0.00,0.00
,Minimum of Months,0.198554E+12,150700.73,,0.00,0.00,0.00,0.00,0.00
,Maximum of Months,0.291718E+12,353843.53,,0.00,0.00,0.00,0.00,0.00


----------------------------------------------------------------------------------------------------
REPORT:,CoilReportMonthly
FOR:,PERIMETER_TOP_ZN_4 VAV BOX REHEAT COIL
Custom Monthly Report

,,HEATING COIL HEATING ENERGY [J],HEATING COIL HEATING RATE {Maximum} [W],HEATING COIL HEATING RATE {TIMESTAMP},COOLING COIL TOTAL COOLING ENERGY [],COOLING COIL SENSIBLE COOLING ENERGY [],COOLING COIL TOTAL COOLING RATE [],COOLING COIL SENSIBLE COOLING RATE [],COOLING COIL WETTED AREA FRACTION []
,January,0.943414E+11,105694.61,25-JAN-07:10,0.00,0.00,0.00,0.00,0.00
,February,0.850134E+11,102064.20,08-FEB-07:10,0.00,0.00,0.00,0.00,0.00
,March,0.859432E+11,111872.55,07-MAR-07:10,0.00,0.00,0.00,0.00,0.00
,April,0.728043E+11,64815.79,04-APR-06:10,0.00,0.00,0.00,0.00,0.00
,May,0.606382E+11,57932.15,30-MAY-05:11,0.00,0.00,0.00,0.00,0.00
,June,0.579700E+11,58951.98,09-JUN-05:11,0.00,0.00,0.00,0.00,0.00
,July,0.585495E+11,58328.62,08-JUL-05:11,0.00,0.00,0.00,0.00,0.00
,August,0.612986E+11,60176.89,10-AUG-05:11,0.00,0.00,0.00,0.00,0.00
,September,0.594080E+11,61389.61,13-SEP-05:11,0.00,0.00,0.00,0.00,0.00
,October,0.710230E+11,61655.37,12-OCT-05:11,0.00,0.00,0.00,0.00,0.00
,November,0.831001E+11,88055.52,27-NOV-07:10,0.00,0.00,0.00,0.00,0.00
,December,0.933270E+11,106757.28,15-DEC-07:10,0.00,0.00,0.00,0.00,0.00
,,,,,,,,,
,Annual Sum or Average,0.883417E+12,,,0.00,0.00,0.00,0.00,0.00
,Minimum of Months,0.579700E+11,57932.15,,0.00,0.00,0.00,0.00,0.00
,Maximum of Months,0.943414E+11,111872.55,,0.00,0.00,0.00,0.00,0.00


----------------------------------------------------------------------------------------------------
REPORT:,CoilReportMonthly
FOR:,PACU_VAV_BOT HEATING COIL
Custom Monthly Report

,,HEATING COIL HEATING ENERGY [J],HEATING COIL HEATING RATE {Maximum} [W],HEATING COIL HEATING RATE {TIMESTAMP},COOLING COIL TOTAL COOLING ENERGY [],COOLING COIL SENSIBLE COOLING ENERGY [],COOLING COIL TOTAL COOLING RATE [],COOLING COIL SENSIBLE COOLING RATE [],COOLING COIL WETTED AREA FRACTION []
,January,0.366740E+11,3737678.90,03-JAN-07:10,0.00,0.00,0.00,0.00,0.00
,February,0.288606E+11,3737678.90,08-FEB-07:10,0.00,0.00,0.00,0.00,0.00
,March,0.424792E+11,3737678.90,01-MAR-07:10,0.00,0.00,0.00,0.00,0.00
,April,0.314713E+11,3737678.90,04-APR-06:10,0.00,0.00,0.00,0.00,0.00
,May,0.155359E+11,2187902.32,09-MAY-06:10,0.00,0.00,0.00,0.00,0.00
,June,0.509371E+10,1302549.65,20-JUN-06:10,0.00,0.00,0.00,0.00,0.00
,July,0.124550E+10,700292.74,31-JUL-06:10,0.00,0.00,0.00,0.00,0.00
,August,0.557672E+09,274434.33,21-AUG-06:10,0.00,0.00,0.00,0.00,0.00
,September,0.619596E+10,2086838.88,18-SEP-06:10,0.00,0.00,0.00,0.00,0.00
,October,0.195149E+11,2411043.75,28-OCT-06:10,0.00,0.00,0.00,0.00,0.00
,November,0.319762E+11,3737678.90,27-NOV-07:10,0.00,0.00,0.00,0.00,0.00
,December,0.398855E+11,3737678.90,02-DEC-07:10,0.00,0.00,0.00,0.00,0.00
,,,,,,,,,
,Annual Sum or Average,0.259490E+12,,,0.00,0.00,0.00,0.00,0.00
,Minimum of Months,0.557672E+09,274434.33,,0.00,0.00,0.00,0.00,0.00
,Maximum of Months,0.424792E+11,3737678.90,,0.00,0.00,0.00,0.00,0.00


----------------------------------------------------------------------------------------------------
REPORT:,CoilReportMonthly
FOR:,PACU_VAV_MID HEATING COIL
Custom Monthly Report

,,HEATING COIL HEATING ENERGY [J],HEATING COIL HEATING RATE {Maximum} [W],HEATING COIL HEATING RATE {TIMESTAMP},COOLING COIL TOTAL COOLING ENERGY [],COOLING COIL SENSIBLE COOLING ENERGY [],COOLING COIL TOTAL COOLING RATE [],COOLING COIL SENSIBLE COOLING RATE [],COOLING COIL WETTED AREA FRACTION []
,January,0.389729E+11,3737678.90,02-JAN-07:10,0.00,0.00,0.00,0.00,0.00
,February,0.306993E+11,3737678.90,03-FEB-07:10,0.00,0.00,0.00,0.00,0.00
,March,0.468450E+11,3737678.90,01-MAR-07:10,0.00,0.00,0.00,0.00,0.00
,April,0.365919E+11,3737678.90,04-APR-06:10,0.00,0.00,0.00,0.00,0.00
,May,0.188690E+11,2632958.93,09-MAY-06:10,0.00,0.00,0.00,0.00,0.00
,June,0.625553E+10,1577950.77,20-JUN-06:10,0.00,0.00,0.00,0.00,0.00
,July,0.156156E+10,860280.36,31-JUL-06:10,0.00,0.00,0.00,0.00,0.00
,August,0.754099E+09,352814.26,21-AUG-06:10,0.00,0.00,0.00,0.00,0.00
,September,0.759992E+10,2512522.02,18-SEP-06:10,0.00,0.00,0.00,0.00,0.00
,October,0.235796E+11,2898854.10,28-OCT-06:10,0.00,0.00,0.00,0.00,0.00
,November,0.370441E+11,3737678.90,15-NOV-07:10,0.00,0.00,0.00,0.00,0.00
,December,0.426562E+11,3737678.90,01-DEC-07:10,0.00,0.00,0.00,0.00,0.00
,,,,,,,,,
,Annual Sum or Average,0.291429E+12,,,0.00,0.00,0.00,0.00,0.00
,Minimum of Months,0.754099E+09,352814.26,,0.00,0.00,0.00,0.00,0.00
,Maximum of Months,0.468450E+11,3737678.90,,0.00,0.00,0.00,0.00,0.00


----------------------------------------------------------------------------------------------------
REPORT:,CoilReportMonthly
FOR:,PACU_VAV_TOP HEATING COIL
Custom Monthly Report

,,HEATING COIL HEATING ENERGY [J],HEATING COIL HEATING RATE {Maximum} [W],HEATING COIL HEATING RATE {TIMESTAMP},COOLING COIL TOTAL COOLING ENERGY [],COOLING COIL SENSIBLE COOLING ENERGY [],COOLING COIL TOTAL COOLING RATE [],COOLING COIL SENSIBLE COOLING RATE [],COOLING COIL WETTED AREA FRACTION []
,January,0.383818E+11,3737678.90,03-JAN-07:10,0.00,0.00,0.00,0.00,0.00
,February,0.302460E+11,3737678.90,03-FEB-07:10,0.00,0.00,0.00,0.00,0.00
,March,0.455808E+11,3737678.90,01-MAR-07:10,0.00,0.00,0.00,0.00,0.00
,April,0.350441E+11,3737678.90,04-APR-06:10,0.00,0.00,0.00,0.00,0.00
,May,0.178704E+11,2493516.53,09-MAY-06:10,0.00,0.00,0.00,0.00,0.00
,June,0.592474E+10,1494428.79,20-JUN-06:10,0.00,0.00,0.00,0.00,0.00
,July,0.147911E+10,814790.11,31-JUL-06:10,0.00,0.00,0.00,0.00,0.00
,August,0.714449E+09,334220.85,21-AUG-06:10,0.00,0.00,0.00,0.00,0.00
,September,0.719801E+10,2379466.52,18-SEP-06:10,0.00,0.00,0.00,0.00,0.00
,October,0.223312E+11,2745314.96,28-OCT-06:10,0.00,0.00,0.00,0.00,0.00
,November,0.356285E+11,3737678.90,27-NOV-07:10,0.00,0.00,0.00,0.00,0.00
,December,0.420599E+11,3737678.90,01-DEC-07:10,0.00,0.00,0.00,0.00,0.00
,,,,,,,,,
,Annual Sum or Average,0.282459E+12,,,0.00,0.00,0.00,0.00,0.00
,Minimum of Months,0.714449E+09,334220.85,,0.00,0.00,0.00,0.00,0.00
,Maximum of Months,0.455808E+11,3737678.90,,0.00,0.00,0.00,0.00,0.00


----------------------------------------------------------------------------------------------------
REPORT:,CoilReportMonthly
FOR:,PACU_VAV_BOT COOLING COIL
Custom Monthly Report

,,HEATING COIL HEATING ENERGY [],HEATING COIL HEATING RATE [],COOLING COIL TOTAL COOLING ENERGY [J],COOLING COIL SENSIBLE COOLING ENERGY [J],COOLING COIL TOTAL COOLING RATE {Maximum} [W],COOLING COIL TOTAL COOLING RATE {TIMESTAMP},COOLING COIL SENSIBLE COOLING RATE {AT MAX/MIN} [W],COOLING COIL WETTED AREA FRACTION []
,January,0.00,0.00,0.154300E+13,0.153627E+13,1316743.42,14-JAN-07:30,1166902.30,0.00
,February,0.00,0.00,0.141234E+13,0.140807E+13,1319164.50,04-FEB-07:30,1211564.40,0.00
,March,0.00,0.00,0.169846E+13,0.167463E+13,1531732.19,29-MAR-06:30,1201271.11,0.00
,April,0.00,0.00,0.160603E+13,0.156625E+13,1818173.03,22-APR-06:20,1206808.50,0.00
,May,0.00,0.00,0.179495E+13,0.169161E+13,2528042.08,31-MAY-06:10,1178033.03,0.00
,June,0.00,0.00,0.195202E+13,0.178932E+13,3177040.45,18-JUN-17:02,1423925.05,0.00
,July,0.00,0.00,0.210623E+13,0.190774E+13,4051931.70,13-JUL-05:04,1490415.22,0.00
,August,0.00,0.00,0.215016E+13,0.193035E+13,3619130.59,16-AUG-05:04,1435297.48,0.00
,September,0.00,0.00,0.182603E+13,0.166041E+13,3907510.35,02-SEP-05:04,1489990.38,0.00
,October,0.00,0.00,0.165005E+13,0.157528E+13,2101001.64,05-OCT-05:06,1044487.97,0.00
,November,0.00,0.00,0.154028E+13,0.150159E+13,1708653.92,01-NOV-06:30,1211661.82,0.00
,December,0.00,0.00,0.153571E+13,0.152049E+13,1753142.56,05-DEC-07:30,1197274.72,0.00
,,,,,,,,,
,Annual Sum or Average,0.00,0.00,0.208152E+14,0.197620E+14,,,,0.00
,Minimum of Months,0.00,0.00,0.141234E+13,0.140807E+13,1316743.42,,1044487.97,0.00
,Maximum of Months,0.00,0.00,0.215016E+13,0.193035E+13,4051931.70,,1490415.22,0.00


----------------------------------------------------------------------------------------------------
REPORT:,CoilReportMonthly
FOR:,PACU_VAV_MID COOLING COIL
Custom Monthly Report

,,HEATING COIL HEATING ENERGY [],HEATING COIL HEATING RATE [],COOLING COIL TOTAL COOLING ENERGY [J],COOLING COIL SENSIBLE COOLING ENERGY [J],COOLING COIL TOTAL COOLING RATE {Maximum} [W],COOLING COIL TOTAL COOLING RATE {TIMESTAMP},COOLING COIL SENSIBLE COOLING RATE {AT MAX/MIN} [W],COOLING COIL WETTED AREA FRACTION []
,January,0.00,0.00,0.179511E+13,0.179302E+13,1439144.07,11-JAN-18:00,1428093.41,0.00
,February,0.00,0.00,0.164576E+13,0.164458E+13,1457032.00,04-FEB-07:30,1423112.51,0.00
,March,0.00,0.00,0.196881E+13,0.195437E+13,1696781.92,29-MAR-06:30,1396620.84,0.00
,April,0.00,0.00,0.186031E+13,0.183077E+13,2042437.89,22-APR-06:20,1406675.61,0.00
,May,0.00,0.00,0.208652E+13,0.198635E+13,2928731.97,31-MAY-06:10,1378224.42,0.00
,June,0.00,0.00,0.225687E+13,0.209228E+13,3685156.54,18-JUN-17:02,1671364.15,0.00
,July,0.00,0.00,0.241436E+13,0.221389E+13,4807291.78,13-JUL-05:04,1750227.32,0.00
,August,0.00,0.00,0.246718E+13,0.224523E+13,4257209.11,16-AUG-05:04,1684709.30,0.00
,September,0.00,0.00,0.209340E+13,0.192888E+13,4619062.60,02-SEP-05:04,1749799.78,0.00
,October,0.00,0.00,0.189406E+13,0.183058E+13,2419517.58,05-OCT-05:06,1219058.30,0.00
,November,0.00,0.00,0.177607E+13,0.174842E+13,1913672.68,01-NOV-06:30,1405447.85,0.00
,December,0.00,0.00,0.178380E+13,0.177423E+13,1951062.96,05-DEC-07:30,1387126.90,0.00
,,,,,,,,,
,Annual Sum or Average,0.00,0.00,0.240422E+14,0.230426E+14,,,,0.00
,Minimum of Months,0.00,0.00,0.164576E+13,0.164458E+13,1439144.07,,1219058.30,0.00
,Maximum of Months,0.00,0.00,0.246718E+13,0.224523E+13,4807291.78,,1750227.32,0.00


----------------------------------------------------------------------------------------------------
REPORT:,CoilReportMonthly
FOR:,PACU_VAV_TOP COOLING COIL
Custom Monthly Report

,,HEATING COIL HEATING ENERGY [],HEATING COIL HEATING RATE [],COOLING COIL TOTAL COOLING ENERGY [J],COOLING COIL SENSIBLE COOLING ENERGY [J],COOLING COIL TOTAL COOLING RATE {Maximum} [W],COOLING COIL TOTAL COOLING RATE {TIMESTAMP},COOLING COIL SENSIBLE COOLING RATE {AT MAX/MIN} [W],COOLING COIL WETTED AREA FRACTION []
,January,0.00,0.00,0.170358E+13,0.169995E+13,1379623.22,14-JAN-07:30,1266138.87,0.00
,February,0.00,0.00,0.156201E+13,0.155988E+13,1378826.16,04-FEB-07:30,1312940.50,0.00
,March,0.00,0.00,0.187265E+13,0.185486E+13,1627823.22,29-MAR-06:30,1314273.28,0.00
,April,0.00,0.00,0.177355E+13,0.174016E+13,1954199.46,22-APR-06:20,1324207.38,0.00
,May,0.00,0.00,0.199881E+13,0.189476E+13,2785855.23,31-MAY-06:10,1305015.57,0.00
,June,0.00,0.00,0.216270E+13,0.199874E+13,3745959.85,18-JUN-16:47,1690362.62,0.00
,July,0.00,0.00,0.233170E+13,0.212972E+13,4540012.15,13-JUL-05:04,1657408.62,0.00
,August,0.00,0.00,0.237283E+13,0.215062E+13,4032235.77,16-AUG-05:04,1595299.02,0.00
,September,0.00,0.00,0.199983E+13,0.183587E+13,3977791.82,10-SEP-17:03,1793890.96,0.00
,October,0.00,0.00,0.180829E+13,0.174072E+13,2304379.74,05-OCT-05:06,1154290.09,0.00
,November,0.00,0.00,0.169139E+13,0.165980E+13,1831289.03,01-NOV-06:30,1324968.46,0.00
,December,0.00,0.00,0.169301E+13,0.168202E+13,1869653.19,05-DEC-07:30,1307325.67,0.00
,,,,,,,,,
,Annual Sum or Average,0.00,0.00,0.229704E+14,0.219471E+14,,,,0.00
,Minimum of Months,0.00,0.00,0.156201E+13,0.155988E+13,1378826.16,,1154290.09,0.00
,Maximum of Months,0.00,0.00,0.237283E+13,0.215062E+13,4540012.15,,1793890.96,0.00


----------------------------------------------------------------------------------------------------
REPORT:,PlantLoopDemandReportMonthly
FOR:,SWHSYS1
Custom Monthly Report

,,PLANT SUPPLY SIDE COOLING DEMAND RATE [W],PLANT SUPPLY SIDE COOLING DEMAND RATE {Maximum} [W],PLANT SUPPLY SIDE COOLING DEMAND RATE {TIMESTAMP},PLANT SUPPLY SIDE HEATING DEMAND RATE [W],PLANT SUPPLY SIDE HEATING DEMAND RATE {Maximum} [W],PLANT SUPPLY SIDE HEATING DEMAND RATE {TIMESTAMP}
,January,0.00,0.00,01-JAN-00:10,1974.43,6906.25,31-JAN-12:30
,February,0.00,0.00,01-FEB-00:03,2012.43,6930.48,15-FEB-12:50
,March,0.00,0.00,01-MAR-00:03,2117.74,6905.27,01-MAR-13:00
,April,0.00,0.00,01-APR-00:05,1904.27,6698.54,03-APR-11:20
,May,0.00,0.00,01-MAY-00:10,1870.46,6394.16,01-MAY-12:00
,June,0.00,0.00,01-JUN-00:10,1808.20,6009.55,01-JUN-11:20
,July,0.00,0.00,01-JUL-00:10,1584.48,5679.93,03-JUL-11:15
,August,0.00,0.00,01-AUG-00:10,1711.38,5487.42,01-AUG-11:50
,September,0.00,0.00,01-SEP-00:10,1625.71,5659.75,29-SEP-11:20
,October,0.00,0.00,01-OCT-00:10,1698.81,5989.78,31-OCT-12:00
,November,0.00,0.00,01-NOV-00:10,1826.32,6372.95,30-NOV-13:00
,December,0.00,0.00,01-DEC-00:03,1849.84,6690.84,29-DEC-13:00
,,,,,,,
,Annual Sum or Average,0.00,,,1830.97,,
,Minimum of Months,0.00,0.00,,1584.48,5487.42,
,Maximum of Months,0.00,0.00,,2117.74,6930.48,


----------------------------------------------------------------------------------------------------
REPORT:,FanReportMonthly
FOR:,PACU_VAV_BOT FAN
Custom Monthly Report

,,FAN ELECTRICITY ENERGY [J],FAN RISE IN AIR TEMPERATURE [deltaC],FAN ELECTRICITY RATE {Maximum} [W],FAN ELECTRICITY RATE {TIMESTAMP},FAN RISE IN AIR TEMPERATURE {AT MAX/MIN} [deltaC]
,January,0.325040E+12,0.60,139304.04,01-JAN-00:10,0.69
,February,0.293220E+12,0.60,139304.04,01-FEB-00:03,0.69
,March,0.294960E+12,0.55,139304.04,01-MAR-00:03,0.69
,April,0.243082E+12,0.46,139304.04,01-APR-05:02,0.69
,May,0.211043E+12,0.39,139304.04,01-MAY-05:02,0.69
,June,0.216458E+12,0.41,139304.04,01-JUN-05:02,0.68
,July,0.221783E+12,0.41,139304.04,01-JUL-05:02,0.68
,August,0.229444E+12,0.42,139304.04,01-AUG-05:02,0.68
,September,0.205372E+12,0.39,139304.04,01-SEP-05:02,0.68
,October,0.208474E+12,0.39,139304.04,01-OCT-08:52,0.69
,November,0.228303E+12,0.44,139304.04,01-NOV-05:02,0.68
,December,0.312111E+12,0.58,139304.04,01-DEC-00:20,0.69
,,,,,,
,Annual Sum or Average,0.298929E+13,0.47,,,
,Minimum of Months,0.205372E+12,0.39,139304.04,,0.68
,Maximum of Months,0.325040E+12,0.60,139304.04,,0.69


----------------------------------------------------------------------------------------------------
REPORT:,FanReportMonthly
FOR:,PACU_VAV_MID FAN
Custom Monthly Report

,,FAN ELECTRICITY ENERGY [J],FAN RISE IN AIR TEMPERATURE [deltaC],FAN ELECTRICITY RATE {Maximum} [W],FAN ELECTRICITY RATE {TIMESTAMP},FAN RISE IN AIR TEMPERATURE {AT MAX/MIN} [deltaC]
,January,0.325962E+12,0.51,140208.61,01-JAN-00:10,0.58
,February,0.294566E+12,0.51,140208.61,01-FEB-00:03,0.59
,March,0.285520E+12,0.45,140208.61,01-MAR-00:03,0.58
,April,0.227970E+12,0.37,140208.61,01-APR-05:02,0.58
,May,0.215531E+12,0.34,140208.61,01-MAY-05:02,0.58
,June,0.219849E+12,0.35,140208.61,01-JUN-05:02,0.58
,July,0.223189E+12,0.35,140208.61,01-JUL-05:02,0.58
,August,0.230883E+12,0.36,140208.61,01-AUG-05:02,0.58
,September,0.209584E+12,0.34,140208.61,01-SEP-05:02,0.58
,October,0.222371E+12,0.35,140208.61,01-OCT-08:30,0.58
,November,0.267107E+12,0.43,140208.61,01-NOV-05:02,0.58
,December,0.317173E+12,0.49,140208.61,01-DEC-00:03,0.58
,,,,,,
,Annual Sum or Average,0.303971E+13,0.40,,,
,Minimum of Months,0.209584E+12,0.34,140208.61,,0.58
,Maximum of Months,0.325962E+12,0.51,140208.61,,0.59


----------------------------------------------------------------------------------------------------
REPORT:,FanReportMonthly
FOR:,PACU_VAV_TOP FAN
Custom Monthly Report

,,FAN ELECTRICITY ENERGY [J],FAN RISE IN AIR TEMPERATURE [deltaC],FAN ELECTRICITY RATE {Maximum} [W],FAN ELECTRICITY RATE {TIMESTAMP},FAN RISE IN AIR TEMPERATURE {AT MAX/MIN} [deltaC]
,January,0.310014E+12,0.51,132670.51,01-JAN-00:10,0.58
,February,0.280029E+12,0.51,132670.51,01-FEB-00:03,0.58
,March,0.288718E+12,0.47,132670.51,01-MAR-00:03,0.58
,April,0.249144E+12,0.42,132670.51,01-APR-00:23,0.58
,May,0.215531E+12,0.35,132670.51,01-MAY-05:02,0.58
,June,0.208749E+12,0.35,132670.51,01-JUN-05:02,0.58
,July,0.212138E+12,0.35,132670.51,01-JUL-05:02,0.58
,August,0.218954E+12,0.36,132670.51,01-AUG-05:02,0.58
,September,0.207014E+12,0.35,132670.51,01-SEP-05:02,0.58
,October,0.241780E+12,0.40,132670.51,01-OCT-00:10,0.58
,November,0.276900E+12,0.47,132670.51,01-NOV-05:02,0.58
,December,0.307053E+12,0.50,132670.51,01-DEC-00:03,0.58
,,,,,,
,Annual Sum or Average,0.301602E+13,0.42,,,
,Minimum of Months,0.207014E+12,0.35,132670.51,,0.58
,Maximum of Months,0.310014E+12,0.51,132670.51,,0.58


----------------------------------------------------------------------------------------------------
REPORT:,PumpReportMonthly
FOR:,SWHSYS1 PUMP
Custom Monthly Report

,,PUMP ELECTRICITY ENERGY [J],PUMP FLUID HEAT GAIN ENERGY [J],PUMP ELECTRICITY RATE {Maximum} [W],PUMP ELECTRICITY RATE {TIMESTAMP},PUMP SHAFT POWER {AT MAX/MIN} [W],PUMP FLUID HEAT GAIN RATE {AT MAX/MIN} [W],PUMP OUTLET TEMPERATURE {AT MAX/MIN} [C],PUMP MASS FLOW RATE {AT MAX/MIN} [kg/s]
,January,12379742.02,3713922.60,6.85,01-JAN-06:05,2.06,2.06,56.83,0.05
,February,11196021.66,3358806.50,6.85,01-FEB-06:03,2.06,2.06,55.35,0.05
,March,12675672.10,3802701.63,6.85,01-MAR-06:03,2.06,2.06,55.84,0.05
,April,11960507.72,3588152.32,6.85,01-APR-05:02,2.06,2.06,56.15,0.05
,May,12527707.06,3758312.12,6.85,01-MAY-05:02,2.06,2.06,56.68,0.05
,June,12231776.97,3669533.09,6.85,01-JUN-05:02,2.06,2.06,55.50,0.05
,July,12256437.81,3676931.34,6.85,01-JUL-05:02,2.06,2.06,57.08,0.05
,August,12675672.10,3802701.63,6.85,01-AUG-05:02,2.06,2.06,55.71,0.05
,September,11960507.72,3588152.32,6.85,01-SEP-05:02,2.06,2.06,56.54,0.05
,October,12379742.02,3713922.60,6.85,01-OCT-05:10,2.06,2.06,57.04,0.05
,November,12059151.09,3617745.33,6.85,01-NOV-05:02,2.06,2.06,55.90,0.05
,December,12256437.81,3676931.34,6.85,01-DEC-06:05,2.06,2.06,55.41,0.05
,,,,,,,,,
,Annual Sum or Average,0.146559E+09,43967812.83,,,,,,
,Minimum of Months,11196021.66,3358806.50,6.85,,2.06,2.06,55.35,0.05
,Maximum of Months,12675672.10,3802701.63,6.85,,2.06,2.06,57.08,0.05


----------------------------------------------------------------------------------------------------
REPORT:,CondLoopDemandReportMonthly
FOR:,SWHSYS1
Custom Monthly Report

,,PLANT SUPPLY SIDE COOLING DEMAND RATE [W],PLANT SUPPLY SIDE COOLING DEMAND RATE {Maximum} [W],PLANT SUPPLY SIDE COOLING DEMAND RATE {TIMESTAMP},PLANT SUPPLY SIDE INLET TEMPERATURE {AT MAX/MIN} [C],PLANT SUPPLY SIDE OUTLET TEMPERATURE {AT MAX/MIN} [C],PLANT SUPPLY SIDE HEATING DEMAND RATE [W],PLANT SUPPLY SIDE HEATING DEMAND RATE {Maximum} [W],PLANT SUPPLY SIDE HEATING DEMAND RATE {TIMESTAMP}
,January,0.00,0.00,01-JAN-00:10,56.95,56.95,1974.43,6906.25,31-JAN-12:30
,February,0.00,0.00,01-FEB-00:03,56.12,56.12,2012.43,6930.48,15-FEB-12:50
,March,0.00,0.00,01-MAR-00:03,56.62,56.62,2117.74,6905.27,01-MAR-13:00
,April,0.00,0.00,01-APR-00:05,56.74,56.74,1904.27,6698.54,03-APR-11:20
,May,0.00,0.00,01-MAY-00:10,57.75,57.75,1870.46,6394.16,01-MAY-12:00
,June,0.00,0.00,01-JUN-00:10,56.02,56.02,1808.20,6009.55,01-JUN-11:20
,July,0.00,0.00,01-JUL-00:10,57.49,57.49,1584.48,5679.93,03-JUL-11:15
,August,0.00,0.00,01-AUG-00:10,56.16,56.16,1711.38,5487.42,01-AUG-11:50
,September,0.00,0.00,01-SEP-00:10,56.99,56.99,1625.71,5659.75,29-SEP-11:20
,October,0.00,0.00,01-OCT-00:10,55.38,55.38,1698.81,5989.78,31-OCT-12:00
,November,0.00,0.00,01-NOV-00:10,56.41,56.41,1826.32,6372.95,30-NOV-13:00
,December,0.00,0.00,01-DEC-00:03,56.22,56.22,1849.84,6690.84,29-DEC-13:00
,,,,,,,,,
,Annual Sum or Average,0.00,,,,,1830.97,,
,Minimum of Months,0.00,0.00,,55.38,55.38,1584.48,5487.42,
,Maximum of Months,0.00,0.00,,57.75,57.75,2117.74,6930.48,


----------------------------------------------------------------------------------------------------
REPORT:,ZoneTemperatureOscillationReportMonthly
FOR:,CORE_BOTTOM
Custom Monthly Report

,,ZONE OSCILLATING TEMPERATURES TIME {HOURS NON-ZERO} [HOURS],ZONE PEOPLE OCCUPANT COUNT {FOR HOURS SHOWN} []
,January,0.00,0.00
,February,0.00,0.00
,March,0.00,0.00
,April,0.00,0.00
,May,0.00,0.00
,June,0.00,0.00
,July,0.00,0.00
,August,0.00,0.00
,September,0.00,0.00
,October,0.00,0.00
,November,0.00,0.00
,December,0.00,0.00
,,,
,Annual Sum or Average,0.00,
,Minimum of Months,0.00,0.00
,Maximum of Months,0.00,0.00


----------------------------------------------------------------------------------------------------
REPORT:,ZoneTemperatureOscillationReportMonthly
FOR:,TOPFLOOR_PLENUM
Custom Monthly Report

,,ZONE OSCILLATING TEMPERATURES TIME {HOURS NON-ZERO} [HOURS],ZONE PEOPLE OCCUPANT COUNT []
,January,0.00,0.00
,February,0.00,0.00
,March,0.00,0.00
,April,0.00,0.00
,May,0.00,0.00
,June,0.00,0.00
,July,0.00,0.00
,August,0.00,0.00
,September,0.00,0.00
,October,0.00,0.00
,November,0.00,0.00
,December,0.00,0.00
,,,
,Annual Sum or Average,0.00,0.00
,Minimum of Months,0.00,0.00
,Maximum of Months,0.00,0.00


----------------------------------------------------------------------------------------------------
REPORT:,ZoneTemperatureOscillationReportMonthly
FOR:,MIDFLOOR_PLENUM
Custom Monthly Report

,,ZONE OSCILLATING TEMPERATURES TIME {HOURS NON-ZERO} [HOURS],ZONE PEOPLE OCCUPANT COUNT []
,January,0.00,0.00
,February,0.00,0.00
,March,0.00,0.00
,April,0.00,0.00
,May,0.00,0.00
,June,0.00,0.00
,July,0.00,0.00
,August,0.00,0.00
,September,0.00,0.00
,October,0.00,0.00
,November,0.00,0.00
,December,0.00,0.00
,,,
,Annual Sum or Average,0.00,0.00
,Minimum of Months,0.00,0.00
,Maximum of Months,0.00,0.00


----------------------------------------------------------------------------------------------------
REPORT:,ZoneTemperatureOscillationReportMonthly
FOR:,FIRSTFLOOR_PLENUM
Custom Monthly Report

,,ZONE OSCILLATING TEMPERATURES TIME {HOURS NON-ZERO} [HOURS],ZONE PEOPLE OCCUPANT COUNT []
,January,0.00,0.00
,February,0.00,0.00
,March,0.00,0.00
,April,0.00,0.00
,May,0.00,0.00
,June,0.00,0.00
,July,0.00,0.00
,August,0.00,0.00
,September,0.00,0.00
,October,0.00,0.00
,November,0.00,0.00
,December,0.00,0.00
,,,
,Annual Sum or Average,0.00,0.00
,Minimum of Months,0.00,0.00
,Maximum of Months,0.00,0.00


----------------------------------------------------------------------------------------------------
REPORT:,ZoneTemperatureOscillationReportMonthly
FOR:,CORE_MID
Custom Monthly Report

,,ZONE OSCILLATING TEMPERATURES TIME {HOURS NON-ZERO} [HOURS],ZONE PEOPLE OCCUPANT COUNT {FOR HOURS SHOWN} []
,January,0.00,0.00
,February,0.00,0.00
,March,0.00,0.00
,April,0.00,0.00
,May,0.00,0.00
,June,0.00,0.00
,July,0.00,0.00
,August,0.00,0.00
,September,0.00,0.00
,October,0.00,0.00
,November,0.00,0.00
,December,0.00,0.00
,,,
,Annual Sum or Average,0.00,
,Minimum of Months,0.00,0.00
,Maximum of Months,0.00,0.00


----------------------------------------------------------------------------------------------------
REPORT:,ZoneTemperatureOscillationReportMonthly
FOR:,CORE_TOP
Custom Monthly Report

,,ZONE OSCILLATING TEMPERATURES TIME {HOURS NON-ZERO} [HOURS],ZONE PEOPLE OCCUPANT COUNT {FOR HOURS SHOWN} []
,January,0.00,0.00
,February,0.00,0.00
,March,0.00,0.00
,April,0.00,0.00
,May,0.00,0.00
,June,0.00,0.00
,July,0.00,0.00
,August,0.00,0.00
,September,0.00,0.00
,October,0.00,0.00
,November,0.00,0.00
,December,0.00,0.00
,,,
,Annual Sum or Average,0.00,
,Minimum of Months,0.00,0.00
,Maximum of Months,0.00,0.00


----------------------------------------------------------------------------------------------------
REPORT:,ZoneTemperatureOscillationReportMonthly
FOR:,PERIMETER_TOP_ZN_3
Custom Monthly Report

,,ZONE OSCILLATING TEMPERATURES TIME {HOURS NON-ZERO} [HOURS],ZONE PEOPLE OCCUPANT COUNT {FOR HOURS SHOWN} []
,January,0.00,0.00
,February,0.00,0.00
,March,0.00,0.00
,April,0.00,0.00
,May,0.00,0.00
,June,0.00,0.00
,July,0.00,0.00
,August,0.00,0.00
,September,0.00,0.00
,October,0.00,0.00
,November,0.00,0.00
,December,0.00,0.00
,,,
,Annual Sum or Average,0.00,
,Minimum of Months,0.00,0.00
,Maximum of Months,0.00,0.00


----------------------------------------------------------------------------------------------------
REPORT:,ZoneTemperatureOscillationReportMonthly
FOR:,PERIMETER_TOP_ZN_2
Custom Monthly Report

,,ZONE OSCILLATING TEMPERATURES TIME {HOURS NON-ZERO} [HOURS],ZONE PEOPLE OCCUPANT COUNT {FOR HOURS SHOWN} []
,January,0.00,0.00
,February,0.00,0.00
,March,0.00,0.00
,April,0.00,0.00
,May,0.00,0.00
,June,0.00,0.00
,July,0.00,0.00
,August,0.00,0.00
,September,0.00,0.00
,October,0.00,0.00
,November,0.00,0.00
,December,0.00,0.00
,,,
,Annual Sum or Average,0.00,
,Minimum of Months,0.00,0.00
,Maximum of Months,0.00,0.00


----------------------------------------------------------------------------------------------------
REPORT:,ZoneTemperatureOscillationReportMonthly
FOR:,PERIMETER_TOP_ZN_1
Custom Monthly Report

,,ZONE OSCILLATING TEMPERATURES TIME {HOURS NON-ZERO} [HOURS],ZONE PEOPLE OCCUPANT COUNT {FOR HOURS SHOWN} []
,January,0.00,0.00
,February,0.00,0.00
,March,0.00,0.00
,April,0.00,0.00
,May,0.00,0.00
,June,0.00,0.00
,July,0.00,0.00
,August,0.00,0.00
,September,0.00,0.00
,October,0.00,0.00
,November,0.00,0.00
,December,0.00,0.00
,,,
,Annual Sum or Average,0.00,
,Minimum of Months,0.00,0.00
,Maximum of Months,0.00,0.00


----------------------------------------------------------------------------------------------------
REPORT:,ZoneTemperatureOscillationReportMonthly
FOR:,PERIMETER_TOP_ZN_4
Custom Monthly Report

,,ZONE OSCILLATING TEMPERATURES TIME {HOURS NON-ZERO} [HOURS],ZONE PEOPLE OCCUPANT COUNT {FOR HOURS SHOWN} []
,January,0.00,0.00
,February,0.00,0.00
,March,0.00,0.00
,April,0.00,0.00
,May,0.00,0.00
,June,0.00,0.00
,July,0.00,0.00
,August,0.00,0.00
,September,0.00,0.00
,October,0.00,0.00
,November,0.00,0.00
,December,0.00,0.00
,,,
,Annual Sum or Average,0.00,
,Minimum of Months,0.00,0.00
,Maximum of Months,0.00,0.00


----------------------------------------------------------------------------------------------------
REPORT:,ZoneTemperatureOscillationReportMonthly
FOR:,PERIMETER_BOT_ZN_3
Custom Monthly Report

,,ZONE OSCILLATING TEMPERATURES TIME {HOURS NON-ZERO} [HOURS],ZONE PEOPLE OCCUPANT COUNT {FOR HOURS SHOWN} []
,January,0.00,0.00
,February,0.00,0.00
,March,0.00,0.00
,April,0.00,0.00
,May,0.00,0.00
,June,0.00,0.00
,July,0.00,0.00
,August,0.00,0.00
,September,0.00,0.00
,October,0.00,0.00
,November,0.00,0.00
,December,0.00,0.00
,,,
,Annual Sum or Average,0.00,
,Minimum of Months,0.00,0.00
,Maximum of Months,0.00,0.00


----------------------------------------------------------------------------------------------------
REPORT:,ZoneTemperatureOscillationReportMonthly
FOR:,PERIMETER_BOT_ZN_2
Custom Monthly Report

,,ZONE OSCILLATING TEMPERATURES TIME {HOURS NON-ZERO} [HOURS],ZONE PEOPLE OCCUPANT COUNT {FOR HOURS SHOWN} []
,January,0.00,0.00
,February,0.00,0.00
,March,0.00,0.00
,April,0.00,0.00
,May,0.00,0.00
,June,0.00,0.00
,July,0.00,0.00
,August,0.00,0.00
,September,0.00,0.00
,October,0.00,0.00
,November,0.00,0.00
,December,0.00,0.00
,,,
,Annual Sum or Average,0.00,
,Minimum of Months,0.00,0.00
,Maximum of Months,0.00,0.00


----------------------------------------------------------------------------------------------------
REPORT:,ZoneTemperatureOscillationReportMonthly
FOR:,PERIMETER_BOT_ZN_1
Custom Monthly Report

,,ZONE OSCILLATING TEMPERATURES TIME {HOURS NON-ZERO} [HOURS],ZONE PEOPLE OCCUPANT COUNT {FOR HOURS SHOWN} []
,January,0.00,0.00
,February,0.00,0.00
,March,0.00,0.00
,April,0.00,0.00
,May,0.00,0.00
,June,0.00,0.00
,July,0.00,0.00
,August,0.00,0.00
,September,0.00,0.00
,October,0.00,0.00
,November,0.00,0.00
,December,0.00,0.00
,,,
,Annual Sum or Average,0.00,
,Minimum of Months,0.00,0.00
,Maximum of Months,0.00,0.00


----------------------------------------------------------------------------------------------------
REPORT:,ZoneTemperatureOscillationReportMonthly
FOR:,PERIMETER_BOT_ZN_4
Custom Monthly Report

,,ZONE OSCILLATING TEMPERATURES TIME {HOURS NON-ZERO} [HOURS],ZONE PEOPLE OCCUPANT COUNT {FOR HOURS SHOWN} []
,January,0.00,0.00
,February,0.00,0.00
,March,0.00,0.00
,April,0.00,0.00
,May,0.00,0.00
,June,0.00,0.00
,July,0.00,0.00
,August,0.00,0.00
,September,0.00,0.00
,October,0.00,0.00
,November,0.00,0.00
,December,0.00,0.00
,,,
,Annual Sum or Average,0.00,
,Minimum of Months,0.00,0.00
,Maximum of Months,0.00,0.00


----------------------------------------------------------------------------------------------------
REPORT:,ZoneTemperatureOscillationReportMonthly
FOR:,PERIMETER_MID_ZN_3
Custom Monthly Report

,,ZONE OSCILLATING TEMPERATURES TIME {HOURS NON-ZERO} [HOURS],ZONE PEOPLE OCCUPANT COUNT {FOR HOURS SHOWN} []
,January,0.00,0.00
,February,0.00,0.00
,March,0.00,0.00
,April,0.00,0.00
,May,0.00,0.00
,June,0.00,0.00
,July,0.00,0.00
,August,0.00,0.00
,September,0.00,0.00
,October,0.00,0.00
,November,0.00,0.00
,December,0.00,0.00
,,,
,Annual Sum or Average,0.00,
,Minimum of Months,0.00,0.00
,Maximum of Months,0.00,0.00


----------------------------------------------------------------------------------------------------
REPORT:,ZoneTemperatureOscillationReportMonthly
FOR:,PERIMETER_MID_ZN_2
Custom Monthly Report

,,ZONE OSCILLATING TEMPERATURES TIME {HOURS NON-ZERO} [HOURS],ZONE PEOPLE OCCUPANT COUNT {FOR HOURS SHOWN} []
,January,0.00,0.00
,February,0.00,0.00
,March,0.00,0.00
,April,0.00,0.00
,May,0.00,0.00
,June,0.00,0.00
,July,0.00,0.00
,August,0.00,0.00
,September,0.00,0.00
,October,0.00,0.00
,November,0.00,0.00
,December,0.00,0.00
,,,
,Annual Sum or Average,0.00,
,Minimum of Months,0.00,0.00
,Maximum of Months,0.00,0.00


----------------------------------------------------------------------------------------------------
REPORT:,ZoneTemperatureOscillationReportMonthly
FOR:,PERIMETER_MID_ZN_1
Custom Monthly Report

,,ZONE OSCILLATING TEMPERATURES TIME {HOURS NON-ZERO} [HOURS],ZONE PEOPLE OCCUPANT COUNT {FOR HOURS SHOWN} []
,January,0.00,0.00
,February,0.00,0.00
,March,0.00,0.00
,April,0.00,0.00
,May,0.00,0.00
,June,0.00,0.00
,July,0.00,0.00
,August,0.00,0.00
,September,0.00,0.00
,October,0.00,0.00
,November,0.00,0.00
,December,0.00,0.00
,,,
,Annual Sum or Average,0.00,
,Minimum of Months,0.00,0.00
,Maximum of Months,0.00,0.00


----------------------------------------------------------------------------------------------------
REPORT:,ZoneTemperatureOscillationReportMonthly
FOR:,PERIMETER_MID_ZN_4
Custom Monthly Report

,,ZONE OSCILLATING TEMPERATURES TIME {HOURS NON-ZERO} [HOURS],ZONE PEOPLE OCCUPANT COUNT {FOR HOURS SHOWN} []
,January,0.00,0.00
,February,0.00,0.00
,March,0.00,0.00
,April,0.00,0.00
,May,0.00,0.00
,June,0.00,0.00
,July,0.00,0.00
,August,0.00,0.00
,September,0.00,0.00
,October,0.00,0.00
,November,0.00,0.00
,December,0.00,0.00
,,,
,Annual Sum or Average,0.00,
,Minimum of Months,0.00,0.00
,Maximum of Months,0.00,0.00


----------------------------------------------------------------------------------------------------
REPORT:,AirLoopSystemEnergyAndWaterUseMonthly
FOR:,PACU_VAV_BOT
Custom Monthly Report

,,AIR SYSTEM HOT WATER ENERGY [J],AIR SYSTEM STEAM ENERGY [J],AIR SYSTEM CHILLED WATER ENERGY [J],AIR SYSTEM ELECTRICITY ENERGY [J],AIR SYSTEM NATURAL GAS ENERGY [],AIR SYSTEM WATER VOLUME [m3]
,January,0.00,0.00,0.00,0.325789E+13,0.00,0.00
,February,0.00,0.00,0.00,0.294904E+13,0.00,0.00
,March,0.00,0.00,0.00,0.303526E+13,0.00,0.00
,April,0.00,0.00,0.00,0.255042E+13,0.00,0.00
,May,0.00,0.00,0.00,0.229650E+13,0.00,0.00
,June,0.00,0.00,0.00,0.238884E+13,0.00,0.00
,July,0.00,0.00,0.00,0.249166E+13,0.00,0.00
,August,0.00,0.00,0.00,0.255069E+13,0.00,0.00
,September,0.00,0.00,0.00,0.225748E+13,0.00,0.00
,October,0.00,0.00,0.00,0.223782E+13,0.00,0.00
,November,0.00,0.00,0.00,0.240524E+13,0.00,0.00
,December,0.00,0.00,0.00,0.313994E+13,0.00,0.00
,,,,,,,
,Annual Sum or Average,0.00,0.00,0.00,0.315608E+14,0.00,0.00
,Minimum of Months,0.00,0.00,0.00,0.223782E+13,0.00,0.00
,Maximum of Months,0.00,0.00,0.00,0.325789E+13,0.00,0.00


----------------------------------------------------------------------------------------------------
REPORT:,AirLoopSystemEnergyAndWaterUseMonthly
FOR:,PACU_VAV_MID
Custom Monthly Report

,,AIR SYSTEM HOT WATER ENERGY [J],AIR SYSTEM STEAM ENERGY [J],AIR SYSTEM CHILLED WATER ENERGY [J],AIR SYSTEM ELECTRICITY ENERGY [J],AIR SYSTEM NATURAL GAS ENERGY [],AIR SYSTEM WATER VOLUME [m3]
,January,0.00,0.00,0.00,0.378108E+13,0.00,0.00
,February,0.00,0.00,0.00,0.342680E+13,0.00,0.00
,March,0.00,0.00,0.00,0.341872E+13,0.00,0.00
,April,0.00,0.00,0.00,0.279360E+13,0.00,0.00
,May,0.00,0.00,0.00,0.270410E+13,0.00,0.00
,June,0.00,0.00,0.00,0.280097E+13,0.00,0.00
,July,0.00,0.00,0.00,0.289654E+13,0.00,0.00
,August,0.00,0.00,0.00,0.296688E+13,0.00,0.00
,September,0.00,0.00,0.00,0.265652E+13,0.00,0.00
,October,0.00,0.00,0.00,0.272861E+13,0.00,0.00
,November,0.00,0.00,0.00,0.317671E+13,0.00,0.00
,December,0.00,0.00,0.00,0.368804E+13,0.00,0.00
,,,,,,,
,Annual Sum or Average,0.00,0.00,0.00,0.370386E+14,0.00,0.00
,Minimum of Months,0.00,0.00,0.00,0.265652E+13,0.00,0.00
,Maximum of Months,0.00,0.00,0.00,0.378108E+13,0.00,0.00


----------------------------------------------------------------------------------------------------
REPORT:,AirLoopSystemEnergyAndWaterUseMonthly
FOR:,PACU_VAV_TOP
Custom Monthly Report

,,AIR SYSTEM HOT WATER ENERGY [J],AIR SYSTEM STEAM ENERGY [J],AIR SYSTEM CHILLED WATER ENERGY [J],AIR SYSTEM ELECTRICITY ENERGY [J],AIR SYSTEM NATURAL GAS ENERGY [],AIR SYSTEM WATER VOLUME [m3]
,January,0.00,0.00,0.00,0.359489E+13,0.00,0.00
,February,0.00,0.00,0.00,0.325956E+13,0.00,0.00
,March,0.00,0.00,0.00,0.342888E+13,0.00,0.00
,April,0.00,0.00,0.00,0.299544E+13,0.00,0.00
,May,0.00,0.00,0.00,0.269421E+13,0.00,0.00
,June,0.00,0.00,0.00,0.267465E+13,0.00,0.00
,July,0.00,0.00,0.00,0.277623E+13,0.00,0.00
,August,0.00,0.00,0.00,0.283645E+13,0.00,0.00
,September,0.00,0.00,0.00,0.261676E+13,0.00,0.00
,October,0.00,0.00,0.00,0.291570E+13,0.00,0.00
,November,0.00,0.00,0.00,0.325420E+13,0.00,0.00
,December,0.00,0.00,0.00,0.356245E+13,0.00,0.00
,,,,,,,
,Annual Sum or Average,0.00,0.00,0.00,0.366094E+14,0.00,0.00
,Minimum of Months,0.00,0.00,0.00,0.261676E+13,0.00,0.00
,Maximum of Months,0.00,0.00,0.00,0.359489E+13,0.00,0.00


----------------------------------------------------------------------------------------------------
REPORT:,AirLoopSystemComponentLoadsMonthly
FOR:,PACU_VAV_BOT
Custom Monthly Report

,,AIR SYSTEM FAN AIR HEATING ENERGY [J],AIR SYSTEM COOLING COIL TOTAL COOLING ENERGY [J],AIR SYSTEM HEATING COIL TOTAL HEATING ENERGY [J],AIR SYSTEM HEAT EXCHANGER TOTAL HEATING ENERGY [J],AIR SYSTEM HEAT EXCHANGER TOTAL COOLING ENERGY [J],AIR SYSTEM HUMIDIFIER TOTAL HEATING ENERGY [J],AIR SYSTEM EVAPORATIVE COOLER TOTAL COOLING ENERGY [J],AIR SYSTEM DESICCANT DEHUMIDIFIER TOTAL COOLING ENERGY [J]
,January,0.325040E+12,0.154300E+13,0.255406E+13,0.00,0.00,0.00,0.00,0.00
,February,0.293220E+12,0.141234E+13,0.230432E+13,0.00,0.00,0.00,0.00,0.00
,March,0.294960E+12,0.169846E+13,0.232599E+13,0.00,0.00,0.00,0.00,0.00
,April,0.243082E+12,0.160603E+13,0.190724E+13,0.00,0.00,0.00,0.00,0.00
,May,0.211043E+12,0.179495E+13,0.161668E+13,0.00,0.00,0.00,0.00,0.00
,June,0.216458E+12,0.195202E+13,0.164729E+13,0.00,0.00,0.00,0.00,0.00
,July,0.221783E+12,0.210623E+13,0.168769E+13,0.00,0.00,0.00,0.00,0.00
,August,0.229444E+12,0.215016E+13,0.173834E+13,0.00,0.00,0.00,0.00,0.00
,September,0.205372E+12,0.182603E+13,0.156657E+13,0.00,0.00,0.00,0.00,0.00
,October,0.208474E+12,0.165005E+13,0.160619E+13,0.00,0.00,0.00,0.00,0.00
,November,0.228303E+12,0.154028E+13,0.179502E+13,0.00,0.00,0.00,0.00,0.00
,December,0.312111E+12,0.153571E+13,0.245448E+13,0.00,0.00,0.00,0.00,0.00
,,,,,,,,,
,Annual Sum or Average,0.298929E+13,0.208152E+14,0.232039E+14,0.00,0.00,0.00,0.00,0.00
,Minimum of Months,0.205372E+12,0.141234E+13,0.156657E+13,0.00,0.00,0.00,0.00,0.00
,Maximum of Months,0.325040E+12,0.215016E+13,0.255406E+13,0.00,0.00,0.00,0.00,0.00


----------------------------------------------------------------------------------------------------
REPORT:,AirLoopSystemComponentLoadsMonthly
FOR:,PACU_VAV_MID
Custom Monthly Report

,,AIR SYSTEM FAN AIR HEATING ENERGY [J],AIR SYSTEM COOLING COIL TOTAL COOLING ENERGY [J],AIR SYSTEM HEATING COIL TOTAL HEATING ENERGY [J],AIR SYSTEM HEAT EXCHANGER TOTAL HEATING ENERGY [J],AIR SYSTEM HEAT EXCHANGER TOTAL COOLING ENERGY [J],AIR SYSTEM HUMIDIFIER TOTAL HEATING ENERGY [J],AIR SYSTEM EVAPORATIVE COOLER TOTAL COOLING ENERGY [J],AIR SYSTEM DESICCANT DEHUMIDIFIER TOTAL COOLING ENERGY [J]
,January,0.325962E+12,0.179511E+13,0.301523E+13,0.00,0.00,0.00,0.00,0.00
,February,0.294566E+12,0.164576E+13,0.272389E+13,0.00,0.00,0.00,0.00,0.00
,March,0.285520E+12,0.196881E+13,0.265540E+13,0.00,0.00,0.00,0.00,0.00
,April,0.227970E+12,0.186031E+13,0.210682E+13,0.00,0.00,0.00,0.00,0.00
,May,0.215531E+12,0.208652E+13,0.194951E+13,0.00,0.00,0.00,0.00,0.00
,June,0.219849E+12,0.225687E+13,0.198003E+13,0.00,0.00,0.00,0.00,0.00
,July,0.223189E+12,0.241436E+13,0.201216E+13,0.00,0.00,0.00,0.00,0.00
,August,0.230883E+12,0.246718E+13,0.207347E+13,0.00,0.00,0.00,0.00,0.00
,September,0.209584E+12,0.209340E+13,0.189594E+13,0.00,0.00,0.00,0.00,0.00
,October,0.222371E+12,0.189406E+13,0.202615E+13,0.00,0.00,0.00,0.00,0.00
,November,0.267107E+12,0.177607E+13,0.247365E+13,0.00,0.00,0.00,0.00,0.00
,December,0.317173E+12,0.178380E+13,0.293795E+13,0.00,0.00,0.00,0.00,0.00
,,,,,,,,,
,Annual Sum or Average,0.303971E+13,0.240422E+14,0.278502E+14,0.00,0.00,0.00,0.00,0.00
,Minimum of Months,0.209584E+12,0.164576E+13,0.189594E+13,0.00,0.00,0.00,0.00,0.00
,Maximum of Months,0.325962E+12,0.246718E+13,0.301523E+13,0.00,0.00,0.00,0.00,0.00


----------------------------------------------------------------------------------------------------
REPORT:,AirLoopSystemComponentLoadsMonthly
FOR:,PACU_VAV_TOP
Custom Monthly Report

,,AIR SYSTEM FAN AIR HEATING ENERGY [J],AIR SYSTEM COOLING COIL TOTAL COOLING ENERGY [J],AIR SYSTEM HEATING COIL TOTAL HEATING ENERGY [J],AIR SYSTEM HEAT EXCHANGER TOTAL HEATING ENERGY [J],AIR SYSTEM HEAT EXCHANGER TOTAL COOLING ENERGY [J],AIR SYSTEM HUMIDIFIER TOTAL HEATING ENERGY [J],AIR SYSTEM EVAPORATIVE COOLER TOTAL COOLING ENERGY [J],AIR SYSTEM DESICCANT DEHUMIDIFIER TOTAL COOLING ENERGY [J]
,January,0.310014E+12,0.170358E+13,0.286696E+13,0.00,0.00,0.00,0.00,0.00
,February,0.280029E+12,0.156201E+13,0.259137E+13,0.00,0.00,0.00,0.00,0.00
,March,0.288718E+12,0.187265E+13,0.268477E+13,0.00,0.00,0.00,0.00,0.00
,April,0.249144E+12,0.177355E+13,0.230730E+13,0.00,0.00,0.00,0.00,0.00
,May,0.215531E+12,0.199881E+13,0.196014E+13,0.00,0.00,0.00,0.00,0.00
,June,0.208749E+12,0.216270E+13,0.188765E+13,0.00,0.00,0.00,0.00,0.00
,July,0.212138E+12,0.233170E+13,0.192327E+13,0.00,0.00,0.00,0.00,0.00
,August,0.218954E+12,0.237283E+13,0.197799E+13,0.00,0.00,0.00,0.00,0.00
,September,0.207014E+12,0.199983E+13,0.188130E+13,0.00,0.00,0.00,0.00,0.00
,October,0.241780E+12,0.180829E+13,0.221364E+13,0.00,0.00,0.00,0.00,0.00
,November,0.276900E+12,0.169139E+13,0.256075E+13,0.00,0.00,0.00,0.00,0.00
,December,0.307053E+12,0.169301E+13,0.284426E+13,0.00,0.00,0.00,0.00,0.00
,,,,,,,,,
,Annual Sum or Average,0.301602E+13,0.229704E+14,0.276994E+14,0.00,0.00,0.00,0.00,0.00
,Minimum of Months,0.207014E+12,0.156201E+13,0.188130E+13,0.00,0.00,0.00,0.00,0.00
,Maximum of Months,0.310014E+12,0.237283E+13,0.286696E+13,0.00,0.00,0.00,0.00,0.00


----------------------------------------------------------------------------------------------------
REPORT:,AirLoopSystemComponentEnergyUseMonthly
FOR:,PACU_VAV_BOT
Custom Monthly Report

,,AIR SYSTEM FAN ELECTRICITY ENERGY [J],AIR SYSTEM HEATING COIL HOT WATER ENERGY [J],AIR SYSTEM COOLING COIL CHILLED WATER ENERGY [J],AIR SYSTEM DX HEATING COIL ELECTRICITY ENERGY [J],AIR SYSTEM DX COOLING COIL ELECTRICITY ENERGY [J],AIR SYSTEM HEATING COIL ELECTRICITY ENERGY [J],AIR SYSTEM HEATING COIL NATURAL GAS ENERGY [],AIR SYSTEM HEATING COIL STEAM ENERGY [J],AIR SYSTEM HUMIDIFIER ELECTRICITY ENERGY [J],AIR SYSTEM HUMIDIFIER NATURAL GAS ENERGY [],AIR SYSTEM EVAPORATIVE COOLER ELECTRICITY ENERGY [J],AIR SYSTEM DESICCANT DEHUMIDIFIER ELECTRICITY ENERGY [J]
,January,0.325040E+12,0.00,0.00,0.00,0.415469E+12,0.251738E+13,0.00,0.00,0.00,0.00,0.00,0.00
,February,0.293220E+12,0.00,0.00,0.00,0.380354E+12,0.227546E+13,0.00,0.00,0.00,0.00,0.00,0.00
,March,0.294960E+12,0.00,0.00,0.00,0.456792E+12,0.228351E+13,0.00,0.00,0.00,0.00,0.00,0.00
,April,0.243082E+12,0.00,0.00,0.00,0.431566E+12,0.187577E+13,0.00,0.00,0.00,0.00,0.00,0.00
,May,0.211043E+12,0.00,0.00,0.00,0.484313E+12,0.160114E+13,0.00,0.00,0.00,0.00,0.00,0.00
,June,0.216458E+12,0.00,0.00,0.00,0.530184E+12,0.164220E+13,0.00,0.00,0.00,0.00,0.00,0.00
,July,0.221783E+12,0.00,0.00,0.00,0.583439E+12,0.168644E+13,0.00,0.00,0.00,0.00,0.00,0.00
,August,0.229444E+12,0.00,0.00,0.00,0.583464E+12,0.173779E+13,0.00,0.00,0.00,0.00,0.00,0.00
,September,0.205372E+12,0.00,0.00,0.00,0.491737E+12,0.156037E+13,0.00,0.00,0.00,0.00,0.00,0.00
,October,0.208474E+12,0.00,0.00,0.00,0.442667E+12,0.158668E+13,0.00,0.00,0.00,0.00,0.00,0.00
,November,0.228303E+12,0.00,0.00,0.00,0.413890E+12,0.176304E+13,0.00,0.00,0.00,0.00,0.00,0.00
,December,0.312111E+12,0.00,0.00,0.00,0.413240E+12,0.241459E+13,0.00,0.00,0.00,0.00,0.00,0.00
,,,,,,,,,,,,,
,Annual Sum or Average,0.298929E+13,0.00,0.00,0.00,0.562711E+13,0.229444E+14,0.00,0.00,0.00,0.00,0.00,0.00
,Minimum of Months,0.205372E+12,0.00,0.00,0.00,0.380354E+12,0.156037E+13,0.00,0.00,0.00,0.00,0.00,0.00
,Maximum of Months,0.325040E+12,0.00,0.00,0.00,0.583464E+12,0.251738E+13,0.00,0.00,0.00,0.00,0.00,0.00


----------------------------------------------------------------------------------------------------
REPORT:,AirLoopSystemComponentEnergyUseMonthly
FOR:,PACU_VAV_MID
Custom Monthly Report

,,AIR SYSTEM FAN ELECTRICITY ENERGY [J],AIR SYSTEM HEATING COIL HOT WATER ENERGY [J],AIR SYSTEM COOLING COIL CHILLED WATER ENERGY [J],AIR SYSTEM DX HEATING COIL ELECTRICITY ENERGY [J],AIR SYSTEM DX COOLING COIL ELECTRICITY ENERGY [J],AIR SYSTEM HEATING COIL ELECTRICITY ENERGY [J],AIR SYSTEM HEATING COIL NATURAL GAS ENERGY [],AIR SYSTEM HEATING COIL STEAM ENERGY [J],AIR SYSTEM HUMIDIFIER ELECTRICITY ENERGY [J],AIR SYSTEM HUMIDIFIER NATURAL GAS ENERGY [],AIR SYSTEM EVAPORATIVE COOLER ELECTRICITY ENERGY [J],AIR SYSTEM DESICCANT DEHUMIDIFIER ELECTRICITY ENERGY [J]
,January,0.325962E+12,0.00,0.00,0.00,0.478860E+12,0.297626E+13,0.00,0.00,0.00,0.00,0.00,0.00
,February,0.294566E+12,0.00,0.00,0.00,0.439045E+12,0.269319E+13,0.00,0.00,0.00,0.00,0.00,0.00
,March,0.285520E+12,0.00,0.00,0.00,0.524653E+12,0.260855E+13,0.00,0.00,0.00,0.00,0.00,0.00
,April,0.227970E+12,0.00,0.00,0.00,0.495399E+12,0.207023E+13,0.00,0.00,0.00,0.00,0.00,0.00
,May,0.215531E+12,0.00,0.00,0.00,0.557933E+12,0.193064E+13,0.00,0.00,0.00,0.00,0.00,0.00
,June,0.219849E+12,0.00,0.00,0.00,0.607347E+12,0.197378E+13,0.00,0.00,0.00,0.00,0.00,0.00
,July,0.223189E+12,0.00,0.00,0.00,0.662753E+12,0.201060E+13,0.00,0.00,0.00,0.00,0.00,0.00
,August,0.230883E+12,0.00,0.00,0.00,0.663274E+12,0.207272E+13,0.00,0.00,0.00,0.00,0.00,0.00
,September,0.209584E+12,0.00,0.00,0.00,0.558589E+12,0.188834E+13,0.00,0.00,0.00,0.00,0.00,0.00
,October,0.222371E+12,0.00,0.00,0.00,0.503671E+12,0.200257E+13,0.00,0.00,0.00,0.00,0.00,0.00
,November,0.267107E+12,0.00,0.00,0.00,0.472997E+12,0.243661E+13,0.00,0.00,0.00,0.00,0.00,0.00
,December,0.317173E+12,0.00,0.00,0.00,0.475574E+12,0.289529E+13,0.00,0.00,0.00,0.00,0.00,0.00
,,,,,,,,,,,,,
,Annual Sum or Average,0.303971E+13,0.00,0.00,0.00,0.644010E+13,0.275588E+14,0.00,0.00,0.00,0.00,0.00,0.00
,Minimum of Months,0.209584E+12,0.00,0.00,0.00,0.439045E+12,0.188834E+13,0.00,0.00,0.00,0.00,0.00,0.00
,Maximum of Months,0.325962E+12,0.00,0.00,0.00,0.663274E+12,0.297626E+13,0.00,0.00,0.00,0.00,0.00,0.00


----------------------------------------------------------------------------------------------------
REPORT:,AirLoopSystemComponentEnergyUseMonthly
FOR:,PACU_VAV_TOP
Custom Monthly Report

,,AIR SYSTEM FAN ELECTRICITY ENERGY [J],AIR SYSTEM HEATING COIL HOT WATER ENERGY [J],AIR SYSTEM COOLING COIL CHILLED WATER ENERGY [J],AIR SYSTEM DX HEATING COIL ELECTRICITY ENERGY [J],AIR SYSTEM DX COOLING COIL ELECTRICITY ENERGY [J],AIR SYSTEM HEATING COIL ELECTRICITY ENERGY [J],AIR SYSTEM HEATING COIL NATURAL GAS ENERGY [],AIR SYSTEM HEATING COIL STEAM ENERGY [J],AIR SYSTEM HUMIDIFIER ELECTRICITY ENERGY [J],AIR SYSTEM HUMIDIFIER NATURAL GAS ENERGY [],AIR SYSTEM EVAPORATIVE COOLER ELECTRICITY ENERGY [J],AIR SYSTEM DESICCANT DEHUMIDIFIER ELECTRICITY ENERGY [J]
,January,0.310014E+12,0.00,0.00,0.00,0.456300E+12,0.282858E+13,0.00,0.00,0.00,0.00,0.00,0.00
,February,0.280029E+12,0.00,0.00,0.00,0.418404E+12,0.256112E+13,0.00,0.00,0.00,0.00,0.00,0.00
,March,0.288718E+12,0.00,0.00,0.00,0.500965E+12,0.263919E+13,0.00,0.00,0.00,0.00,0.00,0.00
,April,0.249144E+12,0.00,0.00,0.00,0.474049E+12,0.227225E+13,0.00,0.00,0.00,0.00,0.00,0.00
,May,0.215531E+12,0.00,0.00,0.00,0.536403E+12,0.194227E+13,0.00,0.00,0.00,0.00,0.00,0.00
,June,0.208749E+12,0.00,0.00,0.00,0.584177E+12,0.188173E+13,0.00,0.00,0.00,0.00,0.00,0.00
,July,0.212138E+12,0.00,0.00,0.00,0.642302E+12,0.192179E+13,0.00,0.00,0.00,0.00,0.00,0.00
,August,0.218954E+12,0.00,0.00,0.00,0.640222E+12,0.197728E+13,0.00,0.00,0.00,0.00,0.00,0.00
,September,0.207014E+12,0.00,0.00,0.00,0.535638E+12,0.187411E+13,0.00,0.00,0.00,0.00,0.00,0.00
,October,0.241780E+12,0.00,0.00,0.00,0.482612E+12,0.219131E+13,0.00,0.00,0.00,0.00,0.00,0.00
,November,0.276900E+12,0.00,0.00,0.00,0.452174E+12,0.252513E+13,0.00,0.00,0.00,0.00,0.00,0.00
,December,0.307053E+12,0.00,0.00,0.00,0.453190E+12,0.280220E+13,0.00,0.00,0.00,0.00,0.00,0.00
,,,,,,,,,,,,,
,Annual Sum or Average,0.301602E+13,0.00,0.00,0.00,0.617644E+13,0.274170E+14,0.00,0.00,0.00,0.00,0.00,0.00
,Minimum of Months,0.207014E+12,0.00,0.00,0.00,0.418404E+12,0.187411E+13,0.00,0.00,0.00,0.00,0.00,0.00
,Maximum of Months,0.310014E+12,0.00,0.00,0.00,0.642302E+12,0.282858E+13,0.00,0.00,0.00,0.00,0.00,0.00


----------------------------------------------------------------------------------------------------
REPORT:,MechanicalVentilationLoadsMonthly
FOR:,CORE_BOTTOM
Custom Monthly Report

,,ZONE MECHANICAL VENTILATION NO LOAD HEAT REMOVAL ENERGY [J],ZONE MECHANICAL VENTILATION COOLING LOAD INCREASE ENERGY [J],ZONE MECHANICAL VENTILATION COOLING LOAD INCREASE DUE TO OVERHEATING ENERGY [J],ZONE MECHANICAL VENTILATION COOLING LOAD DECREASE ENERGY [J],ZONE MECHANICAL VENTILATION NO LOAD HEAT ADDITION ENERGY [J],ZONE MECHANICAL VENTILATION HEATING LOAD INCREASE ENERGY [J],ZONE MECHANICAL VENTILATION HEATING LOAD INCREASE DUE TO OVERCOOLING ENERGY [J],ZONE MECHANICAL VENTILATION HEATING LOAD DECREASE ENERGY [J],ZONE MECHANICAL VENTILATION AIR CHANGES PER HOUR [ach]
,January,0.854280E+12,0.00,0.00,0.00,20376834.35,0.633451E+10,0.00,0.00,15.53
,February,0.763087E+12,0.00,0.00,0.00,0.00,0.133210E+10,0.00,0.00,14.66
,March,0.607104E+12,0.00,0.00,0.00,0.441384E+09,0.948674E+10,0.00,0.00,12.77
,April,0.377510E+12,0.00,99572507.81,0.00,0.192801E+10,0.130115E+11,0.00,123007.11,11.62
,May,0.862635E+11,0.00,0.584388E+09,0.00,0.180336E+11,0.166000E+11,0.00,343331.24,6.79
,June,0.548497E+11,0.00,0.144358E+10,0.00,0.316705E+11,0.801998E+10,0.00,2978531.00,8.25
,July,0.244439E+11,0.00,0.100425E+10,0.00,0.576292E+11,0.346929E+10,0.00,2958832.51,6.25
,August,0.348062E+11,0.00,0.172514E+10,0.00,0.537119E+11,0.457039E+10,0.00,4211397.94,8.84
,September,0.768896E+11,0.00,0.106349E+10,0.00,0.323752E+11,0.819226E+10,0.00,2088779.97,8.43
,October,0.150970E+12,0.00,0.257766E+09,0.00,0.763487E+10,0.162691E+11,0.00,659904.12,7.19
,November,0.328974E+12,0.00,55444005.15,0.00,0.941882E+09,0.118860E+11,0.00,296433.39,8.12
,December,0.788415E+12,0.00,0.00,0.00,0.145152E+09,0.942074E+10,0.00,0.00,15.49
,,,,,,,,,,
,Annual Sum or Average,0.414759E+13,0.00,0.623363E+10,0.00,0.204532E+12,0.108593E+12,0.00,13660217.28,10.30
,Minimum of Months,0.244439E+11,0.00,0.00,0.00,0.00,0.133210E+10,0.00,0.00,6.25
,Maximum of Months,0.854280E+12,0.00,0.172514E+10,0.00,0.576292E+11,0.166000E+11,0.00,4211397.94,15.53


----------------------------------------------------------------------------------------------------
REPORT:,MechanicalVentilationLoadsMonthly
FOR:,CORE_MID
Custom Monthly Report

,,ZONE MECHANICAL VENTILATION NO LOAD HEAT REMOVAL ENERGY [J],ZONE MECHANICAL VENTILATION COOLING LOAD INCREASE ENERGY [J],ZONE MECHANICAL VENTILATION COOLING LOAD INCREASE DUE TO OVERHEATING ENERGY [J],ZONE MECHANICAL VENTILATION COOLING LOAD DECREASE ENERGY [J],ZONE MECHANICAL VENTILATION NO LOAD HEAT ADDITION ENERGY [J],ZONE MECHANICAL VENTILATION HEATING LOAD INCREASE ENERGY [J],ZONE MECHANICAL VENTILATION HEATING LOAD INCREASE DUE TO OVERCOOLING ENERGY [J],ZONE MECHANICAL VENTILATION HEATING LOAD DECREASE ENERGY [J],ZONE MECHANICAL VENTILATION AIR CHANGES PER HOUR [ach]
,January,0.102667E+13,0.00,0.00,0.00,301950.19,0.108343E+12,0.00,0.00,20.43
,February,0.979655E+12,0.00,0.00,0.00,0.00,0.293515E+11,0.00,0.00,19.35
,March,0.716569E+12,0.00,0.00,0.00,0.355816E+09,0.212974E+11,0.00,0.00,15.27
,April,0.357740E+12,0.00,0.00,0.00,0.163551E+10,0.331413E+11,0.00,0.00,12.45
,May,0.109810E+12,0.00,0.735834E+09,0.00,0.207128E+11,0.387991E+11,0.00,357324.41,10.51
,June,0.740385E+11,0.00,0.192219E+10,0.00,0.363933E+11,0.185303E+11,0.00,2803379.06,11.91
,July,0.312672E+11,0.00,0.268170E+10,0.00,0.627660E+11,0.846070E+10,0.00,2886581.46,8.44
,August,0.413504E+11,0.00,0.317250E+10,0.00,0.585855E+11,0.118929E+11,0.00,4145522.38,11.63
,September,0.116329E+12,0.00,0.198489E+10,0.00,0.343542E+11,0.213418E+11,0.00,1449250.69,12.23
,October,0.269977E+12,0.00,0.874644E+09,0.00,0.759182E+10,0.489717E+11,0.00,683955.06,11.94
,November,0.685628E+12,0.00,52116943.97,0.00,0.840203E+09,0.495383E+11,0.00,307780.57,18.91
,December,0.988900E+12,0.00,0.00,0.00,65835909.35,0.944800E+11,0.00,0.00,21.07
,,,,,,,,,,
,Annual Sum or Average,0.539793E+13,0.00,0.114239E+11,0.00,0.223301E+12,0.484148E+12,0.00,12633793.64,14.48
,Minimum of Months,0.312672E+11,0.00,0.00,0.00,0.00,0.846070E+10,0.00,0.00,8.44
,Maximum of Months,0.102667E+13,0.00,0.317250E+10,0.00,0.627660E+11,0.108343E+12,0.00,4145522.38,21.07


----------------------------------------------------------------------------------------------------
REPORT:,MechanicalVentilationLoadsMonthly
FOR:,CORE_TOP
Custom Monthly Report

,,ZONE MECHANICAL VENTILATION NO LOAD HEAT REMOVAL ENERGY [J],ZONE MECHANICAL VENTILATION COOLING LOAD INCREASE ENERGY [J],ZONE MECHANICAL VENTILATION COOLING LOAD INCREASE DUE TO OVERHEATING ENERGY [J],ZONE MECHANICAL VENTILATION COOLING LOAD DECREASE ENERGY [J],ZONE MECHANICAL VENTILATION NO LOAD HEAT ADDITION ENERGY [J],ZONE MECHANICAL VENTILATION HEATING LOAD INCREASE ENERGY [J],ZONE MECHANICAL VENTILATION HEATING LOAD INCREASE DUE TO OVERCOOLING ENERGY [J],ZONE MECHANICAL VENTILATION HEATING LOAD DECREASE ENERGY [J],ZONE MECHANICAL VENTILATION AIR CHANGES PER HOUR [ach]
,January,0.315438E+12,0.00,0.00,0.00,5536746.43,0.751328E+12,0.00,0.00,19.52
,February,0.363588E+12,0.00,0.00,0.00,0.00,0.586144E+12,0.00,0.00,18.54
,March,0.554324E+12,0.00,0.00,0.00,0.393296E+09,0.271035E+12,0.00,0.00,17.86
,April,0.563438E+12,0.00,5312781.06,0.00,0.263675E+10,0.526347E+11,0.00,123806.99,19.08
,May,0.153578E+12,0.00,0.119508E+10,0.00,0.207368E+11,0.716016E+11,0.00,402891.84,12.66
,June,0.596837E+11,0.00,0.220713E+10,0.00,0.358483E+11,0.297727E+11,0.00,3361110.59,11.45
,July,0.260628E+11,0.00,0.341462E+10,0.00,0.649582E+11,0.950837E+10,0.00,3056234.00,8.08
,August,0.327765E+11,0.00,0.573707E+10,0.00,0.613587E+11,0.153440E+11,0.00,4870909.02,11.39
,September,0.155441E+12,0.00,0.417105E+10,0.00,0.337619E+11,0.400155E+11,0.00,1995915.72,13.90
,October,0.418165E+12,0.00,0.152239E+10,0.00,0.742324E+10,0.114898E+12,0.00,738018.30,18.76
,November,0.551350E+12,0.00,64168062.11,0.00,0.968609E+09,0.308691E+12,0.00,404930.87,23.63
,December,0.393072E+12,0.00,0.00,0.00,0.133780E+09,0.667902E+12,0.00,0.00,22.04
,,,,,,,,,,
,Annual Sum or Average,0.358692E+13,0.00,0.183168E+11,0.00,0.228225E+12,0.291888E+13,0.00,14953817.34,16.38
,Minimum of Months,0.260628E+11,0.00,0.00,0.00,0.00,0.950837E+10,0.00,0.00,8.08
,Maximum of Months,0.563438E+12,0.00,0.573707E+10,0.00,0.649582E+11,0.751328E+12,0.00,4870909.02,23.63


----------------------------------------------------------------------------------------------------
REPORT:,MechanicalVentilationLoadsMonthly
FOR:,PERIMETER_TOP_ZN_3
Custom Monthly Report

,,ZONE MECHANICAL VENTILATION NO LOAD HEAT REMOVAL ENERGY [J],ZONE MECHANICAL VENTILATION COOLING LOAD INCREASE ENERGY [J],ZONE MECHANICAL VENTILATION COOLING LOAD INCREASE DUE TO OVERHEATING ENERGY [J],ZONE MECHANICAL VENTILATION COOLING LOAD DECREASE ENERGY [J],ZONE MECHANICAL VENTILATION NO LOAD HEAT ADDITION ENERGY [J],ZONE MECHANICAL VENTILATION HEATING LOAD INCREASE ENERGY [J],ZONE MECHANICAL VENTILATION HEATING LOAD INCREASE DUE TO OVERCOOLING ENERGY [J],ZONE MECHANICAL VENTILATION HEATING LOAD DECREASE ENERGY [J],ZONE MECHANICAL VENTILATION AIR CHANGES PER HOUR [ach]
,January,0.189249E+10,0.00,0.00,0.00,784769.16,0.149309E+12,0.00,0.00,13.10
,February,0.197633E+10,0.00,0.00,0.00,0.00,0.132637E+12,0.00,0.00,12.44
,March,0.544225E+10,0.00,0.00,0.00,55745172.91,0.111543E+12,0.00,0.00,11.99
,April,0.794886E+10,0.00,726332.04,0.00,0.373728E+09,0.793722E+11,0.00,44240.84,12.82
,May,0.981831E+10,0.00,0.169105E+09,967.34,0.293945E+10,0.220907E+11,7569733.27,89282.20,8.51
,June,0.895459E+10,0.00,0.266536E+09,0.00,0.512710E+10,0.372479E+10,0.00,755322.91,7.70
,July,0.373995E+10,0.135698E+09,0.432462E+09,0.00,0.912270E+10,0.130185E+10,0.00,620263.66,5.44
,August,0.484324E+10,0.00,0.808915E+09,0.00,0.870068E+10,0.197727E+10,0.00,1133431.65,7.66
,September,0.789746E+10,0.00,0.613897E+09,0.00,0.476246E+10,0.198063E+11,0.00,479562.85,9.34
,October,0.942845E+10,0.00,0.215717E+09,0.00,0.105216E+10,0.661269E+11,0.00,168732.07,12.60
,November,0.327410E+10,0.00,12341726.35,0.00,0.134026E+09,0.118627E+12,0.00,73608.29,15.86
,December,0.302670E+10,0.00,9054946.85,0.00,9897949.95,0.147354E+12,0.00,8895.62,14.80
,,,,,,,,,,
,Annual Sum or Average,0.682427E+11,0.135698E+09,0.252875E+10,967.34,0.322787E+11,0.853870E+12,7569733.27,3373340.09,11.01
,Minimum of Months,0.189249E+10,0.00,0.00,0.00,0.00,0.130185E+10,0.00,0.00,5.44
,Maximum of Months,0.981831E+10,0.135698E+09,0.808915E+09,967.34,0.912270E+10,0.149309E+12,7569733.27,1133431.65,15.86


----------------------------------------------------------------------------------------------------
REPORT:,MechanicalVentilationLoadsMonthly
FOR:,PERIMETER_TOP_ZN_2
Custom Monthly Report

,,ZONE MECHANICAL VENTILATION NO LOAD HEAT REMOVAL ENERGY [J],ZONE MECHANICAL VENTILATION COOLING LOAD INCREASE ENERGY [J],ZONE MECHANICAL VENTILATION COOLING LOAD INCREASE DUE TO OVERHEATING ENERGY [J],ZONE MECHANICAL VENTILATION COOLING LOAD DECREASE ENERGY [J],ZONE MECHANICAL VENTILATION NO LOAD HEAT ADDITION ENERGY [J],ZONE MECHANICAL VENTILATION HEATING LOAD INCREASE ENERGY [J],ZONE MECHANICAL VENTILATION HEATING LOAD INCREASE DUE TO OVERCOOLING ENERGY [J],ZONE MECHANICAL VENTILATION HEATING LOAD DECREASE ENERGY [J],ZONE MECHANICAL VENTILATION AIR CHANGES PER HOUR [ach]
,January,0.192420E+10,0.00,0.00,0.00,267326.51,0.495816E+11,0.00,0.00,7.06
,February,0.175208E+10,0.00,0.00,0.00,0.00,0.441031E+11,0.00,0.00,6.70
,March,0.262094E+10,0.00,0.00,5919.09,18989230.45,0.372035E+11,25748488.93,0.00,6.46
,April,0.404550E+10,0.00,225416.58,46227.03,0.127308E+09,0.256181E+11,81663479.92,37074.06,6.90
,May,0.468917E+10,14545170.29,34931177.00,120325.30,0.100941E+10,0.612567E+10,57212263.22,51609.56,4.58
,June,0.328521E+10,0.109907E+09,73788497.91,69741.62,0.165350E+10,0.920992E+09,0.112874E+09,369636.21,4.14
,July,0.138034E+10,0.193787E+09,0.152967E+09,32800.38,0.295428E+10,0.302073E+09,35012234.36,302987.44,2.92
,August,0.164244E+10,82339580.92,0.276620E+09,56364.97,0.288025E+10,0.557270E+09,0.123593E+09,554310.85,4.12
,September,0.349267E+10,28579257.43,0.209789E+09,55723.26,0.159295E+10,0.589659E+10,47783321.68,267406.22,5.03
,October,0.453944E+10,0.00,73454166.96,34874.57,0.358410E+09,0.211757E+11,22306062.80,85758.01,6.78
,November,0.226375E+10,0.00,4191121.99,0.00,45668266.66,0.392609E+11,0.00,24936.96,8.54
,December,0.195074E+10,0.00,3082572.52,0.00,3371672.25,0.492754E+11,0.00,4966.44,7.97
,,,,,,,,,,
,Annual Sum or Average,0.335865E+11,0.429157E+09,0.829049E+09,421976.22,0.106444E+11,0.280021E+12,0.506193E+09,1698685.75,5.92
,Minimum of Months,0.138034E+10,0.00,0.00,0.00,0.00,0.302073E+09,0.00,0.00,2.92
,Maximum of Months,0.468917E+10,0.193787E+09,0.276620E+09,120325.30,0.295428E+10,0.495816E+11,0.123593E+09,554310.85,8.54


----------------------------------------------------------------------------------------------------
REPORT:,MechanicalVentilationLoadsMonthly
FOR:,PERIMETER_TOP_ZN_1
Custom Monthly Report

,,ZONE MECHANICAL VENTILATION NO LOAD HEAT REMOVAL ENERGY [J],ZONE MECHANICAL VENTILATION COOLING LOAD INCREASE ENERGY [J],ZONE MECHANICAL VENTILATION COOLING LOAD INCREASE DUE TO OVERHEATING ENERGY [J],ZONE MECHANICAL VENTILATION COOLING LOAD DECREASE ENERGY [J],ZONE MECHANICAL VENTILATION NO LOAD HEAT ADDITION ENERGY [J],ZONE MECHANICAL VENTILATION HEATING LOAD INCREASE ENERGY [J],ZONE MECHANICAL VENTILATION HEATING LOAD INCREASE DUE TO OVERCOOLING ENERGY [J],ZONE MECHANICAL VENTILATION HEATING LOAD DECREASE ENERGY [J],ZONE MECHANICAL VENTILATION AIR CHANGES PER HOUR [ach]
,January,0.873545E+10,0.00,0.00,18132.58,541769.57,0.955484E+11,98961281.12,0.00,9.05
,February,0.740442E+10,0.00,0.00,315657.27,0.00,0.854444E+11,82011000.11,0.00,8.60
,March,0.617822E+10,870004.95,0.00,136287.64,37613972.29,0.743472E+11,0.235670E+09,0.00,8.29
,April,0.594902E+10,574305.86,479340.81,3426.34,0.257431E+09,0.542555E+11,78044290.91,52628.29,8.85
,May,0.686532E+10,6526330.17,0.116716E+09,84978.00,0.202274E+10,0.150463E+11,0.122060E+09,87976.43,5.88
,June,0.560245E+10,0.00,0.211617E+09,71370.14,0.351172E+10,0.310634E+10,44424147.02,706642.09,5.31
,July,0.251935E+10,93680036.34,0.519931E+09,0.00,0.607638E+10,0.961277E+09,0.00,572009.52,3.75
,August,0.334356E+10,67019225.47,0.591738E+09,0.00,0.590605E+10,0.136502E+10,0.00,976926.42,5.29
,September,0.641494E+10,0.198356E+09,0.401820E+09,71700.10,0.311131E+10,0.125935E+11,0.116918E+09,440735.89,6.45
,October,0.114349E+11,83217691.06,0.148905E+09,204541.64,0.643145E+09,0.405568E+11,0.168126E+09,132243.33,8.70
,November,0.779085E+10,0.00,6266088.67,84800.85,94778177.53,0.762908E+11,73097298.56,52366.25,10.96
,December,0.879402E+10,0.00,6250637.97,113359.34,6833102.50,0.946657E+11,0.356270E+09,6633.99,10.22
,,,,,,,,,,
,Annual Sum or Average,0.810325E+11,0.450244E+09,0.200372E+10,1104253.90,0.216685E+11,0.554181E+12,0.137558E+10,3028162.22,7.60
,Minimum of Months,0.251935E+10,0.00,0.00,0.00,0.00,0.961277E+09,0.00,0.00,3.75
,Maximum of Months,0.114349E+11,0.198356E+09,0.591738E+09,315657.27,0.607638E+10,0.955484E+11,0.356270E+09,976926.42,10.96


----------------------------------------------------------------------------------------------------
REPORT:,MechanicalVentilationLoadsMonthly
FOR:,PERIMETER_TOP_ZN_4
Custom Monthly Report

,,ZONE MECHANICAL VENTILATION NO LOAD HEAT REMOVAL ENERGY [J],ZONE MECHANICAL VENTILATION COOLING LOAD INCREASE ENERGY [J],ZONE MECHANICAL VENTILATION COOLING LOAD INCREASE DUE TO OVERHEATING ENERGY [J],ZONE MECHANICAL VENTILATION COOLING LOAD DECREASE ENERGY [J],ZONE MECHANICAL VENTILATION NO LOAD HEAT ADDITION ENERGY [J],ZONE MECHANICAL VENTILATION HEATING LOAD INCREASE ENERGY [J],ZONE MECHANICAL VENTILATION HEATING LOAD INCREASE DUE TO OVERCOOLING ENERGY [J],ZONE MECHANICAL VENTILATION HEATING LOAD DECREASE ENERGY [J],ZONE MECHANICAL VENTILATION AIR CHANGES PER HOUR [ach]
,January,0.135789E+10,0.00,0.00,0.00,244612.93,0.457717E+11,0.00,0.00,6.46
,February,0.196325E+10,0.00,0.00,0.00,0.00,0.399958E+11,0.00,0.00,6.13
,March,0.262829E+10,0.00,0.00,29534.36,17375797.46,0.338181E+11,17825215.93,0.00,5.91
,April,0.322047E+10,39188703.08,202153.01,88010.53,77302523.22,0.239241E+11,73325676.88,38034.93,6.31
,May,0.377995E+10,43464352.79,52601273.80,108377.56,0.872851E+09,0.611903E+10,49322275.69,50179.17,4.19
,June,0.278385E+10,0.110546E+09,79472401.24,185749.75,0.149104E+10,0.110895E+10,59180909.49,372909.83,3.79
,July,0.118453E+10,0.203542E+09,0.124814E+09,0.00,0.269219E+10,0.386999E+09,0.00,292235.76,2.68
,August,0.153476E+10,0.293424E+09,0.242769E+09,5297.18,0.242779E+10,0.590416E+09,777236.95,518767.18,3.77
,September,0.298045E+10,68391703.42,0.180510E+09,22715.50,0.142681E+10,0.563013E+10,24659887.91,255075.65,4.60
,October,0.375807E+10,9161606.97,67211712.71,13728.49,0.318796E+09,0.197847E+11,7839954.76,79842.07,6.21
,November,0.198824E+10,0.00,2830960.38,0.00,42793041.00,0.360083E+11,0.00,21868.27,7.82
,December,0.213809E+10,0.00,2820623.07,0.00,3085195.80,0.447356E+11,0.00,4581.03,7.29
,,,,,,,,,,
,Annual Sum or Average,0.293178E+11,0.767719E+09,0.753232E+09,453413.37,0.937027E+10,0.257874E+12,0.232931E+09,1633493.90,5.42
,Minimum of Months,0.118453E+10,0.00,0.00,0.00,0.00,0.386999E+09,0.00,0.00,2.68
,Maximum of Months,0.377995E+10,0.293424E+09,0.242769E+09,185749.75,0.269219E+10,0.457717E+11,73325676.88,518767.18,7.82


----------------------------------------------------------------------------------------------------
REPORT:,MechanicalVentilationLoadsMonthly
FOR:,PERIMETER_BOT_ZN_3
Custom Monthly Report

,,ZONE MECHANICAL VENTILATION NO LOAD HEAT REMOVAL ENERGY [J],ZONE MECHANICAL VENTILATION COOLING LOAD INCREASE ENERGY [J],ZONE MECHANICAL VENTILATION COOLING LOAD INCREASE DUE TO OVERHEATING ENERGY [J],ZONE MECHANICAL VENTILATION COOLING LOAD DECREASE ENERGY [J],ZONE MECHANICAL VENTILATION NO LOAD HEAT ADDITION ENERGY [J],ZONE MECHANICAL VENTILATION HEATING LOAD INCREASE ENERGY [J],ZONE MECHANICAL VENTILATION HEATING LOAD INCREASE DUE TO OVERCOOLING ENERGY [J],ZONE MECHANICAL VENTILATION HEATING LOAD DECREASE ENERGY [J],ZONE MECHANICAL VENTILATION AIR CHANGES PER HOUR [ach]
,January,0.302573E+10,0.00,0.00,0.00,4854238.15,0.201993E+12,0.00,0.00,17.50
,February,0.293469E+10,0.00,0.00,0.00,0.00,0.179168E+12,0.00,0.00,16.52
,March,0.563568E+10,0.00,0.00,0.00,0.105148E+09,0.141251E+12,0.00,0.00,14.40
,April,0.903181E+10,0.00,1445535.23,0.00,0.481565E+09,0.839995E+11,0.00,37620.14,13.11
,May,0.951786E+10,0.00,0.332400E+09,0.00,0.410283E+10,0.149866E+11,0.00,97810.60,7.67
,June,0.117501E+11,0.00,0.379510E+09,0.00,0.750904E+10,0.322691E+10,0.00,705517.29,9.32
,July,0.542279E+10,57970429.23,0.248030E+09,0.00,0.136619E+11,0.122679E+10,0.00,660999.52,7.06
,August,0.739714E+10,0.00,0.515632E+09,0.00,0.126908E+11,0.198328E+10,0.00,967638.11,9.99
,September,0.164436E+11,0.00,0.253499E+09,0.00,0.771241E+10,0.382491E+10,0.00,463959.54,9.52
,October,0.189092E+11,0.00,63835868.67,0.00,0.181637E+10,0.209312E+11,0.00,158428.27,8.13
,November,0.637933E+10,0.00,13202145.11,0.00,0.224378E+09,0.748215E+11,0.00,76530.02,9.16
,December,0.539286E+10,0.00,0.00,0.00,34578708.82,0.184670E+12,0.00,0.00,17.46
,,,,,,,,,,
,Annual Sum or Average,0.101841E+12,57970429.23,0.180755E+10,0.00,0.483439E+11,0.912082E+12,0.00,3168503.49,11.63
,Minimum of Months,0.293469E+10,0.00,0.00,0.00,0.00,0.122679E+10,0.00,0.00,7.06
,Maximum of Months,0.189092E+11,57970429.23,0.515632E+09,0.00,0.136619E+11,0.201993E+12,0.00,967638.11,17.50


----------------------------------------------------------------------------------------------------
REPORT:,MechanicalVentilationLoadsMonthly
FOR:,PERIMETER_BOT_ZN_2
Custom Monthly Report

,,ZONE MECHANICAL VENTILATION NO LOAD HEAT REMOVAL ENERGY [J],ZONE MECHANICAL VENTILATION COOLING LOAD INCREASE ENERGY [J],ZONE MECHANICAL VENTILATION COOLING LOAD INCREASE DUE TO OVERHEATING ENERGY [J],ZONE MECHANICAL VENTILATION COOLING LOAD DECREASE ENERGY [J],ZONE MECHANICAL VENTILATION NO LOAD HEAT ADDITION ENERGY [J],ZONE MECHANICAL VENTILATION HEATING LOAD INCREASE ENERGY [J],ZONE MECHANICAL VENTILATION HEATING LOAD INCREASE DUE TO OVERCOOLING ENERGY [J],ZONE MECHANICAL VENTILATION HEATING LOAD DECREASE ENERGY [J],ZONE MECHANICAL VENTILATION AIR CHANGES PER HOUR [ach]
,January,0.366773E+10,0.00,0.00,0.00,1585347.05,0.632893E+11,0.00,0.00,9.04
,February,0.272586E+10,0.00,0.00,0.00,0.00,0.567471E+11,0.00,0.00,8.53
,March,0.459073E+10,0.00,0.00,0.00,34340332.19,0.433810E+11,0.00,0.00,7.43
,April,0.877778E+10,0.00,7720174.60,24577.44,0.150002E+09,0.215819E+11,23371651.48,36280.02,6.77
,May,0.607187E+10,2408636.88,45369806.56,44915.57,0.140071E+10,0.187132E+10,59692123.79,47357.50,3.96
,June,0.434816E+10,46514752.81,62105184.66,74575.67,0.246759E+10,0.457157E+09,85957747.70,343714.80,4.81
,July,0.192080E+10,0.110795E+09,63686372.67,73921.07,0.438715E+10,0.204473E+09,46341122.91,357772.06,3.64
,August,0.269292E+10,95966542.12,0.129949E+09,85103.55,0.408696E+10,0.307005E+09,63542225.12,532166.70,5.15
,September,0.559887E+10,12565007.73,79113639.56,80663.21,0.250972E+10,0.875617E+09,0.144925E+09,337459.56,4.91
,October,0.806373E+10,0.00,17640823.89,35071.80,0.596408E+09,0.490949E+10,38222765.31,60829.62,4.19
,November,0.489381E+10,0.00,4310121.44,0.00,73279770.90,0.216256E+11,0.00,26564.95,4.73
,December,0.322493E+10,0.00,0.00,0.00,11293070.60,0.588478E+11,0.00,0.00,9.01
,,,,,,,,,,
,Annual Sum or Average,0.565772E+11,0.268250E+09,0.409896E+09,418828.31,0.157190E+11,0.274098E+12,0.462052E+09,1742145.20,6.00
,Minimum of Months,0.192080E+10,0.00,0.00,0.00,0.00,0.204473E+09,0.00,0.00,3.64
,Maximum of Months,0.877778E+10,0.110795E+09,0.129949E+09,85103.55,0.438715E+10,0.632893E+11,0.144925E+09,532166.70,9.04


----------------------------------------------------------------------------------------------------
REPORT:,MechanicalVentilationLoadsMonthly
FOR:,PERIMETER_BOT_ZN_1
Custom Monthly Report

,,ZONE MECHANICAL VENTILATION NO LOAD HEAT REMOVAL ENERGY [J],ZONE MECHANICAL VENTILATION COOLING LOAD INCREASE ENERGY [J],ZONE MECHANICAL VENTILATION COOLING LOAD INCREASE DUE TO OVERHEATING ENERGY [J],ZONE MECHANICAL VENTILATION COOLING LOAD DECREASE ENERGY [J],ZONE MECHANICAL VENTILATION NO LOAD HEAT ADDITION ENERGY [J],ZONE MECHANICAL VENTILATION HEATING LOAD INCREASE ENERGY [J],ZONE MECHANICAL VENTILATION HEATING LOAD INCREASE DUE TO OVERCOOLING ENERGY [J],ZONE MECHANICAL VENTILATION HEATING LOAD DECREASE ENERGY [J],ZONE MECHANICAL VENTILATION AIR CHANGES PER HOUR [ach]
,January,0.235762E+11,0.00,832200.03,53606.84,2399818.01,0.114695E+12,35309589.72,42666.43,11.82
,February,0.207659E+11,0.00,0.00,0.00,0.00,0.102081E+12,0.00,0.00,11.16
,March,0.266193E+11,0.00,113866.54,40913.89,70784089.35,0.723495E+11,0.121253E+09,35252.19,9.73
,April,0.202555E+11,2806500.51,21574412.29,101170.21,0.301408E+09,0.424540E+11,49636939.84,77157.63,8.85
,May,0.596008E+10,4872818.26,0.109843E+09,39600.68,0.287725E+10,0.105183E+11,52366247.13,125561.29,5.17
,June,0.511546E+10,567184.27,0.302375E+09,28994.82,0.501846E+10,0.496419E+10,23871151.39,716499.10,6.29
,July,0.285048E+10,97028393.60,0.338001E+09,0.00,0.898756E+10,0.163535E+10,0.00,640636.20,4.76
,August,0.462624E+10,0.100856E+09,0.305907E+09,0.00,0.850208E+10,0.170183E+10,0.00,906777.46,6.74
,September,0.973829E+10,0.168932E+09,0.172774E+09,96958.72,0.503189E+10,0.377347E+10,0.161332E+09,542313.62,6.42
,October,0.141913E+11,89873937.89,24437693.31,204332.11,0.115407E+10,0.122980E+11,0.386921E+09,116452.26,5.49
,November,0.153314E+11,0.00,21390889.18,100664.10,0.138758E+09,0.392806E+11,0.166134E+09,174978.48,6.18
,December,0.227738E+11,0.00,2532769.44,225896.06,20709641.86,0.105358E+12,84953823.58,84495.45,11.79
,,,,,,,,,,
,Annual Sum or Average,0.171804E+12,0.464937E+09,0.129978E+10,892137.43,0.321054E+11,0.511109E+12,0.108178E+10,3462790.10,7.85
,Minimum of Months,0.285048E+10,0.00,0.00,0.00,0.00,0.163535E+10,0.00,0.00,4.76
,Maximum of Months,0.266193E+11,0.168932E+09,0.338001E+09,225896.06,0.898756E+10,0.114695E+12,0.386921E+09,906777.46,11.82


----------------------------------------------------------------------------------------------------
REPORT:,MechanicalVentilationLoadsMonthly
FOR:,PERIMETER_BOT_ZN_4
Custom Monthly Report

,,ZONE MECHANICAL VENTILATION NO LOAD HEAT REMOVAL ENERGY [J],ZONE MECHANICAL VENTILATION COOLING LOAD INCREASE ENERGY [J],ZONE MECHANICAL VENTILATION COOLING LOAD INCREASE DUE TO OVERHEATING ENERGY [J],ZONE MECHANICAL VENTILATION COOLING LOAD DECREASE ENERGY [J],ZONE MECHANICAL VENTILATION NO LOAD HEAT ADDITION ENERGY [J],ZONE MECHANICAL VENTILATION HEATING LOAD INCREASE ENERGY [J],ZONE MECHANICAL VENTILATION HEATING LOAD INCREASE DUE TO OVERCOOLING ENERGY [J],ZONE MECHANICAL VENTILATION HEATING LOAD DECREASE ENERGY [J],ZONE MECHANICAL VENTILATION AIR CHANGES PER HOUR [ach]
,January,0.230804E+10,0.00,0.00,0.00,1512078.00,0.615545E+11,0.00,0.00,8.62
,February,0.331700E+10,0.00,0.00,0.00,0.00,0.534073E+11,0.00,0.00,8.14
,March,0.625330E+10,0.00,0.00,7203.54,32753245.19,0.394920E+11,9289748.07,0.00,7.09
,April,0.104862E+11,7117231.76,7353883.96,57137.30,0.135952E+09,0.184529E+11,39827158.19,44095.15,6.46
,May,0.539564E+10,51272428.75,43272674.68,31134.93,0.128700E+10,0.221502E+10,22367363.68,45470.92,3.77
,June,0.402969E+10,80845294.86,95133983.83,11823.88,0.228116E+10,0.614166E+09,21422719.00,336090.73,4.59
,July,0.183392E+10,0.132530E+09,58410700.92,0.00,0.415988E+10,0.237404E+09,0.00,330098.63,3.47
,August,0.255231E+10,0.133640E+09,0.130102E+09,1271.45,0.384980E+10,0.360582E+09,9079081.03,516184.84,4.92
,September,0.553215E+10,52304650.28,75450862.46,52500.81,0.235341E+10,0.737795E+09,43561096.33,328291.78,4.68
,October,0.733644E+10,737932.67,13631070.26,5242.39,0.571304E+09,0.506083E+10,12861611.19,55436.04,4.00
,November,0.379782E+10,0.00,4111721.56,0.00,69893042.67,0.214959E+11,0.00,24538.73,4.51
,December,0.343645E+10,0.00,0.00,0.00,10771145.38,0.557675E+11,0.00,0.00,8.60
,,,,,,,,,,
,Annual Sum or Average,0.562789E+11,0.458448E+09,0.427467E+09,166314.30,0.147534E+11,0.259396E+12,0.158409E+09,1680206.83,5.72
,Minimum of Months,0.183392E+10,0.00,0.00,0.00,0.00,0.237404E+09,0.00,0.00,3.47
,Maximum of Months,0.104862E+11,0.133640E+09,0.130102E+09,57137.30,0.415988E+10,0.615545E+11,43561096.33,516184.84,8.62


----------------------------------------------------------------------------------------------------
REPORT:,MechanicalVentilationLoadsMonthly
FOR:,PERIMETER_MID_ZN_3
Custom Monthly Report

,,ZONE MECHANICAL VENTILATION NO LOAD HEAT REMOVAL ENERGY [J],ZONE MECHANICAL VENTILATION COOLING LOAD INCREASE ENERGY [J],ZONE MECHANICAL VENTILATION COOLING LOAD INCREASE DUE TO OVERHEATING ENERGY [J],ZONE MECHANICAL VENTILATION COOLING LOAD DECREASE ENERGY [J],ZONE MECHANICAL VENTILATION NO LOAD HEAT ADDITION ENERGY [J],ZONE MECHANICAL VENTILATION HEATING LOAD INCREASE ENERGY [J],ZONE MECHANICAL VENTILATION HEATING LOAD INCREASE DUE TO OVERCOOLING ENERGY [J],ZONE MECHANICAL VENTILATION HEATING LOAD DECREASE ENERGY [J],ZONE MECHANICAL VENTILATION AIR CHANGES PER HOUR [ach]
,January,0.289102E+10,0.00,0.00,0.00,46957.68,0.173620E+12,0.00,0.00,15.04
,February,0.283646E+10,0.00,0.00,0.00,0.00,0.154079E+12,0.00,0.00,14.24
,March,0.828780E+10,0.00,0.00,0.00,55334607.93,0.106461E+12,0.00,0.00,11.24
,April,0.103318E+11,0.00,0.00,0.00,0.254346E+09,0.504560E+11,0.00,0.00,9.18
,May,0.167427E+11,1770791.80,0.114158E+09,978.91,0.321963E+10,0.636475E+10,3522296.99,78050.01,7.75
,June,0.119223E+11,0.00,0.279598E+09,0.00,0.567880E+10,0.247354E+10,0.00,653852.07,8.79
,July,0.507936E+10,0.137998E+09,0.244243E+09,0.00,0.979566E+10,0.109891E+10,0.00,633242.45,6.22
,August,0.629716E+10,0.00,0.630411E+09,0.00,0.897350E+10,0.198296E+10,0.00,1012322.45,8.58
,September,0.131789E+11,0.00,0.328786E+09,0.00,0.532232E+10,0.823094E+10,0.00,378539.91,9.02
,October,0.141113E+11,0.00,0.159769E+09,0.00,0.115684E+10,0.354898E+11,0.00,160920.18,8.80
,November,0.531244E+10,0.00,8091841.50,0.00,0.130664E+09,0.109017E+12,0.00,60972.28,13.92
,December,0.473988E+10,0.00,0.00,0.00,10238449.78,0.163742E+12,0.00,0.00,15.51
,,,,,,,,,,
,Annual Sum or Average,0.101731E+12,0.139768E+09,0.176506E+10,978.91,0.345974E+11,0.813015E+12,3522296.99,2977899.36,10.67
,Minimum of Months,0.283646E+10,0.00,0.00,0.00,0.00,0.109891E+10,0.00,0.00,6.22
,Maximum of Months,0.167427E+11,0.137998E+09,0.630411E+09,978.91,0.979566E+10,0.173620E+12,3522296.99,1012322.45,15.51


----------------------------------------------------------------------------------------------------
REPORT:,MechanicalVentilationLoadsMonthly
FOR:,PERIMETER_MID_ZN_2
Custom Monthly Report

,,ZONE MECHANICAL VENTILATION NO LOAD HEAT REMOVAL ENERGY [J],ZONE MECHANICAL VENTILATION COOLING LOAD INCREASE ENERGY [J],ZONE MECHANICAL VENTILATION COOLING LOAD INCREASE DUE TO OVERHEATING ENERGY [J],ZONE MECHANICAL VENTILATION COOLING LOAD DECREASE ENERGY [J],ZONE MECHANICAL VENTILATION NO LOAD HEAT ADDITION ENERGY [J],ZONE MECHANICAL VENTILATION HEATING LOAD INCREASE ENERGY [J],ZONE MECHANICAL VENTILATION HEATING LOAD INCREASE DUE TO OVERCOOLING ENERGY [J],ZONE MECHANICAL VENTILATION HEATING LOAD DECREASE ENERGY [J],ZONE MECHANICAL VENTILATION AIR CHANGES PER HOUR [ach]
,January,0.266151E+10,0.00,0.00,0.00,14269.49,0.507466E+11,0.00,0.00,7.19
,February,0.200185E+10,0.00,0.00,0.00,0.00,0.454440E+11,0.00,0.00,6.81
,March,0.318841E+10,6362.50,0.00,65356.78,12652267.54,0.314317E+11,77297170.89,0.00,5.37
,April,0.496783E+10,106444.02,2341653.11,290791.79,61416880.74,0.133432E+11,53190853.66,5867.80,4.37
,May,0.562412E+10,15803325.69,34581322.69,291676.36,0.897479E+09,0.126611E+10,0.111588E+09,47821.24,3.69
,June,0.377505E+10,0.110057E+09,67500577.47,115426.92,0.148619E+10,0.518461E+09,80489240.62,340107.56,4.18
,July,0.162126E+10,0.144686E+09,0.105464E+09,116061.75,0.260925E+10,0.208237E+09,47839454.14,355147.34,2.96
,August,0.190155E+10,74572844.69,0.208668E+09,247034.75,0.241791E+10,0.571289E+09,43079002.53,564023.84,4.08
,September,0.446786E+10,26158076.14,0.201515E+09,110623.58,0.136691E+10,0.197053E+10,63483887.28,209900.27,4.30
,October,0.517804E+10,894047.17,71495779.16,53818.27,0.288197E+09,0.979309E+10,45414018.80,49145.22,4.19
,November,0.282228E+10,0.00,2460188.34,0.00,33295844.52,0.317893E+11,0.00,17286.31,6.66
,December,0.227165E+10,0.00,0.00,2277.84,2061556.04,0.487179E+11,4217886.16,0.00,7.42
,,,,,,,,,,
,Annual Sum or Average,0.404814E+11,0.372284E+09,0.694026E+09,1293068.04,0.917538E+10,0.235800E+12,0.526600E+09,1589299.58,5.09
,Minimum of Months,0.162126E+10,0.00,0.00,0.00,0.00,0.208237E+09,0.00,0.00,2.96
,Maximum of Months,0.562412E+10,0.144686E+09,0.208668E+09,291676.36,0.260925E+10,0.507466E+11,0.111588E+09,564023.84,7.42


----------------------------------------------------------------------------------------------------
REPORT:,MechanicalVentilationLoadsMonthly
FOR:,PERIMETER_MID_ZN_1
Custom Monthly Report

,,ZONE MECHANICAL VENTILATION NO LOAD HEAT REMOVAL ENERGY [J],ZONE MECHANICAL VENTILATION COOLING LOAD INCREASE ENERGY [J],ZONE MECHANICAL VENTILATION COOLING LOAD INCREASE DUE TO OVERHEATING ENERGY [J],ZONE MECHANICAL VENTILATION COOLING LOAD DECREASE ENERGY [J],ZONE MECHANICAL VENTILATION NO LOAD HEAT ADDITION ENERGY [J],ZONE MECHANICAL VENTILATION HEATING LOAD INCREASE ENERGY [J],ZONE MECHANICAL VENTILATION HEATING LOAD INCREASE DUE TO OVERCOOLING ENERGY [J],ZONE MECHANICAL VENTILATION HEATING LOAD DECREASE ENERGY [J],ZONE MECHANICAL VENTILATION AIR CHANGES PER HOUR [ach]
,January,0.110303E+11,0.00,0.00,214917.70,31096.42,0.105752E+12,0.107145E+09,0.00,9.97
,February,0.102192E+11,0.00,0.00,69185.03,0.00,0.933681E+11,0.325497E+09,0.00,9.44
,March,0.972762E+10,546519.31,0.00,151680.14,36097287.72,0.660028E+11,0.258824E+09,0.00,7.45
,April,0.903847E+10,0.00,5109214.67,107060.54,0.163318E+09,0.311672E+11,49280849.13,6561.35,6.08
,May,0.111602E+11,10357864.06,75494950.57,83394.43,0.212300E+10,0.395590E+10,0.188435E+09,79801.67,5.13
,June,0.747622E+10,137248.72,0.189085E+09,70784.41,0.375635E+10,0.201401E+10,42924614.88,644762.50,5.82
,July,0.315034E+10,91385011.65,0.314540E+09,0.00,0.633388E+10,0.941056E+09,0.00,640445.53,4.12
,August,0.410799E+10,87399876.26,0.431731E+09,0.00,0.584052E+10,0.137529E+10,0.00,938754.86,5.68
,September,0.958767E+10,0.104705E+09,0.288031E+09,140443.39,0.334944E+10,0.441834E+10,0.171938E+09,359698.57,5.97
,October,0.126839E+11,99009138.80,87173600.82,322958.09,0.685704E+09,0.199231E+11,0.239690E+09,105515.35,5.83
,November,0.107453E+11,0.00,5356952.73,137107.60,86528544.49,0.648644E+11,0.101519E+09,42021.73,9.23
,December,0.981273E+10,0.00,0.00,366775.16,6780128.96,0.101571E+12,0.188011E+09,0.00,10.28
,,,,,,,,,,
,Annual Sum or Average,0.108740E+12,0.393541E+09,0.139652E+10,1664306.49,0.223817E+11,0.495353E+12,0.167327E+10,2817561.57,7.07
,Minimum of Months,0.315034E+10,0.00,0.00,0.00,0.00,0.941056E+09,0.00,0.00,4.12
,Maximum of Months,0.126839E+11,0.104705E+09,0.431731E+09,366775.16,0.633388E+10,0.105752E+12,0.325497E+09,938754.86,10.28


----------------------------------------------------------------------------------------------------
REPORT:,MechanicalVentilationLoadsMonthly
FOR:,PERIMETER_MID_ZN_4
Custom Monthly Report

,,ZONE MECHANICAL VENTILATION NO LOAD HEAT REMOVAL ENERGY [J],ZONE MECHANICAL VENTILATION COOLING LOAD INCREASE ENERGY [J],ZONE MECHANICAL VENTILATION COOLING LOAD INCREASE DUE TO OVERHEATING ENERGY [J],ZONE MECHANICAL VENTILATION COOLING LOAD DECREASE ENERGY [J],ZONE MECHANICAL VENTILATION NO LOAD HEAT ADDITION ENERGY [J],ZONE MECHANICAL VENTILATION HEATING LOAD INCREASE ENERGY [J],ZONE MECHANICAL VENTILATION HEATING LOAD INCREASE DUE TO OVERCOOLING ENERGY [J],ZONE MECHANICAL VENTILATION HEATING LOAD DECREASE ENERGY [J],ZONE MECHANICAL VENTILATION AIR CHANGES PER HOUR [ach]
,January,0.180221E+10,0.00,0.00,0.00,13740.09,0.498459E+11,0.00,0.00,6.96
,February,0.270224E+10,0.00,0.00,0.00,0.00,0.432121E+11,0.00,0.00,6.59
,March,0.385078E+10,0.00,0.00,44874.16,16191222.05,0.296889E+11,36556833.24,0.00,5.20
,April,0.454852E+10,2322859.29,2245984.00,170375.55,69839751.01,0.132101E+11,28053975.75,14443.40,4.24
,May,0.511264E+10,42845555.62,33296773.58,96551.96,0.899837E+09,0.155975E+10,89904029.56,47622.08,3.58
,June,0.343471E+10,90422542.93,70886224.76,111778.60,0.158200E+10,0.718671E+09,58803809.07,347771.71,4.06
,July,0.145628E+10,0.193266E+09,76095044.93,0.00,0.270860E+10,0.351519E+09,0.00,337212.96,2.88
,August,0.189040E+10,0.108662E+09,0.208925E+09,0.00,0.249232E+10,0.532409E+09,0.00,547536.88,3.96
,September,0.421630E+10,26227449.81,0.135894E+09,60417.83,0.149133E+10,0.200978E+10,38507130.26,202706.11,4.17
,October,0.481435E+10,8565519.18,46703768.33,53671.03,0.329981E+09,0.967556E+10,23613888.52,42979.95,4.07
,November,0.266857E+10,0.00,2369496.62,0.00,38233005.55,0.307848E+11,0.00,16063.22,6.44
,December,0.267591E+10,0.00,0.00,0.00,2995828.83,0.466227E+11,0.00,0.00,7.18
,,,,,,,,,,
,Annual Sum or Average,0.391729E+11,0.472312E+09,0.576417E+09,537669.14,0.963134E+10,0.228212E+12,0.275440E+09,1556336.31,4.93
,Minimum of Months,0.145628E+10,0.00,0.00,0.00,0.00,0.351519E+09,0.00,0.00,2.88
,Maximum of Months,0.511264E+10,0.193266E+09,0.208925E+09,170375.55,0.270860E+10,0.498459E+11,89904029.56,547536.88,7.18


----------------------------------------------------------------------------------------------------
REPORT:,HeatEmissionsReportMonthly
FOR:,Environment
Custom Monthly Report

,,SITE TOTAL SURFACE HEAT EMISSION TO AIR [J],SITE TOTAL ZONE EXFILTRATION HEAT LOSS [J],SITE TOTAL ZONE EXHAUST AIR HEAT LOSS [J],AIR SYSTEM RELIEF AIR TOTAL HEAT LOSS ENERGY [J],HVAC SYSTEM TOTAL HEAT REJECTION ENERGY [J]
,January,0.114240E+12,0.330952E+11,0.00,0.785659E+13,0.642082E+13
,February,0.190349E+12,0.303973E+11,0.00,0.714068E+13,0.588037E+13
,March,0.303110E+12,0.239205E+11,0.00,0.103070E+14,0.705605E+13
,April,0.356303E+12,0.145252E+11,0.00,0.994534E+13,0.666667E+13
,May,0.427039E+12,0.207073E+10,0.00,0.755179E+13,0.747200E+13
,June,0.427231E+12,-0.774963E+10,0.00,-0.107844E+14,0.809761E+13
,July,0.421359E+12,-0.166273E+11,0.00,-0.180974E+14,0.874184E+13
,August,0.369853E+12,-0.121579E+11,0.00,-0.202869E+14,0.887764E+13
,September,0.263313E+12,-0.449591E+10,0.00,-0.942965E+13,0.751047E+13
,October,0.188538E+12,0.707339E+10,0.00,0.942345E+13,0.679770E+13
,November,0.100042E+12,0.169074E+11,0.00,0.100738E+14,0.637296E+13
,December,0.889572E+11,0.280746E+11,0.00,0.816190E+13,0.638568E+13
,,,,,,
,Annual Sum or Average,0.325034E+13,0.115034E+12,0.00,0.118623E+14,0.862798E+14
,Minimum of Months,0.889572E+11,-0.166273E+11,0.00,-0.202869E+14,0.588037E+13
,Maximum of Months,0.427231E+12,0.330952E+11,0.00,0.103070E+14,0.887764E+13


