Time,CORE_BOTTOM:BUFFALO.NIAGARA.INTL.AP_NY_USA ANN HTG 99.6% CONDNS DB:Des Heat Load [W],CORE_BOTTOM:BUFFALO.NIAGARA.INTL.AP_NY_USA ANN CLG .4% CONDNS DB=>MWB:Des Sens Cool Load [W],CORE_BOTTOM:BUFFALO.NIAGARA.INTL.AP_NY_USA ANN HTG 99.6% CONDNS DB:Des Heat Mass Flow [kg/s],CORE_BOTTOM:BUFFALO.NIAGARA.INTL.AP_NY_USA ANN CLG .4% CONDNS DB=>MWB:Des Cool Mass Flow [kg/s],CORE_MID:BUFFALO.NIAGARA.INTL.AP_NY_USA ANN HTG 99.6% CONDNS DB:Des Heat Load [W],CORE_MID:BUFFALO.NIAGARA.INTL.AP_NY_USA ANN CLG .4% CONDNS DB=>MWB:Des Sens Cool Load [W],CORE_MID:BUFFALO.NIAGARA.INTL.AP_NY_USA ANN HTG 99.6% CONDNS DB:Des Heat Mass Flow [kg/s],CORE_MID:BUFFALO.NIAGARA.INTL.AP_NY_USA ANN CLG .4% CONDNS DB=>MWB:Des Cool Mass Flow [kg/s],CORE_TOP:BUFFALO.NIAGARA.INTL.AP_NY_USA ANN HTG 99.6% CONDNS DB:Des Heat Load [W],CORE_TOP:BUFFALO.NIAGARA.INTL.AP_NY_USA ANN CLG .4% CONDNS DB=>MWB:Des Sens Cool Load [W],CORE_TOP:BUFFALO.NIAGARA.INTL.AP_NY_USA ANN HTG 99.6% CONDNS DB:Des Heat Mass Flow [kg/s],CORE_TOP:BUFFALO.NIAGARA.INTL.AP_NY_USA ANN CLG .4% CONDNS DB=>MWB:Des Cool Mass Flow [kg/s],PERIMETER_TOP_ZN_3:BUFFALO.NIAGARA.INTL.AP_NY_USA ANN HTG 99.6% CONDNS DB:Des Heat Load [W],PERIMETER_TOP_ZN_3:BUFFALO.NIAGARA.INTL.AP_NY_USA ANN CLG .4% CONDNS DB=>MWB:Des Sens Cool Load [W],PERIMETER_TOP_ZN_3:BUFFALO.NIAGARA.INTL.AP_NY_USA ANN HTG 99.6% CONDNS DB:Des Heat Mass Flow [kg/s],PERIMETER_TOP_ZN_3:BUFFALO.NIAGARA.INTL.AP_NY_USA ANN CLG .4% CONDNS DB=>MWB:Des Cool Mass Flow [kg/s],PERIMETER_TOP_ZN_2:BUFFALO.NIAGARA.INTL.AP_NY_USA ANN HTG 99.6% CONDNS DB:Des Heat Load [W],PERIMETER_TOP_ZN_2:BUFFALO.NIAGARA.INTL.AP_NY_USA ANN CLG .4% CONDNS DB=>MWB:Des Sens Cool Load [W],PERIMETER_TOP_ZN_2:BUFFALO.NIAGARA.INTL.AP_NY_USA ANN HTG 99.6% CONDNS DB:Des Heat Mass Flow [kg/s],PERIMETER_TOP_ZN_2:BUFFALO.NIAGARA.INTL.AP_NY_USA ANN CLG .4% CONDNS DB=>MWB:Des Cool Mass Flow [kg/s],PERIMETER_TOP_ZN_1:BUFFALO.NIAGARA.INTL.AP_NY_USA ANN HTG 99.6% CONDNS DB:Des Heat Load [W],PERIMETER_TOP_ZN_1:BUFFALO.NIAGARA.INTL.AP_NY_USA ANN CLG .4% CONDNS DB=>MWB:Des Sens Cool Load [W],PERIMETER_TOP_ZN_1:BUFFALO.NIAGARA.INTL.AP_NY_USA ANN HTG 99.6% CONDNS DB:Des Heat Mass Flow [kg/s],PERIMETER_TOP_ZN_1:BUFFALO.NIAGARA.INTL.AP_NY_USA ANN CLG .4% CONDNS DB=>MWB:Des Cool Mass Flow [kg/s],PERIMETER_TOP_ZN_4:BUFFALO.NIAGARA.INTL.AP_NY_USA ANN HTG 99.6% CONDNS DB:Des Heat Load [W],PERIMETER_TOP_ZN_4:BUFFALO.NIAGARA.INTL.AP_NY_USA ANN CLG .4% CONDNS DB=>MWB:Des Sens Cool Load [W],PERIMETER_TOP_ZN_4:BUFFALO.NIAGARA.INTL.AP_NY_USA ANN HTG 99.6% CONDNS DB:Des Heat Mass Flow [kg/s],PERIMETER_TOP_ZN_4:BUFFALO.NIAGARA.INTL.AP_NY_USA ANN CLG .4% CONDNS DB=>MWB:Des Cool Mass Flow [kg/s],PERIMETER_BOT_ZN_3:BUFFALO.NIAGARA.INTL.AP_NY_USA ANN HTG 99.6% CONDNS DB:Des Heat Load [W],PERIMETER_BOT_ZN_3:BUFFALO.NIAGARA.INTL.AP_NY_USA ANN CLG .4% CONDNS DB=>MWB:Des Sens Cool Load [W],PERIMETER_BOT_ZN_3:BUFFALO.NIAGARA.INTL.AP_NY_USA ANN HTG 99.6% CONDNS DB:Des Heat Mass Flow [kg/s],PERIMETER_BOT_ZN_3:BUFFALO.NIAGARA.INTL.AP_NY_USA ANN CLG .4% CONDNS DB=>MWB:Des Cool Mass Flow [kg/s],PERIMETER_BOT_ZN_2:BUFFALO.NIAGARA.INTL.AP_NY_USA ANN HTG 99.6% CONDNS DB:Des Heat Load [W],PERIMETER_BOT_ZN_2:BUFFALO.NIAGARA.INTL.AP_NY_USA ANN CLG .4% CONDNS DB=>MWB:Des Sens Cool Load [W],PERIMETER_BOT_ZN_2:BUFFALO.NIAGARA.INTL.AP_NY_USA ANN HTG 99.6% CONDNS DB:Des Heat Mass Flow [kg/s],PERIMETER_BOT_ZN_2:BUFFALO.NIAGARA.INTL.AP_NY_USA ANN CLG .4% CONDNS DB=>MWB:Des Cool Mass Flow [kg/s],PERIMETER_BOT_ZN_1:BUFFALO.NIAGARA.INTL.AP_NY_USA ANN HTG 99.6% CONDNS DB:Des Heat Load [W],PERIMETER_BOT_ZN_1:BUFFALO.NIAGARA.INTL.AP_NY_USA ANN CLG .4% CONDNS DB=>MWB:Des Sens Cool Load [W],PERIMETER_BOT_ZN_1:BUFFALO.NIAGARA.INTL.AP_NY_USA ANN HTG 99.6% CONDNS DB:Des Heat Mass Flow [kg/s],PERIMETER_BOT_ZN_1:BUFFALO.NIAGARA.INTL.AP_NY_USA ANN CLG .4% CONDNS DB=>MWB:Des Cool Mass Flow [kg/s],PERIMETER_BOT_ZN_4:BUFFALO.NIAGARA.INTL.AP_NY_USA ANN HTG 99.6% CONDNS DB:Des Heat Load [W],PERIMETER_BOT_ZN_4:BUFFALO.NIAGARA.INTL.AP_NY_USA ANN CLG .4% CONDNS DB=>MWB:Des Sens Cool Load [W],PERIMETER_BOT_ZN_4:BUFFALO.NIAGARA.INTL.AP_NY_USA ANN HTG 99.6% CONDNS DB:Des Heat Mass Flow [kg/s],PERIMETER_BOT_ZN_4:BUFFALO.NIAGARA.INTL.AP_NY_USA ANN CLG .4% CONDNS DB=>MWB:Des Cool Mass Flow [kg/s],PERIMETER_MID_ZN_3:BUFFALO.NIAGARA.INTL.AP_NY_USA ANN HTG 99.6% CONDNS DB:Des Heat Load [W],PERIMETER_MID_ZN_3:BUFFALO.NIAGARA.INTL.AP_NY_USA ANN CLG .4% CONDNS DB=>MWB:Des Sens Cool Load [W],PERIMETER_MID_ZN_3:BUFFALO.NIAGARA.INTL.AP_NY_USA ANN HTG 99.6% CONDNS DB:Des Heat Mass Flow [kg/s],PERIMETER_MID_ZN_3:BUFFALO.NIAGARA.INTL.AP_NY_USA ANN CLG .4% CONDNS DB=>MWB:Des Cool Mass Flow [kg/s],PERIMETER_MID_ZN_2:BUFFALO.NIAGARA.INTL.AP_NY_USA ANN HTG 99.6% CONDNS DB:Des Heat Load [W],PERIMETER_MID_ZN_2:BUFFALO.NIAGARA.INTL.AP_NY_USA ANN CLG .4% CONDNS DB=>MWB:Des Sens Cool Load [W],PERIMETER_MID_ZN_2:BUFFALO.NIAGARA.INTL.AP_NY_USA ANN HTG 99.6% CONDNS DB:Des Heat Mass Flow [kg/s],PERIMETER_MID_ZN_2:BUFFALO.NIAGARA.INTL.AP_NY_USA ANN CLG .4% CONDNS DB=>MWB:Des Cool Mass Flow [kg/s],PERIMETER_MID_ZN_1:BUFFALO.NIAGARA.INTL.AP_NY_USA ANN HTG 99.6% CONDNS DB:Des Heat Load [W],PERIMETER_MID_ZN_1:BUFFALO.NIAGARA.INTL.AP_NY_USA ANN CLG .4% CONDNS DB=>MWB:Des Sens Cool Load [W],PERIMETER_MID_ZN_1:BUFFALO.NIAGARA.INTL.AP_NY_USA ANN HTG 99.6% CONDNS DB:Des Heat Mass Flow [kg/s],PERIMETER_MID_ZN_1:BUFFALO.NIAGARA.INTL.AP_NY_USA ANN CLG .4% CONDNS DB=>MWB:Des Cool Mass Flow [kg/s],PERIMETER_MID_ZN_4:BUFFALO.NIAGARA.INTL.AP_NY_USA ANN HTG 99.6% CONDNS DB:Des Heat Load [W],PERIMETER_MID_ZN_4:BUFFALO.NIAGARA.INTL.AP_NY_USA ANN CLG .4% CONDNS DB=>MWB:Des Sens Cool Load [W],PERIMETER_MID_ZN_4:BUFFALO.NIAGARA.INTL.AP_NY_USA ANN HTG 99.6% CONDNS DB:Des Heat Mass Flow [kg/s],PERIMETER_MID_ZN_4:BUFFALO.NIAGARA.INTL.AP_NY_USA ANN CLG .4% CONDNS DB=>MWB:Des Cool Mass Flow [kg/s]
00:10:00,2.000488E+03,4.699097E+04,1.032536E-01,4.110797E+00,6.079299E+03,2.863969E+04,3.137780E-01,2.505422E+00,1.383446E+04,2.767575E+04,7.140543E-01,2.421096E+00,7.323573E+03,6.263125E+03,3.779432E-01,5.479574E-01,4.787131E+03,4.062883E+03,2.470451E-01,3.554607E-01,7.319452E+03,6.384829E+03,3.777306E-01,5.586051E-01,4.794561E+03,4.478987E+03,2.474285E-01,3.918649E-01,4.388997E+03,6.146251E+03,2.265149E-01,5.377087E-01,2.894653E+03,4.461029E+03,1.493917E-01,3.902762E-01,4.388995E+03,6.705562E+03,2.265147E-01,5.866397E-01,2.897984E+03,5.057897E+03,1.495636E-01,4.424929E-01,4.906105E+03,6.517244E+03,2.531917E-01,5.701815E-01,3.233518E+03,4.226442E+03,1.668729E-01,3.697647E-01,4.900441E+03,6.641743E+03,2.528994E-01,5.810735E-01,3.235096E+03,4.642044E+03,1.669543E-01,4.061243E-01
00:20:00,1.996177E+03,4.693473E+04,1.030310E-01,4.105876E+00,6.078480E+03,2.857403E+04,3.137357E-01,2.499676E+00,1.383429E+04,2.754578E+04,7.140458E-01,2.409723E+00,7.323536E+03,6.209205E+03,3.779413E-01,5.432398E-01,4.787108E+03,4.026734E+03,2.470439E-01,3.522980E-01,7.319416E+03,6.329704E+03,3.777287E-01,5.537821E-01,4.794538E+03,4.428712E+03,2.474273E-01,3.874663E-01,4.388565E+03,6.112714E+03,2.264925E-01,5.347744E-01,2.894388E+03,4.432783E+03,1.493780E-01,3.878050E-01,4.388562E+03,6.666551E+03,2.264924E-01,5.832265E-01,2.897719E+03,5.017409E+03,1.495499E-01,4.389507E-01,4.905917E+03,6.479745E+03,2.531821E-01,5.669005E-01,3.233399E+03,4.200628E+03,1.668667E-01,3.675062E-01,4.900253E+03,6.602610E+03,2.528898E-01,5.776497E-01,3.234977E+03,4.602636E+03,1.669482E-01,4.026765E-01
00:30:00,1.991890E+03,4.687911E+04,1.028098E-01,4.101009E+00,6.077665E+03,2.850894E+04,3.136937E-01,2.493980E+00,1.383413E+04,2.741915E+04,7.140373E-01,2.398644E+00,7.323500E+03,6.156965E+03,3.779395E-01,5.386692E-01,4.787085E+03,3.991628E+03,2.470427E-01,3.492265E-01,7.319379E+03,6.276176E+03,3.777268E-01,5.490987E-01,4.794515E+03,4.380262E+03,2.474262E-01,3.832274E-01,4.388135E+03,6.079956E+03,2.264703E-01,5.319083E-01,2.894124E+03,4.405072E+03,1.493644E-01,3.853805E-01,4.388132E+03,6.628303E+03,2.264702E-01,5.798802E-01,2.897456E+03,4.978023E+03,1.495363E-01,4.355049E-01,4.905731E+03,6.443193E+03,2.531724E-01,5.637025E-01,3.233280E+03,4.175403E+03,1.668606E-01,3.652991E-01,4.900067E+03,6.564368E+03,2.528801E-01,5.743037E-01,3.234859E+03,4.564522E+03,1.669421E-01,3.993419E-01
00:40:00,1.987629E+03,4.682406E+04,1.025898E-01,4.096191E+00,6.076855E+03,2.844436E+04,3.136519E-01,2.488328E+00,1.383397E+04,2.729561E+04,7.140289E-01,2.387835E+00,7.323464E+03,6.106290E+03,3.779376E-01,5.342354E-01,4.787062E+03,3.957499E+03,2.470416E-01,3.462404E-01,7.319343E+03,6.224140E+03,3.777249E-01,5.445459E-01,4.794492E+03,4.333497E+03,2.474250E-01,3.791357E-01,4.387708E+03,6.047923E+03,2.264483E-01,5.291055E-01,2.893862E+03,4.377866E+03,1.493509E-01,3.830001E-01,4.387705E+03,6.590773E+03,2.264482E-01,5.765965E-01,2.897194E+03,4.939655E+03,1.495228E-01,4.321480E-01,4.905545E+03,6.407520E+03,2.531629E-01,5.605812E-01,3.233162E+03,4.150728E+03,1.668545E-01,3.631401E-01,4.899882E+03,6.526960E+03,2.528706E-01,5.710307E-01,3.234741E+03,4.527602E+03,1.669360E-01,3.961117E-01
00:50:00,1.983393E+03,4.676951E+04,1.023712E-01,4.091415E+00,6.076050E+03,2.838022E+04,3.136103E-01,2.482714E+00,1.383381E+04,2.717492E+04,7.140205E-01,2.377274E+00,7.323428E+03,6.057074E+03,3.779357E-01,5.299292E-01,4.787039E+03,3.924288E+03,2.470404E-01,3.433345E-01,7.319307E+03,6.173500E+03,3.777231E-01,5.401152E-01,4.794469E+03,4.288289E+03,2.474238E-01,3.751804E-01,4.387283E+03,6.016566E+03,2.264264E-01,5.263619E-01,2.893602E+03,4.351137E+03,1.493374E-01,3.806615E-01,4.387280E+03,6.553920E+03,2.264262E-01,5.733720E-01,2.896934E+03,4.902227E+03,1.495094E-01,4.288734E-01,4.905361E+03,6.372661E+03,2.531534E-01,5.575312E-01,3.233045E+03,4.126571E+03,1.668485E-01,3.610265E-01,4.899697E+03,6.490337E+03,2.528611E-01,5.678263E-01,3.234624E+03,4.491787E+03,1.669299E-01,3.929780E-01
01:00:00,1.979181E+03,4.671539E+04,1.021538E-01,4.086677E+00,6.075250E+03,2.831645E+04,3.135690E-01,2.477134E+00,1.383364E+04,2.705684E+04,7.140122E-01,2.366943E+00,7.323392E+03,6.009223E+03,3.779339E-01,5.257424E-01,4.787017E+03,3.891940E+03,2.470392E-01,3.405042E-01,7.319272E+03,6.124174E+03,3.777213E-01,5.357993E-01,4.794446E+03,4.244530E+03,2.474226E-01,3.713517E-01,4.386861E+03,5.985844E+03,2.264046E-01,5.236737E-01,2.893343E+03,4.324863E+03,1.493241E-01,3.783627E-01,4.386858E+03,6.517706E+03,2.264044E-01,5.702034E-01,2.896675E+03,4.865675E+03,1.494960E-01,4.256753E-01,4.905178E+03,6.338566E+03,2.531439E-01,5.545478E-01,3.232929E+03,4.102906E+03,1.668425E-01,3.589558E-01,4.899514E+03,6.454455E+03,2.528516E-01,5.646867E-01,3.234507E+03,4.456998E+03,1.669239E-01,3.899342E-01
01:10:00,1.979451E+03,4.668565E+04,1.021677E-01,4.084072E+00,6.075301E+03,2.827677E+04,3.135717E-01,2.473660E+00,1.383365E+04,2.696465E+04,7.140128E-01,2.358876E+00,7.323395E+03,5.967737E+03,3.779340E-01,5.221125E-01,4.787018E+03,3.863630E+03,2.470393E-01,3.380272E-01,7.319274E+03,6.081170E+03,3.777214E-01,5.320366E-01,4.794448E+03,4.205350E+03,2.474227E-01,3.679236E-01,4.386888E+03,5.960801E+03,2.264060E-01,5.214824E-01,2.893360E+03,4.302224E+03,1.493249E-01,3.763818E-01,4.386885E+03,6.487172E+03,2.264058E-01,5.675318E-01,2.896692E+03,4.833155E+03,1.494969E-01,4.228300E-01,4.905190E+03,6.310306E+03,2.531445E-01,5.520751E-01,3.232936E+03,4.082952E+03,1.668429E-01,3.572098E-01,4.899526E+03,6.424397E+03,2.528522E-01,5.620565E-01,3.234515E+03,4.426420E+03,1.669243E-01,3.872588E-01
01:20:00,1.979719E+03,4.665696E+04,1.021816E-01,4.081558E+00,6.075353E+03,2.823829E+04,3.135743E-01,2.470291E+00,1.383367E+04,2.687564E+04,7.140133E-01,2.351087E+00,7.323397E+03,5.927828E+03,3.779341E-01,5.186206E-01,4.787020E+03,3.836334E+03,2.470394E-01,3.356389E-01,7.319276E+03,6.039709E+03,3.777215E-01,5.284089E-01,4.794449E+03,4.167681E+03,2.474228E-01,3.646278E-01,4.386915E+03,5.936579E+03,2.264074E-01,5.193630E-01,2.893377E+03,4.280169E+03,1.493258E-01,3.744520E-01,4.386912E+03,6.457479E+03,2.264072E-01,5.649337E-01,2.896708E+03,4.801576E+03,1.494977E-01,4.200671E-01,4.905201E+03,6.283075E+03,2.531451E-01,5.496923E-01,3.232944E+03,4.063670E+03,1.668432E-01,3.555226E-01,4.899538E+03,6.395356E+03,2.528528E-01,5.595154E-01,3.234522E+03,4.396972E+03,1.669247E-01,3.846822E-01
01:30:00,1.979986E+03,4.662885E+04,1.021954E-01,4.079096E+00,6.075404E+03,2.820037E+04,3.135770E-01,2.466972E+00,1.383368E+04,2.678908E+04,7.140138E-01,2.343513E+00,7.323399E+03,5.889324E+03,3.779343E-01,5.152517E-01,4.787021E+03,3.809946E+03,2.470394E-01,3.333301E-01,7.319279E+03,5.999624E+03,3.777216E-01,5.249016E-01,4.794451E+03,4.131378E+03,2.474229E-01,3.614515E-01,4.386942E+03,5.913071E+03,2.264088E-01,5.173061E-01,2.893393E+03,4.258631E+03,1.493266E-01,3.725676E-01,4.386939E+03,6.428521E+03,2.264086E-01,5.623999E-01,2.896725E+03,4.770845E+03,1.494986E-01,4.173783E-01,4.905213E+03,6.256723E+03,2.531457E-01,5.473865E-01,3.232951E+03,4.044969E+03,1.668436E-01,3.538864E-01,4.899549E+03,6.367189E+03,2.528534E-01,5.570508E-01,3.234530E+03,4.368529E+03,1.669251E-01,3.821936E-01
01:40:00,1.980252E+03,4.660122E+04,1.022091E-01,4.076678E+00,6.075454E+03,2.816291E+04,3.135796E-01,2.463694E+00,1.383369E+04,2.670478E+04,7.140144E-01,2.336137E+00,7.323402E+03,5.852153E+03,3.779344E-01,5.119995E-01,4.787023E+03,3.784426E+03,2.470395E-01,3.310972E-01,7.319281E+03,5.960850E+03,3.777217E-01,5.215092E-01,4.794452E+03,4.096368E+03,2.474229E-01,3.583884E-01,4.386969E+03,5.890237E+03,2.264102E-01,5.153083E-01,2.893410E+03,4.237588E+03,1.493275E-01,3.707265E-01,4.386966E+03,6.400262E+03,2.264100E-01,5.599274E-01,2.896741E+03,4.740913E+03,1.494994E-01,4.147596E-01,4.905225E+03,6.231204E+03,2.531463E-01,5.451538E-01,3.232959E+03,4.026823E+03,1.668440E-01,3.522987E-01,4.899561E+03,6.339853E+03,2.528540E-01,5.546591E-01,3.234537E+03,4.341037E+03,1.669255E-01,3.797882E-01
01:50:00,1.980515E+03,4.657408E+04,1.022227E-01,4.074303E+00,6.075505E+03,2.812599E+04,3.135822E-01,2.460463E+00,1.383370E+04,2.662294E+04,7.140149E-01,2.328977E+00,7.323404E+03,5.816336E+03,3.779345E-01,5.088658E-01,4.787024E+03,3.759789E+03,2.470396E-01,3.289417E-01,7.319283E+03,5.923415E+03,3.777218E-01,5.182340E-01,4.794454E+03,4.062648E+03,2.474230E-01,3.554383E-01,4.386996E+03,5.868066E+03,2.264115E-01,5.133686E-01,2.893426E+03,4.217036E+03,1.493283E-01,3.689284E-01,4.386993E+03,6.372696E+03,2.264114E-01,5.575158E-01,2.896758E+03,4.711763E+03,1.495003E-01,4.122093E-01,4.905236E+03,6.206522E+03,2.531469E-01,5.429943E-01,3.232966E+03,4.009238E+03,1.668444E-01,3.507602E-01,4.899572E+03,6.313358E+03,2.528546E-01,5.523411E-01,3.234545E+03,4.314484E+03,1.669259E-01,3.774652E-01
02:00:00,1.980778E+03,4.654738E+04,1.022362E-01,4.071966E+00,6.075555E+03,2.808950E+04,3.135848E-01,2.457271E+00,1.383371E+04,2.654335E+04,7.140154E-01,2.322014E+00,7.323406E+03,5.781808E+03,3.779346E-01,5.058450E-01,4.787025E+03,3.735998E+03,2.470397E-01,3.268603E-01,7.319286E+03,5.887262E+03,3.777220E-01,5.150710E-01,4.794455E+03,4.030152E+03,2.474231E-01,3.525952E-01,4.387022E+03,5.846532E+03,2.264129E-01,5.114846E-01,2.893442E+03,4.196959E+03,1.493292E-01,3.671720E-01,4.387019E+03,6.345801E+03,2.264128E-01,5.551629E-01,2.896774E+03,4.683358E+03,1.495011E-01,4.097244E-01,4.905248E+03,6.182637E+03,2.531475E-01,5.409047E-01,3.232973E+03,3.992190E+03,1.668448E-01,3.492687E-01,4.899584E+03,6.287668E+03,2.528552E-01,5.500935E-01,3.234552E+03,4.288823E+03,1.669262E-01,3.752201E-01
02:10:00,1.981038E+03,4.652106E+04,1.022497E-01,4.069664E+00,6.075605E+03,2.805338E+04,3.135874E-01,2.454111E+00,1.383372E+04,2.646582E+04,7.140160E-01,2.315231E+00,7.323408E+03,5.748348E+03,3.779347E-01,5.029177E-01,4.787027E+03,3.712909E+03,2.470397E-01,3.248403E-01,7.319288E+03,5.852171E+03,3.777221E-01,5.120010E-01,4.794457E+03,3.998707E+03,2.474232E-01,3.498442E-01,4.387048E+03,5.825509E+03,2.264143E-01,5.096454E-01,2.893458E+03,4.177276E+03,1.493300E-01,3.654500E-01,4.387046E+03,6.319452E+03,2.264141E-01,5.528577E-01,2.896790E+03,4.655600E+03,1.495020E-01,4.072959E-01,4.905259E+03,6.159377E+03,2.531481E-01,5.388698E-01,3.232980E+03,3.975566E+03,1.668451E-01,3.478143E-01,4.899595E+03,6.262612E+03,2.528558E-01,5.479014E-01,3.234559E+03,4.263914E+03,1.669266E-01,3.730409E-01
02:20:00,1.981297E+03,4.649509E+04,1.022630E-01,4.067392E+00,6.075654E+03,2.801760E+04,3.135899E-01,2.450981E+00,1.383373E+04,2.639024E+04,7.140165E-01,2.308619E+00,7.323411E+03,5.715913E+03,3.779348E-01,5.000800E-01,4.787028E+03,3.690498E+03,2.470398E-01,3.228796E-01,7.319290E+03,5.818106E+03,3.777222E-01,5.090207E-01,4.794458E+03,3.968269E+03,2.474232E-01,3.471812E-01,4.387075E+03,5.804980E+03,2.264156E-01,5.078494E-01,2.893474E+03,4.157975E+03,1.493308E-01,3.637615E-01,4.387072E+03,6.293633E+03,2.264155E-01,5.505990E-01,2.896806E+03,4.628461E+03,1.495028E-01,4.049217E-01,4.905270E+03,6.136720E+03,2.531487E-01,5.368875E-01,3.232988E+03,3.959354E+03,1.668455E-01,3.463960E-01,4.899607E+03,6.238172E+03,2.528564E-01,5.457632E-01,3.234566E+03,4.239727E+03,1.669270E-01,3.709249E-01
02:30:00,1.981555E+03,4.646945E+04,1.022763E-01,4.065149E+00,6.075704E+03,2.798213E+04,3.135925E-01,2.447878E+00,1.383374E+04,2.631651E+04,7.140170E-01,2.302169E+00,7.323413E+03,5.684466E+03,3.779350E-01,4.973288E-01,4.787030E+03,3.668741E+03,2.470399E-01,3.209761E-01,7.319292E+03,5.785033E+03,3.777223E-01,5.061272E-01,4.794459E+03,3.938794E+03,2.474233E-01,3.446026E-01,4.387101E+03,5.784928E+03,2.264170E-01,5.060951E-01,2.893490E+03,4.139047E+03,1.493317E-01,3.621056E-01,4.387098E+03,6.268330E+03,2.264168E-01,5.483853E-01,2.896822E+03,4.601919E+03,1.495036E-01,4.025997E-01,4.905282E+03,6.114645E+03,2.531493E-01,5.349562E-01,3.232995E+03,3.943542E+03,1.668459E-01,3.450126E-01,4.899618E+03,6.214329E+03,2.528570E-01,5.436773E-01,3.234573E+03,4.216234E+03,1.669273E-01,3.688695E-01
02:40:00,1.981811E+03,4.644411E+04,1.022896E-01,4.062933E+00,6.075753E+03,2.794695E+04,3.135950E-01,2.444800E+00,1.383375E+04,2.624454E+04,7.140175E-01,2.295873E+00,7.323415E+03,5.653970E+03,3.779351E-01,4.946607E-01,4.787031E+03,3.647619E+03,2.470400E-01,3.191281E-01,7.319295E+03,5.752920E+03,3.777224E-01,5.033177E-01,4.794461E+03,3.910245E+03,2.474234E-01,3.421049E-01,4.387126E+03,5.765336E+03,2.264183E-01,5.043812E-01,2.893506E+03,4.120482E+03,1.493325E-01,3.604814E-01,4.387124E+03,6.243531E+03,2.264181E-01,5.462157E-01,2.896838E+03,4.575953E+03,1.495044E-01,4.003281E-01,4.905293E+03,6.093135E+03,2.531498E-01,5.330744E-01,3.233002E+03,3.928120E+03,1.668462E-01,3.436634E-01,4.899629E+03,6.191070E+03,2.528575E-01,5.416425E-01,3.234581E+03,4.193406E+03,1.669277E-01,3.668724E-01
02:50:00,1.982066E+03,4.641901E+04,1.023027E-01,4.060736E+00,6.075801E+03,2.791193E+04,3.135975E-01,2.441736E+00,1.383376E+04,2.617393E+04,7.140180E-01,2.289696E+00,7.323417E+03,5.624320E+03,3.779352E-01,4.920668E-01,4.787032E+03,3.627063E+03,2.470400E-01,3.173297E-01,7.319297E+03,5.721663E+03,3.777225E-01,5.005831E-01,4.794462E+03,3.882529E+03,2.474234E-01,3.396800E-01,4.387152E+03,5.746176E+03,2.264196E-01,5.027050E-01,2.893522E+03,4.102258E+03,1.493333E-01,3.588872E-01,4.387149E+03,6.219202E+03,2.264195E-01,5.440874E-01,2.896854E+03,4.550525E+03,1.495052E-01,3.981035E-01,4.905304E+03,6.072137E+03,2.531504E-01,5.312374E-01,3.233009E+03,3.913054E+03,1.668466E-01,3.423453E-01,4.899640E+03,6.168342E+03,2.528581E-01,5.396540E-01,3.234588E+03,4.171189E+03,1.669281E-01,3.649287E-01
03:00:00,1.982319E+03,4.639414E+04,1.023158E-01,4.058561E+00,6.075850E+03,2.787710E+04,3.136000E-01,2.438689E+00,1.383377E+04,2.610470E+04,7.140185E-01,2.283640E+00,7.323419E+03,5.595503E+03,3.779353E-01,4.895456E-01,4.787034E+03,3.607066E+03,2.470401E-01,3.155802E-01,7.319299E+03,5.691251E+03,3.777226E-01,4.979224E-01,4.794464E+03,3.855626E+03,2.474235E-01,3.373263E-01,4.387178E+03,5.727439E+03,2.264209E-01,5.010658E-01,2.893538E+03,4.084373E+03,1.493341E-01,3.573224E-01,4.387175E+03,6.195340E+03,2.264208E-01,5.419998E-01,2.896869E+03,4.525624E+03,1.495060E-01,3.959250E-01,4.905315E+03,6.051650E+03,2.531510E-01,5.294451E-01,3.233016E+03,3.898344E+03,1.668470E-01,3.410584E-01,4.899651E+03,6.146145E+03,2.528587E-01,5.377121E-01,3.234595E+03,4.149571E+03,1.669284E-01,3.630374E-01
03:10:00,1.982571E+03,4.636952E+04,1.023288E-01,4.056407E+00,6.075898E+03,2.784250E+04,3.136025E-01,2.435663E+00,1.383378E+04,2.603689E+04,7.140190E-01,2.277708E+00,7.323422E+03,5.567353E+03,3.779354E-01,4.870828E-01,4.787035E+03,3.587521E+03,2.470402E-01,3.138703E-01,7.319301E+03,5.661523E+03,3.777228E-01,4.953216E-01,4.794465E+03,3.829418E+03,2.474236E-01,3.350334E-01,4.387203E+03,5.709022E+03,2.264222E-01,4.994546E-01,2.893553E+03,4.066757E+03,1.493349E-01,3.557814E-01,4.387200E+03,6.171841E+03,2.264221E-01,5.399441E-01,2.896885E+03,4.501172E+03,1.495068E-01,3.937859E-01,4.905326E+03,6.031536E+03,2.531516E-01,5.276854E-01,3.233023E+03,3.883900E+03,1.668473E-01,3.397947E-01,4.899662E+03,6.124344E+03,2.528593E-01,5.358048E-01,3.234602E+03,4.128452E+03,1.669288E-01,3.611898E-01
03:20:00,1.982821E+03,4.634514E+04,1.023417E-01,4.054274E+00,6.075946E+03,2.780814E+04,3.136050E-01,2.432657E+00,1.383379E+04,2.597047E+04,7.140195E-01,2.271897E+00,7.323424E+03,5.539852E+03,3.779355E-01,4.846768E-01,4.787037E+03,3.568415E+03,2.470402E-01,3.121987E-01,7.319303E+03,5.632461E+03,3.777229E-01,4.927790E-01,4.794466E+03,3.803881E+03,2.474237E-01,3.327993E-01,4.387228E+03,5.690915E+03,2.264236E-01,4.978705E-01,2.893569E+03,4.049407E+03,1.493357E-01,3.542635E-01,4.387225E+03,6.148699E+03,2.264234E-01,5.379194E-01,2.896900E+03,4.477156E+03,1.495076E-01,3.916849E-01,4.905337E+03,6.011787E+03,2.531521E-01,5.259576E-01,3.233030E+03,3.869716E+03,1.668477E-01,3.385538E-01,4.899673E+03,6.102930E+03,2.528598E-01,5.339314E-01,3.234609E+03,4.107817E+03,1.669292E-01,3.593845E-01
03:30:00,1.983070E+03,4.632100E+04,1.023545E-01,4.052162E+00,6.075993E+03,2.777401E+04,3.136074E-01,2.429672E+00,1.383380E+04,2.590539E+04,7.140200E-01,2.266204E+00,7.323426E+03,5.512974E+03,3.779356E-01,4.823254E-01,4.787038E+03,3.549733E+03,2.470403E-01,3.105643E-01,7.319305E+03,5.604041E+03,3.777230E-01,4.902926E-01,4.794468E+03,3.778989E+03,2.474237E-01,3.306215E-01,4.387253E+03,5.673107E+03,2.264248E-01,4.963126E-01,2.893584E+03,4.032315E+03,1.493365E-01,3.527682E-01,4.387251E+03,6.125902E+03,2.264247E-01,5.359251E-01,2.896916E+03,4.453562E+03,1.495084E-01,3.896208E-01,4.905348E+03,5.992389E+03,2.531527E-01,5.242605E-01,3.233037E+03,3.855784E+03,1.668480E-01,3.373350E-01,4.899684E+03,6.081893E+03,2.528604E-01,5.320909E-01,3.234616E+03,4.087647E+03,1.669295E-01,3.576199E-01
03:40:00,1.983317E+03,4.629708E+04,1.023673E-01,4.050070E+00,6.076040E+03,2.774012E+04,3.136098E-01,2.426706E+00,1.383381E+04,2.584159E+04,7.140205E-01,2.260623E+00,7.323428E+03,5.486696E+03,3.779357E-01,4.800263E-01,4.787039E+03,3.531461E+03,2.470404E-01,3.089657E-01,7.319307E+03,5.576241E+03,3.777231E-01,4.878605E-01,4.794469E+03,3.754715E+03,2.474238E-01,3.284978E-01,4.387278E+03,5.655589E+03,2.264261E-01,4.947800E-01,2.893599E+03,4.015475E+03,1.493373E-01,3.512950E-01,4.387276E+03,6.103442E+03,2.264260E-01,5.339602E-01,2.896931E+03,4.430376E+03,1.495092E-01,3.875924E-01,4.905359E+03,5.973330E+03,2.531532E-01,5.225931E-01,3.233044E+03,3.842098E+03,1.668484E-01,3.361376E-01,4.899695E+03,6.061221E+03,2.528609E-01,5.302824E-01,3.234622E+03,4.067926E+03,1.669299E-01,3.558946E-01
03:50:00,1.983563E+03,4.627338E+04,1.023800E-01,4.047997E+00,6.076087E+03,2.770645E+04,3.136123E-01,2.423761E+00,1.383381E+04,2.577904E+04,7.140210E-01,2.255151E+00,7.323430E+03,5.460990E+03,3.779358E-01,4.777774E-01,4.787041E+03,3.513582E+03,2.470404E-01,3.074015E-01,7.319310E+03,5.549036E+03,3.777232E-01,4.854803E-01,4.794470E+03,3.731034E+03,2.474239E-01,3.264260E-01,4.387303E+03,5.638348E+03,2.264274E-01,4.932717E-01,2.893614E+03,3.998879E+03,1.493381E-01,3.498431E-01,4.387300E+03,6.081308E+03,2.264273E-01,5.320238E-01,2.896946E+03,4.407584E+03,1.495100E-01,3.855984E-01,4.905369E+03,5.954598E+03,2.531538E-01,5.209543E-01,3.233051E+03,3.828649E+03,1.668488E-01,3.349610E-01,4.899706E+03,6.040902E+03,2.528615E-01,5.285048E-01,3.234629E+03,4.048636E+03,1.669302E-01,3.542069E-01
04:00:00,1.983808E+03,4.624990E+04,1.023926E-01,4.045943E+00,6.076134E+03,2.767301E+04,3.136147E-01,2.420836E+00,1.383382E+04,2.571767E+04,7.140215E-01,2.249783E+00,7.323432E+03,5.435834E+03,3.779360E-01,4.755765E-01,4.787042E+03,3.496080E+03,2.470405E-01,3.058703E-01,7.319312E+03,5.522401E+03,3.777233E-01,4.831501E-01,4.794472E+03,3.707919E+03,2.474239E-01,3.244038E-01,4.387328E+03,5.621375E+03,2.264287E-01,4.917868E-01,2.893630E+03,3.982521E+03,1.493388E-01,3.484120E-01,4.387325E+03,6.059490E+03,2.264285E-01,5.301151E-01,2.896961E+03,4.385171E+03,1.495108E-01,3.836376E-01,4.905380E+03,5.936181E+03,2.531543E-01,5.193431E-01,3.233057E+03,3.815429E+03,1.668491E-01,3.338044E-01,4.899716E+03,6.020924E+03,2.528621E-01,5.267570E-01,3.234636E+03,4.029760E+03,1.669306E-01,3.525556E-01
04:10:00,1.984051E+03,4.622663E+04,1.024052E-01,4.043907E+00,6.076180E+03,2.763979E+04,3.136171E-01,2.417930E+00,1.383383E+04,2.565744E+04,7.140220E-01,2.244514E+00,7.323434E+03,5.411330E+03,3.779361E-01,4.734327E-01,4.787043E+03,3.479026E+03,2.470406E-01,3.043783E-01,7.319314E+03,5.496451E+03,3.777234E-01,4.808798E-01,4.794473E+03,3.685440E+03,2.474240E-01,3.224371E-01,4.387352E+03,5.604731E+03,2.264299E-01,4.903308E-01,2.893645E+03,3.966442E+03,1.493396E-01,3.470053E-01,4.387349E+03,6.038059E+03,2.264298E-01,5.282402E-01,2.896976E+03,4.363181E+03,1.495116E-01,3.817139E-01,4.905391E+03,5.918173E+03,2.531549E-01,5.177677E-01,3.233064E+03,3.802503E+03,1.668495E-01,3.326735E-01,4.899727E+03,6.001391E+03,2.528626E-01,5.250481E-01,3.234643E+03,4.011361E+03,1.669309E-01,3.509459E-01
04:20:00,1.984292E+03,4.620356E+04,1.024176E-01,4.041889E+00,6.076227E+03,2.760679E+04,3.136195E-01,2.415043E+00,1.383384E+04,2.559831E+04,7.140225E-01,2.239341E+00,7.323436E+03,5.387467E+03,3.779362E-01,4.713450E-01,4.787045E+03,3.462413E+03,2.470406E-01,3.029248E-01,7.319316E+03,5.471166E+03,3.777235E-01,4.786676E-01,4.794474E+03,3.663572E+03,2.474241E-01,3.205239E-01,4.387377E+03,5.588418E+03,2.264312E-01,4.889036E-01,2.893659E+03,3.950641E+03,1.493404E-01,3.456230E-01,4.387374E+03,6.017008E+03,2.264311E-01,5.263986E-01,2.896991E+03,4.341599E+03,1.495123E-01,3.798258E-01,4.905401E+03,5.900576E+03,2.531554E-01,5.162281E-01,3.233071E+03,3.789869E+03,1.668498E-01,3.315683E-01,4.899738E+03,5.982297E+03,2.528631E-01,5.233777E-01,3.234650E+03,3.993424E+03,1.669313E-01,3.493766E-01
04:30:00,1.984533E+03,4.618069E+04,1.024300E-01,4.039888E+00,6.076272E+03,2.757402E+04,3.136218E-01,2.412176E+00,1.383385E+04,2.554023E+04,7.140230E-01,2.234261E+00,7.323438E+03,5.364242E+03,3.779363E-01,4.693131E-01,4.787046E+03,3.446238E+03,2.470407E-01,3.015097E-01,7.319318E+03,5.446542E+03,3.777236E-01,4.765133E-01,4.794476E+03,3.642308E+03,2.474241E-01,3.186635E-01,4.387401E+03,5.572440E+03,2.264325E-01,4.875059E-01,2.893674E+03,3.935121E+03,1.493412E-01,3.442652E-01,4.387398E+03,5.996343E+03,2.264323E-01,5.245907E-01,2.897006E+03,4.320425E+03,1.495131E-01,3.779734E-01,4.905412E+03,5.883394E+03,2.531560E-01,5.147250E-01,3.233078E+03,3.777533E+03,1.668501E-01,3.304891E-01,4.899748E+03,5.963646E+03,2.528637E-01,5.217459E-01,3.234656E+03,3.975946E+03,1.669316E-01,3.478476E-01
04:40:00,1.984771E+03,4.615802E+04,1.024423E-01,4.037905E+00,6.076318E+03,2.754146E+04,3.136242E-01,2.409328E+00,1.383386E+04,2.548319E+04,7.140234E-01,2.229270E+00,7.323441E+03,5.341640E+03,3.779364E-01,4.673357E-01,4.787047E+03,3.430492E+03,2.470408E-01,3.001321E-01,7.319320E+03,5.422564E+03,3.777237E-01,4.744156E-01,4.794477E+03,3.621630E+03,2.474242E-01,3.168544E-01,4.387425E+03,5.556793E+03,2.264337E-01,4.861369E-01,2.893689E+03,3.919879E+03,1.493419E-01,3.429318E-01,4.387422E+03,5.976057E+03,2.264335E-01,5.228160E-01,2.897021E+03,4.299649E+03,1.495139E-01,3.761558E-01,4.905422E+03,5.866622E+03,2.531565E-01,5.132576E-01,3.233084E+03,3.765490E+03,1.668505E-01,3.294355E-01,4.899759E+03,5.945430E+03,2.528642E-01,5.201523E-01,3.234663E+03,3.958917E+03,1.669320E-01,3.463577E-01
04:50:00,1.985009E+03,4.613555E+04,1.024546E-01,4.035939E+00,6.076363E+03,2.750913E+04,3.136265E-01,2.406500E+00,1.383387E+04,2.542716E+04,7.140239E-01,2.224368E+00,7.323443E+03,5.319649E+03,3.779365E-01,4.654117E-01,4.787048E+03,3.415168E+03,2.470409E-01,2.987915E-01,7.319322E+03,5.399222E+03,3.777238E-01,4.723734E-01,4.794478E+03,3.601524E+03,2.474243E-01,3.150954E-01,4.387449E+03,5.541470E+03,2.264349E-01,4.847965E-01,2.893704E+03,3.904911E+03,1.493427E-01,3.416223E-01,4.387446E+03,5.956146E+03,2.264348E-01,5.210741E-01,2.897035E+03,4.279263E+03,1.495146E-01,3.743723E-01,4.905433E+03,5.850252E+03,2.531571E-01,5.118254E-01,3.233091E+03,3.753736E+03,1.668508E-01,3.284071E-01,4.899769E+03,5.927645E+03,2.528648E-01,5.185964E-01,3.234669E+03,3.942326E+03,1.669323E-01,3.449062E-01
05:00:00,1.985245E+03,4.611340E+04,1.024668E-01,4.034002E+00,6.076408E+03,2.747717E+04,3.136288E-01,2.403704E+00,1.383388E+04,2.537228E+04,7.140244E-01,2.219568E+00,7.323445E+03,5.307238E+03,3.779366E-01,4.643259E-01,4.787050E+03,3.408767E+03,2.470409E-01,2.982314E-01,7.319324E+03,5.381238E+03,3.777239E-01,4.708000E-01,4.794480E+03,3.585147E+03,2.474243E-01,3.136626E-01,4.387473E+03,5.533918E+03,2.264362E-01,4.841358E-01,2.893718E+03,3.897398E+03,1.493434E-01,3.409651E-01,4.387470E+03,5.940498E+03,2.264360E-01,5.197052E-01,2.897050E+03,4.261890E+03,1.495154E-01,3.728525E-01,4.905443E+03,5.843474E+03,2.531576E-01,5.112325E-01,3.233097E+03,3.750976E+03,1.668512E-01,3.281656E-01,4.899779E+03,5.915129E+03,2.528653E-01,5.175014E-01,3.234676E+03,3.929403E+03,1.669326E-01,3.437757E-01
05:10:00,1.985480E+03,4.085234E+04,1.024789E-01,3.532828E+00,6.076453E+03,2.299583E+04,3.136311E-01,2.009840E+00,1.383389E+04,2.112059E+04,7.140249E-01,1.847630E+00,7.323447E+03,4.415257E+03,3.779367E-01,3.862872E-01,4.787051E+03,2.835827E+03,2.470410E-01,2.481052E-01,7.319326E+03,4.475658E+03,3.777240E-01,3.915716E-01,4.794481E+03,2.979978E+03,2.474244E-01,2.607167E-01,4.387496E+03,4.606579E+03,2.264374E-01,4.030074E-01,2.893733E+03,3.242893E+03,1.493442E-01,2.837055E-01,4.387493E+03,4.942904E+03,2.264372E-01,4.324306E-01,2.897064E+03,3.564231E+03,1.495161E-01,3.114733E-01,4.905453E+03,4.864426E+03,2.531581E-01,4.255778E-01,3.233104E+03,3.122475E+03,1.668515E-01,2.731794E-01,4.899789E+03,4.922830E+03,2.528658E-01,4.306874E-01,3.234682E+03,3.268287E+03,1.669330E-01,2.859360E-01
05:20:00,1.985713E+03,3.659606E+04,1.024909E-01,3.103316E+00,6.076498E+03,1.923736E+04,3.136334E-01,1.667363E+00,1.383390E+04,1.761890E+04,7.140253E-01,1.528872E+00,7.323449E+03,3.593473E+03,3.779368E-01,3.133153E-01,4.787052E+03,2.342811E+03,2.470410E-01,2.036711E-01,7.319328E+03,3.606820E+03,3.777242E-01,3.150403E-01,4.794482E+03,2.409872E+03,2.474245E-01,2.103314E-01,4.387520E+03,3.777270E+03,2.264386E-01,3.288826E-01,2.893747E+03,2.702357E+03,1.493449E-01,2.345865E-01,4.387517E+03,4.045598E+03,2.264384E-01,3.523284E-01,2.897079E+03,2.945277E+03,1.495169E-01,2.557347E-01,4.905463E+03,4.030314E+03,2.531586E-01,3.502027E-01,3.233110E+03,2.606508E+03,1.668518E-01,2.262214E-01,4.899800E+03,4.046226E+03,2.528663E-01,3.521109E-01,3.234689E+03,2.694485E+03,1.669333E-01,2.342981E-01
05:30:00,1.985945E+03,3.293797E+04,1.025029E-01,2.715188E+00,6.076542E+03,1.617220E+04,3.136357E-01,1.373457E+00,1.383391E+04,1.461042E+04,7.140258E-01,1.245454E+00,7.323451E+03,2.891153E+03,3.779369E-01,2.489777E-01,4.787054E+03,1.972239E+03,2.470411E-01,1.679466E-01,7.319330E+03,2.834172E+03,3.777243E-01,2.455080E-01,4.794483E+03,1.905886E+03,2.474245E-01,1.647548E-01,4.387543E+03,3.041567E+03,2.264398E-01,2.615377E-01,2.893762E+03,2.278091E+03,1.493457E-01,1.936674E-01,4.387540E+03,3.228097E+03,2.264396E-01,2.780356E-01,2.897093E+03,2.395673E+03,1.495176E-01,2.049382E-01,4.905473E+03,3.337991E+03,2.531592E-01,2.849301E-01,3.233117E+03,2.234969E+03,1.668522E-01,1.894603E-01,4.899810E+03,3.273782E+03,2.528669E-01,2.810512E-01,3.234695E+03,2.193465E+03,1.669336E-01,1.879066E-01
05:40:00,1.986175E+03,2.960151E+04,1.025148E-01,2.349448E+00,6.076586E+03,1.372863E+04,3.136380E-01,1.123445E+00,1.383392E+04,1.215715E+04,7.140262E-01,1.000791E+00,7.323453E+03,2.358343E+03,3.779370E-01,1.964529E-01,4.787055E+03,1.754568E+03,2.470412E-01,1.429964E-01,7.319332E+03,2.207654E+03,3.777244E-01,1.861543E-01,4.794485E+03,1.495704E+03,2.474246E-01,1.257275E-01,4.387566E+03,2.463089E+03,2.264410E-01,2.051398E-01,2.893776E+03,1.988646E+03,1.493464E-01,1.622667E-01,4.387563E+03,2.549601E+03,2.264408E-01,2.134307E-01,2.897107E+03,1.932341E+03,1.495183E-01,1.602448E-01,4.905484E+03,2.815984E+03,2.531597E-01,2.316350E-01,3.233123E+03,2.014876E+03,1.668525E-01,1.633617E-01,4.899820E+03,2.643300E+03,2.528674E-01,2.198997E-01,3.234702E+03,1.782516E+03,1.669340E-01,1.478443E-01
05:50:00,1.986405E+03,2.644699E+04,1.025266E-01,1.996592E+00,6.076629E+03,1.115113E+04,3.136403E-01,8.640815E-01,1.383392E+04,9.726288E+03,7.140267E-01,7.578242E-01,7.323454E+03,1.901122E+03,3.779371E-01,1.493041E-01,4.787056E+03,1.612250E+03,2.470412E-01,1.233955E-01,7.319334E+03,1.643811E+03,3.777245E-01,1.312731E-01,4.794486E+03,1.120145E+03,2.474247E-01,8.918870E-02,4.387589E+03,1.937828E+03,2.264422E-01,1.525243E-01,2.893790E+03,1.756185E+03,1.493471E-01,1.349240E-01,4.387586E+03,1.910856E+03,2.264420E-01,1.516730E-01,2.897121E+03,1.473011E+03,1.495191E-01,1.158868E-01,4.905494E+03,2.330408E+03,2.531602E-01,1.809472E-01,3.233130E+03,1.868503E+03,1.668528E-01,1.424920E-01,4.899830E+03,2.045778E+03,2.528679E-01,1.611110E-01,3.234708E+03,1.385889E+03,1.669343E-01,1.088320E-01
06:00:00,1.986633E+03,2.338165E+04,1.025384E-01,1.650081E+00,6.076673E+03,8.745726E+03,3.136425E-01,6.169365E-01,1.383393E+04,7.407857E+03,7.140272E-01,5.229265E-01,7.323456E+03,1.479149E+03,3.779372E-01,1.045446E-01,4.787057E+03,1.567140E+03,2.470413E-01,1.105431E-01,7.319336E+03,1.087568E+03,3.777246E-01,7.690796E-02,4.794487E+03,7.543084E+02,2.474247E-01,5.333355E-02,4.387612E+03,1.429135E+03,2.264434E-01,1.009904E-01,2.893804E+03,1.608461E+03,1.493478E-01,1.134727E-01,4.387609E+03,1.284474E+03,2.264432E-01,9.077363E-02,2.897135E+03,1.036078E+03,1.495198E-01,7.311717E-02,4.905504E+03,1.899943E+03,2.531607E-01,1.340311E-01,3.233136E+03,1.824855E+03,1.668532E-01,1.287474E-01,4.899840E+03,1.475201E+03,2.528684E-01,1.041862E-01,3.234714E+03,1.011737E+03,1.669346E-01,7.139226E-02
06:10:00,1.986859E+03,2.598908E+04,1.025501E-01,1.833452E+00,6.076716E+03,1.123087E+04,3.136447E-01,7.920480E-01,1.383394E+04,9.748398E+03,7.140276E-01,6.879054E-01,7.323458E+03,2.063680E+03,3.779373E-01,1.457505E-01,4.787059E+03,2.238492E+03,2.470414E-01,1.578715E-01,7.319338E+03,1.538581E+03,3.777247E-01,1.087011E-01,4.794488E+03,1.053201E+03,2.474248E-01,7.440337E-02,4.387635E+03,1.949082E+03,2.264445E-01,1.376420E-01,2.893818E+03,2.236472E+03,1.493486E-01,1.577429E-01,4.387632E+03,1.746478E+03,2.264444E-01,1.233406E-01,2.897149E+03,1.345725E+03,1.495205E-01,9.493913E-02,4.905513E+03,2.560977E+03,2.531612E-01,1.806296E-01,3.233142E+03,2.554182E+03,1.668535E-01,1.801617E-01,4.899850E+03,1.997930E+03,2.528689E-01,1.410346E-01,3.234721E+03,1.357261E+03,1.669349E-01,9.574909E-02
06:20:00,1.987084E+03,3.343703E+04,1.025617E-01,2.453745E+00,6.076759E+03,1.853410E+04,3.136469E-01,1.362772E+00,1.383395E+04,1.668203E+04,7.140281E-01,1.225508E+00,7.323460E+03,3.904661E+03,3.779374E-01,2.901785E-01,4.787060E+03,3.885838E+03,2.470414E-01,2.909518E-01,7.319340E+03,3.212364E+03,3.777248E-01,2.384147E-01,4.794490E+03,2.133903E+03,2.474249E-01,1.584915E-01,4.387658E+03,3.567576E+03,2.264457E-01,2.635549E-01,2.893832E+03,3.718799E+03,1.493493E-01,2.772015E-01,4.387655E+03,3.273634E+03,2.264456E-01,2.413869E-01,2.897163E+03,2.373797E+03,1.495212E-01,1.754778E-01,4.905523E+03,4.456135E+03,2.531617E-01,3.306421E-01,3.233148E+03,4.239372E+03,1.668538E-01,3.168831E-01,4.899860E+03,3.688338E+03,2.528694E-01,2.733839E-01,3.234727E+03,2.451585E+03,1.669353E-01,1.817991E-01
06:30:00,1.987308E+03,3.577475E+04,1.025733E-01,2.726377E+00,6.076802E+03,2.016098E+04,3.136491E-01,1.530861E+00,1.383396E+04,1.823000E+04,7.140285E-01,1.381163E+00,7.323462E+03,4.686063E+03,3.779375E-01,3.614304E-01,4.787061E+03,4.896613E+03,2.470415E-01,3.826823E-01,7.319342E+03,3.851397E+03,3.777249E-01,2.962534E-01,4.794491E+03,2.555382E+03,2.474249E-01,1.968473E-01,4.387680E+03,4.217795E+03,2.264469E-01,3.234196E-01,2.893846E+03,4.596101E+03,1.493500E-01,3.577529E-01,4.387677E+03,3.862929E+03,2.264467E-01,2.957134E-01,2.897177E+03,2.787885E+03,1.495219E-01,2.144175E-01,4.905533E+03,5.242237E+03,2.531622E-01,4.041155E-01,3.233155E+03,5.254983E+03,1.668541E-01,4.099886E-01,4.899869E+03,4.339993E+03,2.528699E-01,3.338729E-01,3.234733E+03,2.878667E+03,1.669356E-01,2.217199E-01
06:40:00,1.987531E+03,4.097659E+04,1.025848E-01,3.255354E+00,6.076844E+03,2.459234E+04,3.136513E-01,1.954789E+00,1.383397E+04,2.275836E+04,7.140290E-01,1.807376E+00,7.323464E+03,5.974851E+03,3.779376E-01,4.801030E-01,4.787062E+03,6.216484E+03,2.470416E-01,5.040756E-01,7.319344E+03,5.070156E+03,3.777250E-01,4.074274E-01,4.794492E+03,3.334400E+03,2.474250E-01,2.681478E-01,4.387703E+03,5.441075E+03,2.264480E-01,4.362347E-01,2.893859E+03,5.791228E+03,1.493507E-01,4.683978E-01,4.387700E+03,5.065957E+03,2.264479E-01,4.062132E-01,2.897191E+03,3.573331E+03,1.495226E-01,2.872958E-01,4.905543E+03,6.504545E+03,2.531627E-01,5.221859E-01,3.233161E+03,6.570789E+03,1.668544E-01,5.319604E-01,4.899879E+03,5.550163E+03,2.528704E-01,4.457465E-01,3.234739E+03,3.650148E+03,1.669359E-01,2.933287E-01
06:50:00,1.987752E+03,4.516260E+04,1.025962E-01,3.698520E+00,6.076886E+03,2.820056E+04,3.136535E-01,2.304362E+00,1.383398E+04,2.630683E+04,7.140294E-01,2.148153E+00,7.323466E+03,6.991585E+03,3.779377E-01,5.762203E-01,4.787063E+03,7.429244E+03,2.470416E-01,6.173476E-01,7.319345E+03,6.033651E+03,3.777250E-01,4.972906E-01,4.794493E+03,3.956552E+03,2.474250E-01,3.262715E-01,4.387725E+03,6.405195E+03,2.264492E-01,5.272586E-01,2.893873E+03,6.858240E+03,1.493514E-01,5.687667E-01,4.387722E+03,6.027284E+03,2.264490E-01,4.962065E-01,2.897205E+03,4.230055E+03,1.495233E-01,3.489325E-01,4.905552E+03,7.533881E+03,2.531632E-01,6.204621E-01,3.233167E+03,7.776603E+03,1.668548E-01,6.455358E-01,4.899889E+03,6.533507E+03,2.528709E-01,5.383057E-01,3.234745E+03,4.284481E+03,1.669362E-01,3.531475E-01
07:00:00,1.987972E+03,4.919337E+04,1.026076E-01,4.129566E+00,6.076928E+03,3.159033E+04,3.136557E-01,2.637666E+00,1.383399E+04,2.972723E+04,7.140298E-01,2.479495E+00,7.323468E+03,7.954100E+03,3.779378E-01,6.682844E-01,4.787065E+03,8.609704E+03,2.470417E-01,7.295469E-01,7.319347E+03,6.992852E+03,3.777251E-01,5.869230E-01,4.794494E+03,4.568786E+03,2.474251E-01,3.836919E-01,4.387747E+03,7.337642E+03,2.264503E-01,6.158770E-01,2.893887E+03,7.865372E+03,1.493521E-01,6.654170E-01,4.387744E+03,6.975116E+03,2.264502E-01,5.852403E-01,2.897218E+03,4.860468E+03,1.495240E-01,4.086370E-01,4.905562E+03,8.480016E+03,2.531637E-01,7.125056E-01,3.233173E+03,8.938332E+03,1.668551E-01,7.571143E-01,4.899898E+03,7.485283E+03,2.528714E-01,6.285933E-01,3.234752E+03,4.890993E+03,1.669365E-01,4.109240E-01
07:10:00,1.988191E+03,5.274789E+04,1.026189E-01,4.526258E+00,6.076970E+03,3.449531E+04,3.136578E-01,2.935967E+00,1.383399E+04,3.266748E+04,7.140303E-01,2.776526E+00,7.323470E+03,8.781957E+03,3.779379E-01,7.506586E-01,4.787066E+03,9.712789E+03,2.470417E-01,8.374776E-01,7.319349E+03,7.841659E+03,3.777252E-01,6.688614E-01,4.794496E+03,5.109692E+03,2.474252E-01,4.361028E-01,4.387769E+03,8.152401E+03,2.264515E-01,6.960037E-01,2.893900E+03,8.772008E+03,1.493528E-01,7.554183E-01,4.387766E+03,7.818579E+03,2.264513E-01,6.668937E-01,2.897232E+03,5.424513E+03,1.495247E-01,4.636021E-01,4.905571E+03,9.291621E+03,2.531642E-01,7.947565E-01,3.233179E+03,1.001916E+04,1.668554E-01,8.640810E-01,4.899908E+03,8.325973E+03,2.528719E-01,7.110387E-01,3.234758E+03,5.426229E+03,1.669368E-01,4.636302E-01
07:20:00,1.988409E+03,5.042456E+04,1.026301E-01,4.411520E+00,6.077011E+03,3.182648E+04,3.136600E-01,2.784397E+00,1.383400E+04,3.025748E+04,7.140307E-01,2.647130E+00,7.323472E+03,8.278148E+03,3.779380E-01,7.243045E-01,4.787067E+03,9.828804E+03,2.470418E-01,8.599880E-01,7.319351E+03,7.442885E+03,3.777253E-01,6.512258E-01,4.794497E+03,4.840347E+03,2.474252E-01,4.235138E-01,4.387791E+03,7.763611E+03,2.264526E-01,6.792550E-01,2.893913E+03,8.733577E+03,1.493535E-01,7.641218E-01,4.387788E+03,7.500996E+03,2.264524E-01,6.562794E-01,2.897245E+03,5.193219E+03,1.495254E-01,4.543663E-01,4.905581E+03,8.711657E+03,2.531647E-01,7.622190E-01,3.233185E+03,1.009407E+04,1.668557E-01,8.831793E-01,4.899917E+03,7.888414E+03,2.528724E-01,6.901938E-01,3.234764E+03,5.127595E+03,1.669372E-01,4.486375E-01
07:30:00,1.988625E+03,5.258701E+04,1.026412E-01,4.600762E+00,6.077053E+03,3.411461E+04,3.136621E-01,2.984610E+00,1.383401E+04,3.274011E+04,7.140311E-01,2.864358E+00,7.323473E+03,8.713091E+03,3.779381E-01,7.623726E-01,4.787068E+03,1.052492E+04,2.470419E-01,9.209111E-01,7.319353E+03,7.997076E+03,3.777254E-01,6.997262E-01,4.794498E+03,5.172651E+03,2.474253E-01,4.525963E-01,4.387813E+03,8.244793E+03,2.264537E-01,7.213640E-01,2.893927E+03,9.202859E+03,1.493542E-01,8.051913E-01,4.387810E+03,8.047794E+03,2.264536E-01,7.041289E-01,2.897258E+03,5.509974E+03,1.495261E-01,4.820863E-01,4.905590E+03,9.090120E+03,2.531652E-01,7.953448E-01,3.233191E+03,1.075357E+04,1.668560E-01,9.408966E-01,4.899927E+03,8.392965E+03,2.528729E-01,7.343504E-01,3.234770E+03,5.427542E+03,1.669375E-01,4.748886E-01
07:40:00,1.988840E+03,5.154201E+04,1.026523E-01,4.509372E+00,6.077094E+03,3.295551E+04,3.136642E-01,2.883240E+00,1.383402E+04,3.169318E+04,7.140316E-01,2.772802E+00,7.323475E+03,8.473604E+03,3.779382E-01,7.414234E-01,4.787069E+03,1.081121E+04,2.470419E-01,9.459622E-01,7.319355E+03,7.841690E+03,3.777255E-01,6.861375E-01,4.794499E+03,5.063695E+03,2.474253E-01,4.430671E-01,4.387834E+03,7.993297E+03,2.264548E-01,6.993659E-01,2.893940E+03,9.239104E+03,1.493549E-01,8.083642E-01,4.387831E+03,7.849545E+03,2.264547E-01,6.867903E-01,2.897271E+03,5.373752E+03,1.495268E-01,4.701716E-01,4.905600E+03,8.817001E+03,2.531657E-01,7.714534E-01,3.233197E+03,1.100686E+04,1.668563E-01,9.630607E-01,4.899936E+03,8.206256E+03,2.528734E-01,7.180207E-01,3.234776E+03,5.298575E+03,1.669378E-01,4.636085E-01
07:50:00,1.989054E+03,5.131388E+04,1.026634E-01,4.489421E+00,6.077134E+03,3.273727E+04,3.136663E-01,2.864157E+00,1.383403E+04,3.161576E+04,7.140320E-01,2.766040E+00,7.323477E+03,8.437132E+03,3.779383E-01,7.382265E-01,4.787070E+03,1.116915E+04,2.470420E-01,9.772739E-01,7.319357E+03,7.896593E+03,3.777256E-01,6.909358E-01,4.794500E+03,5.088297E+03,2.474254E-01,4.452161E-01,4.387856E+03,7.947816E+03,2.264559E-01,6.953834E-01,2.893953E+03,9.368958E+03,1.493555E-01,8.197219E-01,4.387853E+03,7.861907E+03,2.264558E-01,6.878688E-01,2.897285E+03,5.367849E+03,1.495275E-01,4.696531E-01,4.905609E+03,8.739352E+03,2.531662E-01,7.646554E-01,3.233203E+03,1.132941E+04,1.668566E-01,9.912778E-01,4.899945E+03,8.223823E+03,2.528739E-01,7.195535E-01,3.234782E+03,5.299083E+03,1.669381E-01,4.636502E-01
08:00:00,1.989266E+03,5.113940E+04,1.026743E-01,4.474160E+00,6.077175E+03,3.255403E+04,3.136684E-01,2.848134E+00,1.383404E+04,3.157192E+04,7.140324E-01,2.762213E+00,7.323479E+03,8.422462E+03,3.779384E-01,7.369414E-01,4.787072E+03,1.148962E+04,2.470420E-01,1.005311E+00,7.319358E+03,7.963508E+03,3.777257E-01,6.967891E-01,4.794501E+03,5.122212E+03,2.474255E-01,4.481827E-01,4.387877E+03,7.913683E+03,2.264570E-01,6.923960E-01,2.893966E+03,9.490178E+03,1.493562E-01,8.303261E-01,4.387874E+03,7.881990E+03,2.264569E-01,6.896249E-01,2.897298E+03,5.369544E+03,1.495282E-01,4.698009E-01,4.905618E+03,8.684704E+03,2.531666E-01,7.598732E-01,3.233209E+03,1.161356E+04,1.668569E-01,1.016137E+00,4.899955E+03,8.253705E+03,2.528743E-01,7.221670E-01,3.234787E+03,5.309172E+03,1.669384E-01,4.645324E-01
08:10:00,1.989477E+03,5.099943E+04,1.026852E-01,4.461916E+00,6.077215E+03,3.240780E+04,3.136705E-01,2.835346E+00,1.383404E+04,3.157050E+04,7.140328E-01,2.762095E+00,7.323481E+03,8.432515E+03,3.779385E-01,7.378213E-01,4.787073E+03,1.177095E+04,2.470421E-01,1.029925E+00,7.319360E+03,8.047927E+03,3.777258E-01,7.041755E-01,4.794502E+03,5.165246E+03,2.474255E-01,4.519482E-01,4.387898E+03,7.895945E+03,2.264581E-01,6.908440E-01,2.893979E+03,9.606155E+03,1.493569E-01,8.404726E-01,4.387895E+03,7.915474E+03,2.264580E-01,6.925546E-01,2.897311E+03,5.378627E+03,1.495288E-01,4.705957E-01,4.905628E+03,8.654345E+03,2.531671E-01,7.572174E-01,3.233215E+03,1.185753E+04,1.668572E-01,1.037482E+00,4.899964E+03,8.299975E+03,2.528748E-01,7.262156E-01,3.234793E+03,5.327684E+03,1.669387E-01,4.661523E-01
08:20:00,1.989687E+03,5.088735E+04,1.026961E-01,4.452113E+00,6.077255E+03,3.229128E+04,3.136725E-01,2.825155E+00,1.383405E+04,3.160506E+04,7.140332E-01,2.765123E+00,7.323482E+03,8.466252E+03,3.779385E-01,7.407739E-01,4.787074E+03,1.201274E+04,2.470422E-01,1.051079E+00,7.319362E+03,8.152655E+03,3.777259E-01,7.133393E-01,4.794504E+03,5.215990E+03,2.474256E-01,4.563884E-01,4.387919E+03,7.894007E+03,2.264592E-01,6.906749E-01,2.893992E+03,9.720308E+03,1.493576E-01,8.504597E-01,4.387917E+03,7.963689E+03,2.264591E-01,6.967733E-01,2.897324E+03,5.393645E+03,1.495295E-01,4.719099E-01,4.905637E+03,8.647042E+03,2.531676E-01,7.565793E-01,3.233221E+03,1.206103E+04,1.668575E-01,1.055285E+00,4.899973E+03,8.365192E+03,2.528753E-01,7.319224E-01,3.234799E+03,5.353048E+03,1.669390E-01,4.683720E-01
08:30:00,1.989896E+03,5.079947E+04,1.027069E-01,4.444426E+00,6.077295E+03,3.220040E+04,3.136746E-01,2.817207E+00,1.383406E+04,3.167181E+04,7.140336E-01,2.770965E+00,7.323484E+03,8.520677E+03,3.779386E-01,7.455368E-01,4.787075E+03,1.221327E+04,2.470422E-01,1.068622E+00,7.319364E+03,8.280146E+03,3.777260E-01,7.244949E-01,4.794505E+03,5.272975E+03,2.474256E-01,4.613747E-01,4.387940E+03,7.906087E+03,2.264603E-01,6.917323E-01,2.894005E+03,9.834798E+03,1.493582E-01,8.604764E-01,4.387937E+03,8.027803E+03,2.264602E-01,7.023832E-01,2.897336E+03,5.413263E+03,1.495302E-01,4.736266E-01,4.905646E+03,8.659680E+03,2.531681E-01,7.576859E-01,3.233226E+03,1.222251E+04,1.668578E-01,1.069412E+00,4.899982E+03,8.451654E+03,2.528758E-01,7.394879E-01,3.234805E+03,5.383718E+03,1.669393E-01,4.710558E-01
08:40:00,1.990104E+03,5.073313E+04,1.027176E-01,4.438623E+00,6.077334E+03,3.213229E+04,3.136766E-01,2.811249E+00,1.383407E+04,3.176772E+04,7.140341E-01,2.779359E+00,7.323486E+03,8.592407E+03,3.779387E-01,7.518136E-01,4.787076E+03,1.238137E+04,2.470423E-01,1.083328E+00,7.319365E+03,8.433224E+03,3.777261E-01,7.378894E-01,4.794506E+03,5.335016E+03,2.474257E-01,4.668033E-01,4.387961E+03,7.930207E+03,2.264614E-01,6.938431E-01,2.894018E+03,9.946399E+03,1.493589E-01,8.702403E-01,4.387958E+03,8.109333E+03,2.264612E-01,7.095170E-01,2.897349E+03,5.436451E+03,1.495308E-01,4.756555E-01,4.905655E+03,8.688813E+03,2.531685E-01,7.602355E-01,3.233232E+03,1.235092E+04,1.668581E-01,1.080646E+00,4.899991E+03,8.562104E+03,2.528762E-01,7.491524E-01,3.234811E+03,5.418499E+03,1.669396E-01,4.740991E-01
08:50:00,1.990310E+03,5.068515E+04,1.027282E-01,4.434426E+00,6.077373E+03,3.208361E+04,3.136786E-01,2.806992E+00,1.383408E+04,3.188917E+04,7.140345E-01,2.789985E+00,7.323488E+03,8.677667E+03,3.779388E-01,7.592743E-01,4.787077E+03,1.252400E+04,2.470423E-01,1.095806E+00,7.319367E+03,8.614876E+03,3.777262E-01,7.537840E-01,4.794507E+03,5.401139E+03,2.474258E-01,4.725890E-01,4.387982E+03,7.964097E+03,2.264624E-01,6.968086E-01,2.894031E+03,1.004943E+04,1.493595E-01,8.792546E-01,4.387979E+03,8.209942E+03,2.264623E-01,7.183201E-01,2.897362E+03,5.462402E+03,1.495315E-01,4.779262E-01,4.905664E+03,8.730628E+03,2.531690E-01,7.638948E-01,3.233238E+03,1.245343E+04,1.668584E-01,1.089613E+00,4.900000E+03,8.699481E+03,2.528767E-01,7.611729E-01,3.234816E+03,5.456448E+03,1.669399E-01,4.774196E-01
09:00:00,1.990515E+03,5.065187E+04,1.027388E-01,4.431515E+00,6.077412E+03,3.205063E+04,3.136807E-01,2.804107E+00,1.383408E+04,3.203168E+04,7.140349E-01,2.802455E+00,7.323490E+03,8.771395E+03,3.779389E-01,7.674757E-01,4.787078E+03,1.263953E+04,2.470424E-01,1.105913E+00,7.319369E+03,8.826785E+03,3.777263E-01,7.723263E-01,4.794508E+03,5.470539E+03,2.474258E-01,4.786615E-01,4.388002E+03,8.004310E+03,2.264635E-01,7.003273E-01,2.894043E+03,1.013994E+04,1.493602E-01,8.871734E-01,4.388000E+03,8.330170E+03,2.264634E-01,7.288396E-01,2.897375E+03,5.490476E+03,1.495321E-01,4.803826E-01,4.905673E+03,8.780025E+03,2.531694E-01,7.682173E-01,3.233243E+03,1.252858E+04,1.668587E-01,1.096188E+00,4.900009E+03,8.865425E+03,2.528772E-01,7.756930E-01,3.234822E+03,5.496818E+03,1.669402E-01,4.809519E-01
09:10:00,1.990719E+03,5.063000E+04,1.027493E-01,4.429602E+00,6.077451E+03,3.202996E+04,3.136827E-01,2.802300E+00,1.383409E+04,3.219091E+04,7.140353E-01,2.816386E+00,7.323491E+03,8.868653E+03,3.779390E-01,7.759859E-01,4.787079E+03,1.272486E+04,2.470424E-01,1.113379E+00,7.319371E+03,9.066004E+03,3.777264E-01,7.932581E-01,4.794509E+03,5.542120E+03,2.474259E-01,4.849246E-01,4.388023E+03,8.047002E+03,2.264646E-01,7.040628E-01,2.894056E+03,1.021523E+04,1.493608E-01,8.937599E-01,4.388020E+03,8.467187E+03,2.264644E-01,7.408282E-01,2.897387E+03,5.519895E+03,1.495328E-01,4.829566E-01,4.905682E+03,8.832186E+03,2.531699E-01,7.727816E-01,3.233249E+03,1.257352E+04,1.668590E-01,1.100118E+00,4.900018E+03,9.057025E+03,2.528776E-01,7.924580E-01,3.234828E+03,5.538641E+03,1.669405E-01,4.846113E-01
09:20:00,1.990922E+03,5.061690E+04,1.027598E-01,4.428457E+00,6.077490E+03,3.201889E+04,3.136847E-01,2.801332E+00,1.383410E+04,3.236323E+04,7.140357E-01,2.831463E+00,7.323493E+03,8.967769E+03,3.779391E-01,7.846584E-01,4.787081E+03,1.277821E+04,2.470425E-01,1.118045E+00,7.319372E+03,9.330168E+03,3.777264E-01,8.163724E-01,4.794510E+03,5.615289E+03,2.474259E-01,4.913267E-01,4.388043E+03,8.090888E+03,2.264656E-01,7.079027E-01,2.894068E+03,1.027358E+04,1.493615E-01,8.988648E-01,4.388040E+03,8.619119E+03,2.264655E-01,7.541217E-01,2.897400E+03,5.550226E+03,1.495334E-01,4.856104E-01,4.905690E+03,8.885394E+03,2.531704E-01,7.774373E-01,3.233255E+03,1.258659E+04,1.668593E-01,1.101262E+00,4.900027E+03,9.271908E+03,2.528781E-01,8.112601E-01,3.234833E+03,5.581409E+03,1.669407E-01,4.883533E-01
09:30:00,1.991123E+03,5.061050E+04,1.027702E-01,4.427896E+00,6.077528E+03,3.201532E+04,3.136866E-01,2.801020E+00,1.383411E+04,3.254574E+04,7.140361E-01,2.847432E+00,7.323495E+03,9.068017E+03,3.779392E-01,7.934298E-01,4.787082E+03,1.279817E+04,2.470426E-01,1.119791E+00,7.319374E+03,9.616934E+03,3.777265E-01,8.414643E-01,4.794511E+03,5.689526E+03,2.474260E-01,4.978222E-01,4.388064E+03,8.135397E+03,2.264667E-01,7.117971E-01,2.894081E+03,1.031368E+04,1.493621E-01,9.023726E-01,4.388061E+03,8.784335E+03,2.264665E-01,7.685774E-01,2.897412E+03,5.581110E+03,1.495341E-01,4.883125E-01,4.905699E+03,8.938950E+03,2.531708E-01,7.821232E-01,3.233260E+03,1.256654E+04,1.668596E-01,1.099506E+00,4.900036E+03,9.507776E+03,2.528785E-01,8.318982E-01,3.234839E+03,5.624697E+03,1.669410E-01,4.921409E-01
09:40:00,1.991324E+03,5.060919E+04,1.027805E-01,4.427782E+00,6.077566E+03,3.201762E+04,3.136886E-01,2.801222E+00,1.383411E+04,3.273607E+04,7.140365E-01,2.864083E+00,7.323496E+03,9.173552E+03,3.779393E-01,8.026637E-01,4.787083E+03,1.277834E+04,2.470426E-01,1.118055E+00,7.319376E+03,9.923963E+03,3.777266E-01,8.683289E-01,4.794512E+03,5.767511E+03,2.474260E-01,5.046456E-01,4.388084E+03,8.183869E+03,2.264677E-01,7.160380E-01,2.894093E+03,1.033049E+04,1.493628E-01,9.038426E-01,4.388081E+03,8.961348E+03,2.264675E-01,7.840651E-01,2.897424E+03,5.614784E+03,1.495347E-01,4.912587E-01,4.905708E+03,8.997079E+03,2.531713E-01,7.872093E-01,3.233266E+03,1.250726E+04,1.668599E-01,1.094318E+00,4.900044E+03,9.762388E+03,2.528790E-01,8.541762E-01,3.234844E+03,5.671317E+03,1.669413E-01,4.962198E-01
09:50:00,1.991523E+03,5.061178E+04,1.027908E-01,4.428009E+00,6.077604E+03,3.202457E+04,3.136906E-01,2.801830E+00,1.383412E+04,3.293209E+04,7.140369E-01,2.881234E+00,7.323498E+03,9.280771E+03,3.779394E-01,8.120451E-01,4.787084E+03,1.272177E+04,2.470427E-01,1.113103E+00,7.319378E+03,1.024756E+04,3.777267E-01,8.966428E-01,4.794514E+03,5.846846E+03,2.474261E-01,5.115871E-01,4.388104E+03,8.233666E+03,2.264687E-01,7.203950E-01,2.894105E+03,1.032617E+04,1.493634E-01,9.034641E-01,4.388101E+03,9.147780E+03,2.264686E-01,8.003768E-01,2.897437E+03,5.649428E+03,1.495353E-01,4.942898E-01,4.905717E+03,9.056524E+03,2.531717E-01,7.924105E-01,3.233271E+03,1.241191E+04,1.668601E-01,1.085975E+00,4.900053E+03,1.003221E+04,2.528794E-01,8.777847E-01,3.234850E+03,5.719035E+03,1.669416E-01,5.003950E-01
10:00:00,1.991721E+03,5.061729E+04,1.028011E-01,4.428491E+00,6.077642E+03,3.203510E+04,3.136925E-01,2.802752E+00,1.383413E+04,3.313223E+04,7.140373E-01,2.898744E+00,7.323500E+03,9.387855E+03,3.779394E-01,8.214144E-01,4.787085E+03,1.262970E+04,2.470427E-01,1.105046E+00,7.319379E+03,1.058426E+04,3.777268E-01,9.261030E-01,4.794515E+03,5.926243E+03,2.474261E-01,5.185341E-01,4.388123E+03,8.283417E+03,2.264698E-01,7.247478E-01,2.894117E+03,1.030132E+04,1.493640E-01,9.012896E-01,4.388121E+03,9.341595E+03,2.264696E-01,8.173344E-01,2.897449E+03,5.684177E+03,1.495359E-01,4.973301E-01,4.905725E+03,9.115557E+03,2.531722E-01,7.975755E-01,3.233277E+03,1.228192E+04,1.668604E-01,1.074601E+00,4.900062E+03,1.031398E+04,2.528799E-01,9.024389E-01,3.234855E+03,5.766714E+03,1.669419E-01,5.045666E-01
10:10:00,1.991918E+03,5.062493E+04,1.028112E-01,4.429160E+00,6.077679E+03,3.204835E+04,3.136944E-01,2.803911E+00,1.383414E+04,3.333526E+04,7.140377E-01,2.916507E+00,7.323501E+03,9.494098E+03,3.779395E-01,8.307102E-01,4.787086E+03,1.250257E+04,2.470428E-01,1.093922E+00,7.319381E+03,1.093070E+04,3.777269E-01,9.564157E-01,4.794516E+03,6.005226E+03,2.474262E-01,5.254448E-01,4.388143E+03,8.332773E+03,2.264708E-01,7.290661E-01,2.894129E+03,1.025586E+04,1.493646E-01,8.973118E-01,4.388140E+03,9.540918E+03,2.264706E-01,8.347739E-01,2.897461E+03,5.718726E+03,1.495366E-01,5.003529E-01,4.905734E+03,9.173661E+03,2.531726E-01,8.026593E-01,3.233282E+03,1.211791E+04,1.668607E-01,1.060250E+00,4.900070E+03,1.060459E+04,2.528803E-01,9.278658E-01,3.234861E+03,5.814002E+03,1.669422E-01,5.087041E-01
10:20:00,1.992114E+03,5.063406E+04,1.028213E-01,4.429959E+00,6.077716E+03,3.206358E+04,3.136964E-01,2.805244E+00,1.383414E+04,3.354001E+04,7.140380E-01,2.934420E+00,7.323503E+03,9.598992E+03,3.779396E-01,8.398879E-01,4.787087E+03,1.234128E+04,2.470428E-01,1.079810E+00,7.319383E+03,1.128351E+04,3.777270E-01,9.872847E-01,4.794517E+03,6.083399E+03,2.474263E-01,5.322846E-01,4.388163E+03,8.381406E+03,2.264718E-01,7.333211E-01,2.894141E+03,1.018983E+04,1.493653E-01,8.915341E-01,4.388160E+03,9.743925E+03,2.264716E-01,8.525355E-01,2.897473E+03,5.752837E+03,1.495372E-01,5.033373E-01,4.905742E+03,9.230554E+03,2.531730E-01,8.076371E-01,3.233288E+03,1.192095E+04,1.668610E-01,1.043017E+00,4.900079E+03,1.090090E+04,2.528807E-01,9.537915E-01,3.234866E+03,5.860620E+03,1.669424E-01,5.127829E-01
10:30:00,1.992308E+03,5.064416E+04,1.028314E-01,4.430842E+00,6.077753E+03,3.208018E+04,3.136983E-01,2.806697E+00,1.383415E+04,3.374524E+04,7.140384E-01,2.952376E+00,7.323505E+03,9.702075E+03,3.779397E-01,8.489072E-01,4.787088E+03,1.214736E+04,2.470429E-01,1.062841E+00,7.319384E+03,1.163929E+04,3.777270E-01,1.018414E+00,4.794518E+03,6.160425E+03,2.474263E-01,5.390239E-01,4.388182E+03,8.429056E+03,2.264728E-01,7.374900E-01,2.894153E+03,1.010345E+04,1.493659E-01,8.839757E-01,4.388180E+03,9.948840E+03,2.264726E-01,8.704639E-01,2.897485E+03,5.786316E+03,1.495378E-01,5.062665E-01,4.905751E+03,9.285970E+03,2.531735E-01,8.124856E-01,3.233293E+03,1.169271E+04,1.668613E-01,1.023046E+00,4.900087E+03,1.119980E+04,2.528812E-01,9.799433E-01,3.234872E+03,5.906345E+03,1.669427E-01,5.167836E-01
10:40:00,1.992502E+03,5.065478E+04,1.028413E-01,4.431771E+00,6.077790E+03,3.209763E+04,3.137002E-01,2.808223E+00,1.383416E+04,3.394975E+04,7.140388E-01,2.970268E+00,7.323506E+03,9.798215E+03,3.779398E-01,8.573188E-01,4.787089E+03,1.192839E+04,2.470429E-01,1.043682E+00,7.319386E+03,1.199441E+04,3.777271E-01,1.049485E+00,4.794519E+03,6.232867E+03,2.474264E-01,5.453622E-01,4.388202E+03,8.471737E+03,2.264738E-01,7.412243E-01,2.894165E+03,1.000139E+04,1.493665E-01,8.750464E-01,4.388199E+03,1.015374E+04,2.264736E-01,8.883906E-01,2.897497E+03,5.816469E+03,1.495384E-01,5.089046E-01,4.905759E+03,9.334964E+03,2.531739E-01,8.167722E-01,3.233298E+03,1.144090E+04,1.668615E-01,1.001014E+00,4.900096E+03,1.149793E+04,2.528816E-01,1.006028E+00,3.234877E+03,5.947826E+03,1.669430E-01,5.204128E-01
10:50:00,1.992694E+03,5.066552E+04,1.028513E-01,4.432711E+00,6.077827E+03,3.211544E+04,3.137020E-01,2.809781E+00,1.383417E+04,3.415242E+04,7.140392E-01,2.987999E+00,7.323508E+03,9.890171E+03,3.779399E-01,8.653643E-01,4.787090E+03,1.168362E+04,2.470430E-01,1.022265E+00,7.319387E+03,1.234646E+04,3.777272E-01,1.080288E+00,4.794520E+03,6.302449E+03,2.474264E-01,5.514502E-01,4.388221E+03,8.511573E+03,2.264748E-01,7.447094E-01,2.894177E+03,9.881499E+03,1.493671E-01,8.645561E-01,4.388218E+03,1.035761E+04,2.264746E-01,9.062275E-01,2.897508E+03,5.844729E+03,1.495390E-01,5.113771E-01,4.905768E+03,9.380244E+03,2.531743E-01,8.207338E-01,3.233304E+03,1.116487E+04,1.668618E-01,9.768622E-01,4.900104E+03,1.179313E+04,2.528821E-01,1.031856E+00,3.234882E+03,5.986841E+03,1.669433E-01,5.238264E-01
11:00:00,1.992885E+03,5.067608E+04,1.028611E-01,4.433635E+00,6.077863E+03,3.213325E+04,3.137039E-01,2.811340E+00,1.383417E+04,3.435227E+04,7.140396E-01,3.005484E+00,7.323510E+03,9.979028E+03,3.779399E-01,8.731387E-01,4.787091E+03,1.141528E+04,2.470430E-01,9.987866E-01,7.319389E+03,1.269268E+04,3.777273E-01,1.110580E+00,4.794521E+03,6.369860E+03,2.474265E-01,5.573482E-01,4.388240E+03,8.549461E+03,2.264758E-01,7.480242E-01,2.894189E+03,9.743841E+03,1.493677E-01,8.525118E-01,4.388237E+03,1.055918E+04,2.264756E-01,9.238639E-01,2.897520E+03,5.871668E+03,1.495396E-01,5.137339E-01,4.905776E+03,9.423113E+03,2.531748E-01,8.244844E-01,3.233309E+03,1.086696E+04,1.668621E-01,9.507966E-01,4.900112E+03,1.208291E+04,2.528825E-01,1.057210E+00,3.234888E+03,6.024150E+03,1.669436E-01,5.270905E-01
11:10:00,1.993076E+03,5.068623E+04,1.028710E-01,4.434523E+00,6.077899E+03,3.215079E+04,3.137058E-01,2.812874E+00,1.383418E+04,3.454846E+04,7.140399E-01,3.022648E+00,7.323511E+03,1.006438E+04,3.779400E-01,8.806065E-01,4.787092E+03,1.112746E+04,2.470431E-01,9.736026E-01,7.319391E+03,1.302968E+04,3.777274E-01,1.140065E+00,4.794522E+03,6.434767E+03,2.474265E-01,5.630270E-01,4.388259E+03,8.585177E+03,2.264768E-01,7.511490E-01,2.894201E+03,9.589672E+03,1.493683E-01,8.390229E-01,4.388257E+03,1.075687E+04,2.264766E-01,9.411599E-01,2.897532E+03,5.897083E+03,1.495402E-01,5.159574E-01,4.905784E+03,9.463304E+03,2.531752E-01,8.280007E-01,3.233314E+03,1.055134E+04,1.668624E-01,9.231815E-01,4.900121E+03,1.236427E+04,2.528829E-01,1.081826E+00,3.234893E+03,6.059547E+03,1.669438E-01,5.301874E-01
11:20:00,1.993265E+03,5.069580E+04,1.028807E-01,4.435360E+00,6.077935E+03,3.216785E+04,3.137076E-01,2.814366E+00,1.383419E+04,3.474023E+04,7.140403E-01,3.039426E+00,7.323513E+03,1.014621E+04,3.779401E-01,8.877661E-01,4.787093E+03,1.082547E+04,2.470432E-01,9.471799E-01,7.319392E+03,1.335484E+04,3.777275E-01,1.168514E+00,4.794523E+03,6.497073E+03,2.474266E-01,5.684784E-01,4.388278E+03,8.618782E+03,2.264777E-01,7.540891E-01,2.894212E+03,9.421009E+03,1.493689E-01,8.242660E-01,4.388275E+03,1.094943E+04,2.264776E-01,9.580065E-01,2.897543E+03,5.920995E+03,1.495408E-01,5.180494E-01,4.905792E+03,9.500945E+03,2.531756E-01,8.312939E-01,3.233320E+03,1.022339E+04,1.668626E-01,8.944879E-01,4.900129E+03,1.263484E+04,2.528833E-01,1.105499E+00,3.234898E+03,6.093027E+03,1.669441E-01,5.331166E-01
11:30:00,1.993452E+03,5.070464E+04,1.028904E-01,4.436134E+00,6.077971E+03,3.218427E+04,3.137095E-01,2.815803E+00,1.383420E+04,3.492692E+04,7.140407E-01,3.055759E+00,7.323514E+03,1.022450E+04,3.779402E-01,8.946159E-01,4.787094E+03,1.051546E+04,2.470432E-01,9.200552E-01,7.319394E+03,1.366576E+04,3.777275E-01,1.195717E+00,4.794524E+03,6.556712E+03,2.474266E-01,5.736964E-01,4.388297E+03,8.650344E+03,2.264787E-01,7.568503E-01,2.894224E+03,9.240509E+03,1.493695E-01,8.084735E-01,4.388294E+03,1.113564E+04,2.264786E-01,9.742983E-01,2.897555E+03,5.943415E+03,1.495414E-01,5.200109E-01,4.905801E+03,9.536156E+03,2.531760E-01,8.343745E-01,3.233325E+03,9.889279E+03,1.668629E-01,8.652546E-01,4.900137E+03,1.289247E+04,2.528838E-01,1.128040E+00,3.234903E+03,6.124605E+03,1.669444E-01,5.358795E-01
11:40:00,1.993639E+03,5.071266E+04,1.029001E-01,4.436836E+00,6.078006E+03,3.219995E+04,3.137113E-01,2.817175E+00,1.383420E+04,3.510796E+04,7.140410E-01,3.071598E+00,7.323516E+03,1.029927E+04,3.779403E-01,9.011573E-01,4.787095E+03,1.020411E+04,2.470433E-01,8.928138E-01,7.319395E+03,1.396021E+04,3.777276E-01,1.221480E+00,4.794525E+03,6.613632E+03,2.474267E-01,5.786765E-01,4.388316E+03,8.679952E+03,2.264797E-01,7.594407E-01,2.894235E+03,9.051442E+03,1.493701E-01,7.919313E-01,4.388313E+03,1.131437E+04,2.264795E-01,9.899350E-01,2.897566E+03,5.964364E+03,1.495420E-01,5.218437E-01,4.905809E+03,9.569081E+03,2.531765E-01,8.372551E-01,3.233330E+03,9.555694E+03,1.668632E-01,8.360678E-01,4.900145E+03,1.313517E+04,2.528842E-01,1.149273E+00,3.234908E+03,6.154310E+03,1.669446E-01,5.384784E-01
11:50:00,1.993825E+03,5.071981E+04,1.029096E-01,4.437461E+00,6.078041E+03,3.221484E+04,3.137131E-01,2.818478E+00,1.383421E+04,3.528259E+04,7.140414E-01,3.086876E+00,7.323518E+03,1.037050E+04,3.779404E-01,9.073899E-01,4.787096E+03,9.898762E+03,2.470433E-01,8.660970E-01,7.319397E+03,1.423611E+04,3.777277E-01,1.245618E+00,4.794526E+03,6.667769E+03,2.474267E-01,5.834131E-01,4.388334E+03,8.707720E+03,2.264806E-01,7.618701E-01,2.894247E+03,8.857963E+03,1.493707E-01,7.750034E-01,4.388332E+03,1.148458E+04,2.264805E-01,1.004827E+00,2.897578E+03,5.983871E+03,1.495426E-01,5.235504E-01,4.905817E+03,9.599879E+03,2.531769E-01,8.399497E-01,3.233335E+03,9.230015E+03,1.668634E-01,8.075728E-01,4.900153E+03,1.336117E+04,2.528846E-01,1.169046E+00,3.234913E+03,6.182178E+03,1.669449E-01,5.409165E-01
12:00:00,1.994010E+03,5.072607E+04,1.029192E-01,4.438009E+00,6.078077E+03,3.222896E+04,3.137149E-01,2.819713E+00,1.383422E+04,3.545052E+04,7.140418E-01,3.101567E+00,7.323519E+03,1.043830E+04,3.779404E-01,9.133215E-01,4.787097E+03,9.607182E+03,2.470434E-01,8.405853E-01,7.319399E+03,1.449177E+04,3.777278E-01,1.267986E+00,4.794527E+03,6.719120E+03,2.474268E-01,5.879060E-01,4.388353E+03,8.733788E+03,2.264816E-01,7.641507E-01,2.894258E+03,8.665001E+03,1.493713E-01,7.581207E-01,4.388350E+03,1.164517E+04,2.264814E-01,1.018877E+00,2.897589E+03,6.001949E+03,1.495432E-01,5.251320E-01,4.905825E+03,9.628736E+03,2.531773E-01,8.424744E-01,3.233340E+03,8.920002E+03,1.668637E-01,7.804488E-01,4.900161E+03,1.356882E+04,2.528850E-01,1.187214E+00,3.234919E+03,6.208264E+03,1.669452E-01,5.431989E-01
12:10:00,1.994193E+03,5.073147E+04,1.029286E-01,4.438481E+00,6.078111E+03,3.224236E+04,3.137167E-01,2.820886E+00,1.383422E+04,3.561154E+04,7.140421E-01,3.115655E+00,7.323521E+03,1.050324E+04,3.779405E-01,9.190037E-01,4.787098E+03,9.337732E+03,2.470434E-01,8.170100E-01,7.319400E+03,1.472615E+04,3.777279E-01,1.288493E+00,4.794528E+03,6.767988E+03,2.474268E-01,5.921815E-01,4.388371E+03,8.758608E+03,2.264825E-01,7.663222E-01,2.894269E+03,8.478363E+03,1.493719E-01,7.417914E-01,4.388368E+03,1.179541E+04,2.264824E-01,1.032021E+00,2.897600E+03,6.018883E+03,1.495438E-01,5.266135E-01,4.905833E+03,9.656255E+03,2.531777E-01,8.448820E-01,3.233345E+03,8.633891E+03,1.668640E-01,7.554161E-01,4.900169E+03,1.375721E+04,2.528854E-01,1.203696E+00,3.234924E+03,6.232878E+03,1.669454E-01,5.453523E-01
12:20:00,1.994376E+03,5.073606E+04,1.029381E-01,4.438883E+00,6.078146E+03,3.225516E+04,3.137185E-01,2.822005E+00,1.383423E+04,3.576550E+04,7.140425E-01,3.129123E+00,7.323522E+03,1.056546E+04,3.779406E-01,9.244469E-01,4.787099E+03,9.098474E+03,2.470435E-01,7.960766E-01,7.319402E+03,1.493793E+04,3.777279E-01,1.307021E+00,4.794529E+03,6.814434E+03,2.474269E-01,5.962452E-01,4.388390E+03,8.782342E+03,2.264835E-01,7.683986E-01,2.894280E+03,8.304340E+03,1.493724E-01,7.265659E-01,4.388387E+03,1.193440E+04,2.264833E-01,1.044181E+00,2.897612E+03,6.034730E+03,1.495444E-01,5.280000E-01,4.905841E+03,9.682630E+03,2.531781E-01,8.471896E-01,3.233350E+03,8.379612E+03,1.668642E-01,7.331686E-01,4.900177E+03,1.392510E+04,2.528858E-01,1.218384E+00,3.234929E+03,6.256122E+03,1.669457E-01,5.473860E-01
12:30:00,1.994557E+03,5.073998E+04,1.029474E-01,4.439226E+00,6.078180E+03,3.226752E+04,3.137203E-01,2.823086E+00,1.383424E+04,3.591233E+04,7.140429E-01,3.141970E+00,7.323524E+03,1.062508E+04,3.779407E-01,9.296633E-01,4.787100E+03,8.898045E+03,2.470435E-01,7.785407E-01,7.319403E+03,1.512591E+04,3.777280E-01,1.323467E+00,4.794530E+03,6.864775E+03,2.474269E-01,6.006496E-01,4.388408E+03,8.805152E+03,2.264844E-01,7.703943E-01,2.894292E+03,8.151007E+03,1.493730E-01,7.131508E-01,4.388405E+03,1.206131E+04,2.264843E-01,1.055284E+00,2.897623E+03,6.054445E+03,1.495449E-01,5.297249E-01,4.905849E+03,9.708057E+03,2.531785E-01,8.494142E-01,3.233355E+03,8.165604E+03,1.668645E-01,7.144450E-01,4.900185E+03,1.407143E+04,2.528862E-01,1.231186E+00,3.234934E+03,6.284253E+03,1.669459E-01,5.498472E-01
12:40:00,1.994737E+03,5.074346E+04,1.029567E-01,4.439529E+00,6.078215E+03,3.227972E+04,3.137221E-01,2.824154E+00,1.383424E+04,3.605219E+04,7.140432E-01,3.154205E+00,7.323525E+03,1.068226E+04,3.779408E-01,9.346661E-01,4.787101E+03,8.737075E+03,2.470436E-01,7.644575E-01,7.319405E+03,1.528919E+04,3.777281E-01,1.337752E+00,4.794531E+03,6.928473E+03,2.474270E-01,6.062229E-01,4.388426E+03,8.827207E+03,2.264854E-01,7.723239E-01,2.894303E+03,8.020811E+03,1.493736E-01,7.017600E-01,4.388423E+03,1.217547E+04,2.264852E-01,1.065271E+00,2.897634E+03,6.084334E+03,1.495455E-01,5.323399E-01,4.905856E+03,9.732730E+03,2.531789E-01,8.515728E-01,3.233360E+03,7.992378E+03,1.668647E-01,6.992896E-01,4.900193E+03,1.419538E+04,2.528866E-01,1.242030E+00,3.234939E+03,6.326613E+03,1.669462E-01,5.535535E-01
12:50:00,1.994917E+03,5.074677E+04,1.029660E-01,4.439819E+00,6.078249E+03,3.229212E+04,3.137238E-01,2.825239E+00,1.383425E+04,3.618558E+04,7.140436E-01,3.165875E+00,7.323527E+03,1.073719E+04,3.779408E-01,9.394725E-01,4.787102E+03,8.612555E+03,2.470436E-01,7.535637E-01,7.319406E+03,1.542712E+04,3.777282E-01,1.349819E+00,4.794532E+03,7.014502E+03,2.474270E-01,6.137503E-01,4.388444E+03,8.848660E+03,2.264863E-01,7.742007E-01,2.894314E+03,7.913613E+03,1.493742E-01,6.923816E-01,4.388441E+03,1.227620E+04,2.264861E-01,1.074084E+00,2.897645E+03,6.129755E+03,1.495461E-01,5.363141E-01,4.905864E+03,9.756827E+03,2.531793E-01,8.536812E-01,3.233365E+03,7.856774E+03,1.668650E-01,6.874261E-01,4.900201E+03,1.429625E+04,2.528870E-01,1.250855E+00,3.234944E+03,6.392005E+03,1.669464E-01,5.592752E-01
13:00:00,1.995095E+03,5.075020E+04,1.029752E-01,4.440120E+00,6.078283E+03,3.230507E+04,3.137256E-01,2.826372E+00,1.383426E+04,3.631271E+04,7.140439E-01,3.176997E+00,7.323528E+03,1.079000E+04,3.779409E-01,9.440922E-01,4.787103E+03,8.519611E+03,2.470437E-01,7.454326E-01,7.319408E+03,1.553911E+04,3.777283E-01,1.359617E+00,4.794533E+03,7.131212E+03,2.474271E-01,6.239624E-01,4.388462E+03,8.869630E+03,2.264872E-01,7.760354E-01,2.894325E+03,7.827683E+03,1.493747E-01,6.848640E-01,4.388459E+03,1.236309E+04,2.264871E-01,1.081686E+00,2.897656E+03,6.195477E+03,1.495466E-01,5.420646E-01,4.905872E+03,9.780484E+03,2.531797E-01,8.557509E-01,3.233370E+03,7.753786E+03,1.668652E-01,6.784162E-01,4.900208E+03,1.437367E+04,2.528874E-01,1.257627E+00,3.234949E+03,6.488618E+03,1.669467E-01,5.677289E-01
13:10:00,1.995272E+03,5.075404E+04,1.029843E-01,4.440455E+00,6.078316E+03,3.231888E+04,3.137273E-01,2.827580E+00,1.383427E+04,3.643380E+04,7.140443E-01,3.187591E+00,7.323530E+03,1.084057E+04,3.779410E-01,9.485174E-01,4.787104E+03,8.451723E+03,2.470437E-01,7.394938E-01,7.319409E+03,1.562471E+04,3.777283E-01,1.367105E+00,4.794534E+03,7.286229E+03,2.474271E-01,6.375266E-01,4.388479E+03,8.890101E+03,2.264881E-01,7.778264E-01,2.894335E+03,7.759870E+03,1.493753E-01,6.789314E-01,4.388477E+03,1.243560E+04,2.264880E-01,1.088029E+00,2.897667E+03,6.285660E+03,1.495472E-01,5.499553E-01,4.905880E+03,9.803654E+03,2.531801E-01,8.577781E-01,3.233375E+03,7.676808E+03,1.668655E-01,6.716821E-01,4.900216E+03,1.442717E+04,2.528878E-01,1.262308E+00,3.234953E+03,6.623907E+03,1.669470E-01,5.795668E-01
13:20:00,1.995448E+03,5.075851E+04,1.029934E-01,4.440847E+00,6.078350E+03,3.233385E+04,3.137290E-01,2.828890E+00,1.383427E+04,3.654914E+04,7.140446E-01,3.197682E+00,7.323531E+03,1.088897E+04,3.779411E-01,9.527518E-01,4.787105E+03,8.401030E+03,2.470438E-01,7.350592E-01,7.319411E+03,1.568374E+04,3.777284E-01,1.372270E+00,4.794535E+03,7.486479E+03,2.474272E-01,6.550488E-01,4.388497E+03,8.910116E+03,2.264890E-01,7.795776E-01,2.894346E+03,7.705710E+03,1.493758E-01,6.741934E-01,4.388494E+03,1.249335E+04,2.264889E-01,1.093082E+00,2.897677E+03,6.403941E+03,1.495478E-01,5.603046E-01,4.905887E+03,9.826382E+03,2.531805E-01,8.597667E-01,3.233380E+03,7.617908E+03,1.668657E-01,6.665296E-01,4.900224E+03,1.445663E+04,2.528882E-01,1.264885E+00,3.234958E+03,6.804602E+03,1.669472E-01,5.953777E-01
13:30:00,1.995624E+03,5.076381E+04,1.030025E-01,4.441310E+00,6.078383E+03,3.235020E+04,3.137308E-01,2.830320E+00,1.383428E+04,3.665898E+04,7.140450E-01,3.207292E+00,7.323533E+03,1.093518E+04,3.779411E-01,9.567948E-01,4.787106E+03,8.357709E+03,2.470438E-01,7.312695E-01,7.319412E+03,1.571620E+04,3.777285E-01,1.375109E+00,4.794536E+03,7.731672E+03,2.474272E-01,6.765035E-01,4.388515E+03,8.929674E+03,2.264899E-01,7.812887E-01,2.894357E+03,7.658140E+03,1.493764E-01,6.700318E-01,4.388512E+03,1.253606E+04,2.264898E-01,1.096818E+00,2.897688E+03,6.548471E+03,1.495483E-01,5.729506E-01,4.905895E+03,9.848657E+03,2.531809E-01,8.617156E-01,3.233385E+03,7.567241E+03,1.668660E-01,6.620972E-01,4.900231E+03,1.446203E+04,2.528886E-01,1.265356E+00,3.234963E+03,7.030310E+03,1.669475E-01,6.151273E-01
13:40:00,1.995798E+03,5.076999E+04,1.030115E-01,4.441851E+00,6.078416E+03,3.236799E+04,3.137325E-01,2.831877E+00,1.383429E+04,3.676345E+04,7.140453E-01,3.216431E+00,7.323534E+03,1.097914E+04,3.779412E-01,9.606408E-01,4.787107E+03,8.318542E+03,2.470439E-01,7.278430E-01,7.319414E+03,1.572221E+04,3.777286E-01,1.375634E+00,4.794536E+03,8.017407E+03,2.474273E-01,7.015056E-01,4.388532E+03,8.948724E+03,2.264908E-01,7.829554E-01,2.894368E+03,7.614766E+03,1.493769E-01,6.662372E-01,4.388529E+03,1.256347E+04,2.264907E-01,1.099216E+00,2.897699E+03,6.715565E+03,1.495489E-01,5.875708E-01,4.905902E+03,9.870407E+03,2.531813E-01,8.636185E-01,3.233389E+03,7.521497E+03,1.668662E-01,6.580953E-01,4.900239E+03,1.444351E+04,2.528890E-01,1.263735E+00,3.234968E+03,7.296592E+03,1.669477E-01,6.384271E-01
13:50:00,1.995971E+03,5.077704E+04,1.030204E-01,4.442467E+00,6.078449E+03,3.238722E+04,3.137342E-01,2.833559E+00,1.383429E+04,3.686257E+04,7.140456E-01,3.225103E+00,7.323536E+03,1.102073E+04,3.779413E-01,9.642796E-01,4.787108E+03,8.282545E+03,2.470439E-01,7.246937E-01,7.319415E+03,1.570201E+04,3.777286E-01,1.373865E+00,4.794537E+03,8.338690E+03,2.474273E-01,7.296179E-01,4.388549E+03,8.967173E+03,2.264917E-01,7.845695E-01,2.894378E+03,7.574701E+03,1.493775E-01,6.627321E-01,4.388546E+03,1.257544E+04,2.264916E-01,1.100262E+00,2.897709E+03,6.902040E+03,1.495494E-01,6.038867E-01,4.905910E+03,9.891508E+03,2.531817E-01,8.654647E-01,3.233394E+03,7.479587E+03,1.668665E-01,6.544287E-01,4.900246E+03,1.440131E+04,2.528894E-01,1.260042E+00,3.234973E+03,7.598450E+03,1.669479E-01,6.648394E-01
14:00:00,1.996143E+03,5.078488E+04,1.030293E-01,4.443154E+00,6.078481E+03,3.240780E+04,3.137358E-01,2.835359E+00,1.383430E+04,3.695629E+04,7.140460E-01,3.233302E+00,7.323537E+03,1.105980E+04,3.779414E-01,9.676981E-01,4.787109E+03,8.249049E+03,2.470439E-01,7.217631E-01,7.319417E+03,1.565600E+04,3.777287E-01,1.369839E+00,4.794538E+03,8.689954E+03,2.474274E-01,7.603531E-01,4.388566E+03,8.984904E+03,2.264926E-01,7.861208E-01,2.894389E+03,7.537336E+03,1.493780E-01,6.594631E-01,4.388564E+03,1.257193E+04,2.264925E-01,1.099955E+00,2.897720E+03,7.104922E+03,1.495500E-01,6.216379E-01,4.905917E+03,9.911802E+03,2.531821E-01,8.672403E-01,3.233399E+03,7.440772E+03,1.668667E-01,6.510328E-01,4.900254E+03,1.433582E+04,2.528898E-01,1.254312E+00,3.234977E+03,7.930366E+03,1.669482E-01,6.938815E-01
14:10:00,1.996314E+03,5.079343E+04,1.030381E-01,4.443901E+00,6.078514E+03,3.242958E+04,3.137375E-01,2.837265E+00,1.383430E+04,3.704451E+04,7.140463E-01,3.241020E+00,7.323539E+03,1.109585E+04,3.779414E-01,9.708523E-01,4.787109E+03,8.217274E+03,2.470440E-01,7.189831E-01,7.319418E+03,1.558462E+04,3.777288E-01,1.363592E+00,4.794539E+03,9.065024E+03,2.474274E-01,7.931710E-01,4.388584E+03,9.001577E+03,2.264935E-01,7.875795E-01,2.894399E+03,7.502043E+03,1.493786E-01,6.563754E-01,4.388581E+03,1.255283E+04,2.264934E-01,1.098284E+00,2.897730E+03,7.321242E+03,1.495505E-01,6.405647E-01,4.905925E+03,9.930831E+03,2.531825E-01,8.689051E-01,3.233404E+03,7.404280E+03,1.668670E-01,6.478401E-01,4.900261E+03,1.424752E+04,2.528902E-01,1.246585E+00,3.234982E+03,8.286287E+03,1.669484E-01,7.250236E-01
14:20:00,1.996484E+03,5.080256E+04,1.030469E-01,4.444701E+00,6.078546E+03,3.245240E+04,3.137392E-01,2.839261E+00,1.383431E+04,3.712702E+04,7.140466E-01,3.248239E+00,7.323540E+03,1.112868E+04,3.779415E-01,9.737243E-01,4.787110E+03,8.186656E+03,2.470440E-01,7.163042E-01,7.319419E+03,1.548881E+04,3.777289E-01,1.355209E+00,4.794540E+03,9.457684E+03,2.474275E-01,8.275276E-01,4.388601E+03,9.017032E+03,2.264944E-01,7.889316E-01,2.894410E+03,7.468338E+03,1.493791E-01,6.534265E-01,4.388598E+03,1.251833E+04,2.264942E-01,1.095264E+00,2.897741E+03,7.548329E+03,1.495510E-01,6.604334E-01,4.905932E+03,9.948382E+03,2.531828E-01,8.704407E-01,3.233408E+03,7.369545E+03,1.668672E-01,6.448011E-01,4.900269E+03,1.413734E+04,2.528906E-01,1.236945E+00,3.234987E+03,8.660127E+03,1.669487E-01,7.577331E-01
14:30:00,1.996653E+03,5.081214E+04,1.030556E-01,4.445539E+00,6.078578E+03,3.247602E+04,3.137408E-01,2.841328E+00,1.383432E+04,3.720357E+04,7.140470E-01,3.254936E+00,7.323541E+03,1.115803E+04,3.779416E-01,9.762924E-01,4.787111E+03,8.156678E+03,2.470441E-01,7.136814E-01,7.319421E+03,1.536985E+04,3.777289E-01,1.344800E+00,4.794541E+03,9.861644E+03,2.474275E-01,8.628725E-01,4.388618E+03,9.031094E+03,2.264952E-01,7.901619E-01,2.894420E+03,7.435802E+03,1.493796E-01,6.505800E-01,4.388615E+03,1.246871E+04,2.264951E-01,1.090922E+00,2.897751E+03,7.783706E+03,1.495516E-01,6.810272E-01,4.905940E+03,9.964226E+03,2.531832E-01,8.718269E-01,3.233413E+03,7.336084E+03,1.668675E-01,6.418735E-01,4.900276E+03,1.400656E+04,2.528909E-01,1.225501E+00,3.234992E+03,9.045754E+03,1.669489E-01,7.914735E-01
14:40:00,1.996821E+03,5.082201E+04,1.030643E-01,4.446402E+00,6.078610E+03,3.250021E+04,3.137425E-01,2.843444E+00,1.383432E+04,3.727383E+04,7.140473E-01,3.261082E+00,7.323543E+03,1.118364E+04,3.779417E-01,9.785328E-01,4.787112E+03,8.126845E+03,2.470441E-01,7.110712E-01,7.319422E+03,1.522903E+04,3.777290E-01,1.332478E+00,4.794542E+03,1.027064E+04,2.474276E-01,8.986579E-01,4.388634E+03,9.043573E+03,2.264961E-01,7.912537E-01,2.894430E+03,7.404046E+03,1.493802E-01,6.478016E-01,4.388632E+03,1.240451E+04,2.264960E-01,1.085305E+00,2.897762E+03,8.024976E+03,1.495521E-01,7.021365E-01,4.905947E+03,9.978113E+03,2.531836E-01,8.730419E-01,3.233418E+03,7.303445E+03,1.668677E-01,6.390179E-01,4.900283E+03,1.385645E+04,2.528913E-01,1.212367E+00,3.234996E+03,9.437077E+03,1.669492E-01,8.257121E-01
14:50:00,1.996989E+03,5.083200E+04,1.030729E-01,4.447276E+00,6.078642E+03,3.252469E+04,3.137441E-01,2.845586E+00,1.383433E+04,3.733741E+04,7.140476E-01,3.266644E+00,7.323544E+03,1.120521E+04,3.779417E-01,9.804199E-01,4.787113E+03,8.096692E+03,2.470442E-01,7.084329E-01,7.319424E+03,1.506802E+04,3.777291E-01,1.318390E+00,4.794543E+03,1.067870E+04,2.474276E-01,9.343604E-01,4.388651E+03,9.054269E+03,2.264970E-01,7.921894E-01,2.894441E+03,7.372712E+03,1.493807E-01,6.450602E-01,4.388648E+03,1.232618E+04,2.264968E-01,1.078452E+00,2.897772E+03,8.269789E+03,1.495526E-01,7.235556E-01,4.905954E+03,9.989783E+03,2.531840E-01,8.740629E-01,3.233422E+03,7.271221E+03,1.668679E-01,6.361986E-01,4.900291E+03,1.368870E+04,2.528917E-01,1.197690E+00,3.235001E+03,9.828289E+03,1.669494E-01,8.599406E-01
15:00:00,1.997155E+03,5.084193E+04,1.030815E-01,4.448145E+00,6.078673E+03,3.254919E+04,3.137457E-01,2.847729E+00,1.383434E+04,3.739389E+04,7.140480E-01,3.271586E+00,7.323546E+03,1.122244E+04,3.779418E-01,9.819272E-01,4.787114E+03,8.065767E+03,2.470442E-01,7.057272E-01,7.319425E+03,1.488874E+04,3.777292E-01,1.302703E+00,4.794544E+03,1.108024E+04,2.474276E-01,9.694932E-01,4.388668E+03,9.062975E+03,2.264978E-01,7.929511E-01,2.894451E+03,7.341456E+03,1.493812E-01,6.423256E-01,4.388665E+03,1.223440E+04,2.264977E-01,1.070421E+00,2.897782E+03,8.515785E+03,1.495532E-01,7.450781E-01,4.905961E+03,9.998972E+03,2.531843E-01,8.748667E-01,3.233427E+03,7.239024E+03,1.668682E-01,6.333815E-01,4.900298E+03,1.350522E+04,2.528921E-01,1.181636E+00,3.235005E+03,1.021400E+04,1.669496E-01,8.936874E-01
15:10:00,1.997320E+03,5.085162E+04,1.030900E-01,4.448993E+00,6.078705E+03,3.257341E+04,3.137474E-01,2.849849E+00,1.383434E+04,3.744283E+04,7.140483E-01,3.275868E+00,7.323547E+03,1.122974E+04,3.779419E-01,9.825664E-01,4.787115E+03,8.030129E+03,2.470443E-01,7.026090E-01,7.319426E+03,1.469226E+04,3.777292E-01,1.285511E+00,4.794545E+03,1.147554E+04,2.474277E-01,1.004079E+00,4.388684E+03,9.065387E+03,2.264987E-01,7.931620E-01,2.894461E+03,7.307201E+03,1.493818E-01,6.393285E-01,4.388681E+03,1.212931E+04,2.264985E-01,1.061226E+00,2.897792E+03,8.764797E+03,1.495537E-01,7.668645E-01,4.905969E+03,1.000028E+04,2.531847E-01,8.749810E-01,3.233431E+03,7.203060E+03,1.668684E-01,6.302349E-01,4.900305E+03,1.330711E+04,2.528924E-01,1.164302E+00,3.235010E+03,1.059457E+04,1.669499E-01,9.269843E-01
15:20:00,1.997484E+03,5.086082E+04,1.030985E-01,4.449798E+00,6.078736E+03,3.259701E+04,3.137490E-01,2.851913E+00,1.383435E+04,3.748382E+04,7.140486E-01,3.279453E+00,7.323548E+03,1.122978E+04,3.779419E-01,9.825695E-01,4.787116E+03,7.991421E+03,2.470443E-01,6.992222E-01,7.319428E+03,1.448087E+04,3.777293E-01,1.267015E+00,4.794545E+03,1.185700E+04,2.474277E-01,1.037454E+00,4.388701E+03,9.063641E+03,2.264995E-01,7.930091E-01,2.894471E+03,7.271279E+03,1.493823E-01,6.361857E-01,4.388698E+03,1.201192E+04,2.264994E-01,1.050955E+00,2.897802E+03,9.012235E+03,1.495542E-01,7.885130E-01,4.905976E+03,9.996320E+03,2.531851E-01,8.746344E-01,3.233436E+03,7.164982E+03,1.668686E-01,6.269033E-01,4.900312E+03,1.309664E+04,2.528928E-01,1.145887E+00,3.235014E+03,1.096257E+04,1.669501E-01,9.591814E-01
15:30:00,1.997647E+03,5.086934E+04,1.031069E-01,4.450543E+00,6.078767E+03,3.261971E+04,3.137506E-01,2.853899E+00,1.383436E+04,3.751640E+04,7.140489E-01,3.282303E+00,7.323550E+03,1.122351E+04,3.779420E-01,9.820206E-01,4.787117E+03,7.950157E+03,2.470444E-01,6.956117E-01,7.319429E+03,1.425691E+04,3.777294E-01,1.247420E+00,4.794546E+03,1.221918E+04,2.474278E-01,1.069142E+00,4.388717E+03,9.058413E+03,2.265004E-01,7.925516E-01,2.894481E+03,7.234060E+03,1.493828E-01,6.329293E-01,4.388714E+03,1.188341E+04,2.265002E-01,1.039712E+00,2.897812E+03,9.254757E+03,1.495547E-01,8.097314E-01,4.905983E+03,9.988064E+03,2.531854E-01,8.739118E-01,3.233440E+03,7.125346E+03,1.668689E-01,6.234353E-01,4.900319E+03,1.287614E+04,2.528932E-01,1.126594E+00,3.235019E+03,1.131275E+04,1.669503E-01,9.898191E-01
15:40:00,1.997810E+03,5.087704E+04,1.031153E-01,4.451217E+00,6.078797E+03,3.264132E+04,3.137521E-01,2.855790E+00,1.383436E+04,3.753993E+04,7.140492E-01,3.284362E+00,7.323551E+03,1.121075E+04,3.779421E-01,9.809036E-01,4.787117E+03,7.906102E+03,2.470444E-01,6.917570E-01,7.319431E+03,1.402296E+04,3.777294E-01,1.226950E+00,4.794547E+03,1.255859E+04,2.474278E-01,1.098837E+00,4.388733E+03,9.049650E+03,2.265012E-01,7.917847E-01,2.894491E+03,7.195429E+03,1.493833E-01,6.295493E-01,4.388730E+03,1.174505E+04,2.265011E-01,1.027606E+00,2.897822E+03,9.489991E+03,1.495552E-01,8.303121E-01,4.905990E+03,9.975428E+03,2.531858E-01,8.728062E-01,3.233445E+03,7.084010E+03,1.668691E-01,6.198186E-01,4.900326E+03,1.264822E+04,2.528935E-01,1.106652E+00,3.235023E+03,1.164179E+04,1.669506E-01,1.018607E+00
15:50:00,1.997971E+03,5.088376E+04,1.031236E-01,4.451804E+00,6.078828E+03,3.266163E+04,3.137537E-01,2.857567E+00,1.383437E+04,3.755400E+04,7.140496E-01,3.285593E+00,7.323552E+03,1.119131E+04,3.779422E-01,9.792029E-01,4.787118E+03,7.859065E+03,2.470445E-01,6.876413E-01,7.319432E+03,1.378192E+04,3.777295E-01,1.205860E+00,4.794548E+03,1.287217E+04,2.474279E-01,1.126273E+00,4.388749E+03,9.037248E+03,2.265020E-01,7.906996E-01,2.894501E+03,7.155266E+03,1.493838E-01,6.260354E-01,4.388746E+03,1.159853E+04,2.265019E-01,1.014787E+00,2.897832E+03,9.715654E+03,1.495557E-01,8.500553E-01,4.905997E+03,9.958293E+03,2.531862E-01,8.713067E-01,3.233449E+03,7.040846E+03,1.668693E-01,6.160419E-01,4.900333E+03,1.241577E+04,2.528939E-01,1.086314E+00,3.235028E+03,1.194680E+04,1.669508E-01,1.045292E+00
16:00:00,1.998132E+03,5.088936E+04,1.031319E-01,4.452294E+00,6.078858E+03,3.268043E+04,3.137553E-01,2.859212E+00,1.383437E+04,3.755830E+04,7.140499E-01,3.285969E+00,7.323554E+03,1.116502E+04,3.779422E-01,9.769024E-01,4.787119E+03,7.808890E+03,2.470445E-01,6.832513E-01,7.319433E+03,1.353684E+04,3.777296E-01,1.184417E+00,4.794549E+03,1.315743E+04,2.474279E-01,1.151230E+00,4.388765E+03,9.021092E+03,2.265029E-01,7.892859E-01,2.894511E+03,7.113477E+03,1.493843E-01,6.223792E-01,4.388762E+03,1.144564E+04,2.265027E-01,1.001409E+00,2.897842E+03,9.929610E+03,1.495562E-01,8.687741E-01,4.906004E+03,9.936518E+03,2.531865E-01,8.694014E-01,3.233454E+03,6.995747E+03,1.668696E-01,6.120960E-01,4.900340E+03,1.218183E+04,2.528942E-01,1.065845E+00,3.235032E+03,1.222538E+04,1.669510E-01,1.069665E+00
16:10:00,1.998291E+03,5.089375E+04,1.031402E-01,4.452679E+00,6.078889E+03,3.269761E+04,3.137569E-01,2.860715E+00,1.383438E+04,3.755255E+04,7.140502E-01,3.285465E+00,7.323555E+03,1.113745E+04,3.779423E-01,9.744897E-01,4.787120E+03,7.759268E+03,2.470445E-01,6.789095E-01,7.319435E+03,1.329234E+04,3.777296E-01,1.163024E+00,4.794550E+03,1.340720E+04,2.474280E-01,1.173083E+00,4.388781E+03,9.005462E+03,2.265037E-01,7.879183E-01,2.894520E+03,7.072927E+03,1.493848E-01,6.188314E-01,4.388778E+03,1.128937E+04,2.265036E-01,9.877369E-01,2.897852E+03,1.012594E+04,1.495567E-01,8.859507E-01,4.906011E+03,9.915511E+03,2.531869E-01,8.675632E-01,3.233458E+03,6.952318E+03,1.668698E-01,6.082962E-01,4.900347E+03,1.195085E+04,2.528946E-01,1.045636E+00,3.235037E+03,1.247051E+04,1.669512E-01,1.091111E+00
16:20:00,1.998450E+03,5.089690E+04,1.031483E-01,4.452954E+00,6.078919E+03,3.271313E+04,3.137584E-01,2.862072E+00,1.383439E+04,3.753647E+04,7.140505E-01,3.284058E+00,7.323556E+03,1.110547E+04,3.779424E-01,9.716915E-01,4.787121E+03,7.708081E+03,2.470446E-01,6.744309E-01,7.319436E+03,1.305158E+04,3.777297E-01,1.141959E+00,4.794551E+03,1.362279E+04,2.474280E-01,1.191944E+00,4.388797E+03,8.987909E+03,2.265045E-01,7.863825E-01,2.894530E+03,7.031960E+03,1.493853E-01,6.152471E-01,4.388794E+03,1.113193E+04,2.265044E-01,9.739625E-01,2.897861E+03,1.030528E+04,1.495572E-01,9.016408E-01,4.906018E+03,9.892272E+03,2.531872E-01,8.655300E-01,3.233463E+03,6.908539E+03,1.668700E-01,6.044658E-01,4.900354E+03,1.172599E+04,2.528950E-01,1.025962E+00,3.235041E+03,1.268355E+04,1.669515E-01,1.109750E+00
16:30:00,1.998607E+03,5.089874E+04,1.031565E-01,4.453115E+00,6.078948E+03,3.272692E+04,3.137599E-01,2.863279E+00,1.383439E+04,3.750995E+04,7.140508E-01,3.281737E+00,7.323558E+03,1.106770E+04,3.779424E-01,9.683869E-01,4.787122E+03,7.654384E+03,2.470446E-01,6.697326E-01,7.319437E+03,1.281788E+04,3.777298E-01,1.121511E+00,4.794551E+03,1.380414E+04,2.474280E-01,1.207810E+00,4.388813E+03,8.967463E+03,2.265053E-01,7.845936E-01,2.894540E+03,6.989903E+03,1.493858E-01,6.115675E-01,4.388810E+03,1.097575E+04,2.265052E-01,9.602979E-01,2.897871E+03,1.046732E+04,1.495577E-01,9.158177E-01,4.906024E+03,9.865477E+03,2.531876E-01,8.631854E-01,3.233467E+03,6.863512E+03,1.668702E-01,6.005262E-01,4.900361E+03,1.151051E+04,2.528953E-01,1.007109E+00,3.235045E+03,1.286451E+04,1.669517E-01,1.125581E+00
16:40:00,1.998764E+03,5.089921E+04,1.031646E-01,4.453156E+00,6.078978E+03,3.273888E+04,3.137615E-01,2.864325E+00,1.383440E+04,3.747310E+04,7.140511E-01,3.278513E+00,7.323559E+03,1.102395E+04,3.779425E-01,9.645586E-01,4.787122E+03,7.598047E+03,2.470447E-01,6.648033E-01,7.319439E+03,1.259465E+04,3.777299E-01,1.101980E+00,4.794552E+03,1.395007E+04,2.474281E-01,1.220577E+00,4.388828E+03,8.943912E+03,2.265061E-01,7.825330E-01,2.894549E+03,6.946621E+03,1.493863E-01,6.077807E-01,4.388826E+03,1.082347E+04,2.265060E-01,9.469740E-01,2.897880E+03,1.061108E+04,1.495582E-01,9.283945E-01,4.906031E+03,9.834881E+03,2.531879E-01,8.605084E-01,3.233471E+03,6.817091E+03,1.668705E-01,5.964646E-01,4.900368E+03,1.130771E+04,2.528957E-01,9.893655E-01,3.235050E+03,1.301220E+04,1.669519E-01,1.138502E+00
16:50:00,1.998920E+03,5.089832E+04,1.031726E-01,4.453078E+00,6.079008E+03,3.274902E+04,3.137630E-01,2.865212E+00,1.383440E+04,3.742566E+04,7.140514E-01,3.274362E+00,7.323560E+03,1.097574E+04,3.779426E-01,9.603400E-01,4.787123E+03,7.538919E+03,2.470447E-01,6.596298E-01,7.319440E+03,1.238602E+04,3.777299E-01,1.083726E+00,4.794553E+03,1.405957E+04,2.474281E-01,1.230156E+00,4.388844E+03,8.918605E+03,2.265069E-01,7.803187E-01,2.894559E+03,6.902020E+03,1.493868E-01,6.038784E-01,4.388841E+03,1.067879E+04,2.265068E-01,9.343164E-01,2.897890E+03,1.073572E+04,1.495587E-01,9.392992E-01,4.906038E+03,9.802004E+03,2.531883E-01,8.576318E-01,3.233476E+03,6.769156E+03,1.668707E-01,5.922706E-01,4.900374E+03,1.112164E+04,2.528960E-01,9.730857E-01,3.235054E+03,1.312564E+04,1.669521E-01,1.148426E+00
17:00:00,1.999075E+03,5.089609E+04,1.031806E-01,4.452883E+00,6.079037E+03,3.275737E+04,3.137645E-01,2.865943E+00,1.383441E+04,3.736774E+04,7.140517E-01,3.269295E+00,7.323562E+03,1.092820E+04,3.779426E-01,9.561804E-01,4.787124E+03,7.476932E+03,2.470448E-01,6.542062E-01,7.319441E+03,1.219425E+04,3.777300E-01,1.066947E+00,4.794554E+03,1.413169E+04,2.474282E-01,1.236465E+00,4.388859E+03,8.895415E+03,2.265077E-01,7.782897E-01,2.894568E+03,6.856046E+03,1.493873E-01,5.998560E-01,4.388857E+03,1.054466E+04,2.265076E-01,9.225811E-01,2.897899E+03,1.084058E+04,1.495592E-01,9.484725E-01,4.906045E+03,9.771866E+03,2.531886E-01,8.549948E-01,3.233480E+03,6.719643E+03,1.668709E-01,5.879385E-01,4.900381E+03,1.095449E+04,2.528963E-01,9.584612E-01,3.235058E+03,1.320393E+04,1.669524E-01,1.155275E+00
17:10:00,1.999229E+03,5.089274E+04,1.031886E-01,4.452589E+00,6.079066E+03,3.276416E+04,3.137660E-01,2.866536E+00,1.383442E+04,3.729968E+04,7.140520E-01,3.263340E+00,7.323563E+03,1.088582E+04,3.779427E-01,9.524723E-01,4.787125E+03,7.412065E+03,2.470448E-01,6.485305E-01,7.319442E+03,1.201855E+04,3.777301E-01,1.051575E+00,4.794555E+03,1.416311E+04,2.474282E-01,1.239213E+00,4.388875E+03,8.877227E+03,2.265085E-01,7.766985E-01,2.894578E+03,6.808674E+03,1.493878E-01,5.957114E-01,4.388872E+03,1.042147E+04,2.265084E-01,9.118031E-01,2.897909E+03,1.092583E+04,1.495597E-01,9.559307E-01,4.906051E+03,9.748837E+03,2.531890E-01,8.529799E-01,3.233484E+03,6.668522E+03,1.668711E-01,5.834656E-01,4.900388E+03,1.080540E+04,2.528967E-01,9.454181E-01,3.235063E+03,1.324373E+04,1.669526E-01,1.158757E+00
17:20:00,1.999382E+03,5.088928E+04,1.031965E-01,4.452287E+00,6.079095E+03,3.277041E+04,3.137675E-01,2.867084E+00,1.383442E+04,3.722264E+04,7.140523E-01,3.256600E+00,7.323564E+03,1.085238E+04,3.779428E-01,9.495462E-01,4.787126E+03,7.344315E+03,2.470448E-01,6.426027E-01,7.319444E+03,1.185668E+04,3.777301E-01,1.037413E+00,4.794556E+03,1.413954E+04,2.474283E-01,1.237150E+00,4.388890E+03,8.866360E+03,2.265093E-01,7.757478E-01,2.894587E+03,6.759896E+03,1.493883E-01,5.914437E-01,4.388887E+03,1.030863E+04,2.265092E-01,9.019310E-01,2.897918E+03,1.099705E+04,1.495602E-01,9.621610E-01,4.906058E+03,9.736582E+03,2.531893E-01,8.519078E-01,3.233488E+03,6.615779E+03,1.668713E-01,5.788509E-01,4.900394E+03,1.067211E+04,2.528970E-01,9.337561E-01,3.235067E+03,1.323079E+04,1.669528E-01,1.157623E+00
17:30:00,1.999534E+03,5.088819E+04,1.032043E-01,4.452191E+00,6.079124E+03,3.277865E+04,3.137690E-01,2.867804E+00,1.383443E+04,3.713932E+04,7.140526E-01,3.249310E+00,7.323566E+03,1.083109E+04,3.779428E-01,9.476838E-01,4.787127E+03,7.273697E+03,2.470449E-01,6.364239E-01,7.319445E+03,1.170581E+04,3.777302E-01,1.024213E+00,4.794556E+03,1.406301E+04,2.474283E-01,1.230453E+00,4.388905E+03,8.864749E+03,2.265101E-01,7.756069E-01,2.894596E+03,6.709713E+03,1.493887E-01,5.870530E-01,4.388903E+03,1.020500E+04,2.265100E-01,8.928642E-01,2.897928E+03,1.105812E+04,1.495607E-01,9.675038E-01,4.906065E+03,9.738195E+03,2.531897E-01,8.520492E-01,3.233492E+03,6.561416E+03,1.668716E-01,5.740944E-01,4.900401E+03,1.055168E+04,2.528974E-01,9.232195E-01,3.235071E+03,1.316707E+04,1.669530E-01,1.152046E+00
17:40:00,1.999685E+03,5.089198E+04,1.032121E-01,4.452523E+00,6.079153E+03,3.279143E+04,3.137705E-01,2.868922E+00,1.383443E+04,3.705251E+04,7.140529E-01,3.241715E+00,7.323567E+03,1.082445E+04,3.779429E-01,9.471030E-01,4.787127E+03,7.200241E+03,2.470449E-01,6.299967E-01,7.319446E+03,1.156249E+04,3.777303E-01,1.011674E+00,4.794557E+03,1.393887E+04,2.474283E-01,1.219589E+00,4.388920E+03,8.873841E+03,2.265109E-01,7.764027E-01,2.894606E+03,6.658132E+03,1.493892E-01,5.825401E-01,4.388918E+03,1.010871E+04,2.265107E-01,8.844398E-01,2.897937E+03,1.110945E+04,1.495611E-01,9.719946E-01,4.906071E+03,9.756034E+03,2.531900E-01,8.536104E-01,3.233497E+03,6.505445E+03,1.668718E-01,5.691972E-01,4.900407E+03,1.044059E+04,2.528977E-01,9.135009E-01,3.235075E+03,1.305789E+04,1.669532E-01,1.142493E+00
17:50:00,1.999836E+03,5.090230E+04,1.032199E-01,4.453426E+00,6.079181E+03,3.281041E+04,3.137719E-01,2.870583E+00,1.383444E+04,3.696433E+04,7.140532E-01,3.234000E+00,7.323568E+03,1.082649E+04,3.779430E-01,9.472827E-01,4.787128E+03,7.121042E+03,2.470450E-01,6.230671E-01,7.319448E+03,1.141718E+04,3.777303E-01,9.989597E-01,4.794558E+03,1.376176E+04,2.474284E-01,1.204093E+00,4.388935E+03,8.888450E+03,2.265117E-01,7.776811E-01,2.894615E+03,6.602781E+03,1.493897E-01,5.776974E-01,4.388933E+03,1.001277E+04,2.265115E-01,8.760466E-01,2.897946E+03,1.114276E+04,1.495616E-01,9.749083E-01,4.906078E+03,9.784122E+03,2.531903E-01,8.560684E-01,3.233501E+03,6.444964E+03,1.668720E-01,5.639054E-01,4.900414E+03,1.032928E+04,2.528981E-01,9.037618E-01,3.235079E+03,1.289798E+04,1.669534E-01,1.128501E+00
18:00:00,1.999985E+03,5.091975E+04,1.032276E-01,4.454953E+00,6.079209E+03,3.283618E+04,3.137734E-01,2.872838E+00,1.383444E+04,3.687543E+04,7.140535E-01,3.226222E+00,7.323569E+03,1.083611E+04,3.779430E-01,9.481245E-01,4.787129E+03,7.037823E+03,2.470450E-01,6.157857E-01,7.319449E+03,1.126871E+04,3.777304E-01,9.859702E-01,4.794559E+03,1.354028E+04,2.474284E-01,1.184712E+00,4.388950E+03,8.907715E+03,2.265124E-01,7.793669E-01,2.894624E+03,6.545094E+03,1.493902E-01,5.726501E-01,4.388948E+03,9.916197E+03,2.265123E-01,8.675971E-01,2.897955E+03,1.115995E+04,1.495621E-01,9.764118E-01,4.906084E+03,9.821249E+03,2.531907E-01,8.593173E-01,3.233505E+03,6.381642E+03,1.668722E-01,5.583650E-01,4.900420E+03,1.021645E+04,2.528984E-01,8.938899E-01,3.235083E+03,1.269585E+04,1.669537E-01,1.110814E+00
18:10:00,2.000134E+03,5.094416E+04,1.032353E-01,4.457089E+00,6.079237E+03,3.286851E+04,3.137749E-01,2.875666E+00,1.383445E+04,3.678570E+04,7.140538E-01,3.218372E+00,7.323571E+03,1.084926E+04,3.779431E-01,9.492753E-01,4.787130E+03,6.951187E+03,2.470450E-01,6.082053E-01,7.319450E+03,1.111647E+04,3.777304E-01,9.726497E-01,4.794560E+03,1.328054E+04,2.474285E-01,1.161986E+00,4.388965E+03,8.929153E+03,2.265132E-01,7.812428E-01,2.894633E+03,6.485500E+03,1.493906E-01,5.674360E-01,4.388962E+03,9.818453E+03,2.265130E-01,8.590454E-01,2.897964E+03,1.115782E+04,1.495626E-01,9.762253E-01,4.906091E+03,9.863429E+03,2.531910E-01,8.630081E-01,3.233509E+03,6.316085E+03,1.668724E-01,5.526291E-01,4.900427E+03,1.010141E+04,2.528987E-01,8.838247E-01,3.235087E+03,1.245764E+04,1.669539E-01,1.089972E+00
18:20:00,2.000282E+03,5.097398E+04,1.032429E-01,4.459698E+00,6.079265E+03,3.290578E+04,3.137763E-01,2.878927E+00,1.383446E+04,3.669376E+04,7.140541E-01,3.210328E+00,7.323572E+03,1.086070E+04,3.779432E-01,9.502769E-01,4.787131E+03,6.861336E+03,2.470451E-01,6.003437E-01,7.319451E+03,1.096018E+04,3.777305E-01,9.589750E-01,4.794560E+03,1.299747E+04,2.474285E-01,1.137218E+00,4.388980E+03,8.949733E+03,2.265140E-01,7.830435E-01,2.894642E+03,6.424140E+03,1.493911E-01,5.620675E-01,4.388977E+03,9.719100E+03,2.265138E-01,8.503528E-01,2.897973E+03,1.112570E+04,1.495630E-01,9.734144E-01,4.906097E+03,9.905425E+03,2.531913E-01,8.666829E-01,3.233513E+03,6.248455E+03,1.668726E-01,5.467118E-01,4.900433E+03,9.983769E+03,2.528990E-01,8.735321E-01,3.235091E+03,1.219827E+04,1.669541E-01,1.067278E+00
18:30:00,2.000429E+03,5.100569E+04,1.032505E-01,4.462472E+00,6.079293E+03,3.294433E+04,3.137777E-01,2.882300E+00,1.383446E+04,3.659639E+04,7.140544E-01,3.201809E+00,7.323573E+03,1.086402E+04,3.779432E-01,9.505671E-01,4.787131E+03,6.768451E+03,2.470451E-01,5.922166E-01,7.319452E+03,1.079946E+04,3.777306E-01,9.449129E-01,4.794561E+03,1.268862E+04,2.474285E-01,1.110195E+00,4.388995E+03,8.965758E+03,2.265147E-01,7.844457E-01,2.894651E+03,6.361115E+03,1.493916E-01,5.565533E-01,4.388992E+03,9.617541E+03,2.265146E-01,8.414672E-01,2.897982E+03,1.105318E+04,1.495635E-01,9.670691E-01,4.906103E+03,9.940810E+03,2.531917E-01,8.697790E-01,3.233517E+03,6.178862E+03,1.668728E-01,5.406227E-01,4.900440E+03,9.863014E+03,2.528994E-01,8.629668E-01,3.235096E+03,1.191527E+04,1.669543E-01,1.042516E+00
18:40:00,2.000575E+03,5.103502E+04,1.032580E-01,4.465038E+00,6.079321E+03,3.297964E+04,3.137792E-01,2.885389E+00,1.383447E+04,3.648953E+04,7.140546E-01,3.192460E+00,7.323574E+03,1.085201E+04,3.779433E-01,9.495160E-01,4.787132E+03,6.672703E+03,2.470452E-01,5.838389E-01,7.319454E+03,1.063396E+04,3.777306E-01,9.304324E-01,4.794562E+03,1.235276E+04,2.474286E-01,1.080808E+00,4.389009E+03,8.973219E+03,2.265155E-01,7.850984E-01,2.894660E+03,6.296509E+03,1.493920E-01,5.509008E-01,4.389006E+03,9.513293E+03,2.265153E-01,8.323464E-01,2.897991E+03,1.093105E+04,1.495639E-01,9.563827E-01,4.906110E+03,9.962400E+03,2.531920E-01,8.716679E-01,3.233521E+03,6.107398E+03,1.668730E-01,5.343700E-01,4.900446E+03,9.738661E+03,2.528997E-01,8.520865E-01,3.235100E+03,1.160730E+04,1.669545E-01,1.015571E+00
18:50:00,2.000720E+03,5.105778E+04,1.032655E-01,4.467029E+00,6.079348E+03,3.300707E+04,3.137806E-01,2.887789E+00,1.383447E+04,3.636897E+04,7.140549E-01,3.181913E+00,7.323575E+03,1.082046E+04,3.779433E-01,9.467550E-01,4.787133E+03,6.577220E+03,2.470452E-01,5.754845E-01,7.319455E+03,1.046793E+04,3.777307E-01,9.159050E-01,4.794563E+03,1.199315E+04,2.474286E-01,1.049344E+00,4.389024E+03,8.973483E+03,2.265162E-01,7.851214E-01,2.894669E+03,6.232783E+03,1.493925E-01,5.453252E-01,4.389021E+03,9.409447E+03,2.265161E-01,8.232606E-01,2.898000E+03,1.075828E+04,1.495644E-01,9.412659E-01,4.906116E+03,9.965910E+03,2.531923E-01,8.719747E-01,3.233525E+03,6.037069E+03,1.668732E-01,5.282166E-01,4.900452E+03,9.614768E+03,2.529000E-01,8.412465E-01,3.235104E+03,1.127750E+04,1.669547E-01,9.867150E-01
19:00:00,2.000864E+03,5.107061E+04,1.032730E-01,4.468152E+00,6.079376E+03,3.302312E+04,3.137820E-01,2.889193E+00,1.383448E+04,3.623160E+04,7.140552E-01,3.169893E+00,7.323577E+03,1.075631E+04,3.779434E-01,9.411420E-01,4.787134E+03,6.480382E+03,2.470452E-01,5.670116E-01,7.319456E+03,1.029846E+04,3.777308E-01,9.010768E-01,4.794563E+03,1.159773E+04,2.474287E-01,1.014746E+00,4.389038E+03,8.961106E+03,2.265170E-01,7.840382E-01,2.894678E+03,6.168513E+03,1.493929E-01,5.397022E-01,4.389035E+03,9.303504E+03,2.265168E-01,8.139915E-01,2.898009E+03,1.052647E+04,1.495649E-01,9.209840E-01,4.906122E+03,9.938418E+03,2.531926E-01,8.695689E-01,3.233529E+03,5.966228E+03,1.668734E-01,5.220183E-01,4.900459E+03,9.488416E+03,2.529003E-01,8.301915E-01,3.235108E+03,1.091381E+04,1.669549E-01,9.548938E-01
19:10:00,2.001008E+03,5.107107E+04,1.032804E-01,4.468192E+00,6.079403E+03,3.302539E+04,3.137834E-01,2.889392E+00,1.383448E+04,3.607538E+04,7.140555E-01,3.156226E+00,7.323578E+03,1.064623E+04,3.779435E-01,9.315094E-01,4.787134E+03,6.381296E+03,2.470453E-01,5.583420E-01,7.319457E+03,1.012435E+04,3.777308E-01,8.858431E-01,4.794564E+03,1.114725E+04,2.474287E-01,9.753308E-01,4.389052E+03,8.923531E+03,2.265177E-01,7.807505E-01,2.894687E+03,6.102868E+03,1.493934E-01,5.339587E-01,4.389050E+03,9.194206E+03,2.265175E-01,8.044287E-01,2.898018E+03,1.022292E+04,1.495653E-01,8.944247E-01,4.906128E+03,9.866572E+03,2.531930E-01,8.632820E-01,3.233533E+03,5.893828E+03,1.668737E-01,5.156838E-01,4.900465E+03,9.358190E+03,2.529007E-01,8.187974E-01,3.235111E+03,1.049694E+04,1.669551E-01,9.184199E-01
19:20:00,2.001151E+03,5.105706E+04,1.032877E-01,4.466966E+00,6.079430E+03,3.301172E+04,3.137848E-01,2.888195E+00,1.383449E+04,3.589838E+04,7.140558E-01,3.140740E+00,7.323579E+03,1.048937E+04,3.779435E-01,9.177836E-01,4.787135E+03,6.280181E+03,2.470453E-01,5.494948E-01,7.319458E+03,9.946364E+03,3.777309E-01,8.702703E-01,4.794565E+03,1.064273E+04,2.474287E-01,9.311876E-01,4.389067E+03,8.853549E+03,2.265184E-01,7.746271E-01,2.894695E+03,6.035940E+03,1.493938E-01,5.281031E-01,4.389064E+03,9.082053E+03,2.265183E-01,7.946163E-01,2.898026E+03,9.851976E+03,1.495658E-01,8.619691E-01,4.906135E+03,9.749568E+03,2.531933E-01,8.530438E-01,3.233537E+03,5.820040E+03,1.668739E-01,5.092277E-01,4.900471E+03,9.224789E+03,2.529010E-01,8.071256E-01,3.235115E+03,1.002786E+04,1.669553E-01,8.773782E-01
19:30:00,2.001292E+03,5.102681E+04,1.032951E-01,4.464320E+00,6.079457E+03,3.298019E+04,3.137862E-01,2.885436E+00,1.383449E+04,3.569873E+04,7.140560E-01,3.123273E+00,7.323580E+03,1.027754E+04,3.779436E-01,8.992481E-01,4.787136E+03,6.176577E+03,2.470454E-01,5.404299E-01,7.319460E+03,9.764638E+03,3.777309E-01,8.543700E-01,4.794566E+03,1.008415E+04,2.474288E-01,8.823140E-01,4.389081E+03,8.740963E+03,2.265192E-01,7.647760E-01,2.894704E+03,5.967331E+03,1.493943E-01,5.221003E-01,4.389078E+03,8.967074E+03,2.265190E-01,7.845564E-01,2.898035E+03,9.418117E+03,1.495662E-01,8.240089E-01,4.906141E+03,9.579379E+03,2.531936E-01,8.381519E-01,3.233541E+03,5.744389E+03,1.668741E-01,5.026086E-01,4.900477E+03,9.088345E+03,2.529013E-01,7.951874E-01,3.235119E+03,9.506585E+03,1.669555E-01,8.317687E-01
19:40:00,2.001433E+03,5.097974E+04,1.033024E-01,4.460201E+00,6.079483E+03,3.293019E+04,3.137875E-01,2.881061E+00,1.383450E+04,3.547588E+04,7.140563E-01,3.103776E+00,7.323581E+03,1.001833E+04,3.779437E-01,8.765672E-01,4.787137E+03,6.070752E+03,2.470454E-01,5.311705E-01,7.319461E+03,9.580533E+03,3.777310E-01,8.382615E-01,4.794566E+03,9.490986E+03,2.474288E-01,8.304137E-01,4.389095E+03,8.590250E+03,2.265199E-01,7.515888E-01,2.894713E+03,5.897103E+03,1.493947E-01,5.159559E-01,4.389092E+03,8.850318E+03,2.265197E-01,7.743412E-01,2.898044E+03,8.948010E+03,1.495666E-01,7.828775E-01,4.906147E+03,9.363532E+03,2.531939E-01,8.192651E-01,3.233545E+03,5.667114E+03,1.668743E-01,4.958475E-01,4.900483E+03,8.950195E+03,2.529016E-01,7.831000E-01,3.235123E+03,8.952398E+03,1.669557E-01,7.832798E-01
19:50:00,2.001574E+03,5.091764E+04,1.033096E-01,4.454767E+00,6.079510E+03,3.286382E+04,3.137889E-01,2.875255E+00,1.383450E+04,3.523228E+04,7.140566E-01,3.082462E+00,7.323583E+03,9.731638E+03,3.779437E-01,8.514815E-01,4.787137E+03,5.962252E+03,2.470454E-01,5.216772E-01,7.319462E+03,9.394307E+03,3.777311E-01,8.219675E-01,4.794567E+03,8.897894E+03,2.474289E-01,7.785203E-01,4.389109E+03,8.412879E+03,2.265206E-01,7.360691E-01,2.894721E+03,5.824879E+03,1.493952E-01,5.096369E-01,4.389106E+03,8.731948E+03,2.265205E-01,7.639847E-01,2.898052E+03,8.476040E+03,1.495671E-01,7.415832E-01,4.906153E+03,9.121699E+03,2.531942E-01,7.981045E-01,3.233549E+03,5.587718E+03,1.668745E-01,4.889007E-01,4.900489E+03,8.810549E+03,2.529019E-01,7.708817E-01,3.235127E+03,8.399500E+03,1.669559E-01,7.349038E-01
20:00:00,2.001713E+03,5.084425E+04,1.033168E-01,4.448346E+00,6.079536E+03,3.278501E+04,3.137903E-01,2.868359E+00,1.383451E+04,3.497253E+04,7.140569E-01,3.059736E+00,7.323584E+03,9.443337E+03,3.779438E-01,8.262552E-01,4.787138E+03,5.855239E+03,2.470455E-01,5.123140E-01,7.319463E+03,9.212988E+03,3.777311E-01,8.061029E-01,4.794568E+03,8.338930E+03,2.474289E-01,7.296133E-01,4.389123E+03,8.224513E+03,2.265213E-01,7.195876E-01,2.894730E+03,5.753874E+03,1.493956E-01,5.034245E-01,4.389120E+03,8.617448E+03,2.265212E-01,7.539668E-01,2.898061E+03,8.031918E+03,1.495675E-01,7.027258E-01,4.906159E+03,8.879416E+03,2.531945E-01,7.769050E-01,3.233552E+03,5.510213E+03,1.668747E-01,4.821194E-01,4.900495E+03,8.676227E+03,2.529022E-01,7.591293E-01,3.235131E+03,7.881394E+03,1.669561E-01,6.895723E-01
20:10:00,2.001852E+03,5.076402E+04,1.033239E-01,4.441327E+00,6.079562E+03,3.269832E+04,3.137916E-01,2.860774E+00,1.383451E+04,3.470231E+04,7.140571E-01,3.036095E+00,7.323585E+03,9.173842E+03,3.779438E-01,8.026749E-01,4.787139E+03,5.752638E+03,2.470455E-01,5.033368E-01,7.319464E+03,9.041339E+03,3.777312E-01,7.910843E-01,4.794569E+03,7.846992E+03,2.474289E-01,6.865713E-01,4.389136E+03,8.042917E+03,2.265220E-01,7.036987E-01,2.894738E+03,5.686355E+03,1.493961E-01,4.975171E-01,4.389134E+03,8.510483E+03,2.265219E-01,7.446083E-01,2.898069E+03,7.643137E+03,1.495680E-01,6.687108E-01,4.906165E+03,8.656742E+03,2.531948E-01,7.574216E-01,3.233556E+03,5.437372E+03,1.668748E-01,4.757462E-01,4.900501E+03,8.551779E+03,2.529026E-01,7.482409E-01,3.235135E+03,7.430417E+03,1.669563E-01,6.501148E-01
20:20:00,2.001989E+03,5.068165E+04,1.033310E-01,4.434121E+00,6.079588E+03,3.260873E+04,3.137930E-01,2.852936E+00,1.383452E+04,3.442808E+04,7.140574E-01,3.012103E+00,7.323586E+03,8.928742E+03,3.779439E-01,7.812298E-01,4.787140E+03,5.655238E+03,2.470456E-01,4.948148E-01,7.319465E+03,8.880476E+03,3.777312E-01,7.770098E-01,4.794569E+03,7.431758E+03,2.474290E-01,6.502414E-01,4.389150E+03,7.878456E+03,2.265227E-01,6.893094E-01,2.894746E+03,5.622913E+03,1.493965E-01,4.919665E-01,4.389147E+03,8.411797E+03,2.265226E-01,7.359742E-01,2.898077E+03,7.318152E+03,1.495684E-01,6.402781E-01,4.906171E+03,8.458924E+03,2.531952E-01,7.401137E-01,3.233560E+03,5.369790E+03,1.668750E-01,4.698333E-01,4.900507E+03,8.438045E+03,2.529029E-01,7.382899E-01,3.235138E+03,7.055788E+03,1.669565E-01,6.173379E-01
20:30:00,2.002126E+03,5.060175E+04,1.033381E-01,4.427130E+00,6.079614E+03,3.252124E+04,3.137943E-01,2.845281E+00,1.383452E+04,3.415654E+04,7.140577E-01,2.988346E+00,7.323587E+03,8.722208E+03,3.779440E-01,7.631593E-01,4.787140E+03,5.564431E+03,2.470456E-01,4.868696E-01,7.319467E+03,8.732139E+03,3.777313E-01,7.640312E-01,4.794570E+03,7.103882E+03,2.474290E-01,6.215553E-01,4.389164E+03,7.744984E+03,2.265234E-01,6.776318E-01,2.894755E+03,5.564540E+03,1.493969E-01,4.868594E-01,4.389161E+03,8.322598E+03,2.265233E-01,7.281702E-01,2.898086E+03,7.065556E+03,1.495688E-01,6.181790E-01,4.906177E+03,8.299577E+03,2.531955E-01,7.261721E-01,3.233564E+03,5.308616E+03,1.668752E-01,4.644810E-01,4.900513E+03,8.336407E+03,2.529032E-01,7.293975E-01,3.235142E+03,6.767581E+03,1.669567E-01,5.921229E-01
20:40:00,2.002263E+03,5.052808E+04,1.033451E-01,4.420684E+00,6.079640E+03,3.243996E+04,3.137956E-01,2.838170E+00,1.383453E+04,3.389364E+04,7.140579E-01,2.965345E+00,7.323588E+03,8.553834E+03,3.779440E-01,7.484282E-01,4.787141E+03,5.480806E+03,2.470456E-01,4.795530E-01,7.319468E+03,8.596764E+03,3.777314E-01,7.521868E-01,4.794571E+03,6.849343E+03,2.474290E-01,5.992860E-01,4.389177E+03,7.642179E+03,2.265241E-01,6.686376E-01,2.894763E+03,5.511684E+03,1.493974E-01,4.822351E-01,4.389175E+03,8.243008E+03,2.265240E-01,7.212069E-01,2.898094E+03,6.873416E+03,1.495693E-01,6.013697E-01,4.906183E+03,8.177884E+03,2.531958E-01,7.155255E-01,3.233568E+03,5.254189E+03,1.668754E-01,4.597191E-01,4.900519E+03,8.246931E+03,2.529035E-01,7.215692E-01,3.235146E+03,6.551408E+03,1.669569E-01,5.732108E-01
20:50:00,2.002398E+03,5.046252E+04,1.033521E-01,4.414949E+00,6.079665E+03,3.236702E+04,3.137970E-01,2.831789E+00,1.383453E+04,3.364319E+04,7.140582E-01,2.943433E+00,7.323589E+03,8.414516E+03,3.779441E-01,7.362395E-01,4.787142E+03,5.405638E+03,2.470457E-01,4.729763E-01,7.319469E+03,8.475829E+03,3.777314E-01,7.416060E-01,4.794572E+03,6.644702E+03,2.474291E-01,5.813827E-01,4.389191E+03,7.562293E+03,2.265248E-01,6.616489E-01,2.894771E+03,5.465186E+03,1.493978E-01,4.781670E-01,4.389188E+03,8.173985E+03,2.265247E-01,7.151683E-01,2.898102E+03,6.722188E+03,1.495697E-01,5.881398E-01,4.906189E+03,8.084401E+03,2.531961E-01,7.073473E-01,3.233571E+03,5.207527E+03,1.668756E-01,4.556366E-01,4.900525E+03,8.170715E+03,2.529038E-01,7.149011E-01,3.235150E+03,6.383682E+03,1.669571E-01,5.585375E-01
21:00:00,2.002533E+03,5.040501E+04,1.033591E-01,4.409917E+00,6.079691E+03,3.230244E+04,3.137983E-01,2.826139E+00,1.383454E+04,3.340663E+04,7.140584E-01,2.922737E+00,7.323591E+03,8.289477E+03,3.779441E-01,7.253002E-01,4.787142E+03,5.335615E+03,2.470457E-01,4.668499E-01,7.319470E+03,8.363978E+03,3.777315E-01,7.318200E-01,4.794572E+03,6.468266E+03,2.474291E-01,5.659470E-01,4.389204E+03,7.493255E+03,2.265255E-01,6.556094E-01,2.894780E+03,5.422314E+03,1.493982E-01,4.744163E-01,4.389201E+03,8.111106E+03,2.265254E-01,7.096672E-01,2.898111E+03,6.593888E+03,1.495701E-01,5.769157E-01,4.906194E+03,8.004082E+03,2.531964E-01,7.003208E-01,3.233575E+03,5.165150E+03,1.668758E-01,4.519291E-01,4.900531E+03,8.102147E+03,2.529041E-01,7.089022E-01,3.235153E+03,6.242628E+03,1.669573E-01,5.461976E-01
21:10:00,2.002666E+03,5.035429E+04,1.033660E-01,4.405481E+00,6.079716E+03,3.224492E+04,3.137996E-01,2.821107E+00,1.383454E+04,3.318369E+04,7.140587E-01,2.903233E+00,7.323592E+03,8.173485E+03,3.779442E-01,7.151522E-01,4.787143E+03,5.269212E+03,2.470457E-01,4.610402E-01,7.319471E+03,8.258646E+03,3.777315E-01,7.226042E-01,4.794573E+03,6.311522E+03,2.474292E-01,5.522337E-01,4.389218E+03,7.430734E+03,2.265262E-01,6.501399E-01,2.894788E+03,5.381787E+03,1.493986E-01,4.708706E-01,4.389215E+03,8.052280E+03,2.265261E-01,7.045206E-01,2.898119E+03,6.481327E+03,1.495705E-01,5.670685E-01,4.906200E+03,7.931395E+03,2.531967E-01,6.939619E-01,3.233579E+03,5.125407E+03,1.668760E-01,4.484520E-01,4.900536E+03,8.038480E+03,2.529044E-01,7.033321E-01,3.235157E+03,6.119593E+03,1.669575E-01,5.354339E-01
21:20:00,2.002799E+03,5.030898E+04,1.033728E-01,4.401517E+00,6.079741E+03,3.219299E+04,3.138009E-01,2.816564E+00,1.383455E+04,3.297351E+04,7.140590E-01,2.884844E+00,7.323593E+03,8.065147E+03,3.779442E-01,7.056737E-01,4.787144E+03,5.206081E+03,2.470458E-01,4.555166E-01,7.319472E+03,8.159107E+03,3.777316E-01,7.138954E-01,4.794574E+03,6.170704E+03,2.474292E-01,5.399136E-01,4.389231E+03,7.373304E+03,2.265269E-01,6.451156E-01,2.894796E+03,5.343199E+03,1.493990E-01,4.674946E-01,4.389228E+03,7.996784E+03,2.265268E-01,6.996654E-01,2.898127E+03,6.381093E+03,1.495709E-01,5.582994E-01,4.906206E+03,7.864673E+03,2.531970E-01,6.881247E-01,3.233582E+03,5.087840E+03,1.668762E-01,4.451653E-01,4.900542E+03,7.978831E+03,2.529047E-01,6.981134E-01,3.235161E+03,6.010691E+03,1.669576E-01,5.259064E-01
21:30:00,2.002932E+03,5.026792E+04,1.033797E-01,4.397924E+00,6.079766E+03,3.214543E+04,3.138022E-01,2.812403E+00,1.383455E+04,3.277541E+04,7.140592E-01,2.867514E+00,7.323594E+03,7.963583E+03,3.779443E-01,6.967876E-01,4.787145E+03,5.145975E+03,2.470458E-01,4.502577E-01,7.319473E+03,8.064842E+03,3.777316E-01,7.056479E-01,4.794574E+03,6.043220E+03,2.474292E-01,5.287599E-01,4.389244E+03,7.320036E+03,2.265276E-01,6.404553E-01,2.894804E+03,5.306256E+03,1.493995E-01,4.642624E-01,4.389241E+03,7.944092E+03,2.265274E-01,6.950554E-01,2.898135E+03,6.290828E+03,1.495714E-01,5.504024E-01,4.906212E+03,7.802826E+03,2.531973E-01,6.827138E-01,3.233586E+03,5.052114E+03,1.668764E-01,4.420396E-01,4.900548E+03,7.922552E+03,2.529050E-01,6.931896E-01,3.235164E+03,5.913232E+03,1.669578E-01,5.173798E-01
21:40:00,2.003063E+03,5.023020E+04,1.033865E-01,4.394624E+00,6.079791E+03,3.210125E+04,3.138034E-01,2.808537E+00,1.383456E+04,3.258837E+04,7.140595E-01,2.851150E+00,7.323595E+03,7.868066E+03,3.779444E-01,6.884307E-01,4.787145E+03,5.088650E+03,2.470458E-01,4.452421E-01,7.319474E+03,7.975356E+03,3.777317E-01,6.978185E-01,4.794575E+03,5.927040E+03,2.474293E-01,5.185952E-01,4.389257E+03,7.270258E+03,2.265283E-01,6.361004E-01,2.894812E+03,5.270733E+03,1.493999E-01,4.611546E-01,4.389254E+03,7.893799E+03,2.265281E-01,6.906553E-01,2.898143E+03,6.208769E+03,1.495718E-01,5.432232E-01,4.906217E+03,7.745066E+03,2.531975E-01,6.776604E-01,3.233590E+03,5.017972E+03,1.668766E-01,4.390525E-01,4.900554E+03,7.869142E+03,2.529053E-01,6.885167E-01,3.235168E+03,5.825193E+03,1.669580E-01,5.096773E-01
21:50:00,2.003194E+03,5.019513E+04,1.033932E-01,4.391556E+00,6.079816E+03,3.205969E+04,3.138047E-01,2.804902E+00,1.383456E+04,3.241142E+04,7.140597E-01,2.835670E+00,7.323596E+03,7.777982E+03,3.779444E-01,6.805490E-01,4.787146E+03,5.033881E+03,2.470459E-01,4.404503E-01,7.319476E+03,7.890213E+03,3.777318E-01,6.903690E-01,4.794576E+03,5.820512E+03,2.474293E-01,5.092749E-01,4.389270E+03,7.223456E+03,2.265289E-01,6.320058E-01,2.894820E+03,5.236455E+03,1.494003E-01,4.581556E-01,4.389267E+03,7.845585E+03,2.265288E-01,6.864371E-01,2.898151E+03,6.133544E+03,1.495722E-01,5.366420E-01,4.906223E+03,7.690785E+03,2.531978E-01,6.729113E-01,3.233593E+03,4.985210E+03,1.668768E-01,4.361860E-01,4.900559E+03,7.818203E+03,2.529056E-01,6.840599E-01,3.235172E+03,5.745001E+03,1.669582E-01,5.026614E-01
22:00:00,2.003324E+03,5.016220E+04,1.033999E-01,4.388675E+00,6.079840E+03,3.202021E+04,3.138060E-01,2.801447E+00,1.383457E+04,3.224387E+04,7.140600E-01,2.821011E+00,7.323597E+03,7.692805E+03,3.779445E-01,6.730966E-01,4.787147E+03,4.981472E+03,2.470459E-01,4.358648E-01,7.319477E+03,7.809030E+03,3.777318E-01,6.832660E-01,4.794576E+03,5.722280E+03,2.474293E-01,5.006804E-01,4.389283E+03,7.179216E+03,2.265296E-01,6.281353E-01,2.894828E+03,5.203278E+03,1.494007E-01,4.552529E-01,4.389280E+03,7.799191E+03,2.265295E-01,6.823781E-01,2.898159E+03,6.064065E+03,1.495726E-01,5.305634E-01,4.906229E+03,7.639500E+03,2.531981E-01,6.684244E-01,3.233597E+03,4.953663E+03,1.668769E-01,4.334259E-01,4.900565E+03,7.769415E+03,2.529058E-01,6.797914E-01,3.235175E+03,5.671411E+03,1.669584E-01,4.962230E-01
22:10:00,2.003453E+03,4.969915E+04,1.034066E-01,4.348163E+00,6.079865E+03,3.153858E+04,3.138072E-01,2.759310E+00,1.383457E+04,3.164125E+04,7.140602E-01,2.768289E+00,7.323598E+03,7.519317E+03,3.779445E-01,6.579172E-01,4.787147E+03,4.872557E+03,2.470460E-01,4.263352E-01,7.319478E+03,7.638702E+03,3.777319E-01,6.683631E-01,4.794577E+03,5.572385E+03,2.474294E-01,4.875654E-01,4.389296E+03,7.046520E+03,2.265303E-01,6.165254E-01,2.894836E+03,5.113594E+03,1.494011E-01,4.474062E-01,4.389293E+03,7.663621E+03,2.265301E-01,6.705168E-01,2.898167E+03,5.941850E+03,1.495730E-01,5.198707E-01,4.906234E+03,7.498019E+03,2.531984E-01,6.560456E-01,3.233600E+03,4.864470E+03,1.668771E-01,4.256220E-01,4.900571E+03,7.629681E+03,2.529061E-01,6.675655E-01,3.235179E+03,5.544550E+03,1.669586E-01,4.851235E-01
22:20:00,2.003581E+03,4.922419E+04,1.034132E-01,4.306606E+00,6.079889E+03,3.104116E+04,3.138085E-01,2.715787E+00,1.383458E+04,3.102935E+04,7.140605E-01,2.714751E+00,7.323599E+03,7.346237E+03,3.779446E-01,6.427723E-01,4.787148E+03,4.763366E+03,2.470460E-01,4.167806E-01,7.319479E+03,7.468072E+03,3.777319E-01,6.534325E-01,4.794578E+03,5.426364E+03,2.474294E-01,4.747887E-01,4.389309E+03,6.912996E+03,2.265309E-01,6.048421E-01,2.894844E+03,5.022978E+03,1.494015E-01,4.394774E-01,4.389306E+03,7.526652E+03,2.265308E-01,6.585320E-01,2.898174E+03,5.821915E+03,1.495734E-01,5.093769E-01,4.906240E+03,7.355140E+03,2.531987E-01,6.435432E-01,3.233604E+03,4.773913E+03,1.668773E-01,4.176979E-01,4.900576E+03,7.487932E+03,2.529064E-01,6.551619E-01,3.235182E+03,5.420080E+03,1.669588E-01,4.742325E-01
22:30:00,2.003709E+03,4.874527E+04,1.034198E-01,4.264685E+00,6.079913E+03,3.053884E+04,3.138097E-01,2.671828E+00,1.383458E+04,3.041813E+04,7.140607E-01,2.661264E+00,7.323600E+03,7.175380E+03,3.779446E-01,6.278200E-01,4.787149E+03,4.655111E+03,2.470460E-01,4.073067E-01,7.319480E+03,7.299035E+03,3.777320E-01,6.386395E-01,4.794578E+03,5.284833E+03,2.474294E-01,4.624033E-01,4.389321E+03,6.779963E+03,2.265316E-01,5.932000E-01,2.894851E+03,4.932361E+03,1.494019E-01,4.315472E-01,4.389319E+03,7.389727E+03,2.265314E-01,6.465492E-01,2.898182E+03,5.704740E+03,1.495738E-01,4.991228E-01,4.906245E+03,7.212850E+03,2.531990E-01,6.310906E-01,3.233607E+03,4.683319E+03,1.668775E-01,4.097695E-01,4.900582E+03,7.346259E+03,2.529067E-01,6.427632E-01,3.235186E+03,5.298808E+03,1.669589E-01,4.636199E-01
22:40:00,2.003836E+03,4.826360E+04,1.034263E-01,4.222501E+00,6.079937E+03,3.003298E+04,3.138110E-01,2.627547E+00,1.383459E+04,2.980852E+04,7.140610E-01,2.607907E+00,7.323601E+03,7.006828E+03,3.779447E-01,6.130673E-01,4.787149E+03,4.547912E+03,2.470461E-01,3.979239E-01,7.319481E+03,7.131749E+03,3.777320E-01,6.239974E-01,4.794579E+03,5.147389E+03,2.474295E-01,4.503738E-01,4.389334E+03,6.647594E+03,2.265322E-01,5.816139E-01,2.894859E+03,4.841913E+03,1.494023E-01,4.236300E-01,4.389331E+03,7.253092E+03,2.265321E-01,6.345893E-01,2.898190E+03,5.590083E+03,1.495742E-01,4.890871E-01,4.906251E+03,7.071344E+03,2.531993E-01,6.187043E-01,3.233611E+03,4.592880E+03,1.668777E-01,4.018531E-01,4.900587E+03,7.204934E+03,2.529070E-01,6.303926E-01,3.235189E+03,5.180455E+03,1.669591E-01,4.532609E-01
22:50:00,2.003962E+03,4.777973E+04,1.034329E-01,4.180107E+00,6.079961E+03,2.952441E+04,3.138122E-01,2.583021E+00,1.383459E+04,2.920137E+04,7.140612E-01,2.554757E+00,7.323602E+03,6.840621E+03,3.779447E-01,5.985181E-01,4.787150E+03,4.441859E+03,2.470461E-01,3.886403E-01,7.319482E+03,6.966329E+03,3.777321E-01,6.095168E-01,4.794580E+03,5.013725E+03,2.474295E-01,4.386739E-01,4.389347E+03,6.515941E+03,2.265329E-01,5.700886E-01,2.894867E+03,4.751714E+03,1.494027E-01,4.157334E-01,4.389344E+03,7.116860E+03,2.265327E-01,6.226627E-01,2.898198E+03,5.477693E+03,1.495746E-01,4.792482E-01,4.906256E+03,6.930711E+03,2.531996E-01,6.063926E-01,3.233614E+03,4.502709E+03,1.668778E-01,3.939590E-01,4.900593E+03,7.064112E+03,2.529073E-01,6.180643E-01,3.235193E+03,5.064761E+03,1.669593E-01,4.431332E-01
23:00:00,2.004087E+03,4.729393E+04,1.034393E-01,4.137537E+00,6.079985E+03,2.901351E+04,3.138134E-01,2.538284E+00,1.383460E+04,2.859651E+04,7.140615E-01,2.501801E+00,7.323604E+03,6.676656E+03,3.779448E-01,5.841642E-01,4.787151E+03,4.336945E+03,2.470461E-01,3.794557E-01,7.319483E+03,6.802740E+03,3.777321E-01,5.951956E-01,4.794580E+03,4.883498E+03,2.474295E-01,4.272741E-01,4.389359E+03,6.385003E+03,2.265335E-01,5.586250E-01,2.894874E+03,4.661809E+03,1.494031E-01,4.078619E-01,4.389356E+03,6.981083E+03,2.265334E-01,6.107749E-01,2.898205E+03,5.367337E+03,1.495750E-01,4.695866E-01,4.906262E+03,6.790956E+03,2.531998E-01,5.941569E-01,3.233618E+03,4.412860E+03,1.668780E-01,3.860925E-01,4.900598E+03,6.923857E+03,2.529075E-01,6.057845E-01,3.235196E+03,4.951456E+03,1.669595E-01,4.332139E-01
23:10:00,2.004212E+03,4.723829E+04,1.034458E-01,4.132598E+00,6.080008E+03,2.894431E+04,3.138146E-01,2.532189E+00,1.383460E+04,2.843752E+04,7.140617E-01,2.487851E+00,7.323605E+03,6.607564E+03,3.779448E-01,5.781110E-01,4.787151E+03,4.291826E+03,2.470462E-01,3.755028E-01,7.319484E+03,6.733686E+03,3.777322E-01,5.891455E-01,4.794581E+03,4.815237E+03,2.474296E-01,4.212959E-01,4.389371E+03,6.345451E+03,2.265342E-01,5.551565E-01,2.894882E+03,4.629718E+03,1.494035E-01,4.050483E-01,4.389369E+03,6.936577E+03,2.265340E-01,6.068722E-01,2.898213E+03,5.316416E+03,1.495754E-01,4.651249E-01,4.906267E+03,6.744868E+03,2.532001E-01,5.901160E-01,3.233621E+03,4.382095E+03,1.668782E-01,3.833954E-01,4.900603E+03,6.877045E+03,2.529078E-01,6.016801E-01,3.235200E+03,4.899175E+03,1.669597E-01,4.286337E-01
23:20:00,2.004336E+03,4.719450E+04,1.034522E-01,4.128699E+00,6.080031E+03,2.889036E+04,3.138158E-01,2.527429E+00,1.383461E+04,2.829785E+04,7.140619E-01,2.475594E+00,7.323606E+03,6.544107E+03,3.779449E-01,5.725519E-01,4.787152E+03,4.250083E+03,2.470462E-01,3.718461E-01,7.319485E+03,6.669966E+03,3.777323E-01,5.835633E-01,4.794582E+03,4.752207E+03,2.474296E-01,4.157762E-01,4.389384E+03,6.309358E+03,2.265348E-01,5.519914E-01,2.894890E+03,4.599789E+03,1.494039E-01,4.024244E-01,4.389381E+03,6.895410E+03,2.265346E-01,6.032624E-01,2.898220E+03,5.269033E+03,1.495758E-01,4.609732E-01,4.906272E+03,6.703306E+03,2.532004E-01,5.864722E-01,3.233625E+03,4.354050E+03,1.668784E-01,3.809368E-01,4.900609E+03,6.834559E+03,2.529081E-01,5.979553E-01,3.235203E+03,4.851243E+03,1.669598E-01,4.244347E-01
23:30:00,2.004459E+03,4.715452E+04,1.034585E-01,4.125150E+00,6.080055E+03,2.884064E+04,3.138170E-01,2.523047E+00,1.383461E+04,2.816653E+04,7.140622E-01,2.464075E+00,7.323607E+03,6.483945E+03,3.779450E-01,5.672828E-01,4.787153E+03,4.210292E+03,2.470462E-01,3.683613E-01,7.319486E+03,6.609299E+03,3.777323E-01,5.782500E-01,4.794582E+03,4.692719E+03,2.474296E-01,4.105677E-01,4.389396E+03,6.275149E+03,2.265354E-01,5.489927E-01,2.894897E+03,4.571020E+03,1.494043E-01,3.999034E-01,4.389393E+03,6.856001E+03,2.265353E-01,5.998083E-01,2.898228E+03,5.223973E+03,1.495762E-01,4.570264E-01,4.906278E+03,6.663982E+03,2.532007E-01,5.830260E-01,3.233628E+03,4.327317E+03,1.668785E-01,3.785942E-01,4.900614E+03,6.794135E+03,2.529084E-01,5.944127E-01,3.235206E+03,4.806007E+03,1.669600E-01,4.204730E-01
23:40:00,2.004582E+03,4.711707E+04,1.034649E-01,4.121845E+00,6.080078E+03,2.879376E+04,3.138182E-01,2.518924E+00,1.383462E+04,2.804203E+04,7.140624E-01,2.453162E+00,7.323608E+03,6.426579E+03,3.779450E-01,5.622606E-01,4.787153E+03,4.172171E+03,2.470463E-01,3.650240E-01,7.319487E+03,6.551238E+03,3.777324E-01,5.731669E-01,4.794583E+03,4.636304E+03,2.474297E-01,4.056299E-01,4.389408E+03,6.242430E+03,2.265361E-01,5.461266E-01,2.894905E+03,4.543184E+03,1.494047E-01,3.974656E-01,4.389405E+03,6.817984E+03,2.265359E-01,5.964785E-01,2.898235E+03,5.180868E+03,1.495766E-01,4.532528E-01,4.906283E+03,6.626454E+03,2.532009E-01,5.797391E-01,3.233631E+03,4.301640E+03,1.668787E-01,3.763456E-01,4.900619E+03,6.755360E+03,2.529086E-01,5.910167E-01,3.235210E+03,4.763052E+03,1.669602E-01,4.167126E-01
23:50:00,2.004704E+03,4.708154E+04,1.034711E-01,4.118725E+00,6.080101E+03,2.874884E+04,3.138194E-01,2.514982E+00,1.383462E+04,2.792299E+04,7.140627E-01,2.442736E+00,7.323609E+03,6.371602E+03,3.779451E-01,5.574490E-01,4.787154E+03,4.135483E+03,2.470463E-01,3.618131E-01,7.319488E+03,6.495404E+03,3.777324E-01,5.682803E-01,4.794584E+03,4.582554E+03,2.474297E-01,4.009263E-01,4.389420E+03,6.210961E+03,2.265367E-01,5.433714E-01,2.894912E+03,4.516144E+03,1.494050E-01,3.950987E-01,4.389418E+03,6.781144E+03,2.265365E-01,5.932534E-01,2.898243E+03,5.139458E+03,1.495769E-01,4.496288E-01,4.906288E+03,6.590419E+03,2.532012E-01,5.765847E-01,3.233635E+03,4.276848E+03,1.668789E-01,3.741754E-01,4.900625E+03,6.717954E+03,2.529089E-01,5.877423E-01,3.235213E+03,4.722059E+03,1.669603E-01,4.131252E-01
24:00:00,2.004825E+03,4.704759E+04,1.034774E-01,4.115751E+00,6.080124E+03,2.870550E+04,3.138206E-01,2.511183E+00,1.383463E+04,2.780886E+04,7.140629E-01,2.432745E+00,7.323610E+03,6.318769E+03,3.779451E-01,5.528260E-01,4.787155E+03,4.100092E+03,2.470463E-01,3.587164E-01,7.319489E+03,6.441580E+03,3.777325E-01,5.635705E-01,4.794584E+03,4.531195E+03,2.474297E-01,3.964326E-01,4.389432E+03,6.180573E+03,2.265373E-01,5.407118E-01,2.894919E+03,4.489806E+03,1.494054E-01,3.927940E-01,4.389430E+03,6.745333E+03,2.265372E-01,5.901195E-01,2.898250E+03,5.099548E+03,1.495773E-01,4.461368E-01,4.906293E+03,6.555682E+03,2.532015E-01,5.735448E-01,3.233638E+03,4.252831E+03,1.668791E-01,3.720736E-01,4.900630E+03,6.681742E+03,2.529092E-01,5.845734E-01,3.235216E+03,4.682806E+03,1.669605E-01,4.096906E-01
Peak,2.004825E+03,5.274789E+04,1.034774E-01,4.526258E+00,6.080124E+03,3.449531E+04,3.138206E-01,2.935967E+00,1.383463E+04,3.755830E+04,7.140629E-01,3.285969E+00,7.323610E+03,1.122978E+04,3.779451E-01,9.825695E-01,4.787155E+03,1.279817E+04,2.470463E-01,1.119791E+00,7.319489E+03,1.572221E+04,3.777325E-01,1.375634E+00,4.794584E+03,1.416311E+04,2.474297E-01,1.239213E+00,4.389432E+03,9.065387E+03,2.265373E-01,7.931620E-01,2.894919E+03,1.033049E+04,1.494054E-01,9.038426E-01,4.389430E+03,1.257544E+04,2.265372E-01,1.100262E+00,2.898250E+03,1.115995E+04,1.495773E-01,9.764118E-01,4.906293E+03,1.000028E+04,2.532015E-01,8.749810E-01,3.233638E+03,1.258659E+04,1.668791E-01,1.101262E+00,4.900630E+03,1.446203E+04,2.529092E-01,1.265356E+00,3.235216E+03,1.324373E+04,1.669605E-01,1.158757E+00

Peak Vol Flow (m3/s),,,8.814648E-02,3.855661E+00,,,2.673259E-01,2.500983E+00,,,6.082694E-01,2.799129E+00,,,3.219499E-01,8.369949E-01,,,2.104447E-01,9.538857E-01,,,3.217687E-01,1.171824E+00,,,2.107713E-01,1.055615E+00,,,1.929742E-01,6.756494E-01,,,1.272699E-01,7.699319E-01,,,1.929741E-01,9.372506E-01,,,1.274164E-01,8.317495E-01,,,2.156879E-01,7.453464E-01,,,1.421548E-01,9.381020E-01,,,2.154389E-01,1.077885E+00,,,1.422241E-01,9.870786E-01
